species,province,year,grid_id,date_source,disc_year,pub_year,lag,longitude,latitude,in_pa,in_pa_national,nearest_pa_name,nearest_pa_level,nearest_pa_type,nearest_pa_year,dist_to_pa_km,ax,ay,prov_geo,grid_id2,in_pa_b0,in_pa_b1_1,in_pa_b3,in_pa_b5,method,cause,method_grp,bio1,bio12,elev,warming_rate,climate_velocity,climate_exposure,event_id,n_year_after,eff_after,redetected,persist3,log_eff_after_z,yr_z,in_pa_i
Abroscopus albogularis,Jiangsu,2017,1281,discovery_date,2017,2019,2,118.55,32.06,FALSE,FALSE,雨花台,local,地质遗迹,1984,59.8272172190843,1256251.37576985,3489052.16137533,Jiangsu,1281,FALSE,FALSE,FALSE,FALSE,"","",unknown,1.55205001831055,1019,28,0.108386098725391,0.0217271318036011,0.0534683116468678,Abroscopus albogularis|Jiangsu|2017,6,6364,1,1,1.10928144307714,0.728678661433813,0
Abroscopus albogularis,Shanghai,2013,,discovery_date,2013,2018,5,121.97,30.88,FALSE,FALSE,上海九段沙湿地国家级自然保护区,national,湿地生态,2000,24.3707625014144,1593127.00795219,3406942.27116725,"",,FALSE,FALSE,FALSE,FALSE,观察拍摄,分布变化,birdwatching,,,,,,,Abroscopus albogularis|Shanghai|2013,6,8311,1,1,1.3623589876252,-0.075066792384974,0
Abroscopus albogularis,Tibet,2016,724,discovery_date,2016,2017,1,95.39,29.41,TRUE,TRUE,西藏雅鲁藏布大峡谷,national,森林生态,1985,0,-921113.857927303,3150100.8041356,Tibet,724,TRUE,TRUE,TRUE,TRUE,观察拍摄,"",birdwatching,0.414900016784668,799,3626,-0.0559222994950152,0.042174245586323,0.0244374209082694,Abroscopus albogularis|Tibet|2016,6,2183,1,1,0.0949684556620752,0.527742297979116,1
Accipiter gularis,Xinjiang,2010,2059,discovery_date,2010,2013,3,88.36,36.47,FALSE,FALSE,新疆阿尔金山国家级自然保护区,national,野生动物,1983,1.04886545272989,-1457264.66774756,4023330.52086095,Tibet,2059,FALSE,TRUE,TRUE,TRUE,"","",unknown,-0.914433288574219,193,5154,0.138596983544164,0.0491553825225537,0.0365092249655955,Accipiter gularis|Xinjiang|2010,0,3592,0,0,0.567040593531273,-0.677875882749064,0
Accipiter soloensis,Gansu,2012,1415,discovery_date,2012,2015,3,106.2,33.7,FALSE,FALSE,甘肃小陇山,national,野生动物,1982,3.55708853558078,109363.875618556,3588708.04130319,Gansu,1415,FALSE,FALSE,FALSE,TRUE,"","",unknown,1.19879999160767,711,1247,0.170586572735392,0.0823993028940886,0.0604800763272079,Accipiter soloensis|Gansu|2012,0,1105,0,0,-0.550235905171422,-0.276003155839671,0
Accipiter soloensis,Heilongjiang,2018,3702,discovery_date,2018,2020,2,125.25,49.09,FALSE,FALSE,茂山林场,local,野生动物,1992,67.3624144286867,1482615.72719973,5468556.14648736,Heilongjiang,3702,FALSE,FALSE,FALSE,FALSE,观察拍摄,"",birdwatching,0.0100500009953976,504,354,0.11804982044742,0.12331782628698,0.0238698217419419,Accipiter soloensis|Heilongjiang|2018,0,233,0,0,-2.02305942438412,0.929615024888509,0
Accipiter soloensis,Inner Mongolia,2020,2165,discovery_date,2020,2023,3,105.66,38.11,FALSE,FALSE,巴丹吉林沙漠湖泊,provincial,湿地生态,1999,26.5883135292869,56838.8071338977,4086500.2952262,Inner Mongolia,2165,FALSE,FALSE,FALSE,FALSE,观察拍摄,分布变化,birdwatching,0.814700031280518,201,1514,0.0422685521945524,0.025231014378407,0.0107402151845823,Accipiter soloensis|Inner Mongolia|2020,0,507,0,0,-1.28800529080477,1.3314877517979,0
Accipiter trivirgatus,Anhui,2006,981,discovery_date,2006,2010,4,117.82,30.23,FALSE,FALSE,古牛绛,national,森林生态,1982,31.7867611093113,1215452.07451153,3276034.8444707,Anhui,981,FALSE,FALSE,FALSE,FALSE,"","",unknown,1.55430002212524,1563,254,0.22778909196967,0.0441725398814915,0.0682618595424368,Accipiter trivirgatus|Anhui|2006,6,1683,1,1,-0.151566203624357,-1.48162133656785,0
Accipiter trivirgatus,Beijing,2013,2557,discovery_date,2013,2013,0,116.17,39.99,FALSE,FALSE,北京百花山,national,森林生态,1985,39.4641603747012,936083.885109144,4351445.42334276,Beijing,2557,FALSE,FALSE,FALSE,FALSE,观察拍摄,分布变化,birdwatching,1.23383331298828,579,48,0.157096469842086,0.0434172833091068,0.0512745911076958,Accipiter trivirgatus|Beijing|2013,5,27313,1,1,2.49050400789462,-0.075066792384974,0
Accipiter trivirgatus,Gansu,2020,1257,discovery_date,2020,2022,2,105.32,32.85,TRUE,FALSE,裕河金丝猴,provincial,野生动物,2002,0,29473.3251705305,3492237.25305554,Gansu,1257,TRUE,TRUE,TRUE,TRUE,"","",unknown,1.33133335113525,779,1130,0.172594181637433,0.0614651285579834,0.0502349422385811,Accipiter trivirgatus|Gansu|2020,0,445,0,0,-1.41143327908057,1.3314877517979,1
Accipiter trivirgatus,Henan,2008,1196,discovery_date,2008,2008,0,114.25,31.95,TRUE,TRUE,河南董寨鸟类,national,野生动物,1982,0,860164.913732805,3430906.71850623,Henan,1196,TRUE,TRUE,TRUE,TRUE,"","",unknown,1.53155002593994,1092,127,0.213808908135841,0.0439882479651097,0.0594135815288783,Accipiter trivirgatus|Henan|2008,12,1564,1,1,-0.221060529498502,-1.07974860965846,1
Accipiter trivirgatus,Liaoning,2017,,discovery_date,2017,2021,4,121.14,38.73,TRUE,TRUE,蛇岛老铁山,national,野生动物,1980,0,1372520.86964502,4268198.51099927,Liaoning,,TRUE,TRUE,TRUE,TRUE,"","",unknown,,,,,,,Accipiter trivirgatus|Liaoning|2017,0,2323,0,0,0.153885586262025,0.728678661433813,1
Accipiter virgatus,Anhui,2011,1202,discovery_date,2011,2012,1,117.12,31.77,FALSE,FALSE,安徽鹞落坪国家级自然保护区,national,森林生态,1991,117.235863897106,1128346.64268288,3439504.91143607,Anhui,1202,FALSE,FALSE,FALSE,FALSE,"","",unknown,1.59158334732056,1137,6,0.22778909196967,0.0441725398814915,0.0682618595424368,Accipiter virgatus|Anhui|2011,7,1658,1,1,-0.165749249509818,-0.476939519294367,0
Acridotheres cristatellus,Jilin,2016,3296,discovery_date,2016,2023,7,125.55,43.8,FALSE,FALSE,吉林伊通火山群国家级自然保护区,national,地质遗迹,1983,53.3300881970432,1625307.01915673,4896683.95119156,Jilin,3296,FALSE,FALSE,FALSE,FALSE,观察和拍摄,"",birdwatching,0.441300010681152,651,217,0.114589651661273,0.073517564422611,0.022873542755,Acridotheres cristatellus|Jilin|2016,0,503,0,0,-1.29550146241193,0.527742297979116,0
Acridotheres tristis,Chongqing,2010,745,discovery_date,2010,2010,0,106.53,29.45,FALSE,FALSE,白市驿,local,野生动物,1998,6.37072704025424,146804.127537466,3111099.48697617,Chongqing,745,FALSE,FALSE,FALSE,FALSE,"","",unknown,1.81695003509521,1164,324,0.0101790158016724,0.0019952400259006,0.00710953190322487,Acridotheres tristis|Chongqing|2010,4,800,1,1,-0.856186775932676,-0.677875882749064,0
Acridotheres tristis,Guizhou,2017,372,discovery_date,2017,2018,1,106.52,26.68,FALSE,FALSE,贵州金沙冷水河,local,森林生态,1992,95.5307167371564,150581.931836075,2801690.65100531,Guizhou,372,FALSE,FALSE,FALSE,FALSE,"","",unknown,1.44686670303345,1132,1297,0.144323990786465,0.0298168180438408,0.0560273132062786,Acridotheres tristis|Guizhou|2017,0,1036,0,0,-0.611320942665041,0.728678661433813,0
Acridotheres tristis,Jiangxi,2019,432,discovery_date,2019,2022,3,115.35,26.3,FALSE,FALSE,江西白云山-螺滩,local,森林生态,2007,52.9912541734883,1027927.33734946,2811888.98418541,Jiangxi,432,FALSE,FALSE,FALSE,FALSE,"","",unknown,1.76336669921875,1628,365,0.316090936826047,0.0555181677950237,0.0727307499262645,Acridotheres tristis|Jiangxi|2019,0,1497,0,0,-0.262551621552548,1.13055138834321,0
Acrocephalus agricola,Inner Mongolia,2020,2849,discovery_date,2020,2023,3,101.12,42.06,TRUE,TRUE,内蒙古额济纳胡杨林,national,荒漠生态,1986,0,-316639.074716939,4538394.11800726,Inner Mongolia,2849,TRUE,TRUE,TRUE,TRUE,观察拍摄,分布变化,birdwatching,0.919016647338867,34,930,0.0422685521945524,0.025231014378407,0.0107402151845823,Acrocephalus agricola|Inner Mongolia|2020,0,507,0,0,-1.28800529080477,1.3314877517979,1
Acrocephalus bistrigiceps,Guizhou,2015,377,discovery_date,2015,2017,2,108.81,26.39,FALSE,FALSE,剑河鹅掌楸,local,野生植物,1986,34.9851564914808,378605.65480606,2775534.54696542,Guizhou,377,FALSE,FALSE,FALSE,FALSE,"","",unknown,1.55930004119873,1267,701,0.144323990786465,0.0298168180438408,0.0560273132062786,Acrocephalus bistrigiceps|Guizhou|2015,1,1100,1,0,-0.554532517733455,0.326805934524419,0
Acrocephalus concinens,Shanghai,2005,1287,discovery_date,2005,2006,1,121.4,31.62,FALSE,FALSE,上海崇明东滩鸟类,national,野生动物,1998,42.5382637324477,1526428.82482636,3480027.81397732,Shanghai,1287,FALSE,FALSE,FALSE,FALSE,网捕,分布变化或缺乏调查,professional_survey,1.55761671066284,1025,4,0.0536895101930057,0.0101659534813005,0.0342461633537944,Acrocephalus concinens|Shanghai|2005,0,8791,0,0,1.41559620898292,-1.68255770002255,0
Acrocephalus tangorum,Hubei,2020,975,discovery_date,2020,2020,0,114.41,30.44,FALSE,FALSE,木兰湖岛湿地,local,湿地生态,1998,29.46322470541,891067.232192032,3263286.70145669,Hubei,975,FALSE,FALSE,FALSE,FALSE,"","",unknown,1.69268341064453,1268,22,0.217144813451741,0.0431056373179286,0.0631284864935155,Acrocephalus tangorum|Hubei|2020,0,1691,0,0,-0.147072068339839,1.3314877517979,0
Aegithalos caudatus,Tianjin,2016,2486,discovery_date,2016,2020,4,117.59,39.3,TRUE,TRUE,天津古海岸与湿地国家级自然保护区,national,海洋海岸,1992,0,1064339.1000684,4288371.19841486,Tianjin,2486,TRUE,TRUE,TRUE,TRUE,观察和拍摄,"",birdwatching,1.25108337402344,559,5,0.101836937794206,0.0236811882055906,0.0626627916789563,Aegithalos caudatus|Tianjin|2016,1,1811,1,0,-0.0820972911648012,0.527742297979116,1
Aegithalos concinnus,Gansu,2017,1799,discovery_date,2017,2020,3,107.67,35.73,FALSE,FALSE,陕西子午岭,national,森林生态,1999,74.7979706433608,237146.927535582,3820475.32275444,Gansu,1799,FALSE,FALSE,FALSE,FALSE,"",分布变化,unknown,0.918533325195312,546,1286,0.170586572735392,0.0823993028940886,0.0604800763272079,Aegithalos concinnus|Gansu|2017,3,931,1,1,-0.712551946098119,0.728678661433813,0
Aegithalos fuliginosus,Hunan,2009,824,publication_minus_median_lag,2011,2010,1,110.6,30.05,TRUE,TRUE,湖南壶瓶山,national,森林生态,1982,0,533265.595681865,3192293.90511788,Hunan,824,TRUE,TRUE,TRUE,TRUE,观察拍摄，标本采集,分布变化,professional_survey,1.57089996337891,1298,413,0.103357874200594,0.0189702283469961,0.0347710350255269,Aegithalos fuliginosus|Hunan|2009,2,1128,1,0,-0.530718439701802,-0.878812246203761,1
Aegithalos fuliginosus,Shanxi,2016,1733,discovery_date,2016,2016,0,111.75,35.27,FALSE,FALSE,山西历山,national,森林生态,1983,16.2692054980184,602670.197075773,3785806.65806096,Shanxi,1733,FALSE,FALSE,FALSE,FALSE,"","",unknown,1.33858337402344,554,463,0.0564238582203988,0.0200895135714721,0.0300524363560955,Aegithalos fuliginosus|Shanxi|2016,0,678,0,0,-1.01287721443139,0.527742297979116,0
Aethopyga christinae,Anhui,2017,909,discovery_date,2017,2018,1,117.48,30,FALSE,FALSE,古牛绛,national,森林生态,1982,1.75416515127222,1186625.22324138,3246320.60264793,Anhui,909,FALSE,FALSE,TRUE,TRUE,"","",unknown,1.59630002975464,1632,232,0.22778909196967,0.0441725398814915,0.0682618595424368,Aethopyga christinae|Anhui|2017,1,1514,1,0,-0.251850921813099,0.728678661433813,0
Aethopyga christinae,Hubei,2003,824,discovery_date,2003,2004,1,110.54,30.07,TRUE,TRUE,五峰后河,national,森林生态,1985,0,527432.838574836,3194213.99377792,Hubei,824,TRUE,TRUE,TRUE,TRUE,"","",unknown,1.57089996337891,1298,413,0.103357874200594,0.0189702283469961,0.0347710350255269,Aethopyga christinae|Hubei|2003,3,2620,1,1,0.267929196973939,-2.08443042693194,1
Aethopyga gouldiae,Henan,2016,1502,discovery_date,2016,2017,1,111.32,33.96,FALSE,FALSE,河南伏牛山,national,森林生态,1982,16.7843327843769,573741.766177215,3635653.80444425,Henan,1502,FALSE,FALSE,FALSE,FALSE,"","",unknown,1.25574998855591,718,965,0.213808908135841,0.0439882479651097,0.0594135815288783,Aethopyga gouldiae|Henan|2016,0,1289,0,0,-0.404305859778414,0.527742297979116,0
Agropsar sturninus,Tibet,2020,866,discovery_date,2020,2023,3,94.81,29.96,TRUE,TRUE,西藏雅鲁藏布大峡谷,national,森林生态,1985,0,-970198.520055016,3216986.30230052,Tibet,866,TRUE,TRUE,TRUE,TRUE,观察和拍摄,"",birdwatching,0.522249984741211,696,3449,-0.0559222994950152,0.042174245586323,0.0244374209082694,Agropsar sturninus|Tibet|2020,0,1394,0,0,-0.330102371284574,1.3314877517979,1
Aix galericulata,Xinjiang,2015,2282,discovery_date,2015,2015,0,82.94,37.26,FALSE,FALSE,新疆中昆仑,provincial,野生动物,2001,172.448077917851,-1905388.84048277,4202786.58061111,Xinjiang,2282,FALSE,FALSE,FALSE,FALSE,"","",unknown,1.1621000289917,32,1438,0.138596983544164,0.0491553825225537,0.0365092249655955,Aix galericulata|Xinjiang|2015,0,3250,0,0,0.472190936301665,0.326805934524419,0
Alauda gulgula,Inner Mongolia,2020,2315,discovery_date,2020,2023,3,101.9,38.99,FALSE,FALSE,民勤连古城,national,荒漠生态,1982,51.221908485964,-263823.731884646,4189887.8807573,Inner Mongolia,2315,FALSE,FALSE,FALSE,FALSE,观察拍摄,分布变化,birdwatching,0.75053334236145,127,1339,0.170586572735392,0.0823993028940886,0.0604800763272079,Alauda gulgula|Inner Mongolia|2020,0,507,0,0,-1.28800529080477,1.3314877517979,0
Alaudala cheleensis,Fujian,2019,,discovery_date,2019,2024,5,117.2,23.66,FALSE,FALSE,南澎列岛,national,海洋海岸,1991,29.8596428864163,1246649.54542518,2542547.50882702,Fujian,,FALSE,FALSE,FALSE,FALSE,观察和拍摄,"",birdwatching,,,,,,,Alaudala cheleensis|Fujian|2019,0,1401,0,0,-0.325355972107452,1.13055138834321,0
Alcedo hercules,Fujian,2006,477,discovery_date,2006,2006,0,117.3,26.51,TRUE,TRUE,福建龙栖山,national,森林生态,1984,0,1217795.48198065,2857152.17774779,Fujian,477,TRUE,TRUE,TRUE,TRUE,观察,分布变化,birdwatching,1.73334999084473,1749,525,0.21065370838633,0.0363119075403054,0.0768936195034331,Alcedo hercules|Fujian|2006,8,2842,1,1,0.345026503696457,-1.48162133656785,1
Amaurornis phoenicurus,Heilongjiang,2008,3555,discovery_date,2008,2010,2,125.12,46.81,FALSE,FALSE,明水湿地,provincial,湿地生态,2007,28.0942602276785,1524046.49049799,5219306.95586471,Heilongjiang,3555,FALSE,FALSE,FALSE,FALSE,观察拍摄,分布变化,birdwatching,0.354199981689453,445,150,0.11804982044742,0.12331782628698,0.0238698217419419,Amaurornis phoenicurus|Heilongjiang|2008,0,464,0,0,-1.37187330617365,-1.07974860965846,0
Amaurornis phoenicurus,Inner Mongolia,2018,2243,discovery_date,2018,2023,5,105.81,38.66,FALSE,FALSE,内蒙古贺兰山,national,森林生态,1992,0.488205100518178,69249.2798052349,4148758.71960064,Inner Mongolia,2243,FALSE,TRUE,TRUE,TRUE,观察拍摄,分布变化,birdwatching,0.877550029754639,187,1294,0.0422685521945524,0.025231014378407,0.0107402151845823,Amaurornis phoenicurus|Inner Mongolia|2018,0,893,0,0,-0.752025234642648,0.929615024888509,0
Amaurornis phoenicurus,Qinghai,2013,1249,discovery_date,2013,2015,2,101.07,32.68,FALSE,FALSE,四川严波也则山,local,野生动物,2001,5.20144373140344,-362633.608274428,3480208.43817795,Qinghai,1249,FALSE,FALSE,FALSE,FALSE,观察拍摄,分布变化,birdwatching,-0.19174998998642,747,4329,0.025943770905657,0.0199916177277117,0.019640334825541,Amaurornis phoenicurus|Qinghai|2013,1,4742,1,0,0.830355861929673,-0.075066792384974,0
Anastomus oscitans,Shaanxi,2020,1339,discovery_date,2020,2021,1,107.53,33.23,FALSE,FALSE,陕西汉中朱鹮,national,野生动物,1983,0.803240054675869,231907.018859385,3537986.95369945,Shaanxi,1339,FALSE,TRUE,TRUE,TRUE,观察拍摄,分布变化,birdwatching,1.38514995574951,828,584,0.192968737556714,0.0548750555002221,0.0571667460837103,Anastomus oscitans|Shaanxi|2020,1,343,1,0,-1.6576750704786,1.3314877517979,0
Anastomus oscitans,Sichuan,2012,547,discovery_date,2012,2018,6,103.09,28.41,FALSE,FALSE,四川美姑大风顶,national,野生动物,1978,13.2665044117042,-185500.77640841,2995335.33034029,Sichuan,547,FALSE,FALSE,FALSE,FALSE,"","",unknown,1.12653331756592,931,2195,0.172594181637433,0.0614651285579834,0.0502349422385811,Anastomus oscitans|Sichuan|2012,5,11448,1,1,1.66599411183213,-0.276003155839671,0
Anser anser,Hainan,2007,17,discovery_date,2007,2009,2,110.58,19.9,FALSE,FALSE,名人山鸟类,local,野生动物,1997,14.264897678754,594463.713559178,2070667.68109964,Hainan,17,FALSE,FALSE,FALSE,FALSE,"","",unknown,2.42029991149902,1731,5,0.172162696920853,0.0227746414362233,0.0529328433991583,Anser anser|Hainan|2007,0,1958,0,0,-0.00813017142107366,-1.28068497311315,0
Anser fabalis,Tibet,2016,724,discovery_date,2016,2016,0,95.83,29.27,FALSE,FALSE,西藏雅鲁藏布大峡谷,national,森林生态,1985,1.17127407193957,-880509.70686514,3130492.81647401,Tibet,724,FALSE,FALSE,TRUE,TRUE,观察拍摄,"",birdwatching,0.414900016784668,799,3626,-0.0559222994950152,0.042174245586323,0.0244374209082694,Anser fabalis|Tibet|2016,1,2183,1,0,0.0949684556620752,0.527742297979116,0
Anser indicus,Chongqing,2006,745,discovery_date,2006,2007,1,106.43,29.84,FALSE,FALSE,重庆缙云山,national,森林生态,1979,0.836875200756305,136580.012006212,3154675.89812808,Chongqing,745,FALSE,TRUE,TRUE,TRUE,观察和拍摄,分布变化,birdwatching,1.81695003509521,1164,324,0.0101790158016724,0.0019952400259006,0.00710953190322487,Anser indicus|Chongqing|2006,1,851,1,0,-0.797654830133946,-1.48162133656785,0
Anser indicus,Henan,2019,1657,discovery_date,2019,2019,0,111.13,34.77,TRUE,TRUE,河南黄河湿地,national,湿地生态,1995,0,550872.714764124,3725845.37853561,Shanxi,1657,TRUE,TRUE,TRUE,TRUE,"","",unknown,1.37550001144409,575,450,0.0564238582203988,0.0200895135714721,0.0300524363560955,Anser indicus|Henan|2019,0,651,0,0,-1.05135437980547,1.13055138834321,1
Anthus godlewskii,Shaanxi,2005,1418,discovery_date,2005,2007,2,107.98,33.53,FALSE,FALSE,陕西佛坪,national,野生动物,1978,5.14781778241233,272128.375276974,3572952.61717597,Shaanxi,1418,FALSE,FALSE,FALSE,FALSE,观察,分布变化,birdwatching,0.81676664352417,823,1736,0.192968737556714,0.0548750555002221,0.0571667460837103,Anthus godlewskii|Shaanxi|2005,5,1901,1,1,-0.0361305812336205,-1.68255770002255,0
Anthus gustavi,Anhui,2020,1202,discovery_date,2020,2024,4,117.26,31.66,FALSE,FALSE,盘台,local,森林生态,2006,114.80549247433,1142839.17146626,3428820.60706694,Anhui,1202,FALSE,FALSE,FALSE,FALSE,观察和拍摄,"",birdwatching,1.59158334732056,1137,6,0.22778909196967,0.0441725398814915,0.0682618595424368,Anthus gustavi|Anhui|2020,0,1033,0,0,-0.614068199352721,1.3314877517979,0
Anthus gustavi,Hubei,2014,900,discovery_date,2014,2015,1,112.72,30.44,FALSE,FALSE,湖北洪湖湿地,provincial,湿地生态,1996,74.1478439083922,731393.083675307,3249477.24786084,Hubei,900,FALSE,FALSE,FALSE,FALSE,"","",unknown,1.6711332321167,1134,32,0.217144813451741,0.0431056373179286,0.0631284864935155,Anthus gustavi|Hubei|2014,0,2466,0,0,0.210509080258939,0.125869571069723,0
Anthus gustavi,Xinjiang,2010,2755,discovery_date,2010,2010,0,93.48,41.22,TRUE,TRUE,新疆罗布泊野骆驼国家级自然保护区,national,荒漠生态,1986,0,-949215.262981119,4492668.49269768,Xinjiang,2755,TRUE,TRUE,TRUE,TRUE,"","",unknown,0.836499977111816,36,1248,0.138596983544164,0.0491553825225537,0.0365092249655955,Anthus gustavi|Xinjiang|2010,0,3592,0,0,0.567040593531273,-0.677875882749064,1
Anthus richardi,Tibet,2016,795,discovery_date,2016,2017,1,95.49,29.66,TRUE,TRUE,西藏雅鲁藏布大峡谷,national,森林生态,1985,0,-908878.315415862,3177071.18510376,Tibet,795,TRUE,TRUE,TRUE,TRUE,观察拍摄,"",birdwatching,0.332750010490418,727,3730,-0.0559222994950152,0.042174245586323,0.0244374209082694,Anthus richardi|Tibet|2016,1,2183,1,0,0.0949684556620752,0.527742297979116,1
Anthus roseatus,Zhejiang,2020,985,discovery_date,2020,2021,1,119.9,30.25,FALSE,FALSE,杏梅尖,local,森林生态,1991,21.9934653510703,1410940.87702774,3305771.43850262,Zhejiang,985,FALSE,FALSE,FALSE,FALSE,"","",unknown,1.57731666564941,1378,157,0.24517462933645,0.0470920804650966,0.0850920271159029,Anthus roseatus|Zhejiang|2020,1,11888,1,0,1.70175417565086,1.3314877517979,0
Aquila fasciata,Liaoning,2015,,discovery_date,2015,2021,6,121.14,38.73,TRUE,TRUE,蛇岛老铁山,national,野生动物,1980,0,1372520.86964502,4268198.51099927,Liaoning,,TRUE,TRUE,TRUE,TRUE,"","",unknown,,,,,,,Aquila fasciata|Liaoning|2015,2,2696,1,0,0.295034396443475,0.326805934524419,1
Aquila fasciata,Shaanxi,2020,1265,discovery_date,2020,2020,0,110.01,32.85,FALSE,FALSE,湖北赛武当,national,森林生态,1987,65.8066227673699,461246.726216111,3503830.16779491,Hubei,1265,FALSE,FALSE,FALSE,FALSE,救助,分布变化,professional_survey,1.38826665878296,951,761,0.192968737556714,0.0548750555002221,0.0571667460837103,Aquila fasciata|Shaanxi|2020,0,343,0,0,-1.6576750704786,1.3314877517979,0
Aquila heliaca,Ningxia,2019,2245,discovery_date,2019,2021,2,106.51,38.55,FALSE,FALSE,宁夏灵武白芨滩,national,荒漠生态,1985,25.2435460834555,129279.867785236,4137027.36002046,Ningxia,2245,FALSE,FALSE,FALSE,FALSE,"","",unknown,0.812049961090088,228,1298,0.0422685521945524,0.025231014378407,0.0107402151845823,Aquila heliaca|Ningxia|2019,0,179,0,0,-2.27184916385367,1.13055138834321,0
Artamus fuscus,Guizhou,2014,254,discovery_date,2014,2015,1,108.02,25.23,TRUE,TRUE,贵州茂兰,national,森林生态,1986,0,304047.100816263,2644085.17276314,Guizhou,254,TRUE,TRUE,TRUE,TRUE,"","",unknown,1.74080009460449,1388,649,0.233121858022171,0.0366689971097029,0.0800731827586212,Artamus fuscus|Guizhou|2014,0,1132,0,0,-0.527364728796347,0.125869571069723,1
Artamus fuscus,Jiangxi,2020,268,discovery_date,2020,2021,1,114.78,24.94,FALSE,FALSE,江西九连山,national,森林生态,1981,43.3629123508434,986349.492880631,2655949.17386891,Jiangxi,268,FALSE,FALSE,FALSE,FALSE,"","",unknown,1.83193340301514,1763,579,0.316090936826047,0.0555181677950237,0.0727307499262645,Artamus fuscus|Jiangxi|2020,0,1355,0,0,-0.356990519495368,1.3314877517979,0
Asio flammeus,Guangxi,2004,,discovery_date,2004,2005,1,107.08,22.14,FALSE,FALSE,广西弄岗,national,森林生态,1978,9.92547046909489,216566.620623879,2300917.49843676,Guangxi,,FALSE,FALSE,FALSE,FALSE,"","",unknown,,,,,,,Asio flammeus|Guangxi|2004,0,3636,0,0,0.578582499199713,-1.88349406347724,0
Aviceda jerdoni,Guangdong,2014,37,discovery_date,2014,2023,9,111.44,21.83,FALSE,FALSE,广东云开山,national,森林生态,2010,45.7841667992617,672305.684780884,2286472.39756354,Guangdong,37,FALSE,FALSE,FALSE,FALSE,观察和拍摄,"",birdwatching,2.30165004730225,1953,47,0.162594727376706,0.0242739372407283,0.0586741474778168,Aviceda jerdoni|Guangdong|2014,2,7906,1,0,1.31499164513543,0.125869571069723,0
Aviceda jerdoni,Hunan,2017,824,discovery_date,2017,2018,1,110.88,29.98,TRUE,TRUE,湖南壶瓶山,national,森林生态,1982,0,560363.311870039,3185995.42069018,Hunan,824,TRUE,TRUE,TRUE,TRUE,观察和拍摄,"",birdwatching,1.57089996337891,1298,413,0.103357874200594,0.0189702283469961,0.0347710350255269,Aviceda jerdoni|Hunan|2017,0,798,0,0,-0.858557429092632,0.728678661433813,1
Aviceda leuphotes,Gansu,2018,1414,discovery_date,2018,2019,1,105.63,33.55,FALSE,FALSE,裕河金丝猴,provincial,野生动物,2002,47.8303357579656,57524.4322532264,3571306.89234799,Gansu,1414,FALSE,FALSE,FALSE,FALSE,"","",unknown,1.17453336715698,644,1343,0.170586572735392,0.0823993028940886,0.0604800763272079,Aviceda leuphotes|Gansu|2018,0,838,0,0,-0.812235117391374,0.929615024888509,0
Aviceda leuphotes,Jiangsu,2006,1360,discovery_date,2006,2010,4,119.07,32.25,FALSE,FALSE,雨花台,local,地质遗迹,1984,7.94189568560821,1301122.53521766,3516938.73526783,Jiangsu,1360,FALSE,FALSE,FALSE,FALSE,"","",unknown,1.52519998550415,980,42,0.108386098725391,0.0217271318036011,0.0534683116468678,Aviceda leuphotes|Jiangsu|2006,12,7314,1,1,1.24119665627062,-1.48162133656785,0
Aviceda leuphotes,Ningxia,2002,1723,discovery_date,2002,2024,22,106.31,35.35,TRUE,TRUE,六盘山,national,森林生态,1982,0,116930.168343278,3775120.89616088,Ningxia,1723,TRUE,TRUE,TRUE,TRUE,"","",unknown,0.636100006103516,544,1983,0.106306392115411,0.0390005142637616,0.0480386607642616,Aviceda leuphotes|Ningxia|2002,0,320,0,0,-1.72329522237127,-2.28536679038664,1
Aviceda leuphotes,Shanxi,2018,1657,discovery_date,2018,2023,5,111.38,35.01,FALSE,FALSE,河南黄河湿地,national,湿地生态,1995,20.3208292539932,571567.892178198,3754311.80830581,Shanxi,1657,FALSE,FALSE,FALSE,FALSE,观察和拍摄,"",birdwatching,1.37550001144409,575,450,0.0564238582203988,0.0200895135714721,0.0300524363560955,Aviceda leuphotes|Shanxi|2018,0,598,0,0,-1.13175073836009,0.929615024888509,0
Aythya nyroca,Fujian,2004,440,discovery_date,2004,2006,2,119.52,25.96,FALSE,FALSE,长乐海蚌,provincial,野生动物,1985,9.43553911615711,1445055.55070731,2826330.12654826,Fujian,440,FALSE,FALSE,FALSE,FALSE,观察,分布变化,birdwatching,1.89680004119873,1378,213,0.21065370838633,0.0363119075403054,0.0768936195034331,Aythya nyroca|Fujian|2004,0,2855,0,0,0.349352670179302,-1.88349406347724,0
Aythya nyroca,Jilin,2010,3487,discovery_date,2010,2012,2,123.88,46.01,FALSE,FALSE,吉林莫莫格,national,湿地生态,1981,1.08522821896814,1448138.94760281,5113332.09236224,Jilin,3487,FALSE,TRUE,TRUE,TRUE,"","",unknown,0.483316659927368,405,131,0.114589651661273,0.073517564422611,0.022873542755,Aythya nyroca|Jilin|2010,3,575,1,1,-1.16887888120984,-0.677875882749064,0
Bombycilla japonica,Gansu,2019,1793,discovery_date,2019,2019,0,104.16,35.94,FALSE,FALSE,甘肃兴隆山,national,森林生态,1986,13.8525590241756,-74415.3376902559,3841332.82006415,Gansu,1793,FALSE,FALSE,FALSE,FALSE,"","",unknown,0.632483339309692,389,2091,0.170586572735392,0.0823993028940886,0.0604800763272079,Bombycilla japonica|Gansu|2019,0,591,0,0,-1.14289750884638,1.13055138834321,0
Bombycilla japonica,Ningxia,2019,2244,discovery_date,2019,2022,3,106.27,38.48,FALSE,FALSE,宁夏灵武白芨滩,national,荒漠生态,1985,19.5307122751196,108834.502987655,4128828.76035506,Ningxia,2244,FALSE,FALSE,FALSE,FALSE,"","",unknown,0.891216659545898,190,1111,0.106306392115411,0.0390005142637616,0.0480386607642616,Bombycilla japonica|Ningxia|2019,1,179,1,0,-2.27184916385367,1.13055138834321,0
Bombycilla japonica,Qinghai,2012,1934,publication_minus_median_lag,2014,2013,1,101.75,36.66,FALSE,FALSE,甘肃连城,national,森林生态,2001,74.4815314641969,-285204.96670585,3927066.48010118,Qinghai,1934,FALSE,FALSE,FALSE,FALSE,"","",unknown,0.407816648483276,422,2596,0.025943770905657,0.0199916177277117,0.019640334825541,Bombycilla japonica|Qinghai|2012,4,4896,1,1,0.860655567979048,-0.276003155839671,0
Branta canadensis,Liaoning,2020,2721,discovery_date,2020,2022,2,123.8,39.83,TRUE,TRUE,辽宁鸭绿江口湿地国家级自然保护区,national,海洋海岸,1997,0,1572814.88033253,4430024.7240469,"",2721,TRUE,TRUE,TRUE,TRUE,"","",unknown,0.972633361816406,837,2,0.241593679938866,0.0863163654593768,0.0709852748416341,Branta canadensis|Liaoning|2020,0,1666,0,0,-0.161187553303923,1.3314877517979,1
Branta canadensis,Tianjin,2014,2486,discovery_date,2014,2017,3,117.43,39.26,FALSE,FALSE,天津古海岸与湿地国家级自然保护区,national,海洋海岸,1992,1.32157691218013,1051448.48157967,4282182.95973706,Tianjin,2486,FALSE,FALSE,TRUE,TRUE,观察拍摄,"",birdwatching,1.25108337402344,559,5,0.101836937794206,0.0236811882055906,0.0626627916789563,Branta canadensis|Tianjin|2014,1,1969,1,0,-0.00282047647346815,0.125869571069723,0
Branta canadensis,Zhejiang,2016,1061,discovery_date,2016,2019,3,120.71,30.2,FALSE,FALSE,杏梅尖,local,森林生态,1991,79.6879935161056,1487902.83907455,3312051.25262022,"",1061,FALSE,FALSE,FALSE,FALSE,"","",unknown,1.60640621185303,1175,68,0.24517462933645,0.0470920804650966,0.0850920271159029,Branta canadensis|Zhejiang|2016,0,14838,0,0,1.91193166839909,0.527742297979116,0
Bubo nipalensis,Chongqing,2018,614,discovery_date,2018,2019,1,107.33,28.83,FALSE,FALSE,重庆金佛山,national,野生植物,1979,7.63929489808253,225182.196295408,3043175.4960621,Chongqing,614,FALSE,FALSE,FALSE,FALSE,观察和拍摄,"",birdwatching,1.35714998245239,1225,1084,0.144323990786465,0.0298168180438408,0.0560273132062786,Bubo nipalensis|Chongqing|2018,0,514,0,0,-1.27502791252303,0.929615024888509,0
Bubo nipalensis,Guangxi,2013,45,discovery_date,2013,2014,1,106.88,22.35,FALSE,FALSE,龙州青龙山,local,森林生态,1982,10.4172181364798,195309.132779299,2323545.01611495,Guangxi,45,FALSE,FALSE,FALSE,FALSE,"","",unknown,2.2046667098999,1363,247,0.233121858022171,0.0366689971097029,0.0800731827586212,Bubo nipalensis|Guangxi|2013,0,3416,0,0,0.519414637296153,-0.075066792384974,0
Bucanetes mongolicus,Heilongjiang,2002,3560,discovery_date,2002,2006,4,128.27,46.43,FALSE,FALSE,黑龙江方正莲花湖,local,野生植物,1998,77.9023169637486,1768394.9992744,5230240.1311317,Heilongjiang,3560,FALSE,FALSE,FALSE,FALSE,环志捕获，标本采集,分布变化,professional_survey,0.21729998588562,590,360,0.11804982044742,0.12331782628698,0.0238698217419419,Bucanetes mongolicus|Heilongjiang|2002,0,468,0,0,-1.3637511085929,-2.28536679038664,0
Bucanetes mongolicus,Sichuan,2014,809,discovery_date,2014,2015,1,102.75,30.06,FALSE,FALSE,四川蜂桶寨,national,野生动物,1975,36.44034550971,-214328.377598663,3180801.12214696,Sichuan,809,FALSE,FALSE,FALSE,FALSE,"","",unknown,1.59400005340576,1451,828,0.172594181637433,0.0614651285579834,0.0502349422385811,Bucanetes mongolicus|Sichuan|2014,0,10389,0,0,1.57395726343632,0.125869571069723,0
Bucanetes mongolicus,Tibet,2012,1522,discovery_date,2012,2014,2,79.71,31.71,FALSE,FALSE,西藏羌塘,national,荒漠生态,1993,210.038156876717,-2336562.42086041,3663012.39077373,Tibet,1522,FALSE,FALSE,FALSE,FALSE,观察拍摄,分布变化,birdwatching,0.123266673088074,396,4213,-0.0559222994950152,0.042174245586323,0.0244374209082694,Bucanetes mongolicus|Tibet|2012,2,2396,1,0,0.183213505796445,-0.276003155839671,0
Butastur indicus,Anhui,2011,1127,discovery_date,2011,2013,2,116.82,31.47,FALSE,FALSE,安徽鹞落坪国家级自然保护区,national,森林生态,1991,74.4754736025965,1104560.35357547,3402620.87786573,Anhui,1127,FALSE,FALSE,FALSE,FALSE,"","",unknown,1.60060005187988,1321,70,0.22778909196967,0.0441725398814915,0.0682618595424368,Butastur indicus|Anhui|2011,6,1658,1,1,-0.165749249509818,-0.476939519294367,0
Cacomantis merulinus,Shaanxi,2015,1418,discovery_date,2015,2016,1,107.5,33.65,TRUE,TRUE,陕西长青,national,野生动物,1994,0,227964.913832852,3585276.2483461,Shaanxi,1418,TRUE,TRUE,TRUE,TRUE,"","",unknown,0.81676664352417,823,1736,0.192968737556714,0.0548750555002221,0.0571667460837103,Cacomantis merulinus|Shaanxi|2015,0,1327,0,0,-0.376776111763359,0.326805934524419,1
Caprimulgus macrurus,Guizhou,2018,373,discovery_date,2018,2019,1,106.8,26.54,FALSE,FALSE,贵州金沙冷水河,local,森林生态,1992,119.530967669469,178600.386548022,2786575.66152114,Guizhou,373,FALSE,FALSE,FALSE,FALSE,"","",unknown,1.46169996261597,1140,1159,0.144323990786465,0.0298168180438408,0.0560273132062786,Caprimulgus macrurus|Guizhou|2018,0,894,0,0,-0.750965133056446,0.929615024888509,0
Carpodacus roborowskii,Xinjiang,2015,2063,discovery_date,2015,2016,1,90.55,36.65,TRUE,TRUE,新疆阿尔金山国家级自然保护区,national,野生动物,1983,0,-1263982.4554559,4013414.62878513,Xinjiang,2063,TRUE,TRUE,TRUE,TRUE,"","",unknown,-0.594199991226196,167,4592,0.138596983544164,0.0491553825225537,0.0365092249655955,Carpodacus roborowskii|Xinjiang|2015,0,3250,0,0,0.472190936301665,0.326805934524419,1
Carpodacus vinaceus,Shandong,2020,1961,discovery_date,2020,2022,2,117.1,36.26,TRUE,FALSE,山东泰山,provincial,森林生态,2006,0,1064899.25474023,3942158.1909752,Shandong,1961,TRUE,TRUE,TRUE,TRUE,"","",unknown,1.30626668930054,708,166,0.231115717790218,0.0517345386028746,0.0617252986181039,Carpodacus vinaceus|Shandong|2020,0,1354,0,0,-0.357690084831483,1.3314877517979,1
Cecropis daurica,Xinjiang,2010,2510,discovery_date,2010,2013,3,88.16,39.03,FALSE,FALSE,新疆罗布泊野骆驼国家级自然保护区,national,荒漠生态,1986,75.7378192186878,-1425765.04800932,4311498.48176005,Xinjiang,2510,FALSE,FALSE,FALSE,FALSE,"","",unknown,1.084850025177,30,811,0.138596983544164,0.0491553825225537,0.0365092249655955,Cecropis daurica|Xinjiang|2010,1,3592,1,0,0.567040593531273,-0.677875882749064,0
Centropus bengalensis,Liaoning,2012,3084,discovery_date,2012,2022,10,124.02,41.87,FALSE,FALSE,大伙房水库水源,provincial,森林生态,1990,1.82937375283036,1547175.10687188,4659460.18601462,Liaoning,3084,FALSE,FALSE,TRUE,TRUE,"","",unknown,0.639116668701172,736,349,0.241593679938866,0.0863163654593768,0.0709852748416341,Centropus bengalensis|Liaoning|2012,0,3371,0,0,0.506843607806585,-0.276003155839671,0
Centropus bengalensis,Zhejiang,2002,986,discovery_date,2002,2003,1,120.27,30.18,FALSE,FALSE,杏梅尖,local,森林生态,1991,38.7729860696567,1446908.00772179,3303330.43578091,Zhejiang,986,FALSE,FALSE,FALSE,FALSE,"","",unknown,1.6511999130249,1323,28,0.24517462933645,0.0470920804650966,0.0850920271159029,Centropus bengalensis|Zhejiang|2002,17,16527,1,1,2.01415139376028,-2.28536679038664,0
Cephalopyrus flammiceps,Guangxi,2012,70,discovery_date,2012,2013,1,106.72,22.8,FALSE,FALSE,广西下雷,provincial,森林生态,1982,5.70790709627619,177832.241201809,2372681.53204248,"",70,FALSE,FALSE,FALSE,FALSE,"","",unknown,2.10294990539551,1511,508,0.233121858022171,0.0366689971097029,0.0800731827586212,Cephalopyrus flammiceps|Guangxi|2012,0,3464,0,0,0.532642552164458,-0.276003155839671,0
Cephalopyrus flammiceps,Hubei,2017,1041,discovery_date,2017,2019,2,110.45,31.52,FALSE,FALSE,湖北神农架,national,森林生态,1986,0.610130481348529,509934.081416503,3356415.29781907,Hubei,1041,FALSE,TRUE,TRUE,TRUE,"","",unknown,1.36809997558594,1202,846,0.217144813451741,0.0431056373179286,0.0631284864935155,Cephalopyrus flammiceps|Hubei|2017,0,2157,0,0,0.0836119035173024,0.728678661433813,0
Certhia himalayana,Qinghai,2013,1249,discovery_date,2013,2014,1,101.05,32.7,FALSE,FALSE,四川严波也则山,local,野生动物,2001,7.99554559502543,-364388.451910024,3482533.74733384,Qinghai,1249,FALSE,FALSE,FALSE,FALSE,观察拍摄,分布变化或缺乏调查,birdwatching,-0.19174998998642,747,4329,0.025943770905657,0.0199916177277117,0.019640334825541,Certhia himalayana|Qinghai|2013,0,4742,0,0,0.830355861929673,-0.075066792384974,0
Certhia tianquanensis,Shaanxi,2004,1496,discovery_date,2004,2005,1,107.8,34.02,FALSE,FALSE,陕西太白山,national,森林生态,1965,2.16433333326812,254136.475947799,3627741.56520978,Shaanxi,1496,FALSE,FALSE,TRUE,TRUE,录音回放和捕捉辨认,重新认定为独立物种,birdwatching,0.679616641998291,744,1922,0.192968737556714,0.0548750555002221,0.0571667460837103,Certhia tianquanensis|Shaanxi|2004,3,1904,1,1,-0.0346360801045751,-1.88349406347724,0
Ceryle rudis,Beijing,2005,2634,discovery_date,2005,2011,6,116.23,40.27,FALSE,FALSE,北京松山,national,森林生态,1986,43.2386552748687,937522.383310539,4383424.15058461,Beijing,2634,FALSE,FALSE,FALSE,FALSE,观察和拍摄,分布变化，调查不足,birdwatching,1.14731664657593,514,83,0.157096469842086,0.0434172833091068,0.0512745911076958,Ceryle rudis|Beijing|2005,4,28925,1,1,2.54487865864966,-1.68255770002255,0
Ceryle rudis,Shaanxi,2019,1576,discovery_date,2019,2020,1,109.01,34.42,FALSE,FALSE,陕西牛背梁,national,野生动物,1988,55.7090375403716,362085.742674731,3676624.70226637,Shaanxi,1576,FALSE,FALSE,FALSE,FALSE,"","",unknown,1.30500001907349,617,429,0.192968737556714,0.0548750555002221,0.0571667460837103,Ceryle rudis|Shaanxi|2019,0,431,0,0,-1.4416765047757,1.13055138834321,0
Cettia brunnifrons,Shaanxi,2018,1496,discovery_date,2018,2018,0,107.8,33.99,TRUE,TRUE,陕西太白山,national,森林生态,1965,0,254231.953959903,3624357.06181994,Shaanxi,1496,TRUE,TRUE,TRUE,TRUE,"","",unknown,0.679616641998291,744,1922,0.192968737556714,0.0548750555002221,0.0571667460837103,Cettia brunnifrons|Shaanxi|2018,0,686,0,0,-1.00177007988718,0.929615024888509,1
Cettia castaneocoronata,Hubei,2020,1041,discovery_date,2020,2021,1,110.29,31.46,TRUE,TRUE,湖北神农架,national,森林生态,1986,0,495337.399564827,3348865.4393374,Hubei,1041,TRUE,TRUE,TRUE,TRUE,"","",unknown,1.36809997558594,1202,846,0.217144813451741,0.0431056373179286,0.0631284864935155,Cettia castaneocoronata|Hubei|2020,0,1691,0,0,-0.147072068339839,1.3314877517979,1
Chalcophaps indica,Hunan,2017,341,discovery_date,2017,2018,1,111.59,25.95,FALSE,FALSE,湖南阳明山,national,森林生态,1984,30.2061213615372,657782.585266944,2741198.31899498,Hunan,341,FALSE,FALSE,FALSE,FALSE,"","",unknown,1.58293333053589,1555,720,0.103357874200594,0.0189702283469961,0.0347710350255269,Chalcophaps indica|Hunan|2017,1,798,1,0,-0.858557429092632,0.728678661433813,0
Chalcophaps indica,Jiangxi,2004,226,discovery_date,2004,2011,7,114.38,24.49,FALSE,FALSE,江西九连山,national,森林生态,1981,2.17920452401146,950829.083801873,2602474.95346034,Guangdong,226,FALSE,FALSE,TRUE,TRUE,"","",unknown,1.90653343200684,1812,479,0.162594727376706,0.0242739372407283,0.0586741474778168,Chalcophaps indica|Jiangxi|2004,0,3426,0,0,0.52218571106855,-1.88349406347724,0
Chalcophaps indica,Zhejiang,2018,639,discovery_date,2018,2019,1,120.14,27.52,FALSE,FALSE,浙江乌岩岭,national,森林生态,1974,38.7904228617865,1479906.93346074,3007208.84956429,Zhejiang,639,FALSE,FALSE,FALSE,FALSE,"","",unknown,1.65273342132568,1586,333,0.24517462933645,0.0470920804650966,0.0850920271159029,Chalcophaps indica|Zhejiang|2018,4,13935,1,1,1.85239660479974,0.929615024888509,0
Charadrius placidus,Hainan,2004,3,discovery_date,2004,2006,2,109.51,18.25,FALSE,FALSE,大东海火岭,local,野生动物,1996,2.19371125558881,488679.719526979,1886239.13684845,Hainan,3,FALSE,FALSE,TRUE,TRUE,"","",unknown,2.5050594329834,1426,124,0.172162696920853,0.0227746414362233,0.0529328433991583,Charadrius placidus|Hainan|2004,3,1999,1,1,0.011511193355236,-1.88349406347724,0
Charadrius veredus,Jilin,2006,3455,discovery_date,2006,2010,4,122.96,46.05,FALSE,FALSE,内蒙古图牧吉,national,野生动物,1996,15.3467654464742,1377561.58414248,5104625.13041643,Jilin,3455,FALSE,FALSE,FALSE,FALSE,"","",unknown,0.559083318710327,422,138,0.114589651661273,0.073517564422611,0.022873542755,Charadrius veredus|Jilin|2006,1,595,1,0,-1.13651189030425,-1.48162133656785,0
Charadrius veredus,Xinjiang,2010,3219,discovery_date,2010,2010,0,90.8,43.9,FALSE,FALSE,新疆西天山,national,森林生态,1983,147.471591856459,-1125690.54880554,4819734.67024209,Xinjiang,3219,FALSE,FALSE,FALSE,FALSE,"","",unknown,0.62868332862854,87,1189,0.138596983544164,0.0491553825225537,0.0365092249655955,Charadrius veredus|Xinjiang|2010,0,3592,0,0,0.567040593531273,-0.677875882749064,0
Charadrius veredus,Yunnan,2016,161,discovery_date,2016,2024,8,101.82,24.03,FALSE,FALSE,云南元江,provincial,森林生态,1989,29.9200100044655,-324402.197207125,2511884.30209577,Yunnan,161,FALSE,FALSE,FALSE,FALSE,观察和拍摄,"",birdwatching,1.72318325042725,950,1618,0.203671072863646,0.0414938965274204,0.0642392426901583,Charadrius veredus|Yunnan|2016,0,9913,0,0,1.52948771596046,0.527742297979116,0
Chlidonias leucopterus,Yunnan,2006,202,discovery_date,2006,2008,2,102.69,24.81,TRUE,FALSE,滇池,provincial,湿地生态,1981,0,-233663.184382257,2595651.50706731,Yunnan,202,TRUE,TRUE,TRUE,TRUE,"","",unknown,1.43251667022705,925,2086,0.203671072863646,0.0414938965274204,0.0642392426901583,Chlidonias leucopterus|Yunnan|2006,2,12577,1,0,1.75517506558072,-1.48162133656785,1
Chlidonias niger,Hubei,2020,975,discovery_date,2020,2021,1,114.41,30.45,FALSE,FALSE,木兰湖岛湿地,local,湿地生态,1998,28.6605135557251,890960.961324037,3264404.55819329,Hubei,975,FALSE,FALSE,FALSE,FALSE,"","",unknown,1.69268341064453,1268,22,0.217144813451741,0.0431056373179286,0.0631284864935155,Chlidonias niger|Hubei|2020,0,1691,0,0,-0.147072068339839,1.3314877517979,0
Chloris ambigua,Guangxi,2004,248,discovery_date,2004,2006,2,105.2,24.97,FALSE,FALSE,广西金钟山,provincial,野生动物,1982,42.8595473825605,20196.6986132794,2610670.97041147,Guangxi,248,FALSE,FALSE,FALSE,FALSE,"","",unknown,1.68446674346924,1266,1275,0.144323990786465,0.0298168180438408,0.0560273132062786,Chloris ambigua|Guangxi|2004,3,3636,1,1,0.578582499199713,-1.88349406347724,0
Chrysolophus pictus,Shanxi,2006,1657,discovery_date,2006,2007,1,111.32,34.97,FALSE,FALSE,河南黄河湿地,national,湿地生态,1995,15.9439083003115,566487.364545657,3749459.00594103,Shanxi,1657,FALSE,FALSE,FALSE,FALSE,观察，标本采集,分布变化,professional_survey,1.37550001144409,575,450,0.0564238582203988,0.0200895135714721,0.0300524363560955,Chrysolophus pictus|Shanxi|2006,0,847,0,0,-0.802117241993069,-1.48162133656785,0
Ciconia boyciana,Ningxia,2017,2014,discovery_date,2017,2018,1,105.72,37.25,FALSE,FALSE,宁夏罗山,national,森林生态,1982,38.3362500743444,62710.9165993847,3989321.15804356,Ningxia,2014,FALSE,FALSE,FALSE,FALSE,"","",unknown,0.782966661453247,249,1730,0.106306392115411,0.0390005142637616,0.0480386607642616,Ciconia boyciana|Ningxia|2017,0,270,0,0,-1.88385691909754,0.728678661433813,0
Ciconia nigra,Tibet,2020,730,discovery_date,2020,2021,1,98.87,29.55,FALSE,FALSE,西藏芒康滇金丝猴,national,野生动物,1993,23.3254025792573,-587134.048721981,3139307.98856979,Tibet,730,FALSE,FALSE,FALSE,FALSE,"","",unknown,0.320466661453247,572,3962,-0.0559222994950152,0.042174245586323,0.0244374209082694,Ciconia nigra|Tibet|2020,1,1394,1,0,-0.330102371284574,1.3314877517979,0
Circaetus gallicus,Guangxi,2015,21,discovery_date,2015,2021,6,109.05,21.45,FALSE,FALSE,合浦营盘港－英罗港儒艮,national,野生动物,1986,15.161457671544,424677.205713611,2231712.48826626,"",21,FALSE,FALSE,FALSE,FALSE,"","",unknown,2.2825439453125,1632,3,0.233121858022171,0.0366689971097029,0.0800731827586212,Circaetus gallicus|Guangxi|2015,0,3117,0,0,0.432581258297214,0.326805934524419,0
Circus spilonotus,Xinjiang,2015,3572,discovery_date,2015,2015,0,86.82,47.78,FALSE,FALSE,新疆阿勒泰科克苏湿地,provincial,湿地生态,2001,60.3082295768912,-1359217.41049575,5296855.07884701,Xinjiang,3572,FALSE,FALSE,FALSE,FALSE,"","",unknown,0.567283344268799,183,478,0.138596983544164,0.0491553825225537,0.0365092249655955,Circus spilonotus|Xinjiang|2015,1,3250,1,0,0.472190936301665,0.326805934524419,0
Cisticola exilis,Hainan,2007,9,discovery_date,2007,2007,0,109.11,19.01,FALSE,FALSE,海南霸王岭,national,野生动物,1980,1.54794710823131,441961.503612473,1966496.18048989,Hainan,9,FALSE,FALSE,TRUE,TRUE,"","",unknown,2.22906665802002,1461,503,0.172162696920853,0.0227746414362233,0.0529328433991583,Cisticola exilis|Hainan|2007,0,1958,0,0,-0.00813017142107366,-1.28068497311315,0
Cisticola juncidis,Liaoning,2006,2721,discovery_date,2006,2006,0,123.62,39.93,TRUE,TRUE,辽宁鸭绿江口湿地国家级自然保护区,national,海洋海岸,1997,0,1555828.2637229,4438281.61575502,Liaoning,2721,TRUE,TRUE,TRUE,TRUE,"","",unknown,0.972633361816406,837,2,0.241593679938866,0.0863163654593768,0.0709852748416341,Cisticola juncidis|Liaoning|2006,9,3744,1,1,0.606330933486037,-1.48162133656785,1
Clamator coromandus,Heilongjiang,2012,3525,discovery_date,2012,2013,1,128.85,45.97,FALSE,FALSE,黑龙江方正莲花湖,local,野生植物,1998,22.3120209474864,1823833.14148777,5190885.72586751,Heilongjiang,3525,FALSE,FALSE,FALSE,FALSE,环志网捕,分布变化,professional_survey,0.28788332939148,562,102,0.11804982044742,0.12331782628698,0.0238698217419419,Clamator coromandus|Heilongjiang|2012,0,431,0,0,-1.4416765047757,-0.276003155839671,0
Clamator coromandus,Liaoning,2015,2721,discovery_date,2015,2022,7,123.63,39.85,TRUE,TRUE,辽宁鸭绿江口湿地国家级自然保护区,national,海洋海岸,1997,0,1558339.36371886,4429562.62546166,"",2721,TRUE,TRUE,TRUE,TRUE,"","",unknown,0.972633361816406,837,2,0.241593679938866,0.0863163654593768,0.0709852748416341,Clamator coromandus|Liaoning|2015,0,2696,0,0,0.295034396443475,0.326805934524419,1
Columba oenas,Inner Mongolia,2014,2849,discovery_date,2014,2017,3,101.15,42.05,TRUE,TRUE,内蒙古额济纳胡杨林,national,荒漠生态,1986,0,-314235.733197649,4537173.33289024,Inner Mongolia,2849,TRUE,TRUE,TRUE,TRUE,观察和拍摄,分布变化,birdwatching,0.919016647338867,34,930,0.0422685521945524,0.025231014378407,0.0107402151845823,Columba oenas|Inner Mongolia|2014,0,1487,0,0,-0.26890302352982,0.125869571069723,1
Copsychus saularis,Guangxi,2005,73,discovery_date,2005,2006,1,108.3,22.85,FALSE,FALSE,广西崇左白头叶猴,national,野生动物,1980,48.2231934275549,340961.264720558,2382307.02581215,Guangxi,73,FALSE,FALSE,FALSE,FALSE,"","",unknown,2.17256660461426,1415,107,0.233121858022171,0.0366689971097029,0.0800731827586212,Copsychus saularis|Guangxi|2005,18,3606,1,1,0.570728278951419,-1.68255770002255,0
Coturnicops exquisitus,Yunnan,2003,279,discovery_date,2003,2004,1,100.35,25.3,FALSE,FALSE,巍宝山,local,森林生态,1988,7.29168900831351,-467689.686094754,2658175.4152692,Yunnan,279,FALSE,FALSE,FALSE,FALSE,"","",unknown,1.48689994812012,818,2197,0.203671072863646,0.0414938965274204,0.0642392426901583,Coturnicops exquisitus|Yunnan|2003,0,12722,0,0,1.76604414720085,-2.08443042693194,0
Crex crex,Yunnan,2011,239,discovery_date,2011,2012,1,100.33,24.9,FALSE,FALSE,青华绿孔雀,provincial,野生动物,1988,25.0234358331065,-471783.874663403,2613996.1022545,Yunnan,239,FALSE,FALSE,FALSE,FALSE,"","",unknown,1.86616668701172,891,1482,0.203671072863646,0.0414938965274204,0.0642392426901583,Crex crex|Yunnan|2011,0,12003,0,0,1.7108824417257,-0.476939519294367,0
Cyanistes cyanus,Jilin,2019,3295,discovery_date,2019,2023,4,125.35,43.83,FALSE,FALSE,吉林伊通火山群国家级自然保护区,national,地质遗迹,1983,46.6703558215015,1609026.81901271,4896722.32851177,Jilin,3295,FALSE,FALSE,FALSE,FALSE,"","",unknown,0.492066669464111,597,219,0.114589651661273,0.073517564422611,0.022873542755,Cyanistes cyanus|Jilin|2019,0,310,0,0,-1.75330597925961,1.13055138834321,0
Cygnus cygnus,Guangxi,2016,,discovery_date,2016,2017,1,108.16,21.58,FALSE,FALSE,广西防城金花茶国家级自然保护区,national,野生植物,1986,17.3760941159484,330936.23817804,2242544.80267786,Guangxi,,FALSE,FALSE,FALSE,FALSE,"","",unknown,,,,,,,Cygnus cygnus|Guangxi|2016,0,3025,0,0,0.404180700996947,0.527742297979116,0
Cygnus olor,Jilin,2009,3373,discovery_date,2009,2010,1,122.55,44.96,TRUE,TRUE,吉林向海,national,湿地生态,1981,0,1367863.29517844,4979107.27651108,Jilin,3373,TRUE,TRUE,TRUE,TRUE,"","",unknown,0.60683331489563,400,165,0.114589651661273,0.073517564422611,0.022873542755,Cygnus olor|Jilin|2009,0,580,0,0,-1.16068297219292,-0.878812246203761,1
Cygnus olor,Shaanxi,2015,1574,discovery_date,2015,2016,1,107.66,34.31,FALSE,FALSE,陕西太白山,national,森林生态,1965,25.1442394091235,240555.823845593,3660115.18716043,Shaanxi,1574,FALSE,FALSE,FALSE,FALSE,观察拍摄,分布变化,birdwatching,1.1949333190918,664,763,0.192968737556714,0.0548750555002221,0.0571667460837103,Cygnus olor|Shaanxi|2015,1,1327,1,0,-0.376776111763359,0.326805934524419,0
Cyornis glaucicomans,Henan,2019,1197,discovery_date,2019,2021,2,114.4,31.81,TRUE,TRUE,河南董寨鸟类,national,野生动物,1982,0,875562.002697085,3416528.50899639,Henan,1197,TRUE,TRUE,TRUE,TRUE,"","",unknown,1.56991662979126,1103,76,0.213808908135841,0.0439882479651097,0.0594135815288783,Cyornis glaucicomans|Henan|2019,0,651,0,0,-1.05135437980547,1.13055138834321,1
Cyornis glaucicomans,Shanxi,2019,1733,discovery_date,2019,2020,1,111.9,35.38,TRUE,TRUE,山西历山,national,森林生态,1983,0,615178.511340845,3799124.90506045,Shanxi,1733,TRUE,TRUE,TRUE,TRUE,"","",unknown,1.33858337402344,554,463,0.0564238582203988,0.0200895135714721,0.0300524363560955,Cyornis glaucicomans|Shanxi|2019,0,391,0,0,-1.53381307570975,1.13055138834321,1
Cyornis rubeculoides,Hunan,2009,824,publication_minus_median_lag,2011,2010,1,110.67,30.07,FALSE,FALSE,湖南壶瓶山,national,森林生态,1982,0.392504221231119,539796.117021114,3194912.7187008,Hubei,824,FALSE,TRUE,TRUE,TRUE,观察拍摄,分布变化,birdwatching,1.57089996337891,1298,413,0.103357874200594,0.0189702283469961,0.0347710350255269,Cyornis rubeculoides|Hunan|2009,0,1128,0,0,-0.530718439701802,-0.878812246203761,0
Delichon dasypus,Henan,2016,1426,discovery_date,2016,2018,2,111.88,33.48,FALSE,FALSE,河南南阳恐龙蛋化石群国家级自然保护区,national,古生物遗迹,1998,1.31677430211392,628251.621692579,3585005.19929937,Henan,1426,FALSE,FALSE,TRUE,TRUE,"","",unknown,1.31653337478638,846,708,0.213808908135841,0.0439882479651097,0.0594135815288783,Delichon dasypus|Henan|2016,0,1289,0,0,-0.404305859778414,0.527742297979116,0
Dendrocitta formosae,Shanghai,2012,,discovery_date,2012,2018,6,121.97,30.93,FALSE,FALSE,上海九段沙湿地国家级自然保护区,national,湿地生态,2000,19.4267886013402,1592171.1945236,3412479.56305388,"",,FALSE,FALSE,FALSE,FALSE,观察拍摄,分布变化,birdwatching,,,,,,,Dendrocitta formosae|Shanghai|2012,5,8400,1,1,1.3724584319265,-0.276003155839671,0
Dendrocopos hyperythrus,Qinghai,2013,1249,discovery_date,2013,2015,2,101.03,32.68,FALSE,FALSE,四川严波也则山,local,野生动物,2001,8.50940965479549,-366322.5780167,3480355.28570706,Qinghai,1249,FALSE,FALSE,FALSE,FALSE,"","",unknown,-0.19174998998642,747,4329,0.025943770905657,0.0199916177277117,0.019640334825541,Dendrocopos hyperythrus|Qinghai|2013,0,4742,0,0,0.830355861929673,-0.075066792384974,0
Dendrocygna javanica,Guizhou,2020,372,discovery_date,2020,2021,1,106.65,26.51,FALSE,FALSE,贵州金沙冷水河,local,森林生态,1992,117.248852445083,163773.928412071,2782979.44567201,Guizhou,372,FALSE,FALSE,FALSE,FALSE,"","",unknown,1.44686670303345,1132,1297,0.144323990786465,0.0298168180438408,0.0560273132062786,Dendrocygna javanica|Guizhou|2020,0,576,0,0,-1.16723402256654,1.3314877517979,0
Dicaeum cruentatum,Jiangxi,2008,226,discovery_date,2008,2011,3,114.38,24.49,FALSE,FALSE,江西九连山,national,森林生态,1981,2.17920452401146,950829.083801873,2602474.95346034,Guangdong,226,FALSE,FALSE,TRUE,TRUE,"","",unknown,1.90653343200684,1812,479,0.162594727376706,0.0242739372407283,0.0586741474778168,Dicaeum cruentatum|Jiangxi|2008,0,3311,0,0,0.489818720162964,-1.07974860965846,0
Dicaeum ignipectus,Henan,2013,1503,discovery_date,2013,2016,3,111.64,33.76,FALSE,FALSE,河南伏牛山,national,森林生态,1982,2.18205071737794,604258.021881116,3615031.1832649,Henan,1503,FALSE,FALSE,TRUE,TRUE,"","",unknown,1.01828336715698,799,1407,0.213808908135841,0.0439882479651097,0.0594135815288783,Dicaeum ignipectus|Henan|2013,0,1458,0,0,-0.287566376112973,-0.075066792384974,0
Dicaeum minullum,Jiangxi,2003,226,discovery_date,2003,2011,8,114.38,24.49,FALSE,FALSE,江西九连山,national,森林生态,1981,2.17920452401146,950829.083801873,2602474.95346034,Guangdong,226,FALSE,FALSE,TRUE,TRUE,"","",unknown,1.90653343200684,1812,479,0.162594727376706,0.0242739372407283,0.0586741474778168,Dicaeum minullum|Jiangxi|2003,0,3432,0,0,0.523844476687031,-2.08443042693194,0
Dicrurus annectens,Tibet,2014,938,discovery_date,2014,2015,1,94.85,30.35,TRUE,TRUE,西藏雅鲁藏布大峡谷,national,森林生态,1985,0,-961936.473017917,3260136.32080963,Tibet,938,TRUE,TRUE,TRUE,TRUE,发现尸体、制成标本,分布变化（游荡）,professional_survey,-0.359299993515015,684,4849,-0.0559222994950152,0.042174245586323,0.0244374209082694,Dicrurus annectens|Tibet|2014,2,2305,1,0,0.14651246321438,0.125869571069723,1
Dicrurus hottentottus,Heilongjiang,2009,3491,discovery_date,2009,2010,1,126.66,45.74,FALSE,FALSE,团山子,local,森林生态,1998,58.5980467840502,1664721.70375343,5127406.11114788,Heilongjiang,3491,FALSE,FALSE,FALSE,FALSE,环志网捕,分布变化,professional_survey,0.424233341217041,518,118,0.11804982044742,0.12331782628698,0.0238698217419419,Dicrurus hottentottus|Heilongjiang|2009,0,455,0,0,-1.39040667989702,-0.878812246203761,0
Dicrurus hottentottus,Qinghai,2013,1933,discovery_date,2013,2015,2,100.81,36.63,FALSE,FALSE,青海湖,national,野生动物,1975,0.0629592016170444,-367794.611708459,3926769.0225045,Qinghai,1933,FALSE,TRUE,TRUE,TRUE,观察拍摄,分布变化,birdwatching,-0.0333833307027817,469,3405,0.025943770905657,0.0199916177277117,0.019640334825541,Dicrurus hottentottus|Qinghai|2013,1,4742,1,0,0.830355861929673,-0.075066792384974,0
Dicrurus remifer,Tibet,2019,723,discovery_date,2019,2019,0,95.34,29.3,TRUE,TRUE,西藏雅鲁藏布大峡谷,national,森林生态,1985,0,-927088.561778274,3138299.27573291,Tibet,723,TRUE,TRUE,TRUE,TRUE,观察和拍摄,"",birdwatching,1.6420166015625,1610,1265,-0.0559222994950152,0.042174245586323,0.0244374209082694,Dicrurus remifer|Tibet|2019,4,1704,1,1,-0.139814223069985,1.13055138834321,1
Egretta eulophotes,Tianjin,2004,,discovery_date,2004,2006,2,117.81,39.26,FALSE,FALSE,天津古海岸与湿地国家级自然保护区,national,海洋海岸,1992,15.0400348331203,1083416.611745,4286268.5967879,Tianjin,,FALSE,FALSE,FALSE,FALSE,整理照片时发现，观察拍摄,分布变化,birdwatching,,,,,,,Egretta eulophotes|Tianjin|2004,1,2115,1,0,0.0649744517576149,-1.88349406347724,0
Egretta garzetta,Tibet,2013,871,discovery_date,2013,2015,2,97.82,30.17,FALSE,FALSE,西藏芒康滇金丝猴,national,野生动物,1993,78.7644638104407,-682516.178285051,3215407.0405983,Tibet,871,FALSE,FALSE,FALSE,FALSE,观察拍摄,分布变化,birdwatching,-0.0997166693210602,598,4761,-0.0559222994950152,0.042174245586323,0.0244374209082694,Egretta garzetta|Tibet|2013,5,2344,1,1,0.162415725673158,-0.075066792384974,0
Elachura formosa,Hubei,2017,759,discovery_date,2017,2019,2,113.85,29.32,FALSE,FALSE,湖北九宫山,national,森林生态,1981,52.3302658908261,849367.328854815,3133283.43158333,Hubei,759,FALSE,FALSE,FALSE,FALSE,"","",unknown,1.71828327178955,1394,103,0.217144813451741,0.0431056373179286,0.0631284864935155,Elachura formosa|Hubei|2017,1,2157,1,0,0.0836119035173024,0.728678661433813,0
Elachura formosa,Tibet,2019,723,discovery_date,2019,2019,0,95.28,29.32,TRUE,TRUE,西藏雅鲁藏布大峡谷,national,森林生态,1985,0,-932609.501140571,3141091.24281442,Tibet,723,TRUE,TRUE,TRUE,TRUE,记录鸣唱，回放鸣唱诱导其中一只从林中跳出,"",birdwatching,1.6420166015625,1610,1265,-0.0559222994950152,0.042174245586323,0.0244374209082694,Elachura formosa|Tibet|2019,3,1704,1,1,-0.139814223069985,1.13055138834321,1
Elanus caeruleus,Beijing,2013,2557,discovery_date,2013,2013,0,116.17,39.99,FALSE,FALSE,北京百花山,national,森林生态,1985,39.4641603747012,936083.885109144,4351445.42334276,Beijing,2557,FALSE,FALSE,FALSE,FALSE,观察拍摄,分布变化,birdwatching,1.23383331298828,579,48,0.157096469842086,0.0434172833091068,0.0512745911076958,Elanus caeruleus|Beijing|2013,8,27313,1,1,2.49050400789462,-0.075066792384974,0
Elanus caeruleus,Henan,2013,1429,discovery_date,2013,2014,1,113.74,33.54,FALSE,FALSE,河南伏牛山,national,森林生态,1982,134.424704237913,797111.512364389,3605105.12098771,Henan,1429,FALSE,FALSE,FALSE,FALSE,"","",unknown,1.50231666564941,832,81,0.213808908135841,0.0439882479651097,0.0594135815288783,Elanus caeruleus|Henan|2013,6,1458,1,1,-0.287566376112973,-0.075066792384974,0
Elanus caeruleus,Liaoning,2019,,discovery_date,2019,2021,2,121.14,38.73,TRUE,TRUE,蛇岛老铁山,national,野生动物,1980,0,1372520.86964502,4268198.51099927,Liaoning,,TRUE,TRUE,TRUE,TRUE,"","",unknown,,,,,,,Elanus caeruleus|Liaoning|2019,0,1865,0,0,-0.0542507651430631,1.13055138834321,1
Elanus caeruleus,Shaanxi,2016,1576,discovery_date,2016,2016,0,109.06,34.44,FALSE,FALSE,陕西牛背梁,national,野生动物,1988,58.0658615130678,366505.708547155,3679064.40719412,Shaanxi,1576,FALSE,FALSE,FALSE,FALSE,观察拍摄,分布变化,birdwatching,1.30500001907349,617,429,0.192968737556714,0.0548750555002221,0.0571667460837103,Elanus caeruleus|Shaanxi|2016,2,1273,1,0,-0.416140781201618,0.527742297979116,0
Elanus caeruleus,Sichuan,2015,363,discovery_date,2015,2016,1,101.89,26.47,FALSE,FALSE,四川攀枝花苏铁,national,野生植物,1983,33.1947156719109,-308792.152536799,2782005.0549967,Sichuan,363,FALSE,FALSE,FALSE,FALSE,"","",unknown,1.54448337554932,852,2100,0.172594181637433,0.0614651285579834,0.0502349422385811,Elanus caeruleus|Sichuan|2015,5,9853,1,1,1.52373136014059,0.326805934524419,0
Elanus caeruleus,Tianjin,2004,2486,discovery_date,2004,2006,2,117.11,39.17,FALSE,FALSE,天津古海岸与湿地国家级自然保护区,national,海洋海岸,1992,27.325539295273,1025753.24328825,4268744.3579543,Tianjin,2486,FALSE,FALSE,FALSE,FALSE,整理照片时发现，观察拍摄,分布变化,birdwatching,1.25108337402344,559,5,0.101836937794206,0.0236811882055906,0.0626627916789563,Elanus caeruleus|Tianjin|2004,8,2115,1,1,0.0649744517576149,-1.88349406347724,0
Emberiza buchanani,Qinghai,2014,1769,discovery_date,2014,2017,3,90.85,35.25,TRUE,TRUE,青海可可西里,national,野生动物,1995,0,-1260393.89808117,3853023.10020321,Qinghai,1769,TRUE,TRUE,TRUE,TRUE,观察拍摄,"",birdwatching,-0.689933347702026,258,4976,0.025943770905657,0.0199916177277117,0.019640334825541,Emberiza buchanani|Qinghai|2014,0,4451,0,0,0.770315390921392,0.125869571069723,1
Emberiza citrinella,Qinghai,2014,1769,discovery_date,2014,2017,3,90.86,35.26,TRUE,TRUE,青海可可西里,national,野生动物,1995,0,-1259348.83519232,3854014.4867319,Qinghai,1769,TRUE,TRUE,TRUE,TRUE,观察拍摄,"",birdwatching,-0.689933347702026,258,4976,0.025943770905657,0.0199916177277117,0.019640334825541,Emberiza citrinella|Qinghai|2014,0,4451,0,0,0.770315390921392,0.125869571069723,1
Emberiza elegans,Qinghai,2014,1790,discovery_date,2014,2017,3,102.67,35.8,TRUE,TRUE,青海循化孟达,national,森林生态,1980,0,-206768.762627438,3827623.02657228,Qinghai,1790,TRUE,TRUE,TRUE,TRUE,观察拍摄,"",birdwatching,0.735166645050049,437,2053,0.025943770905657,0.0199916177277117,0.019640334825541,Emberiza elegans|Qinghai|2014,2,4451,1,0,0.770315390921392,0.125869571069723,1
Emberiza godlewskii,Heilongjiang,2015,3702,discovery_date,2015,2016,1,125.25,49.09,FALSE,FALSE,茂山林场,local,野生动物,1992,67.3624144286867,1482615.72719973,5468556.14648736,Heilongjiang,3702,FALSE,FALSE,FALSE,FALSE,环志点捕获,"",professional_survey,0.0100500009953976,504,354,0.11804982044742,0.12331782628698,0.0238698217419419,Emberiza godlewskii|Heilongjiang|2015,0,336,0,0,-1.67717010479576,0.326805934524419,0
Emberiza godlewskii,Hunan,2009,824,publication_minus_median_lag,2012,2010,1,110.72,30.03,TRUE,TRUE,湖南壶瓶山,national,森林生态,1982,0,544809.41975465,3190705.03591492,Hunan,824,TRUE,TRUE,TRUE,TRUE,观察拍摄,分布变化,birdwatching,1.57089996337891,1298,413,0.103357874200594,0.0189702283469961,0.0347710350255269,Emberiza godlewskii|Hunan|2009,0,1128,0,0,-0.530718439701802,-0.878812246203761,1
Emberiza hortulana,Inner Mongolia,2010,2326,discovery_date,2010,2023,13,108.57,38.98,FALSE,FALSE,内蒙古西鄂尔多斯,national,野生植物,1986,98.5023096508344,303847.331908876,4190102.22507861,Inner Mongolia,2326,FALSE,FALSE,FALSE,FALSE,观察拍摄,分布变化,birdwatching,0.725349998474121,315,1393,0.0422685521945524,0.025231014378407,0.0107402151845823,Emberiza hortulana|Inner Mongolia|2010,0,1606,0,0,-0.195947490355966,-0.677875882749064,0
Emberiza leucocephalos,Anhui,2012,1432,discovery_date,2012,2013,1,115.6,33.25,FALSE,FALSE,上涉湖湿地,local,湿地生态,2006,163.833311703928,969645.92736833,3589100.11210193,Anhui,1432,FALSE,FALSE,FALSE,FALSE,"","",unknown,1.52214994430542,843,38,0.22778909196967,0.0441725398814915,0.0682618595424368,Emberiza leucocephalos|Anhui|2012,0,1642,0,0,-0.174939007878919,-0.276003155839671,0
Emberiza pallasi,Guizhou,2014,410,discovery_date,2014,2014,0,104.25,26.85,TRUE,TRUE,贵州草海,national,湿地生态,1985,0,-74159.5024892757,2819746.25044297,Guizhou,410,TRUE,TRUE,TRUE,TRUE,"","",unknown,0.951833343505859,977,2430,0.144323990786465,0.0298168180438408,0.0560273132062786,Emberiza pallasi|Guizhou|2014,0,1132,0,0,-0.527364728796347,0.125869571069723,1
Emberiza pusilla,Tibet,2013,799,discovery_date,2013,2014,1,97.83,29.69,FALSE,FALSE,西藏芒康滇金丝猴,national,野生动物,1993,49.7967637250681,-685452.548803326,3161633.462001,Tibet,799,FALSE,FALSE,FALSE,FALSE,观察拍摄,分布变化,birdwatching,0.107200002670288,611,4472,-0.0559222994950152,0.042174245586323,0.0244374209082694,Emberiza pusilla|Tibet|2013,7,2344,1,1,0.162415725673158,-0.075066792384974,0
Emberiza siemsseni,Jiangxi,2011,695,discovery_date,2011,2013,2,116.25,28.75,FALSE,FALSE,江西鄱阳湖南矶湿地,national,湿地生态,1997,14.5758046229228,1086039.68833878,3093178.80595,Jiangxi,695,FALSE,FALSE,FALSE,FALSE,"","",unknown,1.77343330383301,1606,19,0.316090936826047,0.0555181677950237,0.0727307499262645,Emberiza siemsseni|Jiangxi|2011,0,3228,0,0,0.465752103864459,-0.476939519294367,0
Emberiza siemsseni,Qinghai,2014,1934,discovery_date,2014,2017,3,101.78,36.6,FALSE,FALSE,甘肃连城,national,森林生态,2001,72.7306833264661,-282793.166500938,3920201.97053567,Qinghai,1934,FALSE,FALSE,FALSE,FALSE,观察拍摄,"",birdwatching,0.407816648483276,422,2596,0.025943770905657,0.0199916177277117,0.019640334825541,Emberiza siemsseni|Qinghai|2014,0,4451,0,0,0.770315390921392,0.125869571069723,0
Emberiza yessoensis,Anhui,2016,1279,discovery_date,2016,2017,1,117.44,32.29,FALSE,FALSE,铁山寺,local,森林生态,1990,111.538754550242,1150667.20341457,3501276.60388799,Anhui,1279,FALSE,FALSE,FALSE,FALSE,"","",unknown,1.54674997329712,1018,66,0.22778909196967,0.0441725398814915,0.0682618595424368,Emberiza yessoensis|Anhui|2016,1,1550,1,0,-0.229581543691116,0.527742297979116,0
Emberiza yessoensis,Hubei,2014,899,discovery_date,2014,2014,0,112.36,30.37,FALSE,FALSE,湖北天鹅洲故道白暨豚国家级自然保护区,national,野生动物,1992,66.7480003695613,697932.836598752,3239048.77425492,Hubei,899,FALSE,FALSE,FALSE,FALSE,"","",unknown,1.66889991760254,1092,29,0.217144813451741,0.0431056373179286,0.0631284864935155,Emberiza yessoensis|Hubei|2014,3,2466,1,1,0.210509080258939,0.125869571069723,0
Emberiza yessoensis,Hunan,2014,624,discovery_date,2014,2016,2,112.9,28.32,FALSE,FALSE,湖南东洞庭湖,national,湿地生态,1984,37.470759129568,767292.161130137,3014033.03129396,Hunan,624,FALSE,FALSE,FALSE,FALSE,"","",unknown,1.75321674346924,1352,30,0.103357874200594,0.0189702283469961,0.0347710350255269,Emberiza yessoensis|Hunan|2014,0,984,0,0,-0.66010475570094,0.125869571069723,0
Enicurus leschenaulti,Inner Mongolia,2014,2171,discovery_date,2014,2015,1,108.85,38.2,FALSE,FALSE,宁夏盐池哈巴湖,national,湿地生态,1998,109.674622452147,331084.65039108,4102904.88570356,Inner Mongolia,2171,FALSE,FALSE,FALSE,FALSE,观察拍摄,分布变化,birdwatching,0.890299987792969,377,1118,0.192968737556714,0.0548750555002221,0.0571667460837103,Enicurus leschenaulti|Inner Mongolia|2014,0,1487,0,0,-0.26890302352982,0.125869571069723,0
Enicurus maculatus,Guizhou,2020,553,discovery_date,2020,2024,4,105.93,28.33,FALSE,FALSE,长江上游珍稀、特有鱼类,national,野生动物,1997,2.4722807148495,90410.3969000484,2985030.59431943,Guizhou,553,FALSE,FALSE,TRUE,TRUE,"","",unknown,1.59204998016357,1060,800,0.144323990786465,0.0298168180438408,0.0560273132062786,Enicurus maculatus|Guizhou|2020,2,576,1,0,-1.16723402256654,1.3314877517979,0
Enicurus maculatus,Zhejiang,2018,638,discovery_date,2018,2018,0,119.67,27.71,TRUE,TRUE,浙江乌岩岭,national,森林生态,1974,0,1431184.05133512,3021282.06332291,Zhejiang,638,TRUE,TRUE,TRUE,TRUE,"","",unknown,1.56426668167114,1706,580,0.24517462933645,0.0470920804650966,0.0850920271159029,Enicurus maculatus|Zhejiang|2018,4,13935,1,1,1.85239660479974,0.929615024888509,1
Enicurus schistaceus,Anhui,2020,910,discovery_date,2020,2024,4,118.2,29.87,FALSE,FALSE,盘台,local,森林生态,2006,57.1234728176159,1256624.8320354,3240718.50445357,Anhui,910,FALSE,FALSE,FALSE,FALSE,观察和拍摄,"",birdwatching,1.59701671600342,1622,230,0.22778909196967,0.0441725398814915,0.0682618595424368,Enicurus schistaceus|Anhui|2020,1,1033,1,0,-0.614068199352721,1.3314877517979,0
Erpornis zantholeuca,Tibet,2019,723,discovery_date,2019,2019,0,95.34,29.3,TRUE,TRUE,西藏雅鲁藏布大峡谷,national,森林生态,1985,0,-927088.561778274,3138299.27573291,Tibet,723,TRUE,TRUE,TRUE,TRUE,观察和拍摄,"",birdwatching,1.6420166015625,1610,1265,-0.0559222994950152,0.042174245586323,0.0244374209082694,Erpornis zantholeuca|Tibet|2019,4,1704,1,1,-0.139814223069985,1.13055138834321,1
Eudynamys scolopaceus,Liaoning,2017,2799,discovery_date,2017,2018,1,120.38,40.55,FALSE,FALSE,辽宁葫芦岛市白狼山,national,森林生态,2001,41.873978063763,1276705.12311902,4461037.44835189,Liaoning,2799,FALSE,FALSE,FALSE,FALSE,"","",unknown,0.878400039672852,563,51,0.241593679938866,0.0863163654593768,0.0709852748416341,Eudynamys scolopaceus|Liaoning|2017,2,2323,1,0,0.153885586262025,0.728678661433813,0
Eudynamys scolopaceus,Shanxi,2019,1733,discovery_date,2019,2020,1,111.92,35.42,TRUE,TRUE,山西历山,national,森林生态,1983,0,616644.005015351,3803757.3615785,Shanxi,1733,TRUE,TRUE,TRUE,TRUE,"","",unknown,1.33858337402344,554,463,0.0564238582203988,0.0200895135714721,0.0300524363560955,Eudynamys scolopaceus|Shanxi|2019,3,391,1,1,-1.53381307570975,1.13055138834321,1
Eudynamys scolopaceus,Tibet,2015,1070,discovery_date,2015,2016,1,86.6,30.53,FALSE,FALSE,西藏色林错黑颈鹤,national,野生动物,1993,139.839109696245,-1733139.85952632,3392198.81929279,Tibet,1070,FALSE,FALSE,FALSE,FALSE,"观察并拍摄, 听到过叫声","",birdwatching,-0.0437999993562698,183,5005,-0.0559222994950152,0.042174245586323,0.0244374209082694,Eudynamys scolopaceus|Tibet|2015,0,2241,0,0,0.119822623411259,0.326805934524419,0
Eumyias thalassinus,Gansu,2019,1257,discovery_date,2019,2020,1,105.38,32.87,TRUE,FALSE,裕河金丝猴,provincial,野生动物,2002,0,34990.9202120126,3494511.06766298,Gansu,1257,TRUE,TRUE,TRUE,TRUE,观察拍摄,分布变化,birdwatching,1.33133335113525,779,1130,0.172594181637433,0.0614651285579834,0.0502349422385811,Eumyias thalassinus|Gansu|2019,0,591,0,0,-1.14289750884638,1.13055138834321,1
Eumyias thalassinus,Hainan,2018,6,discovery_date,2018,2019,1,109.68,18.86,FALSE,FALSE,海南五指山,national,森林生态,1985,0.208384063336821,503978.377345519,1952980.56505613,Hainan,6,FALSE,TRUE,TRUE,TRUE,"","",unknown,2.46555004119873,1487,144,0.172162696920853,0.0227746414362233,0.0529328433991583,Eumyias thalassinus|Hainan|2018,5,1508,1,1,-0.255613866314912,0.929615024888509,0
Eumyias thalassinus,Inner Mongolia,2019,2243,discovery_date,2019,2023,4,105.81,38.66,FALSE,FALSE,内蒙古贺兰山,national,森林生态,1992,0.488205100518178,69249.2798052349,4148758.71960064,Inner Mongolia,2243,FALSE,TRUE,TRUE,TRUE,观察拍摄,分布变化,birdwatching,0.877550029754639,187,1294,0.0422685521945524,0.025231014378407,0.0107402151845823,Eumyias thalassinus|Inner Mongolia|2019,0,668,0,0,-1.02694662341897,1.13055138834321,0
Eumyias thalassinus,Jiangsu,2016,1285,discovery_date,2016,2019,3,120.4,31.99,FALSE,FALSE,镇江长江豚类,provincial,野生动物,2002,45.2520529307699,1427692.43396743,3506261.35474511,"",1285,FALSE,FALSE,FALSE,FALSE,"","",unknown,1.55939998626709,980,6,0.108386098725391,0.0217271318036011,0.0534683116468678,Eumyias thalassinus|Jiangsu|2016,2,6614,1,0,1.14581372554112,0.527742297979116,0
Eumyias thalassinus,Qinghai,2017,1790,discovery_date,2017,2019,2,102.68,35.81,TRUE,TRUE,青海循化孟达,national,森林生态,1980,0,-205855.099815238,3828732.00353085,Qinghai,1790,TRUE,TRUE,TRUE,TRUE,"","",unknown,0.735166645050049,437,2053,0.025943770905657,0.0199916177277117,0.019640334825541,Eumyias thalassinus|Qinghai|2017,0,3479,0,0,0.536738717367909,0.728678661433813,1
Eumyias thalassinus,Tianjin,2018,2414,discovery_date,2018,2018,0,117.47,38.71,FALSE,FALSE,河北南大港湿地和鸟类,provincial,湿地生态,1995,16.8067122970505,1062599.89129422,4220947.95155963,Tianjin,2414,FALSE,FALSE,FALSE,FALSE,观察和拍摄,"",birdwatching,1.27321662902832,533,3,0.101836937794206,0.0236811882055906,0.0626627916789563,Eumyias thalassinus|Tianjin|2018,0,1626,0,0,-0.184218698033579,0.929615024888509,0
Falco severus,Tibet,2013,723,discovery_date,2013,2014,1,95.28,29.32,TRUE,TRUE,西藏雅鲁藏布大峡谷,national,森林生态,1985,0,-932609.501140571,3141091.24281442,Tibet,723,TRUE,TRUE,TRUE,TRUE,观察拍摄,分布变化,birdwatching,1.6420166015625,1610,1265,-0.0559222994950152,0.042174245586323,0.0244374209082694,Falco severus|Tibet|2013,6,2344,1,1,0.162415725673158,-0.075066792384974,1
Ficedula albicilla,Tibet,2016,723,discovery_date,2016,2017,1,95.16,29.25,TRUE,TRUE,西藏雅鲁藏布大峡谷,national,森林生态,1985,0,-944861.671382213,3134421.9469688,Tibet,723,TRUE,TRUE,TRUE,TRUE,观察拍摄,"",birdwatching,1.6420166015625,1610,1265,-0.0559222994950152,0.042174245586323,0.0244374209082694,Ficedula albicilla|Tibet|2016,0,2183,0,0,0.0949684556620752,0.527742297979116,1
Ficedula elisae,Hunan,2019,567,discovery_date,2019,2021,2,113,28.21,FALSE,FALSE,湖南东洞庭湖,national,湿地生态,1984,51.1642850604904,777973.445675048,3002556.03387291,Hunan,567,FALSE,FALSE,FALSE,FALSE,"","",unknown,1.73678340911865,1421,81,0.103357874200594,0.0189702283469961,0.0347710350255269,Ficedula elisae|Hunan|2019,0,552,0,0,-1.20752018439889,1.13055138834321,0
Ficedula elisae,Jiangxi,2010,429,discovery_date,2010,2012,2,114.16,26.57,TRUE,TRUE,江西井冈山,national,森林生态,1981,0,907330.741203709,2830181.46848987,Jiangxi,429,TRUE,TRUE,TRUE,TRUE,观察拍摄,缺乏调查,birdwatching,1.45830001831055,1680,840,0.316090936826047,0.0555181677950237,0.0727307499262645,Ficedula elisae|Jiangxi|2010,0,3240,0,0,0.46926961307284,-0.677875882749064,1
Ficedula elisae,Shanghai,2013,1287,discovery_date,2013,2018,5,121.48,31.72,FALSE,FALSE,上海崇明东滩鸟类,national,野生动物,1998,40.452799228092,1531947.15773724,3492358.80487252,Jiangsu,1287,FALSE,FALSE,FALSE,FALSE,观察拍摄,分布变化,birdwatching,1.55761671066284,1025,4,0.0536895101930057,0.0101659534813005,0.0342461633537944,Ficedula elisae|Shanghai|2013,0,8311,0,0,1.3623589876252,-0.075066792384974,0
Ficedula erithacus,Hebei,2015,2335,discovery_date,2015,2016,1,113.83,38.75,TRUE,TRUE,河北驼梁,national,森林生态,2001,0,753012.717409988,4192155.92908746,Hebei,2335,TRUE,TRUE,TRUE,TRUE,"","",unknown,0.758916664123535,447,1071,0.325590305177595,0.0981936742313489,0.0923150000809967,Ficedula erithacus|Hebei|2015,5,4207,1,1,0.716865764202093,0.326805934524419,1
Ficedula hyperythra,Chongqing,2007,680,discovery_date,2007,2009,2,108.89,29.32,FALSE,FALSE,黔江小南海湿地,local,湿地生态,2011,34.1212521701289,373736.976791139,3102724.31918056,Chongqing,680,FALSE,FALSE,FALSE,FALSE,观察和拍摄,分布变化,birdwatching,1.44141664505005,1376,911,0.0101790158016724,0.0019952400259006,0.00710953190322487,Ficedula hyperythra|Chongqing|2007,1,842,1,0,-0.807724950648358,-1.28068497311315,0
Ficedula hyperythra,Hunan,2017,824,discovery_date,2017,2022,5,110.57,30.05,TRUE,TRUE,湖南壶瓶山,national,森林生态,1982,0,530411.821762033,3192133.1975172,Hunan,824,TRUE,TRUE,TRUE,TRUE,"","",unknown,1.57089996337891,1298,413,0.103357874200594,0.0189702283469961,0.0347710350255269,Ficedula hyperythra|Hunan|2017,0,798,0,0,-0.858557429092632,0.728678661433813,1
Ficedula hyperythra,Shaanxi,2006,1418,discovery_date,2006,2007,1,107.98,33.53,FALSE,FALSE,陕西佛坪,national,野生动物,1978,5.14781778241233,272128.375276974,3572952.61717597,Shaanxi,1418,FALSE,FALSE,FALSE,FALSE,观察,分布变化,birdwatching,0.81676664352417,823,1736,0.192968737556714,0.0548750555002221,0.0571667460837103,Ficedula hyperythra|Shaanxi|2006,0,1862,0,0,-0.0557765269687691,-1.48162133656785,0
Ficedula mugimaki,Guizhou,2017,372,discovery_date,2017,2019,2,106.68,26.54,FALSE,FALSE,贵州金沙冷水河,local,森林生态,1992,115.032020931001,166694.87120043,2786366.98329662,Guizhou,372,FALSE,FALSE,FALSE,FALSE,"","",unknown,1.44686670303345,1132,1297,0.144323990786465,0.0298168180438408,0.0560273132062786,Ficedula mugimaki|Guizhou|2017,0,1036,0,0,-0.611320942665041,0.728678661433813,0
Ficedula strophiata,Beijing,2015,2557,discovery_date,2015,2017,2,116.4,39.95,FALSE,FALSE,北京百花山,national,森林生态,1985,57.8880112203743,955792.252582835,4349149.12718674,Beijing,2557,FALSE,FALSE,FALSE,FALSE,观察拍摄,"",birdwatching,1.23383331298828,579,48,0.157096469842086,0.0434172833091068,0.0512745911076958,Ficedula strophiata|Beijing|2015,0,26196,0,0,2.45090986223482,0.326805934524419,0
Ficedula superciliaris,Hubei,2019,1115,discovery_date,2019,2020,1,110.45,31.72,FALSE,FALSE,湖北神农架,national,森林生态,1986,21.0126764689331,508699.368662167,3378885.01820912,Hubei,1115,FALSE,FALSE,FALSE,FALSE,"","",unknown,1.11496667861938,1161,1365,0.217144813451741,0.0431056373179286,0.0631284864935155,Ficedula superciliaris|Hubei|2019,0,1819,0,0,-0.0779199241884166,1.13055138834321,0
Ficedula tricolor,Hunan,2012,824,discovery_date,2012,2014,2,110.65,30.07,TRUE,TRUE,湖南壶瓶山,national,森林生态,1982,0,537894.133893665,3194804.16886484,Hubei,824,TRUE,TRUE,TRUE,TRUE,观察拍摄，记录鸣声，网捕,分布变化,professional_survey,1.57089996337891,1298,413,0.103357874200594,0.0189702283469961,0.0347710350255269,Ficedula tricolor|Hunan|2012,0,1013,0,0,-0.632589506310119,-0.276003155839671,1
Ficedula tricolor,Inner Mongolia,2007,3236,discovery_date,2007,2009,2,118.72,44.22,FALSE,FALSE,乌兰坝—石棚沟,provincial,森林生态,1997,4.90937424980032,1082940.84488771,4849938.62426232,Inner Mongolia,3236,FALSE,FALSE,FALSE,TRUE,观察和拍摄,分布变化,birdwatching,0.247583317756653,398,1212,0.0422685521945524,0.025231014378407,0.0107402151845823,Ficedula tricolor|Inner Mongolia|2007,0,1634,0,0,-0.179567501608013,-1.28068497311315,0
Ficedula tricolor,Qinghai,2017,1790,discovery_date,2017,2019,2,102.68,35.8,TRUE,TRUE,青海循化孟达,national,森林生态,1980,0,-205881.504929811,3827602.24457175,Qinghai,1790,TRUE,TRUE,TRUE,TRUE,"","",unknown,0.735166645050049,437,2053,0.025943770905657,0.0199916177277117,0.019640334825541,Ficedula tricolor|Qinghai|2017,4,3479,1,1,0.536738717367909,0.728678661433813,1
Fringilla coelebs,Gansu,2020,2381,discovery_date,2020,2024,4,98.17,39.07,FALSE,FALSE,甘肃祁连山,national,森林生态,1987,1.01795192555275,-580277.866637254,4214776.25126797,Gansu,2381,FALSE,TRUE,TRUE,TRUE,"","",unknown,-0.40203332901001,306,4098,0.170586572735392,0.0823993028940886,0.0604800763272079,Fringilla coelebs|Gansu|2020,0,445,0,0,-1.41143327908057,1.3314877517979,0
Fringilla coelebs,Hunan,2017,754,discovery_date,2017,2023,6,111.18,29.5,FALSE,FALSE,张家界大鲵国家级自然保护区,national,野生动物,1996,55.7245523233202,592265.535011296,3134011.49190212,Hunan,754,FALSE,FALSE,FALSE,FALSE,观察和拍摄,"",birdwatching,1.60496673583984,1300,315,0.103357874200594,0.0189702283469961,0.0347710350255269,Fringilla coelebs|Hunan|2017,0,798,0,0,-0.858557429092632,0.728678661433813,0
Fringilla coelebs,Qinghai,2015,2008,discovery_date,2015,2017,2,102.23,37.16,FALSE,FALSE,甘肃祁连山,national,森林生态,1987,22.4930515255806,-241517.476013882,3982289.04375095,Qinghai,2008,FALSE,FALSE,FALSE,FALSE,观察拍摄,"",birdwatching,-0.0186999931931496,458,3088,0.025943770905657,0.0199916177277117,0.019640334825541,Fringilla coelebs|Qinghai|2015,1,4387,1,0,0.756584678330531,0.326805934524419,0
Fringilla coelebs,Yunnan,2016,275,discovery_date,2016,2017,1,98.74,25.27,TRUE,TRUE,云南高黎贡山,national,森林生态,1983,0,-629643.522676757,2663751.9646757,Yunnan,275,TRUE,TRUE,TRUE,TRUE,观察拍摄,"",birdwatching,1.49828338623047,1423,1953,0.203671072863646,0.0414938965274204,0.0642392426901583,Fringilla coelebs|Yunnan|2016,0,9913,0,0,1.52948771596046,0.527742297979116,1
Fringilla montifringilla,Ningxia,2010,2245,discovery_date,2010,2011,1,106.63,38.55,FALSE,FALSE,宁夏灵武白芨滩,national,荒漠生态,1985,30.3846223012492,139552.87540782,4137189.82833789,Ningxia,2245,FALSE,FALSE,FALSE,FALSE,"","",unknown,0.812049961090088,228,1298,0.0422685521945524,0.025231014378407,0.0107402151845823,Fringilla montifringilla|Ningxia|2010,3,313,1,1,-1.74420260595236,-0.677875882749064,0
Galerida cristata,Heilongjiang,2006,3555,discovery_date,2006,2010,4,124.65,47.02,FALSE,FALSE,明水湿地,provincial,湿地生态,2007,48.0965106494462,1484324.738463,5235072.52870591,Heilongjiang,3555,FALSE,FALSE,FALSE,FALSE,观察拍摄,分布变化,birdwatching,0.354199981689453,445,150,0.11804982044742,0.12331782628698,0.0238698217419419,Galerida cristata|Heilongjiang|2006,0,465,0,0,-1.36983622532559,-1.48162133656785,0
Gallicrex cinerea,Gansu,2017,1873,discovery_date,2017,2020,3,108.53,36.08,FALSE,FALSE,陕西子午岭,national,森林生态,1999,15.4902967385773,312096.984687708,3862389.34743677,Gansu,1873,FALSE,FALSE,FALSE,FALSE,救助标本采集,缺乏调查,professional_survey,0.832450008392334,495,1380,0.170586572735392,0.0823993028940886,0.0604800763272079,Gallicrex cinerea|Gansu|2017,0,931,0,0,-0.712551946098119,0.728678661433813,0
Garrulax monileger,Hubei,2015,1041,discovery_date,2015,2016,1,110.48,31.32,FALSE,FALSE,湖北神农架,national,森林生态,1986,7.85334673692884,513979.31743531,3334107.69565908,Hubei,1041,FALSE,FALSE,FALSE,FALSE,"","",unknown,1.36809997558594,1202,846,0.217144813451741,0.0431056373179286,0.0631284864935155,Garrulax monileger|Hubei|2015,2,2423,1,0,0.19383508160326,0.326805934524419,0
Garrulax monileger,Jiangsu,2007,1282,discovery_date,2007,2009,2,118.84,32.07,FALSE,FALSE,雨花台,local,地质遗迹,1984,35.0947942954255,1282808.93831972,3493875.72866149,Jiangsu,1282,FALSE,FALSE,FALSE,FALSE,"","",unknown,1.54846668243408,1050,33,0.108386098725391,0.0217271318036011,0.0534683116468678,Garrulax monileger|Jiangsu|2007,11,7302,1,1,1.23963979051645,-1.28068497311315,0
Garrulax monileger,Shaanxi,2020,1263,discovery_date,2020,2020,0,108.71,32.67,FALSE,FALSE,重庆大巴山,national,野生植物,1979,55.9513120804461,342385.339825206,3478301.22637873,Shaanxi,1263,FALSE,FALSE,FALSE,FALSE,观察拍摄,分布变化,birdwatching,1.35325002670288,949,782,0.192968737556714,0.0548750555002221,0.0571667460837103,Garrulax monileger|Shaanxi|2020,1,343,1,0,-1.6576750704786,1.3314877517979,0
Gavia arctica,Shaanxi,2017,1577,discovery_date,2017,2018,1,109.15,34.43,FALSE,FALSE,陕西黄龙铺－石门地质剖面,provincial,地质遗迹,1987,56.4236719928598,374672.719710226,3678272.26309802,Shaanxi,1577,FALSE,FALSE,FALSE,FALSE,观察拍摄,分布变化,birdwatching,1.30729999542236,608,528,0.192968737556714,0.0548750555002221,0.0571667460837103,Gavia arctica|Shaanxi|2017,0,1012,0,0,-0.63352513615425,0.728678661433813,0
Gelochelidon nilotica,Hubei,2018,975,discovery_date,2018,2021,3,114.36,30.65,FALSE,FALSE,木兰湖岛湿地,local,湿地生态,1998,12.6189402538308,884126.345971724,3286319.60041405,Hubei,975,FALSE,FALSE,FALSE,FALSE,"","",unknown,1.69268341064453,1268,22,0.217144813451741,0.0431056373179286,0.0631284864935155,Gelochelidon nilotica|Hubei|2018,0,2006,0,0,0.0148243114701059,0.929615024888509,0
Gelochelidon nilotica,Hunan,2020,567,discovery_date,2020,2020,0,113.24,28.18,FALSE,FALSE,湖南东洞庭湖,national,湿地生态,1984,63.7795896587046,801537.746576851,3001123.8669955,Hunan,567,FALSE,FALSE,FALSE,FALSE,"","",unknown,1.73678340911865,1421,81,0.103357874200594,0.0189702283469961,0.0347710350255269,Gelochelidon nilotica|Hunan|2020,0,489,0,0,-1.32221479989864,1.3314877517979,0
Geokichla citrina,Chongqing,2008,893,discovery_date,2008,2009,1,109,30.67,FALSE,FALSE,湖北星斗山,national,森林生态,1981,53.5232580310938,378199.213103745,3254478.30707603,Chongqing,893,FALSE,FALSE,FALSE,FALSE,观察和拍摄,分布变化,birdwatching,1.10170001983643,1419,1533,0.217144813451741,0.0431056373179286,0.0631284864935155,Geokichla citrina|Chongqing|2008,4,825,1,1,-0.827043093992728,-1.07974860965846,0
Geokichla citrina,Jiangxi,2017,634,discovery_date,2017,2018,1,117.66,27.84,FALSE,FALSE,江西武夷山,national,森林生态,1981,0.202154019654364,1234394.97876022,3008674.1236755,Jiangxi,634,FALSE,TRUE,TRUE,TRUE,"","",unknown,1.71494998931885,1817,404,0.316090936826047,0.0555181677950237,0.0727307499262645,Geokichla citrina|Jiangxi|2017,0,2581,0,0,0.253713220547505,0.728678661433813,0
Glaucidium cuculoides,Beijing,2006,2557,discovery_date,2006,2008,2,116.37,39.91,FALSE,FALSE,北京百花山,national,森林生态,1985,55.1793864013369,953804.206242261,4344373.26293183,Beijing,2557,FALSE,FALSE,FALSE,FALSE,救助，市民发现的受困野生动物,分布变化,professional_survey,1.23383331298828,579,48,0.157096469842086,0.0434172833091068,0.0512745911076958,Glaucidium cuculoides|Beijing|2006,0,28871,0,0,2.5431067600897,-1.48162133656785,0
Gorsachius melanolophus,Jiangsu,2019,1747,discovery_date,2019,2019,0,119.37,34.75,FALSE,FALSE,江苏云台山森林,provincial,森林生态,1981,6.21787448406946,1288000.19651907,3799951.07927252,Jiangsu,1747,FALSE,FALSE,FALSE,FALSE,"","",unknown,1.38411664962769,815,0,0.108386098725391,0.0217271318036011,0.0534683116468678,Gorsachius melanolophus|Jiangsu|2019,0,5355,0,0,0.945614664628931,1.13055138834321,0
Gorsachius melanolophus,Shandong,2018,2037,discovery_date,2018,2019,1,118.45,36.68,FALSE,FALSE,引黄济清渠首鸟类,local,野生动物,1992,67.3186051792863,1176607.50523257,4004480.95459265,Shandong,2037,FALSE,FALSE,FALSE,FALSE,"","",unknown,1.22443332672119,739,260,0.231115717790218,0.0517345386028746,0.0617252986181039,Gorsachius melanolophus|Shandong|2018,0,1579,0,0,-0.212015048158221,0.929615024888509,0
Gracupica nigricollis,Anhui,2007,980,discovery_date,2007,2010,3,117.22,30.37,FALSE,FALSE,安徽升金湖,national,湿地生态,1986,1.47482164549765,1156931.75752002,3284457.6174658,Anhui,980,FALSE,FALSE,TRUE,TRUE,"","",unknown,1.65186672210693,1507,51,0.22778909196967,0.0441725398814915,0.0682618595424368,Gracupica nigricollis|Anhui|2007,12,1683,1,1,-0.151566203624357,-1.28068497311315,0
Gracupica nigricollis,Chongqing,2006,745,discovery_date,2006,2006,0,106.5,29.51,FALSE,FALSE,白市驿,local,野生动物,1998,4.0677524812887,143824.24255372,3117779.25821798,Chongqing,745,FALSE,FALSE,FALSE,TRUE,观察,分布变化,birdwatching,1.81695003509521,1164,324,0.0101790158016724,0.0019952400259006,0.00710953190322487,Gracupica nigricollis|Chongqing|2006,4,851,1,1,-0.797654830133946,-1.48162133656785,0
Gracupica nigricollis,Hainan,2005,17,discovery_date,2005,2006,1,110.59,19.97,FALSE,FALSE,名人山鸟类,local,野生动物,1997,12.1934551005328,595099.467739183,2078329.33454234,"",17,FALSE,FALSE,FALSE,FALSE,"","",unknown,2.42029991149902,1731,5,0.172162696920853,0.0227746414362233,0.0529328433991583,Gracupica nigricollis|Hainan|2005,11,1991,1,1,0.00771054389824581,-1.68255770002255,0
Grandala coelicolor,Chongqing,2007,678,discovery_date,2007,2009,2,107.57,29.27,FALSE,FALSE,重庆金佛山,national,野生植物,1979,18.2306239583129,247096.796269673,3092998.39038145,Chongqing,678,FALSE,FALSE,FALSE,FALSE,观察和拍摄,分布变化,birdwatching,1.01418333053589,1347,1702,0.0101790158016724,0.0019952400259006,0.00710953190322487,Grandala coelicolor|Chongqing|2007,0,842,0,0,-0.807724950648358,-1.28068497311315,0
Gypaetus barbatus,Chongqing,2007,679,discovery_date,2007,2010,3,107.86,28.98,FALSE,FALSE,贵州沿河麻阳河,national,野生动物,1987,32.9201382528957,275907.429409635,3061297.52860965,Guizhou,679,FALSE,FALSE,FALSE,FALSE,检查照片，村民拍摄,分布变化,birdwatching,1.58676662445068,1280,635,0.0101790158016724,0.0019952400259006,0.00710953190322487,Gypaetus barbatus|Chongqing|2007,0,842,0,0,-0.807724950648358,-1.28068497311315,0
Gyps himalayensis,Guangxi,2013,21,discovery_date,2013,2013,0,109.08,21.44,FALSE,FALSE,合浦营盘港－英罗港儒艮,national,野生动物,1986,15.8442041871064,427866.152453536,2230748.01113415,Guangxi,21,FALSE,FALSE,FALSE,FALSE,"","",unknown,2.2825439453125,1632,3,0.233121858022171,0.0366689971097029,0.0800731827586212,Gyps himalayensis|Guangxi|2013,0,3416,0,0,0.519414637296153,-0.075066792384974,0
Gyps himalayensis,Liaoning,2002,3016,discovery_date,2002,2003,1,121.02,42.05,FALSE,FALSE,辽宁北票大黑山,provincial,森林生态,2000,33.4950649912467,1302206.70469968,4636370.74420693,Liaoning,3016,FALSE,FALSE,FALSE,FALSE,"","",unknown,0.814883327484131,472,209,0.241593679938866,0.0863163654593768,0.0709852748416341,Gyps himalayensis|Liaoning|2002,0,3751,0,0,0.608101729089516,-2.28536679038664,0
Halcyon coromanda,Shandong,2007,,discovery_date,2007,2008,1,119.55,35.47,FALSE,FALSE,江苏云台山森林,provincial,森林生态,1981,89.0294364940549,1292141.82277306,3882761.71771172,Shandong,,FALSE,FALSE,FALSE,FALSE,"","",unknown,,,,,,,Halcyon coromanda|Shandong|2007,0,1969,0,0,-0.00282047647346815,-1.28068497311315,0
Halcyon pileata,Tibet,2017,659,discovery_date,2017,2018,1,97.49,28.82,FALSE,FALSE,西藏察隅慈巴沟,national,森林生态,1985,34.1236782024599,-725261.007711262,3066857.80115916,Tibet,659,FALSE,FALSE,FALSE,FALSE,观察和拍摄,"",birdwatching,0.0992666661739349,713,4207,-0.0559222994950152,0.042174245586323,0.0244374209082694,Halcyon pileata|Tibet|2017,0,2098,0,0,0.0573253317092732,0.728678661433813,0
Halcyon smyrnensis,Jiangsu,2006,1281,discovery_date,2006,2010,4,118.62,32.12,FALSE,FALSE,雨花台,local,地质遗迹,1984,51.550641127562,1261776.65625512,3496632.63798062,Jiangsu,1281,FALSE,FALSE,FALSE,FALSE,"","",unknown,1.55205001831055,1019,28,0.108386098725391,0.0217271318036011,0.0534683116468678,Halcyon smyrnensis|Jiangsu|2006,5,7314,1,1,1.24119665627062,-1.48162133656785,0
Halcyon smyrnensis,Shanghai,2009,1209,discovery_date,2009,2009,0,121,31.07,FALSE,FALSE,江苏吴县光福,provincial,森林生态,1981,45.1291971871164,1499451.58441046,3412896.50336845,Shanghai,1209,FALSE,FALSE,FALSE,FALSE,观察,分布变化,birdwatching,1.58934993743896,1014,5,0.108386098725391,0.0217271318036011,0.0534683116468678,Halcyon smyrnensis|Shanghai|2009,0,8549,0,0,1.38912936506923,-0.878812246203761,0
Halcyon smyrnensis,Tibet,2013,723,discovery_date,2013,2014,1,95.32,29.33,TRUE,TRUE,西藏雅鲁藏布大峡谷,national,森林生态,1985,0,-928674.731473463,3141831.32139089,Tibet,723,TRUE,TRUE,TRUE,TRUE,观察拍摄,"",birdwatching,1.6420166015625,1610,1265,-0.0559222994950152,0.042174245586323,0.0244374209082694,Halcyon smyrnensis|Tibet|2013,0,2344,0,0,0.162415725673158,-0.075066792384974,1
Haliaeetus leucoryphus,Yunnan,2009,489,discovery_date,2009,2010,1,99.95,27.91,FALSE,FALSE,云南白马雪山,national,森林生态,1984,58.9690935651802,-493119.616303718,2950224.61650078,Yunnan,489,FALSE,FALSE,FALSE,FALSE,"","",unknown,0.310899996757507,730,3902,0.203671072863646,0.0414938965274204,0.0642392426901583,Haliaeetus leucoryphus|Yunnan|2009,0,12200,0,0,1.72631821917649,-0.878812246203761,0
Harpactes wardi,Tibet,2019,,discovery_date,2019,2020,1,89.01,27.31,FALSE,FALSE,西藏珠穆朗玛峰,national,森林生态,1988,101.087053625739,-1566048.59703143,2997112.92856974,Tibet,,FALSE,FALSE,FALSE,FALSE,观察和拍摄,"",birdwatching,,,,,,,Harpactes wardi|Tibet|2019,1,1704,1,0,-0.139814223069985,1.13055138834321,0
Hemiprocne coronata,Inner Mongolia,2011,3743,discovery_date,2011,2018,7,120.72,51.28,FALSE,FALSE,内蒙古额尔古纳,national,森林生态,2003,42.9906264088665,1116304.96305928,5645288.02078499,Inner Mongolia,3743,FALSE,FALSE,FALSE,FALSE,观察拍摄,分布变化或缺乏调查,birdwatching,-0.452850008010864,483,1004,0.0422685521945524,0.025231014378407,0.0107402151845823,Hemiprocne coronata|Inner Mongolia|2011,0,1598,0,0,-0.200679930721574,-0.476939519294367,0
Hemixos castanonotus,Anhui,2007,909,discovery_date,2007,2010,3,117.45,30,FALSE,FALSE,古牛绛,national,森林生态,1982,2.08628902830124,1183787.74493242,3245962.46457478,Anhui,909,FALSE,FALSE,TRUE,TRUE,"","",unknown,1.59630002975464,1632,232,0.22778909196967,0.0441725398814915,0.0682618595424368,Hemixos castanonotus|Anhui|2007,9,1683,1,1,-0.151566203624357,-1.28068497311315,0
Hemixos castanonotus,Shandong,2020,,discovery_date,2020,2023,3,119.39,35.68,FALSE,FALSE,山东青岛崂山,provincial,森林生态,2000,100.229662519417,1274605.63304258,3904170.5867816,Shandong,,FALSE,FALSE,FALSE,FALSE,"","",unknown,,,,,,,Hemixos castanonotus|Shandong|2020,0,1354,0,0,-0.357690084831483,1.3314877517979,0
Heterophasia desgodinsi,Hubei,2011,895,discovery_date,2011,2012,1,110.13,30.45,FALSE,FALSE,湖北木林子,national,森林生态,1983,32.3137577352865,486232.058739251,3234714.49854411,Hubei,895,FALSE,FALSE,FALSE,FALSE,"","",unknown,1.41548328399658,1348,843,0.217144813451741,0.0431056373179286,0.0631284864935155,Heterophasia desgodinsi|Hubei|2011,4,2551,1,1,0.242630966205519,-0.476939519294367,0
Heterophasia desgodinsi,Shaanxi,2011,1187,discovery_date,2011,2012,1,109.26,32.09,FALSE,FALSE,陕西化龙山,national,森林生态,2001,4.77545696077461,395916.672572494,3415064.47989781,Shaanxi,1187,FALSE,FALSE,FALSE,TRUE,观察拍摄,分布变化,birdwatching,1.24534997940063,1058,1091,0.192968737556714,0.0548750555002221,0.0571667460837103,Heterophasia desgodinsi|Shaanxi|2011,0,1593,0,0,-0.203649744517943,-0.476939519294367,0
Heteroxenicus stellatus,Sichuan,2015,736,discovery_date,2015,2018,3,101.99,29.57,TRUE,TRUE,四川贡嘎山,national,森林生态,1996,0,-288370.212980505,3127789.8008729,Sichuan,736,TRUE,TRUE,TRUE,TRUE,"","",unknown,-0.737683296203613,843,5523,0.172594181637433,0.0614651285579834,0.0502349422385811,Heteroxenicus stellatus|Sichuan|2015,5,9853,1,1,1.52373136014059,0.326805934524419,1
Hieraaetus pennatus,Gansu,2013,2520,discovery_date,2013,2014,1,94.12,39.88,TRUE,TRUE,敦煌阳关,national,湿地生态,1994,0,-913238.12853582,4336399.23354536,Gansu,2520,TRUE,TRUE,TRUE,TRUE,"","",unknown,0.863049983978272,32,1428,0.170586572735392,0.0823993028940886,0.0604800763272079,Hieraaetus pennatus|Gansu|2013,1,1077,1,0,-0.574551616171953,-0.075066792384974,1
Hieraaetus pennatus,Henan,2011,1659,discovery_date,2011,2012,1,112.38,34.6,FALSE,FALSE,栾川大鲵,local,野生动物,1995,18.2257710375371,664440.359258232,3714342.42414558,Henan,1659,FALSE,FALSE,FALSE,FALSE,"","",unknown,1.43688335418701,595,288,0.213808908135841,0.0439882479651097,0.0594135815288783,Hieraaetus pennatus|Henan|2011,0,1511,0,0,-0.253730527522849,-0.476939519294367,0
Hieraaetus pennatus,Hunan,2020,824,discovery_date,2020,2021,1,110.87,29.97,TRUE,TRUE,湖南壶瓶山,national,森林生态,1982,0,559477.717521067,3184819.10783096,Hunan,824,TRUE,TRUE,TRUE,TRUE,"","",unknown,1.57089996337891,1298,413,0.103357874200594,0.0189702283469961,0.0347710350255269,Hieraaetus pennatus|Hunan|2020,0,489,0,0,-1.32221479989864,1.3314877517979,1
Hieraaetus pennatus,Qinghai,2013,2073,discovery_date,2013,2017,4,96.37,37.43,FALSE,FALSE,青海柴达木梭梭林,national,荒漠生态,2000,12.3471552814751,-748953.795906959,4042014.20445809,Qinghai,2073,FALSE,FALSE,FALSE,FALSE,观察拍摄,"",birdwatching,-0.0165500074625015,148,3819,0.025943770905657,0.0199916177277117,0.019640334825541,Hieraaetus pennatus|Qinghai|2013,6,4742,1,1,0.830355861929673,-0.075066792384974,0
Hieraaetus pennatus,Shaanxi,2020,1576,discovery_date,2020,2021,1,109.06,34.31,FALSE,FALSE,陕西牛背梁,national,野生动物,1988,43.4255169241919,367105.743582149,3664399.70763127,Shaanxi,1576,FALSE,FALSE,FALSE,FALSE,观察拍摄,分布变化,birdwatching,1.30500001907349,617,429,0.192968737556714,0.0548750555002221,0.0571667460837103,Hieraaetus pennatus|Shaanxi|2020,0,343,0,0,-1.6576750704786,1.3314877517979,0
Hieraaetus pennatus,Tibet,2012,775,discovery_date,2012,2016,4,85.35,28.35,TRUE,TRUE,西藏珠穆朗玛峰,national,森林生态,1988,0,-1897424.54598172,3175230.94264854,Tibet,775,TRUE,TRUE,TRUE,TRUE,观察拍摄,"",birdwatching,0.917533397674561,861,3012,-0.0559222994950152,0.042174245586323,0.0244374209082694,Hieraaetus pennatus|Tibet|2012,5,2396,1,1,0.183213505796445,-0.276003155839671,1
Hirundapus caudacutus,Hunan,2013,824,discovery_date,2013,2014,1,110.65,30.07,TRUE,TRUE,湖南壶瓶山,national,森林生态,1982,0,537894.133893665,3194804.16886484,Hubei,824,TRUE,TRUE,TRUE,TRUE,观察拍摄,分布变化,birdwatching,1.57089996337891,1298,413,0.103357874200594,0.0189702283469961,0.0347710350255269,Hirundapus caudacutus|Hunan|2013,1,1000,1,0,-0.644825298916675,-0.075066792384974,1
Hirundo rustica,Hainan,2018,,discovery_date,2018,2022,4,112.34,16.84,FALSE,FALSE,海南大洲岛国家级自然保护区,national,野生动物,1987,280.731289027114,806083.972871709,1753165.26220574,"",,FALSE,FALSE,FALSE,FALSE,"","",unknown,,,,,,,Hirundo rustica|Hainan|2018,5,1508,1,1,-0.255613866314912,0.929615024888509,0
Histrionicus histrionicus,Beijing,2017,2557,discovery_date,2017,2017,0,116.4,39.98,FALSE,FALSE,北京百花山,national,森林生态,1985,58.2577621469508,955404.115317178,4352514.4804296,Beijing,2557,FALSE,FALSE,FALSE,FALSE,观察拍摄,"",birdwatching,1.23383331298828,579,48,0.157096469842086,0.0434172833091068,0.0512745911076958,Histrionicus histrionicus|Beijing|2017,1,24030,1,0,2.36907473316736,0.728678661433813,0
Histrionicus histrionicus,Inner Mongolia,2014,3236,discovery_date,2014,2014,0,118.72,44.22,FALSE,FALSE,乌兰坝—石棚沟,provincial,森林生态,1997,4.90937424980032,1082940.84488771,4849938.62426232,Inner Mongolia,3236,FALSE,FALSE,FALSE,TRUE,观察拍摄,分布变化,birdwatching,0.247583317756653,398,1212,0.0422685521945524,0.025231014378407,0.0107402151845823,Histrionicus histrionicus|Inner Mongolia|2014,0,1487,0,0,-0.26890302352982,0.125869571069723,0
Hydrocoloeus minutus,Zhejiang,2017,771,discovery_date,2017,2017,0,119.95,28.48,FALSE,FALSE,夹溪,local,森林生态,1994,75.5894154495045,1445390.3409257,3110409.91523003,Zhejiang,771,FALSE,FALSE,FALSE,FALSE,"","",unknown,1.62158336639404,1507,336,0.24517462933645,0.0470920804650966,0.0850920271159029,Hydrocoloeus minutus|Zhejiang|2017,0,14507,0,0,1.89054020586739,0.728678661433813,0
Hydrophasianus chirurgus,Liaoning,2011,3019,discovery_date,2011,2024,13,122.92,41.74,FALSE,FALSE,西平,local,森林生态,1984,50.5228438169668,1461329.81509673,4628397.96861157,Liaoning,3019,FALSE,FALSE,FALSE,FALSE,"","",unknown,0.826749992370606,608,23,0.241593679938866,0.0863163654593768,0.0709852748416341,Hydrophasianus chirurgus|Liaoning|2011,0,3507,0,0,0.544337871248205,-0.476939519294367,0
Hydrophasianus chirurgus,Tianjin,2014,2486,discovery_date,2014,2015,1,117.32,39.12,FALSE,FALSE,天津古海岸与湿地国家级自然保护区,national,海洋海岸,1992,18.4552905344509,1044149.51260791,4265326.78121791,Tianjin,2486,FALSE,FALSE,FALSE,FALSE,观察拍摄,分布变化,birdwatching,1.25108337402344,559,5,0.101836937794206,0.0236811882055906,0.0626627916789563,Hydrophasianus chirurgus|Tianjin|2014,0,1969,0,0,-0.00282047647346815,0.125869571069723,0
Hydroprogne caspia,Hubei,2020,975,discovery_date,2020,2021,1,114.47,30.71,FALSE,FALSE,木兰湖岛湿地,local,湿地生态,1998,22.8896504639845,893843.415387126,3294014.58636274,Hubei,975,FALSE,FALSE,FALSE,FALSE,"","",unknown,1.69268341064453,1268,22,0.217144813451741,0.0431056373179286,0.0631284864935155,Hydroprogne caspia|Hubei|2020,0,1691,0,0,-0.147072068339839,1.3314877517979,0
Hydroprogne caspia,Ningxia,2020,2088,discovery_date,2020,2024,4,105.12,37.58,TRUE,TRUE,宁夏沙坡头国家级自然保护区,national,荒漠生态,1984,0,10406.8177185545,4026405.43088162,Ningxia,2088,TRUE,TRUE,TRUE,TRUE,"","",unknown,0.943200016021729,186,1286,0.0422685521945524,0.025231014378407,0.0107402151845823,Hydroprogne caspia|Ningxia|2020,0,157,0,0,-2.39546616165175,1.3314877517979,1
Hypothymis azurea,Jiangsu,2019,1520,discovery_date,2019,2020,1,120.85,33.07,TRUE,FALSE,大洞山,local,森林生态,2001,0,1449717.07241588,3632959.59424359,"",1520,TRUE,TRUE,TRUE,TRUE,"","",unknown,1.50150003433228,1003,1,0.108386098725391,0.0217271318036011,0.0534683116468678,Hypothymis azurea|Jiangsu|2019,0,5355,0,0,0.945614664628931,1.13055138834321,1
Hypsipetes leucocephalus,Gansu,2020,1335,discovery_date,2020,2021,1,105.75,32.99,FALSE,FALSE,龙神沟,local,野生动物,1986,1.17852198574772,68958.349772442,3508231.85631321,Gansu,1335,FALSE,FALSE,TRUE,TRUE,"","",unknown,1.00089998245239,720,1692,0.170586572735392,0.0823993028940886,0.0604800763272079,Hypsipetes leucocephalus|Gansu|2020,1,445,1,0,-1.41143327908057,1.3314877517979,0
Ianthocincla lunulata,Ningxia,2017,1723,discovery_date,2017,2018,1,106.33,35.38,TRUE,TRUE,六盘山,national,森林生态,1982,0,118669.851172171,3778533.75130068,Ningxia,1723,TRUE,TRUE,TRUE,TRUE,"","",unknown,0.636100006103516,544,1983,0.106306392115411,0.0390005142637616,0.0480386607642616,Ianthocincla lunulata|Ningxia|2017,0,270,0,0,-1.88385691909754,0.728678661433813,1
Ixobrychus cinnamomeus,Qinghai,2018,1935,discovery_date,2018,2019,1,101.89,36.56,FALSE,FALSE,甘肃连城,national,森林生态,2001,64.2941258002138,-273277.36003318,3915374.73429879,Qinghai,1935,FALSE,FALSE,FALSE,FALSE,观察拍摄,分布变化,birdwatching,0.33381667137146,421,2715,0.025943770905657,0.0199916177277117,0.019640334825541,Ixobrychus cinnamomeus|Qinghai|2018,0,2719,0,0,0.303086871530898,0.929615024888509,0
Ixobrychus eurhythmus,Shaanxi,2014,1576,discovery_date,2014,2015,1,108.73,34.42,FALSE,FALSE,陕西牛背梁,national,野生动物,1988,59.4886541999877,336815.291395242,3675639.15099508,Shaanxi,1576,FALSE,FALSE,FALSE,FALSE,捡到尸体，标本采集,分布变化,professional_survey,1.30500001907349,617,429,0.192968737556714,0.0548750555002221,0.0571667460837103,Ixobrychus eurhythmus|Shaanxi|2014,0,1377,0,0,-0.341729226712407,0.125869571069723,0
Ixobrychus minutus,Gansu,2019,2454,discovery_date,2019,2020,1,98.55,39.73,FALSE,FALSE,甘肃祁连山,national,森林生态,1987,25.7211542786381,-543199.218533113,4287019.74960078,Gansu,2454,FALSE,FALSE,FALSE,FALSE,"","",unknown,0.676433324813843,106,1556,0.170586572735392,0.0823993028940886,0.0604800763272079,Ixobrychus minutus|Gansu|2019,0,591,0,0,-1.14289750884638,1.13055138834321,0
Ixos mcclellandii,Gansu,2016,1257,discovery_date,2016,2016,0,105.57,32.94,TRUE,FALSE,裕河金丝猴,provincial,野生动物,2002,0,52440.9176901044,3502485.31266783,Shaanxi,1257,TRUE,TRUE,TRUE,TRUE,"","",unknown,1.33133335113525,779,1130,0.172594181637433,0.0614651285579834,0.0502349422385811,Ixos mcclellandii|Gansu|2016,0,982,0,0,-0.662032115653269,0.527742297979116,1
Lanius borealis,Tibet,2020,799,discovery_date,2020,2022,2,97.84,29.67,FALSE,FALSE,西藏芒康滇金丝猴,national,野生动物,1993,48.4202353728776,-684659.787623078,3159327.87674853,Tibet,799,FALSE,FALSE,FALSE,FALSE,观察拍摄,分布变化,birdwatching,0.107200002670288,611,4472,-0.0559222994950152,0.042174245586323,0.0244374209082694,Lanius borealis|Tibet|2020,0,1394,0,0,-0.330102371284574,1.3314877517979,0
Lanius collurioides,Sichuan,2014,362,discovery_date,2014,2017,3,101.53,26.65,FALSE,FALSE,四川攀枝花苏铁,national,野生植物,1983,1.86678850627195,-343822.832811267,2803207.70776289,Sichuan,362,FALSE,FALSE,TRUE,TRUE,"","",unknown,2.04623336791992,743,1227,0.203671072863646,0.0414938965274204,0.0642392426901583,Lanius collurioides|Sichuan|2014,0,10389,0,0,1.57395726343632,0.125869571069723,0
Lanius schach,Beijing,2009,2711,discovery_date,2009,2011,2,115.91,40.52,FALSE,FALSE,北京松山,national,森林生态,1986,7.61904234137669,907822.015279491,4408494.18331685,Beijing,2711,FALSE,FALSE,FALSE,FALSE,观察和拍摄,分布变化，调查不足,birdwatching,0.732616662979126,442,962,0.325590305177595,0.0981936742313489,0.0923150000809967,Lanius schach|Beijing|2009,14,28474,1,1,2.52997737093919,-0.878812246203761,0
Lanius schach,Jiangxi,2008,388,discovery_date,2008,2009,1,114.4,26.25,FALSE,FALSE,江西白水仙,local,森林生态,2002,28.8933963079976,934398.545120783,2796968.17135544,Jiangxi,388,FALSE,FALSE,FALSE,FALSE,观察和拍摄,分布变化,birdwatching,1.72498340606689,1542,447,0.316090936826047,0.0555181677950237,0.0727307499262645,Lanius schach|Jiangxi|2008,15,3311,1,1,0.489818720162964,-1.07974860965846,0
Lanius sphenocercus,Yunnan,2017,203,discovery_date,2017,2019,2,103.22,24.6,FALSE,FALSE,帽天山,provincial,古生物遗迹,1997,26.9301247433833,-180475.413048573,2571310.06342442,Yunnan,203,FALSE,FALSE,FALSE,FALSE,"","",unknown,1.52930002212524,920,1873,0.203671072863646,0.0414938965274204,0.0642392426901583,Lanius sphenocercus|Yunnan|2017,0,8907,0,0,1.42802556764989,0.728678661433813,0
Lanius tephronotus,Hubei,2011,1041,discovery_date,2011,2013,2,110.13,31.45,TRUE,TRUE,湖北神农架,national,森林生态,1986,0,480427.193074528,3346955.83654479,Hubei,1041,TRUE,TRUE,TRUE,TRUE,"","",unknown,1.36809997558594,1202,846,0.217144813451741,0.0431056373179286,0.0631284864935155,Lanius tephronotus|Hubei|2011,5,2551,1,1,0.242630966205519,-0.476939519294367,1
Lanius tephronotus,Xinjiang,2004,2564,discovery_date,2004,2004,0,75.4,37.37,FALSE,FALSE,塔什库尔干野生动物,provincial,野生动物,1984,4.11490345727438,-2536127.39834837,4383551.36056481,Xinjiang,2564,FALSE,FALSE,FALSE,TRUE,"","",unknown,-0.448716688156128,98,4462,0.138596983544164,0.0491553825225537,0.0365092249655955,Lanius tephronotus|Xinjiang|2004,3,3730,1,1,0.602779390869678,-1.88349406347724,0
Larus crassirostris,Hainan,2006,,discovery_date,2006,2006,0,109.69,19.91,FALSE,FALSE,新英湾红树林,local,海洋海岸,1992,13.6041454162952,499673.702354414,2066849.56712322,Hainan,,FALSE,FALSE,FALSE,FALSE,"","",unknown,,,,,,,Larus crassirostris|Hainan|2006,1,1976,1,0,0.000543005842213085,-1.48162133656785,0
Leptopoecile elegans,Yunnan,2010,597,discovery_date,2010,2011,1,98.82,28.4,FALSE,FALSE,云南白马雪山,national,森林生态,1984,14.5313052701584,-599925.71792929,3011110.89014508,Yunnan,597,FALSE,FALSE,FALSE,FALSE,"","",unknown,0.218700003623962,638,3989,0.203671072863646,0.0414938965274204,0.0642392426901583,Leptopoecile elegans|Yunnan|2010,1,12118,1,0,1.71992367330398,-0.677875882749064,0
Leptoptilos javanicus,Yunnan,2013,93,discovery_date,2013,2014,1,103.38,23.42,FALSE,FALSE,云南大围山,national,森林生态,1986,41.7675577185875,-166380.435331379,2440752.01135557,Yunnan,93,FALSE,FALSE,FALSE,FALSE,"","",unknown,1.56086664199829,1319,1719,0.203671072863646,0.0414938965274204,0.0642392426901583,Leptoptilos javanicus|Yunnan|2013,1,11469,1,0,1.6677318387613,-0.075066792384974,0
Limnodromus semipalmatus,Shaanxi,2019,1654,discovery_date,2019,2020,1,109.42,34.8,FALSE,FALSE,陕西延安黄龙山褐马鸡,national,野生动物,2001,53.9173141950594,397173.909053183,3721064.10666892,Shaanxi,1654,FALSE,FALSE,FALSE,FALSE,"","",unknown,1.32613334655762,583,442,0.192968737556714,0.0548750555002221,0.0571667460837103,Limnodromus semipalmatus|Shaanxi|2019,0,431,0,0,-1.4416765047757,1.13055138834321,0
Limnodromus semipalmatus,Xinjiang,2010,3355,discovery_date,2010,2011,1,84.92,44.48,FALSE,FALSE,新疆艾比湖湿地,national,湿地生态,2000,87.2704105668698,-1573328.58289608,4963788.17451584,Xinjiang,3355,FALSE,FALSE,FALSE,FALSE,"","",unknown,0.853783321380615,141,349,0.138596983544164,0.0491553825225537,0.0365092249655955,Limnodromus semipalmatus|Xinjiang|2010,1,3592,1,0,0.567040593531273,-0.677875882749064,0
Limosa limosa,Ningxia,2011,2323,discovery_date,2011,2011,0,106.46,38.87,FALSE,FALSE,宁夏贺兰山,national,森林生态,1982,20.1470142489265,124467.587087092,4173123.66290289,Ningxia,2323,FALSE,FALSE,FALSE,FALSE,"","",unknown,0.774866676330566,197,1096,0.106306392115411,0.0390005142637616,0.0480386607642616,Limosa limosa|Ningxia|2011,2,309,1,0,-1.75635996183526,-0.476939519294367,0
Linaria cannabina,Inner Mongolia,2019,2322,discovery_date,2019,2023,4,105.88,38.98,TRUE,TRUE,内蒙古贺兰山,national,森林生态,1992,0,74913.1040619388,4184970.67373807,Inner Mongolia,2322,TRUE,TRUE,TRUE,TRUE,观察拍摄,分布变化,birdwatching,0.628433322906494,205,1675,0.106306392115411,0.0390005142637616,0.0480386607642616,Linaria cannabina|Inner Mongolia|2019,0,668,0,0,-1.02694662341897,1.13055138834321,1
Locustella mandelli,Guizhou,2009,555,discovery_date,2009,2010,1,107.13,28.18,FALSE,FALSE,贵州绥阳宽阔水,national,森林生态,1989,0.368916908694922,207415.77079757,2970067.21084391,Guizhou,555,FALSE,TRUE,TRUE,TRUE,"","",unknown,1.49596662521362,1092,912,0.144323990786465,0.0298168180438408,0.0560273132062786,Locustella mandelli|Guizhou|2009,2,1182,1,0,-0.48641446394634,-0.878812246203761,0
Locustella mandelli,Hunan,2011,824,discovery_date,2011,2014,3,110.63,30.02,TRUE,TRUE,湖南壶瓶山,national,森林生态,1982,0,536310.09947801,3189094.84975186,Hunan,824,TRUE,TRUE,TRUE,TRUE,观察拍摄，记录到繁殖期发出的摩擦声,分布变化,birdwatching,1.57089996337891,1298,413,0.103357874200594,0.0189702283469961,0.0347710350255269,Locustella mandelli|Hunan|2011,2,1044,1,0,-0.604033600209709,-0.476939519294367,1
Lonchura striata,Gansu,2009,1255,discovery_date,2009,2011,2,104.69,32.95,FALSE,FALSE,甘肃白水江,national,野生动物,1963,8.89849206611875,-28517.0895068378,3503506.58955014,Gansu,1255,FALSE,FALSE,FALSE,FALSE,"","",unknown,0.210350012779236,810,3346,0.170586572735392,0.0823993028940886,0.0604800763272079,Lonchura striata|Gansu|2009,0,1177,0,0,-0.490430822216998,-0.878812246203761,0
Lonchura striata,Tibet,2003,723,discovery_date,2003,2006,3,95.15,29.23,TRUE,TRUE,西藏雅鲁藏布大峡谷,national,森林生态,1985,0,-946040.653643641,3132287.84097155,Tibet,723,TRUE,TRUE,TRUE,TRUE,网捕,分布变化,professional_survey,1.6420166015625,1610,1265,-0.0559222994950152,0.042174245586323,0.0244374209082694,Lonchura striata|Tibet|2003,5,2769,1,1,0.320359858589894,-2.08443042693194,1
Lophotriorchis kienerii,Tibet,2019,724,discovery_date,2019,2019,0,95.35,29.45,TRUE,TRUE,西藏雅鲁藏布大峡谷,national,森林生态,1985,0,-924500.772199093,3154934.03471083,Tibet,724,TRUE,TRUE,TRUE,TRUE,观察和拍摄,"",birdwatching,0.414900016784668,799,3626,-0.0559222994950152,0.042174245586323,0.0244374209082694,Lophotriorchis kienerii|Tibet|2019,0,1704,0,0,-0.139814223069985,1.13055138834321,1
Lophura nycthemera,Jiangsu,2016,1206,discovery_date,2016,2017,1,119.58,31.23,FALSE,FALSE,盘台,local,森林生态,2006,9.79033267511222,1364748.16940768,3410189.53939896,Jiangsu,1206,FALSE,FALSE,FALSE,FALSE,"","",unknown,1.58118333816528,1130,12,0.108386098725391,0.0217271318036011,0.0534683116468678,Lophura nycthemera|Jiangsu|2016,0,6614,0,0,1.14581372554112,0.527742297979116,0
Loxia curvirostra,Hubei,2019,1189,discovery_date,2019,2024,5,110.58,32.1,FALSE,FALSE,湖北赛武当,national,森林生态,1987,34.8125828906326,518417.92102829,3422267.53898292,Hubei,1189,FALSE,FALSE,FALSE,FALSE,"","",unknown,1.39184999465942,1029,726,0.217144813451741,0.0431056373179286,0.0631284864935155,Loxia curvirostra|Hubei|2019,0,1819,0,0,-0.0779199241884166,1.13055138834321,0
Macropygia unchall,Tibet,2016,792,discovery_date,2016,2017,1,93.8,29.38,FALSE,FALSE,西藏雅鲁藏布大峡谷,national,森林生态,1985,94.4618678292009,-1073292.1264177,3162728.2591727,Tibet,792,FALSE,FALSE,FALSE,FALSE,观察拍摄,"",birdwatching,-0.192066669464111,569,4801,-0.0559222994950152,0.042174245586323,0.0244374209082694,Macropygia unchall|Tibet|2016,3,2183,1,1,0.0949684556620752,0.527742297979116,0
Macropygia unchall,Zhejiang,2014,637,discovery_date,2014,2016,2,119.19,27.91,FALSE,FALSE,浙江凤阳山-百山祖,national,森林生态,1975,7.4013214431655,1381500.10521042,3036576.4346499,Zhejiang,637,FALSE,FALSE,FALSE,FALSE,"","",unknown,1.56161670684814,1742,643,0.24517462933645,0.0470920804650966,0.0850920271159029,Macropygia unchall|Zhejiang|2014,7,15214,1,1,1.93565993442386,0.125869571069723,0
Mareca falcata,Gansu,2018,2158,discovery_date,2018,2019,1,101.65,37.98,TRUE,TRUE,甘肃祁连山,national,森林生态,1987,0,-288943.140579486,4076491.74790453,Gansu,2158,TRUE,TRUE,TRUE,TRUE,"","",unknown,-0.0786499977111816,436,3149,0.170586572735392,0.0823993028940886,0.0604800763272079,Mareca falcata|Gansu|2018,2,838,1,0,-0.812235117391374,0.929615024888509,1
Megaceryle lugubris,Inner Mongolia,2014,3073,discovery_date,2014,2015,1,117.23,42.95,FALSE,FALSE,内蒙古达里诺尔国家级自然保护区,national,野生动物,1987,43.0768666138701,983489.38062963,4693023.47782203,Inner Mongolia,3073,FALSE,FALSE,FALSE,FALSE,观察拍摄,分布变化,birdwatching,0.0756333410739899,421,1582,0.0422685521945524,0.025231014378407,0.0107402151845823,Megaceryle lugubris|Inner Mongolia|2014,1,1487,1,0,-0.26890302352982,0.125869571069723,0
Megaceryle lugubris,Qinghai,2017,1863,discovery_date,2017,2019,2,102.66,36.41,FALSE,FALSE,甘肃连城,national,森林生态,2001,19.942960762471,-206031.228584506,3896567.13050268,Qinghai,1863,FALSE,FALSE,FALSE,FALSE,"","",unknown,0.670133352279663,375,2135,0.025943770905657,0.0199916177277117,0.019640334825541,Megaceryle lugubris|Qinghai|2017,0,3479,0,0,0.536738717367909,0.728678661433813,0
Megaceryle lugubris,Tibet,2019,723,discovery_date,2019,2019,0,95.2,29.25,TRUE,TRUE,西藏雅鲁藏布大峡谷,national,森林生态,1985,0,-941033.278806472,3134042.03522813,Tibet,723,TRUE,TRUE,TRUE,TRUE,观察和拍摄,"",birdwatching,1.6420166015625,1610,1265,-0.0559222994950152,0.042174245586323,0.0244374209082694,Megaceryle lugubris|Tibet|2019,1,1704,1,0,-0.139814223069985,1.13055138834321,1
Melanitta fusca,Shanghai,2019,,discovery_date,2019,2021,2,121.94,30.91,FALSE,FALSE,上海九段沙湿地国家级自然保护区,national,湿地生态,2000,22.7545123304532,1589765.57269122,3409783.78142907,"",,FALSE,FALSE,FALSE,FALSE,观察和拍摄,"",birdwatching,,,,,,,Melanitta fusca|Shanghai|2019,0,4957,0,0,0.872394714750797,1.13055138834321,0
Melanitta stejnegeri,Shaanxi,2016,1263,discovery_date,2016,2017,1,109.04,32.71,FALSE,FALSE,陕西化龙山,national,森林生态,2001,70.0596175692664,372640.595504411,3483993.85080375,Shaanxi,1263,FALSE,FALSE,FALSE,FALSE,"","",unknown,1.35325002670288,949,782,0.192968737556714,0.0548750555002221,0.0571667460837103,Melanitta stejnegeri|Shaanxi|2016,0,1273,0,0,-0.416140781201618,0.527742297979116,0
Melanochlora sultanea,Tibet,2019,723,discovery_date,2019,2019,0,95.26,29.29,TRUE,TRUE,西藏雅鲁藏布大峡谷,national,森林生态,1985,0,-934851.499551764,3137934.48695317,Tibet,723,TRUE,TRUE,TRUE,TRUE,观察和拍摄,"",birdwatching,1.6420166015625,1610,1265,-0.0559222994950152,0.042174245586323,0.0244374209082694,Melanochlora sultanea|Tibet|2019,4,1704,1,1,-0.139814223069985,1.13055138834321,1
Melanochlora sultanea,Zhejiang,2017,637,discovery_date,2017,2018,1,119.15,27.9,FALSE,FALSE,浙江凤阳山-百山祖,national,森林生态,1975,6.54793332081365,1377790.87763937,3034915.21464987,Zhejiang,637,FALSE,FALSE,FALSE,FALSE,"","",unknown,1.56161670684814,1742,643,0.24517462933645,0.0470920804650966,0.0850920271159029,Melanochlora sultanea|Zhejiang|2017,5,14507,1,1,1.89054020586739,0.728678661433813,0
Mergus serrator,Hunan,2020,627,discovery_date,2020,2022,2,114.13,28.17,FALSE,FALSE,浏阳大围山,provincial,森林生态,1982,23.6459663176892,887981.980266619,3007583.56206828,Jiangxi,627,FALSE,FALSE,FALSE,FALSE,"","",unknown,1.47078332901001,1649,644,0.316090936826047,0.0555181677950237,0.0727307499262645,Mergus serrator|Hunan|2020,0,489,0,0,-1.32221479989864,1.3314877517979,0
Mergus serrator,Shaanxi,2016,1421,discovery_date,2016,2017,1,109.17,33.42,FALSE,FALSE,东秦岭地质剖面,provincial,地质遗迹,1990,31.8961664665751,381263.310515338,3564468.35833587,Shaanxi,1421,FALSE,FALSE,FALSE,FALSE,观察拍摄,分布变化,birdwatching,1.19204998016357,760,938,0.192968737556714,0.0548750555002221,0.0571667460837103,Mergus serrator|Shaanxi|2016,0,1273,0,0,-0.416140781201618,0.527742297979116,0
Mergus serrator,Yunnan,2016,127,discovery_date,2016,2017,1,103.3,23.59,FALSE,FALSE,云南文山,national,森林生态,1980,59.5412402079609,-174275.093575293,2459626.81300096,Yunnan,127,FALSE,FALSE,FALSE,FALSE,"","",unknown,1.63786659240723,1056,1595,0.203671072863646,0.0414938965274204,0.0642392426901583,Mergus serrator|Yunnan|2016,0,9913,0,0,1.52948771596046,0.527742297979116,0
Monticola gularis,Sichuan,2011,1256,discovery_date,2011,2013,2,104.76,32.58,TRUE,TRUE,四川唐家河,national,野生动物,1986,0,-22178.5668779687,3461788.54942884,Sichuan,1256,TRUE,TRUE,TRUE,TRUE,"","",unknown,1.11561670303345,723,1575,0.170586572735392,0.0823993028940886,0.0604800763272079,Monticola gularis|Sichuan|2011,1,11658,1,0,1.68322972235663,-0.476939519294367,1
Monticola rufiventris,Shaanxi,2005,1418,discovery_date,2005,2007,2,107.76,33.6,TRUE,TRUE,陕西佛坪,national,野生动物,1978,0,251824.2416198,3580265.56039335,Shaanxi,1418,TRUE,TRUE,TRUE,TRUE,观察,分布变化,birdwatching,0.81676664352417,823,1736,0.192968737556714,0.0548750555002221,0.0571667460837103,Monticola rufiventris|Shaanxi|2005,3,1901,1,1,-0.0361305812336205,-1.68255770002255,1
Monticola solitarius,Qinghai,2017,1790,discovery_date,2017,2019,2,102.66,35.83,TRUE,TRUE,青海循化孟达,national,森林生态,1980,0,-207576.119754253,3831033.17424793,Qinghai,1790,TRUE,TRUE,TRUE,TRUE,"","",unknown,0.735166645050049,437,2053,0.025943770905657,0.0199916177277117,0.019640334825541,Monticola solitarius|Qinghai|2017,0,3479,0,0,0.536738717367909,0.728678661433813,1
Motacilla citreola,Hunan,2010,621,discovery_date,2010,2011,1,111.35,28.7,FALSE,FALSE,湖南乌云界国家级自然保护区,national,森林生态,1998,4.43190371469291,614261.716545101,3045636.89051025,Hunan,621,FALSE,FALSE,FALSE,TRUE,"","",unknown,1.61936664581299,1394,334,0.103357874200594,0.0189702283469961,0.0347710350255269,Motacilla citreola|Hunan|2010,0,1052,0,0,-0.596801833833439,-0.677875882749064,0
Moupinia poecilotis,Tibet,2019,596,discovery_date,2019,2022,3,98.43,28.37,FALSE,FALSE,云南白马雪山,national,森林生态,1984,51.1435882371394,-637953.26481018,3010195.11923246,Tibet,596,FALSE,FALSE,FALSE,FALSE,观察拍摄,"",birdwatching,0.534466648101807,832,3221,-0.0559222994950152,0.042174245586323,0.0244374209082694,Moupinia poecilotis|Tibet|2019,0,1704,0,0,-0.139814223069985,1.13055138834321,0
Muscicapa ferruginea,Hunan,2020,566,discovery_date,2020,2024,4,112.93,28.18,FALSE,FALSE,湖南东洞庭湖,national,湿地生态,1984,53.3350298386947,771448.221189775,2998668.07196992,Hunan,566,FALSE,FALSE,FALSE,FALSE,观察和拍摄,"",birdwatching,1.73083324432373,1397,124,0.103357874200594,0.0189702283469961,0.0347710350255269,Muscicapa ferruginea|Hunan|2020,0,489,0,0,-1.32221479989864,1.3314877517979,0
Muscicapa ferruginea,Zhejiang,2013,917,discovery_date,2013,2013,0,121.93,29.2,FALSE,FALSE,韭山列岛,national,海洋海岸,1998,21.4068438601853,1621396.16263153,3220540.48543204,"",917,FALSE,FALSE,FALSE,FALSE,"","",unknown,1.63156661987305,1275,121,0.24517462933645,0.0470920804650966,0.0850920271159029,Muscicapa ferruginea|Zhejiang|2013,2,15372,1,0,1.94545636009551,-0.075066792384974,0
Muscicapa muttui,Henan,2019,1581,discovery_date,2019,2020,1,111.84,34.26,FALSE,FALSE,河南伏牛山,national,森林生态,1982,42.1763227456817,618545.41344032,3672563.82906425,Henan,1581,FALSE,FALSE,FALSE,FALSE,"","",unknown,1.41741666793823,632,363,0.213808908135841,0.0439882479651097,0.0594135815288783,Muscicapa muttui|Henan|2019,0,651,0,0,-1.05135437980547,1.13055138834321,0
Muscicapa muttui,Hunan,2013,825,discovery_date,2013,2015,2,111.07,29.88,FALSE,FALSE,湖南壶瓶山,national,森林生态,1982,18.9254312629648,579133.501633642,3175888.30810649,Hunan,825,FALSE,FALSE,FALSE,FALSE,观察拍摄,分布变化,birdwatching,1.60336666107178,1234,312,0.103357874200594,0.0189702283469961,0.0347710350255269,Muscicapa muttui|Hunan|2013,0,1000,0,0,-0.644825298916675,-0.075066792384974,0
Muscicapa muttui,Shanghai,2013,,discovery_date,2013,2018,5,121.97,30.88,FALSE,FALSE,上海九段沙湿地国家级自然保护区,national,湿地生态,2000,24.3707625014144,1593127.00795219,3406942.27116725,"",,FALSE,FALSE,FALSE,FALSE,观察拍摄,分布变化,birdwatching,,,,,,,Muscicapa muttui|Shanghai|2013,0,8311,0,0,1.3623589876252,-0.075066792384974,0
Mycerobas affinis,Shaanxi,2014,1496,discovery_date,2014,2014,0,107.78,33.93,TRUE,TRUE,陕西太白山,national,森林生态,1965,0,252606.071912417,3617537.2802924,Shaanxi,1496,TRUE,TRUE,TRUE,TRUE,"","",unknown,0.679616641998291,744,1922,0.192968737556714,0.0548750555002221,0.0571667460837103,Mycerobas affinis|Shaanxi|2014,0,1377,0,0,-0.341729226712407,0.125869571069723,1
Mycerobas affinis,Shandong,2009,,discovery_date,2009,2009,0,119.22,37.27,FALSE,FALSE,山东黄河三角洲,national,海洋海岸,1990,39.0635440949006,1233998.27759056,4079879.04172569,"",,FALSE,FALSE,FALSE,FALSE,"","",unknown,,,,,,,Mycerobas affinis|Shandong|2009,0,1958,0,0,-0.00813017142107366,-0.878812246203761,0
Mycerobas carnipes,Henan,2017,1579,discovery_date,2017,2021,4,110.38,34.38,TRUE,TRUE,陕西延安黄龙山褐马鸡,national,野生动物,2001,0,485929.777611459,3677964.64112748,Shaanxi,1579,TRUE,TRUE,TRUE,TRUE,"","",unknown,0.780850028991699,725,1772,0.213808908135841,0.0439882479651097,0.0594135815288783,Mycerobas carnipes|Henan|2017,0,1174,0,0,-0.492848828040822,0.728678661433813,1
Myiomela leucura,Jiangxi,2016,690,discovery_date,2016,2018,2,113.99,29.01,FALSE,FALSE,湖南仙姑山,local,野生动物,1983,31.9447870852528,865906.805609899,3099913.22787031,Jiangxi,690,FALSE,FALSE,FALSE,FALSE,"","",unknown,1.58795003890991,1503,387,0.103357874200594,0.0189702283469961,0.0347710350255269,Myiomela leucura|Jiangxi|2016,0,2789,0,0,0.327181907942898,0.527742297979116,0
Netta rufina,Anhui,2016,1515,discovery_date,2016,2017,1,117.93,33.22,FALSE,FALSE,洪泽湖东部湿地,provincial,湿地生态,2004,24.7568761246925,1182127.42061702,3610991.48029868,Anhui,1515,FALSE,FALSE,FALSE,FALSE,"","",unknown,1.50768337249756,778,16,0.108386098725391,0.0217271318036011,0.0534683116468678,Netta rufina|Anhui|2016,0,1550,0,0,-0.229581543691116,0.527742297979116,0
Netta rufina,Jilin,2020,3295,discovery_date,2020,2023,3,125.35,43.88,FALSE,FALSE,吉林伊通火山群国家级自然保护区,national,地质遗迹,1983,51.7260505719094,1607884.60387551,4902216.54438433,Jilin,3295,FALSE,FALSE,FALSE,FALSE,"","",unknown,0.492066669464111,597,219,0.114589651661273,0.073517564422611,0.022873542755,Netta rufina|Jilin|2020,0,309,0,0,-1.75635996183526,1.3314877517979,0
Netta rufina,Liaoning,2012,,discovery_date,2012,2022,10,123.02,39.66,FALSE,FALSE,辽宁庄河仙人洞,national,森林生态,1981,35.308457579249,1511759.60174927,4399036.47508355,"",,FALSE,FALSE,FALSE,FALSE,"","",unknown,,,,,,,Netta rufina|Liaoning|2012,4,3371,1,1,0.506843607806585,-0.276003155839671,0
Netta rufina,Shanghai,2012,,discovery_date,2012,2018,6,121.9,31.05,FALSE,FALSE,上海九段沙湿地国家级自然保护区,national,湿地生态,2000,10.6270260436928,1583382.37546575,3424652.35253338,"",,FALSE,FALSE,FALSE,FALSE,观察拍摄,分布变化,birdwatching,,,,,,,Netta rufina|Shanghai|2012,0,8400,0,0,1.3724584319265,-0.276003155839671,0
Niltava davidi,Zhejiang,2017,637,discovery_date,2017,2018,1,119.15,27.9,FALSE,FALSE,浙江凤阳山-百山祖,national,森林生态,1975,6.54793332081365,1377790.87763937,3034915.21464987,Zhejiang,637,FALSE,FALSE,FALSE,FALSE,"","",unknown,1.56161670684814,1742,643,0.24517462933645,0.0470920804650966,0.0850920271159029,Niltava davidi|Zhejiang|2017,4,14507,1,1,1.89054020586739,0.728678661433813,0
Niltava grandis,Guangxi,2002,210,discovery_date,2002,2003,1,106.35,24.52,FALSE,FALSE,广西岑王老山,national,森林生态,1982,3.51612703256764,137000.866601235,2561774.02256258,Guangxi,210,FALSE,FALSE,FALSE,TRUE,"","",unknown,1.66383323669434,1270,1121,0.233121858022171,0.0366689971097029,0.0800731827586212,Niltava grandis|Guangxi|2002,4,3661,1,1,0.585078351222547,-2.28536679038664,0
Niltava sundara,Hunan,2014,752,discovery_date,2014,2015,1,110.38,29.3,FALSE,FALSE,张家界大鲵国家级自然保护区,national,野生动物,1996,4.17034439899314,516891.36615919,3107169.39809912,Hunan,752,FALSE,FALSE,FALSE,TRUE,"","",unknown,1.57268333435059,1410,541,0.103357874200594,0.0189702283469961,0.0347710350255269,Niltava sundara|Hunan|2014,0,984,0,0,-0.66010475570094,0.125869571069723,0
Ninox japonica,Hunan,2018,755,discovery_date,2018,2023,5,111.63,29.53,FALSE,FALSE,花岩溪,provincial,森林生态,1997,53.5917169946525,635105.338276818,3140148.58219363,Hunan,755,FALSE,FALSE,FALSE,FALSE,鸣声频谱分析，观察和拍摄,"",birdwatching,1.67946662902832,1241,93,0.103357874200594,0.0189702283469961,0.0347710350255269,Ninox japonica|Hunan|2018,0,706,0,0,-0.974558434487904,0.929615024888509,0
Nisaetus nipalensis,Gansu,2006,1255,discovery_date,2006,2007,1,104.71,32.93,FALSE,FALSE,甘肃白水江,national,野生动物,1963,6.98027820542264,-26683.8683256321,3501246.46383269,Gansu,1255,FALSE,FALSE,FALSE,FALSE,"","",unknown,0.210350012779236,810,3346,0.170586572735392,0.0823993028940886,0.0604800763272079,Nisaetus nipalensis|Gansu|2006,0,1211,0,0,-0.463449197624212,-1.48162133656785,0
Nisaetus nipalensis,Guizhou,2017,553,discovery_date,2017,2018,1,105.83,28.12,FALSE,FALSE,习水中亚热带常绿阔叶林,national,森林生态,1994,3.41616706168054,80885.2932587064,2961475.93980568,Sichuan,553,FALSE,FALSE,FALSE,TRUE,"","",unknown,1.59204998016357,1060,800,0.144323990786465,0.0298168180438408,0.0560273132062786,Nisaetus nipalensis|Guizhou|2017,2,1036,1,0,-0.611320942665041,0.728678661433813,0
Nycticorax nycticorax,Tibet,2014,786,discovery_date,2014,2014,0,91.09,29.28,FALSE,FALSE,西藏雅鲁藏布江中游河谷黑颈鹤,national,野生动物,1993,29.5288098008739,-1333020.55899398,3184456.62588583,Tibet,786,FALSE,FALSE,FALSE,FALSE,观察拍摄,分布变化,birdwatching,0.51118335723877,357,4068,-0.0559222994950152,0.042174245586323,0.0244374209082694,Nycticorax nycticorax|Tibet|2014,6,2305,1,1,0.14651246321438,0.125869571069723,0
Oenanthe deserti,Shanghai,2014,1287,discovery_date,2014,2018,4,121.75,31.38,FALSE,FALSE,上海崇明东滩鸟类,national,野生动物,1998,7.13781525861777,1563232.19794786,3458850.09991799,"",1287,FALSE,FALSE,FALSE,FALSE,观察拍摄,分布变化,birdwatching,1.55761671066284,1025,4,0.0536895101930057,0.0101659534813005,0.0342461633537944,Oenanthe deserti|Shanghai|2014,0,8237,0,0,1.35387901606916,0.125869571069723,0
Oenanthe deserti,Sichuan,2012,805,discovery_date,2012,2012,0,100.78,30.17,FALSE,FALSE,四川格西沟,national,野生动物,1995,11.4561982214364,-401373.609895219,3199248.05000916,Sichuan,805,FALSE,FALSE,FALSE,FALSE,"","",unknown,0.137933325767517,679,4269,0.172594181637433,0.0614651285579834,0.0502349422385811,Oenanthe deserti|Sichuan|2012,0,11448,0,0,1.66599411183213,-0.276003155839671,0
Onychoprion anaethetus,Guangxi,2013,,discovery_date,2013,2013,0,109.2,20.92,FALSE,FALSE,涠州岛鸟类,provincial,野生动物,1982,13.6399622476008,442846.934187115,2174483.0434016,"",,FALSE,FALSE,FALSE,FALSE,"","",unknown,,,,,,,Onychoprion anaethetus|Guangxi|2013,0,3416,0,0,0.519414637296153,-0.075066792384974,0
Onychoprion anaethetus,Shandong,2018,,discovery_date,2018,2019,1,120.68,36.01,FALSE,FALSE,山东青岛崂山,provincial,森林生态,2000,13.4677015598351,1382090.90555529,3958297.48752295,"",,FALSE,FALSE,FALSE,FALSE,"","",unknown,,,,,,,Onychoprion anaethetus|Shandong|2018,0,1579,0,0,-0.212015048158221,0.929615024888509,0
Oriolus oriolus,Qinghai,2015,1847,discovery_date,2015,2017,2,93.9,35.62,TRUE,TRUE,青海可可西里,national,野生动物,1995,0,-985344.46771472,3859996.59720946,Qinghai,1847,TRUE,TRUE,TRUE,TRUE,观察拍摄,"",birdwatching,-0.83663330078125,287,5083,0.025943770905657,0.0199916177277117,0.019640334825541,Oriolus oriolus|Qinghai|2015,0,4387,0,0,0.756584678330531,0.326805934524419,1
Otus semitorques,Henan,2011,1196,discovery_date,2011,2012,1,114.25,31.95,TRUE,TRUE,河南董寨鸟类,national,野生动物,1982,0,860164.913732805,3430906.71850623,Henan,1196,TRUE,TRUE,TRUE,TRUE,"","",unknown,1.53155002593994,1092,127,0.213808908135841,0.0439882479651097,0.0594135815288783,Otus semitorques|Henan|2011,3,1511,1,1,-0.253730527522849,-0.476939519294367,1
Otus semitorques,Zhejiang,2014,984,discovery_date,2014,2015,1,119.12,30.3,FALSE,FALSE,浙江清凉峰,national,森林生态,1985,24.9086673328476,1336796.57052908,3300530.44797063,Zhejiang,984,FALSE,FALSE,FALSE,FALSE,"","",unknown,1.57398328781128,1405,151,0.24517462933645,0.0470920804650966,0.0850920271159029,Otus semitorques|Zhejiang|2014,5,15214,1,1,1.93565993442386,0.125869571069723,0
Otus spilocephalus,Jiangxi,2004,226,discovery_date,2004,2011,7,114.38,24.49,FALSE,FALSE,江西九连山,national,森林生态,1981,2.17920452401146,950829.083801873,2602474.95346034,Guangdong,226,FALSE,FALSE,TRUE,TRUE,"","",unknown,1.90653343200684,1812,479,0.162594727376706,0.0242739372407283,0.0586741474778168,Otus spilocephalus|Jiangxi|2004,6,3426,1,1,0.52218571106855,-1.88349406347724,0
Oxyura leucocephala,Shaanxi,2018,1654,discovery_date,2018,2019,1,109.54,34.81,FALSE,FALSE,陕西延安黄龙山褐马鸡,national,野生动物,2001,46.8661568322927,407897.865564406,3722678.8878626,Shaanxi,1654,FALSE,FALSE,FALSE,FALSE,观察拍摄,分布变化,birdwatching,1.32613334655762,583,442,0.192968737556714,0.0548750555002221,0.0571667460837103,Oxyura leucocephala|Shaanxi|2018,0,686,0,0,-1.00177007988718,0.929615024888509,0
Oxyura leucocephala,Sichuan,2020,1031,discovery_date,2020,2022,2,104.81,31.37,FALSE,FALSE,四川三台水禽及湿地,unknown,---,1998,16.3214770780271,-17818.7302175978,3325559.47830045,Sichuan,1031,FALSE,FALSE,FALSE,FALSE,"","",unknown,1.63673324584961,954,477,0.172594181637433,0.0614651285579834,0.0502349422385811,Oxyura leucocephala|Sichuan|2020,0,3712,0,0,0.598193488900665,1.3314877517979,0
Panurus biarmicus,Shaanxi,2018,2328,discovery_date,2018,2020,2,109.89,39.07,FALSE,FALSE,准格尔地质遗迹,provincial,古生物遗迹,1999,126.007651384633,415614.957440311,4205045.79124867,Shaanxi,2328,FALSE,FALSE,FALSE,FALSE,观察拍摄,分布变化,birdwatching,0.725566673278809,374,1297,0.192968737556714,0.0548750555002221,0.0571667460837103,Panurus biarmicus|Shaanxi|2018,0,686,0,0,-1.00177007988718,0.929615024888509,0
Paradoxornis guttaticollis,Hunan,2010,824,discovery_date,2010,2014,4,110.77,29.97,TRUE,TRUE,湖南壶瓶山,national,森林生态,1982,0,549957.407645489,3184260.37116929,Hunan,824,TRUE,TRUE,TRUE,TRUE,观察拍摄,分布变化,birdwatching,1.57089996337891,1298,413,0.103357874200594,0.0189702283469961,0.0347710350255269,Paradoxornis guttaticollis|Hunan|2010,1,1052,1,0,-0.596801833833439,-0.677875882749064,1
Pardaliparus venustulus,Jilin,2010,3456,discovery_date,2010,2012,2,123.57,45.93,TRUE,TRUE,吉林莫莫格,national,湿地生态,1981,0,1426301.37198946,5100076.8258744,Jilin,3456,TRUE,TRUE,TRUE,TRUE,"","",unknown,0.521199989318848,427,126,0.114589651661273,0.073517564422611,0.022873542755,Pardaliparus venustulus|Jilin|2010,2,575,1,0,-1.16887888120984,-0.677875882749064,1
Pardaliparus venustulus,Qinghai,2013,1790,discovery_date,2013,2014,1,102.67,35.8,TRUE,TRUE,青海循化孟达,national,森林生态,1980,0,-206768.762627438,3827623.02657228,Qinghai,1790,TRUE,TRUE,TRUE,TRUE,"","",unknown,0.735166645050049,437,2053,0.025943770905657,0.0199916177277117,0.019640334825541,Pardaliparus venustulus|Qinghai|2013,1,4742,1,0,0.830355861929673,-0.075066792384974,1
Parus monticolus,Guangxi,2004,98,discovery_date,2004,2006,2,106.09,23.36,FALSE,FALSE,黄连山-兴旺,provincial,森林生态,1982,16.157518451607,112022.635759222,2433397.90461306,Guangxi,98,FALSE,FALSE,FALSE,FALSE,"","",unknown,1.86078338623047,1411,1067,0.233121858022171,0.0366689971097029,0.0800731827586212,Parus monticolus|Guangxi|2004,12,3636,1,1,0.578582499199713,-1.88349406347724,0
Passer cinnamomeus,Beijing,2004,2556,discovery_date,2004,2004,0,115.48,39.77,FALSE,FALSE,北京百花山,national,森林生态,1985,7.53183831535383,881099.306304202,4320433.46464961,Beijing,2556,FALSE,FALSE,FALSE,FALSE,观察拍摄,分布变化,birdwatching,0.848600006103516,524,879,0.157096469842086,0.0434172833091068,0.0512745911076958,Passer cinnamomeus|Beijing|2004,18,28976,1,1,2.54654908373233,-1.88349406347724,0
Passer cinnamomeus,Inner Mongolia,2017,2872,discovery_date,2017,2017,0,118.47,41.41,TRUE,TRUE,内蒙古黑里河,national,森林生态,1996,0,1106076.85017126,4534108.49077193,Inner Mongolia,2872,TRUE,TRUE,TRUE,TRUE,"","",unknown,0.524916648864746,493,1086,0.0422685521945524,0.025231014378407,0.0107402151845823,Passer cinnamomeus|Inner Mongolia|2017,0,1090,0,0,-0.563184592082506,0.728678661433813,1
Passer domesticus,Hainan,2017,,discovery_date,2017,2022,5,112.34,16.84,FALSE,FALSE,海南大洲岛国家级自然保护区,national,野生动物,1987,280.731289027114,806083.972871709,1753165.26220574,"",,FALSE,FALSE,FALSE,FALSE,"","",unknown,,,,,,,Passer domesticus|Hainan|2017,0,1639,0,0,-0.176672046625256,0.728678661433813,0
Passer domesticus,Jiangxi,2019,763,discovery_date,2019,2023,4,116.08,29.06,FALSE,FALSE,江西鄱阳湖候鸟,national,野生动物,1988,1.8987199741259,1065832.58947969,3125816.997061,Jiangxi,763,FALSE,FALSE,TRUE,TRUE,观察和拍摄,"",birdwatching,1.75803337097168,1487,16,0.316090936826047,0.0555181677950237,0.0727307499262645,Passer domesticus|Jiangxi|2019,1,1497,1,0,-0.262551621552548,1.13055138834321,0
Passer domesticus,Shaanxi,2009,1576,discovery_date,2009,2009,0,108.76,34.35,FALSE,FALSE,陕西牛背梁,national,野生动物,1988,51.1454654832354,339822.207640859,3667843.95074985,Shaanxi,1576,FALSE,FALSE,FALSE,FALSE,观察拍摄,分布变化,birdwatching,1.30500001907349,617,429,0.192968737556714,0.0548750555002221,0.0571667460837103,Passer domesticus|Shaanxi|2009,0,1724,0,0,-0.128755663103885,-0.878812246203761,0
Passer domesticus,Yunnan,2014,62,discovery_date,2014,2015,1,100.98,22.79,FALSE,FALSE,云南西双版纳,national,森林生态,1958,48.8826912056411,-415582.904032597,2378456.29415875,Yunnan,62,FALSE,FALSE,FALSE,FALSE,观察拍摄,分布变化,birdwatching,1.79829998016357,1443,1518,0.203671072863646,0.0414938965274204,0.0642392426901583,Passer domesticus|Yunnan|2014,9,11135,1,1,1.63970900001174,0.125869571069723,0
Passer hispaniolensis,Inner Mongolia,2014,2247,discovery_date,2014,2015,1,107.8,38.4,FALSE,FALSE,内蒙古毛乌素沙地柏,provincial,荒漠生态,2000,29.542732352553,240179.797784382,4122477.71978997,Inner Mongolia,2247,FALSE,FALSE,FALSE,FALSE,观察拍摄,分布变化,birdwatching,0.740733337402344,301,1415,0.0422685521945524,0.025231014378407,0.0107402151845823,Passer hispaniolensis|Inner Mongolia|2014,0,1487,0,0,-0.26890302352982,0.125869571069723,0
Passer hispaniolensis,Sichuan,2016,953,discovery_date,2016,2019,3,102.98,30.9,TRUE,TRUE,四川卧龙,national,野生动物,1963,0,-190503.334562156,3274639.28525516,Sichuan,953,TRUE,TRUE,TRUE,TRUE,"","",unknown,0.213883328437805,737,3790,0.172594181637433,0.0614651285579834,0.0502349422385811,Passer hispaniolensis|Sichuan|2016,0,8908,0,0,1.42813201214347,0.527742297979116,1
Pellorneum tickelli,Guangxi,2005,45,discovery_date,2005,2006,1,106.88,22.35,FALSE,FALSE,龙州青龙山,local,森林生态,1982,10.4172181364798,195309.132779299,2323545.01611495,Guangxi,45,FALSE,FALSE,FALSE,FALSE,"","",unknown,2.2046667098999,1363,247,0.233121858022171,0.0366689971097029,0.0800731827586212,Pellorneum tickelli|Guangxi|2005,11,3606,1,1,0.570728278951419,-1.68255770002255,0
Perdix hodgsoniae,Yunnan,2011,541,discovery_date,2011,2013,2,99.95,28.04,FALSE,FALSE,四川恰郎多吉,local,野生动物,2006,53.355776982345,-492381.370588471,2964725.67014501,Yunnan,541,FALSE,FALSE,FALSE,FALSE,"","",unknown,0.187950003147125,691,4091,0.203671072863646,0.0414938965274204,0.0642392426901583,Perdix hodgsoniae|Yunnan|2011,2,12003,1,0,1.7108824417257,-0.476939519294367,0
Pericrocotus cantonensis,Tianjin,2020,,discovery_date,2020,2023,3,118,39.24,FALSE,FALSE,天津古海岸与湿地国家级自然保护区,national,海洋海岸,1992,31.2983166854651,1099689.78926732,4286117.00795802,Hebei,,FALSE,FALSE,FALSE,FALSE,观察和拍摄,"",birdwatching,,,,,,,Pericrocotus cantonensis|Tianjin|2020,0,1265,0,0,-0.422114097143054,1.3314877517979,0
Pericrocotus divaricatus,Hainan,2017,4,discovery_date,2017,2020,3,108.82,18.7,FALSE,FALSE,海南尖峰岭,national,森林生态,1976,2.42427541553285,412084.018164727,1931710.13457409,Hainan,4,FALSE,FALSE,TRUE,TRUE,"","",unknown,2.52847232818604,1174,22,0.172162696920853,0.0227746414362233,0.0529328433991583,Pericrocotus divaricatus|Hainan|2017,5,1639,1,1,-0.176672046625256,0.728678661433813,0
Pericrocotus ethologus,Hunan,2011,824,discovery_date,2011,2014,3,110.54,30.06,TRUE,TRUE,五峰后河,national,森林生态,1985,0,527495.419607908,3193093.6620079,Hubei,824,TRUE,TRUE,TRUE,TRUE,观察拍摄,分布变化,birdwatching,1.57089996337891,1298,413,0.103357874200594,0.0189702283469961,0.0347710350255269,Pericrocotus ethologus|Hunan|2011,1,1044,1,0,-0.604033600209709,-0.476939519294367,1
Pericrocotus ethologus,Inner Mongolia,2013,2625,discovery_date,2013,2014,1,111.28,40.55,FALSE,FALSE,内蒙古大青山,national,森林生态,1996,20.4565023100085,523049.404100311,4378497.51872903,Inner Mongolia,2625,FALSE,FALSE,FALSE,FALSE,观察拍摄,分布变化,birdwatching,0.599616670608521,302,989,0.0422685521945524,0.025231014378407,0.0107402151845823,Pericrocotus ethologus|Inner Mongolia|2013,1,1540,1,0,-0.23571520524548,-0.075066792384974,0
Pericrocotus solaris,Anhui,2007,909,discovery_date,2007,2010,3,117.72,29.85,FALSE,FALSE,古牛绛,national,森林生态,1982,23.2401936334545,1211471.0725022,3232527.98358671,Anhui,909,FALSE,FALSE,FALSE,FALSE,"","",unknown,1.59630002975464,1632,232,0.22778909196967,0.0441725398814915,0.0682618595424368,Pericrocotus solaris|Anhui|2007,3,1683,1,1,-0.151566203624357,-1.28068497311315,0
Pericrocotus solaris,Chongqing,2007,965,discovery_date,2007,2009,2,109.08,31.12,FALSE,FALSE,澎溪河湿地,unknown,---,2008,46.94497928084,383681.293961072,3305315.03077012,Chongqing,965,FALSE,FALSE,FALSE,FALSE,观察和拍摄,分布变化,birdwatching,1.48388338088989,1333,862,0.0101790158016724,0.0019952400259006,0.00710953190322487,Pericrocotus solaris|Chongqing|2007,1,842,1,0,-0.807724950648358,-1.28068497311315,0
Phoenicurus erythronotus,Gansu,2019,2454,discovery_date,2019,2020,1,98.53,39.75,FALSE,FALSE,甘肃祁连山,national,森林生态,1987,26.7240302420585,-544734.073010744,4289383.40819474,Gansu,2454,FALSE,FALSE,FALSE,FALSE,"","",unknown,0.676433324813843,106,1556,0.170586572735392,0.0823993028940886,0.0604800763272079,Phoenicurus erythronotus|Gansu|2019,0,591,0,0,-1.14289750884638,1.13055138834321,0
Phoenicurus frontalis,Jiangxi,2019,762,discovery_date,2019,2019,0,115.56,29.02,FALSE,FALSE,江西永修泡桐,local,森林生态,2000,10.6404171944658,1016480.50254008,3115911.57208815,Jiangxi,762,FALSE,FALSE,FALSE,FALSE,"","",unknown,1.62835006713867,1540,285,0.316090936826047,0.0555181677950237,0.0727307499262645,Phoenicurus frontalis|Jiangxi|2019,0,1497,0,0,-0.262551621552548,1.13055138834321,0
Phoenicurus frontalis,Shandong,2017,1888,discovery_date,2017,2017,0,117,35.8,FALSE,FALSE,山东泰山,provincial,森林生态,2006,44.5447533017893,1062409.97907352,3889481.33152868,Shandong,1888,FALSE,FALSE,FALSE,FALSE,"","",unknown,1.34846668243408,695,71,0.231115717790218,0.0517345386028746,0.0617252986181039,Phoenicurus frontalis|Shandong|2017,0,1695,0,0,-0.144832962765597,0.728678661433813,0
Phoenicurus ochruros,Jiangsu,2014,,discovery_date,2014,2025,11,121.04,32.56,FALSE,FALSE,大洞山,local,森林生态,2001,28.9196128751743,1476191.46116131,3579016.63461775,"",,FALSE,FALSE,FALSE,FALSE,"","",unknown,,,,,,,Phoenicurus ochruros|Jiangsu|2014,1,6882,1,0,1.18347371791999,0.125869571069723,0
Phoenicurus ochruros,Shanghai,2011,,discovery_date,2011,2013,2,121.97,30.88,FALSE,FALSE,上海九段沙湿地国家级自然保护区,national,湿地生态,2000,24.3707625014144,1593127.00795219,3406942.27116725,"",,FALSE,FALSE,FALSE,FALSE,观察拍摄,分布变化,birdwatching,,,,,,,Phoenicurus ochruros|Shanghai|2011,0,8487,0,0,1.38222803542348,-0.476939519294367,0
Phoenicurus ochruros,Zhejiang,2019,,discovery_date,2019,2020,1,122.19,29.43,TRUE,TRUE,韭山列岛,national,海洋海岸,1998,0,1641609.73197753,3250201.72760093,Zhejiang,,TRUE,TRUE,TRUE,TRUE,"","",unknown,,,,,,,Phoenicurus ochruros|Zhejiang|2019,2,13071,1,0,1.79170518263318,1.13055138834321,1
Phoenicurus schisticeps,Shandong,2009,1961,publication_minus_median_lag,2019,2010,1,117.12,36.25,TRUE,FALSE,山东泰山,provincial,森林生态,2006,0,1066788.31185603,3941251.03484301,Shandong,1961,TRUE,TRUE,TRUE,TRUE,"","",unknown,1.30626668930054,708,166,0.231115717790218,0.0517345386028746,0.0617252986181039,Phoenicurus schisticeps|Shandong|2009,0,1958,0,0,-0.00813017142107366,-0.878812246203761,1
Phylloscopus affinis,Guangxi,2009,339,discovery_date,2009,2010,1,110.42,25.86,TRUE,TRUE,广西猫儿山,national,森林生态,1976,0,541672.788526239,2724152.0486241,Guangxi,339,TRUE,TRUE,TRUE,TRUE,"","",unknown,1.27808332443237,1682,1388,0.233121858022171,0.0366689971097029,0.0800731827586212,Phylloscopus affinis|Guangxi|2009,0,3557,0,0,0.557758145768381,-0.878812246203761,1
Phylloscopus affinis,Heilongjiang,2010,3702,discovery_date,2010,2011,1,125.25,49.09,FALSE,FALSE,茂山林场,local,野生动物,1992,67.3624144286867,1482615.72719973,5468556.14648736,Heilongjiang,3702,FALSE,FALSE,FALSE,FALSE,环志捕捉,分布变化,professional_survey,0.0100500009953976,504,354,0.11804982044742,0.12331782628698,0.0238698217419419,Phylloscopus affinis|Heilongjiang|2010,0,450,0,0,-1.40086170058099,-0.677875882749064,0
Phylloscopus cantator,Guangxi,2014,,discovery_date,2014,2014,0,105.79,23.02,FALSE,FALSE,邦亮长臂猿,provincial,野生动物,2009,61.5521101673844,81489.4062428195,2395667.36178745,"",,FALSE,FALSE,FALSE,FALSE,"","",unknown,,,,,,,Phylloscopus cantator|Guangxi|2014,3,3277,1,1,0.480033848461018,0.125869571069723,0
Phylloscopus cantator,Tibet,2016,723,discovery_date,2016,2017,1,95.14,29.23,TRUE,TRUE,西藏雅鲁藏布大峡谷,national,森林生态,1985,0,-946997.94279761,3132383.1786757,Tibet,723,TRUE,TRUE,TRUE,TRUE,观察拍摄,"",birdwatching,1.6420166015625,1610,1265,-0.0559222994950152,0.042174245586323,0.0244374209082694,Phylloscopus cantator|Tibet|2016,5,2183,1,1,0.0949684556620752,0.527742297979116,1
Phylloscopus claudiae,Shanghai,2013,,discovery_date,2013,2018,5,121.97,30.91,FALSE,FALSE,上海九段沙湿地国家级自然保护区,national,湿地生态,2000,21.4078403694391,1592553.52999465,3410264.58778935,"",,FALSE,FALSE,FALSE,FALSE,观察拍摄,分类变动或误认,birdwatching,,,,,,,Phylloscopus claudiae|Shanghai|2013,0,8311,0,0,1.3623589876252,-0.075066792384974,0
Phylloscopus coronatus,Xinjiang,2010,2510,discovery_date,2010,2013,3,88.16,39.05,FALSE,FALSE,新疆罗布泊野骆驼国家级自然保护区,national,荒漠生态,1986,75.1989533302221,-1425383.55848762,4313725.95295332,Xinjiang,2510,FALSE,FALSE,FALSE,FALSE,"","",unknown,1.084850025177,30,811,0.138596983544164,0.0491553825225537,0.0365092249655955,Phylloscopus coronatus|Xinjiang|2010,0,3592,0,0,0.567040593531273,-0.677875882749064,0
Phylloscopus emeiensis,Hunan,2018,824,discovery_date,2018,2019,1,110.75,30.05,TRUE,TRUE,湖南壶瓶山,national,森林生态,1982,0,547533.729691553,3193110.37774045,Hunan,824,TRUE,TRUE,TRUE,TRUE,观察和拍摄,"",birdwatching,1.57089996337891,1298,413,0.103357874200594,0.0189702283469961,0.0347710350255269,Phylloscopus emeiensis|Hunan|2018,0,706,0,0,-0.974558434487904,0.929615024888509,1
Phylloscopus magnirostris,Hunan,2012,824,discovery_date,2012,2014,2,110.65,30.05,TRUE,TRUE,湖南壶瓶山,national,森林生态,1982,0,538021.777215409,3192563.6673955,Hunan,824,TRUE,TRUE,TRUE,TRUE,"观察拍摄, 记录鸣声",分布变化,birdwatching,1.57089996337891,1298,413,0.103357874200594,0.0189702283469961,0.0347710350255269,Phylloscopus magnirostris|Hunan|2012,2,1013,1,0,-0.632589506310119,-0.276003155839671,1
Phylloscopus ogilviegranti,Shaanxi,2011,1496,discovery_date,2011,2012,1,107.78,34.06,FALSE,FALSE,陕西太白山,national,森林生态,1965,2.30916112346824,252195.29239348,3632203.40056728,Shaanxi,1496,FALSE,FALSE,TRUE,TRUE,观察拍摄，回放鸣声,分布变化,birdwatching,0.679616641998291,744,1922,0.192968737556714,0.0548750555002221,0.0571667460837103,Phylloscopus ogilviegranti|Shaanxi|2011,4,1593,1,1,-0.203649744517943,-0.476939519294367,0
Phylloscopus ricketti,Anhui,2016,908,discovery_date,2016,2017,1,117.29,30.01,FALSE,FALSE,安徽牯牛降,national,森林生态,1982,11.5559469340585,1168514.1763945,3245180.23677489,Anhui,908,FALSE,FALSE,FALSE,FALSE,"","",unknown,1.5731499671936,1640,311,0.22778909196967,0.0441725398814915,0.0682618595424368,Phylloscopus ricketti|Anhui|2016,2,1550,1,0,-0.229581543691116,0.527742297979116,0
Phylloscopus ricketti,Henan,2016,1660,discovery_date,2016,2016,0,112.61,34.9,FALSE,FALSE,河南黄河湿地,national,湿地生态,1995,1.51441558798608,682513.472784271,3749686.36653531,Henan,1660,FALSE,FALSE,TRUE,TRUE,"","",unknown,1.4893500328064,614,139,0.213808908135841,0.0439882479651097,0.0594135815288783,Phylloscopus ricketti|Henan|2016,2,1289,1,0,-0.404305859778414,0.527742297979116,0
Phylloscopus ricketti,Jiangxi,2009,634,discovery_date,2009,2010,1,117.73,27.85,TRUE,TRUE,江西武夷山,national,森林生态,1981,0,1241040.11056393,3010654.24045264,Jiangxi,634,TRUE,TRUE,TRUE,TRUE,"","",unknown,1.71494998931885,1817,404,0.316090936826047,0.0555181677950237,0.0727307499262645,Phylloscopus ricketti|Jiangxi|2009,8,3277,1,1,0.480033848461018,-0.878812246203761,1
Phylloscopus subaffinis,Inner Mongolia,2019,2321,discovery_date,2019,2023,4,105.66,38.83,FALSE,FALSE,巴丹吉林沙漠湖泊,provincial,湿地生态,1999,6.12975635718837,56297.8326862299,4167875.33296707,Inner Mongolia,2321,FALSE,FALSE,FALSE,FALSE,观察拍摄,分布变化,birdwatching,0.82693338394165,178,1395,0.0422685521945524,0.025231014378407,0.0107402151845823,Phylloscopus subaffinis|Inner Mongolia|2019,0,668,0,0,-1.02694662341897,1.13055138834321,0
Phylloscopus tenellipes,Henan,2011,1196,discovery_date,2011,2011,0,114.25,31.97,TRUE,TRUE,河南董寨鸟类,national,野生动物,1982,0,859955.440446214,3433148.49591835,Henan,1196,TRUE,TRUE,TRUE,TRUE,"","",unknown,1.53155002593994,1092,127,0.213808908135841,0.0439882479651097,0.0594135815288783,Phylloscopus tenellipes|Henan|2011,0,1511,0,0,-0.253730527522849,-0.476939519294367,1
Phylloscopus yunnanensis,Jiangxi,2011,429,discovery_date,2011,2012,1,114.16,26.57,TRUE,TRUE,江西井冈山,national,森林生态,1981,0,907330.741203709,2830181.46848987,Jiangxi,429,TRUE,TRUE,TRUE,TRUE,网捕,缺乏调查,professional_survey,1.45830001831055,1680,840,0.316090936826047,0.0555181677950237,0.0727307499262645,Phylloscopus yunnanensis|Jiangxi|2011,0,3228,0,0,0.465752103864459,-0.476939519294367,1
Picumnus innominatus,Guangxi,2005,99,discovery_date,2005,2006,1,106.42,23.13,FALSE,FALSE,邦亮长臂猿,provincial,野生动物,2009,17.5783101431948,146298.006510878,2408497.45139677,Guangxi,99,FALSE,FALSE,FALSE,FALSE,"","",unknown,1.9267333984375,1462,941,0.233121858022171,0.0366689971097029,0.0800731827586212,Picumnus innominatus|Guangxi|2005,11,3606,1,1,0.570728278951419,-1.68255770002255,0
Picumnus innominatus,Shandong,2015,1961,discovery_date,2015,2017,2,117.06,36.28,TRUE,FALSE,山东泰山,provincial,森林生态,2006,0,1061122.36563147,3943973.73859379,Shandong,1961,TRUE,TRUE,TRUE,TRUE,"","",unknown,1.30626668930054,708,166,0.231115717790218,0.0517345386028746,0.0617252986181039,Picumnus innominatus|Shandong|2015,0,1851,0,0,-0.0613920849525444,0.326805934524419,1
Picus chlorolophus,Tibet,2019,723,discovery_date,2019,2019,0,95.35,29.33,TRUE,TRUE,西藏雅鲁藏布大峡谷,national,森林生态,1985,0,-925805.69104278,3141551.13390705,Tibet,723,TRUE,TRUE,TRUE,TRUE,观察和拍摄,"",birdwatching,1.6420166015625,1610,1265,-0.0559222994950152,0.042174245586323,0.0244374209082694,Picus chlorolophus|Tibet|2019,3,1704,1,1,-0.139814223069985,1.13055138834321,1
Platalea minor,Anhui,2016,980,discovery_date,2016,2017,1,116.91,30.51,FALSE,FALSE,安徽升金湖,national,湿地生态,1986,13.1350553482488,1125843.85115604,3296498.16262943,Anhui,980,FALSE,FALSE,FALSE,FALSE,"","",unknown,1.65186672210693,1507,51,0.22778909196967,0.0441725398814915,0.0682618595424368,Platalea minor|Anhui|2016,2,1550,1,0,-0.229581543691116,0.527742297979116,0
Pnoepyga immaculata,Tibet,2010,705,discovery_date,2010,2010,0,85.97,27.98,TRUE,TRUE,西藏珠穆朗玛峰,national,森林生态,1988,0,-1846180.34361676,3122978.74196561,Tibet,705,TRUE,TRUE,TRUE,TRUE,观察和拍摄，记录鸣声回放,前人错记其为其他物种,birdwatching,-0.114816665649414,471,4834,-0.0559222994950152,0.042174245586323,0.0244374209082694,Pnoepyga immaculata|Tibet|2010,4,2443,1,1,0.201626914845085,-0.677875882749064,1
Podiceps auritus,Gansu,2020,2312,discovery_date,2020,2021,1,100.44,38.97,FALSE,FALSE,甘肃黑河,provincial,野生动物,1982,0.103375559781045,-388106.576824111,4192423.18392132,Gansu,2312,FALSE,TRUE,TRUE,TRUE,"","",unknown,0.589966678619385,228,1601,0.170586572735392,0.0823993028940886,0.0604800763272079,Podiceps auritus|Gansu|2020,0,445,0,0,-1.41143327908057,1.3314877517979,0
Podiceps auritus,Shaanxi,2016,1263,discovery_date,2016,2017,1,109.03,32.71,FALSE,FALSE,陕西化龙山,national,森林生态,2001,70.4130013839721,371718.725080881,3483956.36318526,Shaanxi,1263,FALSE,FALSE,FALSE,FALSE,"","",unknown,1.35325002670288,949,782,0.192968737556714,0.0548750555002221,0.0571667460837103,Podiceps auritus|Shaanxi|2016,0,1273,0,0,-0.416140781201618,0.527742297979116,0
Podiceps grisegena,Gansu,2007,2313,discovery_date,2007,2008,1,101.1,38.86,FALSE,FALSE,甘肃祁连山,national,森林生态,1987,13.254031503074,-332452.76836175,4177609.03480111,Gansu,2313,FALSE,FALSE,FALSE,FALSE,"","",unknown,0.517283344268799,245,2058,0.170586572735392,0.0823993028940886,0.0604800763272079,Podiceps grisegena|Gansu|2007,0,1192,0,0,-0.47843242380159,-1.28068497311315,0
Podiceps nigricollis,Shaanxi,2002,1260,discovery_date,2002,2007,5,106.9,32.95,FALSE,FALSE,四川大小兰沟,provincial,野生植物,1991,25.357549575751,174771.776691382,3505134.48017087,Shaanxi,1260,FALSE,FALSE,FALSE,FALSE,观察,分布变化,birdwatching,1,941,1593,0.192968737556714,0.0548750555002221,0.0571667460837103,Podiceps nigricollis|Shaanxi|2002,4,1919,1,1,-0.0271987026053853,-2.28536679038664,0
Podiceps nigricollis,Tibet,2013,728,discovery_date,2013,2014,1,97.8,29.3,FALSE,FALSE,西藏芒康滇金丝猴,national,野生动物,1993,59.7434647479445,-691482.699619197,3118245.58222373,Tibet,728,FALSE,FALSE,FALSE,FALSE,观察拍摄,分布变化,birdwatching,0.0238333344459534,650,4505,-0.0559222994950152,0.042174245586323,0.0244374209082694,Podiceps nigricollis|Tibet|2013,2,2344,1,0,0.162415725673158,-0.075066792384974,0
Podoces biddulphi,Gansu,2008,2596,discovery_date,2008,2009,1,93.47,40.28,TRUE,TRUE,敦煌西湖,national,野生动物,1992,0,-962325.469664281,4387416.0667945,Gansu,2596,TRUE,TRUE,TRUE,TRUE,"","",unknown,1.00468339920044,23,1010,0.170586572735392,0.0823993028940886,0.0604800763272079,Podoces biddulphi|Gansu|2008,0,1191,0,0,-0.47922761107678,-1.07974860965846,1
Pomatorhinus schisticeps,Tibet,2015,723,discovery_date,2015,2016,1,95.35,29.33,TRUE,TRUE,西藏雅鲁藏布大峡谷,national,森林生态,1985,0,-925805.69104278,3141551.13390705,Tibet,723,TRUE,TRUE,TRUE,TRUE,观察拍摄,"",birdwatching,1.6420166015625,1610,1265,-0.0559222994950152,0.042174245586323,0.0244374209082694,Pomatorhinus schisticeps|Tibet|2015,1,2241,1,0,0.119822623411259,0.326805934524419,1
Prinia atrogularis,Guizhou,2016,376,discovery_date,2016,2016,0,108.34,26.35,TRUE,TRUE,贵州雷公山,national,森林生态,1982,0,332069.521866909,2769406.3795456,Guizhou,376,TRUE,TRUE,TRUE,TRUE,"","",unknown,1.5429666519165,1200,765,0.144323990786465,0.0298168180438408,0.0560273132062786,Prinia atrogularis|Guizhou|2016,0,1068,0,0,-0.582501683167642,0.527742297979116,1
Prinia atrogularis,Hunan,2015,386,discovery_date,2015,2016,1,113.73,26.01,TRUE,TRUE,湖南八面山,national,森林生态,1982,0,870318.73301803,2764314.53622049,Hunan,386,TRUE,TRUE,TRUE,TRUE,"","",unknown,1.57194995880127,1595,710,0.103357874200594,0.0189702283469961,0.0347710350255269,Prinia atrogularis|Hunan|2015,0,924,0,0,-0.719700957224157,0.326805934524419,1
Prinia flaviventris,Hubei,2019,830,discovery_date,2019,2022,3,114.04,29.57,FALSE,FALSE,湖北九宫山,national,森林生态,1981,42.3052111634834,865004.922578434,3162826.77996787,Hubei,830,FALSE,FALSE,FALSE,FALSE,"","",unknown,1.71469993591309,1324,71,0.217144813451741,0.0431056373179286,0.0631284864935155,Prinia flaviventris|Hubei|2019,2,1819,1,0,-0.0779199241884166,1.13055138834321,0
Prunella collaris,Hunan,2020,824,discovery_date,2020,2022,2,110.78,30.1,TRUE,TRUE,湖南壶瓶山,national,森林生态,1982,0,550060.755526674,3198877.25498144,Hunan,824,TRUE,TRUE,TRUE,TRUE,"","",unknown,1.57089996337891,1298,413,0.103357874200594,0.0189702283469961,0.0347710350255269,Prunella collaris|Hunan|2020,0,489,0,0,-1.32221479989864,1.3314877517979,1
Prunella himalayana,Shandong,2009,1961,publication_minus_median_lag,2019,2010,1,117.12,36.25,TRUE,FALSE,山东泰山,provincial,森林生态,2006,0,1066788.31185603,3941251.03484301,Shandong,1961,TRUE,TRUE,TRUE,TRUE,"","",unknown,1.30626668930054,708,166,0.231115717790218,0.0517345386028746,0.0617252986181039,Prunella himalayana|Shandong|2009,0,1958,0,0,-0.00813017142107366,-0.878812246203761,1
Prunella immaculata,Shaanxi,2007,1496,discovery_date,2007,2007,0,107.77,33.92,TRUE,TRUE,陕西太白山,national,森林生态,1965,0,251729.135842532,3616383.7929671,Shaanxi,1496,TRUE,TRUE,TRUE,TRUE,标本采集,分布变化,professional_survey,0.679616641998291,744,1922,0.192968737556714,0.0548750555002221,0.0571667460837103,Prunella immaculata|Shaanxi|2007,0,1787,0,0,-0.0947409554151756,-1.28068497311315,1
Prunella montanella,Jiangsu,2014,,discovery_date,2014,2025,11,121.04,32.56,FALSE,FALSE,大洞山,local,森林生态,2001,28.9196128751743,1476191.46116131,3579016.63461775,"",,FALSE,FALSE,FALSE,FALSE,"","",unknown,,,,,,,Prunella montanella|Jiangsu|2014,0,6882,0,0,1.18347371791999,0.125869571069723,0
Prunella montanella,Xinjiang,2008,3265,discovery_date,2008,2008,0,87.54,44.18,FALSE,FALSE,天池,provincial,森林生态,1980,47.9847647910198,-1376210.33388581,4891832.18482502,Xinjiang,3265,FALSE,FALSE,FALSE,FALSE,"","",unknown,0.793966674804688,181,550,0.138596983544164,0.0491553825225537,0.0365092249655955,Prunella montanella|Xinjiang|2008,0,3617,0,0,0.573615718821475,-1.07974860965846,0
Prunella strophiata,Guizhou,2009,555,discovery_date,2009,2010,1,107.13,28.18,FALSE,FALSE,贵州绥阳宽阔水,national,森林生态,1989,0.368916908694922,207415.77079757,2970067.21084391,Guizhou,555,FALSE,TRUE,TRUE,TRUE,"","",unknown,1.49596662521362,1092,912,0.144323990786465,0.0298168180438408,0.0560273132062786,Prunella strophiata|Guizhou|2009,0,1182,0,0,-0.48641446394634,-0.878812246203761,0
Prunella strophiata,Henan,2016,1502,discovery_date,2016,2017,1,111.32,33.96,FALSE,FALSE,河南伏牛山,national,森林生态,1982,16.7843327843769,573741.766177215,3635653.80444425,Henan,1502,FALSE,FALSE,FALSE,FALSE,"","",unknown,1.25574998855591,718,965,0.213808908135841,0.0439882479651097,0.0594135815288783,Prunella strophiata|Henan|2016,0,1289,0,0,-0.404305859778414,0.527742297979116,0
Psarisomus dalhousiae,Tibet,2015,723,discovery_date,2015,2016,1,95.32,29.34,TRUE,TRUE,西藏雅鲁藏布大峡谷,national,森林生态,1985,0,-928565.664009517,3142946.39971192,Tibet,723,TRUE,TRUE,TRUE,TRUE,观察拍摄,"",birdwatching,1.6420166015625,1610,1265,-0.0559222994950152,0.042174245586323,0.0244374209082694,Psarisomus dalhousiae|Tibet|2015,5,2241,1,1,0.119822623411259,0.326805934524419,1
Pseudopodoces humilis,Inner Mongolia,2020,2386,discovery_date,2020,2023,3,100.87,39.18,FALSE,FALSE,甘肃祁连山,national,森林生态,1987,20.0810635951867,-350544.21771212,4214529.42284089,Inner Mongolia,2386,FALSE,FALSE,FALSE,FALSE,观察拍摄,分布变化,birdwatching,0.691133308410645,172,1653,0.0422685521945524,0.025231014378407,0.0107402151845823,Pseudopodoces humilis|Inner Mongolia|2020,0,507,0,0,-1.28800529080477,1.3314877517979,0
Psilopogon faber,Fujian,2014,479,discovery_date,2014,2014,0,118.16,26.68,FALSE,FALSE,福建建瓯万木林,provincial,森林生态,1957,40.5653023808627,1299958.82625617,2886821.31496321,Fujian,479,FALSE,FALSE,FALSE,FALSE,"","",unknown,1.93929996490479,1669,257,0.21065370838633,0.0363119075403054,0.0768936195034331,Psilopogon faber|Fujian|2014,8,2611,1,1,0.264667452144793,0.125869571069723,0
Psilopogon faber,Zhejiang,2016,700,discovery_date,2016,2018,2,119.13,28.35,FALSE,FALSE,浙江九龙山,national,森林生态,1983,20.6800359580422,1368724.8543906,3084408.69525221,Zhejiang,700,FALSE,FALSE,FALSE,FALSE,"","",unknown,1.40818328857422,1884,918,0.24517462933645,0.0470920804650966,0.0850920271159029,Psilopogon faber|Zhejiang|2016,6,14838,1,1,1.91193166839909,0.527742297979116,0
Psilopogon virens,Gansu,2016,1257,discovery_date,2016,2017,1,105.51,32.97,TRUE,FALSE,裕河金丝猴,provincial,野生动物,2002,0,46903.4997870676,3505837.1705424,Shaanxi,1257,TRUE,TRUE,TRUE,TRUE,"","",unknown,1.33133335113525,779,1130,0.172594181637433,0.0614651285579834,0.0502349422385811,Psilopogon virens|Gansu|2016,0,982,0,0,-0.662032115653269,0.527742297979116,1
Pterorhinus sannio,Henan,2014,1198,discovery_date,2014,2017,3,115.27,31.72,FALSE,FALSE,上涉湖湿地,local,湿地生态,2006,4.99798772809384,957367.025358005,3414480.19977678,Henan,1198,FALSE,FALSE,FALSE,TRUE,"","",unknown,1.57969999313355,1127,73,0.213808908135841,0.0439882479651097,0.0594135815288783,Pterorhinus sannio|Henan|2014,4,1411,1,1,-0.31861635048819,0.125869571069723,0
Pteruthius rufiventer,Tibet,2019,723,discovery_date,2019,2019,0,95.26,29.29,TRUE,TRUE,西藏雅鲁藏布大峡谷,national,森林生态,1985,0,-934851.499551764,3137934.48695317,Tibet,723,TRUE,TRUE,TRUE,TRUE,观察和拍摄,"",birdwatching,1.6420166015625,1610,1265,-0.0559222994950152,0.042174245586323,0.0244374209082694,Pteruthius rufiventer|Tibet|2019,4,1704,1,1,-0.139814223069985,1.13055138834321,1
Pteruthius xanthochlorus,Anhui,2015,911,discovery_date,2015,2016,1,118.53,29.57,FALSE,FALSE,浙江古田山,national,野生动物,1975,49.6511221264744,1292418.27977126,3211620.16385864,Zhejiang,911,FALSE,FALSE,FALSE,FALSE,"","",unknown,1.52588329315186,1624,379,0.22778909196967,0.0441725398814915,0.0682618595424368,Pteruthius xanthochlorus|Anhui|2015,0,1571,0,0,-0.216828564941337,0.326805934524419,0
Pteruthius xanthochlorus,Guizhou,2017,553,discovery_date,2017,2018,1,106.19,28.34,FALSE,FALSE,习水中亚热带常绿阔叶林,national,森林生态,1994,7.22912697295622,115671.944787886,2986418.25876738,Guizhou,553,FALSE,FALSE,FALSE,FALSE,"","",unknown,1.59204998016357,1060,800,0.144323990786465,0.0298168180438408,0.0560273132062786,Pteruthius xanthochlorus|Guizhou|2017,1,1036,1,0,-0.611320942665041,0.728678661433813,0
Pteruthius xanthochlorus,Hunan,2011,824,discovery_date,2011,2014,3,110.68,29.98,TRUE,TRUE,湖南壶瓶山,national,森林生态,1982,0,541324.502035996,3184885.7505283,Hunan,824,TRUE,TRUE,TRUE,TRUE,观察拍摄，记录鸣声,分布变化,birdwatching,1.57089996337891,1298,413,0.103357874200594,0.0189702283469961,0.0347710350255269,Pteruthius xanthochlorus|Hunan|2011,0,1044,0,0,-0.604033600209709,-0.476939519294367,1
Ptyonoprogne rupestris,Hubei,2017,759,discovery_date,2017,2025,8,113.69,29.4,FALSE,FALSE,湖南东洞庭湖,national,湿地生态,1984,43.501484522723,833267.548198521,3140856.29854899,Hubei,759,FALSE,FALSE,FALSE,FALSE,"","",unknown,1.71828327178955,1394,103,0.217144813451741,0.0431056373179286,0.0631284864935155,Ptyonoprogne rupestris|Hubei|2017,0,2157,0,0,0.0836119035173024,0.728678661433813,0
Pycnonotus jocosus,Hainan,2010,16,discovery_date,2010,2011,1,110.33,20,FALSE,FALSE,永兴鸟类,local,野生动物,1988,9.76684960603301,567272.537183574,2080066.09115642,Hainan,16,FALSE,FALSE,FALSE,FALSE,"","",unknown,2.4360294342041,1686,2,0.172162696920853,0.0227746414362233,0.0529328433991583,Pycnonotus jocosus|Hainan|2010,11,1895,1,1,-0.0391266683077296,-0.677875882749064,0
Pycnonotus jocosus,Henan,2010,1662,discovery_date,2010,2013,3,113.7,34.71,FALSE,FALSE,河南豫北黄河故道湿地鸟类国家级自然保护区,national,湿地生态,1996,53.0817264149637,781915.015558959,3736339.07730114,Henan,1662,FALSE,FALSE,FALSE,FALSE,"","",unknown,1.44305000305176,620,103,0.213808908135841,0.0439882479651097,0.0594135815288783,Pycnonotus jocosus|Henan|2010,2,1538,1,0,-0.236946712912202,-0.677875882749064,0
Pycnonotus jocosus,Sichuan,2011,884,discovery_date,2011,2018,7,104.67,30.63,FALSE,FALSE,四川龙泉湖,provincial,湿地生态,1998,27.066959745596,-31224.7558544022,3242417.09406106,Sichuan,884,FALSE,FALSE,FALSE,FALSE,"","",unknown,1.66044998168945,995,438,0.172594181637433,0.0614651285579834,0.0502349422385811,Pycnonotus jocosus|Sichuan|2011,10,11658,1,1,1.68322972235663,-0.476939519294367,0
Pycnonotus sinensis,Beijing,2002,2634,discovery_date,2002,2003,1,116.62,40.36,FALSE,FALSE,天津八仙山,national,森林生态,1984,59.1031711399951,968748.346597854,4397260.85725625,Beijing,2634,FALSE,FALSE,FALSE,FALSE,观察拍摄,分布变化,birdwatching,1.14731664657593,514,83,0.157096469842086,0.0434172833091068,0.0512745911076958,Pycnonotus sinensis|Beijing|2002,21,29069,1,1,2.54958759828348,-2.28536679038664,0
Pycnonotus sinensis,Jilin,2018,3295,discovery_date,2018,2020,2,125.41,43.81,FALSE,FALSE,吉林伊通火山群国家级自然保护区,national,地质遗迹,1983,47.1533798273266,1614162.20913855,4895498.56385378,Jilin,3295,FALSE,FALSE,FALSE,FALSE,"","",unknown,0.492066669464111,597,219,0.114589651661273,0.073517564422611,0.022873542755,Pycnonotus sinensis|Jilin|2018,4,412,1,1,-1.4843273732202,0.929615024888509,0
Pycnonotus sinensis,Liaoning,2004,,discovery_date,2004,2006,2,121.59,38.92,FALSE,FALSE,老偏岛－玉皇顶,local,野生动物,2000,3.59380556388683,1406864.99415494,4295677.88236551,Liaoning,,FALSE,FALSE,FALSE,TRUE,"","",unknown,,,,,,,Pycnonotus sinensis|Liaoning|2004,14,3745,1,1,0.606584106834249,-1.88349406347724,0
Pycnonotus sinensis,Ningxia,2010,2323,discovery_date,2010,2011,1,106.73,38.75,FALSE,FALSE,鄂托克恐龙遗迹化石,national,古生物遗迹,1998,41.7709399528472,147719.710572372,4159934.52097337,Inner Mongolia,2323,FALSE,FALSE,FALSE,FALSE,"","",unknown,0.774866676330566,197,1096,0.106306392115411,0.0390005142637616,0.0480386607642616,Pycnonotus sinensis|Ningxia|2010,7,313,1,1,-1.74420260595236,-0.677875882749064,0
Pycnonotus sinensis,Qinghai,2006,1934,discovery_date,2006,2006,0,101.75,36.63,FALSE,FALSE,甘肃连城,national,森林生态,2001,74.8285055589801,-285315.958006757,3923677.13965334,Qinghai,1934,FALSE,FALSE,FALSE,FALSE,观察和拍照，采集标本,分布变化,professional_survey,0.407816648483276,422,2596,0.025943770905657,0.0199916177277117,0.019640334825541,Pycnonotus sinensis|Qinghai|2006,6,5314,1,1,0.938327834361833,-1.48162133656785,0
Pycnonotus xanthorrhous,Ningxia,2019,1723,discovery_date,2019,2019,0,106.39,35.41,FALSE,FALSE,六盘山,national,森林生态,1982,3.00887191686599,123975.58242523,3781996.23753283,Ningxia,1723,FALSE,FALSE,FALSE,TRUE,"","",unknown,0.636100006103516,544,1983,0.106306392115411,0.0390005142637616,0.0480386607642616,Pycnonotus xanthorrhous|Ningxia|2019,1,179,1,0,-2.27184916385367,1.13055138834321,0
Pycnonotus xanthorrhous,Shanghai,2008,,discovery_date,2008,2018,10,121.96,30.88,FALSE,FALSE,上海九段沙湿地国家级自然保护区,national,湿地生态,2000,24.8102984626411,1592197.37035395,3406781.85102909,"",,FALSE,FALSE,FALSE,FALSE,观察拍摄,分布变化,birdwatching,,,,,,,Pycnonotus xanthorrhous|Shanghai|2008,1,8578,1,0,1.39234024586875,-1.07974860965846,0
Pyrrhula erythaca,Hunan,2011,824,discovery_date,2011,2011,0,110.65,30.03,TRUE,TRUE,湖南壶瓶山,national,森林生态,1982,0,538149.415513255,3190323.25410978,Hunan,824,TRUE,TRUE,TRUE,TRUE,观察拍摄,分布变化,birdwatching,1.57089996337891,1298,413,0.103357874200594,0.0189702283469961,0.0347710350255269,Pyrrhula erythaca|Hunan|2011,0,1044,0,0,-0.604033600209709,-0.476939519294367,1
Pyrrhula nipalensis,Hunan,2010,824,discovery_date,2010,2011,1,110.67,30.05,TRUE,TRUE,湖南壶瓶山,national,森林生态,1982,0,539924.211687145,3192672.24299055,Hunan,824,TRUE,TRUE,TRUE,TRUE,观察拍摄,分布变化,birdwatching,1.57089996337891,1298,413,0.103357874200594,0.0189702283469961,0.0347710350255269,Pyrrhula nipalensis|Hunan|2010,2,1052,1,0,-0.596801833833439,-0.677875882749064,1
Pyrrhula nipalensis,Shaanxi,2010,1113,discovery_date,2010,2010,0,109.51,31.95,FALSE,FALSE,陕西化龙山,national,森林生态,2001,1.28531634980211,419851.457863687,3400344.73107788,Shaanxi,1113,FALSE,FALSE,TRUE,TRUE,观察拍摄,分布变化,birdwatching,0.797300004959106,1204,2022,0.192968737556714,0.0548750555002221,0.0571667460837103,Pyrrhula nipalensis|Shaanxi|2010,0,1661,0,0,-0.164036040787086,-0.677875882749064,0
Rallina eurizonoides,Jiangxi,2006,346,discovery_date,2006,2009,3,114.08,25.9,FALSE,FALSE,江西齐云山,provincial,森林生态,1997,0.309554203025399,906231.826444251,2755275.24302289,Jiangxi,346,FALSE,TRUE,TRUE,TRUE,环志捕获,分布变化,professional_survey,1.61243324279785,1619,753,0.316090936826047,0.0555181677950237,0.0727307499262645,Rallina eurizonoides|Jiangxi|2006,1,3410,1,0,0.517748097728192,-1.48162133656785,0
Rallina eurizonoides,Shandong,2020,1961,discovery_date,2020,2022,2,117.05,36.22,TRUE,FALSE,山东泰山,provincial,森林生态,2006,0,1061067.90605991,3937135.19947436,Shandong,1961,TRUE,TRUE,TRUE,TRUE,"","",unknown,1.30626668930054,708,166,0.231115717790218,0.0517345386028746,0.0617252986181039,Rallina eurizonoides|Shandong|2020,1,1354,1,0,-0.357690084831483,1.3314877517979,1
Rallus aquaticus,Inner Mongolia,2009,2321,discovery_date,2009,2023,14,105.67,38.83,FALSE,FALSE,巴丹吉林沙漠湖泊,provincial,湿地生态,1999,6.98266979757227,57150.8172984665,4167881.0464976,Inner Mongolia,2321,FALSE,FALSE,FALSE,FALSE,观察拍摄,分布变化或独立成种,birdwatching,0.82693338394165,178,1395,0.0422685521945524,0.025231014378407,0.0107402151845823,Rallus aquaticus|Inner Mongolia|2009,0,1616,0,0,-0.190064960510348,-0.878812246203761,0
Rallus aquaticus,Ningxia,2009,2166,discovery_date,2009,2023,14,106.27,38.2,FALSE,FALSE,宁夏灵武白芨滩,national,荒漠生态,1985,7.36153029882999,109239.335145303,4097183.2301302,Ningxia,2166,FALSE,FALSE,FALSE,FALSE,"","",unknown,0.92368335723877,205,1122,0.106306392115411,0.0390005142637616,0.0480386607642616,Rallus aquaticus|Ningxia|2009,0,313,0,0,-1.74420260595236,-0.878812246203761,0
Rallus aquaticus,Shaanxi,2018,1418,discovery_date,2018,2025,7,107.53,33.61,FALSE,FALSE,陕西长青,national,野生动物,1994,2.42379487475124,230814.891461909,3580834.26163041,Shaanxi,1418,FALSE,FALSE,TRUE,TRUE,"","",unknown,0.81676664352417,823,1736,0.192968737556714,0.0548750555002221,0.0571667460837103,Rallus aquaticus|Shaanxi|2018,0,686,0,0,-1.00177007988718,0.929615024888509,0
Recurvirostra avosetta,Ningxia,2010,2244,discovery_date,2010,2011,1,106.39,38.38,FALSE,FALSE,宁夏灵武白芨滩,national,荒漠生态,1985,4.61852651799954,119275.674024026,4117665.05579022,Ningxia,2244,FALSE,FALSE,FALSE,TRUE,"","",unknown,0.891216659545898,190,1111,0.106306392115411,0.0390005142637616,0.0480386607642616,Recurvirostra avosetta|Ningxia|2010,5,313,1,1,-1.74420260595236,-0.677875882749064,0
Recurvirostra avosetta,Yunnan,2007,489,discovery_date,2007,2010,3,99.64,27.9,FALSE,FALSE,云南白马雪山,national,森林生态,1984,28.8806913365886,-523422.021517379,2950696.48776354,Yunnan,489,FALSE,FALSE,FALSE,FALSE,"","",unknown,0.310899996757507,730,3902,0.203671072863646,0.0414938965274204,0.0642392426901583,Recurvirostra avosetta|Yunnan|2007,1,12481,1,0,1.74790982382185,-1.28068497311315,0
Regulus regulus,Anhui,2011,1202,discovery_date,2011,2011,0,117.19,31.88,FALSE,FALSE,安徽鹞落坪国家级自然保护区,national,森林生态,1991,130.287812106174,1133314.45352034,3452590.50366213,Anhui,1202,FALSE,FALSE,FALSE,FALSE,"","",unknown,1.59158334732056,1137,6,0.22778909196967,0.0441725398814915,0.0682618595424368,Regulus regulus|Anhui|2011,1,1658,1,0,-0.165749249509818,-0.476939519294367,0
Regulus regulus,Hunan,2012,567,discovery_date,2012,2023,11,112.99,28.21,FALSE,FALSE,湖南东洞庭湖,national,湿地生态,1984,50.9442325939507,777003.080601386,3002477.72173903,Hunan,567,FALSE,FALSE,FALSE,FALSE,"","",unknown,1.73678340911865,1421,81,0.103357874200594,0.0189702283469961,0.0347710350255269,Regulus regulus|Hunan|2012,0,1013,0,0,-0.632589506310119,-0.276003155839671,0
Remiz consobrinus,Guangxi,2012,48,discovery_date,2012,2015,3,108.32,22.58,FALSE,FALSE,广西崇左白头叶猴,national,野生动物,1980,34.3630565592797,344019.327748153,2352710.45603852,Guangxi,48,FALSE,FALSE,FALSE,FALSE,"","",unknown,2.14773330688477,1626,137,0.233121858022171,0.0366689971097029,0.0800731827586212,Remiz consobrinus|Guangxi|2012,1,3464,1,0,0.532642552164458,-0.276003155839671,0
Remiz consobrinus,Shaanxi,2015,1654,discovery_date,2015,2015,0,109.44,34.8,FALSE,FALSE,陕西延安黄龙山褐马鸡,national,野生动物,2001,52.5303846668276,398969.880475116,3721144.29787199,Shaanxi,1654,FALSE,FALSE,FALSE,FALSE,"","",unknown,1.32613334655762,583,442,0.192968737556714,0.0548750555002221,0.0571667460837103,Remiz consobrinus|Shaanxi|2015,0,1327,0,0,-0.376776111763359,0.326805934524419,0
Remiz consobrinus,Sichuan,2020,674,discovery_date,2020,2021,1,105.38,29.15,FALSE,FALSE,长江上游珍稀、特有鱼类,national,野生动物,1997,22.9214534083155,36591.1509859986,3076428.86089874,Sichuan,674,FALSE,FALSE,FALSE,FALSE,"","",unknown,1.78950004577637,1106,310,0.172594181637433,0.0614651285579834,0.0502349422385811,Remiz consobrinus|Sichuan|2020,0,3712,0,0,0.598193488900665,1.3314877517979,0
Rhodospiza obsoleta,Shaanxi,2010,2250,discovery_date,2010,2010,0,109.74,38.25,FALSE,FALSE,山西黑茶山,provincial,野生动物,2002,124.974237180643,407298.678498536,4111860.93778229,Shaanxi,2250,FALSE,FALSE,FALSE,FALSE,观察和拍摄,分布变化,birdwatching,0.818916702270508,386,1141,0.192968737556714,0.0548750555002221,0.0571667460837103,Rhodospiza obsoleta|Shaanxi|2010,0,1661,0,0,-0.164036040787086,-0.677875882749064,0
Sasia ochracea,Guangdong,2013,144,discovery_date,2013,2014,1,111.88,23.45,FALSE,FALSE,广东广宁鼋,local,野生动物,1990,66.5984452466122,705840.309068241,2467167.45544118,Guangdong,144,FALSE,FALSE,FALSE,FALSE,"","",unknown,2.14303340911865,1632,89,0.162594727376706,0.0242739372407283,0.0586741474778168,Sasia ochracea|Guangdong|2013,5,8085,1,1,1.33621915293094,-0.075066792384974,0
Sasia ochracea,Hunan,2017,338,discovery_date,2017,2018,1,109.83,26.07,FALSE,FALSE,湖南黄桑,national,森林生态,1982,27.1906188513483,481623.245856829,2744410.01798159,Hunan,338,FALSE,FALSE,FALSE,FALSE,"","",unknown,1.57251663208008,1576,745,0.233121858022171,0.0366689971097029,0.0800731827586212,Sasia ochracea|Hunan|2017,0,798,0,0,-0.858557429092632,0.728678661433813,0
Saxicola ferreus,Tianjin,2019,2486,discovery_date,2019,2019,0,117.63,39.07,FALSE,FALSE,天津古海岸与湿地国家级自然保护区,national,海洋海岸,1992,9.41734087339818,1070999.39910178,4263023.96713508,Tianjin,2486,FALSE,FALSE,FALSE,FALSE,观察和拍摄,"",birdwatching,1.25108337402344,559,5,0.101836937794206,0.0236811882055906,0.0626627916789563,Saxicola ferreus|Tianjin|2019,0,1435,0,0,-0.302634049068414,1.13055138834321,0
Sitta cinnamoventris,Tibet,2016,724,discovery_date,2016,2017,1,95.4,29.41,TRUE,TRUE,西藏雅鲁藏布大峡谷,national,森林生态,1985,0,-920158.353503993,3150008.07350366,Tibet,724,TRUE,TRUE,TRUE,TRUE,观察拍摄,"",birdwatching,0.414900016784668,799,3626,-0.0559222994950152,0.042174245586323,0.0244374209082694,Sitta cinnamoventris|Tibet|2016,6,2183,1,1,0.0949684556620752,0.527742297979116,1
Sitta formosa,Tibet,2019,724,discovery_date,2019,2019,0,95.36,29.33,TRUE,TRUE,西藏雅鲁藏布大峡谷,national,森林生态,1985,0,-924849.325434223,3141457.93073583,Tibet,724,TRUE,TRUE,TRUE,TRUE,观察和拍摄,"",birdwatching,0.414900016784668,799,3626,-0.0559222994950152,0.042174245586323,0.0244374209082694,Sitta formosa|Tibet|2019,4,1704,1,1,-0.139814223069985,1.13055138834321,1
Sitta villosa,Heilongjiang,2005,3491,discovery_date,2005,2006,1,126.66,45.74,FALSE,FALSE,团山子,local,森林生态,1998,58.5980467840502,1664721.70375343,5127406.11114788,Heilongjiang,3491,FALSE,FALSE,FALSE,FALSE,环志捕获,分布变化,professional_survey,0.424233341217041,518,118,0.11804982044742,0.12331782628698,0.0238698217419419,Sitta villosa|Heilongjiang|2005,0,466,0,0,-1.36780351121367,-1.68255770002255,0
Spilopelia chinensis,Inner Mongolia,2004,2704,discovery_date,2004,2006,2,111.72,40.81,FALSE,FALSE,内蒙古大青山,national,森林生态,1996,8.99021200278149,557657.674917173,4410168.61962514,Inner Mongolia,2704,FALSE,FALSE,FALSE,FALSE,观察拍摄,分布变化,birdwatching,0.258800005912781,305,1764,0.0422685521945524,0.025231014378407,0.0107402151845823,Spilopelia chinensis|Inner Mongolia|2004,6,1655,1,1,-0.167465559064507,-1.88349406347724,0
Spilopelia chinensis,Jilin,2016,3295,discovery_date,2016,2022,6,125.4,43.81,FALSE,FALSE,吉林伊通火山群国家级自然保护区,national,地质遗迹,1983,46.7169468739311,1613382.50555469,4895336.01740402,Jilin,3295,FALSE,FALSE,FALSE,FALSE,"","",unknown,0.492066669464111,597,219,0.114589651661273,0.073517564422611,0.022873542755,Spilopelia chinensis|Jilin|2016,6,503,1,1,-1.29550146241193,0.527742297979116,0
Spilopelia senegalensis,Gansu,2020,2602,discovery_date,2020,2023,3,97.11,40.47,FALSE,FALSE,甘肃安西极旱荒漠国家级自然保护区,national,荒漠生态,1987,76.2646030821408,-657606.544093199,4379064.4766791,Gansu,2602,FALSE,FALSE,FALSE,FALSE,"","",unknown,0.745766687393189,75,1367,0.170586572735392,0.0823993028940886,0.0604800763272079,Spilopelia senegalensis|Gansu|2020,0,445,0,0,-1.41143327908057,1.3314877517979,0
Spilornis cheela,Heilongjiang,2010,3555,discovery_date,2010,2011,1,124.56,47.08,FALSE,FALSE,傲宝山水禽湿地,local,野生动物,1989,46.4324206945342,1476309.27937587,5240269.97816807,Heilongjiang,3555,FALSE,FALSE,FALSE,FALSE,标本采集,分布变化,professional_survey,0.354199981689453,445,150,0.11804982044742,0.12331782628698,0.0238698217419419,Spilornis cheela|Heilongjiang|2010,0,450,0,0,-1.40086170058099,-0.677875882749064,0
Spilornis cheela,Shanghai,2015,,discovery_date,2015,2018,3,121.97,30.89,FALSE,FALSE,上海九段沙湿地国家级自然保护区,national,湿地生态,2000,23.3731302409304,1592935.8520057,3408049.69050232,"",,FALSE,FALSE,FALSE,FALSE,观察拍摄,分布变化,birdwatching,,,,,,,Spilornis cheela|Shanghai|2015,0,8068,0,0,1.33422343160108,0.326805934524419,0
Spinus spinus,Xinjiang,2010,2670,discovery_date,2010,2010,0,91.25,40.63,FALSE,FALSE,新疆罗布泊野骆驼国家级自然保护区,national,荒漠生态,1986,63.6427224268132,-1141069.31856045,4450121.00549488,Xinjiang,2670,FALSE,FALSE,FALSE,FALSE,"","",unknown,1.11459999084473,18,791,0.138596983544164,0.0491553825225537,0.0365092249655955,Spinus spinus|Xinjiang|2010,5,3592,1,1,0.567040593531273,-0.677875882749064,0
Spizixos semitorques,Beijing,2019,2557,discovery_date,2019,2022,3,116.33,39.94,FALSE,FALSE,北京百花山,national,森林生态,1985,51.9380136749735,950077.522526656,4347355.39058905,Beijing,2557,FALSE,FALSE,FALSE,FALSE,观察拍摄,"",birdwatching,1.23383331298828,579,48,0.157096469842086,0.0434172833091068,0.0512745911076958,Spizixos semitorques|Beijing|2019,4,18587,1,1,2.12553438719915,1.13055138834321,0
Spizixos semitorques,Hebei,2019,2104,discovery_date,2019,2020,1,114.01,37.14,FALSE,FALSE,河北都山,provincial,森林生态,2001,18.4706558922287,784814.508896198,4012295.16469374,Hebei,2104,FALSE,FALSE,FALSE,FALSE,"","",unknown,1.09983329772949,575,649,0.325590305177595,0.0981936742313489,0.0923150000809967,Spizixos semitorques|Hebei|2019,0,2100,0,0,0.0582284372728645,1.13055138834321,0
Spizixos semitorques,Shandong,2011,,discovery_date,2011,2017,6,119.55,35.5,FALSE,FALSE,江苏云台山森林,provincial,森林生态,1981,92.3328247986643,1291646.83103319,3886115.03608122,Shandong,,FALSE,FALSE,FALSE,FALSE,"","",unknown,,,,,,,Spizixos semitorques|Shandong|2011,6,1919,1,1,-0.0271987026053853,-0.476939519294367,0
Spodiopsar cineraceus,Tibet,2016,859,discovery_date,2016,2018,2,91.56,29.84,TRUE,TRUE,西藏雅鲁藏布江中游河谷黑颈鹤,national,野生动物,1993,0,-1279788.19357954,3240449.66112116,Tibet,859,TRUE,TRUE,TRUE,TRUE,观察和拍摄,"",birdwatching,0.320266675949097,372,4308,-0.0559222994950152,0.042174245586323,0.0244374209082694,Spodiopsar cineraceus|Tibet|2016,1,2183,1,0,0.0949684556620752,0.527742297979116,1
Spodiopsar sericeus,Gansu,2015,1335,discovery_date,2015,2015,0,105.49,33,TRUE,FALSE,裕河金丝猴,provincial,野生动物,2002,0,45047.4700352751,3509209.918678,Gansu,1335,TRUE,TRUE,TRUE,TRUE,"","",unknown,1.00089998245239,720,1692,0.170586572735392,0.0823993028940886,0.0604800763272079,Spodiopsar sericeus|Gansu|2015,1,1013,1,0,-0.632589506310119,0.326805934524419,1
Spodiopsar sericeus,Jilin,2019,3336,discovery_date,2019,2025,6,123.79,44.23,FALSE,FALSE,腰井子羊草草原,provincial,草原草甸,1986,44.9487694566975,1478777.48913241,4916469.60659426,Jilin,3336,FALSE,FALSE,FALSE,FALSE,"","",unknown,0.568083333969116,463,195,0.114589651661273,0.073517564422611,0.022873542755,Spodiopsar sericeus|Jilin|2019,0,310,0,0,-1.75330597925961,1.13055138834321,0
Spodiopsar sericeus,Liaoning,2007,2722,discovery_date,2007,2014,7,124.15,39.97,FALSE,FALSE,丹东鸭绿江口湿地,national,海洋海岸,1987,15.5598470987885,1598704.68079354,4451137.19863772,Liaoning,2722,FALSE,FALSE,FALSE,FALSE,"","",unknown,0.930000019073486,918,3,0.241593679938866,0.0863163654593768,0.0709852748416341,Spodiopsar sericeus|Liaoning|2007,10,3735,1,1,0.604049326468744,-1.28068497311315,0
Spodiopsar sericeus,Ningxia,2016,2088,discovery_date,2016,2024,8,105.05,37.47,TRUE,TRUE,宁夏沙坡头国家级自然保护区,national,荒漠生态,1984,0,4342.43751217605,4013965.14892764,Ningxia,2088,TRUE,TRUE,TRUE,TRUE,"","",unknown,0.943200016021729,186,1286,0.0422685521945524,0.025231014378407,0.0107402151845823,Spodiopsar sericeus|Ningxia|2016,0,281,0,0,-1.84612728245639,0.527742297979116,1
Streptopelia decaocto,Heilongjiang,2005,3702,discovery_date,2005,2006,1,125.26,49.1,FALSE,FALSE,茂山林场,local,野生动物,1992,68.4998258150478,1483114.42114759,5469784.39996217,Heilongjiang,3702,FALSE,FALSE,FALSE,FALSE,环志时捕获,分布变化,professional_survey,0.0100500009953976,504,354,0.11804982044742,0.12331782628698,0.0238698217419419,Streptopelia decaocto|Heilongjiang|2005,4,466,1,1,-1.36780351121367,-1.68255770002255,0
Sturnia sinensis,Jiangsu,2018,1596,discovery_date,2018,2019,1,119.78,33.86,FALSE,FALSE,大洞山,local,森林生态,2001,53.8490352488847,1339383.33663506,3705983.02123101,Jiangsu,1596,FALSE,FALSE,FALSE,FALSE,"","",unknown,1.42223329544067,834,-2,0.108386098725391,0.0217271318036011,0.0534683116468678,Sturnia sinensis|Jiangsu|2018,0,6076,0,0,1.06537404986321,0.929615024888509,0
Sturnus vulgaris,Heilongjiang,2007,3554,discovery_date,2007,2008,1,124.22,47.2,FALSE,FALSE,傲宝山水禽湿地,local,野生动物,1989,17.3921775039368,1448406.58813117,5248341.87730787,Heilongjiang,3554,FALSE,FALSE,FALSE,FALSE,观察和拍摄,分布变化,birdwatching,0.380583333969116,419,142,0.11804982044742,0.12331782628698,0.0238698217419419,Sturnus vulgaris|Heilongjiang|2007,0,464,0,0,-1.37187330617365,-1.28068497311315,0
Sturnus vulgaris,Inner Mongolia,2013,3755,discovery_date,2013,2014,1,121.5,51.33,FALSE,FALSE,内蒙古大兴安岭汗马,national,森林生态,1979,68.9226196903776,1170295.1629559,5659641.0670791,Inner Mongolia,3755,FALSE,FALSE,FALSE,FALSE,拍摄,分布变化,birdwatching,-0.420983362197876,481,779,0.0422685521945524,0.025231014378407,0.0107402151845823,Sturnus vulgaris|Inner Mongolia|2013,5,1540,1,1,-0.23571520524548,-0.075066792384974,0
Sturnus vulgaris,Shaanxi,2012,1654,discovery_date,2012,2013,1,109.54,34.81,FALSE,FALSE,陕西延安黄龙山褐马鸡,national,野生动物,2001,46.8661568322927,407897.865564406,3722678.8878626,Shaanxi,1654,FALSE,FALSE,FALSE,FALSE,观察拍摄,分布变化,birdwatching,1.32613334655762,583,442,0.192968737556714,0.0548750555002221,0.0571667460837103,Sturnus vulgaris|Shaanxi|2012,3,1546,1,1,-0.232030249429114,-0.276003155839671,0
Suthora fulvifrons,Hubei,2017,1041,discovery_date,2017,2017,0,110.19,31.45,TRUE,TRUE,湖北神农架,national,森林生态,1986,0,486041.134738048,3347247.87773528,Hubei,1041,TRUE,TRUE,TRUE,TRUE,"","",unknown,1.36809997558594,1202,846,0.217144813451741,0.0431056373179286,0.0631284864935155,Suthora fulvifrons|Hubei|2017,2,2157,1,0,0.0836119035173024,0.728678661433813,1
Syrmaticus humiae,Yunnan,2017,69,discovery_date,2017,2022,5,104.37,23.1,FALSE,FALSE,麻栗坡老君山,provincial,森林生态,1981,23.6808526749353,-64929.5968415414,2404354.54758204,Yunnan,69,FALSE,FALSE,FALSE,FALSE,"","",unknown,1.71666660308838,1669,1312,0.203671072863646,0.0414938965274204,0.0642392426901583,Syrmaticus humiae|Yunnan|2017,6,8907,1,1,1.42802556764989,0.728678661433813,0
Syrmaticus reevesii,Guangxi,2020,210,discovery_date,2020,2021,1,106.28,24.8,TRUE,TRUE,广西雅长兰科植物,national,野生植物,2005,0,129498.072354699,2592660.76862547,Guangxi,210,TRUE,TRUE,TRUE,TRUE,"","",unknown,1.66383323669434,1270,1121,0.233121858022171,0.0366689971097029,0.0800731827586212,Syrmaticus reevesii|Guangxi|2020,0,1995,0,0,0.00961277276101027,1.3314877517979,1
Tarsiger chrysaeus,Guizhou,2019,372,discovery_date,2019,2020,1,106.57,26.29,FALSE,FALSE,乐宽苏铁,local,野生植物,2000,103.462474251606,156221.010720717,2758383.02184731,Guizhou,372,FALSE,FALSE,FALSE,FALSE,"","",unknown,1.44686670303345,1132,1297,0.144323990786465,0.0298168180438408,0.0560273132062786,Tarsiger chrysaeus|Guizhou|2019,0,704,0,0,-0.977244727417802,1.13055138834321,0
Tarsiger indicus,Shaanxi,2015,1418,discovery_date,2015,2018,3,107.83,33.67,TRUE,TRUE,陕西佛坪,national,野生动物,1978,0,257984.295868986,3588339.51171378,Shaanxi,1418,TRUE,TRUE,TRUE,TRUE,"","",unknown,0.81676664352417,823,1736,0.192968737556714,0.0548750555002221,0.0571667460837103,Tarsiger indicus|Shaanxi|2015,0,1327,0,0,-0.376776111763359,0.326805934524419,1
Temnurus temnurus,Guangdong,2020,37,discovery_date,2020,2022,2,111.43,21.79,FALSE,FALSE,广东云开山,national,森林生态,2010,50.0864951671745,671546.853325978,2282031.07775317,Guangdong,37,FALSE,FALSE,FALSE,FALSE,"","",unknown,2.30165004730225,1953,47,0.162594727376706,0.0242739372407283,0.0586741474778168,Temnurus temnurus|Guangdong|2020,0,4003,0,0,0.669743259538269,1.3314877517979,0
Tephrodornis virgatus,Zhejiang,2019,638,discovery_date,2019,2020,1,119.87,27.75,FALSE,FALSE,浙江乌岩岭,national,森林生态,1974,4.140089447132,1449884.38513306,3028599.62241884,Zhejiang,638,FALSE,FALSE,FALSE,TRUE,"","",unknown,1.56426668167114,1706,580,0.24517462933645,0.0470920804650966,0.0850920271159029,Tephrodornis virgatus|Zhejiang|2019,2,13071,1,0,1.79170518263318,1.13055138834321,0
Thalasseus bergii,Shanghai,2011,,discovery_date,2011,2013,2,121.98,31.29,FALSE,FALSE,上海九段沙湿地国家级自然保护区,national,湿地生态,2000,7.09159159510648,1586211.94323045,3452521.93092821,"",,FALSE,FALSE,FALSE,FALSE,观察拍摄,分布变化或缺乏调查,birdwatching,,,,,,,Thalasseus bergii|Shanghai|2011,0,8487,0,0,1.38222803542348,-0.476939519294367,0
Timalia pileata,Jiangxi,2003,226,discovery_date,2003,2011,8,114.38,24.49,FALSE,FALSE,江西九连山,national,森林生态,1981,2.17920452401146,950829.083801873,2602474.95346034,Guangdong,226,FALSE,FALSE,TRUE,TRUE,"","",unknown,1.90653343200684,1812,479,0.162594727376706,0.0242739372407283,0.0586741474778168,Timalia pileata|Jiangxi|2003,0,3432,0,0,0.523844476687031,-2.08443042693194,0
Tragopan caboti,Anhui,2018,838,discovery_date,2018,2022,4,118.23,29.43,FALSE,FALSE,浙江古田山,national,野生动物,1975,18.899983564,1266018.111847,3192205.89207568,Zhejiang,838,FALSE,FALSE,FALSE,FALSE,"","",unknown,1.65648326873779,1677,216,0.316090936826047,0.0555181677950237,0.0727307499262645,Tragopan caboti|Anhui|2018,0,1425,0,0,-0.309260636273566,0.929615024888509,0
Tragopan temminckii,Henan,2017,1579,discovery_date,2017,2021,4,110.38,34.38,TRUE,TRUE,陕西延安黄龙山褐马鸡,national,野生动物,2001,0,485929.777611459,3677964.64112748,Shaanxi,1579,TRUE,TRUE,TRUE,TRUE,"","",unknown,0.780850028991699,725,1772,0.213808908135841,0.0439882479651097,0.0594135815288783,Tragopan temminckii|Henan|2017,0,1174,0,0,-0.492848828040822,0.728678661433813,1
Treron sieboldii,Jiangxi,2004,226,discovery_date,2004,2011,7,114.38,24.49,FALSE,FALSE,江西九连山,national,森林生态,1981,2.17920452401146,950829.083801873,2602474.95346034,Guangdong,226,FALSE,FALSE,TRUE,TRUE,"","",unknown,1.90653343200684,1812,479,0.162594727376706,0.0242739372407283,0.0586741474778168,Treron sieboldii|Jiangxi|2004,0,3426,0,0,0.52218571106855,-1.88349406347724,0
Treron sieboldii,Zhejiang,2020,638,discovery_date,2020,2021,1,119.67,27.71,TRUE,TRUE,浙江乌岩岭,national,森林生态,1974,0,1431184.05133512,3021282.06332291,Zhejiang,638,TRUE,TRUE,TRUE,TRUE,"","",unknown,1.56426668167114,1706,580,0.24517462933645,0.0470920804650966,0.0850920271159029,Treron sieboldii|Zhejiang|2020,3,11888,1,1,1.70175417565086,1.3314877517979,1
Turdus boulboul,Fujian,2019,634,discovery_date,2019,2020,1,117.78,27.86,TRUE,TRUE,江西武夷山,national,森林生态,1981,0,1245744.34392162,3012387.8192256,Jiangxi,634,TRUE,TRUE,TRUE,TRUE,红外相机拍摄,分布变化,professional_survey,1.71494998931885,1817,404,0.316090936826047,0.0555181677950237,0.0727307499262645,Turdus boulboul|Fujian|2019,0,1401,0,0,-0.325355972107452,1.13055138834321,1
Turdus boulboul,Henan,2016,1426,discovery_date,2016,2020,4,111.92,33.5,TRUE,TRUE,河南内乡宝天曼,national,森林生态,1980,0,631741.226171907,3587509.61026156,Henan,1426,TRUE,TRUE,TRUE,TRUE,"","",unknown,1.31653337478638,846,708,0.213808908135841,0.0439882479651097,0.0594135815288783,Turdus boulboul|Henan|2016,0,1289,0,0,-0.404305859778414,0.527742297979116,1
Turdus boulboul,Hunan,2009,620,publication_minus_median_lag,2011,2010,1,110.65,28.8,FALSE,FALSE,湖南小溪,national,森林生态,1982,28.6869757200409,545989.033804985,3052715.77052416,Hunan,620,FALSE,FALSE,FALSE,FALSE,记录鸣声，观察，捡到尸体,分布变化,birdwatching,1.6816333770752,1387,171,0.103357874200594,0.0189702283469961,0.0347710350255269,Turdus boulboul|Hunan|2009,3,1128,1,1,-0.530718439701802,-0.878812246203761,0
Turdus boulboul,Jiangxi,2017,387,discovery_date,2017,2018,1,114.04,26.3,FALSE,FALSE,湖南炎陵桃源洞,national,森林生态,1982,1.01423829112128,898208.473348163,2799181.20315679,Jiangxi,387,FALSE,TRUE,TRUE,TRUE,"","",unknown,1.23218336105347,1860,1453,0.103357874200594,0.0189702283469961,0.0347710350255269,Turdus boulboul|Jiangxi|2017,0,2581,0,0,0.253713220547505,0.728678661433813,0
Turdus boulboul,Ningxia,2018,1723,discovery_date,2018,2019,1,106.35,35.27,TRUE,TRUE,六盘山,national,森林生态,1982,0,120623.233882995,3766131.39318693,Gansu,1723,TRUE,TRUE,TRUE,TRUE,"","",unknown,0.636100006103516,544,1983,0.106306392115411,0.0390005142637616,0.0480386607642616,Turdus boulboul|Ningxia|2018,0,234,0,0,-2.01901566230688,0.929615024888509,1
Turdus boulboul,Shaanxi,2006,1418,discovery_date,2006,2007,1,107.98,33.53,FALSE,FALSE,陕西佛坪,national,野生动物,1978,5.14781778241233,272128.375276974,3572952.61717597,Shaanxi,1418,FALSE,FALSE,FALSE,FALSE,观察,分布变化,birdwatching,0.81676664352417,823,1736,0.192968737556714,0.0548750555002221,0.0571667460837103,Turdus boulboul|Shaanxi|2006,3,1862,1,1,-0.0557765269687691,-1.48162133656785,0
Turdus boulboul,Tibet,2019,584,discovery_date,2019,2020,1,91.96,27.99,FALSE,FALSE,西藏雅鲁藏布江中游河谷黑颈鹤,national,野生动物,1993,118.831099007201,-1269042.29244578,3030076.22293268,Tibet,584,FALSE,FALSE,FALSE,FALSE,红外相机拍摄,分布变化,professional_survey,-0.260500001907349,381,5138,-0.0559222994950152,0.042174245586323,0.0244374209082694,Turdus boulboul|Tibet|2019,2,1704,1,0,-0.139814223069985,1.13055138834321,0
Turdus cardis,Beijing,2013,2557,discovery_date,2013,2014,1,116.33,40,FALSE,FALSE,北京百花山,national,森林生态,1985,52.8357873297846,949305.997157936,4354086.61359374,Beijing,2557,FALSE,FALSE,FALSE,FALSE,观察拍摄,分布变化,birdwatching,1.23383331298828,579,48,0.157096469842086,0.0434172833091068,0.0512745911076958,Turdus cardis|Beijing|2013,3,27313,1,1,2.49050400789462,-0.075066792384974,0
Turdus cardis,Shaanxi,2019,1576,discovery_date,2019,2019,0,109.05,34.32,FALSE,FALSE,陕西牛背梁,national,野生动物,1988,44.488000623224,366156.003958188,3665490.77634573,Shaanxi,1576,FALSE,FALSE,FALSE,FALSE,观察拍摄,分布变化,birdwatching,1.30500001907349,617,429,0.192968737556714,0.0548750555002221,0.0571667460837103,Turdus cardis|Shaanxi|2019,0,431,0,0,-1.4416765047757,1.13055138834321,0
Turdus feae,Guizhou,2015,555,discovery_date,2015,2016,1,107.15,28.2,TRUE,TRUE,贵州绥阳宽阔水,national,森林生态,1989,0,209314.637124196,2972343.65202652,Guizhou,555,TRUE,TRUE,TRUE,TRUE,"","",unknown,1.49596662521362,1092,912,0.144323990786465,0.0298168180438408,0.0560273132062786,Turdus feae|Guizhou|2015,0,1100,0,0,-0.554532517733455,0.326805934524419,1
Turdus feae,Sichuan,2012,883,discovery_date,2012,2012,0,104.07,30.64,FALSE,FALSE,四川龙泉湖,provincial,湿地生态,1998,59.7686606314829,-87985.3921960604,3243900.59083559,Sichuan,883,FALSE,FALSE,FALSE,FALSE,"","",unknown,1.64375,1039,515,0.172594181637433,0.0614651285579834,0.0502349422385811,Turdus feae|Sichuan|2012,0,11448,0,0,1.66599411183213,-0.276003155839671,0
Turdus mandarinus,Beijing,2007,2557,discovery_date,2007,2011,4,116.29,40,FALSE,FALSE,北京百花山,national,森林生态,1985,49.5463267209673,945969.004771311,4353704.81225059,Beijing,2557,FALSE,FALSE,FALSE,FALSE,观察和拍摄,分布变化，调查不足,birdwatching,1.23383331298828,579,48,0.157096469842086,0.0434172833091068,0.0512745911076958,Turdus mandarinus|Beijing|2007,16,28763,1,1,2.53955299914047,-1.28068497311315,0
Turdus mandarinus,Ningxia,2016,2015,discovery_date,2016,2021,5,106.22,37.35,FALSE,FALSE,宁夏罗山,national,森林生态,1982,1.4177808110932,106119.508511068,4001050.47207447,Ningxia,2015,FALSE,FALSE,TRUE,TRUE,"","",unknown,0.784466695785523,288,1678,0.106306392115411,0.0390005142637616,0.0480386607642616,Turdus mandarinus|Ningxia|2016,2,281,1,0,-1.84612728245639,0.527742297979116,0
Turdus pilaris,Heilongjiang,2010,3761,discovery_date,2010,2012,2,125.14,51.14,TRUE,TRUE,黑龙江南瓮河,national,湿地生态,1999,0,1429412.38925289,5686962.83679352,Inner Mongolia,3761,TRUE,TRUE,TRUE,TRUE,环志捕捉,分布变化,professional_survey,-0.176116669178009,513,430,0.0422685521945524,0.025231014378407,0.0107402151845823,Turdus pilaris|Heilongjiang|2010,0,450,0,0,-1.40086170058099,-0.677875882749064,1
Turdus rubrocanus,Henan,2019,1196,discovery_date,2019,2020,1,114.25,31.94,TRUE,TRUE,河南董寨鸟类,national,野生动物,1982,0,860269.648018449,3429785.85503169,Henan,1196,TRUE,TRUE,TRUE,TRUE,"","",unknown,1.53155002593994,1092,127,0.213808908135841,0.0439882479651097,0.0594135815288783,Turdus rubrocanus|Henan|2019,1,651,1,0,-1.05135437980547,1.13055138834321,1
Turdus rubrocanus,Jiangxi,2017,762,discovery_date,2017,2018,1,115.28,29.01,TRUE,TRUE,江西九岭山,national,森林生态,1997,0,989741.802928678,3111969.04859093,Jiangxi,762,TRUE,TRUE,TRUE,TRUE,"","",unknown,1.62835006713867,1540,285,0.316090936826047,0.0555181677950237,0.0727307499262645,Turdus rubrocanus|Jiangxi|2017,0,2581,0,0,0.253713220547505,0.728678661433813,1
Turdus rubrocanus,Shanxi,2016,2100,discovery_date,2016,2018,2,111.92,37.65,FALSE,FALSE,山西庞泉沟,national,野生动物,1980,41.8524110063729,599089.708549882,4055199.47117231,Shanxi,2100,FALSE,FALSE,FALSE,FALSE,红外相机拍摄，环志时观测，拍摄并记录鸣声,"",professional_survey,0.72083330154419,491,1394,0.0564238582203988,0.0200895135714721,0.0300524363560955,Turdus rubrocanus|Shanxi|2016,4,678,1,1,-1.01287721443139,0.527742297979116,0
Turdus ruficollis,Jiangsu,2013,1206,discovery_date,2013,2021,8,119.49,31.55,FALSE,FALSE,盘台,local,森林生态,2006,32.2008441481925,1351149.43152065,3444565.90379279,Jiangsu,1206,FALSE,FALSE,FALSE,FALSE,"","",unknown,1.58118333816528,1130,12,0.108386098725391,0.0217271318036011,0.0534683116468678,Turdus ruficollis|Jiangsu|2013,1,7009,1,0,1.2008108621586,-0.075066792384974,0
Turdus ruficollis,Tianjin,2005,2414,discovery_date,2005,2006,1,117.1,38.91,FALSE,FALSE,天津古海岸与湿地国家级自然保护区,national,海洋海岸,1992,48.2309122991897,1028482.13529981,4239480.29302823,Tianjin,2414,FALSE,FALSE,FALSE,FALSE,"","",unknown,1.27321662902832,533,3,0.101836937794206,0.0236811882055906,0.0626627916789563,Turdus ruficollis|Tianjin|2005,6,2115,1,1,0.0649744517576149,-1.68255770002255,0
Turdus viscivorus,Gansu,2018,2454,discovery_date,2018,2019,1,98.53,39.75,FALSE,FALSE,甘肃祁连山,national,森林生态,1987,26.7240302420585,-544734.073010744,4289383.40819474,Gansu,2454,FALSE,FALSE,FALSE,FALSE,"","",unknown,0.676433324813843,106,1556,0.170586572735392,0.0823993028940886,0.0604800763272079,Turdus viscivorus|Gansu|2018,0,838,0,0,-0.812235117391374,0.929615024888509,0
Turdus viscivorus,Inner Mongolia,2019,2849,discovery_date,2019,2023,4,101.07,42.13,FALSE,FALSE,内蒙古额济纳胡杨林,national,荒漠生态,1986,5.45549260424817,-320405.362998603,4546432.17483217,Inner Mongolia,2849,FALSE,FALSE,FALSE,FALSE,观察拍摄,分布变化,birdwatching,0.919016647338867,34,930,0.0422685521945524,0.025231014378407,0.0107402151845823,Turdus viscivorus|Inner Mongolia|2019,0,668,0,0,-1.02694662341897,1.13055138834321,0
Tyto longimembris,Hebei,2004,2341,discovery_date,2004,2005,1,117.5,38.15,FALSE,FALSE,河北黄骅古贝壳堤,provincial,古生物遗迹,1995,23.0080517000072,1073090.81465642,4158476.28146604,Hebei,2341,FALSE,FALSE,FALSE,FALSE,环志网捕,分布变化,professional_survey,1.31321668624878,524,4,0.325590305177595,0.0981936742313489,0.0923150000809967,Tyto longimembris|Hebei|2004,1,6798,1,0,1.17182996620154,-1.88349406347724,0
Urosphena squameiceps,Anhui,2013,1204,discovery_date,2013,2017,4,118.5,31.69,FALSE,FALSE,盘台,local,森林生态,2006,47.0606967263073,1257290.22018107,3447156.952178,Anhui,1204,FALSE,FALSE,FALSE,FALSE,"","",unknown,1.59596662521362,1114,5,0.22778909196967,0.0441725398814915,0.0682618595424368,Urosphena squameiceps|Anhui|2013,4,1611,1,1,-0.193001663910764,-0.075066792384974,0
Vanellus indicus,Chongqing,2017,745,discovery_date,2017,2019,2,106.68,29.74,FALSE,FALSE,白市驿,local,野生动物,1998,23.6344558903939,160645.288574444,3143836.86758064,Chongqing,745,FALSE,FALSE,FALSE,FALSE,观察和拍摄,"",birdwatching,1.81695003509521,1164,324,0.0101790158016724,0.0019952400259006,0.00710953190322487,Vanellus indicus|Chongqing|2017,0,584,0,0,-1.15417686934553,0.728678661433813,0
Yuhina nigrimenta,Gansu,2016,1257,discovery_date,2016,2017,1,105.38,32.88,FALSE,FALSE,裕河金丝猴,provincial,野生动物,2002,0.0211095522388142,34986.6058440844,3495638.25537463,Gansu,1257,FALSE,TRUE,TRUE,TRUE,"","",unknown,1.33133335113525,779,1130,0.172594181637433,0.0614651285579834,0.0502349422385811,Yuhina nigrimenta|Gansu|2016,0,982,0,0,-0.662032115653269,0.527742297979116,0
Yuhina nigrimenta,Shaanxi,2006,1260,discovery_date,2006,2007,1,107.25,32.55,FALSE,FALSE,陕西龙池,provincial,森林生态,2002,9.19661878903636,207983.068150756,3460738.38422765,Shaanxi,1260,FALSE,FALSE,FALSE,FALSE,观察,分布变化,birdwatching,1,941,1593,0.192968737556714,0.0548750555002221,0.0571667460837103,Yuhina nigrimenta|Shaanxi|2006,2,1862,1,0,-0.0557765269687691,-1.48162133656785,0
Zoothera dixoni,Hubei,2019,822,discovery_date,2019,2020,1,109.71,29.99,TRUE,TRUE,湖北七姊妹山,national,森林生态,1990,0,448903.312636481,3181168.69011368,Hubei,822,TRUE,TRUE,TRUE,TRUE,"","",unknown,1.19704999923706,1485,1338,0.217144813451741,0.0431056373179286,0.0631284864935155,Zoothera dixoni|Hubei|2019,0,1819,0,0,-0.0779199241884166,1.13055138834321,1
Zoothera dixoni,Hunan,2015,823,discovery_date,2015,2016,1,110.1,29.78,TRUE,TRUE,湖南八大公山,national,森林生态,1986,0,487251.688811373,3159480.90510343,Hubei,823,TRUE,TRUE,TRUE,TRUE,红外相机拍摄,分布变化,professional_survey,1.1654167175293,1480,1389,0.217144813451741,0.0431056373179286,0.0631284864935155,Zoothera dixoni|Hunan|2015,0,924,0,0,-0.719700957224157,0.326805934524419,1
Zoothera mollissima,Hunan,2012,824,discovery_date,2012,2014,2,110.74,29.87,TRUE,TRUE,湖南壶瓶山,national,森林生态,1982,0,547749.397121714,3172895.80527119,Hunan,824,TRUE,TRUE,TRUE,TRUE,观察拍摄,分布变化,birdwatching,1.57089996337891,1298,413,0.103357874200594,0.0189702283469961,0.0347710350255269,Zoothera mollissima|Hunan|2012,0,1013,0,0,-0.632589506310119,-0.276003155839671,1
Zoothera mollissima,Shaanxi,2004,1496,discovery_date,2004,2007,3,107.89,34.1,FALSE,FALSE,陕西太白山,national,森林生态,1965,13.1175377818022,262040.073555383,3637001.22850555,Shaanxi,1496,FALSE,FALSE,FALSE,FALSE,观察,分布变化,birdwatching,0.679616641998291,744,1922,0.192968737556714,0.0548750555002221,0.0571667460837103,Zoothera mollissima|Shaanxi|2004,0,1904,0,0,-0.0346360801045751,-1.88349406347724,0
Zoothera monticola,Tibet,2019,584,discovery_date,2019,2020,1,91.96,27.99,FALSE,FALSE,西藏雅鲁藏布江中游河谷黑颈鹤,national,野生动物,1993,118.831099007201,-1269042.29244578,3030076.22293268,Tibet,584,FALSE,FALSE,FALSE,FALSE,红外相机拍摄,分布变化,professional_survey,-0.260500001907349,381,5138,-0.0559222994950152,0.042174245586323,0.0244374209082694,Zoothera monticola|Tibet|2019,1,1704,1,0,-0.139814223069985,1.13055138834321,0
Zoothera monticola,Yunnan,2007,154,discovery_date,2007,2007,0,97.83,24.02,FALSE,FALSE,德党后山水源林,local,森林生态,1984,130.913902310892,-731004.146484586,2531992.05739897,Yunnan,154,FALSE,FALSE,FALSE,FALSE,"","",unknown,1.95443325042725,1565,1050,0.203671072863646,0.0414938965274204,0.0642392426901583,Zoothera monticola|Yunnan|2007,2,12481,1,0,1.74790982382185,-1.28068497311315,0
Zosterops erythropleurus,Qinghai,2017,1790,discovery_date,2017,2019,2,102.67,35.8,TRUE,TRUE,青海循化孟达,national,森林生态,1980,0,-206768.762627438,3827623.02657228,Qinghai,1790,TRUE,TRUE,TRUE,TRUE,"","",unknown,0.735166645050049,437,2053,0.025943770905657,0.0199916177277117,0.019640334825541,Zosterops erythropleurus|Qinghai|2017,1,3479,1,0,0.536738717367909,0.728678661433813,1
