grid_id,province,warm_trend_dec,warm_delta_c,tmean_1980_2000,tmean_2002_2024
1,Hainan,,,,
2,Hainan,,,,
3,Hainan,0.192632859246377,0.376639083140958,25.576984481206,25.953623564347
4,Hainan,0.173254264044982,0.377587955355068,24.4702384736803,24.8478264290354
5,Hainan,0.197134345992384,0.424206240741526,23.6174607541826,24.0416669949241
6,Hainan,0.192687740753134,0.38259145767627,23.687698769191,24.0702902268672
7,Hainan,0.211253890564006,0.44841282839937,24.8432543012831,25.2916671296825
8,Hainan,0.213043487537939,0.450776423479947,25.1202384403774,25.5710148638573
9,Hainan,0.195970590249667,0.414734333938689,23.9388892082941,24.3536235422328
10,Hainan,0.191886252984174,0.409972386988709,23.9019845023988,24.3119568893875
11,Hainan,0.23414580812567,0.492063466230693,24.5829368924338,25.0750003586645
12,Hainan,0.220707060529521,0.468374746762283,24.8928575477903,25.3612322945526
13,Hainan,0.229885811757561,0.486369907321233,24.6317463678027,25.1181162751239
14,Hainan,0.240129570192447,0.507660490138687,24.5952384358361,25.1028989259748
15,Hainan,0.211045210645237,0.426535457969123,24.7448416929396,25.1713771509088
16,Hainan,0.199143625635509,0.40508971089244,24.4289686187865,24.834058329679
17,Hainan,0.211045210645237,0.426535457969123,24.7448416929396,25.1713771509088
18,Guangdong,0.199143625635509,0.40508971089244,24.4289686187865,24.834058329679
19,Guangdong,0.211111109247321,0.42715667148061,23.8710321358272,24.2981888073078
20,Yunnan,0.232202453680295,0.555762583013237,21.3253971924857,21.881159775499
21,Guangxi,0.20479799395441,0.455055239449042,23.4210320805746,23.8760873200237
22,Guangdong,0.227097047856883,0.448844017367097,23.5591273799775,24.0079713973446
23,Guangdong,0.25013175668243,0.500034507181493,23.6079368742686,24.10797138145
24,Guangdong,,,,
25,Yunnan,0.280961795914942,0.637215303996257,20.1928574963221,20.8300728003184
26,Yunnan,0.226668865470233,0.551432053412629,21.1626987835718,21.7141308369844
27,Yunnan,0.235254708224343,0.561801227394504,21.6892860995399,22.2510873269344
28,Yunnan,0.302975399953837,0.702225653034319,20.9285717918759,21.6307974449102
29,Guangxi,0.219949528581487,0.432833063265139,21.6682542581407,22.1010873214058
30,Guangxi,0.18505709099047,0.38012422143056,21.6285717714401,22.0086959928706
31,Guangxi,0.188768128737264,0.381159439343609,22.6916670118059,23.0728264511495
32,Guangxi,0.187670156942106,0.381521668575651,22.8000004140158,23.1815220825914
33,Guangxi,0.207531803157907,0.460817722224476,23.0047623127226,23.4655800349471
34,Guangxi,0.22248571935745,0.45757420561575,22.7253971440452,23.1829713496609
35,Guangdong,0.242676777226075,0.486369924927026,22.956746411702,23.443116336629
36,Guangdong,0.205819056648722,0.413699089205622,23.4424606807648,23.8561597699704
37,Guangdong,0.210540171930234,0.423585221387334,22.8412702083588,23.2648554297461
38,Guangdong,0.257125623612536,0.514303034301289,22.9480162499443,23.4623192842456
39,Guangdong,0.253853736030568,0.511352634331203,22.5944448085058,23.105797442837
40,Yunnan,0.257729465730053,0.640458944503649,19.9888892817119,20.6293482262155
41,Yunnan,0.270245980839484,0.64849903256092,19.104762198433,19.753261230994
42,Yunnan,0.284584988404326,0.722463803919865,20.8083336845277,21.5307974884476
43,Yunnan,0.229292946318339,0.547808858589768,20.4376987540533,20.985507612643
44,Yunnan,0.308662709825438,0.776121470745554,20.5329368568602,21.3090583276058
45,Guangxi,0.178502403333828,0.366545834814463,22.3305559309702,22.6971017657847
46,Guangxi,0.189558641607948,0.398844064228115,22.5591273497021,22.9579714139303
47,Guangxi,0.190469942859354,0.396273289819352,22.2595241675301,22.6557974573495
48,Guangxi,0.197178321707705,0.408074555518787,22.0738098583524,22.4818844138712
49,Guangxi,0.194071142936308,0.391649420299224,22.2710320798178,22.662681500117
50,Guangxi,0.192369352478075,0.372739841725764,22.2301590669723,22.602898908698
51,Guangxi,0.235265720503133,0.4778468107009,21.6297622332497,22.1076090439506
52,Guangxi,0.209167746215941,0.435869520330858,21.9916670398107,22.4275365601415
53,Guangxi,0.258168642071709,0.518564515643654,22.3865082528856,22.9050727685293
54,Guangdong,0.257992964750013,0.520082798721543,21.1107146323673,21.6307974310889
55,Guangdong,0.262516454274475,0.516908188372991,22.1138892703586,22.6307974587316
56,Guangdong,0.235946398531076,0.467822610303561,22.0575400609819,22.5253626712854
57,Guangdong,0.241490997030485,0.482677709982269,22.5158733753931,22.9985510853754
58,Guangdong,0.251339462068346,0.509126930585641,22.7742067026714,23.283333633257
59,Yunnan,0.237132212756546,0.572377551087349,18.3051590843806,18.877536635468
60,Yunnan,0.259925360317339,0.632712281268578,19.5821431477865,20.214855429055
61,Yunnan,0.273243312517382,0.680538316691141,19.798809834889,20.4793481515802
62,Yunnan,0.245026336514116,0.582298100776225,18.778571745706,19.3608698464822
63,Yunnan,0.246332908859891,0.588647361292026,19.6055559014517,20.1942032627437
64,Yunnan,0.255544601012386,0.590735096862357,20.0857145786285,20.6764496754909
65,Yunnan,0.264898997312267,0.611835733621675,19.5888892620329,20.2007249956546
66,Yunnan,0.261572244034349,0.60227744195937,20.4738098704626,21.0760873124219
67,Yunnan,0.252602099639362,0.582815712118578,22.5476194298457,23.1304351419642
68,Yunnan,0.249989003532018,0.576742539659218,21.8257940080431,22.4025365477023
69,Yunnan,0.257927082796396,0.594944793491873,21.7039685816992,22.2989133751911
70,Guangxi,0.181346075336923,0.370652190399962,21.2500002951849,21.6206524855849
71,Guangxi,0.191974107769952,0.395910991315926,21.6595240925986,22.0554350839145
72,Guangxi,0.200933253707516,0.41559700360374,22.1289685945662,22.54456559817
73,Guangxi,0.200944257923841,0.417632918426964,22.1888891855876,22.6065221040145
74,Guangxi,0.188153258634858,0.371825353617169,22.0365083141932,22.4083336678104
75,Guangxi,0.192742648436722,0.384627353083776,21.8559526943025,22.2405800473863
76,Guangxi,0.194993426729619,0.375776421538376,21.6285717563024,22.0043481778407
77,Guangxi,0.25707073770807,0.571152563503151,21.090079655723,21.6612322192261
78,Guangxi,0.190974975082504,0.336697772422934,21.4904764833904,21.8271742558134
79,Guangdong,0.216458058325825,0.395514163253555,21.4432542740353,21.8387684372888
80,Guangdong,0.259409271419494,0.522049611152823,22.121428955169,22.6434785663218
81,Guangdong,0.263285017348613,0.531504424709222,22.1043654964084,22.6358699211176
82,Guangdong,0.24285243193099,0.458454137674444,22.3861114335439,22.8445655712183
83,Guangdong,0.251855479869917,0.511283593148185,22.7619051706223,23.2731887637705
84,Yunnan,0.247837037960582,0.593961266503815,18.6527781486511,19.2467394151549
85,Yunnan,0.259398322174514,0.641735655756307,17.8408733398195,18.4826089955758
86,Yunnan,0.265228375668163,0.647653572636688,19.0853178122687,19.7329713849054
87,Yunnan,0.281005685351426,0.699948144502034,19.4714289960407,20.1713771405427
88,Yunnan,0.266018870529188,0.637732927350033,18.6452383995056,19.2829713268557
89,Yunnan,0.251043059085615,0.599741253875877,18.7571431530847,19.3568844069605
90,Yunnan,0.266666672760633,0.617098027381342,18.0908733208974,18.7079713482788
91,Yunnan,0.266161649123482,0.629416932065862,18.932539981509,19.5619569135749
92,Yunnan,0.257345199270839,0.599810244545104,18.2480161568475,18.8478264013926
93,Yunnan,0.256884076430915,0.595773017266602,16.8527780846944,17.448551101961
94,Yunnan,0.252832693544771,0.581815114261531,18.059127258876,18.6409423731375
95,Yunnan,0.263296029627402,0.609040776806253,19.1626987268054,19.7717395036117
96,Yunnan,0.263296029627402,0.609040776806253,19.1626987268054,19.7717395036117
97,Yunnan,0.2608037058282,0.627087680367126,18.8551590139904,19.4822466943575
98,Guangxi,0.250603841908101,0.582349807167969,19.5654765499963,20.1478263571642
99,Guangxi,0.205149319489169,0.439561762095654,19.2075399822659,19.6471017443616
100,Guangxi,0.242929315902079,0.502915864158609,20.4873019286564,20.9902177928151
101,Guangxi,0.195685115361035,0.399896507677834,21.1345241069794,21.5344206146572
102,Guangxi,0.204468588479318,0.419116626861921,21.9134924184708,22.3326090453328
103,Guangxi,0.199011840472684,0.40314008204011,21.7138892393264,22.1170293213665
104,Guangxi,0.194707971107137,0.388716423898174,21.3214288249848,21.710145248883
105,Guangxi,0.199462019878885,0.400914469614285,21.4436511085147,21.844565578129
106,Guangxi,0.214371997115377,0.47486201494295,21.768254249815,22.2431162647579
107,Guangxi,0.180621419604221,0.313957843721283,21.8353178046999,22.1492756484211
108,Guangxi,0.187384725716431,0.331383749564989,21.9182542619251,22.2496380114901
109,Guangxi,0.198715407857781,0.363492050361756,21.8948415877327,22.2583336380945
110,Guangdong,0.261879668405404,0.528985510043565,21.6500003413548,22.1789858513984
111,Guangdong,0.26572243540131,0.549861983318341,21.6265876368871,22.1764496202054
112,Guangdong,0.244609142951815,0.468409260689931,22.1757940186395,22.6442032793294
113,Guangdong,0.251559062961113,0.484437547773222,22.2789686218141,22.7634061695873
114,Guangdong,0.189350024094747,0.376224990381385,22.73174640489,23.1079713952714
115,Guangdong,0.200680735554148,0.387163596946341,22.5559527154953,22.9431163124416
116,Guangdong,0.2042051000348,0.388802651786406,22.4579368545896,22.846739506376
117,Guangdong,0.20750988205117,0.392908866854679,22.3107146422068,22.7036235090615
118,Yunnan,0.265404087752692,0.637336239640348,18.162301865835,18.7996381054754
119,Yunnan,0.27648220263294,0.68093510427666,17.2150796897828,17.8960147940594
120,Yunnan,0.274121681430333,0.668495581674936,17.9289685582358,18.5974641399107
121,Yunnan,0.274956108971966,0.651138748276885,18.0119050305987,18.6630437788756
122,Yunnan,0.28040186354713,0.660869616488085,18.408333649711,19.0692032661991
123,Yunnan,0.261912592576687,0.615907498110239,18.8837305099245,19.4996380080348
124,Yunnan,0.276383412947089,0.649292635210141,18.2789685688322,18.9282612040423
125,Yunnan,0.267742636227848,0.637888190826931,17.5059527026282,18.1438408934552
126,Yunnan,0.269707957013531,0.639389220396346,18.0678574736156,18.707246694012
127,Yunnan,0.262999600153719,0.621376925785018,16.9750002603682,17.5963771861532
128,Yunnan,0.261319711850198,0.614648018564502,17.0690479335331,17.6836959520976
129,Yunnan,0.258882329450346,0.60897177075254,17.3051590068,17.9141307775525
130,Yunnan,0.258882329450346,0.60897177075254,17.3051590068,17.9141307775525
131,Yunnan,0.25106501144749,0.589406490079117,17.7051590113413,18.2945655014204
132,Yunnan,0.257696535066915,0.617046256160798,18.9956352294438,19.6126814856045
133,Guangxi,0.18539744927059,0.372826092320526,20.4750003436255,20.847826435946
134,Guangxi,0.209870439273095,0.454899876919011,22.0269845023988,22.4818843793178
135,Guangxi,0.202206843245903,0.410610748373944,21.4904765288035,21.9010872771775
136,Guangxi,0.202997357111307,0.412629378672879,20.8714288794805,21.2840582581534
137,Guangxi,0.204194113514011,0.413043451934456,20.6583336837708,21.0713771357053
138,Guangxi,0.224714536754825,0.508661161051528,20.900397164481,21.4090583255326
139,Guangxi,0.242336398632736,0.543909616680949,21.2408733216543,21.7847829383353
140,Guangxi,0.226756731616754,0.420289959144061,20.6666669202229,21.086956879367
141,Guangxi,0.23377250468045,0.420824686274848,20.4313495802501,20.8521742665249
142,Guangxi,0.188768083294284,0.340562388516858,21.0293654600779,21.3699278485948
143,Guangxi,0.247924882485044,0.52027253104211,20.8543654320732,21.3746379631153
144,Guangdong,0.26144049866031,0.531849561682069,21.3087304698096,21.8405800314917
145,Guangdong,0.266128677729194,0.543978582175537,21.2150796859983,21.7590582681739
146,Guangdong,0.253249879777562,0.513526543326996,20.8277781009674,21.3413046442944
147,Guangdong,0.251559062961113,0.484437547773222,22.2789686218141,22.7634061695873
148,Guangdong,0.193313552980419,0.371549293203461,22.2480162628113,22.6195655560148
149,Guangdong,0.197650425675988,0.375931638121351,22.0726194154649,22.4485510535862
150,Guangdong,0.20439173738633,0.388733621792106,21.9420638500698,22.3307974718619
151,Guangdong,0.292896372946305,0.59208078776005,21.0535717275408,21.6456525153008
152,Guangdong,0.271980661020291,0.55648719927127,21.4253971765912,21.9818843758625
153,Guangdong,0.270520430989155,0.552622505678979,21.8531749551258,22.4057974608048
154,Yunnan,0.252371547407468,0.666149072930107,18.9392860427735,19.6054351157036
155,Yunnan,0.270553356102804,0.657660435939185,18.4369051456451,19.0945655815843
156,Yunnan,0.275472136616025,0.674879277632766,16.9055558083549,17.5804350859877
157,Yunnan,0.27810713822872,0.677311918668046,16.8984130147904,17.5757249334584
158,Yunnan,0.285386459734234,0.698999265212692,17.2781749339331,17.9771741991458
159,Yunnan,0.293346514553158,0.69128710932366,17.0626987275623,17.753985836886
160,Yunnan,0.291359262608831,0.701207766621749,18.6694447085971,19.3706524752188
161,Yunnan,0.292380337344483,0.70567637636713,16.6722225102167,17.3778988865839
162,Yunnan,0.307971004126728,0.738043474937161,15.908333649711,16.6463771246482
163,Yunnan,0.268522174304967,0.643737043159593,17.1178574562073,17.7615944993669
164,Yunnan,0.293544141095513,0.673464472002614,16.2384923582985,16.9119568303011
165,Yunnan,0.272046549361057,0.629606632383386,17.2095241130344,17.8391307454178
166,Yunnan,0.255884952277114,0.604227099770757,18.0722225204347,18.6764496202054
167,Yunnan,0.255884952277114,0.604227099770757,18.0722225204347,18.6764496202054
168,Guangxi,0.264953875939575,0.633764603534516,18.8325400390322,19.4663046425667
169,Guangxi,0.258465067880636,0.615545139714222,20.2920638530973,20.9076089928116
170,Guangxi,0.135276704071173,0.278019406533883,20.3111113820757,20.5891307886096
171,Guangxi,0.212318875363483,0.464837916889547,20.0710320132119,20.5358699301015
172,Guangxi,0.208706653531729,0.424499662848813,20.1682543262603,20.5927539891091
173,Guangxi,0.226317505382056,0.562077242971036,19.5277781221602,20.0898553651312
174,Guangxi,0.197452774998593,0.511783946374926,19.9853178149178,20.4971017612927
175,Guangxi,0.194587187281186,0.504261587388442,19.855159019667,20.3594206070554
176,Guangxi,0.210463365651977,0.532729571239141,20.6444447343312,21.1771743055703
177,Guangxi,0.250175687897137,0.557332679022583,20.6948415532945,21.2521742323171
178,Guangxi,0.23367368813717,0.445203559410171,18.655159023073,19.1003625824832
179,Guangxi,0.240283254316411,0.44644583810026,19.3908733148423,19.8373191529426
180,Guangxi,0.24616819805988,0.465510730911241,19.8091272740137,20.2746380049249
181,Guangxi,0.259189767381,0.530452114866062,19.5373018790805,20.0677539939466
182,Guangdong,0.265371099186403,0.544651429105247,18.9615082911083,19.5061597202135
183,Guangdong,0.253249879777562,0.513526543326996,20.8277781009674,21.3413046442944
184,Guangdong,0.25498462058391,0.493702507578487,21.2515876785157,21.7452901860942
185,Guangdong,0.267742631306603,0.552070382383469,20.6261908251142,21.1782612074976
186,Guangdong,0.197178326105412,0.373792295376955,20.9972225484394,21.3710148438163
187,Guangdong,0.27316645493254,0.568581769185034,21.3738098371597,21.9423916063447
188,Guangdong,0.266578844570518,0.541528660153585,20.7932542581407,21.3347829182943
189,Guangdong,0.295070259310354,0.602053121832668,20.7055559006948,21.3076090225275
190,Guangdong,0.268456318737595,0.539095965971846,21.08373044786,21.6228264138318
191,Guangdong,0.257290312528714,0.492598399201121,21.0726193549141,21.5652177541152
192,Yunnan,0.252371547407468,0.666149072930107,18.9392860427735,19.6054351157036
193,Yunnan,0.271958714469671,0.659334004213271,18.9134924676683,19.5728264718816
194,Yunnan,0.272848047705455,0.707418932184179,16.431349498885,17.1387684310692
195,Yunnan,0.286594208259565,0.732522379043928,16.7801590533484,17.5126814323923
196,Yunnan,0.290162513849764,0.727864085023699,15.9753971383685,16.7032612233922
197,Yunnan,0.266853314928701,0.66340577528343,16.5166669573103,17.1800727325937
198,Yunnan,0.287692147071915,0.681728822021672,15.7559526231554,16.4376814451771
199,Yunnan,0.29807860567531,0.70074185525408,16.57063522793,17.2713770831841
200,Yunnan,0.300241546563846,0.699102801154449,16.6603177748029,17.3594205759574
201,Yunnan,0.276723777195524,0.672860637214617,15.4996034588133,16.1724640960279
202,Yunnan,0.301756689199817,0.680848817976695,14.8202384104804,15.5010872284571
203,Yunnan,0.310024183415298,0.730969732345752,15.6730161394392,16.4039858717849
204,Yunnan,0.305906878524984,0.719271814765559,14.8075400061078,15.5268118208733
205,Yunnan,0.32329824345647,0.714389314644908,16.3011907244486,17.0155800390935
206,Yunnan,0.32329824345647,0.714389314644908,16.3011907244486,17.0155800390935
207,Guangxi,0.269521288354511,0.615803974097641,17.7015876391577,18.3173916132554
208,Guangxi,0.103469478021234,0.175931710469634,18.230952707548,18.4068844180176
209,Guizhou,0.111166017014675,0.203053848590415,18.7773812895729,18.9804351381634
210,Guangxi,0.134398339294161,0.28105596454494,18.6261907702401,18.907246734785
211,Guangxi,0.123506828730285,0.22460325336851,18.6253970918201,18.8500003451886
212,Guangxi,0.122496675753938,0.246601029706056,19.1849209751402,19.4315220048462
213,Guangxi,0.212439620866554,0.482798502476484,19.1103178016723,19.5931163041488
214,Guangxi,0.210693887937576,0.534972390197243,20.1519844456325,20.6869568358297
215,Guangxi,0.227536219800831,0.574033814187374,19.7611114467893,20.3351452609767
216,Guangxi,0.238493632212721,0.534178732673901,20.0611114634408,20.5952901961147
217,Guangxi,0.221651306736612,0.551604600262035,19.5857145861974,20.1373191864594
218,Guangxi,0.231192375098503,0.441787438363019,18.9944447449275,19.4362321832906
219,Guangxi,0.237417655081199,0.456021411818746,19.1182542925789,19.5742757043977
220,Guangxi,0.243796660861373,0.46285365383077,18.3813495125089,18.8442031663397
221,Guangxi,0.259189767381,0.530452114866062,19.5373018790805,20.0677539939466
222,Guangdong,0.265371099186403,0.544651429105247,18.9615082911083,19.5061597202135
223,Guangdong,0.251822554703915,0.510904047306521,20.091270174299,20.6021742216055
224,Guangdong,0.253590230728167,0.495186299106184,20.5345241872091,21.0297104863153
225,Guangdong,0.263910834811264,0.544082133666326,20.5638891855876,21.1079713192539
226,Guangdong,0.196453677859283,0.368288485817949,19.9396828621153,20.3079713479332
227,Guangdong,0.19870443269774,0.371480303274666,20.2404765401568,20.6119568434314
228,Guangdong,0.269268792817925,0.560541792521402,20.9996035061185,21.5601452986399
229,Guangdong,0.260628024579979,0.521273298869062,21.2845241190895,21.8057974179586
230,Guangdong,0.260518274026636,0.511490801106326,20.8261907100678,21.3376815111741
231,Guangdong,0.264328072664767,0.513423061601213,20.2456352445814,20.7590583061826
232,Fujian,0.219993420216825,0.436438972823282,19.6642860041724,20.1007249769957
233,Fujian,0.209464199039356,0.381159391297892,21.0250003413549,21.4061597326527
234,Yunnan,0.211451454962561,0.563561017962467,17.0523812770844,17.6159422950468
235,Yunnan,0.272848047705455,0.707418932184179,16.431349498885,17.1387684310692
236,Yunnan,0.286594208259565,0.732522379043928,16.7801590533484,17.5126814323923
237,Yunnan,0.293478260555444,0.744720507359165,15.7357145945231,16.4804351018823
238,Yunnan,0.27338603399383,0.681090425095777,14.9507939493845,15.6318843744803
239,Yunnan,0.293115941118032,0.696894400773006,15.519047911205,16.215942311978
240,Yunnan,0.298627577070924,0.731383693720078,14.9599209191307,15.6913046128508
241,Yunnan,0.292545013329308,0.717650083363512,15.6845241009243,16.4021741842878
242,Yunnan,0.300812506864192,0.658333430543616,15.0833335585064,15.7416669890501
243,Yunnan,0.300966191354633,0.731193973246404,14.2496034436756,14.980797416922
244,Yunnan,0.311725978899483,0.754796478483407,15.0115081734127,15.7663046518962
245,Yunnan,0.30967283845733,0.72506906979655,14.4742065914094,15.1992756612059
246,Yunnan,0.30440269895536,0.712801877509483,14.2861114002409,14.9989132777504
247,Yunnan,0.30440269895536,0.712801877509483,14.2861114002409,14.9989132777504
248,Guizhou,0.302316620101727,0.725690050154737,15.8837305137089,16.6094205638637
249,Guizhou,0.137066292825581,0.270410562236197,16.1611114305163,16.4315219927525
250,Guizhou,0.13245498024166,0.282004839309419,18.577778070692,18.8597829100015
251,Guizhou,0.129622301617682,0.272135990417937,18.2412701428883,18.5134061333062
252,Guangxi,0.12717392578636,0.259178752073183,19.3361114112158,19.5952901632889
253,Guangxi,0.134859492708623,0.27662188485214,18.0563494686096,18.3329713534618
254,Guangxi,0.132597709832926,0.234247752351543,17.4186510982968,17.6528988506483
255,Guangxi,0.223836187840973,0.558747392839358,18.4369050737411,18.9956524665805
256,Guangxi,0.230577505571988,0.518322967512187,17.1642859928192,17.6826089603314
257,Guangxi,0.242610901502543,0.542546614438933,18.6023812483227,19.1449278627617
258,Guangxi,0.224483993789528,0.559454853819354,18.1412701228308,18.7007249766502
259,Guangxi,0.26376810139818,0.586611431166581,19.2039685495316,19.7905799806982
260,Guangxi,0.237417655081199,0.456021411818746,19.1182542925789,19.5742757043977
261,Hunan,0.243796660861373,0.46285365383077,18.3813495125089,18.8442031663397
262,Hunan,0.256181371751247,0.543512753406997,17.7496034550288,18.2931162084358
263,Guangdong,0.25879446979568,0.501363039592622,18.6134923431608,19.1148553827535
264,Guangdong,0.250966184538185,0.511818511474541,17.8515875869327,18.3634060984073
265,Guangdong,0.256192359999705,0.522394753555503,18.7257939614947,19.2481887150502
266,Guangdong,0.258388214274672,0.509730812843458,19.988095576801,20.4978263896445
267,Jiangxi,0.287571360523573,0.599137316908486,19.184920982709,19.7840582996175
268,Jiangxi,0.231422903614186,0.458747384793352,19.3619051225602,19.8206525073535
269,Guangdong,0.294038199205695,0.586128352838522,19.6095241251446,20.1956524779831
270,Guangdong,0.305314028373035,0.610921400674386,19.6202383779344,20.2311597786088
271,Guangdong,0.258300400220043,0.503053819664274,20.1607146376655,20.6637684573298
272,Fujian,0.292270542028759,0.621307845523724,19.442460646705,20.0637684922287
273,Fujian,0.219993420216825,0.436438972823282,19.6642860041724,20.1007249769957
274,Fujian,0.276273607003569,0.571463087824316,21.1781749271211,21.7496380149454
275,Yunnan,0.275021951346215,0.696687345425779,15.5547622101648,16.2514495555905
276,Yunnan,0.288899896016077,0.735973172224,14.773809743306,15.50978291553
277,Yunnan,0.293478260555444,0.744720507359165,15.7357145945231,16.4804351018823
278,Yunnan,0.27338603399383,0.681090425095777,14.9507939493845,15.6318843744803
279,Yunnan,0.298693457925116,0.716839201208474,15.3730161587397,16.0898553599482
280,Yunnan,0.300867364602388,0.716804685059547,15.0150796856199,15.7318843706794
281,Yunnan,0.307971022345802,0.722895111356458,18.6908733390626,19.4137684504191
282,Yunnan,0.272606497696736,0.683229819670309,14.5511907925681,15.2344206122385
283,Yunnan,0.272606497696736,0.683229819670309,14.5511907925681,15.2344206122385
284,Yunnan,0.308399208344856,0.754313312290948,13.7753970755471,14.5297103878381
285,Yunnan,0.29983530491656,0.740562466854385,13.5460320086706,14.286594475525
286,Yunnan,0.309211708916138,0.753571493778665,14.404762120474,15.1583336142526
287,Guizhou,0.29959376854597,0.724568674735485,13.5424605484993,14.2670292232348
288,Guizhou,0.141897213108245,0.278588631343975,14.2753970982536,14.5539857295976
289,Guizhou,0.147200293534672,0.293512828272732,16.2996034205906,16.5931162488633
290,Guizhou,0.148858147333419,0.297877861599503,17.4702383620398,17.7681162236393
291,Guizhou,0.147299080655194,0.293340255837347,16.5265875506023,16.8199278064396
292,Guizhou,0.138987692500814,0.291131772116351,16.6353177513395,16.9264495234559
293,Guizhou,0.137856822554143,0.285610729698647,16.4738098345106,16.7594205642092
294,Guizhou,0.13676988761782,0.249620453952666,16.3960320164287,16.6456524703814
295,Guizhou,0.145520410309457,0.268754268819663,16.8468256999576,17.1155799687773
296,Guizhou,0.234398318164225,0.581987561235106,17.2238098515405,17.8057974127756
297,Guangxi,0.240799318765096,0.538975157188165,17.5726193435608,18.111594500749
298,Guangxi,0.224483993789528,0.559454853819354,18.1412701228308,18.7007249766502
299,Guangxi,0.26376810139818,0.586611431166581,19.2039685495316,19.7905799806982
300,Guangxi,0.232433052297534,0.447360307656954,17.0428574056852,17.4902177133422
301,Hunan,0.238779065951371,0.455331172837809,17.7511908288986,18.2065220017364
302,Hunan,0.248967923953653,0.480072419301163,17.575000310701,18.0550727300022
303,Hunan,0.259573992376114,0.503140079596683,17.0222224914838,17.5253625710805
304,Guangdong,0.267731688317887,0.516356158906465,18.1702384059391,18.6865945648456
305,Guangdong,0.277898561499021,0.578071115344375,17.948016130735,18.5260872460794
306,Guangdong,0.280731260069746,0.58214294342768,18.4345240649723,19.0166670084
307,Guangdong,0.286275780928674,0.597705229551231,18.8472225855267,19.444927815078
308,Jiangxi,0.23068729455292,0.458419591003324,19.894841608547,20.3532611995504
309,Jiangxi,0.30747695538785,0.613837150477636,19.2575400083784,19.871377158856
310,Fujian,0.305292072398756,0.615700538360798,18.7027780442011,19.3184785825619
311,Fujian,0.289635462932645,0.618857758797141,18.8373019278996,19.4561596866967
312,Fujian,0.292270542028759,0.621307845523724,19.442460646705,20.0637684922287
313,Fujian,0.18754941175316,0.345531411546112,18.8305558590662,19.1760872706123
314,Fujian,0.283915222240844,0.59739469626264,20.1007940163688,20.6981887126314
315,Fujian,0.288087392198866,0.625483087871388,21.1111114025116,21.736594490383
316,Yunnan,0.284442255462426,0.73008974755197,13.4623018484267,14.1923915959787
317,Yunnan,0.286769895004923,0.720151885613811,13.2182541896427,13.9384060752565
318,Yunnan,0.274220461326049,0.681004123575857,13.4226193011753,14.1036234247512
319,Yunnan,0.292259542681326,0.720686639400082,13.949603480006,14.6702901194061
320,Yunnan,0.298693457925116,0.716839201208474,15.3730161587397,16.0898553599482
321,Yunnan,0.306126461879276,0.755296698926317,15.3932542554916,16.1485509544179
322,Yunnan,0.281236282607469,0.713664623027508,17.3595241137913,18.0731887368188
323,Yunnan,0.275406245605224,0.696325087070136,16.1380955075461,16.8344205946162
324,Yunnan,0.331598618127927,0.765182955541473,12.8753970265388,13.6405799820803
325,Yunnan,0.319488368879351,0.732729470589973,12.7194446798355,13.4521741504255
326,Yunnan,0.313416797050951,0.722170520725539,13.3492065743795,14.071377095105
327,Guizhou,0.305994712840479,0.745876417726054,13.2849209497845,14.0307973675106
328,Guizhou,0.131554683546879,0.289233960062164,13.832143098589,14.1213770586511
329,Guizhou,0.154435675448894,0.306418234681653,15.1011907779981,15.4076090126798
330,Guizhou,0.158157682570648,0.317011791480011,15.1876986651194,15.5047104565994
331,Guizhou,0.166611767359664,0.347498260464148,15.2412701059902,15.5887683664543
332,Guizhou,0.130588487085145,0.245721175701062,15.2825399429079,15.528261118609
333,Guizhou,0.127876578478841,0.227726000580315,15.0603177623143,15.2880437628946
334,Guizhou,0.133014935828322,0.230020718544907,16.021428840501,16.2514495590459
335,Guizhou,0.143675882380731,0.255279477914501,15.1726193333429,15.4278988112574
336,Guizhou,0.234398318164225,0.581987561235106,17.2238098515405,17.8057974127756
337,Guangxi,0.240799318765096,0.538975157188165,17.5726193435608,18.111594500749
338,Guangxi,0.228304792560397,0.569340939765311,17.1984129472384,17.7677538870038
339,Guangxi,0.260144944404582,0.577001418591866,16.0186510104982,16.59565242909
340,Guangxi,0.226624924439215,0.437560332940322,17.1888892045097,17.62644953745
341,Hunan,0.234343415532764,0.458730116064917,17.2162701411853,17.6750002572502
342,Hunan,0.275713663929431,0.64320222409204,17.5615082033097,18.2047104274017
343,Hunan,0.259310526574553,0.504313353384834,18.1420637842209,18.6463771376057
344,Hunan,0.266743521471531,0.514579014501713,17.8698415557543,18.3844205702561
345,Hunan,0.275592887851822,0.572532810409619,17.3075399569103,17.8800727673199
346,Jiangxi,0.280412837241269,0.548826808843879,15.996825651517,16.5456524603609
347,Jiangxi,0.284332422033233,0.558868130377196,17.4730161787972,18.0318843091744
348,Jiangxi,0.228590284463969,0.454658476215464,19.6297621443158,20.0844206205313
349,Jiangxi,0.318368425639407,0.727777699341516,19.0805558893416,19.8083335886831
350,Jiangxi,0.273616597848239,0.636507953669465,19.3801589977174,20.0166669513868
351,Fujian,0.289635462932645,0.618857758797141,18.8373019278996,19.4561596866967
352,Fujian,0.194653041644426,0.348844007182066,17.9091272865023,18.2579712936844
353,Fujian,0.198078594450684,0.357763970202619,18.3690479501845,18.7268119203872
354,Fujian,0.241908228968024,0.532160111589214,18.1551590306418,18.687319142231
355,Fujian,0.228919618423958,0.434765330012542,19.7376987366449,20.1724640666575
356,Fujian,0.279402732220876,0.613405839585699,20.6583336156512,21.2717394552369
357,Yunnan,0.281159446723219,0.722049733866818,11.7797621488571,12.5018118827239
358,Yunnan,0.279358827104472,0.708885506772436,11.4269842864975,12.1358697932699
359,Yunnan,0.296574446811558,0.749240849822696,11.6587303820111,12.4079712318337
360,Yunnan,0.278337738416569,0.700086276641459,14.3865081961193,15.0865944727607
361,Yunnan,0.30645588180398,0.780590125903991,15.0107144779629,15.7913046038669
362,Yunnan,0.306126461879276,0.755296698926317,15.3932542554916,16.1485509544179
363,Sichuan,0.281236282607469,0.713664623027508,17.3595241137913,18.0731887368188
364,Sichuan,0.275406245605224,0.696325087070136,16.1380955075461,16.8344205946162
365,Sichuan,0.331598618127927,0.765182955541473,12.8753970265388,13.6405799820803
366,Yunnan,0.265261315414661,0.620721235696488,12.440873234991,13.0615944706875
367,Yunnan,0.33529865152751,0.813785408676866,12.8206351702175,13.6344205788944
368,Yunnan,0.269301723363267,0.683367854381444,12.1246034063044,12.8079712606859
369,Guizhou,0.118269662830453,0.197877882192463,11.9869049621953,12.1847828443878
370,Guizhou,0.162428664255415,0.334868956488361,13.4448414870671,13.7797104435554
371,Guizhou,0.133322379046696,0.262577713214583,14.0095240346023,14.2721017478169
372,Guizhou,0.153579251751545,0.342701824000162,14.8630955247652,15.2057973487654
373,Guizhou,0.127876578478841,0.227726000580315,15.0603177623143,15.2880437628946
374,Guizhou,0.133014935828322,0.230020718544907,16.021428840501,16.2514495590459
375,Guizhou,0.143675882380731,0.255279477914501,15.1726193333429,15.4278988112574
376,Guizhou,0.317336428463853,0.7451346307232,15.6976192716568,16.44275390238
377,Guizhou,0.314789190646269,0.734195990057295,16.2400796602643,16.9742756503216
378,Hunan,0.231159413900091,0.519910277684364,16.3793653495728,16.8992756272572
379,Hunan,0.237099264332428,0.536766763182653,14.1146827836831,14.6514495468658
380,Hunan,0.235232732224789,0.530279437577496,14.7642859830743,15.2945654206518
381,Hunan,0.280862953378069,0.651794273743064,17.6710320616525,18.3228263353956
382,Hunan,0.28260870046871,0.659126976673321,17.6575399987281,18.3166669754015
383,Hunan,0.279962670478477,0.660472725982743,17.3753971116884,18.0358698376711
384,Hunan,0.270070279880108,0.546204282054415,17.9603176694068,18.5065219514612
385,Hunan,0.273188423262282,0.530572840721547,17.9234129833797,18.4539858241012
386,Hunan,0.27960035796811,0.548809558137732,15.1761907253947,15.7250002835324
387,Hunan,0.284014046781147,0.560610781195582,16.0988098174807,16.6594205986762
388,Jiangxi,0.291578801828987,0.579813608307109,18.3738098333752,18.9536234416823
389,Jiangxi,0.27136583013078,0.620496936219571,18.9226193257741,19.5431162619936
390,Jiangxi,0.234563029173649,0.443340234874945,18.8099209183738,19.2532611532488
391,Jiangxi,0.288372870804607,0.61773639016517,18.5710320813315,19.1887684714967
392,Fujian,0.193390397581553,0.342149705044399,17.9444447963957,18.2865945014401
393,Fujian,0.198451900251822,0.356573482806972,18.1035717574377,18.4601452402447
394,Fujian,0.201086958563531,0.369185633787705,17.979365394229,18.3485510280167
395,Fujian,0.292413250573853,0.629054478318878,17.6492066856415,18.2782611639603
396,Fujian,0.288372892793145,0.628709521023794,18.4781748945751,19.1068844155989
397,Fujian,0.30534695029311,0.666442337819344,19.6150796943241,20.2815220321434
398,Fujian,0.30534695029311,0.666442337819344,19.6150796943241,20.2815220321434
399,Yunnan,0.286769877492622,0.717080772416685,11.7785716596104,12.4956524320271
400,Yunnan,0.280873965238027,0.714613541683056,10.4194446461541,11.1340581878372
401,Yunnan,0.302338630183517,0.756797846306434,10.513492220924,11.2702900672304
402,Yunnan,0.310188842044884,0.770238080626934,12.3714288189298,13.1416668995567
403,Yunnan,0.293686867807326,0.750431338123319,13.2075399254996,13.9579712636229
404,Sichuan,0.277470356705004,0.699689432536431,16.2035717642497,16.9032611967861
405,Sichuan,0.329567409577369,0.798033108622388,17.3809526874906,18.1789857961129
406,Sichuan,0.275944230218284,0.707850239949853,14.4472224750216,15.1550727149715
407,Yunnan,0.274670614660126,0.625448571516779,13.5865081955516,14.2119567670684
408,Yunnan,0.265261315414661,0.620721235696488,12.440873234991,13.0615944706875
409,Guizhou,0.33529865152751,0.813785408676866,12.8206351702175,13.6344205788944
410,Guizhou,0.269301723363267,0.683367854381444,12.1246034063044,12.8079712606859
411,Guizhou,0.118269662830453,0.197877882192463,11.9869049621953,12.1847828443878
412,Guizhou,0.162428664255415,0.334868956488361,13.4448414870671,13.7797104435554
413,Guizhou,0.133871316648022,0.246221521996564,14.8559526460511,15.1021741680477
414,Guizhou,0.153579251751545,0.342701824000162,14.8630955247652,15.2057973487654
415,Guizhou,0.123221350497565,0.213888903037281,14.4111113571931,14.6250002602304
416,Guizhou,0.132290298131457,0.229503089781879,15.3773812225887,15.6068843123706
417,Guizhou,0.315579737114917,0.743823384049843,15.0793653376519,15.8231887217017
418,Guizhou,0.24034914043869,0.534092474685115,14.9829367820233,15.5170292567084
419,Guizhou,0.241161613112016,0.542080761462428,15.9785717110785,16.520652472541
420,Hunan,0.242237591382227,0.545186323861245,16.5345240793531,17.0797104032143
421,Hunan,0.240678531575423,0.539665312582738,15.639682792955,16.1793481055377
422,Hunan,0.243379454511689,0.547463770752692,16.5500002607467,17.0974640314994
423,Hunan,0.286308739313075,0.66456172501654,16.7242066680439,17.3887683930604
424,Hunan,0.285298637460081,0.669737762587086,17.7563494907485,18.4260872533356
425,Hunan,0.286824785254741,0.673895866892266,18.0126986513062,18.6865945181985
426,Hunan,0.341326306486108,0.796963401668396,18.2599209225367,19.0568843242051
427,Hunan,0.277547220834054,0.57229129563866,17.768651018067,18.3409423137057
428,Hunan,0.277953443686377,0.548291910221202,17.173809808398,17.7221017186193
429,Jiangxi,0.283300411716908,0.561180148723619,16.896428849962,17.4576089986856
430,Jiangxi,0.294367622036026,0.586111193817178,18.6722224572348,19.258333651052
431,Jiangxi,0.341194557394957,0.778036568516953,18.456746349259,19.234782917776
432,Jiangxi,0.234563029173649,0.443340234874945,18.8099209183738,19.2532611532488
433,Jiangxi,0.287867810781661,0.616287085251447,18.4876986666331,19.1039857518846
434,Fujian,0.290788323407011,0.621652899403838,18.0468257173659,18.6684786167698
435,Fujian,0.29071146843985,0.62368876971896,18.5317463155777,19.1554350852966
436,Fujian,0.293566095813304,0.633229823175011,18.2761907880268,18.9094206112019
437,Fujian,0.294609129350334,0.63773289600514,18.5619050888788,19.199637984884
438,Fujian,0.295531426755598,0.645410696336363,18.4111113188759,19.0565220152122
439,Fujian,0.295959565741063,0.649050996005741,18.6650797317898,19.3141307277956
440,Fujian,0.289547644951492,0.609972350427903,19.4853177713969,20.0952901218248
441,Yunnan,0.244499330752032,0.633454101261718,11.0694446611026,11.7028987623643
442,Yunnan,0.23902063321062,0.621187019257649,10.2063493917859,10.8275364110435
443,Yunnan,0.309189744054825,0.774275419093392,9.73333346323362,10.507608882327
444,Yunnan,0.293566104000108,0.737508650491202,10.2186509718498,10.956159622341
445,Yunnan,0.274791407726499,0.697205006870588,11.1654763940781,11.8626814009487
446,Sichuan,0.295772940718818,0.756642500600629,11.7611113682626,12.5177538688632
447,Sichuan,0.276943336833607,0.699758425344673,13.4361113782913,14.135869803636
448,Sichuan,0.290843247843773,0.742287848059926,13.4761907089324,14.2184785569924
449,Yunnan,0.280533604078456,0.70664251278482,13.4861113533141,14.1927538660989
450,Yunnan,0.277086074722928,0.704434080235785,13.0865082362342,13.7909423164699
451,Guizhou,0.275340363494544,0.718547281641396,12.849206561134,13.5677538427754
452,Guizhou,0.261693024422138,0.608316067029033,12.3126986599158,12.9210147269448
453,Yunnan,0.113010531135123,0.178519649380977,13.2511907191504,13.4297103685313
454,Guizhou,0.175592884794368,0.36673566322642,13.3992065971806,13.765942260407
455,Guizhou,0.180259117391165,0.379209825094192,14.8682542045911,15.2474640296853
456,Guizhou,0.195937649194326,0.404089044134233,15.7154764514121,16.1195654955463
457,Guizhou,0.125000001014352,0.226863337383755,15.011905024449,15.2387683618328
458,Guizhou,0.13141193370129,0.242667314295035,14.880159003867,15.1228263181621
459,Guizhou,0.247408872405635,0.541597653496586,14.7007938878877,15.2423915413843
460,Guizhou,0.250098832864535,0.552398287052942,15.5182542034558,16.0706524905087
461,Guizhou,0.249022842297754,0.553243619304347,15.8293653362327,16.3826089555371
462,Hunan,0.243280639015482,0.548309192997245,16.7611113654243,17.3094205584215
463,Hunan,0.323451890088667,0.753019284068762,15.7027780489316,16.4557973330004
464,Hunan,0.250922277291643,0.561887557693517,15.6007938824949,16.1626814401884
465,Hunan,0.292599919036547,0.67727744157682,16.9571430919662,17.6344205335431
466,Hunan,0.290272288407261,0.683333334550927,17.0250002760736,17.7083336106245
467,Hunan,0.292501128761716,0.68799181713409,17.4714287992508,18.1594206163849
468,Hunan,0.302108056434268,0.720910977338242,17.6511907511287,18.372101728467
469,Hunan,0.309705770272249,0.73956180482671,17.7575399279594,18.4971017327862
470,Hunan,0.317654808754977,0.756590731519097,16.7158732839993,17.4724640155184
471,Jiangxi,0.322474759322382,0.765234682336192,17.0039685330694,17.7692032154056
472,Jiangxi,0.294367622036026,0.586111193817178,18.6722224572348,19.258333651052
473,Jiangxi,0.341194557394957,0.778036568516953,18.456746349259,19.234782917776
474,Jiangxi,0.344883639691008,0.786576993758306,17.6543653446531,18.4409423384114
475,Jiangxi,0.286923590882283,0.614958630297579,18.248809822022,18.8637684523196
476,Fujian,0.2902283485542,0.622480993068493,17.2539685340155,17.876449527084
477,Fujian,0.29135924305474,0.625828172397089,17.898809805749,18.524637978146
478,Fujian,0.293017133474873,0.63176331469073,18.4138892113216,19.0456525260124
479,Fujian,0.297837074356849,0.645893736408858,18.6222225200562,19.2681162564651
480,Fujian,0.299604758731513,0.656142184082768,16.7960320086706,17.4521741927534
481,Fujian,0.301152848077019,0.660024180339896,16.9305558356028,17.5905800159427
482,Tibet,0.137231010274504,0.357625965458343,11.7956351259398,12.1532610913982
483,Tibet,0.165118574310826,0.455779849454565,18.4126987078833,18.8684785573379
484,Tibet,0.145421597326225,0.378329882381536,16.9742066784511,17.3525365608326
485,Tibet,0.233992080809937,0.611335356042982,20.2988098575955,20.9101452136385
486,Yunnan,0.232575762727357,0.610403748032468,11.951190676008,12.5615944240404
487,Yunnan,0.246629344551387,0.640113899493276,8.85952392799987,9.49963782749314
488,Yunnan,0.3075538200977,0.772136012534437,8.97460329334532,9.74673930587976
489,Yunnan,0.314108472484334,0.783781907701797,5.92817471418825,6.71195662189005
490,Yunnan,0.317468181108506,0.788837184940558,10.0325398445129,10.8213770294535
491,Sichuan,0.292248575752261,0.746100767674355,9.03650808260436,9.78260885027872
492,Sichuan,0.3214866017099,0.787922703855772,10.3055557317677,11.0934784356235
493,Sichuan,0.294235841414883,0.757591476762933,10.9043652878867,11.6619567646497
494,Sichuan,0.321629328140315,0.802225695098983,13.6452383701763,14.4474640652753
495,Sichuan,0.278469490271011,0.638612876914245,9.66428587603427,10.3028987529485
496,Sichuan,0.327031201943526,0.816563191621203,12.1261906425158,12.942753834137
497,Yunnan,0.274000892486812,0.718253991937456,12.5400795889279,13.2583335808654
498,Yunnan,0.260024165728922,0.600172540549576,13.489682764761,14.0898553053106
499,Yunnan,0.117094863125982,0.255521076374665,13.853174839701,14.1086959160756
500,Sichuan,0.176570029126796,0.368857772803619,14.2789685338263,14.6478263066299
501,Sichuan,0.177931507349957,0.374137397138229,15.3015875532514,15.6757249503896
502,Guizhou,0.128743940780285,0.241752885369451,14.8865082315982,15.1282611169677
503,Guizhou,0.129918752669254,0.239216700044578,14.5615082009444,14.800724900989
504,Guizhou,0.136451471444803,0.253260866815337,14.8666669163439,15.1199277831592
505,Guizhou,0.229523495121068,0.493271214045519,15.6107145387029,16.1039857527484
506,Guizhou,0.241523915495221,0.518064127945751,14.7547621769565,15.2728263049022
507,Guizhou,0.257026775022268,0.565803980101302,15.9265875835267,16.492391563628
508,Hunan,0.315360112178728,0.765752222309281,16.89801615382,17.6637683761293
509,Hunan,0.323682473634595,0.753951007082513,16.6587304567534,17.4126814638359
510,Hunan,0.326449256818978,0.759334011007224,15.0134923032352,15.7728263142424
511,Hunan,0.296277993346811,0.707367139388321,16.294444725627,17.0018118650153
512,Hunan,0.300351342586346,0.718685259483369,16.6976193530219,17.4163046125053
513,Hunan,0.303063231494587,0.72363697980666,17.4448415618094,18.1684785416161
514,Hunan,0.318522176776059,0.753605943947019,17.7710320419735,18.5246379859206
515,Hunan,0.312845830180218,0.747308462631963,17.7892859852503,18.5365944478823
516,Jiangxi,0.319148026200621,0.760144995812141,17.4000002420138,18.1601452378259
517,Jiangxi,0.322474759322382,0.765234682336192,17.0039685330694,17.7692032154056
518,Jiangxi,0.329787005941543,0.780710834441631,18.5384923825188,19.3192032169605
519,Jiangxi,0.336967484020171,0.796290490855999,18.6968257237995,19.4931162146554
520,Jiangxi,0.309574022542293,0.71871986403146,18.1722225073784,18.8909423714099
521,Jiangxi,0.327371526848186,0.755555551080064,17.419444770094,18.175000321174
522,Jiangxi,0.288109357099445,0.617891646607987,18.3817463242818,18.9996379708898
523,Fujian,0.292424248219792,0.629951692721697,17.2472225162718,17.8771742089935
524,Fujian,0.2970685211252,0.642080748714687,17.8452383942074,18.4873191429221
525,Fujian,0.303370677566233,0.657694987752176,18.0615082070941,18.7192031948463
526,Fujian,0.301383416355309,0.660248447690361,17.3488098420794,18.0090582897698
527,Fujian,0.301152848077019,0.660024180339896,16.9305558356028,17.5905800159427
528,Fujian,0.296881866444606,0.653899261258733,18.8134923454315,19.4673916066902
529,Tibet,0.151438302116294,0.397015194703611,3.48849213203149,3.8855073267351
530,Tibet,0.157180512265078,0.414837849882397,-0.770634953583044,-0.355797103700647
531,Tibet,0.160057092621288,0.415027600793417,6.11468264383693,6.52971024463034
532,Tibet,0.159442232950351,0.406987559968146,13.7571431398392,14.1641306998073
533,Tibet,0.150384286856199,0.407470709706601,16.6765875854189,17.0840582951255
534,Tibet,0.15169081784258,0.40381297265521,19.4686511244093,19.8724640970645
535,Tibet,0.156927998358081,0.424361677808214,21.3281749127403,21.7525365905485
536,Tibet,0.262977623643716,0.673499011413401,10.6797620810214,11.3532610924348
537,Tibet,0.267116831158291,0.701811622711268,5.57500007727908,6.27681169999035
538,Yunnan,0.296958719761809,0.741632178735585,5.77539694046099,6.51702911919658
539,Yunnan,0.241908220857296,0.629951723105049,5.53055564039165,6.1605073634967
540,Yunnan,0.265996926425284,0.67979641609907,6.23650804904127,6.91630446514034
541,Yunnan,0.279743077975383,0.711214603478278,4.72103185455004,5.43224645802832
542,Sichuan,0.322288100834696,0.800845405199997,4.43611118439881,5.2369565895988
543,Sichuan,0.282509887510838,0.720255364838079,7.39206360437213,8.11231896921021
544,Sichuan,0.280270105729278,0.703588712295892,6.84206359387036,7.54565230616625
545,Sichuan,0.287209050987549,0.745997264518497,9.91269855485076,10.6586958193693
546,Sichuan,0.281752306429712,0.709247756983348,12.1936510470178,12.9028988040012
547,Sichuan,0.291765495486882,0.735645328710733,9.65674618202898,10.3923915107397
548,Sichuan,0.314064570916525,0.802018661633023,10.155952543789,10.957971205422
549,Yunnan,0.256993864312422,0.585714346914969,11.8142859164685,12.4000002633834
550,Sichuan,0.256466848446079,0.584748107289508,15.950397095983,16.5351452032725
551,Sichuan,0.296080356425342,0.726897813929945,17.0865082665095,17.8134060804395
552,Sichuan,0.321629348558241,0.756901335518801,14.8623018208004,15.6192031563192
553,Guizhou,0.259552045629168,0.633333351979832,14.8916669260888,15.5250002780686
554,Guizhou,0.300713674025834,0.720980016937581,13.7753970788585,14.4963770957961
555,Guizhou,0.304150203903043,0.724447881809345,13.8563494336984,14.5807973155077
556,Guizhou,0.226515148072242,0.490389904255414,14.0313494415983,14.5217393458537
557,Guizhou,0.231708390086065,0.49817115383118,15.5793653414363,16.0775364952675
558,Guizhou,0.236341659154712,0.507746676028063,14.5984129673905,15.1061596434185
559,Guizhou,0.238581459676428,0.517115232336103,15.1115081977277,15.6286234300638
560,Hunan,0.264459814138458,0.581849525762976,16.3837304418049,16.9655799675679
561,Hunan,0.26606279218935,0.590200119589511,16.5460320474609,17.1362321670505
562,Hunan,0.292720712109463,0.700879973212219,15.6857145319855,16.3865945051978
563,Hunan,0.27131095697443,0.665234707218765,15.9706351529984,16.6358698602172
564,Hunan,0.248034711294023,0.612008303506691,16.0619050302203,16.673913333727
565,Hunan,0.252854636352106,0.623153901906402,17.1087304419941,17.7318843439005
566,Hunan,0.308530940944604,0.744979210275055,17.6952384341331,18.4402176444081
567,Hunan,0.328216973710176,0.792236056469328,17.6559526172895,18.4481886737589
568,Hunan,0.319148026200621,0.760144995812141,17.4000002420138,18.1601452378259
569,Jiangxi,0.325109792006975,0.774723922819664,17.1031748955212,17.8778988183409
570,Jiangxi,0.330335983226944,0.784558317017932,18.0400796920534,18.8246380090713
571,Jiangxi,0.334672804694455,0.793236701096888,18.602778090371,19.3960147914679
572,Jiangxi,0.30939831948877,0.718599018431924,18.0777780858297,18.7963771042616
573,Jiangxi,0.332015824595405,0.767184295269271,18.2857145496777,19.052898844947
574,Jiangxi,0.341952130492968,0.749378893275026,17.957143152517,18.706522045792
575,Fujian,0.34365393194547,0.751639022014324,16.8103177783981,17.5619568004124
576,Fujian,0.302536254775696,0.654416890062896,15.7325399290948,16.3869568191577
577,Fujian,0.305171281688298,0.662801912153402,17.1361114051607,17.7989133173141
578,Fujian,0.301383416355309,0.660248447690361,17.3488098420794,18.0090582897698
579,Fujian,0.302591131452829,0.663319532339783,15.5134923268878,16.1768118592276
580,Zhejiang,0.318302634100563,0.701138798412245,16.9285717048342,17.6297105032465
581,Tibet,0.196684231759132,0.531176671687851,-0.054365084255262,0.476811587432588
582,Tibet,0.149626705530487,0.396049018806582,7.0996032761676,7.49565229497418
583,Tibet,0.151438302116294,0.397015194703611,3.48849213203149,3.8855073267351
584,Tibet,0.163482659239916,0.435524501950268,-1.90436511942082,-1.46884061747055
585,Tibet,0.162406671179567,0.415510689775447,-0.965873016547116,-0.550362326771669
586,Tibet,0.147826081345518,0.392874393393614,9.76944461654103,10.1623190099346
587,Tibet,0.151756734663736,0.400983497716378,13.3595240116119,13.7605075093283
588,Tibet,0.251712802946437,0.659299588680593,15.0888891522847,15.7481887409653
589,Tibet,0.250252564119883,0.656107778299091,19.2964288772099,19.952536655509
590,Tibet,0.252777781987012,0.662750153149958,18.9992066754235,19.6619568285735
591,Tibet,0.250219590422036,0.655676360127021,19.5722224863749,20.2278988465019
592,Tibet,0.260924495151287,0.672964196109703,13.4734129129894,14.1463771090991
593,Tibet,0.262977623643716,0.673499011413401,10.6797620810214,11.3532610924348
594,Tibet,0.267116831158291,0.701811622711268,5.57500007727908,6.27681169999035
595,Tibet,0.300647784408949,0.77120427053558,1.58531750111826,2.35652177165384
596,Tibet,0.304292930634492,0.774930986445307,4.04246038301951,4.81739136946482
597,Yunnan,0.265568742639809,0.667322324847274,3.60912702835742,4.27644935320469
598,Sichuan,0.276086962973674,0.700224326807798,5.85158737074761,6.55181169755541
599,Yunnan,0.280182256093793,0.713957895272205,4.07698419406301,4.79094208933521
600,Sichuan,0.327876596077197,0.816097325091992,2.04404765677949,2.86014498187148
601,Sichuan,0.289437867231507,0.740355435062105,5.0484127954299,5.78876823049201
602,Sichuan,0.285210816754903,0.746083546216484,4.94920641553426,5.69528996175074
603,Sichuan,0.284014062106864,0.74442720536099,5.85992072537423,6.60434793073522
604,Sichuan,0.279238033391041,0.715769500810374,7.55198424214882,8.26775374295919
605,Sichuan,0.262340809307341,0.590148400357203,8.86746046594566,9.45760886630286
606,Sichuan,0.254710131681895,0.584575545653353,9.21904778492356,9.80362333057691
607,Sichuan,0.262736062470579,0.578450693764962,14.6853177131168,15.2637684068818
608,Sichuan,0.306049639004911,0.779986194366423,16.9218256738451,17.7018118682115
609,Sichuan,0.234167768078831,0.503640458368285,18.1373018802158,18.6409423385841
610,Sichuan,0.326592019214722,0.773360987710003,17.8646828409225,18.6380438286325
611,Sichuan,0.249440044426426,0.549120089343857,15.8809526307242,16.4300727200681
612,Guizhou,0.21589811673068,0.46030024101275,15.6107144980204,16.0710147390331
613,Guizhou,0.225340365656751,0.480762598872842,13.6503970533136,14.1311596521865
614,Guizhou,0.226679835833371,0.485576229888544,14.032539966324,14.5181161962126
615,Guizhou,0.231049629807682,0.496445836436342,15.1575399604109,15.6539857968472
616,Chongqing,0.346124283422961,0.836231876069551,15.0916669472816,15.9278988233511
617,Chongqing,0.240173453660612,0.517374016524514,15.9876987006929,16.5050727172174
618,Hunan,0.24666228072393,0.536904761057382,16.188095527982,16.7250002890393
619,Hunan,0.303732985165174,0.721583859243006,15.5559526156811,16.2775364749242
620,Hunan,0.193313565669637,0.356469948088982,16.2130955547567,16.5695655028457
621,Hunan,0.260419397420616,0.615821222896162,16.7555558284124,17.3713770513085
622,Hunan,0.308970129065834,0.737180775161278,17.1682542799011,17.9054350550624
623,Hunan,0.262615262074695,0.652777741126474,17.5388891772618,18.1916669183883
624,Hunan,0.308530940944604,0.744979210275055,17.6952384341331,18.4402176444081
625,Hunan,0.328216973710176,0.792236056469328,17.6559526172895,18.4481886737589
626,Hunan,0.294916552909906,0.726173209559931,17.0281749216337,17.7543481311936
627,Jiangxi,0.299703570104869,0.737008282137044,16.5785716734235,17.3155799555606
628,Jiangxi,0.332290283435784,0.799482369151416,17.8059526653517,18.6054350345031
629,Jiangxi,0.337703120017397,0.811628705678601,18.35793681561,19.1695655212886
630,Jiangxi,0.333179640440129,0.770997283457064,18.4626986857445,19.2336959692015
631,Jiangxi,0.340953040473756,0.789458328974991,18.4003970556789,19.1898553846539
632,Jiangxi,0.310035153078205,0.720393450939714,18.440476430787,19.1608698817267
633,Jiangxi,0.34710145774095,0.761645996751579,18.2619050362754,19.0235510330269
634,Jiangxi,0.304611349477545,0.662456923677972,18.0234129523474,18.6858698760254
635,Fujian,0.305171281688298,0.662801912153402,17.1361114051607,17.7989133173141
636,Zhejiang,0.309046998456427,0.672394783477113,17.4091272467659,18.081522030243
637,Zhejiang,0.320740000100632,0.707919237673735,15.0880955079245,15.7960147455983
638,Zhejiang,0.323364084050694,0.711456188298323,15.9099208807188,16.6213770690172
639,Zhejiang,0.238713243733282,0.489958623757111,17.1654764943653,17.6554351181224
640,Tibet,0.150801496948355,0.431987595327296,1.63214288371068,2.06413047903798
641,Tibet,0.274967062117292,0.71908212880674,-2.39444448003575,-1.67536235122901
642,Tibet,0.207191489982105,0.55640099382091,-0.569444463691778,-0.0130434698708679
643,Tibet,0.201701807789095,0.532919274760041,-1.67023814014263,-1.13731886538259
644,Tibet,0.215854200721442,0.615338176458026,-4.55555564377989,-3.94021746732187
645,Tibet,0.21792928841608,0.617425800492027,-2.37539685473201,-1.75797105423998
646,Tibet,0.199132629416206,0.521445818191421,-1.00079366440574,-0.479347846214322
647,Tibet,0.152108037971912,0.404934433104407,-2.88174608122143,-2.47681164811703
648,Tibet,0.163482659239916,0.435524501950268,-1.90436511942082,-1.46884061747055
649,Tibet,0.218620996247383,0.590942049031374,0.12499999739821,0.715942046429584
650,Tibet,0.217512080971058,0.583057306217142,2.41150797069782,2.99456527691496
651,Tibet,0.214350034893835,0.57449968245711,4.97658738088868,5.55108706334579
652,Tibet,0.258289418753023,0.674258108727061,9.42936524216618,10.1036233508932
653,Tibet,0.259178753636309,0.680055225611227,16.2710320211592,16.9510872467704
654,Tibet,0.255873938375363,0.672636233213606,12.5063494661498,13.1789856993634
655,Tibet,0.265206419013286,0.689475529518026,13.2876986454404,13.9771741749584
656,Tibet,0.26897234504091,0.705986934991039,8.19365090791077,8.89963784290181
657,Tibet,0.266567856812057,0.682574183520073,7.28373028692745,7.96630447044753
658,Tibet,0.29694775493916,0.746187051348105,8.06468264516147,8.81086969650958
659,Tibet,0.300647784408949,0.77120427053558,1.58531750111826,2.35652177165384
660,Tibet,0.260606063636193,0.674413391366458,1.94841275467641,2.62282614604287
661,Tibet,0.257444016254218,0.652726047318185,3.96865086928601,4.6213769166042
662,Sichuan,0.270586300141484,0.687474127855021,4.85238103231504,5.53985516017006
663,Sichuan,0.329896786057529,0.819461685558427,3.48452388347378,4.30398556903221
664,Sichuan,0.32618576966694,0.811162868530083,1.20079368335151,2.01195655188159
665,Sichuan,0.281916998555007,0.709385786170823,2.91706355483759,3.62644934100841
666,Sichuan,0.278491434702126,0.721376813647355,3.01666673494592,3.73804354859327
667,Sichuan,0.28349804043603,0.7074016907334,0.727380954054376,1.43478264478778
668,Sichuan,0.246179180476629,0.543253957178877,9.55674619996359,10.1000001571425
669,Sichuan,0.292984205808982,0.769427223876633,11.2849208353649,12.0543480592415
670,Sichuan,0.304106278872615,0.770755680184104,12.1488097653029,12.9195654454871
671,Sichuan,0.210759751986241,0.427760441439823,16.4182542638173,16.8460147052571
672,Sichuan,0.30900306428374,0.781659738041764,17.6067463538003,18.3884060918421
673,Sichuan,0.212670170218995,0.39789506268551,17.7825399693989,18.1804350320844
674,Sichuan,0.32888668877648,0.787905431435469,18.2682542687371,19.0561597001725
675,Chongqing,0.218796670463036,0.446790912218805,18.4952383911799,18.9420293033987
676,Chongqing,0.184178754850914,0.391960015619436,17.3257938888338,17.7177539044532
677,Chongqing,0.212758001229665,0.453692177180754,14.7658732793634,15.2195654565441
678,Chongqing,0.223122523385061,0.475828154330074,13.9654764331996,14.4413045875296
679,Chongqing,0.320750986987895,0.775690164316766,15.017063731239,15.7927538955557
680,Chongqing,0.234222637038705,0.503071000443461,14.1813494998311,14.6844205002746
681,Chongqing,0.242292518403951,0.523740583006227,15.3436510255412,15.8673916085475
682,Hunan,0.246475600390043,0.536645921161869,15.3869050452634,15.9235509664252
683,Hunan,0.308552923043359,0.735904100868437,15.782936738597,16.5188408394655
684,Hunan,0.313669312089276,0.749344375994872,15.6742065761771,16.4235509521719
685,Hunan,0.319642096443767,0.762750218311943,16.8825399279594,17.6452901462714
686,Hunan,0.299571780348013,0.726414719970578,17.2920638152531,18.0184785352237
687,Hunan,0.262615262074695,0.652777741126474,17.5388891772618,18.1916669183883
688,Hunan,0.315799275667562,0.760834997402874,17.7170638309585,18.4778988283613
689,Hunan,0.318126919686295,0.769340912788966,17.4817462828424,18.2510871956314
690,Hunan,0.31931269075926,0.753243617615755,16.7960320039401,17.5492756215559
691,Jiangxi,0.334628921776001,0.802708803579016,16.3646827756412,17.1673915792203
692,Jiangxi,0.317841474351309,0.771307811356971,15.9924605687459,16.7637683801029
693,Jiangxi,0.320125156947275,0.777725975335752,17.1686510670753,17.946377042411
694,Jiangxi,0.336572275959612,0.794772327851224,18.0559526776511,18.8507250055023
695,Jiangxi,0.356346057651856,0.851828854235389,18.2873018970565,19.1391307512919
696,Jiangxi,0.359760668411767,0.859937922760405,18.4023812403755,19.2623191631359
697,Jiangxi,0.367907326107334,0.835489956036039,18.1626987296437,18.9981886856798
698,Jiangxi,0.304611349477545,0.662456923677972,18.0234129523474,18.6858698760254
699,Jiangxi,0.306895058538288,0.667977960830392,17.1265875725519,17.7945655333823
700,Zhejiang,0.311374631363098,0.678071123369813,15.5813494542288,16.2594205775987
701,Zhejiang,0.316073806677463,0.688043560177146,16.0666669067882,16.7547104669654
702,Zhejiang,0.324780413729609,0.717391303771937,17.1083335942692,17.8257248980412
703,Zhejiang,0.325483043438832,0.718443670545963,16.2587304862719,16.9771741568178
704,Zhejiang,0.333860361424254,0.737025567422329,16.590873263185,17.3278988306073
705,Tibet,0.268697843102834,0.724223587812381,-1.77023812587417,-1.04601453806179
706,Tibet,0.246102340592233,0.673429978233708,-2.48611116353127,-1.81268118529756
707,Tibet,0.269795787234806,0.731556253188937,-3.63373020607682,-2.90217395288789
708,Tibet,0.192731659975579,0.545272607442436,-0.553968267574433,-0.00869566013199696
709,Tibet,0.277635047976279,0.735162196098586,-0.20436507197363,0.530797124124956
710,Tibet,0.200021962490837,0.538008981786046,0.475396832332961,1.01340581411901
711,Tibet,0.232433035541907,0.619565234493189,-0.208333333185504,0.411231901307685
712,Tibet,0.213175248663069,0.564320251499891,0.526984134777671,1.09130438627756
713,Tibet,0.209705757283142,0.550276077682187,0.263492047254528,0.813768124936716
714,Tibet,0.212637240034403,0.561438922522869,-2.0107143053578,-1.44927538283493
715,Tibet,0.271091356668188,0.682694987368849,-0.355158743315509,0.32753624405334
716,Tibet,0.206543700970778,0.542425814652244,-1.5670635208251,-1.02463770617286
717,Tibet,0.218983315211158,0.582108356215425,-1.40674606704759,-0.824637710832167
718,Tibet,0.218620996247383,0.590942049031374,0.12499999739821,0.715942046429584
719,Tibet,0.228063244752988,0.616511393063352,0.439285734727506,1.05579712779086
720,Tibet,0.242303477290185,0.639941363921292,1.85317464403453,2.49311600795583
721,Tibet,0.24769433571429,0.657056591557718,4.61468262113039,5.27173921268811
722,Tibet,0.266765489878986,0.69865426823132,7.36547628296391,8.06413055119523
723,Tibet,0.27576854260909,0.713319516206628,11.6384922720137,12.3518117882203
724,Tibet,0.274000888824509,0.703226395037472,7.20039692204741,7.90362331708488
725,Tibet,0.268467280348672,0.697204979194432,2.94880957617646,3.64601455537089
726,Tibet,0.269905586486873,0.696997953293456,-3.47380960590783,-2.77681165261437
727,Tibet,0.271036452691893,0.699775707199038,1.84841273624509,2.54818844344413
728,Tibet,0.266589818703936,0.68474813275106,2.86706353540695,3.55181166815801
729,Tibet,0.260606063636193,0.674413391366458,1.94841275467641,2.62282614604287
730,Tibet,0.257444016254218,0.652726047318185,3.96865086928601,4.6213769166042
731,Sichuan,0.231741328256227,0.578295384371092,2.15793655611693,2.73623194048802
732,Sichuan,0.22165129612027,0.510576255147759,0.340873029851724,0.851449284999483
733,Sichuan,0.241249450076278,0.54054520180188,1.14206352105571,1.68260872285759
734,Sichuan,0.238855956040477,0.53410973590127,2.03690482350806,2.57101455940933
735,Sichuan,0.281444893397316,0.706504525993406,2.97936511196433,3.68586963795773
736,Sichuan,0.285540195806938,0.702691530691829,0.294047614973452,0.996739145665281
737,Sichuan,0.0368906487888696,-0.0210835117000894,8.50912715204888,8.48804364034879
738,Sichuan,0.247134378180725,0.534316754530348,12.5595240630801,13.0938408176104
739,Sichuan,0.248342102014762,0.535576236996675,14.7658733063274,15.3014495433241
740,Sichuan,0.179205090527373,0.354503089020874,16.9107145676537,17.2652176566746
741,Sichuan,0.204358822036637,0.406400987902863,16.5138891556906,16.9202901435935
742,Sichuan,0.278304786288429,0.654537595330314,17.4269844236828,18.0815220190131
743,Chongqing,0.138735174844808,0.241821962895269,17.7940478816865,18.0358698445818
744,Chongqing,0.138877912158239,0.240786768881677,18.3059527022498,18.5467394711315
745,Chongqing,0.186144037051948,0.374810186478904,18.0313494943437,18.4061596808226
746,Chongqing,0.346025479483823,0.801363038391472,17.4551590037724,18.2565220421639
747,Chongqing,0.171903818171695,0.296877120335484,14.8984129745809,15.1952900949164
748,Chongqing,0.218873530200923,0.457660523132059,13.386904949825,13.844565472957
749,Chongqing,0.230742220603646,0.495203655165563,14.2634922914089,14.7586959465744
750,Hubei,0.22039966280157,0.506176699302563,14.5789684861425,15.0851451854451
751,Hunan,0.311528310035737,0.737939923279258,13.6761907490473,14.4141306723266
752,Hunan,0.314174359360015,0.748723295934399,14.2146827538335,14.9634060497679
753,Hunan,0.317588962261149,0.756470050547064,14.9714288072927,15.7278988578397
754,Hunan,0.319642096443767,0.762750218311943,16.8825399279594,17.6452901462714
755,Hunan,0.299571780348013,0.726414719970578,17.2920638152531,18.0184785352237
756,Hunan,0.245553356202276,0.615527959755163,17.4380955308203,18.0536234905754
757,Hunan,0.324999997633615,0.779192527875647,17.6476193581309,18.4268118860065
758,Hunan,0.32035571991167,0.769979255581163,17.5619050387352,18.3318842943164
759,Hubei,0.324945091782404,0.779658336940511,16.604762162481,17.3844204994216
760,Jiangxi,0.327283713369449,0.784558322982516,16.2984129190445,17.082971242027
761,Jiangxi,0.335792736953217,0.803157411644257,16.3428573854386,17.1460147970828
762,Jiangxi,0.3415898125869,0.817443066646181,16.5119050107305,17.3293480773767
763,Jiangxi,0.340645592635171,0.803450661478085,17.5103177853993,18.3137684468774
764,Jiangxi,0.35388670849287,0.845496884743209,17.8892860062539,18.7347828909971
765,Jiangxi,0.360386488125624,0.861214647711023,18.0293653455992,18.8905799933102
766,Jiangxi,0.367907326107334,0.835489956036039,18.1626987296437,18.9981886856798
767,Jiangxi,0.31481116287636,0.71827121588014,17.1773812458629,17.895652461743
768,Zhejiang,0.309354413299116,0.70583161512188,17.482936797634,18.1887684127559
769,Zhejiang,0.313317963702143,0.714199449375961,17.2575399714803,17.9717394208563
770,Zhejiang,0.32211245260691,0.713992469182418,16.7932542307036,17.507246699886
771,Zhejiang,0.329622310468069,0.727829539854003,16.2924605986429,17.0202901384969
772,Zhejiang,0.330281074862758,0.730866123101404,15.5658732633742,16.2967393864756
773,Zhejiang,0.332707511394444,0.741563168248277,16.5845240837052,17.3260872519535
774,Zhejiang,,,,
775,Tibet,0.339898996910781,0.865510701545719,5.75079374908218,6.6163044506279
776,Tibet,0.268697843102834,0.724223587812381,-1.77023812587417,-1.04601453806179
777,Tibet,0.198440928099661,0.559454788867155,-1.05873015951661,-0.499275370649454
778,Tibet,0.328732990357513,0.83947551574139,-0.670634932786463,0.168840582954927
779,Tibet,0.198462888298226,0.563233270342645,-0.60634920985571,-0.0431159395130648
780,Tibet,0.192204645273288,0.546583827141495,0.614285753241607,1.1608695803831
781,Tibet,0.209189725270005,0.575172529672192,-0.935317485844569,-0.360144956172376
782,Tibet,0.232433035541907,0.619565234493189,-0.208333333185504,0.411231901307685
783,Tibet,0.22068510980124,0.579692890407394,4.34603183314441,4.9257247235518
784,Tibet,0.225021977074114,0.596911714977236,0.998015872069768,1.594927587047
785,Tibet,0.219982431471826,0.571221526149144,0.439285723137714,1.01050724928686
786,Tibet,0.279369798198107,0.703433440793808,2.86468255785959,3.5681159986534
787,Tibet,0.270926653092165,0.67280881876464,2.93769848281666,3.6105073015813
788,Tibet,0.21510760608339,0.55786750712313,2.3011905146201,2.85905802174323
789,Tibet,0.231137461802437,0.682763981444567,1.02738098814965,1.71014496959422
790,Tibet,0.217907336777339,0.569185651588113,0.629365104028866,1.19855075561698
791,Tibet,0.226866499049246,0.585403751202694,-0.640476204129675,-0.0550724529269813
792,Tibet,0.252239791128324,0.658195317024204,2.29325401173934,2.95144932876354
793,Tibet,0.270169075677432,0.705538300172605,3.30714292363042,4.01268122380302
794,Tibet,0.280083461837629,0.727622560268488,8.05317471421782,8.78079727448631
795,Tibet,0.280950804831207,0.727967560887747,4.64087309499109,5.36884065587883
796,Tibet,0.276592011917276,0.713888895548135,3.00277782884973,3.71666672439787
797,Tibet,0.275680718004383,0.710403732470834,-0.673809539231043,0.0365941932397908
798,Tibet,0.281148453868458,0.740735012564866,6.61071436899522,7.35144938156009
799,Tibet,0.265261305902656,0.685317450800102,1.78968259083137,2.47500004163147
800,Tibet,0.267072906417442,0.688388549263176,2.98769847350934,3.67608702277252
801,Tibet,0.267863424510405,0.685938601033073,3.32420641911172,4.01014502014479
802,Sichuan,0.231741328256227,0.578295384371092,2.15793655611693,2.73623194048802
803,Sichuan,0.22165129612027,0.510576255147759,0.340873029851724,0.851449284999483
804,Sichuan,0.241249450076278,0.54054520180188,1.14206352105571,1.68260872285759
805,Sichuan,0.28568291445956,0.708919945620952,4.05158737360958,4.76050731923053
806,Sichuan,0.245114192421408,0.602743293519284,3.18928576792989,3.79202906144918
807,Sichuan,0.234815544054913,0.573343682136924,1.82738098975212,2.40072467188904
808,Sichuan,0.0283486902399656,-0.045186371282206,5.36547631114012,5.32028993985791
809,Sichuan,0.0402393488014644,-0.013457586694436,11.8797621149865,11.8663045282921
810,Sichuan,0.230983749470482,0.571480364615209,16.3654764625761,16.9369568271913
811,Sichuan,0.231697392191445,0.5692718446954,17.0492066901828,17.6184785348782
812,Sichuan,0.174868242725972,0.339665255972733,16.5146828360028,16.8543480919755
813,Sichuan,0.201548084858796,0.39090748739045,16.8920637936819,17.2829712810724
814,Sichuan,0.207806326026816,0.364820566318876,17.4670637694616,17.8318843357805
815,Chongqing,0.213317974308995,0.381366470133216,17.9642859848719,18.3456524550051
816,Chongqing,0.165261324765026,0.304796453794175,17.3115082089863,17.6163046627805
817,Chongqing,0.227832661499096,0.506832229465839,17.3214289101343,17.8282611396002
818,Chongqing,0.350329363482218,0.808057222841853,16.9615082721862,17.769565495028
819,Chongqing,0.178590225398567,0.310403633582501,14.8011907613467,15.1115943949292
820,Hubei,0.18550725182421,0.328830241795764,12.5642859489908,12.8931161907866
821,Hubei,0.225911287771645,0.52600068041092,14.5134923491213,15.0394930295322
822,Hubei,0.311528310035737,0.737939923279258,13.6761907490473,14.4141306723266
823,Hubei,0.314174359360015,0.748723295934399,14.2146827538335,14.9634060497679
824,Hunan,0.317588962261149,0.756470050547064,14.9714288072927,15.7278988578397
825,Hunan,0.322134392482437,0.766114566883935,16.4230161479541,17.1891307148381
826,Hunan,0.32334210870556,0.770496871489502,17.2892859738971,18.0597828453866
827,Hubei,0.332070706154517,0.790165645365395,17.2214288626398,18.0115945080052
828,Hubei,0.319960482166585,0.765286407115294,17.3492066122237,18.114493019339
829,Hubei,0.325494078439109,0.779641140486309,17.509127246009,18.2887683864953
830,Hubei,0.331752317238125,0.792339588564953,17.3464287850592,18.1387683736241
831,Hubei,0.331016675835384,0.792149707808669,17.1277780939662,17.9199278017749
832,Hubei,0.332081679940276,0.794858498746898,16.7924605967507,17.5873190954976
833,Jiangxi,0.342325430011666,0.818098710807458,16.8626986855552,17.6807973963627
834,Jiangxi,0.343104968075695,0.808557644743516,17.1099208489297,17.9184784936732
835,Jiangxi,0.349429086773449,0.834989669509724,17.3059526435913,18.140942313101
836,Jiangxi,0.386078184850916,0.899258119308016,17.7710319975066,18.6702901168146
837,Jiangxi,0.315184444084363,0.719461678286269,17.2345240995997,17.953985777886
838,Jiangxi,0.316216502782018,0.717425806685679,16.1746034163331,16.8920292230188
839,Zhejiang,0.325263485678938,0.736093820262322,16.109920878732,16.8460146989943
840,Zhejiang,0.333904243060041,0.749689391927941,17.3869050797962,18.1365944717241
841,Zhejiang,0.337922715805683,0.758988990629021,17.2591272157336,18.0181162063626
842,Zhejiang,0.353151078149839,0.805728100965233,16.8841272422246,17.6898553431898
843,Zhejiang,0.344016245336033,0.799499631298259,15.9765875992321,16.7760872305303
844,Zhejiang,0.332707511394444,0.741563168248277,16.5845240837052,17.3260872519535
845,Zhejiang,0.328930619677065,0.731832297486715,16.729762180457,17.4615944779438
846,Tibet,0.345147126714618,0.870048312289065,-2.17222224991946,-1.30217393763039
847,Tibet,0.320213007810618,0.836991064931768,-1.98373021658451,-1.14673915165274
848,Tibet,0.198451919628403,0.544513486964619,-1.88690481976502,-1.34239133280041
849,Tibet,0.264437858563376,0.709213256775521,-2.12261909270097,-1.41340583592545
850,Tibet,0.30239350360736,0.767443085553381,0.00357143264559526,0.771014518198976
851,Tibet,0.195992531455304,0.554503111409125,0.877380969032409,1.43188408044153
852,Tibet,0.198440938465686,0.5617149947179,3.3027778123875,3.8644928071054
853,Tibet,0.30982652862978,0.78914770289222,3.50396831741645,4.29311602030867
854,Tibet,0.318697860033353,0.805072506281672,4.2416667228949,5.04673922917657
855,Tibet,0.22068510980124,0.579692890407394,4.34603183314441,4.9257247235518
856,Tibet,0.239569614348924,0.638181536147991,-1.60992069231967,-0.971739156171679
857,Tibet,0.298342114721814,0.748171149581424,-1.43730160753642,-0.689130457954994
858,Tibet,0.293313577171574,0.734541070271538,-0.50555556844033,0.228985501831208
859,Tibet,0.2919740904831,0.720289853348135,3.10833338849128,3.82862324183942
860,Tibet,0.242995172942717,0.7045721344295,0.268253955280497,0.972826089709997
861,Tibet,0.227316646677592,0.585921331318424,-2.13809528911398,-1.55217395779555
862,Tibet,0.223627576408159,0.578329874669234,-2.59246035922496,-2.01413048455573
863,Tibet,0.226866499049246,0.585403751202694,-0.640476204129675,-0.0550724529269813
864,Tibet,0.239602553715858,0.606918578685934,-1.15873018545764,-0.551811606771704
865,Tibet,0.259255591817576,0.731400951540022,0.772222257381867,1.50362320892189
866,Tibet,0.269301715219818,0.716821956535026,3.74404765736489,4.46086961389992
867,Tibet,0.289361004142167,0.749240870077839,-0.0912698468873425,0.657971023190497
868,Tibet,0.289273183713481,0.745186372152983,0.217857130581424,0.963043502734407
869,Tibet,0.282597729256463,0.725862695802751,0.365079361235812,1.09094205703856
870,Tibet,0.27728371264157,0.711956535118296,1.50000004233822,2.21195657745652
871,Tibet,0.273221346049467,0.698602493095236,0.928571463577331,1.62717395667257
872,Tibet,0.25949715547833,0.726207762047793,2.09444448310468,2.82065224515247
873,Tibet,0.24186429628169,0.610420977649215,2.81349211954881,3.42391309719803
874,Sichuan,0.23188405645603,0.577398204670806,2.56825401314667,3.14565221781748
875,Sichuan,0.225208614231772,0.554485864285573,-0.109920635464646,0.444565228820927
876,Sichuan,0.226504178046951,0.520910988075259,1.20952383910735,1.7304348271826
877,Sichuan,0.28568291445956,0.708919945620952,4.05158737360958,4.76050731923053
878,Sichuan,0.245114192421408,0.602743293519284,3.18928576792989,3.79202906144918
879,Sichuan,0.234815544054913,0.573343682136924,1.82738098975212,2.40072467188904
880,Sichuan,0.226932376292671,0.565493465255333,2.78849209655845,3.35398556181378
881,Sichuan,0.180939843118204,0.411956548490264,5.00833339847269,5.42028994696296
882,Sichuan,0.0595850086377068,0.0180814866416217,13.1253969882216,13.1434784748632
883,Sichuan,0.232213440253434,0.572636313073133,16.8480161541984,17.4206524672716
884,Sichuan,0.270432588035305,0.637353382166541,16.6162701258584,17.2536235080249
885,Sichuan,0.269126021605497,0.626311188981482,16.7515876198572,17.3778988088387
886,Sichuan,0.154622314030736,0.270065567796191,17.148413020467,17.4184785882632
887,Sichuan,0.165195466972622,0.299171933352827,17.6261906907672,17.92536262412
888,Sichuan,0.158047844115506,0.245479594599885,17.5186510824022,17.7641306770021
889,Sichuan,0.305698305172098,0.718184998275664,16.9158732966771,17.6340582949528
890,Chongqing,0.305698282660022,0.714958624604485,16.5238097802041,17.2387684048086
891,Chongqing,0.178590225398567,0.310403633582501,14.8011907613467,15.1115943949292
892,Hubei,0.18550725182421,0.328830241795764,12.5642859489908,12.8931161907866
893,Hubei,0.225911287771645,0.52600068041092,14.5134923491213,15.0394930295322
894,Hubei,0.31556871805224,0.784144218765549,13.7531748333621,14.5373190521276
895,Hubei,0.323803233553737,0.763336739278531,12.5424605520472,13.3057972913257
896,Hubei,0.326559089552849,0.771411351756735,13.1829367291833,13.95434808094
897,Hubei,0.326526168987423,0.773412756956063,15.8682542268246,16.6416669837807
898,Hubei,0.328721978735599,0.778623157365306,17.1416669620408,17.9202901194061
899,Hubei,0.331938951369908,0.786059348541258,16.951984399841,17.7380437483822
900,Hubei,0.321113319854019,0.766821954088261,17.069047878659,17.8358698327472
901,Hubei,0.324681582200091,0.776500972469894,17.1702383983703,17.9467393708402
902,Hubei,0.330270060620709,0.788319488530984,17.1968257010929,17.9851451896239
903,Hubei,0.337725075494316,0.805728056251464,17.2257939482492,18.0315220045007
904,Hubei,0.33321257348536,0.796290578432462,17.2218256564367,18.0181162348692
905,Hubei,0.347244191082046,0.825483144039204,16.269444688445,17.0949278324842
906,Hubei,0.352053183825014,0.836697839904932,16.7821431141051,17.61884095401
907,Anhui,0.359046995967011,0.857349903255269,17.1321431398392,17.9894930430944
908,Anhui,0.315887136539451,0.719772240287114,16.5392860335017,17.2590582737888
909,Anhui,0.347990764014596,0.818719751037675,15.730555813937,16.5492755649746
910,Anhui,0.294323641835472,0.658954379126284,15.7511907981502,16.4101451772765
911,Anhui,0.32752526252742,0.736732268452723,15.5150796052009,16.2518118736537
912,Zhejiang,0.349198495001451,0.80471012195774,15.9583335935123,16.7630437154701
913,Zhejiang,0.346969710541075,0.810973121749274,16.1821431380416,16.9931162597909
914,Zhejiang,0.352009239678953,0.801259528467622,16.8730160991351,17.6742756276027
915,Zhejiang,0.344016245336033,0.799499631298259,15.9765875992321,16.7760872305303
916,Zhejiang,0.345465534197745,0.790062138608935,15.9976192807394,16.7876814193484
917,Zhejiang,0.329578392433399,0.768512790165246,17.0579367630065,17.8264495531718
918,Tibet,0.285693897158529,0.756435480052342,-1.4115079635429,-0.655072483490559
919,Tibet,0.329325870730614,0.854520379278354,-1.41865081925477,-0.564130439976419
920,Tibet,0.258190614489129,0.706642541311954,-1.33055558777045,-0.623913046458493
921,Tibet,0.264437858563376,0.709213256775521,-2.12261909270097,-1.41340583592545
922,Tibet,0.315447965982056,0.827639778674913,-2.99285721131379,-2.16521743263887
923,Tibet,0.205368908290695,0.57629399471566,-2.66071432645595,-2.08442033174029
924,Tibet,0.342094855749514,0.865769495555117,-0.739682551650774,0.126086943904343
925,Tibet,0.2501646927699,0.659610085321746,-1.0980159012926,-0.438405815970854
926,Tibet,0.278535358780372,0.739924097418261,-1.12579367105805,-0.385869573639787
927,Tibet,0.23950375452209,0.635110469900066,-0.0579365167530283,0.577173953147038
928,Tibet,0.239569614348924,0.638181536147991,-1.60992069231967,-0.971739156171679
929,Tibet,0.245564330842053,0.634472026618864,-3.39642861059734,-2.76195658397847
930,Tibet,0.242501104924604,0.625086278398184,-2.08849209733307,-1.46340581893489
931,Tibet,0.251032066559701,0.719064898137196,-0.823412712308623,-0.104347814171427
932,Tibet,0.234793596767252,0.601035211636352,-1.65357146997537,-1.05253625833902
933,Tibet,0.242709700500803,0.660455474897376,-3.00357147241159,-2.34311599751422
934,Tibet,0.250768551875362,0.681487222339025,-2.91626988431173,-2.2347826619727
935,Tibet,0.252646034519643,0.686507968239749,-1.96150797738561,-1.27500000914586
936,Tibet,0.239602553715858,0.606918578685934,-1.15873018545764,-0.551811606771704
937,Tibet,0.25345849425916,0.74108005355172,-2.37658734087433,-1.63550728732261
938,Tibet,0.276339483769266,0.761111127410606,-1.72777782049444,-0.966666693083834
939,Tibet,0.296047439336528,0.763992415638249,-1.33174605114711,-0.567753635508859
940,Tibet,0.22686650142643,0.654054543025293,1.19087302814873,1.84492757117403
941,Tibet,0.233893280492201,0.691873704578812,-0.669047620413559,0.0228260841652535
942,Tibet,0.231499779436101,0.690096619725999,1.68055559836683,2.37065221809283
943,Tibet,0.2583443238222,0.754917211184025,2.13928574787837,2.8942029590624
944,Tibet,0.248605627549398,0.715044884241249,2.25198416799189,2.96702905223314
945,Tibet,0.238482658925139,0.691701198302676,2.32460321009987,3.01630440840255
946,Sichuan,0.205478685010236,0.644289134257955,0.778174639694275,1.42246377395223
947,Sichuan,0.23642951013585,0.588492050364593,0.344841287131347,0.93333333749594
948,Sichuan,0.230588501060793,0.511870271223549,2.35515879023643,2.86702906145998
949,Sichuan,0.191743522442364,0.405400282201365,1.32539685135559,1.73079713355696
950,Sichuan,0.190985954288503,0.387646672181564,2.13373018008849,2.52137685227005
951,Sichuan,0.235968376399821,0.577812268462333,3.70515880831296,4.28297107677529
952,Sichuan,0.226932376292671,0.565493465255333,2.78849209655845,3.35398556181378
953,Sichuan,0.180939843118204,0.411956548490264,5.00833339847269,5.42028994696296
954,Sichuan,0.0595850086377068,0.0180814866416217,13.1253969882216,13.1434784748632
955,Sichuan,0.232213440253434,0.572636313073133,16.8480161541984,17.4206524672716
956,Sichuan,0.270432588035305,0.637353382166541,16.6162701258584,17.2536235080249
957,Sichuan,0.269126021605497,0.626311188981482,16.7515876198572,17.3778988088387
958,Sichuan,0.154622314030736,0.270065567796191,17.148413020467,17.4184785882632
959,Sichuan,0.165195466972622,0.299171933352827,17.6261906907672,17.92536262412
960,Sichuan,0.158047844115506,0.245479594599885,17.5186510824022,17.7641306770021
961,Sichuan,0.305698305172098,0.718184998275664,16.9158732966771,17.6340582949528
962,Sichuan,0.305698282660022,0.714958624604485,16.5238097802041,17.2387684048086
963,Chongqing,0.179314895790294,0.310110414949587,16.4753971033626,16.7855075183122
964,Chongqing,0.387670156146332,0.883436798308949,16.2321431523278,17.1155799506367
965,Chongqing,0.393039086754248,0.892995168940205,14.6638891701661,15.5568843391063
966,Chongqing,0.396036454789311,0.901828845014203,14.0206351606619,14.9224640056761
967,Hubei,0.336220926024776,0.788181548633499,13.1150795911394,13.9032611397729
968,Hubei,0.338921823690583,0.792581106261643,13.810317699694,14.6028988059556
969,Hubei,0.341161637503586,0.799931017446713,16.3007939202445,17.1007249376912
970,Hubei,0.334387351794363,0.788285053418043,16.6972224797521,17.4855075331702
971,Hubei,0.335715863714629,0.793150495236457,16.7496034219151,17.5427539171516
972,Hubei,0.323770336338863,0.772584578532687,16.8194447377371,17.5920293162698
973,Hubei,0.328052274506502,0.783730199536098,16.8246034364852,17.6083336360213
974,Hubei,0.32971015308162,0.787318868049674,16.8833335836728,17.6706524517225
975,Hubei,0.346003515447083,0.821670143582889,17.0257938892122,17.8474640327951
976,Hubei,0.362889763126522,0.85809177638458,16.4694447190989,17.3275364954834
977,Hubei,0.363647348246241,0.850897174382556,15.4146828055382,16.2655799799207
978,Anhui,0.352053183825014,0.836697839904932,16.7821431141051,17.61884095401
979,Anhui,0.357279321016006,0.849672164420898,17.1496034236181,17.999275588039
980,Anhui,0.317336429321144,0.719306459739094,16.4321431262153,17.1514495859544
981,Anhui,0.318039093150229,0.718115927051208,15.3750002679844,16.0931161950356
982,Anhui,0.298210360525363,0.664458228507849,14.9170637529284,15.5815219814363
983,Anhui,0.376822584640393,0.853761248421659,14.5734129390191,15.4271741874408
984,Zhejiang,0.379457641816684,0.858212599730065,14.9472224736024,15.8054350733325
985,Zhejiang,0.329666231951537,0.783178076415414,16.0476193148938,16.8307973913093
986,Zhejiang,0.352009239678953,0.801259528467622,16.8730160991351,17.6742756276027
987,Zhejiang,0.353403594510095,0.799016568210721,16.7571431436236,17.5561597118343
988,Zhejiang,0.377360561685075,0.848291934462065,16.3404764277594,17.1887683622215
989,Zhejiang,0.350636808480617,0.814251261673938,16.9861113987272,17.8003626604011
990,Tibet,0.178008343941799,0.532729468476143,-2.15555559648644,-1.6228261280103
991,Tibet,0.181785254688098,0.539648070144727,-1.48095242829905,-0.941304358154319
992,Tibet,0.183256468726228,0.547774299135942,-1.72023810345739,-1.17246380432144
993,Tibet,0.320707076862716,0.832246400026401,-3.82500007580079,-2.99275367577439
994,Tibet,0.269883624054279,0.731728777423079,-4.1190476594345,-3.38731888201142
995,Tibet,0.279710149649346,0.753933758593794,-3.42023815149589,-2.6663043929021
996,Tibet,0.315447965982056,0.827639778674913,-2.99285721131379,-2.16521743263887
997,Tibet,0.344224866170421,0.873809540286928,-2.37380956199079,-1.50000002170387
998,Tibet,0.219872644209566,0.59390962298309,-2.15079369570409,-1.556884072721
999,Tibet,0.333596842497633,0.862629397055603,-2.12857146031918,-1.26594206326358
1000,Tibet,0.324670626867365,0.842770891406768,-1.46269844357102,-0.619927552164249
1001,Tibet,0.315700487388714,0.828209135744379,-2.16190479861365,-1.33369566286928
1002,Tibet,0.274099699182695,0.738457577049814,-2.46309529978131,-1.7246377227315
1003,Tibet,0.245564330842053,0.634472026618864,-3.39642861059734,-2.76195658397847
1004,Tibet,0.260441374328179,0.738630095201115,-1.77341273024915,-1.03478263504803
1005,Tibet,0.223045674731426,0.61873706763519,-2.66547622918964,-2.04673916155445
1006,Tibet,0.223945981676072,0.614751562544289,-3.3738095765076,-2.75905801396331
1007,Tibet,0.227206865141515,0.618995888616307,-3.78928578612469,-3.17028989750838
1008,Tibet,0.225461140100762,0.622308510374291,-3.31071434362185,-2.68840583324756
1009,Tibet,0.271288979870542,0.740269163455055,-3.17976196630607,-2.43949280285101
1010,Tibet,0.235144943806278,0.584023491796325,-3.38293655813923,-2.79891306634291
1011,Tibet,0.25345849425916,0.74108005355172,-2.37658734087433,-1.63550728732261
1012,Tibet,0.276339483769266,0.761111127410606,-1.72777782049444,-0.966666693083834
1013,Tibet,0.266776469534081,0.756866826704756,0.146031753293106,0.902898579997861
1014,Tibet,0.234079937037894,0.667391318915279,-0.116666672514781,0.550724646400498
1015,Tibet,0.236187978507358,0.671514856340486,-0.0515873096291981,0.619927546711288
1016,Tibet,0.255522629618317,0.71626986355988,2.65873019855529,3.37500006211517
1017,Tibet,0.256269221485715,0.74297792622736,0.334920641773986,1.07789856800135
1018,Tibet,0.218950388355113,0.670100110917872,0.0146825301446139,0.684782641062486
1019,Tibet,0.214053581280206,0.659437570100029,2.69563497292499,3.35507254302502
1020,Sichuan,0.239690380062962,0.717857131292289,1.96547625101511,2.6833333823074
1021,Sichuan,0.23033597497339,0.696652872332361,-0.111507941421772,0.585144930910589
1022,Sichuan,0.225735626037433,0.505262256673877,0.635317458697255,1.14057971537113
1023,Sichuan,0.224483976172521,0.498637018054262,2.02817463963514,2.5268116576894
1024,Sichuan,0.206993859963959,0.426276753749762,0.451984129550438,0.878260883300201
1025,Sichuan,0.212088278253049,0.437715678333753,1.81626988288074,2.2539855612145
1026,Sichuan,0.227217819404264,0.566166293269359,3.72658738538268,4.29275367865204
1027,Sichuan,0.230621440514438,0.571152539981633,0.0567460242836248,0.627898564265258
1028,Sichuan,0.246179181615322,0.597084199558502,5.82936518195839,6.42644938151689
1029,Sichuan,0.249912164804309,0.604710134269457,11.1583335590918,11.7630436933613
1030,Sichuan,0.250274483315714,0.604382345353923,16.2412700984213,16.8456524437752
1031,Sichuan,0.270630225990758,0.629934435387657,16.7182542274869,17.3481886628745
1032,Sichuan,0.272002646364974,0.622274005306107,17.2646828246495,17.8869568299556
1033,Sichuan,0.162406667340572,0.2912698144169,17.3753971183111,17.666666932728
1034,Sichuan,0.22649320388081,0.426708126578191,17.0261907558593,17.4528988824374
1035,Sichuan,0.320992517507962,0.750776368021722,16.9869050355185,17.7376814035402
1036,Sichuan,0.218862540008836,0.430055191715969,16.4376987199935,16.8677539117094
1037,Chongqing,0.366040877647759,0.887784752992204,16.3238097845562,17.2115945375484
1038,Chongqing,0.269016249194499,0.644030372178332,15.6353177343096,16.2793481064879
1039,Chongqing,0.273847166578079,0.655003452039814,14.992460578207,15.6474640302468
1040,Chongqing,0.338043487020947,0.78462736065878,14.6392859400265,15.4239133006853
1041,Hubei,0.342138774523681,0.793374751909813,12.3595240400247,13.1528987919345
1042,Hubei,0.345377702576828,0.80193239029078,13.0111113358585,13.8130437261492
1043,Hubei,0.34542163047362,0.804158088411128,13.2063494144924,14.0105075029035
1044,Hubei,0.341040843645365,0.795703930133705,15.4702383667704,16.2659422969041
1045,Hubei,0.340524803744003,0.797895062516851,16.4075400001473,17.2054350626641
1046,Hubei,0.330346967882632,0.786421729715791,16.2269843679572,17.013406097673
1047,Hubei,0.335770761483742,0.798688790000579,16.5317462715838,17.3304350615844
1048,Hubei,0.341436120819302,0.811024879960865,16.3190478445992,17.13007272456
1049,Hubei,0.345641206676727,0.820980024202022,16.4920637494042,17.3130437736062
1050,Hubei,0.362889763126522,0.85809177638458,16.4694447190989,17.3275364954834
1051,Hubei,0.363647348246241,0.850897174382556,15.4146828055382,16.2655799799207
1052,Anhui,0.36353755529952,0.852363756529373,14.4019843546881,15.2543481112174
1053,Anhui,0.355764167353046,0.843616275817382,16.3984129835689,17.2420292593863
1054,Anhui,0.319180932826884,0.723878527043439,16.8087304059475,17.532608932991
1055,Anhui,0.320245968180368,0.721566675900586,16.4186509885485,17.1402176644491
1056,Anhui,0.324033834424637,0.732815763864885,16.1142859813713,16.8471017452362
1057,Anhui,0.378579269162084,0.885766027221459,15.7428574193092,16.6286234465306
1058,Zhejiang,0.352514286634753,0.828761228701525,15.7900796404907,16.6188408691922
1059,Zhejiang,0.329666231951537,0.783178076415414,16.0476193148938,16.8307973913093
1060,Zhejiang,0.349396140901573,0.819323690555443,16.969444711057,17.7887684016124
1061,Zhejiang,0.375296448818361,0.836766730184142,17.1980161468188,18.0347828770029
1062,Zhejiang,0.343412427196494,0.800086361363146,17.0615081635733,17.8615945249364
1063,Tibet,0.251493198621231,0.681504499183915,-2.73730163698986,-2.05579713780595
1064,Tibet,0.180511650593758,0.53329885215611,-1.94126987788412,-1.40797102572801
1065,Tibet,0.181785254688098,0.539648070144727,-1.48095242829905,-0.941304358154319
1066,Tibet,0.185990337385491,0.549482394206507,-4.74404767971663,-4.19456528551013
1067,Tibet,0.331346069255228,0.850862662829177,-5.18492071945516,-4.33405805662598
1068,Tibet,0.285803702150684,0.766718467085619,-4.31309533843564,-3.54637687135002
1069,Tibet,0.301108928873389,0.770100101676889,-2.86865084754333,-2.09855074586644
1070,Tibet,0.30960693494791,0.785904064501994,-2.79206353423023,-2.00615946972824
1071,Tibet,0.206214325010881,0.549068336893745,-2.17261908629111,-1.62355074939736
1072,Tibet,0.308662717716934,0.817822638740975,-1.29246032397662,-0.474637685235644
1073,Tibet,0.32000439181649,0.841683929663967,-1.58769842997075,-0.746014500306784
1074,Tibet,0.335968386474302,0.862801937071454,-1.33055557165709,-0.467753634585635
1075,Tibet,0.324538872976856,0.845876481831382,-1.50674605449396,-0.660869572662573
1076,Tibet,0.198858158347975,0.551380289561681,-1.39087304913454,-0.839492759572855
1077,Tibet,0.154413702248624,0.498395432306105,-1.02738095113328,-0.528985518827171
1078,Tibet,0.260441374328179,0.738630095201115,-1.77341273024915,-1.03478263504803
1079,Tibet,0.232894168753581,0.650724662466552,-1.97500003965956,-1.32427537719301
1080,Tibet,0.228711028452055,0.640579719750726,-1.73333335085402,-1.0927536311033
1081,Tibet,0.231818187627639,0.632194618999783,-2.00357145003028,-1.3713768310305
1082,Tibet,0.233003947583629,0.61107659951274,-3.01071433861932,-2.39963773910658
1083,Tibet,0.212747036587802,0.555348524253037,-3.63650800935215,-3.08115948509911
1084,Tibet,0.286001319414987,0.812594895965173,-2.88650797150793,-2.07391307554275
1085,Tibet,0.2283596900612,0.678467925171335,-0.960714310939823,-0.282246385768488
1086,Tibet,0.268478267346368,0.764492777536776,-0.683333348128058,0.0811594294087178
1087,Tibet,0.266776469534081,0.756866826704756,0.146031753293106,0.902898579997861
1088,Tibet,0.265744405933179,0.757729472571905,-2.19722225120853,-1.43949277863662
1089,Tibet,0.252097055711078,0.726432023459391,-0.0539682438922307,0.672463779567161
1090,Tibet,0.263581475951383,0.735490017852716,1.31269843225914,2.04818845011186
1091,Tibet,0.232806324676582,0.701155969310035,0.799206380067127,1.50036234937716
1092,Tibet,0.255764159092947,0.726880598176988,-1.38412699396057,-0.65724639578358
1093,Sichuan,0.226317533817458,0.683764689225958,-2.55912702300009,-1.87536233377413
1094,Sichuan,0.248561699865292,0.711507914621278,-0.361507909756804,0.350000004864473
1095,Sichuan,0.234991217149053,0.702001381946986,0.501984130147667,1.20398551209465
1096,Sichuan,0.230544589419813,0.701086989970938,1.14166667061074,1.84275366058168
1097,Sichuan,0.259255605041784,0.621152532697649,1.21507938525506,1.83623191795271
1098,Sichuan,0.237055344820402,0.528312651945691,0.886904767492697,1.41521741943839
1099,Sichuan,0.221991673352415,0.53231543491243,2.11587304314451,2.64818847805694
1100,Sichuan,0.2286122096682,0.476570048934431,2.51944450058398,2.99601454951841
1101,Sichuan,0.194685983407357,0.563733587045354,1.08373019498374,1.64746378202909
1102,Sichuan,0.0844971364397565,0.0952898424910602,4.13333341562086,4.22862325811192
1103,Sichuan,0.210474304027846,0.564544503765375,7.10357154208043,7.66811604584581
1104,Sichuan,0.253348725514555,0.606073224900344,12.9718256169368,13.5778988418372
1105,Sichuan,0.0782169600458671,0.169530717441347,15.7837304066098,15.9532611240511
1106,Sichuan,0.112285919601999,0.251656340351587,16.4559526661086,16.7076090064602
1107,Sichuan,0.143686874189239,0.305503795647144,16.4742066301997,16.7797104258468
1108,Sichuan,0.159036024783231,0.339924098007266,16.2825399627761,16.6224640607834
1109,Sichuan,0.169927535425637,0.36758109024264,15.8186510697244,16.186232159967
1110,Sichuan,0.180884949525931,0.390407204545724,14.6103177080079,15.0007249125536
1111,Sichuan,0.373210374283905,0.903864759352805,13.6388891178464,14.5427538771992
1112,Chongqing,0.375724641588214,0.908212559996977,11.0722224520194,11.9804350120164
1113,Shaanxi,0.119477402665895,0.202622545706951,9.82817474179088,10.0307972874978
1114,Hubei,0.343928433382915,0.79313326446022,11.7789684450402,12.5721017095004
1115,Hubei,0.347200279707743,0.801156009788443,11.0908732000029,11.8920292097913
1116,Hubei,0.347266153114625,0.802104942140662,11.5007938281116,12.3028987702522
1117,Hubei,0.347705308959824,0.803105553996469,12.9226193144799,13.7257248684764
1118,Hubei,0.344938509918824,0.800672853351399,14.6630955057603,15.4637683591117
1119,Hubei,0.343093968446861,0.798654223358408,16.4321431531793,17.2307973765377
1120,Hubei,0.336736939857285,0.79974120294867,16.1238097870161,16.9235509899647
1121,Hubei,0.338943779088973,0.803743929843229,15.8027780715908,16.6065220014341
1122,Hubei,0.34129336796583,0.8099206049854,15.7734129998892,16.5833336048746
1123,Hubei,0.345641206676727,0.820980024202022,16.4920637494042,17.3130437736062
1124,Hubei,0.369126027912968,0.87294680873682,15.469444711057,16.3423915197938
1125,Anhui,0.380555557330016,0.886922024070877,13.9087303813015,14.7956524053723
1126,Anhui,0.344894610491791,0.814095982084959,14.0920637061613,14.9061596882462
1127,Anhui,0.361462445179517,0.849620382731501,15.4543653641428,16.3039857468743
1128,Anhui,0.357520891115442,0.842011812763268,16.4460319980742,17.2880438108375
1129,Anhui,0.322617503248734,0.724551450849361,16.4384923402279,17.1630437910773
1130,Anhui,0.378447524869473,0.88500687527792,16.1932542480174,17.0782611232953
1131,Anhui,0.378623188052409,0.884886100877967,16.2321431315134,17.1170292323914
1132,Anhui,0.379995624944207,0.89073505037155,16.0440478485728,16.9347828989444
1133,Zhejiang,0.352459388072154,0.829089028546122,16.1738097956256,17.0028988241717
1134,Zhejiang,0.357191485587996,0.829727404688537,16.5873018664027,17.4170292710912
1135,Zhejiang,0.334167770180829,0.736421686254591,16.7103176949516,17.4467393812062
1136,Tibet,0.250285474658765,0.679227097452284,-3.66111119564564,-2.98188409819335
1137,Tibet,0.208421169648902,0.600034507614958,-2.22539685731606,-1.6253623497011
1138,Tibet,0.181675443143556,0.531435461953961,-3.06150797222342,-2.53007251026946
1139,Tibet,0.185046116115102,0.545617673663053,-4.46626992440886,-3.92065225074581
1140,Tibet,0.185990337385491,0.549482394206507,-4.74404767971663,-4.19456528551013
1141,Tibet,0.296157236024083,0.780521073905022,-2.65515878113608,-1.87463770723105
1142,Tibet,0.346354831274326,0.872153150730139,-1.54642856248196,-0.674275411751823
1143,Tibet,0.352371533011521,0.88714629642182,-0.848015861703999,0.0391304347178211
1144,Tibet,0.245553363089237,0.649723947527667,-1.53849208192338,-0.888768134395714
1145,Tibet,0.287296893277161,0.772929628552539,-1.25952383810802,-0.486594209555483
1146,Tibet,0.319367594757642,0.841304359741617,-1.44166668814917,-0.600362328407557
1147,Tibet,0.23433245039763,0.630210469446669,-1.52658731440112,-0.896376844954448
1148,Tibet,0.316523934336977,0.836939271900667,-2.01230160717572,-1.17536233527505
1149,Tibet,0.3203777079722,0.840113910003787,-1.09047622118323,-0.250362311179439
1150,Tibet,0.212801934437901,0.581711545176522,-1.37301588425088,-0.791304339074354
1151,Tibet,0.228096180048607,0.646739134273194,-1.95000001794052,-1.30326088366733
1152,Tibet,0.228030312046422,0.646256059049542,-1.60277780136537,-0.956521742315828
1153,Tibet,0.223913031937387,0.596083488477312,-2.21746032685041,-1.6213768383731
1154,Tibet,0.221651289724943,0.587422342568616,-2.22619049999094,-1.63876815742233
1155,Tibet,0.219916553347387,0.576414767747875,-2.67460322427371,-2.09818845652584
1156,Tibet,0.273155465612469,0.782332628131108,-2.02182541604316,-1.23949278791206
1157,Tibet,0.198825216025513,0.628071102120234,-2.47698416974809,-1.84891306762786
1158,Tibet,0.246475622319683,0.726397528006516,-1.30357145056838,-0.577173922561865
1159,Tibet,0.247321053977842,0.709213286075224,-1.43928573936934,-0.730072453294112
1160,Tibet,0.256005714956277,0.731038663911667,-2.04444448460662,-1.31340582069495
1161,Tibet,0.266699611490325,0.759799872397132,-2.13769844756831,-1.37789857517118
1162,Qinghai,0.265744405933179,0.757729472571905,-2.19722225120853,-1.43949277863662
1163,Qinghai,0.201383406755285,0.652260198010411,0.011507932924562,0.663768130934973
1164,Qinghai,0.194707954649273,0.638371301497403,0.767063508667643,1.40543481016505
1165,Tibet,0.188098374967695,0.623274677012082,-0.521825402324635,0.101449274687447
1166,Tibet,0.261319719733516,0.7555900798176,-0.755952397745753,-0.000362317928153536
1167,Sichuan,0.223781290288637,0.67458593190935,-2.37857146951414,-1.70398553760479
1168,Sichuan,0.218500220688403,0.662732909258077,-0.129761896406611,0.532971012851466
1169,Sichuan,0.24189724258303,0.723809544278567,-0.332142869454055,0.391666674824513
1170,Sichuan,0.234573999011614,0.706055910748817,-0.448809537149611,0.257246373599206
1171,Sichuan,0.226624946907117,0.688336794410516,-0.640873027314979,0.0474637670955364
1172,Sichuan,0.230149311049104,0.663647339048778,0.288888898633775,0.952536237682553
1173,Sichuan,0.210133956222548,0.635317472764146,2.0146825826239,2.65000005538805
1174,Sichuan,0.186780853268147,0.430400287211867,1.53373017916012,1.96413046637199
1175,Sichuan,0.190151520547869,0.56119739170282,0.675396836614088,1.23659422831691
1176,Sichuan,0.19169960176465,0.546100746810672,3.89484135561164,4.44094210242232
1177,Sichuan,0.204786988758908,0.562129028401166,4.23134929512346,4.79347832352463
1178,Sichuan,0.216029876091329,0.446307834772568,10.4091271510318,10.8554349858044
1179,Sichuan,0.390140561116176,0.920479697426634,13.2186510153706,14.1391307127972
1180,Sichuan,0.12543918052995,0.276690842078589,15.5472224695342,15.8239133116128
1181,Sichuan,0.3589372260559,0.8533472163748,14.3948414874455,15.2481887038203
1182,Sichuan,0.169016254533263,0.378726741562554,14.1154764143247,14.4942031558873
1183,Sichuan,0.168313561957109,0.371877167096235,13.498412892932,13.8702900600282
1184,Sichuan,0.180950817889683,0.399792968540394,13.3190478419974,13.7188408105378
1185,Sichuan,0.192072915992272,0.425983464678273,12.8178573470149,13.2438408116932
1186,Shaanxi,0.203129112460357,0.448843993630909,11.9841271852335,12.4329711788644
1187,Shaanxi,0.380226185160853,0.915044886739434,12.4686510026869,13.3836958894263
1188,Hubei,0.346409756511933,0.792684623060186,13.9924605342131,14.7851451572733
1189,Hubei,0.349923144634952,0.801311253277575,14.4682542300887,15.2695654833662
1190,Hubei,0.348748361832533,0.800465863001366,13.4988097313437,14.299275594345
1191,Hubei,0.349330274366107,0.80424433309531,14.2761906925589,15.0804350256542
1192,Hubei,0.347397897375332,0.799896511233175,15.8345240770824,16.6344205883156
1193,Hubei,0.344389571555098,0.797291297977179,16.0269843299711,16.8242756279482
1194,Hubei,0.339514727279263,0.803571454278242,15.1797621589864,15.9833336132646
1195,Hubei,0.341458081204377,0.80817811505765,15.4226192544614,16.230797369519
1196,Henan,0.34129336796583,0.8099206049854,15.7734129998892,16.5833336048746
1197,Henan,0.34519105358724,0.820031087075567,15.7904764567576,16.6105075438331
1198,Henan,0.347913919799569,0.827760526852579,15.576587560631,16.4043480874836
1199,Henan,0.347957820393927,0.816683850364901,15.1873018848045,16.0039857351694
1200,Anhui,0.353656099156218,0.827863973212537,15.925397134253,16.7532611074655
1201,Anhui,0.361572259324564,0.844375465209215,16.1730161143674,17.0173915795766
1202,Anhui,0.368730835508608,0.860593621003943,16.3365081406775,17.1971017616814
1203,Anhui,0.397990781517734,0.925672870131919,16.1214288454207,17.0471017155526
1204,Anhui,0.329205106823596,0.736197422759247,16.0837303936955,16.8199278164547
1205,Jiangsu,0.395948626537842,0.920307153132734,15.9873018174891,16.9076089706218
1206,Jiangsu,0.379995624944207,0.89073505037155,16.0440478485728,16.9347828989444
1207,Jiangsu,0.381192360238569,0.89439270758502,15.8769843696602,16.7713770772452
1208,Jiangsu,0.333465087692571,0.73041752855929,16.1960319838827,16.926449512442
1209,Jiangsu,0.3344752101271,0.73015877030651,16.2115081761565,16.941666946463
1210,Shanghai,0.336693019944427,0.795514154796187,16.243254248112,17.0387684029082
1211,Tibet,0.239218278147107,0.659334038582864,-2.31150799271252,-1.65217395412965
1212,Tibet,0.243950384290669,0.666873728618633,-2.22738099290383,-1.5605072642852
1213,Tibet,0.329029429446273,0.807160121598907,-4.81984136138289,-4.01268123978398
1214,Tibet,0.342018019658304,0.842581124923572,-5.94801598881918,-5.10543486389561
1215,Tibet,0.343346524118173,0.834092525612328,-6.04206362035539,-5.20797109474307
1216,Tibet,0.182674568115382,0.528226343381397,-5.60793659067343,-5.07971024729204
1217,Tibet,0.290327194023699,0.724137353577784,-3.46507942880548,-2.7409420752277
1218,Tibet,0.335606063781965,0.846946172753003,-1.93571429714442,-1.08876812439142
1219,Tibet,0.315513846553211,0.818840621617732,-2.35833337264402,-1.53949275102628
1220,Tibet,0.287351774687392,0.772308465723254,-1.45238094569908,-0.680072479975828
1221,Tibet,0.329995611852683,0.856107666313372,-2.65357147166062,-1.79746380534725
1222,Tibet,0.244565222031148,0.651949636311655,-2.05992065305038,-1.40797101673873
1223,Tibet,0.319367594757642,0.841304359741617,-1.44166668814917,-0.600362328407557
1224,Tibet,0.353271856674983,0.903295406337707,-0.617063517312682,0.286231889025025
1225,Tibet,0.342534044915364,0.882781254293447,-1.00198415826474,-0.119202903971292
1226,Tibet,0.333058837583623,0.865338133297105,0.0694444806625446,0.934782613959649
1227,Tibet,0.285748790926678,0.78590407266601,0.0662698400103384,0.852173912676348
1228,Tibet,0.228403607681132,0.618668074729249,-0.714682581790146,-0.0960145070608975
1229,Tibet,0.224055781603828,0.603243643119725,-1.62896827824177,-1.02572463512205
1230,Tibet,0.225548975408522,0.60224293152049,-2.49246035468957,-1.89021742316908
1231,Tibet,0.280654388047562,0.699413423182853,-3.06825402207554,-2.36884059889269
1232,Tibet,0.250537995724306,0.7339027023934,-3.22738099798915,-2.49347829559575
1233,Tibet,0.271739132310516,0.766511396414313,-3.23571432603612,-2.46920292962181
1234,Tibet,0.244279767281499,0.726276783925642,-2.76468259598764,-2.038405812062
1235,Tibet,0.249890204160738,0.71661490676674,-2.61190479275371,-1.89528988598697
1236,Tibet,0.253359683660474,0.721946169918544,-3.56071433998526,-2.83876817006672
1237,Tibet,0.268917428496464,0.772895089722784,-3.5924603579832,-2.81956526826041
1238,Qinghai,0.266798423675163,0.765303677175479,-2.54682544290665,-1.78152176573117
1239,Qinghai,0.249033819691008,0.709851636946602,-0.900793685622159,-0.190942048675556
1240,Qinghai,0.201383406755285,0.652260198010411,0.011507932924562,0.663768130934973
1241,Qinghai,0.194707954649273,0.638371301497403,0.767063508667643,1.40543481016505
1242,Tibet,0.17941369887623,0.592684602336617,-1.55753971044979,-0.964855108113176
1243,Sichuan,0.172079489382739,0.579503090412011,-1.59761906734535,-1.01811597693334
1244,Sichuan,0.261023281855434,0.758954470610828,-1.60714288907392,-0.848188418463089
1245,Sichuan,0.246991675625219,0.738216056588079,-1.78531749800794,-1.04710144141986
1246,Sichuan,0.239481769585602,0.720652156292858,-1.80833335608126,-1.0876811997884
1247,Qinghai,0.234595961644624,0.709178747700526,-2.05555557347243,-1.3463768257719
1248,Qinghai,0.228897670683928,0.695203587317709,-0.778174601643095,-0.0829710143253855
1249,Qinghai,0.263076426997964,0.605866133950759,-0.342460320020715,0.263405813930043
1250,Sichuan,0.216523930401781,0.650414069325215,0.961904776977405,1.61231884630262
1251,Sichuan,0.211078174935787,0.636352672615057,1.21111113288336,1.84746380549842
1252,Sichuan,0.188164244477502,0.561266386998448,0.732936539583736,1.29420292658218
1253,Sichuan,0.202371547978615,0.580262267213955,1.54365081269117,2.12391307990512
1254,Sichuan,0.202711908325069,0.564872338775265,1.39563495012385,1.96050728889911
1255,Gansu,0.273276269466967,0.57991725304842,6.40595244974016,6.98586970278858
1256,Gansu,0.39485068725431,0.926949620506551,10.4900795812349,11.4170292017415
1257,Sichuan,0.411934584496992,0.956539036694526,14.4289684728498,15.3855075095443
1258,Sichuan,0.132378139871356,0.299051107423544,12.5817462418169,12.8807973492405
1259,Shaanxi,0.159211686445457,0.361611484215077,11.6123017749143,11.9739132591294
1260,Shaanxi,0.354863852946366,0.841821960070066,11.9523811623868,12.7942031224569
1261,Shaanxi,0.174615697496761,0.394013035419,11.9146828117766,12.3086958471956
1262,Shaanxi,0.380292007113902,0.917598239271513,13.8809526583978,14.7985508976693
1263,Shaanxi,0.377744823596065,0.912301577180315,14.754365306525,15.6666668837053
1264,Shaanxi,0.226284597869054,0.548878520962393,14.4170637336515,14.9659422546139
1265,Shaanxi,0.33533158662762,0.787284387472253,13.9087303621428,14.6960147496151
1266,Hubei,0.376240658515317,0.900569335335778,14.0809526399133,14.9815219752491
1267,Hubei,0.350395270336549,0.797757103026241,14.8091272145273,15.6068843175536
1268,Hubei,0.349418108228415,0.798930320955602,15.2539685224257,16.0528988433813
1269,Henan,0.345696084859027,0.791235315657801,16.0007939359971,16.7920292516549
1270,Henan,0.420652175853893,0.983799168647234,15.6988097904694,16.6826089591166
1271,Henan,0.339514727279263,0.803571454278242,15.1797621589864,15.9833336132646
1272,Henan,0.341458081204377,0.80817811505765,15.4226192544614,16.230797369519
1273,Henan,0.343083008079184,0.813250543516238,15.9726192849496,16.7858698284658
1274,Henan,0.344027235011127,0.816632166535715,16.0920637569257,16.9086959234614
1275,Henan,0.346288978368809,0.823964772735682,16.0119050568531,16.8358698295888
1276,Henan,0.347979791581853,0.811991016365703,15.9662700950626,16.7782611114283
1277,Anhui,0.353019327182955,0.822446514102275,16.0376986768984,16.8601451910006
1278,Anhui,0.383838404212139,0.898395458674681,16.1226193062843,17.021014764959
1279,Anhui,0.400603862610212,0.932971019327404,16.0500002285791,16.9829712479065
1280,Anhui,0.405862943714727,0.944116533922221,15.8718257203462,16.8159422542684
1281,Jiangsu,0.409200700543916,0.949258087006234,15.7376986699445,16.6869567569507
1282,Jiangsu,0.395948626537842,0.920307153132734,15.9873018174891,16.9076089706218
1283,Jiangsu,0.327777781682052,0.715113907034352,15.9428573790051,16.6579712860394
1284,Jiangsu,0.331148443688778,0.72168736834416,15.821428817416,16.5431161857602
1285,Jiangsu,0.338219178906779,0.735472809335668,15.7170637240486,16.4525365333842
1286,Jiangsu,0.337681158689956,0.733316068961099,15.7376986902858,16.4710147592469
1287,Shanghai,0.338449746488111,0.729692959390563,15.8210319564456,16.5507249158362
1288,Tibet,0.242369347776715,0.664872330593509,-2.30436511299322,-1.63949278239971
1289,Tibet,0.239833114676089,0.6566252599273,-1.54285716626143,-0.886231906334127
1290,Tibet,0.241414143316543,0.660576272002577,-1.55079368008153,-0.890217408078952
1291,Tibet,0.249758464051513,0.678916528169258,-3.21587304611291,-2.53695651794365
1292,Tibet,0.336440489672822,0.827639755292227,-5.65952390834453,-4.8318841530523
1293,Tibet,0.362538435954893,0.897118710612608,-3.72936512479588,-2.83224641418327
1294,Tibet,0.366985072180151,0.899033830274254,-3.07222226699666,-2.17318843672241
1295,Tibet,0.280687299550895,0.730158713654588,-1.02182540167419,-0.291666688019599
1296,Tibet,0.335606063781965,0.846946172753003,-1.93571429714442,-1.08876812439142
1297,Tibet,0.378151094701287,0.946238839668476,-3.32341275574078,-2.3771739160723
1298,Tibet,0.331796240543339,0.862646689765756,-3.25793657505086,-2.39528988528511
1299,Tibet,0.390491887911513,0.98702556283192,-1.72579367174989,-0.738768108917967
1300,Tibet,0.397518672988957,1.00270877193127,-1.17698413293277,-0.174275361001492
1301,Tibet,0.376592003043821,0.963474800573692,-0.159126993653084,0.804347806920608
1302,Tibet,0.353271856674983,0.903295406337707,-0.617063517312682,0.286231889025025
1303,Tibet,0.318115954496356,0.838198801632418,-2.51428576801268,-1.67608696638026
1304,Tibet,0.314042602350373,0.827156645268346,-1.5373015910801,-0.71014494581175
1305,Tibet,0.290656571640099,0.79872326822688,-1.28531749389829,-0.486594225671412
1306,Tibet,0.229896797295079,0.622256736125183,-1.57261907622691,-0.95036234010173
1307,Tibet,0.284628906038164,0.784178754778835,-2.08888892586979,-1.30471017109095
1308,Tibet,0.280939839930847,0.779675649113958,-2.03293654026966,-1.2532608911557
1309,Tibet,0.282334213736919,0.771773639287391,-2.70039687092815,-1.92862323164076
1310,Tibet,0.281554686279414,0.766442374712574,-4.776587386246,-4.01014501153343
1311,Tibet,0.238021526040675,0.695979999445167,-5.5829365993776,-4.88695659993244
1312,Tibet,0.281104535187546,0.795997277273699,-4.37063500060449,-3.57463772333079
1313,Qinghai,0.241765487987383,0.705365793059629,-3.44920641349422,-2.74384062043459
1314,Qinghai,0.255610463369375,0.725517619707158,-3.55595245626238,-2.83043483655522
1315,Qinghai,0.192830487782259,0.599482412676901,-3.40238099604372,-2.80289858336682
1316,Qinghai,0.178227930590281,0.55793651221018,-1.84126987222523,-1.28333336001505
1317,Qinghai,0.26550285649299,0.76031747144654,-1.81031748995421,-1.05000001850767
1318,Qinghai,0.203370668924936,0.640441709133141,-0.948412718280913,-0.307971009147772
1319,Qinghai,0.195970586164444,0.628381676554135,-1.88888894565522,-1.26050726910108
1320,Qinghai,0.17941369887623,0.592684602336617,-1.55753971044979,-0.964855108113176
1321,Sichuan,0.172079489382739,0.579503090412011,-1.59761906734535,-1.01811597693334
1322,Sichuan,0.233311375351128,0.693944077524874,-1.8428571642273,-1.14891308670243
1323,Sichuan,0.246069393121115,0.734610081093066,-3.74801593486752,-3.01340585377445
1324,Qinghai,0.244027233133268,0.699844744661918,-2.78571434052927,-2.08586959586735
1325,Qinghai,0.234552050403658,0.709368550860734,-2.28690478959609,-1.57753623873535
1326,Qinghai,0.229929736653015,0.698205657573282,-2.18769844559332,-1.48949278802004
1327,Sichuan,0.221409747698522,0.676966872787408,-2.6976190879054,-2.02065221511799
1328,Sichuan,0.216073786176424,0.651587314716057,-0.834920651915054,-0.183333337198997
1329,Sichuan,0.280017575812696,0.632470687344835,0.959920635062551,1.59239132240739
1330,Sichuan,0.209343435874288,0.634265011044064,1.76428574134433,2.39855075238839
1331,Sichuan,0.196025469601743,0.578398886205483,0.873412746610859,1.45181163281634
1332,Sichuan,0.20428195039729,0.450621104786999,1.65119051838678,2.10181162317378
1333,Gansu,0.216403168491564,0.504986200881436,6.39682550051264,6.90181170139408
1334,Gansu,0.257707507439124,0.583126295212685,9.43571446164851,10.0188407568612
1335,Gansu,0.407740468512706,0.959006267979616,12.3380954406623,13.2971017086419
1336,Shaanxi,0.419147996057674,0.987767418153624,12.9948415242963,13.98260894245
1337,Shaanxi,0.210869562756115,0.461145607141424,12.0218256245412,12.4829712316826
1338,Shaanxi,0.172617505315559,0.405831670900197,13.3079367121829,13.7137683830831
1339,Shaanxi,0.389679427448043,0.940907575006246,13.4003970392699,14.3413046142761
1340,Shaanxi,0.198792292818682,0.446635669617921,12.1511906819152,12.5978263515331
1341,Shaanxi,0.326998262111953,0.825293338472593,11.2924604846667,12.1177538231393
1342,Shaanxi,0.358069824166906,0.831763287961197,12.1055557394607,12.9373190274219
1343,Hubei,0.376559065412738,0.898343687207333,12.510714492391,13.4090581795984
1344,Hubei,0.411462461546416,0.96756386123803,12.8813494262359,13.848913287474
1345,Hubei,0.379688197479378,0.909972415550556,13.1769843254948,14.0869567410454
1346,Henan,0.424681578548097,0.987284256178782,14.6420637818556,15.6293480380344
1347,Henan,0.345696084859027,0.791235315657801,16.0007939359971,16.7920292516549
1348,Henan,0.420652175853893,0.983799168647234,15.6988097904694,16.6826089591166
1349,Henan,0.422332040654708,0.990648759530281,15.3075399538354,16.2981887133657
1350,Henan,0.42175011501063,0.986904789536183,15.1047621547348,16.091666944271
1351,Henan,0.424681607146286,0.991580431976244,15.5968256351494,16.5884060671256
1352,Henan,0.424648654681937,0.992529312151264,15.7484129996054,16.7409423117566
1353,Anhui,0.361198931192954,0.84955136164807,15.7218256915609,16.571377053209
1354,Anhui,0.389350019270192,0.908885445395645,15.9769843788374,16.885869824233
1355,Anhui,0.389097501361415,0.909454824728158,15.9579367826855,16.8673916074137
1356,Anhui,0.374374182023628,0.87494828723746,15.8714287952771,16.7463770825146
1357,Anhui,0.387867814788024,0.905538297289812,15.8654764509863,16.7710147482761
1358,Anhui,0.32732764652124,0.720324436504731,15.5829367351437,16.3032611716485
1359,Anhui,0.413175242923144,0.957677765609922,15.7825399720007,16.7402177376106
1360,Jiangsu,0.409475185336166,0.946601064934855,15.5932542494838,16.5398553144187
1361,Jiangsu,0.38537551393527,0.900552167880472,15.5603176757457,16.4608698436262
1362,Jiangsu,0.336857715727933,0.727415477934116,15.5388891576302,16.2663046355643
1363,Jiangsu,0.338438748558316,0.798188426234265,15.3000002210102,16.0981886472445
1364,Jiangsu,0.330819062754465,0.783367857213595,15.2746034179415,16.0579712751551
1365,Jiangsu,0.308487040880326,0.664475477568608,15.5043653263932,16.1688408039618
1366,Tibet,0.239459821739229,0.656142172923606,-0.403968249373729,0.252173923549877
1367,Tibet,0.321058417323177,0.794496231078022,-1.5992063768208,-0.804710145742781
1368,Tibet,0.319773830205929,0.795807472099161,-2.86428575814953,-2.06847828605037
1369,Tibet,0.324275375084954,0.804727429709172,-5.42936519249564,-4.62463776278647
1370,Tibet,0.329885826381901,0.816131863034773,-5.50634932790011,-4.69021746486533
1371,Tibet,0.342028989036538,0.838561099023913,-4.53928579174219,-3.70072469271827
1372,Tibet,0.363274065616508,0.90005179749785,-4.07142863407849,-3.17137683658064
1373,Tibet,0.374099692342853,0.919703232258136,-3.76825401340685,-2.84855078114872
1374,Tibet,0.367270538979322,0.898964814396976,-3.7380953063331,-2.83913049193612
1375,Tibet,0.375417229219237,0.920514188846991,-2.34007941937399,-1.419565230527
1376,Tibet,0.275977160946863,0.71268114018504,-2.97500002913413,-2.2623188889491
1377,Tibet,0.337856837145437,0.880279526487251,-2.58571432835408,-1.70543480186683
1378,Tibet,0.396728168633923,1.00341619006914,-1.59761908165519,-0.594202891586051
1379,Tibet,0.318796672359711,0.839044190645012,-1.42817463507018,-0.589130444425172
1380,Tibet,0.266172595419477,0.700086274521723,-2.98015877480308,-2.28007250028136
1381,Tibet,0.322990788462612,0.845962763786461,-3.13690480631259,-2.29094204252613
1382,Tibet,0.318115954496356,0.838198801632418,-2.51428576801268,-1.67608696638026
1383,Tibet,0.295289865548923,0.801673596352081,-3.08174609274618,-2.2800724963941
1384,Tibet,0.287637244815929,0.785438237192458,-3.49920640040248,-2.71376816321002
1385,Tibet,0.176097930337437,0.563733593473985,-3.70793655834028,-3.14420296486629
1386,Tibet,0.194938522718968,0.615700503691691,-4.16388895628708,-3.54818845259539
1387,Tibet,0.190996935019302,0.605900648892635,-3.89285720938018,-3.28695656048755
1388,Tibet,0.286627139102669,0.780227745007119,-3.83095245716709,-3.05072471215997
1389,Qinghai,0.281554686279414,0.766442374712574,-4.776587386246,-4.01014501153343
1390,Qinghai,0.2777338664591,0.759592844364847,-5.68531755795555,-4.9257247135907
1391,Qinghai,0.270267899429976,0.755693595864141,-4.12380958792,-3.36811599205586
1392,Qinghai,0.264207300310811,0.755590079236568,-4.08095245861581,-3.32536237937925
1393,Qinghai,0.24832015204643,0.706366448437575,-3.55238097817415,-2.84601452973658
1394,Qinghai,0.237615294160618,0.687922729393936,-3.11944450281324,-2.4315217734193
1395,Qinghai,0.245652183183568,0.70308836467122,-4.09801596169552,-3.3949275970243
1396,Qinghai,0.146091362127693,0.47472398739573,-4.43849215881219,-3.96376817141646
1397,Qinghai,0.205292056999744,0.646307814637491,-3.52420642025887,-2.87789860562138
1398,Qinghai,0.188812032551372,0.613060736163597,-2.92103176779809,-2.30797103163449
1399,Qinghai,0.193719804153619,0.610403727288849,-2.36547622031399,-1.75507249302514
1400,Sichuan,0.168708817257031,0.574292589317083,-1.72936508851865,-1.15507249920157
1401,Sichuan,0.233311375351128,0.693944077524874,-1.8428571642273,-1.14891308670243
1402,Qinghai,0.244312699915261,0.731849579784565,-3.45793657217707,-2.72608699239251
1403,Qinghai,0.243577079552148,0.727760553025763,-2.2650793982108,-1.53731884518503
1404,Qinghai,0.237176115247088,0.715044867207494,-2.77301591682056,-2.05797104961306
1405,Qinghai,0.230434783992468,0.699913746671554,-2.6865079763922,-1.98659422972064
1406,Qinghai,0.222880989830118,0.681280207736039,-2.49722227155571,-1.81594206381967
1407,Gansu,0.218752754107772,0.669496232062691,-0.849206370138933,-0.179710138076242
1408,Gansu,0.191545894326946,0.602933065005526,1.09126987388091,1.69420293888644
1409,Sichuan,0.368028113846722,0.884023465015627,1.48373018559955,2.36775365061518
1410,Sichuan,0.372408885458058,0.879882699530379,1.81468257893409,2.69456527846447
1411,Sichuan,0.375735620018725,0.889682541758829,3.13531752820644,4.02500006996527
1412,Gansu,0.37674573063196,0.891511422796002,5.16428578166025,6.05579720445625
1413,Gansu,0.380270071967382,0.903398856217281,7.86507953679751,8.76847839301479
1414,Gansu,0.381752324454588,0.908505914690391,11.7980160280353,12.7065219427256
1415,Gansu,0.427821677268945,0.957677649355924,11.3742065902149,12.3318842395708
1416,Shaanxi,0.427228830837377,1.00748796898067,9.65555573914141,10.6630437081221
1417,Shaanxi,0.348243318845795,0.874534197803394,9.00119061980929,9.87572481761268
1418,Shaanxi,0.419115073362927,0.980314011121874,7.40555571279829,8.38586972392016
1419,Shaanxi,0.424747482486164,1.00988614367125,8.47380964431379,9.48369578798504
1420,Shaanxi,0.342490134133311,0.85643552724475,9.73849221564356,10.5949277428883
1421,Shaanxi,0.348177432977104,0.865959289737607,10.1873017847834,11.053261074521
1422,Shaanxi,0.378700055945198,0.90110422066542,11.1123017994243,12.0134060200898
1423,Shaanxi,0.413779106518752,0.972791593912614,11.5420636632554,12.514855257168
1424,Shaanxi,0.37700923983307,0.903071125226285,14.5813494043809,15.4844205296072
1425,Henan,0.424681578548097,0.987284256178782,14.6420637818556,15.6293480380344
1426,Henan,0.426032038830094,0.994306347823306,14.51547648737,15.5097828351933
1427,Henan,0.426844525989022,0.995807443541688,15.0690478542967,16.0648552978384
1428,Henan,0.428634179748683,1.00301937443983,14.9527779751354,15.9557973495752
1429,Henan,0.42866709329708,1.00310555115866,15.139286012167,16.1423915633257
1430,Henan,0.432015828217298,1.00902349883761,15.3420637509239,16.3510872497615
1431,Henan,0.432191486966534,1.00816079651136,15.3603177258952,16.3684785224065
1432,Anhui,0.365458950290736,0.856918591462216,15.416270084413,16.2731886758753
1433,Anhui,0.400505057014573,0.937405108989024,15.6531748310441,16.5905799400331
1434,Anhui,0.361451478315895,0.845721220164428,15.6908732525531,16.5365944727176
1435,Anhui,0.345992532308014,0.811352664050743,15.7111113808813,16.522464044932
1436,Anhui,0.398144501968597,0.926276772833837,15.5436510239092,16.4699277967431
1437,Anhui,0.32732764652124,0.720324436504731,15.5829367351437,16.3032611716485
1438,Jiangsu,0.415645605117593,0.96207733541789,15.4361113430489,16.3981886784668
1439,Anhui,0.365283261783353,0.854175241878728,15.41031773483,16.2644929767087
1440,Jiangsu,0.390854194819221,0.889026915455291,15.2845240807722,16.1735509962275
1441,Jiangsu,0.359036004125785,0.839354719609295,15.1599208958565,15.9992756154658
1442,Jiangsu,0.332751449251521,0.76040380793123,15.1511906671619,15.9115944750931
1443,Tibet,0.319466408032091,0.791804710390229,-3.11825401445348,-2.32644930406325
1444,Tibet,0.317874397742196,0.788785373846042,-0.771031754091382,0.01775361975466
1445,Tibet,0.327876611985348,0.809075256058878,-3.47936512784116,-2.67028987178228
1446,Tibet,0.324242441845852,0.803985533743498,-4.85833341714054,-4.05434788339704
1447,Tibet,0.326811608565962,0.810990403460954,-4.0638889929664,-3.25289858950545
1448,Tibet,0.332938084967817,0.82287784773674,-3.80476196574432,-2.98188411800758
1449,Tibet,0.342028989036538,0.838561099023913,-4.53928579174219,-3.70072469271827
1450,Tibet,0.354545456468143,0.883040043939961,-3.34246037616616,-2.4594203322262
1451,Tibet,0.386341692645023,0.944789555761899,-3.68174609636504,-2.73695654060314
1452,Tibet,0.379216084975813,0.921911699091919,-1.81031748670198,-0.888405787610057
1453,Tibet,0.390612652021402,0.940286406172533,-1.78412699084433,-0.8438405846718
1454,Tibet,0.329556432645482,0.84089026735868,-2.09523813062835,-1.25434786326967
1455,Tibet,0.380412833685801,0.950966213572079,-3.53611117755137,-2.58514496397929
1456,Tibet,0.330456754871671,0.874154628510924,-3.73611117588977,-2.86195654737885
1457,Tibet,0.388339939050713,0.990752279124717,-3.19365085708717,-2.20289857796245
1458,Tibet,0.390810287270006,0.996601131294126,-2.59841273594943,-1.60181160465531
1459,Tibet,0.310606065340795,0.835645300124723,-3.63492072145972,-2.799275421335
1460,Tibet,0.338175238955555,0.871704643785059,-3.466269891443,-2.59456524765794
1461,Tibet,0.295289865548923,0.801673596352081,-3.08174609274618,-2.2800724963941
1462,Tibet,0.294894604581716,0.804106281638363,-4.13888894766569,-3.33478266602733
1463,Tibet,0.258849365580263,0.73742237271133,-4.1345238728774,-3.39710150016607
1464,Tibet,0.250120784686514,0.719444462631008,-4.64444452438444,-3.92500006175344
1465,Qinghai,0.311649107255228,0.867132534610405,-5.7678572529306,-4.9007247183202
1466,Qinghai,0.224659651962874,0.658057309063685,-7.07182549744371,-6.41376818838003
1467,Qinghai,0.227031181190534,0.664924076527583,-5.62579375659189,-4.96086968006431
1468,Qinghai,0.220355739142151,0.644616999340117,-5.68809535650034,-5.04347835716022
1469,Qinghai,0.270267899429976,0.755693595864141,-4.12380958792,-3.36811599205586
1470,Qinghai,0.258399224567293,0.74575572953096,-4.03452388486928,-3.28876815533832
1471,Qinghai,0.262121217019388,0.734955148099104,-3.91865085068321,-3.18369570258411
1472,Qinghai,0.22716293504914,0.650310587810239,-5.44523817608281,-4.79492758827257
1473,Qinghai,0.207103648151406,0.595307104486208,-5.0460318296793,-4.45072472519309
1474,Qinghai,0.236572256613626,0.670738452247211,-3.88849213018659,-3.21775367793938
1475,Qinghai,0.223144495758307,0.645376148171533,-4.13849215097134,-3.49311600279981
1476,Qinghai,0.230390879169735,0.664130473799945,-4.84166676885197,-4.17753629505202
1477,Qinghai,0.231862107484872,0.671687394303441,-4.87857151936207,-4.20688412505863
1478,Sichuan,0.258992109969618,0.725465874504517,-4.08452389179359,-3.35905801728908
1479,Sichuan,0.330764175586968,0.851742614105632,-3.082539745503,-2.23079713139737
1480,Qinghai,0.252503290354427,0.748412693496549,-3.66507942986394,-2.91666673636739
1481,Qinghai,0.245300840025258,0.706228443708726,-3.45912703162148,-2.75289858791275
1482,Qinghai,0.237176115247088,0.715044867207494,-2.77301591682056,-2.05797104961306
1483,Qinghai,0.217490126510128,0.681176693498153,-2.46269846003917,-1.78152176654101
1484,Gansu,0.205577518551279,0.653485180491297,-1.32341271396431,-0.66992753347301
1485,Gansu,0.209167771012762,0.650724649536015,-0.916666673792024,-0.265942024256008
1486,Gansu,0.364745277576852,0.865355420177655,0.0400793739254512,0.905434794103106
1487,Sichuan,0.372606512026589,0.889251243118698,0.669444430175991,1.55869567329469
1488,Gansu,0.351811605362082,0.806539018401262,1.58730161012638,2.39384062852764
1489,Gansu,0.381510772736196,0.898360985487421,2.44801591203681,3.34637689752423
1490,Gansu,0.383080812665189,0.903778473563168,4.20238103034596,5.10615950390913
1491,Gansu,0.282564772292972,0.664699778427403,4.94761914130123,5.61231891972863
1492,Gansu,0.392215648874621,0.929399623117151,9.2952382452786,10.2246378683957
1493,Gansu,0.426921410447654,0.966459679178859,8.96904776348836,9.93550744266722
1494,Shaanxi,0.430116394688496,1.00695308185523,9.49920651615257,10.5061595980078
1495,Shaanxi,0.430961786413079,1.01632158163089,10.3873017844227,11.4036233660536
1496,Shaanxi,0.437538441457918,1.03982059158812,12.192063712441,13.2318843040291
1497,Shaanxi,0.390722433927227,0.96161144644438,13.9289685147149,14.8905799611593
1498,Shaanxi,0.392127816939581,0.969151200144305,14.3547621309048,15.3239133310491
1499,Shaanxi,0.355072463892456,0.882694982251911,13.303174838542,14.1858698207939
1500,Shaanxi,0.378700055945198,0.90110422066542,11.1123017994243,12.0134060200898
1501,Shaanxi,0.413779106518752,0.972791593912614,11.5420636632554,12.514855257168
1502,Henan,0.377162953246454,0.907988331817336,11.1623017376969,12.0702900695142
1503,Henan,0.44239128254138,1.00094888810122,11.4765875370552,12.4775364251564
1504,Henan,0.432487886767142,1.0039336573258,12.0547621953227,13.0586958526485
1505,Henan,0.431379015201218,1.00572809811458,14.4674605507226,15.4731886488372
1506,Henan,0.443093984964114,1.03007246363006,15.200000263041,16.230072726671
1507,Henan,0.436451491027363,1.01892688993321,15.1698415131855,16.1887684031187
1508,Henan,0.439393925981585,1.0246548775437,15.0539685354701,16.0786234130138
1509,Henan,0.438625366416779,1.02546576391765,15.0238098157422,16.0492755796598
1510,Henan,0.440755390201776,1.03103866599619,15.1222224789598,16.153261144956
1511,Anhui,0.406916990909737,0.95072459557921,15.3583335905735,16.3090581861527
1512,Anhui,0.336780860993912,0.792736386963837,15.3543653320225,16.1471017189864
1513,Anhui,0.34409311151833,0.808868197296162,15.673016164097,16.4818843613932
1514,Anhui,0.398144501968597,0.926276772833837,15.5436510239092,16.4699277967431
1515,Jiangsu,0.221168203355452,0.508523151443034,15.5436510226083,16.0521741740514
1516,Jiangsu,0.384343444521476,0.893823370264213,15.2376986554868,16.131522025751
1517,Jiangsu,0.382762424291148,0.889872387433364,15.0539684881944,15.9438408756278
1518,Jiangsu,0.252162934656815,0.570220864653646,15.1007938876393,15.671014752293
1519,Jiangsu,0.274176527531291,0.585006844581427,15.0515875617072,15.6365944062886
1520,Jiangsu,0.370476488810937,0.863388540494478,14.8626986658053,15.7260872062998
1521,Tibet,0.318247707372512,0.787819223552994,-0.301587322963372,0.486231900589622
1522,Tibet,0.327119020581553,0.807211882061356,-0.549603179925018,0.257608702136339
1523,Tibet,0.327876611985348,0.809075256058878,-3.47936512784116,-2.67028987178228
1524,Tibet,0.323572685892154,0.804589389042455,-3.13611117395617,-2.33152178491371
1525,Tibet,0.360342549286917,0.851863318466787,-3.41309526663214,-2.56123194816536
1526,Tibet,0.327865611702093,0.828122834638378,-3.24007940824543,-2.41195657360705
1527,Tibet,0.340195438048696,0.853433421452377,-3.11031752115204,-2.25688409969967
1528,Tibet,0.354545456468143,0.883040043939961,-3.34246037616616,-2.4594203322262
1529,Tibet,0.367424251420074,0.89811942353459,-2.35753971240705,-1.45942028887246
1530,Tibet,0.371662293975951,0.904158073704333,-2.77698418308818,-1.87282610938385
1531,Tibet,0.383278430678804,0.922256711100436,-2.83095240359387,-1.90869569249343
1532,Tibet,0.275065887353735,0.713250547003457,-3.76904768966848,-3.05579714266502
1533,Tibet,0.380412833685801,0.950966213572079,-3.53611117755137,-2.58514496397929
1534,Tibet,0.348935010624157,0.879503123620316,-4.88095247337506,-4.00144934975475
1535,Tibet,0.343401415702193,0.872205001250002,-4.85952389195916,-3.98731889070916
1536,Tibet,0.270234971871247,0.706400988412684,-4.41944453001968,-3.713043541607
1537,Tibet,0.290458941559782,0.794409947708928,-4.01071434991346,-3.21630440220453
1538,Tibet,0.293357503253167,0.801259524348976,-4.58531756619258,-3.7840580418436
1539,Tibet,0.27929292254716,0.780124207662921,-4.76309530283251,-3.98297109516958
1540,Tibet,0.294894604581716,0.804106281638363,-4.13888894766569,-3.33478266602733
1541,Tibet,0.310188848532648,0.811801248683168,-5.26904770182002,-4.45724645313685
1542,Qinghai,0.248539753488912,0.703709471379479,-5.55515884300546,-4.85144937162598
1543,Qinghai,0.229391749873823,0.664596301684088,-5.90952392238828,-5.24492762070419
1544,Qinghai,0.305489684178195,0.854986218779281,-6.01150804187452,-5.15652182309524
1545,Qinghai,0.301866494249234,0.846514834979327,-4.943254054184,-4.09673921920467
1546,Qinghai,0.279545457127308,0.777726036054902,-3.78968261341964,-3.01195657736473
1547,Qinghai,0.228140100584802,0.659868893630705,-3.60515880055489,-2.94528990692419
1548,Qinghai,0.258399224567293,0.74575572953096,-4.03452388486928,-3.28876815533832
1549,Qinghai,0.261473440959048,0.744478973920608,-4.02817467254187,-3.28369569862126
1550,Qinghai,0.173045687848636,0.528502462277533,-4.21111120602914,-3.68260874375161
1551,Qinghai,0.216501977897569,0.64451344248892,-4.51190482387467,-3.86739138138575
1552,Qinghai,0.232641636869647,0.668512785140094,-3.9753969113919,-3.30688412625181
1553,Qinghai,0.205720251345934,0.632712247514721,-5.35119059918419,-4.71847835166947
1554,Qinghai,0.215843235161753,0.634644645269447,-5.41507948550677,-4.78043484023732
1555,Qinghai,0.203414584188953,0.614837824911384,-5.73730168574386,-5.12246386083248
1556,Qinghai,0.199319267058136,0.610282952778344,-5.75158740893479,-5.14130445615645
1557,Qinghai,0.20180062046066,0.618098702727771,-4.3873016652725,-3.76920296254473
1558,Qinghai,0.252700914475424,0.751949612972929,-3.70992068733488,-2.95797107436195
1559,Qinghai,0.232597723854383,0.699706704421977,-4.39246039867165,-3.69275369424967
1560,Qinghai,0.237110243496707,0.712008307329935,-3.07142862591833,-2.3594203185884
1561,Qinghai,0.217490126510128,0.681176693498153,-2.46269846003917,-1.78152176654101
1562,Qinghai,0.205577518551279,0.653485180491297,-1.32341271396431,-0.66992753347301
1563,Qinghai,0.209167771012762,0.650724649536015,-0.916666673792024,-0.265942024256008
1564,Gansu,0.364745277576852,0.865355420177655,0.0400793739254512,0.905434794103106
1565,Gansu,0.148254282237552,0.350448586946524,1.46984130475256,1.82028989169909
1566,Gansu,0.356433912120239,0.813595596352545,1.95198415527268,2.76557975162523
1567,Gansu,0.155665346186937,0.290942001907866,3.21666674088273,3.50760874279059
1568,Gansu,0.177766806445607,0.366442397447641,3.63174608666154,3.99818848410918
1569,Gansu,0.300307435429784,0.680969671817371,7.04801601452369,7.72898568634106
1570,Gansu,0.424407117476963,0.971652860351528,9.655158935233,10.6268117955845
1571,Gansu,0.396629329106566,0.936645941268925,8.26190492510795,9.19855086637688
1572,Shaanxi,0.383366292183028,0.91183580467548,9.30555571849266,10.2173915231681
1573,Shaanxi,0.381016682008863,0.905365775973685,10.8341271691024,11.7394929450761
1574,Shaanxi,0.437538441457918,1.03982059158812,12.192063712441,13.2318843040291
1575,Shaanxi,0.390722433927227,0.96161144644438,13.9289685147149,14.8905799611593
1576,Shaanxi,0.392127816939581,0.969151200144305,14.3547621309048,15.3239133310491
1577,Shaanxi,0.355072463892456,0.882694982251911,13.303174838542,14.1858698207939
1578,Shaanxi,0.361627150397318,0.89323676402987,10.5111112875775,11.4043480516074
1579,Henan,0.37943567003078,0.904623879132611,11.255158925902,12.1597828050347
1580,Henan,0.360485280109311,0.853830254664343,11.7809525711078,12.6347828257721
1581,Henan,0.44203998887855,0.994099429253875,12.6928573136055,13.6869567428594
1582,Henan,0.437307866357289,1.01311248085179,13.9742065735812,14.987319054433
1583,Henan,0.431532731984052,0.967563860416615,14.1896827484644,15.157246608881
1584,Henan,0.409694772840305,0.9039682155466,14.2960320069558,15.2000002225024
1585,Henan,0.409200720882495,0.965942075182966,14.9083335358827,15.8742756110657
1586,Henan,0.425461129135288,0.942477580068635,14.9448415116658,15.8873190917345
1587,Henan,0.44783704844375,1.04363347067169,14.8440478992545,15.8876813699262
1588,Henan,0.448418982798168,1.04454799344683,14.9126986681173,15.9572466615642
1589,Henan,0.417292521511469,0.973982136076982,15.0242065541919,15.9981886902689
1590,Henan,0.336780860993912,0.792736386963837,15.3543653320225,16.1471017189864
1591,Anhui,0.402086095059872,0.936542477236333,15.2630955239255,16.1996380011619
1592,Anhui,0.368006170249176,0.794358207810133,15.3107145362726,16.1050727440827
1593,Jiangsu,0.246991663156867,0.550431367705317,15.2242066007226,15.7746379684279
1594,Jiangsu,0.388208157126455,0.905365701826524,14.8341272230304,15.739492924857
1595,Jiangsu,0.268006120416997,0.588975084930135,14.8392859804666,15.4282610653967
1596,Jiangsu,0.273495831927238,0.60017255969793,14.7396827730395,15.3398553327374
1597,Jiangsu,0.28527668647167,0.622204977882742,14.6571431169434,15.2793480948262
1598,Tibet,0.407235409955661,0.929192574467225,-2.53571432412025,-1.60652174965303
1599,Tibet,0.332465958628979,0.820617644663893,-2.73293652704784,-1.91231888238395
1600,Tibet,0.340338168311561,0.832418926750497,-3.25198417485115,-2.41956524810065
1601,Tibet,0.329973662389891,0.815510716075894,-3.2075397217321,-2.39202900565621
1602,Tibet,0.309486201422376,0.788198835400927,-4.53095248755482,-3.74275365215389
1603,Tibet,0.321991658386303,0.816011067758796,-4.20079371374514,-3.38478264598635
1604,Tibet,0.359057977856135,0.843340241589974,-2.63174607057775,-1.78840582898777
1605,Tibet,0.366007905870637,0.906055896683726,-1.86547620523544,-0.95942030855171
1606,Tibet,0.378315770718014,0.920255339476283,-4.08293654988446,-3.16268121040818
1607,Tibet,0.392885386412918,0.949603204134006,-3.29126989675893,-2.34166669262492
1608,Tibet,0.411813802464154,0.990251916312221,-3.03373022377491,-2.04347830746269
1609,Tibet,0.393050075832183,0.932367176422947,-4.17222228566451,-3.23985510924156
1610,Tibet,0.3702569167225,0.914044169557401,-5.19484133843983,-4.28079716888243
1611,Tibet,0.348935010624157,0.879503123620316,-4.88095247337506,-4.00144934975475
1612,Tibet,0.340316211061162,0.865027617849539,-4.36031753504797,-3.49528991719843
1613,Tibet,0.329468606183037,0.828347155000318,-4.30515880214553,-3.47681164714521
1614,Tibet,0.334244633668549,0.833781949320925,-4.73015883668429,-3.89637688736337
1615,Tibet,0.328930615295718,0.82229122710514,-5.54801594117095,-4.72572471406581
1616,Tibet,0.29084321375663,0.801432004614924,-5.52896834271295,-4.72753633809802
1617,Tibet,0.296684230839344,0.804503118993395,-5.37261914364284,-4.56811602464945
1618,Tibet,0.256927976558999,0.71909938343615,-6.32380963566285,-5.6047102522267
1619,Qinghai,0.30879448157509,0.859127032486344,-6.96746048094734,-6.108333448461
1620,Qinghai,0.28122530820492,0.778709494117376,-6.14682551597555,-5.36811602185818
1621,Qinghai,0.278041285030351,0.772619046902012,-5.04761911692127,-4.27500007001926
1622,Qinghai,0.296267022919867,0.832453420546401,-4.51904769768081,-3.68659427713441
1623,Qinghai,0.290590693286612,0.82051415383569,-4.51507943850898,-3.69456528467329
1624,Qinghai,0.26355952093174,0.753312670005508,-3.75476197635252,-3.00144930634702
1625,Qinghai,0.290524821640121,0.820341642145157,-3.75476198498574,-2.93442034284058
1626,Qinghai,0.261473440959048,0.744478973920608,-4.02817467254187,-3.28369569862126
1627,Qinghai,0.227843665038913,0.656418254969191,-3.99047627415331,-3.33405801918412
1628,Qinghai,0.169213888387134,0.520565926959242,-3.56984132758918,-3.04927540062994
1629,Qinghai,0.169543254529901,0.514596245302371,-4.54285720312997,-4.0282609578276
1630,Qinghai,0.214591568399697,0.636835756910267,-5.31111120893842,-4.67427545202815
1631,Qinghai,0.20955204917711,0.62701865871809,-4.75238104448432,-4.12536238576623
1632,Qinghai,0.251668865687337,0.672325752229475,-4.03174610574922,-3.35942035351974
1633,Qinghai,0.257564788896118,0.680383038864548,-3.61190483450062,-2.93152179563607
1634,Qinghai,0.233937202336419,0.60312286056861,-3.24841276367032,-2.64528990310171
1635,Qinghai,0.253337736147037,0.650172554482266,-4.31865087042134,-3.66847831593907
1636,Qinghai,0.245707060514304,0.736956525611991,-5.95000010501179,-5.2130435793998
1637,Qinghai,0.235287652112507,0.701984102009257,-4.34365086499897,-3.64166676298972
1638,Qinghai,0.23868028303632,0.720151829605908,-1.21507936659905,-0.494927536993139
1639,Qinghai,0.215942023381702,0.67073842796598,-0.571825389114637,0.0989130388513424
1640,Qinghai,0.253271858865165,0.579986227131234,-0.0115079357628785,0.568478291368355
1641,Gansu,0.391040848181155,0.918115962287726,0.333333341197835,1.25144930348556
1642,Gansu,0.148254282237552,0.350448586946524,1.46984130475256,1.82028989169909
1643,Gansu,0.356433912120239,0.813595596352545,1.95198415527268,2.76557975162523
1644,Gansu,0.155665346186937,0.290942001907866,3.21666674088273,3.50760874279059
1645,Gansu,0.177766806445607,0.366442397447641,3.63174608666154,3.99818848410918
1646,Gansu,0.300307435429784,0.680969671817371,7.04801601452369,7.72898568634106
1647,Gansu,0.424407117476963,0.971652860351528,9.655158935233,10.6268117955845
1648,Gansu,0.396629329106566,0.936645941268925,8.26190492510795,9.19855086637688
1649,Shaanxi,0.383366292183028,0.91183580467548,9.30555571849266,10.2173915231681
1650,Gansu,0.381016682008863,0.905365775973685,10.8341271691024,11.7394929450761
1651,Shaanxi,0.391161633053362,0.953364433647435,10.3071430721985,11.260507505846
1652,Shaanxi,0.416315342582268,0.990959297212614,11.4956351103232,12.4865944075358
1653,Shaanxi,0.414668427768817,0.950724644798546,12.6333335387033,13.5840581835018
1654,Shaanxi,0.413350917258228,1.00540030996519,13.9920636936431,14.9974640036083
1655,Shaanxi,0.439635486750616,0.979330556440186,14.0960319836934,15.0753625401336
1656,Shanxi,0.434859481246281,0.968668105531917,13.6436509813759,14.6123190869078
1657,Shanxi,0.430138389653164,0.953744057337115,12.769444612934,13.7231886702711
1658,Henan,0.445234980867733,1.06506218358211,13.272619253734,14.3376814373162
1659,Henan,0.437340801587466,0.980141502871254,14.6742065806711,15.6543480835423
1660,Henan,0.432498931602547,0.971204312811327,14.9603176797252,15.9315219925366
1661,Henan,0.427173900884667,0.959109705701222,14.3119050012458,15.271014706947
1662,Henan,0.414415888429394,0.975776402183319,14.803571660249,15.7793480624323
1663,Henan,0.422924923045061,0.935196771155953,14.8202382889059,15.7554350600618
1664,Henan,0.418291598052885,0.922153195289138,14.7619050023634,15.6840581976525
1665,Henan,0.39605844138312,0.867977995158086,14.8432541625899,15.711232157748
1666,Henan,0.417292521511469,0.973982136076982,15.0242065541919,15.9981886902689
1667,Anhui,0.416776462113277,0.969513444730008,14.9630955105263,15.9326089552563
1668,Jiangsu,0.408300397753204,0.959644587236161,14.8682541979388,15.827898785175
1669,Jiangsu,0.418895452917702,0.975103469349557,14.8571431276699,15.8322465970194
1670,Jiangsu,0.36080372637914,0.765942127722154,14.8750001850819,15.640942312804
1671,Jiangsu,0.409167795562704,0.949258186029796,14.5210320040111,15.4702901900409
1672,Jiangsu,0.406422931947171,0.941942716563689,14.2968256544204,15.238768370984
1673,Jiangsu,0.295202005442703,0.633298789697983,14.2920637736836,14.9253625633816
1674,Tibet,0.331960904468824,0.818357471812432,-2.61111113961254,-1.79275366780011
1675,Tibet,0.413779104168563,0.954175329427161,-2.19801593010151,-1.24384060067435
1676,Tibet,0.308454105952819,0.772739830752739,-4.47817467729605,-3.70543484654332
1677,Tibet,0.477031195949359,1.14099381723698,-2.26309527332584,-1.12210145608886
1678,Tibet,0.326240677403701,0.822964138728665,-3.85158736646057,-3.02862322773191
1679,Tibet,0.340030753226737,0.850948962208791,-3.640079442116,-2.78913047990721
1680,Tibet,0.36350462853673,0.825621162977627,-3.98214293416176,-3.15652177118413
1681,Tibet,0.359617931292207,0.878226373307381,-3.4746032331198,-2.59637685981242
1682,Tibet,0.382476942899212,0.923740514484026,-5.82301597977205,-4.89927546528802
1683,Tibet,0.410617035037732,0.979071763387172,-4.17182543566303,-3.19275367227585
1684,Tibet,0.393434361325226,0.951777140883081,-4.11626992362832,-3.16449278274524
1685,Tibet,0.361791844028599,0.892995199588372,-5.13611122897811,-4.24311602938974
1686,Tibet,0.341787459716515,0.863267810216971,-4.10674610964599,-3.24347829942902
1687,Tibet,0.340316211061162,0.865027617849539,-4.36031753504797,-3.49528991719843
1688,Tibet,0.292369353228696,0.790389948223093,-5.89365090843704,-5.10326096021395
1689,Tibet,0.28741765224412,0.783678404923871,-5.44563501473102,-4.66195660980715
1690,Tibet,0.306027671561091,0.814216696533192,-5.14682547310515,-4.33260877657196
1691,Tibet,0.34062362594557,0.84846446620078,-5.24484136422712,-4.39637689802634
1692,Tibet,0.279095313141632,0.762077337408566,-5.4638890090975,-4.70181167168894
1693,Tibet,0.341589813023727,0.881539005833743,-5.70436518662979,-4.82282618079605
1694,Qinghai,0.259244619307121,0.721739129978954,-6.633333432089,-5.91159430211005
1695,Qinghai,0.279347824405586,0.772739841013354,-5.71984136621985,-4.9471015252065
1696,Qinghai,0.23249891163846,0.664630781850163,-6.45992075362139,-5.79528997177123
1697,Qinghai,0.19656347118148,0.603864758976673,-5.44444455842059,-4.84057979944392
1698,Qinghai,0.19474088082472,0.600862657115265,-5.45158738740498,-4.85072473028972
1699,Qinghai,0.282411061588889,0.791097305924615,-5.20595247011691,-4.41485516419229
1700,Qinghai,0.197222226861738,0.576466546321301,-4.19603181376107,-3.61956526743977
1701,Qinghai,0.258662710829319,0.738526572903336,-3.83055560831868,-3.09202903541534
1702,Qinghai,0.227843665038913,0.656418254969191,-3.99047627415331,-3.33405801918412
1703,Qinghai,0.275779544207733,0.787715701969937,-4.6253969239751,-3.83768122200517
1704,Qinghai,0.273012747048193,0.782229159446402,-4.84563501288612,-4.06340585343972
1705,Qinghai,0.165371112442843,0.50141479292842,-4.32460328058473,-3.82318848765631
1706,Qinghai,0.253732998967073,0.677139464053638,-4.70793662705119,-4.03079716299755
1707,Qinghai,0.25068071975954,0.669358200661638,-4.62261916058404,-3.9532609599224
1708,Qinghai,0.233047875521323,0.617736376742297,-4.25396834035951,-3.63623196361721
1709,Qinghai,0.237692148971536,0.62182543874224,-4.05515881837715,-3.43333337963491
1710,Qinghai,0.238746170451898,0.615458952072749,-3.67777782397729,-3.06231887190454
1711,Qinghai,0.235331573990265,0.593167690292844,-3.85476196311887,-3.26159427282603
1712,Qinghai,0.113910853274602,0.406763307868489,-2.61111115489806,-2.20434784702957
1713,Qinghai,0.253227931477185,0.614406467104952,-0.0531745795160532,0.561231887588898
1714,Qinghai,0.188076422155087,0.44879228471707,-0.844444454159765,-0.395652169442695
1715,Qinghai,0.212725081446273,0.503709479933765,-0.663492091739225,-0.15978261180546
1716,Qinghai,0.3892292598615,0.920272628468859,0.304365072990694,1.22463770145955
1717,Gansu,0.162900750802198,0.393029689646131,1.59682540666489,1.98985509631103
1718,Gansu,0.131862103659291,0.283661153680389,2.64206352519492,2.92572467887531
1719,Gansu,0.141282399047982,0.2759489421421,5.35158739049756,5.62753633263966
1720,Gansu,0.375834448853664,0.868288523029713,5.46468262019612,6.33297114322583
1721,Gansu,0.187022406099872,0.387922733236719,6.52222232399361,6.91014505723032
1722,Gansu,0.427898551087514,0.988647331660415,8.1555557260142,9.14420305767461
1723,Ningxia,0.430061480549045,0.986093826823352,6.35992075547221,7.34601458229556
1724,Gansu,0.387812904047473,0.917080726060604,8.58690490987566,9.50398563593626
1725,Gansu,0.386100157020473,0.914544586537007,9.90357157386958,10.8181161604066
1726,Gansu,0.3956521729962,0.967494821639987,10.6571430594379,11.6246378810779
1727,Gansu,0.396299970178788,0.951535577769473,10.3281747958963,11.2797103736658
1728,Shaanxi,0.43371762485899,1.02443069622841,9.27738108660375,10.3018117828322
1729,Shaanxi,0.431444871475365,0.971739115297609,10.8833335231812,11.8550726384788
1730,Shaanxi,0.437933711330155,0.974396176286573,12.9694446129577,13.9438407892442
1731,Shanxi,0.434178745013334,0.961231922561119,13.5750002005093,14.5362321230704
1732,Shanxi,0.444202926568605,1.00281236278442,12.8051589077546,13.807971270539
1733,Shanxi,0.439866054182251,0.988837141328952,11.765873249295,12.7547103906239
1734,Henan,0.436275773005602,0.978519606791574,11.7511907639425,12.7297103707341
1735,Henan,0.431016684735997,0.963750812534196,13.1960320165529,14.1597828290871
1736,Henan,0.426064977156498,0.950396772985668,13.7996034041816,14.7500001771672
1737,Henan,0.425461167937531,0.945876543421052,14.9099208514191,15.8557973948402
1738,Henan,0.422496720577509,0.93761218435615,14.7507938551051,15.6884060394613
1739,Shandong,0.410836632089868,0.901432035530721,14.5876986544343,15.489130689965
1740,Shandong,0.39605844138312,0.867977995158086,14.8432541625899,15.711232157748
1741,Shandong,0.369093122545648,0.793426535936209,14.8964287909487,15.6898553268849
1742,Jiangsu,0.364470809040411,0.779986233177311,14.8134922992497,15.593478532427
1743,Shandong,0.359090918314316,0.771583885085567,14.7309526177567,15.5025365028422
1744,Shandong,0.43085201368387,1.00276054333307,14.4015875189373,15.4043480622704
1745,Shandong,0.432619702707376,1.00450315492792,14.3690478182028,15.3735509731307
1746,Jiangsu,0.311198950657227,0.643650799920284,14.1063494472986,14.7500002472189
1747,Jiangsu,0.3060606136316,0.647273976943252,13.8480161221195,14.4952900990628
1748,Tibet,0.441227508928066,1.05854042443615,-3.55238101906365,-2.4938405946275
1749,Tibet,0.313877905787287,0.78878535332738,-2.57103176101569,-1.78224640768831
1750,Tibet,0.477031195949359,1.14099381723698,-2.26309527332584,-1.12210145608886
1751,Tibet,0.490854203697747,1.17284333689577,-4.83769849220675,-3.66485515531098
1752,Tibet,0.35075757836986,0.872412019229916,-5.77023819425986,-4.89782617502994
1753,Tibet,0.352382527035242,0.859558331589243,-6.21825410035395,-5.3586957687647
1754,Tibet,0.369861667218291,0.89632507059993,-5.66190485656261,-4.76557978596268
1755,Tibet,0.382476942899212,0.923740514484026,-5.82301597977205,-4.89927546528802
1756,Tibet,0.400043933782817,0.974499695465803,-5.30674613302662,-4.33224643756082
1757,Tibet,0.407630649236999,0.983609394435795,-6.24484136990375,-5.26123197546796
1758,Tibet,0.388405828822206,0.939768894518334,-5.41984143616661,-4.48007254164828
1759,Tibet,0.372694329670714,0.912715658766595,-6.98373027275952,-6.07101461399293
1760,Tibet,0.277426456249711,0.755572869912244,-6.34325412036999,-5.58768125045775
1761,Tibet,0.264086517278345,0.7249310099532,-5.49920642378903,-4.77427541383583
1762,Tibet,0.318994291711617,0.795876469347419,-5.34841280235421,-4.55253633300679
1763,Tibet,0.251701807059253,0.710300230104257,-6.01428583536356,-5.30398560525931
1764,Tibet,0.325010982842287,0.84432369558394,-5.38888900153457,-4.54456530595063
1765,Tibet,0.322189292351424,0.87724295184993,-5.37579376770863,-4.4985508158587
1766,Tibet,0.318083009148016,0.87441340296062,-5.30158739374389,-4.42717399078327
1767,Qinghai,0.259244619307121,0.721739129978954,-6.633333432089,-5.91159430211005
1768,Qinghai,0.285803689797674,0.77777778268313,-5.60277786138394,-4.82500007870081
1769,Qinghai,0.305204224562928,0.85112150788842,-6.15039693913053,-5.29927543124211
1770,Qinghai,0.215876168575093,0.66100765058605,-6.10158742263558,-5.44057977204953
1771,Qinghai,0.268401406740555,0.759868889126678,-6.04682550203824,-5.28695661291156
1772,Qinghai,0.177942460627804,0.55098342320903,-5.22380959526414,-4.67282617205511
1773,Qinghai,0.274253420425407,0.767374083850973,-4.77896833907635,-4.01159425522538
1774,Qinghai,0.251943350148289,0.72175638805085,-4.34603180839784,-3.62427542034699
1775,Qinghai,0.2522397904011,0.72394757515772,-4.50039691327228,-3.77644933811456
1776,Qinghai,0.275779544207733,0.787715701969937,-4.6253969239751,-3.83768122200517
1777,Qinghai,0.273012747048193,0.782229159446402,-4.84563501288612,-4.06340585343972
1778,Qinghai,0.249472995083755,0.674413398378692,-3.78492070220056,-3.11050730382187
1779,Qinghai,0.249670615620162,0.655624562668762,-4.45634929288829,-3.80072473021953
1780,Qinghai,0.268664919888641,0.683661155878285,-3.15793654062445,-2.47427538474617
1781,Qinghai,0.238812037083072,0.599792972322761,-2.089285748789,-1.48949277646624
1782,Qinghai,0.237538430598459,0.59397861533628,-1.65158731576114,-1.05760870042486
1783,Qinghai,0.235540197081586,0.58599038083258,-3.53888895563663,-2.95289857480405
1784,Qinghai,0.120202015821982,0.418098683477353,-4.88730167094914,-4.46920298747178
1785,Qinghai,0.185068078130503,0.398947563307749,-1.41706350463487,-1.01811594132712
1786,Qinghai,0.174000887146246,0.493823340885068,1.55436510693223,2.0481884478173
1787,Qinghai,0.195004405148677,0.487508665772863,1.01865079064691,1.50615945641977
1788,Qinghai,0.205226180649603,0.50115597038803,0.665873027569245,1.16702899795727
1789,Qinghai,0.19254501584752,0.477518984460478,3.65436512814273,4.13188411260321
1790,Qinghai,0.1847606571608,0.450500368601479,3.93174608903272,4.3822464576342
1791,Gansu,0.362758035043915,0.828260925590086,6.62500012163369,7.45326104722377
1792,Gansu,0.161451478185664,0.339993113010422,5.76507945941199,6.10507257242242
1793,Gansu,0.174516923904753,0.354089051326948,6.04047629574225,6.3945653470692
1794,Gansu,0.164152405923743,0.325051806124121,6.97023819558441,7.29529000170853
1795,Ningxia,0.405961794101379,0.954140800561079,6.86071442738767,7.81485522794875
1796,Ningxia,0.323550720669274,0.788077982156707,6.19126997468254,6.97934795683925
1797,Ningxia,0.390612666717238,0.924189119158198,8.39682552555487,9.32101464471307
1798,Gansu,0.435880541279552,1.00124222947718,9.5773811159685,10.5786233454457
1799,Gansu,0.390612658777477,0.937853708298936,10.0813494237465,11.0192031320454
1800,Gansu,0.440634633065559,1.04544520149042,9.47738109617716,10.5228262976676
1801,Shaanxi,0.407070715805752,0.971963446529479,9.30992080803428,10.2818842545638
1802,Shaanxi,0.42076196703695,0.947066926712967,10.8003970340545,11.7474639607674
1803,Shaanxi,0.348100586768549,0.796031801779471,10.120635060357,10.9166668621364
1804,Shanxi,0.431653499183624,0.955952386760645,11.9190478126504,12.875000199411
1805,Shanxi,0.44791391732226,0.991908228940094,12.7222224374908,13.7141306664309
1806,Shanxi,0.440217348244278,0.986576851502345,11.4376986614532,12.4242755129555
1807,Shanxi,0.438636340488028,0.981763252507696,10.6055557944531,11.5873190469608
1808,Shanxi,0.432575793879587,0.965942111644019,10.8500001468356,11.8159422584796
1809,Shanxi,0.429139227169939,0.956245727005388,9.37817476063021,10.3344204876356
1810,Henan,0.424000879366819,0.943650830921433,11.8396827115249,12.7833335424463
1811,Henan,0.415722450540026,0.916269870933846,14.6420637009044,15.5583335718383
1812,Henan,0.410836632089868,0.901432035530721,14.5876986544343,15.489130689965
1813,Shandong,0.449286327714925,0.998792188821822,14.6555558565768,15.6543480453986
1814,Shandong,0.370081281664932,0.783057370889619,14.6781748129085,15.4612321837981
1815,Shandong,0.369411514533726,0.780710834624172,14.5718256310515,15.3525364656757
1816,Shandong,0.366655674468125,0.773809494868464,13.9678573762141,14.7416668710825
1817,Shandong,0.360737819193511,0.756556246099317,13.5246033616482,14.2811596077475
1818,Shandong,0.360276669006979,0.756590710661076,13.7408732529138,14.4974639635749
1819,Shandong,0.378041280056425,0.77177363242941,13.1829367155534,13.9547103479829
1820,Tibet,0.419005282377014,1.00000002127452,-2.97500003753082,-1.9750000162563
1821,Tibet,0.433871323529911,1.0308661271244,-3.6341270529739,-2.60326092584949
1822,Tibet,0.322024591787373,0.803191840873607,-3.48253973614838,-2.67934789527478
1823,Tibet,0.472419866261334,1.13536925218598,-3.82341278051691,-2.68804352833093
1824,Tibet,0.490854203697747,1.17284333689577,-4.83769849220675,-3.66485515531098
1825,Tibet,0.346135281029635,0.840355469375397,-6.39325409571803,-5.55289862634263
1826,Tibet,0.355873969720156,0.870048340949892,-6.35555569951733,-5.48550735856744
1827,Tibet,0.440832241581893,1.06602828478951,-5.84682548282639,-4.78079719803687
1828,Tibet,0.436583233806626,1.0490511096924,-5.91825407639974,-4.86920296670734
1829,Tibet,0.400043933782817,0.974499695465803,-5.30674613302662,-4.33224643756082
1830,Tibet,0.365502875537126,0.849171883532659,-6.55714299760404,-5.70797111407138
1831,Tibet,0.334837496783756,0.771946138691408,-6.4357143907793,-5.66376825208789
1832,Tibet,0.362911728475378,0.874120096638132,-6.97738108724829,-6.10326099061016
1833,Tibet,0.367347391762353,0.894064875059934,-6.74841281535133,-5.8543479402914
1834,Tibet,0.265788315810495,0.726828856510672,-5.99603183981445,-5.26920298330378
1835,Tibet,0.276130874191734,0.696290543901921,-5.36150802615734,-4.66521748225542
1836,Tibet,0.301613965289742,0.762732914296089,-5.83809535560154,-5.07536244130545
1837,Tibet,0.445169101234854,1.12598347797054,-5.90714298602608,-4.78115950805554
1838,Tibet,0.318906445369504,0.86894407723513,-6.55952389393416,-5.69057981669903
1839,Tibet,0.269653067601371,0.739337495057036,-5.45238105798998,-4.71304356293294
1840,Qinghai,0.256949944020816,0.712577683402494,-5.85714297194684,-5.14456528854435
1841,Qinghai,0.285803689797674,0.77777778268313,-5.60277786138394,-4.82500007870081
1842,Qinghai,0.250603885717484,0.705296839186967,-7.29007951687608,-6.58478267768911
1843,Qinghai,0.207081696005488,0.645427901882695,-6.93492074641916,-6.28949284453647
1844,Qinghai,0.195158107882733,0.587025551257811,-5.58412707842413,-4.99710152716632
1845,Qinghai,0.217182707150299,0.660058669502967,-5.67817470182975,-5.01811603232678
1846,Qinghai,0.109189714122274,0.409264994138598,-5.28571435220776,-4.87644935806916
1847,Qinghai,0.233849367343599,0.686611452458067,-5.50436518163908,-4.81775372918101
1848,Qinghai,0.272540619331799,0.783747423643322,-4.87142866214235,-4.08768123849903
1849,Qinghai,0.164833119480192,0.496946186120341,-3.76904769703036,-3.27210151091002
1850,Qinghai,0.162725062824076,0.489078649600584,-4.48690483591978,-3.99782618631919
1851,Qinghai,0.249472995083755,0.674413398378692,-3.78492070220056,-3.11050730382187
1852,Qinghai,0.247222234258984,0.659351312877382,2.85079368594147,3.51014499881885
1853,Qinghai,0.231576648362874,0.602570773694303,4.87460326421119,5.47717403790549
1854,Qinghai,0.244367585952247,0.611042099942505,4.78134929507025,5.39239139501275
1855,Qinghai,0.233882311419909,0.582919270724439,1.2797619026036,1.86268117332804
1856,Qinghai,0.235836641735377,0.581073183750154,-3.31150802094785,-2.7304348371977
1857,Qinghai,0.254194122126026,0.665096631792956,-2.16111113976628,-1.49601450797332
1858,Qinghai,0.211550292812147,0.535593524829757,1.11150795611597,1.64710148094573
1859,Qinghai,0.216073783556286,0.55829882518542,2.10873019423277,2.66702901941819
1860,Qinghai,0.170333767940483,0.437284322692052,1.10873018926571,1.54601451195776
1861,Qinghai,0.212812911454861,0.525897174712406,3.23968259008631,3.76557976479872
1862,Qinghai,0.212856824945398,0.52189440248448,3.17738100413292,3.6992754066174
1863,Qinghai,0.172804137162593,0.437939979889275,5.59285723731395,6.03079721720322
1864,Gansu,0.1670399713422,0.416321626300695,7.45396835989659,7.87028998619728
1865,Gansu,0.124099694037802,0.268478275304359,8.43333347777407,8.70181175307843
1866,Gansu,0.178601223583586,0.392063504757245,7.50793661242203,7.90000011717928
1867,Gansu,0.182279327719893,0.367581138036388,7.91031758238872,8.27789872042511
1868,Ningxia,0.190535789477521,0.365579704250793,5.86666679604068,6.23224650029147
1869,Ningxia,0.417501108922132,0.976759839892965,7.36309538243545,8.33985522232842
1870,Gansu,0.389844122240103,0.910075944816863,7.81746043720179,8.72753638201866
1871,Gansu,0.397870024222002,0.9470152092379,8.96349221864153,9.91050742787943
1872,Gansu,0.450911286679253,1.06575227106662,9.3396827114066,10.4054349824732
1873,Gansu,0.403754966634542,0.966045624105385,8.8404763362533,9.80652196035869
1874,Shaanxi,0.379666224938437,0.867236019312061,9.17261920561866,10.0398552249307
1875,Shaanxi,0.342105841102977,0.777277432677762,9.63214303647715,10.4094204691549
1876,Shaanxi,0.335507249947167,0.762767467953733,10.8948414203607,11.6576088883145
1877,Shanxi,0.416820373105561,0.932211854170523,10.1253970344625,11.057608888633
1878,Shanxi,0.41225297067136,0.919893033481143,9.68373034518981,10.603623378671
1879,Shanxi,0.442435215213807,0.978933760243308,11.8130954281087,12.792029188352
1880,Shanxi,0.439317095204272,0.968133225954753,9.87896843038736,10.8471016563421
1881,Shanxi,0.433168636084415,0.950431342421163,9.99920653510425,10.9496378775254
1882,Shanxi,0.428447519518601,0.941321600668179,9.91230180664431,10.8536234073125
1883,Henan,0.416721580893645,0.921894459116862,14.2107144863241,15.132608945441
1884,Henan,0.412703133461818,0.912129088395561,14.5646827534906,15.4768118418861
1885,Henan,0.405511654811991,0.888302304254292,14.3428573475057,15.23115965176
1886,Henan,0.390920097443538,0.852605330055287,14.3492065629375,15.2018118929928
1887,Shandong,0.412549402362711,0.878157375838025,14.4928573869937,15.3710147628318
1888,Shandong,0.31432805863382,0.615545169210604,14.4170637479614,15.032608917172
1889,Shandong,0.30925560006066,0.604537577872867,13.9769843605066,14.5815219383795
1890,Shandong,0.311802836894157,0.607418980302896,13.2396827046538,13.8471016849567
1891,Shandong,0.372804141535104,0.756884115491657,12.4500002122174,13.206884327709
1892,Shandong,0.370070263057895,0.7516390570485,12.3769843387048,13.1286233957533
1893,Tibet,0.419005282377014,1.00000002127452,-2.97500003753082,-1.9750000162563
1894,Tibet,0.450098831088764,1.10645276147376,-6.69087316110612,-5.58442039963236
1895,Tibet,0.450955203153131,1.10955830845722,-7.25992077760517,-6.15036246914795
1896,Tibet,0.460518227364143,1.11012765520951,-6.82063501934329,-5.71050736413378
1897,Tibet,0.475647783817353,1.14147688756171,-6.52698422471682,-5.38550733715512
1898,Tibet,0.490140535099351,1.17275708453219,-6.37420648099884,-5.20144939646665
1899,Tibet,0.434057982910881,1.05120775504121,-7.11388900639519,-6.06268125135398
1900,Tibet,0.431653516401435,1.04451352609688,-6.44523824822335,-5.40072472212647
1901,Tibet,0.379413719848944,0.88516221425944,-6.57936518651152,-5.69420297225208
1902,Tibet,0.358080820160434,0.837732931586167,-5.99642865407088,-5.15869572248472
1903,Tibet,0.471354839833332,1.16211176170788,-5.47261911364538,-4.3105073519375
1904,Tibet,0.445454546666369,1.08706005006576,-5.51785722901187,-4.43079717894611
1905,Tibet,0.27021299913807,0.677933042638872,-6.03373024937889,-5.35579720674002
1906,Tibet,0.261638123110153,0.664268461228951,-6.29325408920173,-5.62898562797278
1907,Tibet,0.214536694595472,0.615838576790801,-5.94880966416427,-5.33297108737347
1908,Tibet,0.214767248468325,0.617615619540636,-5.89007948433596,-5.27246386479532
1909,Tibet,0.235682919538029,0.642339560768218,-6.32023821815494,-5.67789865738672
1910,Tibet,0.214020651626512,0.624102850800046,-6.65634932886395,-6.03224647806391
1911,Tibet,0.240909095057628,0.702225680354394,-6.43809534499924,-5.73586966464485
1912,Tibet,0.228930620330177,0.682781252330021,-6.30198425172813,-5.61920299939811
1913,Tibet,0.307147561232603,0.851828829540239,-7.31269852482965,-6.46086969528941
1914,Qinghai,0.254567418793085,0.703485173041488,-6.72341280418729,-6.0199276311458
1915,Qinghai,0.250603885717484,0.705296839186967,-7.29007951687608,-6.58478267768911
1916,Qinghai,0.218730805562806,0.636456248387079,-6.99007951556927,-6.35362326718219
1917,Qinghai,0.17945761573049,0.570203594655168,-6.64484140099514,-6.07463780633997
1918,Qinghai,0.213998685422001,0.613681845004453,-4.66150799783922,-4.04782615283477
1919,Qinghai,0.221563468075762,0.619064881743348,-4.39007945941199,-3.77101457766865
1920,Qinghai,0.175548970158595,0.511456176774863,-1.89841271596887,-1.38695653919401
1921,Qinghai,0.182784366683579,0.537663905777865,-0.0789682469848129,0.458695658793052
1922,Qinghai,0.168456306478984,0.502639755569372,2.6321428866377,3.13478264220707
1923,Qinghai,0.175384288418958,0.515148400148445,1.38412701468619,1.89927541483464
1924,Qinghai,0.158443126852837,0.471532092447051,1.76071430707262,2.23224639951967
1925,Qinghai,0.235079060304136,0.605831633611814,1.43293652520885,2.03876815882066
1926,Qinghai,0.231576648362874,0.602570773694303,4.87460326421119,5.47717403790549
1927,Qinghai,0.243577072482767,0.610645282888892,3.4484127516607,4.05905803454959
1928,Qinghai,0.240810276663154,0.597912356080044,2.05317463619368,2.65108699227373
1929,Qinghai,0.249758454334182,0.626897848690066,0.244841275352334,0.8717391240424
1930,Qinghai,0.258915241244079,0.651915106673007,0.315476216139301,0.967391322812308
1931,Qinghai,0.335024154644834,0.791735682193013,0.0325396791810081,0.824275361374021
1932,Qinghai,0.0789855065697057,0.207073842200372,0.985317465095293,1.19239130729567
1933,Qinghai,0.029018457072591,0.0965666213516965,0.585317453960814,0.681884075312511
1934,Qinghai,0.115008792608034,0.271083526083207,3.80753971683601,4.07862324291921
1935,Qinghai,0.102097059296159,0.269375438964556,1.48134921940546,1.75072465837002
1936,Gansu,0.219883616858268,0.536421665726416,2.74365084346325,3.28007250918966
1937,Gansu,0.178524358993168,0.45217389015261,4.63333340751983,5.08550729767244
1938,Gansu,0.144543257197974,0.330452012353216,5.90396836683864,6.23442037919185
1939,Gansu,0.142204666124934,0.324585951634621,7.99642867642263,8.32101462805725
1940,Gansu,0.142830467056099,0.317581040591897,8.25198429175431,8.56956533234621
1941,Ningxia,0.1211901552931,0.240286388522524,7.89920650833538,8.1394928968579
1942,Ningxia,0.451701815867102,1.05251900185725,8.02103189494283,9.07355089680008
1943,Gansu,0.424055789079931,0.994099438268874,7.12619056245164,8.12029000072052
1944,Gansu,0.404765058588605,0.953191888383017,8.33412713294346,9.28731902132648
1945,Gansu,0.460628038006403,1.09418566765622,8.25436523272878,9.348550900385
1946,Shaanxi,0.428118112686404,0.965890222391677,8.32976209511241,9.29565231750409
1947,Shaanxi,0.422408904469636,0.95037966926008,8.52063504701096,9.47101471627104
1948,Shaanxi,0.403579283339619,0.905262280300549,9.91031762750612,10.8155799078067
1949,Shaanxi,0.412966623700268,0.915424426801609,10.7476192371299,11.6630436639315
1950,Shanxi,0.39779314705607,0.924896486554735,9.5095239940676,10.4344204806223
1951,Shanxi,0.410660978969469,0.916563215094127,8.41785726716949,9.33442048226362
1952,Shanxi,0.438735157037853,0.998550680181264,9.90000021117666,10.8985508913579
1953,Shanxi,0.43984409554857,0.999620415373166,7.37103189161373,8.37065230698689
1954,Shanxi,0.433168636084415,0.950431342421163,9.99920653510425,10.9496378775254
1955,Shanxi,0.419257809240722,0.929744676531921,10.9996033767977,11.9293480533297
1956,Hebei,0.415799319236117,0.920962763671278,14.0714287954486,14.9923915591199
1957,Hebei,0.409200712406928,0.904520367334541,14.373016068771,15.2775364361056
1958,Hebei,0.393653928387712,0.860990308608226,14.2027780282651,15.0637683368733
1959,Shandong,0.390316207726724,0.849516893668245,14.1722224562887,15.021739349957
1960,Shandong,0.383739562474476,0.832487929677958,14.3388891302581,15.1713770599361
1961,Shandong,0.313471686066368,0.608057314745976,14.2698414810002,14.8778987957462
1962,Shandong,0.304655250389297,0.586680453721876,13.23650816216,13.8231886158819
1963,Shandong,0.301339451749602,0.573291886480893,11.9571430656231,12.530434952104
1964,Shandong,0.375120780414783,0.756953096812948,12.4075398636124,13.1644929604254
1965,Shandong,0.370070263057895,0.7516390570485,12.3769843387048,13.1286233957533
1966,Shandong,0.370476502806543,0.754606619979892,13.0345240304808,13.7891306504607
1967,Xinjiang,0.451899444631214,1.11230163238017,-6.37896838748739,-5.26666675510722
1968,Xinjiang,0.443148865521962,1.09615246956851,-6.23492071434619,-5.13876824477768
1969,Tibet,0.457356163647826,1.12510347176983,-6.06785722289767,-4.94275375112783
1970,Tibet,0.477646030839835,1.14539337661593,-6.37619057747107,-5.23079720085514
1971,Tibet,0.490140535099351,1.17275708453219,-6.37420648099884,-5.20144939646665
1972,Tibet,0.447507687214865,1.06157694185079,-8.25396837950462,-7.19239143765383
1973,Tibet,0.371837948812569,0.951604578773869,-7.81428586871969,-6.86268128994582
1974,Tibet,0.368522189120726,0.941390640737991,-5.97182550686338,-5.03043486612539
1975,Xinjiang,0.359178754868748,0.913354027777231,-5.72857152581925,-4.81521749804201
1976,Xinjiang,0.471354839833332,1.16211176170788,-5.47261911364538,-4.3105073519375
1977,Tibet,0.376284596081177,0.87544859589442,-6.59682550591727,-5.72137691002285
1978,Tibet,0.335057087454472,0.779899901639107,-6.61468265480584,-5.83478275316673
1979,Tibet,0.341765474230313,0.846911634123782,-7.67698424007921,-6.83007260595543
1980,Tibet,0.273880110267463,0.696256052669245,-6.66111122592101,-5.96485517325177
1981,Tibet,0.278030305407978,0.705641830755235,-6.24404774059261,-5.53840590983737
1982,Tibet,0.235682919538029,0.642339560768218,-6.32023821815494,-5.67789865738672
1983,Tibet,0.333893287653692,0.842167043156044,-7.22658743975418,-6.38442039659814
1984,Tibet,0.220805894776517,0.669082154669612,-6.71944459373989,-6.05036243907028
1985,Tibet,0.186879649468758,0.530262207743514,-6.13134929129765,-5.60108708355414
1986,Xinjiang,0.200274494866405,0.629365090725544,-6.55436520231149,-5.92500011158594
1987,Xinjiang,0.190250317074872,0.60881639449498,-6.86388898664524,-6.25507259215026
1988,Xinjiang,0.183311381085653,0.592581115357111,-7.11468265226318,-6.52210153690607
1989,Qinghai,0.218730805562806,0.636456248387079,-6.99007951556927,-6.35362326718219
1990,Qinghai,0.26500878620649,0.731521741431168,-2.80833337314072,-2.07681163170955
1991,Qinghai,0.254457629170002,0.710955863168079,-1.32182542293791,-0.610869559769829
1992,Qinghai,0.163746151256755,0.499568645207994,1.73412702791393,2.23369567312192
1993,Qinghai,0.213559525792614,0.618046970559789,3.45912701255154,4.07717398311133
1994,Qinghai,0.168686870427464,0.49606629257046,4.72023817293701,5.21630446550747
1995,Qinghai,0.179578399884469,0.532815784803386,5.37261914127758,5.90543492608096
1996,Qinghai,0.180226175576697,0.527553517784052,5.58730167514157,6.11485519292562
1997,Qinghai,0.164371988145069,0.484144276406505,5.5865080273518,6.07065230375831
1998,Qinghai,0.199571818222942,0.540441698714155,5.25992075002028,5.80036244873443
1999,Qinghai,0.199275365018326,0.538664613798352,4.95952388378126,5.49818849757962
2000,Qinghai,0.243577072482767,0.610645282888892,3.4484127516607,4.05905803454959
2001,Qinghai,0.22203558130737,0.575517615750741,-0.80595240511355,-0.230434789362809
2002,Qinghai,0.252371543218358,0.641701181661504,-2.25039683421335,-1.60869565255184
2003,Qinghai,0.334837522059123,0.80094895871797,-1.32341270811028,-0.522463749392309
2004,Qinghai,0.0852437496494517,0.23493790114652,-0.489285709454663,-0.254347808308144
2005,Qinghai,0.0811374649506915,0.20804003312068,-0.0257936358037922,0.182246397316888
2006,Qinghai,0.212132204899897,0.513957938764263,-1.86468258334531,-1.35072464458105
2007,Qinghai,0.231971905520533,0.548205687121338,-0.837698423111486,-0.289492735990148
2008,Qinghai,0.229424683426228,0.542063484297457,-1.39206349358909,-0.85000000929163
2009,Gansu,0.231785246228728,0.566770192614921,0.540476193947215,1.10724638656214
2010,Gansu,0.220103215447475,0.514354752601633,2.65992066595289,3.17427541855453
2011,Gansu,0.210430379321355,0.490752200613387,5.15634932643956,5.64710152705295
2012,Gansu,0.185946417967537,0.41920286187551,8.4083335151275,8.82753637700301
2013,Ningxia,0.200230583011921,0.441494158929983,8.11031759264214,8.55181175157212
2014,Ningxia,0.377239791902995,0.863267798699166,8.99325412984878,9.85652192854795
2015,Ningxia,0.431949928128044,1.00688405311425,7.83333345369569,8.84021750680994
2016,Ningxia,0.433080794804246,1.01511384224875,7.90119065134417,8.91630449359292
2017,Ningxia,0.433882326629629,1.01123194922767,7.59166676086921,8.60289871009688
2018,Shaanxi,0.474440069961597,1.11388893263238,7.59444455557045,8.70833348820283
2019,Shaanxi,0.432575773533645,0.973964833452002,7.73690488251547,8.71086971596747
2020,Shaanxi,0.419938528844837,0.943771598185748,8.42579379864037,9.36956539682612
2021,Shaanxi,0.41066095998145,0.916839210839727,9.1313493927379,10.0481886035776
2022,Shaanxi,0.396629339611656,0.886128376669324,9.959524003641,10.8456523803103
2023,Shanxi,0.406324098270336,0.898688713569396,9.94007959471099,10.8387683082804
2024,Shanxi,0.411638130187223,0.916873737768604,7.53095250913785,8.44782624690645
2025,Shanxi,0.408201576091536,0.907384372469913,9.45674622487573,10.3641305973456
2026,Shanxi,0.43984409554857,0.999620415373166,7.37103189161373,8.37065230698689
2027,Shanxi,0.422551607293456,0.92432710848327,9.05357159005981,9.97789869854308
2028,Shanxi,0.417116801051171,0.913612792021583,10.5392859227778,11.4528987147994
2029,Hebei,0.411495383296343,0.899534161123551,13.4261907113805,14.325724872504
2030,Hebei,0.383146691146287,0.841925465947259,14.326190687716,15.1681161536633
2031,Hebei,0.382378111822064,0.836663190326849,14.2075398986834,15.0442030890102
2032,Shandong,0.377173908786144,0.822411990795851,14.1964288008887,15.0188407916846
2033,Shandong,0.374451060388785,0.816597723708668,14.4507938546262,15.2673915783348
2034,Shandong,0.295805885144427,0.547550045635122,14.944841527927,15.4923915735621
2035,Shandong,0.29357707654901,0.546031791954629,13.545635127832,14.0916669197866
2036,Shandong,0.29622310218489,0.554968957843878,13.101190679544,13.6561596373879
2037,Shandong,0.375120780414783,0.756953096812948,12.4075398636124,13.1644929604254
2038,Shandong,0.369883618507736,0.742736351989297,13.0293653160038,13.7721016679931
2039,Shandong,0.365612643318914,0.732522422878434,13.0968256217265,13.8293480446049
2040,Shandong,0.366194574939489,0.728450710549076,13.0853176622814,13.8137683728305
2041,Xinjiang,0.436550289378565,1.08086613132994,-7.10079378936262,-6.01992765803268
2042,Xinjiang,0.451899444631214,1.11230163238017,-6.37896838748739,-5.26666675510722
2043,Xinjiang,0.42672375554434,1.1115079416763,-4.861508021959,-3.75000008028271
2044,Xinjiang,0.439229265553979,1.13317810572951,-6.30238108076747,-5.16920297503795
2045,Tibet,0.468192809670804,1.17548312042667,-9.3138890714636,-8.13840595103692
2046,Xinjiang,0.456060606987103,1.08090063153649,-9.19285731097417,-8.11195667943769
2047,Xinjiang,0.447507687214865,1.06157694185079,-8.25396837950462,-7.19239143765383
2048,Xinjiang,0.428524378242137,1.0119392665796,-6.69563502528601,-5.68369575870642
2049,Xinjiang,0.42149758218024,0.995962696973931,-7.25357153313974,-6.25760883616581
2050,Xinjiang,0.370498450660279,0.948498949049887,-6.77857153046699,-5.8300725814171
2051,Xinjiang,0.368577087307852,0.94159766449866,-6.1825397872913,-5.24094212279264
2052,Xinjiang,0.376284596081177,0.87544859589442,-6.59682550591727,-5.72137691002285
2053,Xinjiang,0.372156353537313,0.916338875594119,-6.65039697135725,-5.73405809576313
2054,Xinjiang,0.336297766778734,0.823067648826056,-7.14444458520129,-6.32137693637523
2055,Xinjiang,0.351987272590157,0.871307818618845,-7.11587313742983,-6.24456531881098
2056,Xinjiang,0.248978925268438,0.677380966635779,-7.81904776323409,-7.14166679659831
2057,Xinjiang,0.351119899292807,0.878933770808324,-8.17857157637084,-7.29963780556252
2058,Xinjiang,0.333893287653692,0.842167043156044,-7.22658743975418,-6.38442039659814
2059,Xinjiang,0.184332448163765,0.574861968294804,-6.06507946063011,-5.4902174923353
2060,Xinjiang,0.203107159592123,0.634592817373846,-5.4103175616631,-4.77572474428925
2061,Xinjiang,0.254589390404748,0.709161551760508,-4.77619060389106,-4.06702905213055
2062,Xinjiang,0.237209059284132,0.67075571813219,-4.49285721979917,-3.82210150166698
2063,Xinjiang,0.269653059861209,0.693909612082567,-5.49246042209958,-4.79855081001702
2064,Qinghai,0.181291175930939,0.591770204129898,-4.91785722530432,-4.32608702117442
2065,Qinghai,0.26500878620649,0.731521741431168,-2.80833337314072,-2.07681163170955
2066,Qinghai,0.207729468010873,0.59960316679472,1.41706352784402,2.01666669463874
2067,Qinghai,0.236736930573018,0.681607995776163,3.01984132577976,3.70144932155592
2068,Qinghai,0.195718043403218,0.579727384375551,3.92896832720864,4.5086957115842
2069,Qinghai,0.171794017465179,0.507298123907733,4.45357151166905,4.96086963557679
2070,Qinghai,0.32951250219154,0.872567239036853,4.44880964178296,5.32137688081982
2071,Qinghai,0.167643842676333,0.492667358384061,3.97182548214637,4.46449284053043
2072,Qinghai,0.28439834554339,0.754140832292378,2.86071433088491,3.61485516317729
2073,Qinghai,0.242259562768935,0.643944131072901,1.36547619479871,2.00942032587161
2074,Qinghai,0.250120772051285,0.66224982417873,3.57579373275595,4.23804355693468
2075,Qinghai,0.242380316426088,0.623602459795922,1.97023814301642,2.59384060281234
2076,Qinghai,0.22203558130737,0.575517615750741,-0.80595240511355,-0.230434789362809
2077,Qinghai,0.252371543218358,0.641701181661504,-2.25039683421335,-1.60869565255184
2078,Qinghai,0.334837522059123,0.80094895871797,-1.32341270811028,-0.522463749392309
2079,Qinghai,0.46941150130183,1.08712904740657,-4.26865084930545,-3.18152180189888
2080,Qinghai,0.0837286008594721,0.222084222447572,-3.05396830917351,-2.83188408672594
2081,Qinghai,0.232509879118055,0.557056588037845,-2.86031750696046,-2.30326091892261
2082,Qinghai,0.231884069413562,0.55129402417759,-2.25238098895976,-1.70108696478217
2083,Gansu,0.245004385113422,0.573343664506711,0.119047620437211,0.692391284943923
2084,Gansu,0.241315326362612,0.563405818526367,6.58333345295655,7.14673927148291
2085,Gansu,0.241205526543654,0.5834713250738,7.54007951640302,8.12355084147682
2086,Gansu,0.224857301816514,0.522153266650939,8.16190487938741,8.68405814603835
2087,Inner Mongolia,0.427832684619945,0.969979323369623,8.58690490476078,9.5568842281304
2088,Inner Mongolia,0.371903834198624,0.873757791245875,8.90595254721859,9.77971033846447
2089,Ningxia,0.43532060618035,1.01861631378578,9.22341287916615,10.2420291929519
2090,Ningxia,0.450406239682552,1.05050033870943,9.42341286842785,10.4739132071373
2091,Ningxia,0.438493652609543,1.02111808005965,8.35714295686829,9.37826103692793
2092,Ningxia,0.454589386048105,1.0620428249857,8.29484142478378,9.35688424976948
2093,Shaanxi,0.454468611911672,1.06197380499106,8.56230174185383,9.62427554684488
2094,Shaanxi,0.433926218099725,0.973326417321198,8.44841286678991,9.4217392841111
2095,Shaanxi,0.420783958175711,0.941649488815516,8.57103187147351,9.51268136028902
2096,Shaanxi,0.403765915005051,0.943616303100441,8.91507949449477,9.85869579759521
2097,Shaanxi,0.397979801180406,0.883747426747988,9.3035715609375,10.1873189876855
2098,Shaanxi,0.406324098270336,0.898688713569396,9.94007959471099,10.8387683082804
2099,Shanxi,0.411638130187223,0.916873737768604,7.53095250913785,8.44782624690645
2100,Shanxi,0.408201576091536,0.907384372469913,9.45674622487573,10.3641305973456
2101,Shanxi,0.430555543326885,0.945496867379342,10.247619262793,11.1931161301723
2102,Shanxi,0.41604084470978,0.907971008806093,7.40000013847436,8.30797114728046
2103,Shanxi,0.409134833704963,0.8919082297394,8.1222223646584,9.0141305943978
2104,Hebei,0.408487065735718,0.889095997725777,12.642063687659,13.5311596853848
2105,Hebei,0.362044358837877,0.777225688981698,14.2119049999035,14.9891306888852
2106,Hebei,0.361758893732837,0.694547944216943,14.1126986203331,14.80724656455
2107,Shandong,0.376229698780791,0.822291240184789,14.0436510150986,14.8659422552834
2108,Shandong,0.346947753023182,0.65636646812634,14.1559526168756,14.8123190850019
2109,Shandong,0.257279320061697,0.455866122953829,13.9492065852419,14.4050727081958
2110,Shandong,0.280939848381873,0.510921366746736,13.6702382916378,14.1811596583845
2111,Shandong,0.29622310218489,0.554968957843878,13.101190679544,13.6561596373879
2112,Shandong,0.29819940761481,0.556297500109402,13.3650795585579,13.9213770586673
2113,Shandong,0.372156341226022,0.741218083279094,13.2801589500455,14.0213770333246
2114,Shandong,0.368412385633739,0.728692194003438,12.9075398952478,13.6362320892513
2115,Shandong,0.359782620076684,0.713388597737971,12.2626986123681,12.976087210106
2116,Shandong,0.369938529115768,0.718202217140735,12.4115081861438,13.1297104032845
2117,Xinjiang,0.386967492093924,1.02769148629737,-6.82261917110355,-5.79492768480618
2118,Xinjiang,0.417786547870792,1.07600064822611,-7.07817468620719,-6.00217403798108
2119,Xinjiang,0.42957840570636,1.10120775332845,-5.7722223367956,-4.67101458346714
2120,Xinjiang,0.443906448442828,1.14832639460258,-6.95158741788732,-5.80326102328473
2121,Xinjiang,0.471805025542423,1.19004487886182,-6.53968267237383,-5.34963779351202
2122,Xinjiang,0.385737802399765,0.982539650333019,-6.88253975423083,-5.90000010389781
2123,Xinjiang,0.378436553571332,0.966373380226018,-6.60912713384817,-5.64275375362216
2124,Xinjiang,0.375713660563745,0.971359553313034,-3.91230165319783,-2.9409420998848
2125,Xinjiang,0.474505936960883,1.18954452143544,-4.94642864076036,-3.75688411932493
2126,Xinjiang,0.476943346835774,1.18768117455361,-6.3166667825232,-5.12898560796959
2127,Xinjiang,0.376273625192867,0.963060810498694,-6.70436520608408,-5.74130439558539
2128,Xinjiang,0.394104099593203,0.925103576087732,-6.8761906442602,-5.95108706817247
2129,Xinjiang,0.37251866542189,0.919064892098574,-5.55674613849629,-4.63768124639772
2130,Xinjiang,0.310144926971467,0.729020023758324,-6.78373026241741,-6.05471023865908
2131,Xinjiang,0.332015815533314,0.819634245785712,-7.20912708803302,-6.3894928422473
2132,Xinjiang,0.251811593123922,0.681124917833741,-6.79126994492161,-6.11014502708787
2133,Xinjiang,0.182235399875454,0.567995175748826,-6.66111124682403,-6.0931160710752
2134,Xinjiang,0.186528341859402,0.576397556254964,-6.49523823720122,-5.91884068094626
2135,Xinjiang,0.184332448163765,0.574861968294804,-6.06507946063011,-5.4902174923353
2136,Xinjiang,0.248561696457396,0.676345753703931,-5.00714294695192,-4.33079719324799
2137,Xinjiang,0.313109362410397,0.787836447635793,-2.69761907814869,-1.9097826305129
2138,Xinjiang,0.244883632553242,0.639216740463338,-2.79682544086661,-2.15760870040327
2139,Xinjiang,0.260628025712127,0.630158740752026,-4.23849212310262,-3.6083333823506
2140,Qinghai,0.260990349356646,0.676984152021987,-5.62698425733972,-4.95000010531774
2141,Qinghai,0.218291616417405,0.631728809461861,-2.32738099371394,-1.69565218425207
2142,Qinghai,0.207729468010873,0.59960316679472,1.41706352784402,2.01666669463874
2143,Qinghai,0.248287239301333,0.699810270276602,3.32301592140917,4.02282619168577
2144,Qinghai,0.224121660671451,0.579106316084827,3.50277785235454,4.08188416843937
2145,Qinghai,0.302854623517114,0.752398177580311,3.51825404380049,4.2706522213808
2146,Qinghai,0.17997364380974,0.521928911469491,2.74365084299019,3.26557975445969
2147,Qinghai,0.172793157141023,0.507349907283673,0.757142863724203,1.26449277100788
2148,Qinghai,0.195794897378113,0.55436504971727,-2.72936510318328,-2.17500005346601
2149,Qinghai,0.29679404609118,0.772291304997385,-2.43968260903207,-1.66739130403469
2150,Qinghai,0.250340363556388,0.662715684694514,-3.57539691362116,-2.91268122892665
2151,Qinghai,0.20188846113876,0.553019356926076,-4.21388898446919,-3.66086962754312
2152,Qinghai,0.248287234020157,0.627380994631245,-4.54404771463975,-3.9166667200085
2153,Qinghai,0.127195856822299,0.418115905119046,-4.3000000683916,-3.88188416327255
2154,Qinghai,0.075109792951794,0.21347482636535,-4.52579374880427,-4.31231892243892
2155,Qinghai,0.46941150130183,1.08712904740657,-4.26865084930545,-3.18152180189888
2156,Qinghai,0.0837286008594721,0.222084222447572,-3.05396830917351,-2.83188408672594
2157,Qinghai,0.0871761184607845,0.229761921089166,-1.18809524276072,-0.958333321671555
2158,Gansu,0.233706631858456,0.557729477628428,2.3694444655899,2.92717394321833
2159,Gansu,0.259475179991677,0.600224290635719,6.28492075734077,6.88514504797649
2160,Gansu,0.257246394358251,0.596273325300105,8.38452394930498,8.98079727460509
2161,Gansu,0.247266142019249,0.572757087187714,8.50079381933052,9.07355090651823
2162,Inner Mongolia,0.337231007772328,0.758367845923571,8.99960332363844,9.75797116956201
2163,Inner Mongolia,0.429303918761063,0.973654272794477,9.25714301406628,10.2307972868608
2164,Inner Mongolia,0.433893286708545,1.00481365293681,9.51547639204987,10.5202900449867
2165,Inner Mongolia,0.442512075300993,1.03433400653868,8.53849226242257,9.57282626896125
2166,Ningxia,0.449989016998525,1.04753279644968,9.44087314984155,10.4884059462912
2167,Ningxia,0.447112456375556,1.03461014355865,8.41865092104981,9.45326106460846
2168,Ningxia,0.44361003910649,1.02920986453471,7.83492075737625,8.86413062191096
2169,Inner Mongolia,0.433948189447984,1.00010353095542,8.25714299972686,9.25724653068228
2170,Inner Mongolia,0.43679184169248,0.981815068501135,8.11746045367585,9.09927552217699
2171,Shaanxi,0.421179150989902,0.944220101501951,8.50396845380347,9.44818855530542
2172,Shaanxi,0.403765915005051,0.943616303100441,8.91507949449477,9.85869579759521
2173,Shaanxi,0.397979801180406,0.883747426747988,9.3035715609375,10.1873189876855
2174,Shanxi,0.39462014772636,0.87161843473795,9.54722239629972,10.4188408310377
2175,Shanxi,0.432597708924754,0.952260173678533,7.20317472754017,8.1554349012187
2176,Shanxi,0.403886717141695,0.898343727685475,6.11904770860241,7.01739143628789
2177,Shanxi,0.40894818233165,0.889889602675993,9.50793668497649,10.3978262876525
2178,Shanxi,0.38768118816654,0.787077379054948,8.07777789569209,8.86485527474703
2179,Shanxi,0.405621432724214,0.880779835822933,9.72103195658161,10.6018117924045
2180,Hebei,0.400186650061528,0.869823981464691,12.2761906974077,13.1460146788724
2181,Hebei,0.357125578377008,0.685420901498521,13.9884923001426,14.6739132016411
2182,Hebei,0.356455862185917,0.683833685686222,13.9317462603074,14.6155799459936
2183,Hebei,0.351449274355328,0.669634248162803,13.857539925813,14.5271741739758
2184,Shandong,0.349846284304813,0.689078669776537,13.7297621487625,14.418840818539
2185,Shandong,0.286572233413427,0.515320897050938,13.5738097553156,14.0891306523666
2186,Shandong,0.280939848381873,0.510921366746736,13.6702382916378,14.1811596583845
2187,Shandong,0.293675901844352,0.542305077919115,13.4884922781457,14.0307973560648
2188,Shandong,0.294773834870803,0.544202920838705,13.333333532252,13.8775364530907
2189,Shandong,0.352195841119146,0.701690731723094,12.5972224931336,13.2989132248567
2190,Shandong,0.337483514283551,0.679692843017538,11.5126986580472,12.1923915010648
2191,Shandong,0.367534039304851,0.718668055016835,12.3603176737116,13.0789857287284
2192,Shandong,0.36486604813933,0.694582477232521,12.9123018598923,13.6068843371248
2193,Shandong,0.358223550341497,0.706124931922229,12.6087303807634,13.3148553126856
2194,Xinjiang,0.383673694372492,1.02862319938602,-6.32500012496871,-5.29637692558269
2195,Xinjiang,0.41027668652566,1.06937545656469,-6.16865091830019,-5.0992754617355
2196,Xinjiang,0.422507676014944,1.09482399567452,-6.73214297635215,-5.63731898067762
2197,Xinjiang,0.436506386751413,1.12132508973311,-6.06190488381045,-4.94057979407734
2198,Xinjiang,0.43697848507368,1.14144237833503,0.973412717382113,2.11485509571714
2199,Xinjiang,0.446706190741292,1.16218080519704,1.14325399111424,2.30543479631129
2200,Xinjiang,0.462725086227635,1.1934265154687,5.5797620152552,6.7731885307239
2201,Xinjiang,0.421288989230722,0.998309218455196,2.35277779731486,3.35108701577005
2202,Xinjiang,0.375713660563745,0.971359553313034,-3.91230165319783,-2.9409420998848
2203,Xinjiang,0.413065455476828,0.981435529584305,7.63015886124164,8.61159439082595
2204,Xinjiang,0.386879687457229,0.994202936316273,5.79166674980568,6.78586968612196
2205,Xinjiang,0.383091788928748,0.982229109584843,2.56269849742216,3.544927607007
2206,Xinjiang,0.387670190362722,0.91028296767642,-2.69325400031512,-1.7829710326387
2207,Xinjiang,0.37251866542189,0.919064892098574,-5.55674613849629,-4.63768124639772
2208,Xinjiang,0.389393951766746,0.962077340685741,1.86111112861406,2.8231884692998
2209,Xinjiang,0.301570049961918,0.718719800403296,-3.83611117965645,-3.11739137925316
2210,Xinjiang,0.375285457654459,0.930124219050637,-4.64642865027464,-3.716304431224
2211,Xinjiang,0.382883194133764,0.978433451486084,-5.31031758950225,-4.33188413801617
2212,Xinjiang,0.247782177990814,0.677518982206276,-6.26230170557068,-5.58478272336441
2213,Xinjiang,0.242665795356585,0.663854389999697,-5.69682549927679,-5.0329711092771
2214,Xinjiang,0.248561696457396,0.676345753703931,-5.00714294695192,-4.33079719324799
2215,Xinjiang,0.293368470385101,0.771187025824854,-2.90198414012908,-2.13079711430423
2216,Xinjiang,0.244323683757831,0.689561803222958,-2.06746035199317,-1.37789854877021
2217,Xinjiang,0.228074223038707,0.654830917903705,-1.73888891406121,-1.0840579961575
2218,Qinghai,0.217566973695406,0.632125603905355,0.638888898852562,1.27101450275792
2219,Qinghai,0.213954776646565,0.624482418308284,1.99761906709699,2.62210148540528
2220,Qinghai,0.247079495173708,0.641701182058715,2.87460323168881,3.51630441374753
2221,Qinghai,0.248287239301333,0.699810270276602,3.32301592140917,4.02282619168577
2222,Qinghai,0.224121660671451,0.579106316084827,3.50277785235454,4.08188416843937
2223,Qinghai,0.24752966151767,0.67939961809611,3.17023813227812,3.84963775037423
2224,Qinghai,0.27936979111891,0.750897196812454,-0.0436508177764832,0.70724637903597
2225,Qinghai,0.287066331271493,0.763354078284866,-4.0369048456824,-3.27355076739754
2226,Qinghai,0.1919850651502,0.537577633542222,-6.15714294865491,-5.61956531511269
2227,Gansu,0.203041272395776,0.559955123761828,-6.03531756660058,-5.47536244283876
2228,Qinghai,0.300625823194396,0.758178059645434,-5.49404771889131,-4.73586965924588
2229,Qinghai,0.240667546263679,0.599741200458199,-5.1595238992087,-4.5597826987505
2230,Qinghai,0.234200707611824,0.561111125794257,-5.21111118447568,-4.65000005868142
2231,Qinghai,0.117468159094446,0.377639728799473,-6.04285723931851,-5.66521751051904
2232,Qinghai,0.0768555185398057,0.221273298369524,-5.47380961238274,-5.25253631401321
2233,Qinghai,0.473880113991281,1.10408906326382,-4.11785722875761,-3.01376816549379
2234,Gansu,0.0822902773267666,0.222135926898263,-2.75039686097039,-2.52826093407213
2235,Gansu,0.0871761184607845,0.229761921089166,-1.18809524276072,-0.958333321671555
2236,Gansu,0.0942358266730737,0.243564509872149,0.194841280993488,0.438405790865637
2237,Gansu,0.259475179991677,0.600224290635719,6.28492075734077,6.88514504797649
2238,Gansu,0.257246394358251,0.596273325300105,8.38452394930498,8.98079727460509
2239,Gansu,0.365942012454838,0.823205611084283,8.99563511061881,9.8188407217031
2240,Inner Mongolia,0.393489220598856,0.922757048690734,9.00079384301272,9.92355089170345
2241,Inner Mongolia,0.400988137810852,0.936352645178768,9.03611128827527,9.97246393345404
2242,Inner Mongolia,0.427854643680637,0.973395476594641,9.28928585081464,10.2626813274093
2243,Inner Mongolia,0.446497577737868,1.03975154312548,6.73452393320345,7.77427547632892
2244,Ningxia,0.438526571761418,1.01670116891865,8.83293665342388,9.84963782234252
2245,Inner Mongolia,0.452536228878957,1.04639404466963,8.87896841111046,9.92536245578009
2246,Inner Mongolia,0.44361003910649,1.02920986453471,7.83492075737625,8.86413062191096
2247,Inner Mongolia,0.433948189447984,1.00010353095542,8.25714299972686,9.25724653068228
2248,Inner Mongolia,0.43679184169248,0.981815068501135,8.11746045367585,9.09927552217699
2249,Inner Mongolia,0.421179150989902,0.944220101501951,8.50396845380347,9.44818855530542
2250,Shaanxi,0.417501102433551,0.934834401838589,8.47023826527099,9.40507266710958
2251,Shaanxi,0.404424694920966,0.890700540005947,8.56944457814097,9.46014511814692
2252,Shanxi,0.401295588083882,0.881901363068979,8.6873017441304,9.56920310719937
2253,Shanxi,0.395355737091197,0.866356119514797,6.5535715573009,7.4199276768157
2254,Shanxi,0.420718060169969,0.924120104811913,6.59761915347051,7.52173925828242
2255,Shanxi,0.40297542693446,0.878778516297569,8.52738108210975,9.40615959840732
2256,Shanxi,0.399505925318574,0.865493438497772,7.9051588959105,8.77065233440827
2257,Hebei,0.396398732959766,0.859351178563058,10.3091271822415,11.1684783608045
2258,Hebei,0.340700482746743,0.733937193971869,13.1805557665075,13.9144929604794
2259,Hebei,0.342885364723123,0.733350556647158,13.7206351262709,14.4539856829181
2260,Hebei,0.338306980387528,0.71704623721581,13.6623018371267,14.3793480743425
2261,Hebei,0.346102340782504,0.72638028373285,13.6341271950967,14.3605074788295
2262,Hebei,0.349846284304813,0.689078669776537,13.7297621487625,14.418840818539
2263,Hebei,0.286572233413427,0.515320897050938,13.5738097553156,14.0891306523666
2264,Shandong,0.287439609302284,0.529503110095636,13.2190478298044,13.7485509399001
2265,Shandong,0.288263050889205,0.53221183703805,13.050397023056,13.582608860094
2266,Shandong,0.292599926190185,0.543443757944257,12.8420637077874,13.3855074657316
2267,Shandong,0.343500255128114,0.687077385258361,12.1111112816762,12.7981886669346
2268,Shandong,0.318368480843072,0.590476212289063,12.7011906790828,13.2916668913719
2269,Shandong,0.343368454406436,0.690165615052477,12.6714288108938,13.3615944259463
2270,Shandong,0.340239364190005,0.677605291064948,12.3158732380363,12.9934785291013
2271,Xinjiang,0.304907769657636,0.809506527150117,-7.28015884774782,-6.4706523205977
2272,Xinjiang,0.383673694372492,1.02862319938602,-6.32500012496871,-5.29637692558269
2273,Xinjiang,0.41658981200054,1.08664596888569,-5.07976197303524,-3.99311600414955
2274,Xinjiang,0.428096191644289,1.10814357400352,-4.41865088261427,-3.31050730861076
2275,Xinjiang,0.443017121440402,1.13966526913542,-3.44365084378256,-2.30398557464714
2276,Xinjiang,0.43697848507368,1.14144237833503,0.973412717382113,2.11485509571714
2277,Xinjiang,0.447364978369556,1.16520018793329,7.5626985593625,8.72789874729579
2278,Xinjiang,0.422650442033725,1.00355422578423,10.9841271523268,11.987681378111
2279,Xinjiang,0.372101469813704,0.959385839692624,11.9837303452253,12.9431161849179
2280,Xinjiang,0.375768575653741,0.973826819146407,11.4968255847574,12.4706524039038
2281,Xinjiang,0.378195006780728,0.981090456285898,9.41746044425028,10.3985509005362
2282,Xinjiang,0.401065009812586,0.9504831352453,10.9111112736402,11.8615944088855
2283,Xinjiang,0.462604299896889,1.1456349167055,9.63769859261811,10.7833335093236
2284,Xinjiang,0.36821476629574,0.926880615321807,7.79087316581891,8.71775378114071
2285,Xinjiang,0.307476951555399,0.729227063732622,5.00555565719685,5.73478272092947
2286,Xinjiang,0.389393951766746,0.962077340685741,1.86111112861406,2.8231884692998
2287,Xinjiang,0.301328510607171,0.711887536758109,8.10079380281506,8.81268133957317
2288,Xinjiang,0.326613962794272,0.805659067478311,2.84325404435633,3.64891311183464
2289,Xinjiang,0.38623187125881,0.994599705398741,-1.84206351853671,-0.847463813137965
2290,Xinjiang,0.370674139112038,0.923153892987306,-4.43293655870689,-3.50978266571959
2291,Xinjiang,0.358443154337038,0.918875170343288,-5.7170636590038,-4.79818848866052
2292,Xinjiang,0.346783046157058,0.883919946999745,-4.13174610664802,-3.24782615964827
2293,Xinjiang,0.353074230332227,0.846376827026519,-3.20000004224361,-2.35362321521709
2294,Xinjiang,0.234321478049144,0.668857821145752,-1.23769840757762,-0.568840586431865
2295,Xinjiang,0.29575099734623,0.74970671088609,1.32420636036448,2.07391307125057
2296,Qinghai,0.221376802677393,0.644323649472353,1.90277781686376,2.54710146633611
2297,Qinghai,0.342731672200486,0.819634249424875,3.39087308115429,4.21050733057917
2298,Qinghai,0.259453249385202,0.732539744197994,3.33412703079364,4.06666677499163
2299,Qinghai,0.304545463572862,0.832487957557216,3.255555609182,4.08804356673921
2300,Qinghai,0.226734750132335,0.58485165356258,3.01587305631902,3.6007247098816
2301,Qinghai,0.24752966151767,0.67939961809611,3.17023813227812,3.84963775037423
2302,Qinghai,0.161187971588331,0.436576953900784,1.39603178155801,1.83260873545879
2303,Gansu,0.375307416938471,0.954641118517121,-1.4658730251212,-0.511231906604076
2304,Gansu,0.179029431729056,0.507487934373263,-3.41111116383284,-2.90362322945958
2305,Gansu,0.297606505437226,0.766028300399478,-3.02182544720551,-2.25579714680604
2306,Gansu,0.238504616451214,0.557539698698033,-3.64920642773902,-3.09166672904098
2307,Qinghai,0.225658780363048,0.535300248115482,-5.88928582847473,-5.35398558035925
2308,Qinghai,0.25013175286225,0.592701881767874,-5.66190489251462,-5.06920301074675
2309,Qinghai,0.29018444581907,0.715389920244337,-5.52698422728905,-4.81159430704471
2310,Qinghai,0.331324124616335,0.80476190825941,-5.17142866504571,-4.3666667567863
2311,Gansu,0.36282389675548,0.872135976596824,-2.32539685936793,-1.4532608827711
2312,Gansu,0.0888339964976411,0.258316075263496,2.71269845749651,2.97101453276
2313,Gansu,0.0892292332929974,0.248550695545196,5.25000010800385,5.49855080354905
2314,Inner Mongolia,0.0914690441741953,0.248706030762858,4.52738104719255,4.77608707795541
2315,Gansu,0.270915686343066,0.627070412596362,8.11785728247866,8.74492769507502
2316,Gansu,0.267094864760725,0.616718450395339,8.52857157250955,9.14529002290489
2317,Gansu,0.365942012454838,0.823205611084283,8.99563511061881,9.8188407217031
2318,Gansu,0.393489220598856,0.922757048690734,9.00079384301272,9.92355089170345
2319,Inner Mongolia,0.400988137810852,0.936352645178768,9.03611128827527,9.97246393345404
2320,Inner Mongolia,0.427854643680637,0.973395476594641,9.28928585081464,10.2626813274093
2321,Inner Mongolia,0.446497577737868,1.03975154312548,6.73452393320345,7.77427547632892
2322,Ningxia,0.438526571761418,1.01670116891865,8.83293665342388,9.84963782234252
2323,Ningxia,0.452536228878957,1.04639404466963,8.87896841111046,9.92536245578009
2324,Inner Mongolia,0.491414168037288,1.11687375668223,8.37261917802786,9.48949293471009
2325,Inner Mongolia,0.441447092833706,1.02110077956855,7.99484141165065,9.0159421912192
2326,Inner Mongolia,0.460090057926026,1.06561427642357,7.54960330661445,8.61521758303802
2327,Inner Mongolia,0.415777359300955,0.927519028412473,7.7460318778952,8.67355090630767
2328,Shaanxi,0.409178755117264,0.906262964773809,7.73214297919046,8.63840594396427
2329,Shaanxi,0.406269209560859,0.893236687967363,8.03611125835469,8.92934794632205
2330,Shaanxi,0.38799957493316,0.853882023141692,8.35119063537272,9.20507265851441
2331,Shanxi,0.39530084905332,0.917512129831564,7.07777790009739,7.99529002992895
2332,Shanxi,0.406906017313761,0.88871634384171,4.29642866492745,5.18514500876916
2333,Shanxi,0.386725954646813,0.843322975184382,8.60595255685113,9.44927553203551
2334,Shanxi,0.383684669651147,0.835852312904913,6.6543652218663,7.49021753477122
2335,Hebei,0.336594230568607,0.64560048135346,6.24642867855136,6.89202915990482
2336,Hebei,0.343950376924018,0.660524497840878,11.2623017730694,11.9228262709103
2337,Hebei,0.34691481583465,0.66796072173074,12.414285873669,13.0822465953998
2338,Hebei,0.338416782283454,0.648205658958242,13.4039684702007,14.0521741291589
2339,Hebei,0.346102340782504,0.72638028373285,13.6341271950967,14.3605074788295
2340,Hebei,0.336879686188635,0.668599073021186,13.761111269838,14.4297103428592
2341,Hebei,0.338208178014093,0.675534888089034,13.5063494007798,14.1818842888688
2342,Hebei,0.28599032171751,0.522619015523704,13.1357145172854,13.6583335328091
2343,Xinjiang,0.301613980017481,0.806159449499575,-5.56666678533195,-4.76050733583237
2344,Xinjiang,0.304655257239447,0.811335424816121,-4.64285722519789,-3.83152180038177
2345,Xinjiang,0.359145823723792,0.930210528323225,-5.90992075323112,-4.9797102249079
2346,Xinjiang,0.439437866763105,1.12425814757061,-3.16230162626339,-2.03804347869279
2347,Xinjiang,0.443434348713556,1.13450657466672,-1.14682541861539,-0.0123188439486683
2348,Xinjiang,0.446102359182854,1.14052802489349,6.71309530451184,7.85362332940534
2349,Xinjiang,0.443950385235652,1.16247415047183,8.26904774069904,9.43152189117087
2350,Xinjiang,0.440909097021872,1.10997241648175,13.2686509686626,14.3786233851443
2351,Xinjiang,0.397134407203795,1.02101452938255,13.0500002061682,14.0710147355508
2352,Xinjiang,0.378030295574159,0.90248443606246,12.6797621527775,13.58224658884
2353,Xinjiang,0.380456749699948,0.926604560538459,12.1607144884469,13.0873190489854
2354,Xinjiang,0.408036882723659,0.976414764765332,11.7670637110751,12.7434784758404
2355,Xinjiang,0.486352658116855,1.19442719364573,11.6432541785318,12.8376813721776
2356,Xinjiang,0.478897674401857,1.17242926187567,11.4087303338484,12.581159595724
2357,Xinjiang,0.378304789332795,0.930814381745394,10.7789684515151,11.7097828332605
2358,Xinjiang,0.295871757163118,0.708661146515954,10.2837303634733,10.9923915099893
2359,Xinjiang,0.332674581704757,0.803071101717366,9.28968270377271,10.0927538054901
2360,Xinjiang,0.301328510607171,0.711887536758109,8.10079380281506,8.81268133957317
2361,Xinjiang,0.388801064726732,0.967080772284282,10.5619049319436,11.5289857042279
2362,Xinjiang,0.310452353662444,0.748412694071154,8.13492076947457,8.88333346354573
2363,Xinjiang,0.302986398513511,0.735265697327521,5.34444455536349,6.07971025269101
2364,Xinjiang,0.369729915540543,0.943184968446599,-1.24246034132583,-0.299275372879229
2365,Xinjiang,0.36548089133686,0.884316785061788,-2.71547622408067,-1.83115943901889
2366,Xinjiang,0.353074230332227,0.846376827026519,-3.20000004224361,-2.35362321521709
2367,Xinjiang,0.345311825663885,0.839372025980126,0.59722221935434,1.43659424533447
2368,Xinjiang,0.275812480400726,0.702156669336189,0.596031773864987,1.29818844320118
2369,Qinghai,0.222968818734371,0.587439612623657,-0.930555557092977,-0.343115944469321
2370,Qinghai,0.2207509870054,0.581832304626466,1.02976193524424,1.61159423987071
2371,Qinghai,0.319246831275997,0.86675296759193,2.01150796497389,2.87826093256582
2372,Qinghai,0.263548528918727,0.737784711771314,2.51547621882388,3.25326093059519
2373,Qinghai,0.259541064059075,0.72154935269396,2.9563492619329,3.67789861462686
2374,Gansu,0.18179623109154,0.533402363675228,1.34087303777536,1.87427540145059
2375,Gansu,0.161187971588331,0.436576953900784,1.39603178155801,1.83260873545879
2376,Gansu,0.288548536207666,0.745945490257823,-1.26587304265963,-0.519927552401804
2377,Gansu,0.307971021045142,0.748809552493745,-2.08214289600414,-1.33333334351039
2378,Gansu,0.325812474311995,0.827070402502088,-4.05714292025992,-3.23007251775783
2379,Gansu,0.247826092135771,0.575534853499365,-4.35198420513835,-3.77644935163899
2380,Gansu,0.238702235089801,0.559765329063865,-3.5539682947454,-2.99420296568154
2381,Gansu,0.232520841592968,0.604330530446705,-4.41230165837185,-3.80797112792514
2382,Gansu,0.294049181916117,0.728174585561102,-2.32817462065982,-1.60000003509871
2383,Gansu,0.3213109530821,0.777311976187913,2.123412706904,2.90072468309191
2384,Gansu,0.36085859312053,0.868685317510485,4.14761911548438,5.01630443299486
2385,Gansu,0.377053157677142,0.894893080740395,7.32539691944562,8.22029000018602
2386,Inner Mongolia,0.409090914355724,0.966373369791863,5.6908731200688,6.65724648986066
2387,Inner Mongolia,0.488153260036792,1.13590404752249,7.19960332981178,8.33550737733427
2388,Inner Mongolia,0.260562139846708,0.597463743482237,7.27500017277069,7.87246391625292
2389,Inner Mongolia,0.261736962388011,0.619530774051359,8.20873027738361,8.82826105143497
2390,Inner Mongolia,0.267325425577801,0.613008964477714,8.4503969656274,9.06340593010511
2391,Gansu,0.43018224901983,0.973447161913688,9.02619065982955,9.99963782174324
2392,Inner Mongolia,0.430314016184448,0.974603175436931,9.00873031597289,9.98333349140982
2393,Inner Mongolia,0.430149330513378,0.975638408429813,9.21349221157531,10.1891306200051
2394,Inner Mongolia,0.460210808190824,1.06542441847665,8.59761919956359,9.66304361804024
2395,Inner Mongolia,0.436122097509357,1.00969635263687,7.42182551413065,8.43152186676752
2396,Inner Mongolia,0.4904699130266,1.11076604693567,8.4595239550644,9.57029000200007
2397,Inner Mongolia,0.438932819737773,1.01278471900182,7.98214298587233,8.99492770487416
2398,Inner Mongolia,0.442962226678352,1.01871978840164,7.50555569580978,8.52427548421142
2399,Inner Mongolia,0.454117249847145,1.05236367833993,7.16031758844971,8.21268126678963
2400,Inner Mongolia,0.400296441494901,0.893771558946026,7.42579379243155,8.31956535137758
2401,Inner Mongolia,0.354611349542006,0.804347882683602,7.30000010984284,8.10434799252645
2402,Shaanxi,0.35662056547154,0.79905110577814,7.70674618499147,8.50579729076961
2403,Shaanxi,0.365250320891618,0.81083504793159,7.5920636421513,8.40289869008289
2404,Shanxi,0.315667564437926,0.668495558735734,7.88730173472256,8.55579729345829
2405,Shanxi,0.401427326239662,0.874275408077181,5.5666667606445,6.44094216872169
2406,Shanxi,0.386627153882435,0.843875092907382,6.90793660957189,7.75181170247927
2407,Shanxi,0.339119474674736,0.673222962164,5.66626992676821,6.33949288893221
2408,Shanxi,0.353546338128871,0.757229131926044,4.72103183006957,5.47826096199561
2409,Hebei,0.349451022578479,0.748171157143841,6.97103186563722,7.71920302278106
2410,Hebei,0.342325462815325,0.733385152373083,8.22023823561649,8.95362338798958
2411,Hebei,0.338416782283454,0.648205658958242,13.4039684702007,14.0521741291589
2412,Hebei,0.333179657373268,0.697291319548384,13.4103176496805,14.1076089692289
2413,Tianjin,0.337878804939374,0.665752286816451,13.4313494113407,14.0971016981571
2414,Tianjin,0.331895041653742,0.652191191465635,13.312301784606,13.9644929760716
2415,Xinjiang,0.348945997378899,0.934575616439266,-2.84761910128688,-1.91304348484762
2416,Xinjiang,0.352195882368923,0.916114587919096,-3.41031752730764,-2.49420293938855
2417,Xinjiang,0.437154158307702,1.1193409364997,-2.35158733396776,-1.23224639746806
2418,Xinjiang,0.439437866763105,1.12425814757061,-3.16230162626339,-2.03804347869279
2419,Xinjiang,0.414942916057314,1.06150799779526,9.19682553126699,10.2583335290622
2420,Xinjiang,0.445641206675583,1.13540375795475,11.4928573306413,12.6282610885961
2421,Xinjiang,0.447200254633284,1.13473083042354,12.3380954369666,13.4728262673901
2422,Xinjiang,0.453667096038613,1.14832641683735,13.1150795773913,14.2634059942287
2423,Xinjiang,0.44407116633185,1.1140960020375,12.9337303066656,14.0478263087031
2424,Xinjiang,0.400856397300795,1.03907871443786,12.6797620892702,13.7188408037081
2425,Xinjiang,0.405204218687538,0.97179094361999,12.2119049259003,13.1836958695203
2426,Xinjiang,0.400658765246582,0.957815735316158,11.8059525511686,12.7637682864847
2427,Xinjiang,0.486352658116855,1.19442719364573,11.6432541785318,12.8376813721776
2428,Xinjiang,0.380313990487962,0.9064009052369,11.4472224514872,12.3536233567241
2429,Xinjiang,0.467028973818801,1.13643888706757,11.2976192342975,12.4340581213651
2430,Xinjiang,0.38056655821943,0.93988965646723,11.1829366586984,12.1228263151656
2431,Xinjiang,0.340920071244782,0.815873021609557,10.8757938578252,11.6916668794347
2432,Xinjiang,0.394005273613174,0.977984841375658,10.6281747668686,11.6061596082442
2433,Xinjiang,0.388801064726732,0.967080772284282,10.5619049319436,11.5289857042279
2434,Xinjiang,0.258454108919145,0.647826085541993,11.6083334988604,12.2561595844024
2435,Xinjiang,0.385463354362237,0.921911680906387,11.7730160647678,12.6949277456742
2436,Xinjiang,0.38816426481052,0.953019361103596,11.3777779409337,12.3307973020373
2437,Xinjiang,0.336341670014497,0.870928218349135,3.0468254582513,3.91775367660043
2438,Xinjiang,0.216974093244592,0.597619046046405,0.902380954385513,1.50000000043192
2439,Xinjiang,0.345311825663885,0.839372025980126,0.59722221935434,1.43659424533447
2440,Xinjiang,0.225570919370907,0.595289840755677,6.30833346612515,6.90362330688083
2441,Xinjiang,0.225592889099476,0.594323683679207,5.20277789063633,5.79710157431554
2442,Xinjiang,0.226273605687528,0.593202224578466,4.86150801542496,5.45471024000343
2443,Xinjiang,0.227382524929643,0.597429289935663,3.97539690873098,4.57282619866664
2444,Gansu,0.267446218232706,0.731884103538333,3.00000003973643,3.73188414327476
2445,Gansu,0.148847160190115,0.484299493790331,0.0638889040324896,0.548188397822821
2446,Gansu,0.144916562743887,0.46683919296733,-2.58531750170958,-2.11847830874224
2447,Gansu,0.191007899779779,0.54704967192056,0.913095254805826,1.46014492672639
2448,Gansu,0.288548536207666,0.745945490257823,-1.26587304265963,-0.519927552401804
2449,Gansu,0.315162511969449,0.756625289637326,1.58214289819201,2.33876818782933
2450,Gansu,0.374198525092046,0.849275396864288,0.858333346153063,1.70760874301735
2451,Gansu,0.356280201798993,0.819737770921809,1.69801591658994,2.51775368751175
2452,Gansu,0.385584112714042,0.882022108171801,0.781746032751269,1.66376814092307
2453,Gansu,0.378096183214695,0.872688059560733,2.52658736534298,3.39927542490372
2454,Gansu,0.409101876358637,0.934817103999414,5.49960327979236,6.43442038379178
2455,Gansu,0.424824349046388,0.96337132664684,7.65873028447349,8.62210161112033
2456,Gansu,0.359639881294078,0.866890969915666,7.02658742790421,7.89347839781987
2457,Inner Mongolia,0.386330706870276,0.920082847332598,7.28571440433226,8.20579725166486
2458,Inner Mongolia,0.410199847663796,0.967805445853692,8.01190487747746,8.97971032333115
2459,Inner Mongolia,0.424868280459875,0.995134655498049,8.58095251360819,9.57608716910624
2460,Inner Mongolia,0.424253421344377,0.976587335991089,8.64007949370832,9.61666682969941
2461,Inner Mongolia,0.377514295017393,0.863302324876045,7.55119061511424,8.41449293999028
2462,Inner Mongolia,0.384058003306886,0.891528720192977,7.73492072342289,8.62644944361587
2463,Inner Mongolia,0.403162078071364,0.943616364475176,8.05674615502358,9.00036251949875
2464,Inner Mongolia,0.431543711740581,0.978450674285986,8.62698428031235,9.60543495459833
2465,Inner Mongolia,0.455138333678428,1.05136300410029,8.09682552176454,9.14818852586483
2466,Inner Mongolia,0.436176982296399,1.00864389594169,9.5797620752442,10.5884059711859
2467,Inner Mongolia,0.439218259650885,1.01780534913703,9.21190494204324,10.2297102911803
2468,Inner Mongolia,0.472935887200035,1.08685300391736,8.10952394263494,9.19637694655229
2469,Inner Mongolia,0.440711474632636,1.01972052223178,6.76904773862944,7.78876826086122
2470,Inner Mongolia,0.440360132835521,1.0091615242201,7.2488096590553,8.2579711832754
2471,Inner Mongolia,0.429874863797045,0.982574247742899,6.75039694425724,7.73297119200014
2472,Inner Mongolia,0.431532728037076,0.983298868885724,6.52539695178469,7.50869582067041
2473,Inner Mongolia,0.414251243051012,0.928019387914888,6.81111120870189,7.73913059661678
2474,Inner Mongolia,0.397913930624344,0.925845431406863,7.01944455814858,7.94528998955545
2475,Inner Mongolia,0.357246360036008,0.795324300329046,7.44126998065483,8.23659428098388
2476,Inner Mongolia,0.338801043240626,0.711801205800935,5.69761915972072,6.40942036552166
2477,Shanxi,0.320245937196817,0.655538291296954,5.15714295498199,5.81268124627894
2478,Shanxi,0.322804144648676,0.66119743134824,5.84206357113426,6.5032610024825
2479,Shanxi,0.277086084193214,0.557453450208865,7.5726191797072,8.13007262991606
2480,Shanxi,0.31577733365535,0.609868854133886,5.061508044157,5.67137689829089
2481,Shanxi,0.318170835315972,0.612543142090241,5.26825407085319,5.88079721294344
2482,Hebei,0.328414588607111,0.699447940682811,11.4230160387381,12.1224639794209
2483,Hebei,0.327108074894169,0.69197731900233,13.0380953804309,13.7300726994332
2484,Hebei,0.361308736280817,0.757591440318585,13.2710319603424,14.028623400661
2485,Hebei,0.334672816736615,0.643064190629099,13.2797621192618,13.9228263098909
2486,Tianjin,0.380215200860189,0.790010347122969,13.3190478508967,14.1090581980196
2487,Xinjiang,0.294312698788676,0.794133912400438,-5.3158731290568,-4.52173921665636
2488,Xinjiang,0.34892403215111,0.918530051554685,-2.48809527262809,-1.5695652210734
2489,Xinjiang,0.431917014226259,1.10172536972013,4.5301588130967,5.63188418281683
2490,Xinjiang,0.4348265299059,1.10862665082244,6.32579375383636,7.4344204046588
2491,Xinjiang,0.437790948445231,1.1169772116317,7.42142872663126,8.53840593826296
2492,Xinjiang,0.439723345173337,1.11521747035248,12.625000168052,13.7402176384045
2493,Xinjiang,0.444147992964227,1.12636297451701,12.9384922923313,14.0648552668483
2494,Xinjiang,0.434233667760872,1.0974293036619,12.9753970128913,14.0728263165532
2495,Xinjiang,0.447573573418946,1.12739822169762,13.093254214951,14.2206524366486
2496,Xinjiang,0.444202907468516,1.11564876002005,13.0992065388118,14.2148552988318
2497,Xinjiang,0.442929318110096,1.11230166545915,12.7376985726139,13.850000238073
2498,Xinjiang,0.399000905010788,0.958109065514959,12.306746207769,13.2648552732839
2499,Xinjiang,0.486078172979396,1.19934437523054,12.2325399034612,13.4318842786918
2500,Xinjiang,0.388471664873115,0.925724654082462,11.7583335027808,12.6840581568633
2501,Xinjiang,0.380313990487962,0.9064009052369,11.4472224514872,12.3536233567241
2502,Xinjiang,0.365360115861318,0.865683219041429,11.5071430335501,12.3728262525916
2503,Xinjiang,0.385606052828433,0.947032412820032,11.4007938642883,12.3478262771083
2504,Xinjiang,0.398133520969485,0.984817134645779,11.2496033218054,12.2344204564511
2505,Xinjiang,0.256543710169317,0.649844764745321,11.0059525432686,11.6557973080139
2506,Xinjiang,0.298989891434119,0.690924796988586,11.2710319155502,11.9619567125388
2507,Xinjiang,0.389350026580892,0.927277447803627,11.6154763901991,12.5427538380027
2508,Xinjiang,0.292501077468216,0.72044508214436,11.9273811980845,12.6478262802289
2509,Xinjiang,0.26167108205572,0.636249201131884,12.3706350729816,13.0068842741134
2510,Xinjiang,0.367226612622055,0.947377518442854,12.4718256164047,13.4192031348475
2511,Xinjiang,0.265810255510965,0.655520994252196,12.1448414898995,12.8003624841517
2512,Xinjiang,0.350977155268291,0.828640428666745,9.55396843470988,10.3826088633766
2513,Xinjiang,0.225570919370907,0.595289840755677,6.30833346612515,6.90362330688083
2514,Xinjiang,0.395026333698799,0.928502383377731,12.3555557846668,13.2840581680446
2515,Xinjiang,0.395959598124747,0.909489311468118,11.3492065596557,12.2586958711238
2516,Xinjiang,0.396234078813781,0.904934443629829,10.5849208302264,11.4898552738562
2517,Xinjiang,0.271190163266727,0.731953061129859,8.82420653495051,9.55615959608036
2518,Gansu,0.354150194990488,0.912508628381902,8.19365094155664,9.10615956993855
2519,Gansu,0.280522606287726,0.741821905342235,8.08571444280327,8.82753634814551
2520,Gansu,0.288394834840532,0.747291283457031,8.2186509374943,8.96594222095133
2521,Gansu,0.30465525558049,0.711680496495868,6.67817472193449,7.38985521843036
2522,Gansu,0.298342118398023,0.702398204742793,2.60158733559388,3.30398554033667
2523,Gansu,0.374198525092046,0.849275396864288,0.858333346153063,1.70760874301735
2524,Gansu,0.3897672404466,0.883160794855677,7.09365091224511,7.97681170710079
2525,Gansu,0.392292500325087,0.897670830866701,7.73928584519123,8.63695667605793
2526,Gansu,0.387823899339133,0.895945492927487,8.60079381694751,9.496739309875
2527,Gansu,0.403722017645168,0.930417585896883,8.84603187199386,9.77644945789075
2528,Gansu,0.426657881810247,0.972170488650505,8.49087316063898,9.46304364928949
2529,Gansu,0.433311400901515,0.988095286350472,8.57023823252392,9.55833351887439
2530,Inner Mongolia,0.403985524716139,0.956349226200709,8.46865093583862,9.42500016203933
2531,Inner Mongolia,0.41863197033352,0.981659723965107,8.59007955552448,9.57173927948959
2532,Inner Mongolia,0.427184895689603,0.998878545409971,8.93373029773671,9.93260884314668
2533,Inner Mongolia,0.423397048566692,0.97398214510612,8.56587314744672,9.53985529255284
2534,Inner Mongolia,0.383388224132702,0.873119401773137,8.20912711647531,9.08224651824845
2535,Inner Mongolia,0.389712349553811,0.897981408295744,7.81904775167387,8.71702915996961
2536,Inner Mongolia,0.430226177566136,0.971670139156757,7.17579377682081,8.14746391597757
2537,Inner Mongolia,0.456708407076137,1.03316086474125,7.54365090248249,8.57681176722374
2538,Inner Mongolia,0.456730348298953,1.03362664507073,8.00079378396982,9.03442042904056
2539,Inner Mongolia,0.455467743516871,1.03605939428469,8.24365094682527,9.27971034110996
2540,Inner Mongolia,0.436264834099653,1.00840235800657,9.00753981005105,10.0159421680576
2541,Inner Mongolia,0.438713206615517,1.01609724448201,8.81071448745945,9.82681173194146
2542,Inner Mongolia,0.439931929296354,1.0181677163925,7.82023822971516,8.83840594610766
2543,Inner Mongolia,0.444345643878847,1.02070395785125,7.82857155004546,8.84927550789671
2544,Inner Mongolia,0.438208194041349,0.99770538127365,7.16388898446328,8.16159436573693
2545,Inner Mongolia,0.434475199971798,0.988923410030841,7.26904775920723,8.25797116923807
2546,Inner Mongolia,0.437922698958929,0.993322946415319,7.67261922436338,8.6659421707787
2547,Inner Mongolia,0.394488384120974,0.886369966018076,7.87341280816685,8.75978277418493
2548,Inner Mongolia,0.411198968432605,0.915441747993909,7.85992074731205,8.77536249530596
2549,Inner Mongolia,0.378908651650646,0.82553485129093,6.73134931750477,7.5568841687957
2550,Inner Mongolia,0.316304357004993,0.648706036846728,5.41071439413206,6.05942043097879
2551,Shanxi,0.315985941874959,0.648533448206712,5.02103187445374,5.66956532266045
2552,Shanxi,0.281697413790439,0.573792289973354,6.41388901349689,6.98768130347025
2553,Shanxi,0.31577733365535,0.609868854133886,5.061508044157,5.67137689829089
2554,Hebei,0.316205533535486,0.600155287745536,5.01904771710554,5.61920300485107
2555,Hebei,0.314152394407901,0.596894418903009,7.36071442345541,7.95760884235842
2556,Beijing,0.311835735925049,0.5961352449908,9.99444462107642,10.5905798660672
2557,Beijing,0.363405801314937,0.761473439014251,12.5888890887773,13.3503625277916
2558,Beijing,0.345487497221771,0.689975873898176,12.7611112877845,13.4510871616827
2559,Tianjin,0.391436086749993,0.825017214659537,12.8206351625896,13.6456523772491
2560,Hebei,0.353381644046857,0.714389238361299,11.7928573310316,12.5072465693929
2561,Hebei,0.385704876710225,0.804089024814656,11.248809732615,12.0528987574297
2562,Hebei,0.375702673371359,0.759799875663509,10.7373017324874,11.4971016081509
2563,Xinjiang,0.338230119137929,0.91913386413749,-4.63253974615936,-3.71340588202187
2564,Xinjiang,0.396036446807832,0.990338175968261,-3.34722228587738,-2.35688410990912
2565,Xinjiang,0.34892403215111,0.918530051554685,-2.48809527262809,-1.5695652210734
2566,Xinjiang,0.363153268006001,0.958074533797704,3.28214292322832,4.24021745702603
2567,Xinjiang,0.433014953918804,1.10046588927456,8.65714301529621,9.75760890457077
2568,Xinjiang,0.404062372790613,1.04584198807198,10.9019843007305,11.9478262888025
2569,Xinjiang,0.439723345173337,1.11521747035248,12.625000168052,13.7402176384045
2570,Xinjiang,0.468972319000035,1.13573152278059,12.8682542067199,14.0039857295004
2571,Xinjiang,0.469071151386843,1.13450655908297,12.9448414829574,14.0793480420404
2572,Xinjiang,0.432828304684628,1.09070054530645,12.8444446136081,13.9351451589146
2573,Xinjiang,0.433673719432553,1.08945831218754,12.7920636656206,13.8815219778082
2574,Xinjiang,0.475010973326518,1.13952720625965,12.5329367417014,13.6724639479611
2575,Xinjiang,0.440041734283601,1.09064875083305,12.449206524632,13.5398552754651
2576,Xinjiang,0.441073771899907,1.09679084059476,12.286905025265,13.3836958658598
2577,Xinjiang,0.44957180858496,1.11490683454,11.953571642202,13.068478476742
2578,Xinjiang,0.376526123801959,0.902846783921484,11.7047620995177,12.6076088834392
2579,Xinjiang,0.383080831945244,0.942770939105651,11.7289684126006,12.6717393517062
2580,Xinjiang,0.271914790917415,0.675051730549061,11.6619049724605,12.3369567030096
2581,Xinjiang,0.264119463377634,0.662387880607877,11.6075398625126,12.2699277431205
2582,Xinjiang,0.393434358146377,0.978140122392793,11.4472224155057,12.4253625378985
2583,Xinjiang,0.39084322483892,0.970565918533506,11.4301589193739,12.4007248379074
2584,Xinjiang,0.389350026580892,0.927277447803627,11.6154763901991,12.5427538380027
2585,Xinjiang,0.289393944041636,0.714216708750039,11.8531748370992,12.5673915458492
2586,Xinjiang,0.348078626498815,0.807142899900656,12.142857321198,12.9500002210987
2587,Xinjiang,0.279655240356699,0.693978603682471,12.2734128960541,12.9673914997366
2588,Xinjiang,0.351888451212341,0.900776416830732,12.4785716069774,13.3793480238081
2589,Xinjiang,0.321519526951162,0.752191117849634,12.7873018324257,13.5394929502753
2590,Xinjiang,0.395278874748714,0.937284334092876,13.108730319237,14.0460146533298
2591,Xinjiang,0.395026333698799,0.928502383377731,12.3555557846668,13.2840581680446
2592,Xinjiang,0.409365400797117,0.933264309044201,13.0674605246574,14.0007248337016
2593,Xinjiang,0.282213449281823,0.756590771141129,12.1158731990745,12.8724639702156
2594,Xinjiang,0.279040404965591,0.746325066508538,11.9547620790582,12.7010871455667
2595,Gansu,0.361045254203812,0.921376847972473,11.6000001678864,12.5213770158589
2596,Gansu,0.287725069093427,0.751501019347362,10.8619049358522,11.6134059551995
2597,Gansu,0.317665795286399,0.732022095922824,10.3400795541349,11.0721016500577
2598,Gansu,0.309694783892164,0.718840625832527,9.98333353277237,10.7021741586049
2599,Gansu,0.300340362245746,0.701949599454162,9.1400795135174,9.84202911297156
2600,Gansu,0.37201360743092,0.820703935140346,8.43690489303498,9.25760882817533
2601,Gansu,0.3897672404466,0.883160794855677,7.09365091224511,7.97681170710079
2602,Gansu,0.392292500325087,0.897670830866701,7.73928584519123,8.63695667605793
2603,Gansu,0.394653063063781,0.912836462923882,7.36904774493878,8.28188420786266
2604,Gansu,0.406488809575886,0.937060049704803,7.26547630864476,8.20253635834957
2605,Gansu,0.418291614696442,0.962784671320421,6.74047634718082,7.70326101850124
2606,Gansu,0.424516911161543,0.971618370951932,8.39722233945652,9.36884071040845
2607,Gansu,0.421179177749985,0.990942026644666,9.12500016817025,10.1159421948149
2608,Inner Mongolia,0.432784368757274,1.00955829997801,9.42341288066809,10.4329711806461
2609,Inner Mongolia,0.441798413228809,1.0271566359235,9.57103193527649,10.5981885712
2610,Inner Mongolia,0.440634613796957,1.02158388790075,8.99761919145073,10.0192030793515
2611,Inner Mongolia,0.388658304780158,0.892028955905968,7.73333348922195,8.62536244512792
2612,Inner Mongolia,0.391941128515417,0.896946114489875,7.84761926948669,8.74456538397657
2613,Inner Mongolia,0.404677205852801,0.898084892321242,8.09285731477633,8.99094220709758
2614,Inner Mongolia,0.432202456873213,0.979416852616406,7.72420645922068,8.70362331183708
2615,Inner Mongolia,0.452689950159298,1.02631127674408,7.94325406701555,8.96956534375963
2616,Inner Mongolia,0.428864741472132,0.98124569643924,7.29484139628235,8.27608709272159
2617,Inner Mongolia,0.435166894676238,1.00498622927745,6.40515883772501,7.41014506700246
2618,Inner Mongolia,0.434233616208056,1.00481358790234,8.14047637936615,9.14528996726849
2619,Inner Mongolia,0.444334676060589,1.01271571789459,8.40793661297196,9.42065233086654
2620,Inner Mongolia,0.433047864760355,0.996859901575045,8.02777791236128,9.02463781393633
2621,Inner Mongolia,0.400461120679843,0.923809490750851,7.63452395078327,8.55833344153412
2622,Inner Mongolia,0.400021971650438,0.926483811104891,6.69960328102821,7.62608709213311
2623,Inner Mongolia,0.406400983995272,0.932746760440468,6.69841279864075,7.63115955908121
2624,Inner Mongolia,0.433344327303555,0.981418282521169,5.59285721091169,6.57427549343286
2625,Inner Mongolia,0.430819051260874,0.971877128934761,4.94841285333747,5.92028998227223
2626,Inner Mongolia,0.386506365248128,0.851846088211165,6.41626997011167,7.26811605832283
2627,Inner Mongolia,0.383289423503299,0.841269836427478,4.61706360021517,5.45833343664265
2628,Inner Mongolia,0.309804565705552,0.636766745248043,4.34801596172509,4.98478270697313
2629,Inner Mongolia,0.281697413790439,0.573792289973354,6.41388901349689,6.98768130347025
2630,Shanxi,0.281324116088577,0.569030365758186,6.1853175504754,6.75434791623359
2631,Hebei,0.311429530156381,0.590010403890067,6.5357143859719,7.12572478986197
2632,Hebei,0.30936538779574,0.586732203552205,7.5484128689896,8.13514507254181
2633,Hebei,0.320893719792366,0.621428588029891,8.77023824239298,9.39166683042287
2634,Beijing,0.347683358625015,0.736542424111219,10.9547621172572,11.6913045413684
2635,Beijing,0.355379884049859,0.71815043585754,11.8579366839831,12.5760871198406
2636,Tianjin,0.392248572924837,0.827570718319109,10.4412700192678,11.2688407375869
2637,Hebei,0.360946428816034,0.711680484785239,10.5698414508786,11.2815219356638
2638,Hebei,0.355621437338043,0.7119220549188,9.85039698521769,10.5623190401365
2639,Hebei,0.375702673371359,0.759799875663509,10.7373017324874,11.4971016081509
2640,Liaoning,0.335441354262984,0.662146277539303,10.1436510067137,10.8057972842531
2641,Liaoning,0.34281949096776,0.676276761055085,9.50198431978268,10.1782610808378
2642,Xinjiang,0.431664487501614,1.09763634871895,-1.07698416774945,0.0206521809694992
2643,Xinjiang,0.351932375768317,0.936438953614517,-0.752380978966516,0.184057974648001
2644,Xinjiang,0.363153268006001,0.958074533797704,3.28214292322832,4.24021745702603
2645,Xinjiang,0.43386033204616,1.0968944053773,10.1773811330398,11.2742755384171
2646,Xinjiang,0.406763298781388,1.05210494208153,12.16746051781,13.2195654598915
2647,Xinjiang,0.408937204540837,1.04977572074043,12.4484129055507,13.4981886262911
2648,Xinjiang,0.422364943848532,1.07708759590587,12.6051589786592,13.6822465745651
2649,Xinjiang,0.461089143446095,1.11576945975222,12.8103176838763,13.9260871436285
2650,Xinjiang,0.464547650347847,1.12401655822571,12.6571430621284,13.7811596203541
2651,Xinjiang,0.466853315484304,1.12258453494783,12.5111113627929,13.6336958977407
2652,Xinjiang,0.475010973326518,1.13952720625965,12.5329367417014,13.6724639479611
2653,Xinjiang,0.435254714458683,1.07865764381939,12.2496034325588,13.3282610763782
2654,Xinjiang,0.435518226923717,1.07774326509524,12.1976193047705,13.2753625698658
2655,Xinjiang,0.503524389837819,1.23638720046845,12.2190478167364,13.4554350172048
2656,Xinjiang,0.372924933607576,0.889561839082928,12.0575398665572,12.9471017056401
2657,Xinjiang,0.383080831945244,0.942770939105651,11.7289684126006,12.6717393517062
2658,Xinjiang,0.37848046180687,0.937819208319921,11.9400795472579,12.8778987555778
2659,Xinjiang,0.393489244861506,0.976449302372602,11.8916668623154,12.868116164688
2660,Xinjiang,0.31512955994029,0.732643195582851,11.8662700078021,12.598913203385
2661,Xinjiang,0.311056207194696,0.721549330970815,11.8813493824194,12.6028987133903
2662,Xinjiang,0.393599032608855,0.962853739988073,11.8230160772209,12.785869817209
2663,Xinjiang,0.289393944041636,0.714216708750039,11.8531748370992,12.5673915458492
2664,Xinjiang,0.268961347120114,0.647170457798726,11.7742065666391,12.4213770244379
2665,Xinjiang,0.350054892271652,0.827432674380869,12.0261906759725,12.8536233503533
2666,Xinjiang,0.259123833584985,0.612456815193868,12.2567462500717,12.8692030652656
2667,Xinjiang,0.25820157667037,0.608126295645628,12.5190478312295,13.1271741268751
2668,Xinjiang,0.256895042412707,0.640182925443494,12.642063665189,13.2822465906325
2669,Xinjiang,0.309497157686836,0.731590809898284,13.1658731981048,13.897464008003
2670,Xinjiang,0.409365400797117,0.933264309044201,13.0674605246574,14.0007248337016
2671,Xinjiang,0.305467715350273,0.711318145124945,11.2698414628764,11.9811596080013
2672,Xinjiang,0.301471247459235,0.705866131247674,10.2742065381673,10.9800726694149
2673,Xinjiang,0.28571585334713,0.755106964025819,10.4329366885894,11.1880436526153
2674,Xinjiang,0.325483093259069,0.736714964677253,8.63611127282419,9.37282623750144
2675,Gansu,0.320421595528859,0.728605902738988,8.67103192180632,9.39963782454531
2676,Gansu,0.332367166803988,0.77141134160024,8.34127001434801,9.11268135594825
2677,Gansu,0.299582782694329,0.695703926053366,8.47023823916439,9.16594216521776
2678,Gansu,0.378063236688397,0.831038645506576,8.00555570737,8.83659435287658
2679,Gansu,0.396069403322226,0.895738459727616,6.98650806231631,7.88224652204393
2680,Gansu,0.403249899931595,0.915786754626593,6.76428585262999,7.68007260725658
2681,Gansu,0.394653063063781,0.912836462923882,7.36904774493878,8.28188420786266
2682,Inner Mongolia,0.41016689073139,0.946480354877782,7.53214299938982,8.4786233542676
2683,Inner Mongolia,0.419861654115806,0.965372650979861,7.73571445015333,8.70108710113319
2684,Inner Mongolia,0.423715423277244,0.970358922455416,8.37420648368933,9.34456540614475
2685,Inner Mongolia,0.430401842742602,0.985800547571564,9.05912713963716,10.0449276872087
2686,Inner Mongolia,0.445729037386856,1.03202207577772,9.24007952310854,10.2721015988863
2687,Inner Mongolia,0.451075946971067,1.0411490095706,9.44761925394691,10.4887682635175
2688,Inner Mongolia,0.455994723274727,1.04974118747033,9.18214302634199,10.2318842138123
2689,Inner Mongolia,0.416886236759939,0.925897147592604,9.04801604456253,9.97391319215514
2690,Inner Mongolia,0.413713246473504,0.917684661054802,9.24246043224065,10.1601450932955
2691,Inner Mongolia,0.411638129561433,0.912974487563366,9.40912712111123,10.3221016086746
2692,Inner Mongolia,0.408893267960698,0.908609373992459,9.92182556557514,10.8304349395676
2693,Inner Mongolia,0.402964435270744,0.897015185497082,9.3301589065601,10.2271740920572
2694,Inner Mongolia,0.39774923720984,0.895255337475065,8.36706368571945,9.26231902319452
2695,Inner Mongolia,0.452382528032906,1.03153901493847,6.21230170402735,7.24384071896582
2696,Inner Mongolia,0.428425577336241,0.989372012819233,4.14722230309059,5.13659431590982
2697,Inner Mongolia,0.432004839155723,0.979727393666666,6.41230172723059,7.39202912089725
2698,Inner Mongolia,0.401054017882194,0.921118016170277,6.9488096440004,7.86992766017067
2699,Inner Mongolia,0.420915685435384,0.945289865804588,6.84166678638449,7.78695665218908
2700,Inner Mongolia,0.419817747138392,0.94018290466208,5.25039690248077,6.19057980714285
2701,Inner Mongolia,0.451460265096802,1.04076952004922,4.41031754348013,5.45108706352935
2702,Inner Mongolia,0.409563020736365,0.915269157076043,4.07857155090287,4.99384070797891
2703,Inner Mongolia,0.447771196650749,1.03312632192268,3.54404766899016,4.57717399091284
2704,Inner Mongolia,0.313295998867007,0.643702531432678,3.00158739326492,3.6452899246976
2705,Inner Mongolia,0.383289423503299,0.841269836427478,4.61706360021517,5.45833343664265
2706,Inner Mongolia,0.309804565705552,0.636766745248043,4.34801596172509,4.98478270697313
2707,Inner Mongolia,0.31150636141224,0.635748763939557,5.02222232730497,5.65797109124453
2708,Inner Mongolia,0.311023287575726,0.590148375523223,6.03412706399011,6.62427543951334
2709,Hebei,0.320388696786731,0.619116666025546,7.5468255338806,8.16594219990615
2710,Hebei,0.319016258384857,0.617098011670337,6.09087312407792,6.70797113574825
2711,Hebei,0.351010101820765,0.695928243732529,5.78015882986051,6.47608707359304
2712,Beijing,0.34852877231687,0.689475515187611,7.17936520458805,7.86884071977566
2713,Beijing,0.347826073904917,0.69886123620133,8.77976209868396,9.47862333488529
2714,Hebei,0.392193681709747,0.829899943454915,8.41031763942114,9.24021758287605
2715,Hebei,0.37833772915128,0.790648715043524,8.96587316925445,9.75652188429798
2716,Hebei,0.355621437338043,0.7119220549188,9.85039698521769,10.5623190401365
2717,Hebei,0.351646885156409,0.711283580916163,9.27023826675519,9.98152184767135
2718,Liaoning,0.34935223544405,0.705503839165168,9.9408732093575,10.6463770485227
2719,Liaoning,0.348649537387939,0.641977206237609,9.01309541068853,9.65507261692614
2720,Liaoning,0.3304018450424,0.641390654850385,9.59484144814667,10.2362321029971
2721,Liaoning,0.35669740042324,0.656763250941475,9.63888905552172,10.2956523064632
2722,Liaoning,0.303798848418718,0.625207001600458,9.88928591536861,10.5144929169691
2723,Xinjiang,0.405808093951468,1.00854040290376,-3.37738100743838,-2.36884060453462
2724,Xinjiang,0.404161173492003,1.00213942344489,-4.71626992769066,-3.71413050424578
2725,Xinjiang,0.41133068909817,1.00979984982943,3.57063497455111,4.58043482438054
2726,Xinjiang,0.407367160011264,0.995807474979127,12.2940477922795,13.2898552672587
2727,Xinjiang,0.4008673798108,1.01026570777813,12.4111113027034,13.4213770104815
2728,Xinjiang,0.399022873144206,1.00785032169877,12.5388890419392,13.546739363638
2729,Xinjiang,0.396783035943841,1.00162179890205,12.7063494053861,13.7079712042882
2730,Xinjiang,0.453271855898349,1.09849898345008,12.7547621027759,13.8532610862259
2731,Xinjiang,0.459014061057992,1.10762596851777,12.7539684538922,13.8615944224099
2732,Xinjiang,0.459508118302703,1.10672874951811,12.5559526094428,13.6626813589609
2733,Xinjiang,0.466480015774189,1.12180814106889,12.3742065631031,13.4960147041719
2734,Xinjiang,0.435254714458683,1.07865764381939,12.2496034325588,13.3282610763782
2735,Xinjiang,0.428919643166135,1.06344032467949,12.1329367235894,13.1963770482689
2736,Xinjiang,0.482894173520219,1.16863356453024,12.3107144859812,13.4793480505114
2737,Xinjiang,0.424901185536795,1.04818840159952,12.308333539744,13.3565219413435
2738,Xinjiang,0.348122551680579,0.830486584682301,12.153571630695,12.9840582153773
2739,Xinjiang,0.37848046180687,0.937819208319921,11.9400795472579,12.8778987555778
2740,Xinjiang,0.395564313840528,0.976673511641707,12.159920846866,13.1365943585077
2741,Xinjiang,0.288306970175455,0.669996506203507,12.1908732431512,12.8608697493547
2742,Xinjiang,0.268961341409475,0.66331949530284,12.1551589416488,12.8184784369516
2743,Xinjiang,0.403919644856667,0.977070416965933,12.026190662047,13.0032610790129
2744,Xinjiang,0.390667547429693,1.02058315988992,11.8591271894319,12.8797103493218
2745,Xinjiang,0.268961347120114,0.647170457798726,11.7742065666391,12.4213770244379
2746,Xinjiang,0.353996473989095,0.83307448378909,11.5571430681185,12.3902175519076
2747,Xinjiang,0.346332894166997,0.806746029570759,11.4349208394332,12.2416668690039
2748,Xinjiang,0.348177437228386,0.803882019195818,11.4345239949605,12.2384060141563
2749,Xinjiang,0.331993855240677,0.763992399676573,11.7349208115585,12.4989132112351
2750,Xinjiang,0.338274060630314,0.858833737790924,12.2317461994078,13.0905799371987
2751,Xinjiang,0.314580579759077,0.778847456911647,12.5765875178788,13.3554349747905
2752,Xinjiang,0.305467715350273,0.711318145124945,11.2698414628764,11.9811596080013
2753,Xinjiang,0.324374175752805,0.819789479938487,10.3765875004114,11.1963769803499
2754,Xinjiang,0.455786124661198,1.05467562811427,9.47539698743513,10.5300726155494
2755,Xinjiang,0.324813364042549,0.731901335089709,9.72063509741473,10.4525364325044
2756,Gansu,0.320125159765375,0.797912348333032,8.08650809307657,8.8844204414096
2757,Gansu,0.373495818216797,0.83647341792021,6.33055566337019,7.1670290812904
2758,Gansu,0.377876591835568,0.846118023347821,5.47380963435012,6.31992765769794
2759,Gansu,0.357015791293896,0.814820537805105,4.64206359594587,5.45688413375098
2760,Gansu,0.389844097174969,0.853364412146417,4.22380961229404,5.07717402444046
2761,Gansu,0.40596177440904,0.927363665081596,5.08531758085721,6.01268124593881
2762,Inner Mongolia,0.411747927224074,0.940527973520481,6.72142870523154,7.66195667875202
2763,Inner Mongolia,0.41016689073139,0.946480354877782,7.53214299938982,8.4786233542676
2764,Inner Mongolia,0.419861654115806,0.965372650979861,7.73571445015333,8.70108710113319
2765,Inner Mongolia,0.421124295652612,0.966252620277311,8.99642873726903,9.96268135754634
2766,Inner Mongolia,0.425483094061224,0.975845436903013,9.05277793854475,10.0286233754478
2767,Inner Mongolia,0.427821689203126,0.981538997619854,9.13730175225508,10.1188407498749
2768,Inner Mongolia,0.467270536207523,1.07230849270989,9.27261920166867,10.3449276943786
2769,Inner Mongolia,0.46781949312326,1.05938577084957,9.43373032195109,10.4931160928007
2770,Inner Mongolia,0.452569159773597,1.01816771057704,8.83690491694188,9.85507262751892
2771,Inner Mongolia,0.402700926604623,0.896997961126333,8.90119062358188,9.79818858470822
2772,Inner Mongolia,0.403809844854472,0.902588035095047,9.03690490910103,9.93949294419608
2773,Inner Mongolia,0.412944661046807,0.918029668789133,9.27182555251888,10.189855221308
2774,Inner Mongolia,0.401515140207578,0.905503759613122,8.66587320443184,9.57137696404496
2775,Inner Mongolia,0.448397005990403,1.02353346414011,7.61269857811313,8.63623204225324
2776,Inner Mongolia,0.400834427023332,0.894099382127027,6.63452393860216,7.52862332072919
2777,Inner Mongolia,0.394949503075275,0.896601114821864,5.18492075496368,6.08152186978554
2778,Inner Mongolia,0.380566534927777,0.858471358493175,5.12341280621551,5.98188416470868
2779,Inner Mongolia,0.451811596496807,1.05476189046466,4.41190484033099,5.46666673079565
2780,Inner Mongolia,0.451328502298808,1.05201863853699,3.9142858047807,4.9663044433177
2781,Inner Mongolia,0.450241532350973,1.0491717986652,4.02619058012016,5.07536237878536
2782,Inner Mongolia,0.448616602861755,1.0476363087555,4.43134929665497,5.47898560541047
2783,Inner Mongolia,0.447771196650749,1.03312632192268,3.54404766899016,4.57717399091284
2784,Inner Mongolia,0.313295998867007,0.643702531432678,3.00158739326492,3.6452899246976
2785,Inner Mongolia,0.308058859236444,0.628036603650362,2.69007941465529,3.31811601830565
2786,Inner Mongolia,0.30933247162475,0.631142192870492,2.63769846208512,3.26884065495561
2787,Inner Mongolia,0.306170409050397,0.622808850538102,4.07936516971815,4.70217402025625
2788,Hebei,0.317819510096971,0.611714988017521,4.21944452680293,4.83115951482045
2789,Hebei,0.346870905790457,0.684282315876964,4.19325404696994,4.87753636284691
2790,Hebei,0.347090468207373,0.687180794439977,3.25992071486655,3.94710150930653
2791,Hebei,0.345125173743312,0.68302277068616,3.47857150955806,4.16159428024422
2792,Hebei,0.350988157242405,0.69335750776958,6.08055567022945,6.77391317799903
2793,Hebei,0.351866491669016,0.696083512843645,6.70753978210546,7.4036232949491
2794,Hebei,0.394861673778369,0.841425131492218,7.64444457834202,8.48586970983424
2795,Hebei,0.37833772915128,0.790648715043524,8.96587316925445,9.75652188429798
2796,Liaoning,0.372507703966237,0.801966908119821,8.2440477657531,9.04601467387292
2797,Liaoning,0.347859011295501,0.694634203546473,8.06587318668053,8.76050739022701
2798,Liaoning,0.349736517249432,0.706521771002361,8.95000014930136,9.65652192030372
2799,Liaoning,0.364240226301875,0.73367839874642,9.1543652671611,9.88804366590752
2800,Liaoning,0.348649537387939,0.641977206237609,9.01309541068853,9.65507261692614
2801,Liaoning,0.289097491112695,0.510420959235892,8.25515887534453,8.76557983458042
2802,Liaoning,0.346420728527484,0.656832293700491,8.57142874755202,9.22826104125251
2803,Liaoning,0.275856399961015,0.51906490129508,8.54325411989102,9.0623190211861
2804,Xinjiang,0.407509877624176,1.01299170777073,-3.37857146528623,-2.3655797575155
2805,Xinjiang,0.406796231526402,1.00786750708637,-2.39047621364986,-1.3826087065635
2806,Xinjiang,0.405314013784032,1.00272602545903,4.16031753103293,5.16304355649197
2807,Xinjiang,0.407685559579991,0.998775058087242,10.8349207934761,11.8336958515633
2808,Xinjiang,0.392127810325841,1.00101800441865,12.342460498746,13.3434785031646
2809,Xinjiang,0.390338183350805,0.993046988876445,12.5007938383118,13.4938408271882
2810,Xinjiang,0.398473863528782,1.00650445148323,12.6543653035566,13.6608697550398
2811,Xinjiang,0.453271855898349,1.09849898345008,12.7547621027759,13.8532610862259
2812,Xinjiang,0.446848948447293,1.07905456381596,12.6325398570607,13.7115944208766
2813,Xinjiang,0.448440934049164,1.08033126170616,12.5261906774508,13.6065219391569
2814,Xinjiang,0.448858146089039,1.08026225989578,12.2936510281667,13.3739132880625
2815,Xinjiang,0.428689070553943,1.06259491105916,12.1384922309173,13.2010871419764
2816,Xinjiang,0.442149748026074,1.06606278761198,12.0944446808407,13.1605074684527
2817,Xinjiang,0.413658320105384,1.02617322710479,12.3115081290108,13.3376813561156
2818,Xinjiang,0.464492746415725,1.12838162908303,12.6027779827515,13.7311596118346
2819,Xinjiang,0.405610463053943,0.973360978794494,12.6230160814547,13.5963770602492
2820,Xinjiang,0.280335961749019,0.690044857132241,12.3019843225382,12.9920291796705
2821,Xinjiang,0.349505929128284,0.830607312248754,12.2980160466026,13.1286233588513
2822,Xinjiang,0.351394388372332,0.827001382630856,12.3019843198477,13.1289857024786
2823,Xinjiang,0.317863441614347,0.734610131417906,12.3353176607144,13.0699277921323
2824,Xinjiang,0.26668861079233,0.651656274865662,12.155952610312,12.8076088851777
2825,Xinjiang,0.268148886951134,0.652553492106801,11.9956351164433,12.6481886085501
2826,Xinjiang,0.273605638587349,0.658971733612241,11.7968255551975,12.4557972888098
2827,Xinjiang,0.353996473989095,0.83307448378909,11.5571430681185,12.3902175519076
2828,Xinjiang,0.371739150196327,0.943995893068404,9.28571445790548,10.2297103509739
2829,Xinjiang,0.354402727101016,0.814078693029396,9.05476208705278,9.86884078008217
2830,Xinjiang,0.263306975416221,0.609748106577104,8.69206368186999,9.30181178844709
2831,Xinjiang,0.370586297466212,0.831987583604843,9.73214302336176,10.5641306069666
2832,Xinjiang,0.321585408282263,0.733540357780187,11.0309525513874,11.7644929091676
2833,Xinjiang,0.456708401843225,1.03542104247492,11.6301589008894,12.6655799433643
2834,Xinjiang,0.324374175752805,0.819789479938487,10.3765875004114,11.1963769803499
2835,Xinjiang,0.348023688918832,0.783057198662432,10.1198414737388,10.9028986724013
2836,Xinjiang,0.371728142738984,0.93390268078646,9.73095255321454,10.664855234001
2837,Xinjiang,0.377283723390921,0.838147021621836,8.49047632941178,9.32862335103361
2838,Xinjiang,0.383014937280319,0.854123582361616,6.90674613043666,7.76086971279828
2839,Xinjiang,0.354128263683783,0.805831670086237,5.34960324751834,6.15543491760458
2840,Gansu,0.387252957352752,0.863457521925031,3.8452382172857,4.70869573921073
2841,Gansu,0.388910849049825,0.867080757074351,3.24523816346413,4.11231892053848
2842,Gansu,0.409947301090568,0.936059361566667,4.89365087263286,5.82971023419953
2843,Gansu,0.417094876915282,0.950534888714799,6.18968264421537,7.14021753293017
2844,Inner Mongolia,0.42671279817391,0.974085616378475,6.464682625311,7.43876824168947
2845,Inner Mongolia,0.431521756850186,0.986007598072567,7.34841284847685,8.33442044654942
2846,Inner Mongolia,0.429172171236432,0.984541117371135,8.33611122104857,9.3206523384197
2847,Inner Mongolia,0.425483094061224,0.975845436903013,9.05277793854475,10.0286233754478
2848,Inner Mongolia,0.427821689203126,0.981538997619854,9.13730175225508,10.1188407498749
2849,Inner Mongolia,0.474231438338266,1.09032088029021,8.96547637451145,10.0557972548017
2850,Inner Mongolia,0.478216958104203,1.09715323668973,8.42857154452848,9.52572478121821
2851,Inner Mongolia,0.460133928287779,1.04427186721194,7.79920648780489,8.84347835501683
2852,Inner Mongolia,0.404238027581421,0.901000680454624,8.37182554510969,9.27282622556432
2853,Inner Mongolia,0.400900311402397,0.896514836409539,8.04841283079059,8.94492766720013
2854,Inner Mongolia,0.499143605998631,1.1275707330565,6.77460327085167,7.90217400390817
2855,Inner Mongolia,0.448100552897038,1.04430638694605,5.79047631927663,6.83478270622267
2856,Inner Mongolia,0.449802360754684,1.046721846418,5.57936519059161,6.6260870370096
2857,Inner Mongolia,0.451328502298808,1.05201863853699,3.9142858047807,4.9663044433177
2858,Inner Mongolia,0.450241532350973,1.0491717986652,4.02619058012016,5.07536237878536
2859,Inner Mongolia,0.448616602861755,1.0476363087555,4.43134929665497,5.47898560541047
2860,Inner Mongolia,0.407498908973167,0.910421005616658,4.09682547466622,5.00724648028288
2861,Inner Mongolia,0.441897248369091,1.03383373003517,4.16507941809675,5.19891314813193
2862,Inner Mongolia,0.289437858980897,0.593581799939635,3.50714291466607,4.10072471460571
2863,Inner Mongolia,0.288427739519075,0.58976877203598,4.23015883399381,4.81992760602979
2864,Inner Mongolia,0.282092672284753,0.58397173430331,3.77182547535215,4.35579720965546
2865,Inner Mongolia,0.298166435481845,0.613354000568213,3.8964286981121,4.50978269868031
2866,Hebei,0.330116380784835,0.639130445014688,3.60833339416792,4.2474638391826
2867,Hebei,0.335562148502405,0.643599052986117,3.30277785280394,3.94637690579006
2868,Hebei,0.337099248643999,0.647101448287093,2.76666673639464,3.41376818468173
2869,Hebei,0.350746588222764,0.68269497206148,3.36150799147666,4.04420296353814
2870,Hebei,0.350735610940763,0.690579690176703,4.46666675244295,5.15724644261966
2871,Hebei,0.394861673778369,0.841425131492218,7.64444457834202,8.48586970983424
2872,Inner Mongolia,0.350735630575841,0.695703949024701,6.92023820273342,7.61594215175812
2873,Inner Mongolia,0.372321052091473,0.803295410654058,7.05793665662881,7.86123206728287
2874,Liaoning,0.370267883492866,0.76597651998269,8.16627003938433,8.93224655936702
2875,Liaoning,0.316721564776407,0.641494132517956,8.39365094317685,9.03514507569481
2876,Liaoning,0.318083019635109,0.649396125454743,9.2444446411516,9.89384076660634
2877,Liaoning,0.382894191114649,0.776673607425375,9.79325414008446,10.5699277475098
2878,Liaoning,0.375592880699494,0.755831605322234,9.84126998034735,10.5971015856696
2879,Liaoning,0.318291627304186,0.637663949214135,9.02103191194317,9.6586958611573
2880,Liaoning,0.306587613624966,0.63543823082193,7.38412710758192,8.01956533840385
2881,Liaoning,0.302492342472115,0.604037346592167,6.80357150449639,7.40760885108856
2882,Liaoning,0.309003075086592,0.596583832285432,7.35595253869773,7.95253637098316
2883,Liaoning,0.333882286770823,0.623567947737352,6.92063503032403,7.54420297806138
2884,Xinjiang,0.416611791632949,1.0304003219905,-5.72460328193293,-4.69420295994243
2885,Xinjiang,0.41639219648354,1.03890617110936,-1.99325401058036,-0.954347839471007
2886,Xinjiang,0.407400092216381,1.01387164890355,7.28214299708368,8.29601464598723
2887,Xinjiang,0.405303019163153,0.994599717705823,11.3746033960155,12.3692031137213
2888,Xinjiang,0.428205977153519,1.08333335776496,12.3250001845734,13.4083335423383
2889,Xinjiang,0.39197408975882,1.00274327583996,11.3059525554556,12.3086958312956
2890,Xinjiang,0.391095745987081,0.996825407901255,10.9365081270891,11.9333335349903
2891,Xinjiang,0.390228395696712,0.992684630682245,11.4757938477551,12.4684784784373
2892,Xinjiang,0.390239368822323,0.988595633669208,12.5603176402372,13.5489132739064
2893,Xinjiang,0.446848948447293,1.07905456381596,12.6325398570607,13.7115944208766
2894,Xinjiang,0.370180088202938,0.877708842808202,12.1980160519126,13.0757248947208
2895,Xinjiang,0.435364544843182,1.05050040196738,12.1067461848318,13.1572465867992
2896,Xinjiang,0.418653924014873,1.03852652201752,11.8694446596598,12.9079711816773
2897,Xinjiang,0.418851573648464,1.04033821257406,11.8694446133006,12.9097828258747
2898,Xinjiang,0.378381638269468,0.90310562635965,12.1559525719947,13.0590581983544
2899,Xinjiang,0.412878783559611,0.994185654270375,12.7626986079923,13.7568842622627
2900,Xinjiang,0.414668424715128,0.992201523389989,12.7063494049131,13.6985509283031
2901,Xinjiang,0.403403608942364,0.953502422301487,12.4555557606712,13.4090581829727
2902,Xinjiang,0.346892845118725,0.841338883713913,12.2412700444342,13.0826089281481
2903,Xinjiang,0.402689938429786,0.938733624829156,11.8753970172848,12.8141306421139
2904,Xinjiang,0.412670189962217,0.958885468439737,12.3436509779994,13.3025364464392
2905,Xinjiang,0.337637248930436,0.778105592850038,12.3226192688776,13.1007248617277
2906,Xinjiang,0.376910416073165,0.897325784762391,11.6182541358506,12.515579920613
2907,Xinjiang,0.371684222530818,0.8831262597345,9.9607144635289,10.8438407232634
2908,Xinjiang,0.268456308236596,0.643892356448437,7.90357156783815,8.54746392428659
2909,Xinjiang,0.439064554623085,1.01628709639107,9.72936525964548,10.7456523560365
2910,Xinjiang,0.44602548108192,1.0204106696076,10.8194446170496,11.8398552866572
2911,Xinjiang,0.395641180077632,0.988353999318738,10.7714287739484,11.7597827732671
2912,Xinjiang,0.316117691799677,0.71854727052594,9.75753984863441,10.4760871191604
2913,Xinjiang,0.31975186259523,0.723636956538382,9.47817478914346,10.2018117456818
2914,Xinjiang,0.324538877686231,0.736024909026105,10.2023811016587,10.9384060106848
2915,Xinjiang,0.327997363792126,0.744599752461062,10.3079366710865,11.0525364235475
2916,Xinjiang,0.348023688918832,0.783057198662432,10.1198414737388,10.9028986724013
2917,Xinjiang,0.336133106830491,0.760990444596487,11.8527779141589,12.6137683587554
2918,Xinjiang,0.376405364659124,0.83378192144038,11.0698414682337,11.9036233896741
2919,Xinjiang,0.382872210832726,0.85276056142245,8.85992076351411,9.71268132493656
2920,Xinjiang,0.385254708351465,0.86742576231487,7.36627001708581,8.23369577940068
2921,Xinjiang,0.393533173547694,0.879882718944825,5.40634929223193,6.28623201117676
2922,Gansu,0.39325868278467,0.873568032893274,4.46230162822065,5.33586966111392
2923,Gansu,0.402426448969279,0.923395461128385,4.705952461395,5.62934792252339
2924,Inner Mongolia,0.418467309494447,0.955193295830628,6.36111121843495,7.31630451426558
2925,Inner Mongolia,0.426668869993262,0.970755694764412,6.77380965797911,7.74456535274352
2926,Inner Mongolia,0.430434785219671,0.982332681017119,7.41150805297943,8.39384073399655
2927,Inner Mongolia,0.434541081216188,0.991252634117705,8.19642871730621,9.18768135142391
2928,Inner Mongolia,0.420399666717623,0.924689470090389,8.94523827155076,9.86992774164115
2929,Inner Mongolia,0.451668881719173,1.04385785877144,8.99563505036372,10.0394929091352
2930,Inner Mongolia,0.474231438338266,1.09032088029021,8.96547637451145,10.0557972548017
2931,Inner Mongolia,0.451668860709812,1.05239821350481,5.53492076218956,6.58731897569437
2932,Inner Mongolia,0.450307440183661,1.0480159024796,5.75198422357558,6.80000012605519
2933,Inner Mongolia,0.447090478095344,1.04268461528952,5.74246040906107,6.78514502435059
2934,Inner Mongolia,0.446157243533888,1.04099382723124,5.27857148789224,6.31956531512349
2935,Inner Mongolia,0.504172177407784,1.15314015002473,4.54722231889646,5.70036246892119
2936,Inner Mongolia,0.38085198798493,0.794151104899257,4.51309535877099,5.30724646367025
2937,Inner Mongolia,0.376438292355281,0.782539673551939,5.06746041281001,5.85000008636195
2938,Inner Mongolia,0.391743526711805,0.814302968174949,3.87301594341203,4.68731891158698
2939,Inner Mongolia,0.379688174636821,0.783074528329832,3.52380961924791,4.30688414757774
2940,Inner Mongolia,0.37460476688167,0.767926223622347,3.41468256286212,4.18260878648447
2941,Inner Mongolia,0.344740886013786,0.670755694273878,2.89047627316581,3.56123196743969
2942,Inner Mongolia,0.344521294986411,0.668184951307693,2.36587306194835,3.03405801325605
2943,Inner Mongolia,0.342534028454227,0.665389912971664,2.481349260088,3.14673917305966
2944,Hebei,0.350735610940763,0.690579690176703,4.46666675244295,5.15724644261966
2945,Hebei,0.378041281321094,0.816494145993018,5.32698423622383,6.14347838221685
2946,Inner Mongolia,0.343423357590883,0.676984092021415,4.49801599991227,5.17500009193369
2947,Inner Mongolia,0.363669292836052,0.785317439948424,8.0563493807401,8.84166682068852
2948,Liaoning,0.319356625837502,0.663198786589082,7.01071441075986,7.67391319734895
2949,Liaoning,0.314174341671021,0.631245667758873,7.80317474875067,8.43442041650954
2950,Liaoning,0.321431699957,0.657660433647191,9.02857157150431,9.6862320051515
2951,Liaoning,0.317138781281884,0.64523809315769,9.12976206292117,9.77500015607886
2952,Liaoning,0.374626715869188,0.743426519234614,9.60476205166843,10.348188570903
2953,Liaoning,0.280862979424833,0.490579691711037,9.2000001726879,9.69057986439894
2954,Liaoning,0.280171297216558,0.489458288301975,8.53373030472606,9.02318859302803
2955,Liaoning,0.280873966911709,0.491131841626054,6.89365088998798,7.38478273161404
2956,Liaoning,0.344850698536688,0.655314050242047,5.94722230105646,6.60253635129851
2957,Liaoning,0.277316663305442,0.528226412367398,5.63373025358906,6.16195666595646
2958,Jilin,0.282279329655015,0.533523149056948,6.70198423915084,7.23550738820779
2959,Xinjiang,0.419367581858681,1.03626637008321,-5.60873023840407,-4.57246386832085
2960,Xinjiang,0.418280645107158,1.04335749959811,-3.51944448154361,-2.4760869819455
2961,Xinjiang,0.412505499856627,1.04918913377913,1.72182540696055,2.77101454073968
2962,Xinjiang,0.406115515979696,1.01468257224502,7.74365095152623,8.75833352377125
2963,Xinjiang,0.398078612560306,0.979382337150058,10.3579366848405,11.3373190219906
2964,Xinjiang,0.39197408975882,1.00274327583996,11.3059525554556,12.3086958312956
2965,Xinjiang,0.394049206926117,1.00238101359449,7.89761917825256,8.90000019184705
2966,Xinjiang,0.391447086082702,0.996739149071776,7.80833348439681,8.80507263346859
2967,Xinjiang,0.379984630934393,0.916373336609272,8.6242065187248,9.54057985533407
2968,Xinjiang,0.385013188994999,0.925828203786454,10.3488096751805,11.2746378789669
2969,Xinjiang,0.358816422383004,0.829692887000903,10.3626985858002,11.1923914728011
2970,Xinjiang,0.347957859808873,0.794927559984529,11.6666668218575,12.4615943818421
2971,Xinjiang,0.388493648184186,0.931763303875565,11.5555557426479,12.4873190465235
2972,Xinjiang,0.387384707347003,0.933609404707207,11.730158924613,12.6637683293202
2973,Xinjiang,0.378381638269468,0.90310562635965,12.1559525719947,13.0590581983544
2974,Xinjiang,0.396607380901897,0.949413409707278,12.3400795850016,13.2894929947089
2975,Xinjiang,0.420465534579926,1.00508972880185,12.6039684670312,13.6090581958331
2976,Xinjiang,0.410924470516761,0.971704643472952,12.2003970207085,13.1721016641814
2977,Xinjiang,0.398682486845059,0.937353383745867,11.9412700264227,12.8786234101685
2978,Xinjiang,0.402689938429786,0.938733624829156,11.8753970172848,12.8141306421139
2979,Xinjiang,0.410057098098789,0.959075237001535,11.6373017885323,12.5963770255338
2980,Xinjiang,0.367479144374287,0.865786761521081,11.0809525649935,11.9467393265146
2981,Xinjiang,0.459266592040461,1.08673227318865,10.0984128586771,11.1851451318657
2982,Xinjiang,0.368533162688071,0.870686701261757,9.59127001721589,10.4619567184777
2983,Xinjiang,0.31702898305235,0.730866143303834,8.84920651078343,9.58007265408726
2984,Xinjiang,0.442995170953442,1.03340237886433,8.21587316609091,9.24927554495525
2985,Xinjiang,0.370465538825644,0.850155313694019,10.3857144230001,11.2358697366941
2986,Xinjiang,0.367127796875531,0.840079348931553,12.2182541732632,13.0583335221948
2987,Xinjiang,0.404325872646594,1.00262250910398,11.6615081445151,12.6641306536191
2988,Xinjiang,0.379051377376738,0.968857801688369,10.7789684432367,11.747826244925
2989,Xinjiang,0.372891971264746,0.953191886475373,10.625793805405,11.5789856918804
2990,Xinjiang,0.344707952203703,0.770255361275529,12.2337303352912,13.0039856965667
2991,Xinjiang,0.349571829584013,0.776173267372112,12.3698414710779,13.14601473845
2992,Xinjiang,0.336133106830491,0.760990444596487,11.8527779141589,12.6137683587554
2993,Xinjiang,0.376405364659124,0.83378192144038,11.0698414682337,11.9036233896741
2994,Xinjiang,0.387252939934525,0.854313265898615,6.42539697060628,7.27971023650489
2995,Xinjiang,0.395520432206377,0.871773650599778,5.73293658408026,6.60471023468004
2996,Xinjiang,0.394202904835455,0.874741217319445,6.79047630810075,7.6652175254202
2997,Gansu,0.39878128896327,0.88404072814456,6.22936518318833,7.11340591133289
2998,Gansu,0.398967932505622,0.892408536929636,6.36230170641035,7.25471024333999
2999,Inner Mongolia,0.503733000599852,1.14875779097953,6.01428583208176,7.16304362306129
3000,Inner Mongolia,0.502964441394159,1.14962047400317,5.9043651912657,7.05398566526887
3001,Inner Mongolia,0.502404497128158,1.14905113083349,5.09841274357741,6.24746387441089
3002,Inner Mongolia,0.455182289623696,1.00424438944437,4.90119056403637,5.90543495348074
3003,Inner Mongolia,0.474462023401632,1.04912010464352,5.33928578749063,6.38840589213414
3004,Inner Mongolia,0.508651740979902,1.16851276684658,4.68293660083815,5.85144936768473
3005,Inner Mongolia,0.385814699855194,0.802588036268426,4.18690480930465,4.98949284557307
3006,Inner Mongolia,0.389437868255348,0.808298818948322,3.5920635468903,4.40036236583863
3007,Inner Mongolia,0.387736055774219,0.803226387738832,2.86706354977593,3.67028993751476
3008,Inner Mongolia,0.344521294986411,0.668184951307693,2.36587306194835,3.03405801325605
3009,Inner Mongolia,0.342534028454227,0.665389912971664,2.481349260088,3.14673917305966
3010,Hebei,0.344773831987098,0.676104241608031,1.95396827870891,2.63007252031694
3011,Hebei,0.341205542813046,0.670082827661061,3.05238101217482,3.72246383983588
3012,Inner Mongolia,0.364899006862395,0.788112551237413,6.94087312657327,7.72898567781068
3013,Inner Mongolia,0.269828758968574,0.485145029419708,7.60000010692175,8.08514513634145
3014,Liaoning,0.310529191638386,0.62346446746671,7.1134921997963,7.73695666726301
3015,Inner Mongolia,0.324923160149306,0.669668790089254,6.79047628087066,7.46014507095991
3016,Liaoning,0.312187105826264,0.626035213466602,7.85476202553227,8.48079723899887
3017,Liaoning,0.383322356354656,0.778968277977993,8.84603189044292,9.62500016842091
3018,Liaoning,0.318456307613095,0.651897864249131,9.42817476832322,10.0800726325724
3019,Liaoning,0.285254723783853,0.546273282243824,9.17619063782077,9.72246392006459
3020,Liaoning,0.31269213244103,0.621118007542721,9.00714305332965,9.62826106087237
3021,Liaoning,0.312132195034995,0.6489993007423,8.25317475326832,8.90217405401062
3022,Liaoning,0.308113764056941,0.638957943895856,5.79365088829091,6.43260883218676
3023,Liaoning,0.277316663305442,0.528226412367398,5.63373025358906,6.16195666595646
3024,Jilin,0.280357934233516,0.532004835787232,5.56111121828121,6.09311605406844
3025,Jilin,0.283113755151584,0.53680128891219,5.01428576517436,5.55108705408655
3026,Xinjiang,0.416447079922475,1.03357487622831,0.788888925361255,1.82246380158957
3027,Xinjiang,0.412505499856627,1.04918913377913,1.72182540696055,2.77101454073968
3028,Xinjiang,0.398122523571407,1.02377499772648,-1.20674601170634,-0.182971013979851
3029,Xinjiang,0.400889313106945,0.987232518674815,-0.519841247341699,0.467391271333116
3030,Xinjiang,0.397848047650647,0.980348512780993,1.34682545367451,2.3271739664555
3031,Xinjiang,0.394049206926117,1.00238101359449,7.89761917825256,8.90000019184705
3032,Xinjiang,0.396245062989287,0.959057981314188,0.79166667810863,1.75072465942282
3033,Xinjiang,0.390766378447943,0.939889623249416,3.54126990036595,4.48115952361537
3034,Xinjiang,0.389745304606393,0.934230581145756,5.62301594107634,6.55724652222209
3035,Xinjiang,0.398649557312434,0.975276099497375,7.53849219616562,8.51376829566299
3036,Xinjiang,0.358454110548326,0.827225701299833,10.0285715900421,10.8557972913419
3037,Xinjiang,0.392973210515359,0.94120083252332,10.5178573237407,11.459058156264
3038,Xinjiang,0.393829614175161,0.94944791701989,11.0146827342669,11.9641306512868
3039,Xinjiang,0.394609134124824,0.950534849627536,11.7563494053034,12.7068842549309
3040,Xinjiang,0.360002206153365,0.892667401039534,9.75515890186505,10.6478263029046
3041,Xinjiang,0.397200267280128,0.952294696285664,10.6527779502646,11.6050726465503
3042,Xinjiang,0.457048762665769,1.11823679206493,10.8027779109894,11.9210147030544
3043,Xinjiang,0.402349620653405,0.942374136546988,10.8876985658611,11.8300727024081
3044,Xinjiang,0.404622301811063,0.946980658637102,11.1972223990375,12.1442030576746
3045,Xinjiang,0.410057098098789,0.959075237001535,11.6373017885323,12.5963770255338
3046,Xinjiang,0.412417658658262,0.962025537259049,4.64920645476215,5.6112319920212
3047,Xinjiang,0.420081257424205,0.991683941384618,10.0039684217246,10.9956523631092
3048,Xinjiang,0.455654363019075,1.07189437309942,7.80238112742229,8.87427550052171
3049,Xinjiang,0.373814236138754,0.866183605063075,8.2138890274283,9.08007263249137
3050,Xinjiang,0.446783050884921,1.03668049545772,8.34484142425751,9.38152191971523
3051,Xinjiang,0.370761962335918,0.853191832828626,8.82579382766216,9.67898566049078
3052,Xinjiang,0.416304352242117,1.03195307587111,14.6242065883227,15.6561596641938
3053,Xinjiang,0.370037324243128,0.842253253176251,12.6682541970873,13.5105074502636
3054,Xinjiang,0.468269674030537,1.05248449205211,13.054762073216,14.1072465652681
3055,Xinjiang,0.472046565364262,1.05665980359787,13.6734128852804,14.7300726888782
3056,Xinjiang,0.342863421942784,0.763940686133752,13.3313494027844,14.0952900889181
3057,Xinjiang,0.386868684477761,0.9744133915472,12.640079547725,13.6144929392722
3058,Xinjiang,0.392072898469502,0.977760522626978,11.0015874518939,11.9793479745209
3059,Xinjiang,0.453568315250429,0.937543184374986,10.0349207706749,10.9724639550499
3060,Xinjiang,0.387252939934525,0.854313265898615,6.42539697060628,7.27971023650489
3061,Xinjiang,0.397441806185779,0.872670802811587,7.81428585390723,8.68695665671882
3062,Xinjiang,0.404874847222694,0.919013126586806,9.15634937977625,10.0753625063631
3063,Inner Mongolia,0.503162059170547,1.14470324831905,4.75674610904285,5.9014493573619
3064,Inner Mongolia,0.501185790844651,1.14466878569449,5.06547625764968,6.21014504334417
3065,Inner Mongolia,0.499143616438279,1.14120082886667,4.80119060940804,5.94239143827471
3066,Inner Mongolia,0.476515151777084,1.05519324381437,4.57777785979921,5.63297110361358
3067,Inner Mongolia,0.468774695985009,1.04118355336484,4.14722230628369,5.18840585964853
3068,Inner Mongolia,0.44920950298364,0.988630122951829,3.70158739293378,4.69021751588561
3069,Inner Mongolia,0.392336405975663,0.81851275693278,3.36626990990979,4.18478266684257
3070,Inner Mongolia,0.339064586902717,0.662974519167916,2.45079370434322,3.11376822351114
3071,Inner Mongolia,0.339306097053937,0.66080054479315,2.00912703691967,2.66992758171282
3072,Inner Mongolia,0.338493650622885,0.660265719290537,1.81944449104014,2.47971021033068
3073,Inner Mongolia,0.338021520060578,0.663888862472236,1.43611115208339,2.10000001455563
3074,Inner Mongolia,0.36374615734385,0.783574872342336,3.39722230717067,4.180797179513
3075,Inner Mongolia,0.356576638023026,0.76400967940863,5.84722231828149,6.61123199769012
3076,Inner Mongolia,0.306543710372842,0.61618362398133,6.9638890014104,7.58007262539173
3077,Inner Mongolia,0.315228376597277,0.641183557911803,7.53055570082414,8.17173925873594
3078,Inner Mongolia,0.316480028391093,0.644306389810329,7.63214302769611,8.27644941750644
3079,Inner Mongolia,0.320114205277668,0.652035927705933,8.08492076852255,8.73695669622849
3080,Liaoning,0.311253826715114,0.620928191250158,8.22182557847173,8.84275376972189
3081,Liaoning,0.275713639732223,0.512560359319945,8.5638890282384,9.07644938755834
3082,Liaoning,0.314108477999465,0.639527275888387,8.53293666988611,9.1724639457745
3083,Liaoning,0.309639883326218,0.6378709544679,8.5436509076565,9.1815218621244
3084,Liaoning,0.367160749529662,0.722895131267099,6.9158731081656,7.6387682394327
3085,Liaoning,0.308113764056941,0.638957943895856,5.79365088829091,6.43260883218676
3086,Jilin,0.347738239161595,0.675759125431502,4.88293661008633,5.55869573551783
3087,Jilin,0.304567418687396,0.626414750654475,4.87539688630828,5.50181163696275
3088,Jilin,0.276361436407635,0.557712190688747,4.18214292049645,4.73985511118519
3089,Jilin,0.305895920909964,0.626449287637009,1.64166672717011,2.26811601480712
3090,Xinjiang,0.373902061588483,0.860041404222675,-2.65714288905026,-1.79710148482759
3091,Xinjiang,0.393741776966308,0.946187070833764,-3.02698419095268,-2.08079712011892
3092,Xinjiang,0.393851550533176,0.94221876610618,2.00198418114867,2.94420294725485
3093,Xinjiang,0.385551169539197,0.917322298083803,8.08412713025297,9.00144942833678
3094,Xinjiang,0.39889107937493,0.962543119736186,0.334920633052077,1.29746375278826
3095,Xinjiang,0.398891107349783,0.9583333818778,-1.30833337775299,-0.349999995875186
3096,Xinjiang,0.398869140620098,0.958022816428044,2.21190476668851,3.16992758311655
3097,Xinjiang,0.401295565105533,0.960973111454981,8.75714300974967,9.71811612120465
3098,Xinjiang,0.360002206153365,0.892667401039534,9.75515890186505,10.6478263029046
3099,Xinjiang,0.406993855439621,0.978674936236195,3.17857151750534,4.15724645374154
3100,Xinjiang,0.403908652308666,0.973136634732358,1.01309527622329,1.98623191095565
3101,Xinjiang,0.464086524437873,1.13341962609227,-1.55515877790158,-0.421739151809311
3102,Xinjiang,0.405237161563803,0.950276065412125,0.630158743392381,1.58043480880451
3103,Xinjiang,0.409705759256385,0.956090419078239,-0.0825396955959381,0.873550723482301
3104,Xinjiang,0.412417658658262,0.962025537259049,4.64920645476215,5.6112319920212
3105,Xinjiang,0.416677649120228,0.984937893413136,0.452380972012641,1.43731886542578
3106,Xinjiang,0.466523937655218,1.09139062014066,-2.38015874203235,-1.2887681218917
3107,Xinjiang,0.451295556822856,1.05125946068096,4.43134933092173,5.4826087916027
3108,Xinjiang,0.446596414661448,1.02962391718893,11.1884922257196,12.2181161429085
3109,Xinjiang,0.31719368438371,0.665976565691153,13.9662700384441,14.6322466041353
3110,Xinjiang,0.314108470230674,0.6589717038999,15.4218256727511,16.080797376651
3111,Xinjiang,0.368928426198521,0.84109734854384,4.60238101924696,5.4434783677908
3112,Xinjiang,0.425768557653734,0.812819171435951,7.44007950855626,8.25289867999221
3113,Xinjiang,0.331543693849043,0.7471704302758,8.82420654402721,9.57137697430301
3114,Xinjiang,0.468269666420442,0.941752964513748,9.91150809493329,10.853261059447
3115,Xinjiang,0.353864738981897,0.788267780762497,7.60992075760095,8.39818853836345
3116,Xinjiang,0.354051382319742,0.772670837030524,3.50595245457121,4.27862329160174
3117,Xinjiang,0.421124300956693,1.02855421716747,2.8341270488879,3.86268126605537
3118,Xinjiang,0.388647353597277,0.848999319667494,-0.555158754367204,0.29384056530029
3119,Xinjiang,0.392687756419313,0.859196018832533,3.40674608945847,4.265942108291
3120,Xinjiang,0.487779984995886,0.993184957792112,9.07420651330835,10.0673914711005
3121,Inner Mongolia,0.506466838012976,1.16002415092321,4.52222232349099,5.6822464744142
3122,Inner Mongolia,0.506697426469515,1.1500863075498,4.26984132761284,5.41992763516264
3123,Inner Mongolia,0.470421610927707,1.04932711647118,3.97023818411288,5.01956530058406
3124,Inner Mongolia,0.46364736437984,1.03338514270841,3.08690482567227,4.12028996838068
3125,Inner Mongolia,0.504446632412439,1.15527950141777,2.96428575946225,4.11956526088002
3126,Inner Mongolia,0.388592446153369,0.805986888429022,2.78531751604307,3.5913044044721
3127,Inner Mongolia,0.295663175526082,0.57394759593502,2.03293653092687,2.60688412686189
3128,Inner Mongolia,0.298375066260156,0.575517618703463,1.5690476556146,2.14456527431806
3129,Inner Mongolia,0.299560809592223,0.576328466289655,1.98888894347918,2.56521740976883
3130,Inner Mongolia,0.300373284942129,0.575155278963465,1.82738102073707,2.40253629970054
3131,Inner Mongolia,0.302624073921718,0.574585921647191,4.76309534174109,5.33768126338828
3132,Inner Mongolia,0.300241546426418,0.568046932099062,6.02579373582488,6.59384066792394
3133,Inner Mongolia,0.2494949497541,0.431573503024059,6.60357152102959,7.03514502405365
3134,Inner Mongolia,0.26056217447293,0.463043547268207,7.10000007732638,7.56304362459459
3135,Inner Mongolia,0.384442260854525,0.809679119290466,7.55119061567599,8.36086973496645
3136,Inner Mongolia,0.283651733986107,0.538509323439716,7.48214300160134,8.02065232504105
3137,Inner Mongolia,0.316293384201683,0.643340269048369,7.60158741568762,8.24492768473599
3138,Inner Mongolia,0.377700926576482,0.76792615151137,7.43134934783337,8.19927549934474
3139,Liaoning,0.284354436633798,0.572101488871419,7.86666680934528,8.4387682982167
3140,Liaoning,0.309167789363212,0.633574957141152,7.87222231111475,8.5057972682559
3141,Liaoning,0.367160749529662,0.722895131267099,6.9158731081656,7.6387682394327
3142,Liaoning,0.351778673114428,0.678191936887887,5.88412706488891,6.5623190017768
3143,Jilin,0.305917890819315,0.629468675426434,5.33611117155543,5.96557984698186
3144,Jilin,0.257487909913351,0.483661124277075,4.22539689938819,4.70905802366526
3145,Jilin,0.318214766327807,0.661128363310469,3.48452392598939,4.14565228929986
3146,Jilin,0.333300388284391,0.680227749005957,3.6523810102353,4.33260875924126
3147,Jilin,0.305895920909964,0.626449287637009,1.64166672717011,2.26811601480712
3148,Xinjiang,0.40137242967141,0.969082158228563,-8.47777794744997,-7.50869578922141
3149,Xinjiang,0.401032064792274,0.964475490952398,-6.40396836015677,-5.43949286920437
3150,Xinjiang,0.399472988154584,0.963043473335724,-5.36666676183305,-4.40362328849733
3151,Xinjiang,0.402404480041559,0.965062109720067,0.15595238632153,1.1210144960416
3152,Xinjiang,0.406993855439621,0.978674936236195,3.17857151750534,4.15724645374154
3153,Xinjiang,0.403162076654544,0.971635669109903,-5.74880964267585,-4.77717397356595
3154,Xinjiang,0.420772965957374,0.996307832639462,-3.49920644244504,-2.50289860980558
3155,Xinjiang,0.420092209719602,0.990079333577652,-3.24007937906399,-2.25000004548633
3156,Xinjiang,0.407707515288411,0.955072469480999,-4.60833342293544,-3.65326095345444
3157,Xinjiang,0.408992092042088,0.953985500543426,-3.84166672952946,-2.88768122898604
3158,Xinjiang,0.412977603836362,0.971894432052076,-5.04761914323483,-4.07572471118276
3159,Xinjiang,0.467775602692057,1.08723264296582,-2.32817466879293,-1.24094202582711
3160,Xinjiang,0.463526573687379,1.08485163797755,-0.642460331734684,0.442391306242865
3161,Xinjiang,0.366293378072052,0.842391309503845,7.30000013920168,8.14239144870553
3162,Xinjiang,0.443664910191597,1.01199101269364,6.63293666531524,7.64492767800888
3163,Xinjiang,0.469938532508612,0.917667392873976,4.71349214029218,5.63115953316615
3164,Xinjiang,0.470388667852661,0.913802618239255,3.38293658572412,4.29673920396337
3165,Xinjiang,0.331225306845197,0.751363026966733,4.79682549349372,5.54818852046046
3166,Xinjiang,0.333003966645761,0.749534223204268,5.31785723812405,6.06739146132832
3167,Xinjiang,0.326065015908352,0.714648065720913,4.9690477076977,5.68369577341862
3168,Xinjiang,0.331510759500699,0.725310553258621,2.971428673537,3.69673922679563
3169,Xinjiang,0.439975884392511,0.84727407755874,2.99801589655025,3.84528997410899
3170,Xinjiang,0.440667569966145,0.847929654898749,1.22380952149748,2.07173917639623
3171,Xinjiang,0.442072883539546,0.852639679419707,6.39047634678464,7.24311602620435
3172,Xinjiang,0.470794920607924,0.970462428724675,9.63134935814592,10.6018117868706
3173,Xinjiang,0.487779984995886,0.993184957792112,9.07420651330835,10.0673914711005
3174,Inner Mongolia,0.484321504733151,1.08580058336957,3.65912701884314,4.74492760221271
3175,Inner Mongolia,0.508476069010549,1.15429609234068,2.73809529403372,3.8923913863744
3176,Inner Mongolia,0.507949066911585,1.15496896800834,2.75119051621074,3.90615948421908
3177,Inner Mongolia,0.468379467025523,1.04430645630741,2.42380952314725,3.46811597945466
3178,Inner Mongolia,0.504446632412439,1.15527950141777,2.96428575946225,4.11956526088002
3179,Inner Mongolia,0.50595080078656,1.1583850619925,2.32023818578039,3.47862324777289
3180,Inner Mongolia,0.296321927892518,0.578053877919686,2.18571431343518,2.76376819135486
3181,Inner Mongolia,0.298858147227403,0.580020693466941,2.2214286237482,2.80144931721515
3182,Inner Mongolia,0.301976317296857,0.579831005622336,1.66111111025962,2.24094211588195
3183,Inner Mongolia,0.304699214550817,0.580659189528231,1.91825398542578,2.49891317495401
3184,Inner Mongolia,0.305445742946761,0.579451292636243,4.35714295051164,4.93659424314788
3185,Inner Mongolia,0.309321487904884,0.625897202697333,4.44801590712889,5.07391310982622
3186,Inner Mongolia,0.343017141878291,0.718374783756807,5.14285720151568,5.86123198527249
3187,Inner Mongolia,0.263603416823266,0.463733578825805,7.42539696555053,7.88913054437633
3188,Inner Mongolia,0.363098381553459,0.755296782316,7.62658740973307,8.38188419204907
3189,Inner Mongolia,0.38196091611326,0.79040721693353,7.60198424475652,8.39239146169005
3190,Inner Mongolia,0.380138334390766,0.796066234113225,7.43690490681264,8.23297114092587
3191,Inner Mongolia,0.374121665273993,0.759075250785113,7.05396838131405,7.81304363209916
3192,Inner Mongolia,0.371947739488451,0.750172545335125,7.23134933305638,7.98152187839151
3193,Liaoning,0.290788323976358,0.600207068081341,7.44761921619139,8.04782628427273
3194,Liaoning,0.313581465492757,0.64177017751117,7.2488096421141,7.89057981962527
3195,Jilin,0.344191937792848,0.708316116924789,6.36269854420116,7.07101466112595
3196,Jilin,0.283596835369518,0.571756393304821,5.47063502645682,6.04239141976164
3197,Jilin,0.285133970077618,0.574033833813922,5.21111121537193,5.78514504918586
3198,Jilin,0.320794903610653,0.667011741963983,4.39603181109424,5.06304355305822
3199,Jilin,0.333300388284391,0.680227749005957,3.6523810102353,4.33260875924126
3200,Jilin,0.315843222091006,0.647532801429843,2.34087306071841,2.98840586214826
3201,Jilin,0.313526598753822,0.624862049718492,1.893253963145,2.51811601286349
3202,Xinjiang,0.398451915938451,0.962974485624364,2.83412704220603,3.7971015278304
3203,Xinjiang,0.400450171054483,0.963078059286928,0.782936480783281,1.74601454007021
3204,Xinjiang,0.4050285399073,0.971566591467104,-1.14801588252423,-0.176449291057129
3205,Xinjiang,0.406269226320575,0.973171168825158,-2.96230166709967,-1.98913049827451
3206,Xinjiang,0.403162076654544,0.971635669109903,-5.74880964267585,-4.77717397356595
3207,Xinjiang,0.417566989714973,0.985731569732609,-0.515079373878146,0.470652195854463
3208,Xinjiang,0.416831362010894,0.981228440020457,-3.00912702198894,-2.02789858196849
3209,Xinjiang,0.420685126711637,0.988492094297824,-4.83849213047633,-3.85000003617851
3210,Xinjiang,0.427777787797287,1.0176846205075,-5.20753975848239,-4.18985513797489
3211,Xinjiang,0.412977603836362,0.971894432052076,-5.04761914323483,-4.07572471118276
3212,Xinjiang,0.375120764851021,0.866701163179282,5.38293663920864,6.24963780238792
3213,Xinjiang,0.338186209623816,0.72058316941191,7.50079377894364,8.22137694835555
3214,Xinjiang,0.323089593742492,0.66554519721404,6.94206361895397,7.60760881616801
3215,Xinjiang,0.468533171650855,0.909213269048411,-0.389285740753015,0.519927528295396
3216,Xinjiang,0.47335310089723,0.919030375246491,2.86031752878002,3.77934790402651
3217,Xinjiang,0.474604753531977,0.92101452702861,5.06666674269807,5.98768126972668
3218,Xinjiang,0.471091365492398,0.912612169817747,4.14246039311328,5.05507256293102
3219,Xinjiang,0.332443985232382,0.746980611854501,6.76388903801876,7.51086964987326
3220,Xinjiang,0.325494099616167,0.711853051092795,5.50119056280643,6.21304361389923
3221,Xinjiang,0.330972778257906,0.725465850867305,4.87380960471337,5.59927545558067
3222,Xinjiang,0.440316219687737,0.838716376822227,6.17976203087777,7.01847840769999
3223,Xinjiang,0.476240666422028,0.986525192774518,8.22579379722713,9.21231899000164
3224,Xinjiang,0.443686876491,0.85015527899149,9.02738111211903,9.87753639111052
3225,Inner Mongolia,0.460090024220902,1.01635609669232,3.42857146765741,4.44492756434973
3226,Inner Mongolia,0.507927077065304,1.15120770228195,2.1194445178031,3.27065222008505
3227,Inner Mongolia,0.507949066911585,1.15496896800834,2.75119051621074,3.90615948421908
3228,Inner Mongolia,0.468379467025523,1.04430645630741,2.42380952314725,3.46811597945466
3229,Inner Mongolia,0.458959163504837,1.01925467270291,1.48690480679747,2.50615947950038
3230,Inner Mongolia,0.507400126843911,1.16240516653332,1.18650793313744,2.34891309967076
3231,Inner Mongolia,0.314690367069601,0.634748061711394,2.1420635655818,2.77681162729319
3232,Inner Mongolia,0.311264807530988,0.623550659928695,2.35000006056258,2.97355072049127
3233,Inner Mongolia,0.31136365757734,0.628623244123182,1.6166666696469,2.24528991377008
3234,Inner Mongolia,0.311682035879027,0.634610066024536,1.62698416695708,2.26159423298162
3235,Inner Mongolia,0.311133072064878,0.594979308861815,1.53690479890931,2.13188410777113
3236,Inner Mongolia,0.296146242649057,0.602346418952483,2.0646826135852,2.66702903253769
3237,Inner Mongolia,0.306938971317961,0.626501066931584,6.37023822531577,6.99673929224736
3238,Inner Mongolia,0.269027248036393,0.513474848558463,6.95753982160536,7.47101467016382
3239,Inner Mongolia,0.32010321719936,0.66293998544919,7.50952391988701,8.1724639053362
3240,Inner Mongolia,0.311429494000451,0.637094523548165,7.66507952994416,8.30217405349232
3241,Inner Mongolia,0.371684247740742,0.766183595966838,7.32222233777718,8.08840593374402
3242,Inner Mongolia,0.36701800320731,0.787456850046285,7.15674617641147,7.94420302645776
3243,Inner Mongolia,0.358344332639375,0.745393415772869,7.11547632024638,7.86086973601925
3244,Liaoning,0.290788323976358,0.600207068081341,7.44761921619139,8.04782628427273
3245,Jilin,0.26201141643803,0.492650098722041,7.20119061164321,7.69384071036525
3246,Jilin,0.285057113080935,0.572463831921501,5.8083334100684,6.3807972419899
3247,Jilin,0.337933679611525,0.698222918178838,5.49126994284609,6.18949286102493
3248,Jilin,0.356697401901413,0.742253257046546,4.6599207349299,5.40217399197644
3249,Jilin,0.335595084589055,0.700793659066418,4.39087308825008,5.0916667473165
3250,Jilin,0.270092234023645,0.513060745643677,4.1289683178895,4.64202906353318
3251,Jilin,0.340689492189817,0.669875732563267,3.33809531160763,4.0079710441709
3252,Jilin,0.27200266069679,0.539441053963184,2.52142858126807,3.06086963523125
3253,Jilin,0.269477393638488,0.532022108842559,4.60674609811533,5.13876820695789
3254,Xinjiang,0.398715403999317,0.966149057971868,1.29761906346631,2.26376812143818
3255,Xinjiang,0.404150205301542,0.972429275804497,1.90873019092731,2.88115946673181
3256,Xinjiang,0.407103650208905,0.974516915694762,4.53888900146361,5.51340591715838
3257,Xinjiang,0.408322374470169,0.977605297084283,5.27420642037713,6.25181171746142
3258,Xinjiang,0.409958283847617,0.980917907220338,4.65277786434643,5.63369577156677
3259,Xinjiang,0.456873096382515,1.11894416097575,-3.37619058770083,-2.25724642672509
3260,Xinjiang,0.410419402051787,0.968478242710511,-6.32500008795233,-5.35652184524182
3261,Xinjiang,0.414931940622416,0.97651832421703,-6.39246041581981,-5.41594209160278
3262,Xinjiang,0.414371999952456,0.974068356928558,-5.25595248623618,-4.28188412930762
3263,Xinjiang,0.406917023285569,0.953122912059629,1.67658728077298,2.62971019283261
3264,Xinjiang,0.375120764851021,0.866701163179282,5.38293663920864,6.24963780238792
3265,Xinjiang,0.330028534705309,0.72522428635639,9.94325416180349,10.6684784481599
3266,Xinjiang,0.362977618419474,0.83090066098659,9.39047632567466,10.2213769866613
3267,Xinjiang,0.470333805988344,0.913474885186375,8.0908730883033,9.00434797348968
3268,Xinjiang,0.472606520024102,0.915182939214469,7.65039692496851,8.56557986418298
3269,Xinjiang,0.474429094038337,0.918288534061098,7.22301596202075,8.14130449608184
3270,Xinjiang,0.313647340008884,0.671135277027783,7.42777791294077,8.09891318996855
3271,Xinjiang,0.332443985232382,0.746980611854501,6.76388903801876,7.51086964987326
3272,Xinjiang,0.438153269215207,0.829710158468671,6.49166680635914,7.32137696482781
3273,Xinjiang,0.439317086552011,0.833816451372115,6.46111123713236,7.29492768850447
3274,Xinjiang,0.441732554459682,0.83961355372019,8.027777893587,8.86739144730719
3275,Xinjiang,0.479765030854416,0.994237381278481,6.22460330259942,7.2188406838779
3276,Inner Mongolia,0.500801520072804,1.14506564488194,3.07341270811028,4.21847835299222
3277,Inner Mongolia,0.504863861305283,1.15767773986891,0.957539684952251,2.11521742482116
3278,Inner Mongolia,0.473375055296809,1.05966184649352,0.447222254933819,1.50688410142734
3279,Inner Mongolia,0.305160298563956,0.605262262652852,1.39365081690134,1.99891307955419
3280,Inner Mongolia,0.304479575716368,0.60308831314035,2.17698419132521,2.78007250446556
3281,Inner Mongolia,0.311111106657123,0.619340912407435,2.54007940077119,3.15942031317863
3282,Inner Mongolia,0.31099034586024,0.626276766913484,1.69365083792853,2.31992760484201
3283,Inner Mongolia,0.313241112209958,0.635213968793305,1.72420637522425,2.35942034401755
3284,Inner Mongolia,0.32516467548681,0.698930282937588,1.26230164203379,1.96123192497138
3285,Inner Mongolia,0.296146242649057,0.602346418952483,2.0646826135852,2.66702903253769
3286,Inner Mongolia,0.304424671349056,0.626017935280967,4.73412708157585,5.36014501685682
3287,Inner Mongolia,0.310639001051153,0.646256016072443,6.01388899526662,6.66014501133907
3288,Inner Mongolia,0.272156363177257,0.50717739562142,6.9007937633802,7.40797115900162
3289,Inner Mongolia,0.267007010155732,0.497463732594054,7.40833348361036,7.90579721620442
3290,Inner Mongolia,0.364525706708909,0.770945498561699,7.07579376264697,7.84673926120867
3291,Inner Mongolia,0.316194567939804,0.645669488238878,6.86230169295792,7.50797118119679
3292,Inner Mongolia,0.358344332639375,0.745393415772869,7.11547632024638,7.86086973601925
3293,Jilin,0.296332907728396,0.597739863793672,6.83849216651704,7.43623203031071
3294,Jilin,0.30501756058138,0.618115925660075,6.43333346290248,7.05144938856255
3295,Jilin,0.300823461973601,0.609092516019901,6.0496032585109,6.6586957745308
3296,Jilin,0.284486164246859,0.571376808906799,5.75000011702142,6.32137692592822
3297,Jilin,0.33747256536251,0.704796454601193,5.28650803659998,5.99130449120117
3298,Jilin,0.32139876715636,0.670962721874243,4.26309533500009,4.93405805687434
3299,Jilin,0.285353518849043,0.571946127752833,2.49761914639246,3.06956527414529
3300,Jilin,0.27139878600057,0.537732942326777,3.34523816406727,3.88297110639405
3301,Jilin,0.339580588269329,0.665217377478096,3.34166673582698,4.00688411330507
3302,Jilin,0.270652183529102,0.5407522610685,3.5480159064607,4.0887681675292
3303,Xinjiang,0.404776009957179,0.98695650004529,9.77500019453111,10.7619566945764
3304,Xinjiang,0.408047874265489,0.98212561870265,8.29722237705238,9.27934799575503
3305,Xinjiang,0.410199830207121,0.985852352033056,6.33769848383963,7.32355083587269
3306,Xinjiang,0.491359257063598,1.2068150748079,4.50912707296038,5.71594214776828
3307,Xinjiang,0.467138790376206,1.1410628132846,1.1777778416872,2.31884065497181
3308,Xinjiang,0.401076004911193,0.944996602205962,3.49087308509837,4.43586968730433
3309,Xinjiang,0.403370684609929,0.947705353501594,5.7388889719806,6.6865943254822
3310,Xinjiang,0.404721132550367,0.949258159181478,7.82936520179704,8.77862336097852
3311,Xinjiang,0.37278216413918,0.85767767781082,9.34087320103768,10.1985508788485
3312,Xinjiang,0.332169522998014,0.7330400304068,9.93253981901539,10.6655798494222
3313,Xinjiang,0.330028534705309,0.72522428635639,9.94325416180349,10.6684784481599
3314,Xinjiang,0.360979373901788,0.825414106180395,8.77857155805188,9.60398566423227
3315,Xinjiang,0.358893266009051,0.817460293080104,7.82420651558491,8.64166680866501
3316,Xinjiang,0.356960929476206,0.808540401625491,7.0892858471544,7.89782624877989
3317,Xinjiang,0.474187528413504,0.915407168264373,7.03531761183625,7.95072478010063
3318,Xinjiang,0.474648667035603,0.913354066681963,7.42976203395261,8.34311610063457
3319,Xinjiang,0.323814222588317,0.651242245392317,6.81904775371391,7.47028999910623
3320,Xinjiang,0.438153269215207,0.829710158468671,6.49166680635914,7.32137696482781
3321,Inner Mongolia,0.301844525761611,0.591942680026537,-0.494841250576197,0.0971014294503392
3322,Inner Mongolia,0.305797091275813,0.606935790699461,0.0535714663565159,0.660507257055977
3323,Inner Mongolia,0.306774285182252,0.607160149712894,1.27182540944999,1.87898555916289
3324,Inner Mongolia,0.307158524815941,0.607867486490833,1.69285717405497,2.3007246605458
3325,Inner Mongolia,0.312922708212439,0.626069714395577,1.87103175046662,2.49710146486219
3326,Inner Mongolia,0.315162505624021,0.636042107252714,1.79801592411148,2.4340580313642
3327,Inner Mongolia,0.32516467548681,0.698930282937588,1.26230164203379,1.96123192497138
3328,Inner Mongolia,0.347573580134449,0.73264324216955,1.59960317984223,2.33224642201178
3329,Inner Mongolia,0.309255576195571,0.642632797866896,3.45555567717741,4.09818847504431
3330,Inner Mongolia,0.340030751219302,0.715493478427279,4.17182546877672,4.887318947204
3331,Inner Mongolia,0.347727281576842,0.729347858043211,5.81666675452439,6.5460146125676
3332,Inner Mongolia,0.364108479043921,0.767770867487526,6.91230173172459,7.68007259921211
3333,Jilin,0.36584321137143,0.771842643753559,6.78214299989243,7.55398564364599
3334,Jilin,0.316194567939804,0.645669488238878,6.86230169295792,7.50797118119679
3335,Jilin,0.315985966596522,0.643995882535778,6.65238106005367,7.29637694258945
3336,Jilin,0.313230145698087,0.636335443551062,6.13214295286508,6.76847839641614
3337,Jilin,0.351218713120241,0.732591464445817,6.1376985205367,6.87028998498252
3338,Jilin,0.362648210889502,0.765338158254236,6.05277791007289,6.81811606832713
3339,Jilin,0.347408894456016,0.737715716800911,5.74960326849823,6.48731898529914
3340,Jilin,0.303249908157174,0.619151170692664,4.57142862441048,5.19057979510314
3341,Jilin,0.307663599879931,0.628260879740735,3.85833339606013,4.48659427580086
3342,Jilin,0.284705755388758,0.576293989931142,3.41428580667291,3.99057979660406
3343,Jilin,0.271837939675546,0.539354731297292,3.4932540241215,4.03260875541879
3344,Heilongjiang,0.270136126553902,0.539164903083285,3.27460323605273,3.81376813913601
3345,Jilin,0.35723538075966,0.693512731169403,4.58293661034651,5.27644934151592
3346,Jilin,0.352097053540528,0.680365728989521,3.29246039759545,3.97282612658497
3347,Jilin,0.368423352284675,0.727846751177235,2.87976197496293,3.60760872614017
3348,Xinjiang,0.404776009957179,0.98695650004529,9.77500019453111,10.7619566945764
3349,Xinjiang,0.406796235333495,0.991511406023454,3.90595244991756,4.89746385594101
3350,Xinjiang,0.489800187785687,1.214216741176,1.71150793170645,2.92572467288245
3351,Xinjiang,0.492720693037352,1.21825399013137,1.94841274391446,3.16666673404583
3352,Xinjiang,0.467281526442148,1.14504832089631,-3.41388894721038,-2.26884062631407
3353,Xinjiang,0.450966182584904,1.10921324253098,0.144047631482993,1.25326087401397
3354,Xinjiang,0.393302582980648,0.922170442222438,10.0075398810385,10.929710323261
3355,Xinjiang,0.334134848169135,0.773119429283209,10.2507937985753,11.0239132278585
3356,Xinjiang,0.36572243008954,0.843340169229617,10.3765874874911,11.2199276567207
3357,Xinjiang,0.365623631923213,0.841718453442159,10.2452382502693,11.0869567037115
3358,Xinjiang,0.362823900412875,0.831728807823405,9.42261918202516,10.2543479898486
3359,Xinjiang,0.468533168026999,0.902743283380275,7.93928584870365,8.84202913208392
3360,Xinjiang,0.356060591512014,0.810731500726555,6.59325409787042,7.40398559859697
3361,Xinjiang,0.356269235824565,0.808868217312207,6.00634930294657,6.81521752025878
3362,Xinjiang,0.472902959694478,0.908367853418886,4.36626990920021,5.2746377626191
3363,Xinjiang,0.471947722925551,0.905452007475374,4.50396838388036,5.40942039135574
3364,Inner Mongolia,0.308256467793678,0.607971025042087,0.908333348051186,1.51630437309327
3365,Inner Mongolia,0.31661178774029,0.636766779867018,0.689682548599584,1.3264493284666
3366,Inner Mongolia,0.315162505624021,0.636042107252714,1.79801592411148,2.4340580313642
3367,Inner Mongolia,0.292984181677217,0.58681850623162,1.5682540021482,2.15507250837982
3368,Inner Mongolia,0.299297316867791,0.612353343318626,1.27460321949588,1.88695656281451
3369,Inner Mongolia,0.310430396870139,0.637422347802533,1.24880958088334,1.88623192868587
3370,Inner Mongolia,0.306631531208086,0.617270533620201,2.71388893042292,3.33115946404312
3371,Inner Mongolia,0.272013614473633,0.507556935546057,5.34642866017327,5.85398559571932
3372,Inner Mongolia,0.351152832140892,0.730797082289869,6.05833344569518,6.78913052798505
3373,Jilin,0.352064127124581,0.730089717685374,6.32063503323921,7.05072475092459
3374,Jilin,0.36592006899063,0.771532089354983,6.61904776779314,7.39057985714812
3375,Jilin,0.357992972785973,0.744513475131102,6.37976202620046,7.12427550133156
3376,Jilin,0.352151968336852,0.733833703435469,6.15674612833749,6.89057983177296
3377,Jilin,0.349462035977963,0.728743986423938,5.82777786881678,6.55652185524072
3378,Jilin,0.305017546980062,0.622843279055299,5.57063504808124,6.19347832713654
3379,Jilin,0.258673702169915,0.492943423826522,5.19365086205422,5.68659428588074
3380,Jilin,0.302382542020823,0.619444471555766,4.75555564927322,5.37500012082898
3381,Jilin,0.299429067927112,0.613768089596077,3.79166676127721,4.40543485087329
3382,Heilongjiang,0.2804347831571,0.540062092486293,2.85595241283614,3.39601450532243
3383,Heilongjiang,0.313691273580322,0.604365118449519,2.60396829673222,3.20833341518174
3384,Heilongjiang,0.33870224266603,0.660162192241662,2.6873016466224,3.34746383886406
3385,Jilin,0.332663594812587,0.649930975976444,3.15912704950287,3.80905802547932
3386,Jilin,0.336517348623768,0.657315400559544,2.79920643899176,3.4565218395513
3387,Heilongjiang,0.36432806929908,0.710645297037023,3.29841275442214,4.00905805145917
3388,Xinjiang,0.404995622151794,0.984075272459668,7.42896838947421,8.41304366193388
3389,Xinjiang,0.403535372819334,0.988026282560464,1.47936509596923,2.46739137852969
3390,Xinjiang,0.407103657128586,0.993288511661022,4.50634930894843,5.49963782060945
3391,Xinjiang,0.491853313554908,1.22154934490659,9.01468266520117,10.2362320101078
3392,Xinjiang,0.463383849041899,1.14070053389611,9.00277791648275,10.1434784503789
3393,Xinjiang,0.443829611090222,1.09057973842911,9.31666679718783,10.4072465356169
3394,Xinjiang,0.452788761426312,1.08091788627387,7.85277792293992,8.9336958092138
3395,Xinjiang,0.374637729339023,0.876932483111183,10.1444445485397,11.0213770316509
3396,Xinjiang,0.413175219774645,0.940027591526208,10.1313493275453,11.0713769190715
3397,Xinjiang,0.346069383493439,0.771859910111589,9.92777795202675,10.6996378621383
3398,Xinjiang,0.359343424473787,0.824430659989229,9.27738108506633,10.1018117450556
3399,Xinjiang,0.468533168026999,0.902743283380275,7.93928584870365,8.84202913208392
3400,Xinjiang,0.410463339278166,0.740976526624962,6.17460329310289,6.91557981972785
3401,Xinjiang,0.411725959644461,0.744634233976877,5.3658731474822,6.11050738145908
3402,Xinjiang,0.412428653455017,0.746997946127737,4.83452390681302,5.58152185294075
3403,Xinjiang,0.477733883460297,0.851449336290997,3.91666671414933,4.76811605044033
3404,Xinjiang,0.478722008343559,0.852726050122307,4.00198420420999,4.85471025433229
3405,Inner Mongolia,0.320234966535918,0.638681868618269,0.946825419390012,1.58550728800828
3406,Inner Mongolia,0.31661178774029,0.636766779867018,0.689682548599584,1.3264493284666
3407,Inner Mongolia,0.315030752302041,0.635317483531237,1.00634923896619,1.64166672249743
3408,Inner Mongolia,0.302777780071032,0.605262245642236,1.03531748727555,1.64057973291779
3409,Inner Mongolia,0.298396997914523,0.609472026567703,0.945238181641177,1.55471020820888
3410,Inner Mongolia,0.311583231144769,0.639510044950177,0.637301615897625,1.2768116608478
3411,Inner Mongolia,0.291875249462846,0.578243543472967,2.47936516397056,3.05760870744353
3412,Inner Mongolia,0.307279325736998,0.602570748628934,3.54960326418754,4.15217401281647
3413,Inner Mongolia,0.310386459050691,0.622377448186298,4.69682551054136,5.31920295872766
3414,Jilin,0.352064127124581,0.730089717685374,6.32063503323921,7.05072475092459
3415,Jilin,0.315063676451238,0.643685306938528,6.12261916708852,6.76630447402704
3416,Jilin,0.315305227511118,0.642494827274972,6.00714298420482,6.6496378114798
3417,Jilin,0.351723782617564,0.735006950390727,5.95992069318891,6.69492764357963
3418,Jilin,0.272540637237569,0.512853731131958,5.75634928000352,6.26920301113548
3419,Jilin,0.29970356599429,0.608091808624146,5.1361111863738,5.74420299499795
3420,Jilin,0.304205109716627,0.624965535997417,5.12539688178471,5.75036241778213
3421,Jilin,0.278579270700299,0.559661822542653,4.74722231442611,5.30688413696877
3422,Heilongjiang,0.227470360359289,0.461456204292134,4.36825400218368,4.82971020647581
3423,Heilongjiang,0.278886688805276,0.5684782368426,2.27500006272679,2.84347829956939
3424,Heilongjiang,0.280808082499104,0.567201523327515,2.18968260193628,2.7568841252638
3425,Heilongjiang,0.333212562703777,0.650655635086893,4.13412704992862,4.78478268501551
3426,Heilongjiang,0.329852874620237,0.645600371535809,2.95476197155695,3.60036234309276
3427,Heilongjiang,0.35827844529742,0.698050387008303,3.21825403448135,3.91630442148965
3428,Heilongjiang,0.359464211740356,0.701052486186935,4.0920635369562,4.79311602314313
3429,Xinjiang,0.40198726819474,0.981504492459111,-2.92896830473864,-1.94746381227953
3430,Xinjiang,0.403535372819334,0.988026282560464,1.47936509596923,2.46739137852969
3431,Xinjiang,0.412955646618684,1.00697034915165,0.319841256453877,1.32681160560553
3432,Xinjiang,0.484958274235976,1.21551069022613,5.03412708524792,6.24963777547405
3433,Xinjiang,0.432059750813282,1.06589030203833,3.52976198098253,4.59565228302086
3434,Xinjiang,0.436846730087016,1.07674258745682,5.61746043889295,6.69420302634978
3435,Xinjiang,0.452788761426312,1.08091788627387,7.85277792293992,8.9336958092138
3436,Xinjiang,0.407894178186893,0.948033129624135,6.87261919068202,7.82065232030616
3437,Xinjiang,0.410155931449232,0.941839276217154,9.84801599401094,10.7898552702281
3438,Xinjiang,0.413844991805008,0.946031792897903,9.66230172261832,10.6083335155162
3439,Xinjiang,0.461561277495647,0.886887532366432,9.02579379433559,9.91268132670202
3440,Xinjiang,0.465151511961378,0.890458937015787,8.31388901100154,9.20434794801733
3441,Xinjiang,0.410463339278166,0.740976526624962,6.17460329310289,6.91557981972785
3442,Xinjiang,0.416150638499887,0.754037262321679,5.01190487679745,5.76594213911913
3443,Xinjiang,0.414997826163896,0.753933763029949,4.45476198840945,5.2086957514394
3444,Xinjiang,0.415283277937566,0.755745356689094,4.02976198367301,4.78550734036211
3445,Xinjiang,0.483047866445324,0.863457552490922,2.45357149440263,3.31702904689355
3446,Inner Mongolia,0.318950389531925,0.63928575625449,0.435714256875808,1.0750000131303
3447,Inner Mongolia,0.311912611184161,0.624603173399204,0.275396816580305,0.899999989979509
3448,Inner Mongolia,0.312878806350142,0.625241612546336,-0.0277777921467547,0.597463820399582
3449,Inner Mongolia,0.312395696194092,0.636197386826263,-0.516269846242808,0.119927540583455
3450,Inner Mongolia,0.311198941139495,0.634040713200977,-0.678968268431841,-0.0449275552308646
3451,Inner Mongolia,0.305983752737024,0.590907519297601,1.48373020697562,2.07463772627323
3452,Inner Mongolia,0.314295133831839,0.629399586342959,2.49523814353678,3.12463772987974
3453,Jilin,0.310386459050691,0.622377448186298,4.69682551054136,5.31920295872766
3454,Inner Mongolia,0.309299504536551,0.608902658810846,5.73095251058066,6.3398551693915
3455,Jilin,0.307509906547447,0.604296144275441,5.82976197309437,6.43405811736981
3456,Jilin,0.296662277739608,0.582073865199988,5.7103175485418,6.29239141374179
3457,Heilongjiang,0.292413268160594,0.605590067580187,5.48571438661644,6.09130445419662
3458,Heilongjiang,0.299033828403639,0.612025557462516,4.99087309435246,5.60289865181498
3459,Heilongjiang,0.29970356599429,0.608091808624146,5.1361111863738,5.74420299499795
3460,Heilongjiang,0.282103649156105,0.56909938923773,4.9345238766973,5.50362326593503
3461,Heilongjiang,0.305204246324054,0.626380330487685,4.52579370176508,5.15217403225277
3462,Heilongjiang,0.233399212720313,0.481694272174927,3.06468259625965,3.54637686843457
3463,Heilongjiang,0.275955207704791,0.562594884658185,3.29682547161503,3.85942035627322
3464,Heilongjiang,0.280808082499104,0.567201523327515,2.18968260193628,2.7568841252638
3465,Heilongjiang,0.311187972945763,0.601915100295022,2.59047623286172,3.19239133315674
3466,Heilongjiang,0.325483105687337,0.642460328307623,3.29087308285728,3.93333341116491
3467,Heilongjiang,0.350538007486374,0.682401698198377,2.77738097735814,3.45978267555651
3468,Xinjiang,0.487439625961547,1.2213768421822,0.158333327650787,1.37971016983299
3469,Xinjiang,0.391963128900326,1.00129404710445,1.81428574392247,2.81557979102692
3470,Xinjiang,0.405478712174588,0.945376136496384,3.80317466883432,4.74855080533071
3471,Xinjiang,0.407894178186893,0.948033129624135,6.87261919068202,7.82065232030616
3472,Xinjiang,0.39639878090345,0.913457598024306,7.68690487990777,8.60036247793207
3473,Xinjiang,0.337703116126866,0.750672896140049,7.97976204220738,8.73043493834743
3474,Xinjiang,0.325109798089815,0.745169122200115,7.48055566944891,8.22572479164903
3475,Xinjiang,0.323989902822187,0.740924757312061,6.98769856693726,7.72862332424932
3476,Xinjiang,0.414426899931058,0.745997290518402,6.82936517894268,7.57536246946108
3477,Xinjiang,0.416150638499887,0.754037262321679,5.01190487679745,5.76594213911913
3478,Xinjiang,0.38512297411812,0.8509661854856,3.73055561951229,4.58152180499789
3479,Xinjiang,0.416293359314552,0.755607307605121,2.69801593323549,3.45362324084061
3480,Xinjiang,0.485606068332152,0.868461015550041,-1.47063494609698,-0.602173930546944
3481,Inner Mongolia,0.312110235269166,0.618323014401224,-1.43571430258453,-0.817391288183305
3482,Inner Mongolia,0.296640312669698,0.607246377658976,-0.175000027502103,0.432246350156872
3483,Inner Mongolia,0.314295133831839,0.629399586342959,2.49523814353678,3.12463772987974
3484,Inner Mongolia,0.313296002804166,0.627070378462012,4.30952389502809,4.9365942734901
3485,Inner Mongolia,0.305533600575996,0.609730879152084,5.04642863063112,5.65615950978321
3486,Heilongjiang,0.306005736355673,0.602829618630142,5.47579367387862,6.07862329250876
3487,Jilin,0.303886723886647,0.597532869426544,5.34087305560353,5.93840592503008
3488,Heilongjiang,0.289426894643339,0.568892368065994,4.9119048582183,5.48079722628429
3489,Heilongjiang,0.299033828403639,0.612025557462516,4.99087309435246,5.60289865181498
3490,Heilongjiang,0.294367609497325,0.599258167074004,4.71269843076903,5.31195659784303
3491,Heilongjiang,0.286769894905123,0.575120814364427,4.73611114697442,5.31123196133885
3492,Heilongjiang,0.24900086132951,0.52092818984488,3.63849210881052,4.1594202986554
3493,Heilongjiang,0.271750101007335,0.553916482153312,3.06746036334643,3.62137684549974
3494,Heilongjiang,0.275680726560116,0.558850934168516,2.89404766781936,3.45289860198787
3495,Heilongjiang,0.279819957293541,0.564613569823522,2.85277777011432,3.41739133993785
3496,Heilongjiang,0.286989464819248,0.57803659216135,2.74841272215995,3.3264493143213
3497,Heilongjiang,0.320838811159867,0.636231856542756,3.32500007701299,3.96123193355574
3498,Heilongjiang,0.340645580449856,0.664216696599009,3.65317470544861,4.31739140204761
3499,Xinjiang,0.438658333411722,1.09335751384188,6.34722234672379,7.44057986056567
3500,Xinjiang,0.410122977369282,1.01442374448434,6.71746043517949,7.73188417966383
3501,Xinjiang,0.411671057733681,1.01557970493569,6.35000010908005,7.36557981401574
3502,Xinjiang,0.332378117114855,0.757763918098436,5.59404773900788,6.35181165710632
3503,Xinjiang,0.409244615007085,0.711369919164519,1.97341275037754,2.68478266954206
3504,Xinjiang,0.321848951219583,0.745738498817712,3.40317463496375,4.14891313378146
3505,Xinjiang,0.320333763858042,0.73916491982961,5.09126995432945,5.83043487415906
3506,Xinjiang,0.322650436932842,0.735110508622517,6.41706359114439,7.15217409976691
3507,Xinjiang,0.32370443716907,0.733419610294106,6.28650803337731,7.01992764367142
3508,Xinjiang,0.326043030995586,0.737456867116548,5.34007945319726,6.07753632031381
3509,Xinjiang,0.411583221136712,0.747118689752267,2.17063496155398,2.91775365130625
3510,Xinjiang,0.383805460873688,0.842805415348216,0.00357142824029167,0.846376843588508
3511,Xinjiang,0.491370248240589,0.879589448195129,-2.81111118303878,-1.93152173484365
3512,Inner Mongolia,0.301174802637749,0.612991710416484,-3.16190480899125,-2.54891309857476
3513,Inner Mongolia,0.291666676617135,0.597567307879137,-2.05119051033306,-1.45362320245392
3514,Inner Mongolia,0.303513371293606,0.584868835118195,1.29484132559054,1.87971016070873
3515,Inner Mongolia,0.302459388559044,0.584886161652904,3.6571429059619,4.2420290676148
3516,Inner Mongolia,0.305171286125271,0.595721190513785,4.41587307907286,5.01159426958665
3517,Inner Mongolia,0.303491445188727,0.602743296473293,4.96428581256242,5.56702910903571
3518,Heilongjiang,0.298067638358501,0.587439592272105,4.69444455028999,5.2818841425621
3519,Heilongjiang,0.295674129446897,0.583229823424908,4.3678572061989,4.95108702962381
3520,Heilongjiang,0.278151089298552,0.570790234562383,4.48174607333919,5.05253630790158
3521,Heilongjiang,0.276504175233596,0.568806088642005,4.32539692314135,4.89420301178335
3522,Heilongjiang,0.270608285729122,0.556763372649463,3.92222222458157,4.47898559723104
3523,Heilongjiang,0.26697409093596,0.552708764112535,3.57301593016064,4.12572469427318
3524,Heilongjiang,0.272200273648461,0.548343702635274,3.17738103559093,3.7257247382262
3525,Heilongjiang,0.267918330917055,0.521463105416477,3.29484130300227,3.81630440841874
3526,Heilongjiang,0.267698722512354,0.521618353407328,2.06388891594751,2.58550726935483
3527,Heilongjiang,0.234090901551327,0.441011049717233,2.90753971536954,3.34855076508678
3528,Heilongjiang,0.271102333743228,0.529261558578241,2.91349211453445,3.4427536731127
3529,Heilongjiang,0.334716745951247,0.65465842371998,3.72142862516736,4.37608704888734
3530,Heilongjiang,0.344587182469886,0.673723242883851,4.46468260103748,5.13840584392133
3531,Heilongjiang,0.339426871351521,0.661594185929325,4.74166676520355,5.40326095113288
3532,Heilongjiang,0.322222231503218,0.624154604759307,4.53888896320547,5.16304356796478
3533,Xinjiang,0.40600571353651,0.989026916276965,6.08452391473665,7.07355083101362
3534,Xinjiang,0.399286363502906,0.981245743207189,4.43650796867552,5.41775371188271
3535,Xinjiang,0.330709271285917,0.753968272634555,0.45436509349753,1.20833336613208
3536,Xinjiang,0.409244615007085,0.711369919164519,1.97341275037754,2.68478266954206
3537,Xinjiang,0.41407554920928,0.716235334511262,0.384126969627918,1.10036230413918
3538,Xinjiang,0.319707944576101,0.731262921110782,2.43214293649154,3.16340585760232
3539,Xinjiang,0.41732543004455,0.74275361722897,6.46666679803341,7.20942041526238
3540,Xinjiang,0.421420747099291,0.756832342497164,6.27142866937414,7.02826101187131
3541,Xinjiang,0.413581469627551,0.747204993697868,5.45714291936112,6.20434791305899
3542,Xinjiang,0.411583221136712,0.747118689752267,2.17063496155398,2.91775365130625
3543,Xinjiang,0.411484420509763,0.750414109063188,-3.27142864267623,-2.52101453361304
3544,Xinjiang,0.468368482543258,0.972291264672725,-4.38968263368403,-3.41739136901131
3545,Inner Mongolia,0.305160282206708,0.607505103501216,2.44285721911324,3.05036232261446
3546,Inner Mongolia,0.291578818006268,0.547256704901902,2.15238101319188,2.69963771809378
3547,Inner Mongolia,0.317347379814429,0.638854374875121,-2.1801587285267,-1.54130435365158
3548,Inner Mongolia,0.297683368084014,0.596601131745583,-2.86507942196396,-2.26847829021837
3549,Inner Mongolia,0.291666676617135,0.597567307879137,-2.05119051033306,-1.45362320245392
3550,Inner Mongolia,0.309683811146934,0.601225024756376,1.49841268928278,2.09963771403916
3551,Inner Mongolia,0.278107135761553,0.51961692936302,2.87023818918637,3.38985511854939
3552,Heilongjiang,0.295838818721372,0.567270510434704,3.77222228830769,4.33949279874239
3553,Heilongjiang,0.29964865652495,0.582056621269543,4.4146826091326,4.99673923040214
3554,Heilongjiang,0.2952459530302,0.578450699576568,4.21031752403175,4.78876822360832
3555,Heilongjiang,0.295674129446897,0.583229823424908,4.3678572061989,4.95108702962381
3556,Heilongjiang,0.290909101456881,0.57232574320008,4.09325404335109,4.66557978655117
3557,Heilongjiang,0.266985075800243,0.549775726729433,3.62341275018832,4.17318847691775
3558,Heilongjiang,0.262681154695372,0.541356098207627,3.41190479908671,3.95326089729433
3559,Heilongjiang,0.265744415549893,0.545341653159317,3.12857145283903,3.67391310599835
3560,Heilongjiang,0.267094856070017,0.550465809565688,2.38214289669007,2.93260870625575
3561,Heilongjiang,0.262143165278864,0.533178056650034,2.03928572507132,2.57246378172135
3562,Heilongjiang,0.263647315491173,0.514872240117289,3.04563500081736,3.56050724093465
3563,Heilongjiang,0.241403172302256,0.461576952795023,3.57936512406856,4.04094207686359
3564,Heilongjiang,0.27848044104079,0.547015128164886,3.5051588252305,4.05217395339539
3565,Heilongjiang,0.334716745951247,0.65465842371998,3.72142862516736,4.37608704888734
3566,Heilongjiang,0.332685534079503,0.647204940065258,4.05714295828153,4.70434789834679
3567,Heilongjiang,0.313383840750879,0.605900613021611,3.83214293112831,4.43804354414992
3568,Heilongjiang,0.317545023091959,0.619582478293804,3.84563498742997,4.46521746572377
3569,Xinjiang,0.193324547419697,0.455659063081749,0.659920666899,1.11557972998075
3570,Xinjiang,0.41407554920928,0.716235334511262,0.384126969627918,1.10036230413918
3571,Xinjiang,0.383640748988976,0.87358525295384,5.47460324287651,6.34818849583035
3572,Xinjiang,0.362648222581547,0.813060732998,5.25396834863793,6.06702908163593
3573,Xinjiang,0.421892826826192,0.753467849564395,4.58928584446391,5.34275369402831
3574,Xinjiang,0.398243304494184,0.719461689670388,3.1095238668578,3.82898555652819
3575,Xinjiang,0.402931484466171,0.734385771978983,0.667063519299503,1.40144929127849
3576,Xinjiang,0.411484420509763,0.750414109063188,-3.27142864267623,-2.52101453361304
3577,Inner Mongolia,0.31747915480919,0.618840626302754,1.64166665065383,2.26050727695659
3578,Inner Mongolia,0.315843219895425,0.620220856005783,0.950793646039471,1.57101450204525
3579,Inner Mongolia,0.308838379029045,0.613802633781096,0.799603183058992,1.41340581684009
3580,Inner Mongolia,0.303590272079219,0.583540401499258,0.247619055093281,0.831159456592539
3581,Inner Mongolia,0.301844528708141,0.582384416080235,-0.709920632372063,-0.127536216291828
3582,Inner Mongolia,0.29990119606479,0.579244318816058,-1.19880954028359,-0.619565221467528
3583,Inner Mongolia,0.297683368084014,0.596601131745583,-2.86507942196396,-2.26847829021837
3584,Inner Mongolia,0.276877474973979,0.527898514947968,-0.758333313677992,-0.230434798730024
3585,Inner Mongolia,0.277722883638245,0.570048296777821,0.20277777553669,0.772826072314511
3586,Inner Mongolia,0.277327623810549,0.577139409396507,1.71706354553028,2.29420295492678
3587,Heilongjiang,0.289009684298415,0.548516234772484,3.37539685411113,3.92391308888361
3588,Heilongjiang,0.29639878879282,0.597515563431065,3.60357147869137,4.20108704212243
3589,Heilongjiang,0.2952459530302,0.578450699576568,4.21031752403175,4.78876822360832
3590,Heilongjiang,0.291348260094002,0.570686654340067,3.80793658856835,4.37862324290841
3591,Heilongjiang,0.290502856658558,0.570738456874643,3.11150795871776,3.68224641559241
3592,Heilongjiang,0.277832680674279,0.570013816803283,3.0531746379085,3.62318845471178
3593,Heilongjiang,0.279797976019354,0.581073114395224,2.88015879950826,3.46123191390349
3594,Heilongjiang,0.268950373209198,0.552018635607407,2.15595243516422,2.70797107077163
3595,Heilongjiang,0.269038206071879,0.553657682991752,1.62460323080184,2.17826091379359
3596,Heilongjiang,0.290294245369716,0.580348507464549,0.696825436892964,1.27717394435751
3597,Heilongjiang,0.250724631414426,0.485817801322996,1.11309527286461,1.59891307418761
3598,Heilongjiang,0.279413714617995,0.55037960712332,3.39563494518636,3.94601455230968
3599,Heilongjiang,0.27848044104079,0.547015128164886,3.5051588252305,4.05217395339539
3600,Heilongjiang,0.316930162233247,0.630624538515048,2.94365088286854,3.57427542138359
3601,Heilongjiang,0.305050487601029,0.591149021749911,3.14761912822723,3.73876814997714
3602,Heilongjiang,0.284321484708529,0.568288498632017,3.66468260709256,4.23297110572457
3603,Heilongjiang,0.273682509244247,0.579675736899433,3.23373019080313,3.81340592770257
3604,Xinjiang,0.417556009568244,0.729572142861922,3.75158737821593,4.48115952107785
3605,Xinjiang,0.355116398820182,0.791770220490582,2.6404762508732,3.43224647136378
3606,Xinjiang,0.407729479083837,0.73195309783001,-0.525793682458618,0.206159415371392
3607,Xinjiang,0.401229686157342,0.723913058788973,-3.09166671725966,-2.36775365847068
3608,Inner Mongolia,0.316227473545988,0.614820541918093,0.700396862235807,1.3152174041539
3609,Inner Mongolia,0.302909521697695,0.575776369307702,1.12023812768951,1.69601449699721
3610,Inner Mongolia,0.304721140914192,0.581677049744213,0.652380932802482,1.2340579825467
3611,Inner Mongolia,0.308355295970107,0.610955848012137,0.103174622274107,0.714130470286245
3612,Inner Mongolia,0.300186667482536,0.576294026462897,-0.827380969854338,-0.251086943391441
3613,Inner Mongolia,0.29990119606479,0.579244318816058,-1.19880954028359,-0.619565221467528
3614,Inner Mongolia,0.297079514343983,0.58002075628526,-1.74523813277483,-1.16521737648957
3615,Inner Mongolia,0.290393064821079,0.588923388324663,-1.85595243069388,-1.26702904236921
3616,Inner Mongolia,0.288877903236355,0.573481717400814,-0.190872991428016,0.382608725972798
3617,Inner Mongolia,0.270674101182137,0.546014412968909,0.875000077905873,1.42101449087478
3618,Inner Mongolia,0.280160328747151,0.52034168805107,2.10357141542056,2.62391310347163
3619,Heilongjiang,0.278304792047332,0.519202923089821,2.31666665914513,2.83586958223495
3620,Heilongjiang,0.284969246082849,0.575638342011152,3.53849213061825,4.1141304726294
3621,Heilongjiang,0.284233613257927,0.579934380575758,2.86825405303685,3.4481884336126
3622,Heilongjiang,0.286638142285009,0.560973140781937,2.56547620916177,3.12644934994371
3623,Heilongjiang,0.271398758189323,0.554175291578058,2.21031748018568,2.76449277176373
3624,Heilongjiang,0.241227492657365,0.497619023768962,1.75238098227789,2.25000000604685
3625,Heilongjiang,0.268950373209198,0.552018635607407,2.15595243516422,2.70797107077163
3626,Heilongjiang,0.251504192199946,0.498550784472683,1.34166666203075,1.84021744650343
3627,Heilongjiang,0.252426473483555,0.490079430541894,0.243253912126261,0.733333342668155
3628,Heilongjiang,0.25164689007798,0.489768778099284,1.22182547265575,1.71159425075503
3629,Heilongjiang,0.251416352495296,0.491304384376096,2.90000005042742,3.39130443480352
3630,Heilongjiang,0.277283702084945,0.544375413832086,3.36468260806231,3.9090580218944
3631,Heilongjiang,0.285737807390051,0.573429960675225,3.97222229684629,4.54565225752152
3632,Heilongjiang,0.283893282549373,0.571463081007471,3.92817464943916,4.49963773044663
3633,Heilongjiang,0.282707526760407,0.570082838974219,3.67738103133345,4.24746387030767
3634,Heilongjiang,0.273682509244247,0.579675736899433,3.23373019080313,3.81340592770257
3635,Xinjiang,0.407575787527288,0.727208469821471,-0.425396858433646,0.301811611387825
3636,Xinjiang,0.41086957308222,0.737111810371125,-2.36428575643471,-1.62717394606359
3637,Xinjiang,0.353524396243453,0.782746775044941,-4.30992072536832,-3.52717395032338
3638,Inner Mongolia,0.316578852548561,0.618823355468719,-0.42063493343691,0.198188422031809
3639,Inner Mongolia,0.312725084631339,0.608523118094361,-0.264682539280445,0.343840578813916
3640,Inner Mongolia,0.304424686448998,0.598585277172339,0.18293648340281,0.781521760575149
3641,Inner Mongolia,0.300757587037827,0.577139434812808,-0.616269870853377,-0.0391304360405691
3642,Inner Mongolia,0.300186667482536,0.576294026462897,-0.827380969854338,-0.251086943391441
3643,Inner Mongolia,0.292182679534724,0.572567239618398,-0.817857128553211,-0.245289888934813
3644,Inner Mongolia,0.287011437771656,0.561059388881607,-2.05634927279538,-1.49528988391377
3645,Inner Mongolia,0.284914344566358,0.556642470423717,-1.78888891669848,-1.23224644627476
3646,Inner Mongolia,0.287274922272473,0.571221537202895,-1.2357143106619,-0.66449277345901
3647,Inner Mongolia,0.266480010614735,0.538681811593303,-0.0781745737684624,0.460507237824841
3648,Inner Mongolia,0.257850240610072,0.523705998861107,0.435714338980024,0.959420337841131
3649,Inner Mongolia,0.278304792047332,0.519202923089821,2.31666665914513,2.83586958223495
3650,Heilongjiang,0.265360125184687,0.53890614216187,2.26507939469247,2.80398553685434
3651,Heilongjiang,0.272507683273779,0.534972397149062,1.86865083565788,2.40362323280694
3652,Heilongjiang,0.279951694219009,0.570082846234551,1.66071428216639,2.23079712840094
3653,Heilongjiang,0.266677654635032,0.528329911079383,1.20753966437446,1.73586957545384
3654,Heilongjiang,0.261945545722452,0.516718450193265,0.611904751332033,1.1286232015253
3655,Heilongjiang,0.256862107080276,0.506573504018241,1.10357143055825,1.61014493457649
3656,Heilongjiang,0.25485290869331,0.4911146422654,0.548015827815684,1.03913047008108
3657,Heilongjiang,0.28638558986944,0.602691526008607,0.910714330654296,1.5134058566629
3658,Heilongjiang,0.288888882747477,0.614044155636282,-0.0698412210636196,0.544202934572662
3659,Heilongjiang,0.251416352495296,0.491304384376096,2.90000005042742,3.39130443480352
3660,Heilongjiang,0.285452352731203,0.572273982472827,3.58968257407347,4.1619565565463
3661,Heilongjiang,0.259244648650531,0.536197421762493,3.55873021932822,4.09492764109071
3662,Heilongjiang,0.261550291667565,0.518564532062949,3.41150798092759,3.93007251299054
3663,Heilongjiang,0.282707526760407,0.570082838974219,3.67738103133345,4.24746387030767
3664,Heilongjiang,0.27382521701058,0.550224302224738,2.41825402066821,2.96847832289295
3665,Xinjiang,0.410133950650319,0.734955139958226,-4.23531751878678,-3.50036237882855
3666,Inner Mongolia,0.315382065477245,0.611990979893854,-0.975396777281449,-0.363405797387595
3667,Inner Mongolia,0.312077290070524,0.607936481075597,-1.43293652506102,-0.825000043985421
3668,Inner Mongolia,0.304183116347108,0.578485114115571,-0.865079314994907,-0.286594200879335
3669,Inner Mongolia,0.296387828001405,0.566511474907131,-1.01904767914306,-0.452536204235925
3670,Inner Mongolia,0.295761961393389,0.563595579330359,-0.839682552194785,-0.276086972864426
3671,Inner Mongolia,0.282147563616821,0.549930992479043,-1.23253963589077,-0.682608643411726
3672,Inner Mongolia,0.28080810523041,0.543081468562522,-1.44126988261465,-0.898188414052129
3673,Inner Mongolia,0.295092230244692,0.586335397405798,-1.84285716913522,-1.25652177172942
3674,Inner Mongolia,0.282861256645563,0.566476949420549,-1.46865085074826,-0.90217390132771
3675,Inner Mongolia,0.260024168614918,0.487525920762203,-1.21904763688762,-0.731521716125417
3676,Inner Mongolia,0.257850240610072,0.523705998861107,0.435714338980024,0.959420337841131
3677,Inner Mongolia,0.244543288189379,0.51545901129021,1.02222221412711,1.53768122541732
3678,Heilongjiang,0.262132186388624,0.529054501597186,1.29087301804906,1.81992751964624
3679,Heilongjiang,0.27754722906994,0.562267115322926,1.10476190584993,1.66702902117285
3680,Heilongjiang,0.259738709506009,0.522774361792548,0.613095241406607,1.13586960319916
3681,Heilongjiang,0.276372398574152,0.569409895999379,0.339285748227248,0.908695644226627
3682,Heilongjiang,0.261945545722452,0.516718450193265,0.611904751332033,1.1286232015253
3683,Heilongjiang,0.272968838690769,0.545445171366732,0.0440476141751759,0.589492785541908
3684,Heilongjiang,0.277338602633711,0.562111798320364,0.0523809927500903,0.614492791070455
3685,Heilongjiang,0.278063219179697,0.56718427118549,-0.0226190388498325,0.544565232335657
3686,Heilongjiang,0.273111555712248,0.553157375804088,-0.115476220875742,0.437681154928346
3687,Heilongjiang,0.257400094507345,0.529451369622233,2.36547620807375,2.89492757769599
3688,Heilongjiang,0.255599475420314,0.525966214352872,2.99722222534437,3.52318843969724
3689,Heilongjiang,0.262351778427079,0.54839544029607,2.70595244330073,3.2543478835968
3690,Heilongjiang,0.271947761128019,0.542632897823452,3.03888889626851,3.58152179409196
3691,Heilongjiang,0.271519531511821,0.580158715225689,2.76984134694887,3.35000006217456
3692,Inner Mongolia,0.296387828001405,0.566511474907131,-1.01904767914306,-0.452536204235925
3693,Inner Mongolia,0.294104072952878,0.562422331596106,-1.14285712112628,-0.580434789530177
3694,Inner Mongolia,0.290063683645449,0.559575558131659,-2.23095241768493,-1.67137685955327
3695,Inner Mongolia,0.289525691577719,0.558488611171756,-2.72261908727269,-2.16413047610094
3696,Inner Mongolia,0.295740000988681,0.584989660571851,-2.91071432181412,-2.32572466124227
3697,Inner Mongolia,0.268346523798161,0.542443088912056,-3.3130952932591,-2.77065220434704
3698,Inner Mongolia,0.263987705041971,0.531262970735815,-2.49285716971471,-1.9615941989789
3699,Inner Mongolia,0.269718943747005,0.536835777593212,-0.27777779140761,0.259057986185602
3700,Inner Mongolia,0.238065423690957,0.497411981755913,-0.203571411677533,0.29384057007838
3701,Inner Mongolia,0.222211248393927,0.464199441298071,0.249206366460948,0.713405807759019
3702,Heilongjiang,0.2480456819312,0.496221541614112,0.205952385617864,0.702173927231975
3703,Heilongjiang,0.252602144061446,0.50324369521183,-0.412301614525772,0.0909420806860578
3704,Heilongjiang,0.276372398574152,0.569409895999379,0.339285748227248,0.908695644226627
3705,Heilongjiang,0.272540635585157,0.564527249057553,-0.250396758465776,0.314130490591777
3706,Heilongjiang,0.266754516085866,0.527104914499469,-0.540873036261589,-0.0137681217621202
3707,Heilongjiang,0.269510309591065,0.535714276569457,-0.319047620549561,0.216666656019895
3708,Heilongjiang,0.271464644437578,0.545445129538843,-0.389285698148703,0.15615943139014
3709,Heilongjiang,0.272178298373677,0.553329888178489,0.590873038544068,1.14420292672256
3710,Heilongjiang,0.287318867061502,0.613129798891093,0.919841256288309,1.5329710551794
3711,Heilongjiang,0.261111118982484,0.534989681714481,2.67261910533148,3.20760878704596
3712,Heilongjiang,0.262461577479547,0.539095930122688,2.66706352290653,3.20615945302922
3713,Heilongjiang,0.260935430614164,0.520462379054911,2.78134926680535,3.30181164586026
3714,Inner Mongolia,0.291458059190644,0.558350576898964,-1.59603170586366,-1.03768112896469
3715,Inner Mongolia,0.290382093077114,0.557401697677763,-2.26428574634095,-1.70688404866319
3716,Inner Mongolia,0.287878806101134,0.555417595130409,-2.92063495915915,-2.36521736402874
3717,Inner Mongolia,0.26992752904798,0.5209799834583,-4.466269898184,-3.9452899147257
3718,Inner Mongolia,0.284288565324334,0.566683970824952,-3.7793651561711,-3.21268118534615
3719,Inner Mongolia,0.263987705041971,0.531262970735815,-2.49285716971471,-1.9615941989789
3720,Inner Mongolia,0.251130873308757,0.503312634673096,-1.17142858687374,-0.668115952200648
3721,Inner Mongolia,0.261923584723857,0.529140827524314,-0.59761905726341,-0.0684782297390958
3722,Inner Mongolia,0.263592432618311,0.536783949941849,-0.331349172910291,0.205434777031558
3723,Heilongjiang,0.235221783134417,0.463716353118173,-0.636904744165284,-0.173188391047111
3724,Heilongjiang,0.239778226369081,0.473809544108885,-1.19047620803827,-0.716666663929388
3725,Heilongjiang,0.257696529515791,0.513699137186021,-0.915873016836861,-0.40217387965084
3726,Heilongjiang,0.264624505606879,0.546135262881192,0.0611111299977416,0.607246392878933
3727,Heilongjiang,0.266677647760342,0.553278116271506,0.270634924312906,0.823913040584412
3728,Heilongjiang,0.266205520797349,0.53017594119093,0.373809568377005,0.903985509567935
3729,Heilongjiang,0.228798861468524,0.446359555605282,0.296031780186154,0.742391335791436
3730,Heilongjiang,0.260397452506047,0.520186332688815,2.32619052131971,2.84637685400852
3731,Inner Mongolia,0.268456296695066,0.531556246569541,-2.36706350196803,-1.83550725539849
3732,Inner Mongolia,0.266512964875468,0.529744686115355,-3.08373019489504,-2.55398550877969
3733,Inner Mongolia,0.283948184957513,0.546049027165734,-4.25039692364988,-3.70434789648415
3734,Inner Mongolia,0.295882742179555,0.588095239392533,-4.92142861913003,-4.33333337973749
3735,Inner Mongolia,0.250735630780674,0.504744666134276,-4.94206357939494,-4.43731891326066
3736,Inner Mongolia,0.255676329292956,0.50914422977199,-2.70515874507172,-2.19601451529973
3737,Inner Mongolia,0.252679004146176,0.508488712463402,-2.08928579692211,-1.58079708445871
3738,Inner Mongolia,0.244367600891037,0.494634259759537,-1.5841269946051,-1.08949273484557
3739,Inner Mongolia,0.234870423468343,0.453329801490033,-0.90079359319948,-0.447463791709447
3740,Heilongjiang,0.21881863510839,0.428002108594183,-1.22619049783264,-0.798188389238456
3741,Heilongjiang,0.239778226369081,0.473809544108885,-1.19047620803827,-0.716666663929388
3742,Heilongjiang,0.253151067557549,0.52305039973882,-0.231746061069388,0.291304338669431
3743,Inner Mongolia,0.288263069444488,0.602053167049055,-3.56944450573434,-2.96739133868528
3744,Inner Mongolia,0.280917885976275,0.539596299820157,-5.09285724508975,-4.5532609452696
3745,Inner Mongolia,0.26419630011263,0.528209081094448,-5.3619048553445,-4.83369577425006
3746,Inner Mongolia,0.228370677245406,0.47544860895119,-4.18015882139286,-3.70471021244167
3747,Inner Mongolia,0.249132638314529,0.498809505077921,-3.43214287623645,-2.93333337115853
3748,Inner Mongolia,0.260748770438891,0.520186270520944,-3.05714284412799,-2.53695657360705
3749,Inner Mongolia,0.233728591354337,0.44851623743829,-1.96626986388767,-1.51775362644938
3750,Inner Mongolia,0.231949951697663,0.468616351414552,-1.65992068573241,-1.19130433431786
3751,Heilongjiang,0.230456737142104,0.470151847742596,-1.36507935544092,-0.89492750769832
3752,Heilongjiang,0.226427305532316,0.443529991778816,-1.04642856922296,-0.602898577444147
3753,Heilongjiang,0.240733413934564,0.496583819566738,0.239285722197521,0.735869541764259
3754,Inner Mongolia,0.310441385511249,0.617701902354407,-4.0535714985241,-3.4358695961697
3755,Inner Mongolia,0.307367176535717,0.621532137669608,-4.6476191190914,-4.0260869814218
3756,Inner Mongolia,0.26419630011263,0.528209081094448,-5.3619048553445,-4.83369577425006
3757,Inner Mongolia,0.28371762652989,0.563078019940252,-5.11706359013324,-4.55398557019299
3758,Heilongjiang,0.271387781182179,0.538785319838331,-5.02103180790113,-4.4822464880628
3759,Inner Mongolia,0.249978053193338,0.50398556106024,-3.70833341724106,-3.20434785618082
3760,Inner Mongolia,0.219488380363945,0.444254705832796,-3.06309528977034,-2.61884058393754
3761,Inner Mongolia,0.214328067491733,0.436628696713738,-2.1920634731946,-1.75543477648086
3762,Heilongjiang,0.226899442039217,0.462819237867467,-1.46825399169964,-1.00543475383218
3763,Heilongjiang,0.224209490446083,0.460213963172461,-0.992460344459803,-0.532246381287342
3764,Inner Mongolia,0.309233630832725,0.629158032092659,-5.01031748181771,-4.38115944972505
3765,Inner Mongolia,0.25994728855563,0.544427188387137,-5.84841280093505,-5.30398561254792
3766,Heilongjiang,0.255412836131699,0.535472763999216,-6.02460328862071,-5.48913052462149
3767,Heilongjiang,0.235090061353882,0.482505238532066,-5.07380960305177,-4.59130436451971
3768,Heilongjiang,0.230500659620292,0.480866121653956,-4.25912703278046,-3.7782609111265
3769,Heilongjiang,0.210122973467953,0.40850588094425,-3.5019841707415,-3.09347828979725
3770,Heilongjiang,0.211747908101736,0.410334717189241,-1.88968256710186,-1.47934784991262
3771,Heilongjiang,0.211056204393283,0.414993070319213,-1.3182539705128,-0.903260900193582
3772,Heilongjiang,0.214196337660186,0.419082189827201,-0.577777801525025,-0.158695611697824
3773,Inner Mongolia,0.273506826198822,0.572705349706889,-3.7111111643118,-3.13840581460492
3774,Inner Mongolia,0.325373306309295,0.654796410132176,-4.36349209859258,-3.7086956884604
3775,Inner Mongolia,0.309233630832725,0.629158032092659,-5.01031748181771,-4.38115944972505
3776,Inner Mongolia,0.281862097467162,0.56297443024917,-5.31587308000714,-4.75289864975797
3777,Heilongjiang,0.249319292628646,0.525948979258745,-5.74841281680006,-5.22246383754132
3778,Heilongjiang,0.212340825774368,0.437577694844714,-4.1988096066588,-3.76123191181408
3779,Heilongjiang,0.202492309180422,0.390596943749969,-3.83769842444195,-3.44710148069198
3780,Heilongjiang,0.207619701447943,0.400655697770237,-2.99920642851955,-2.59855073074932
3781,Heilongjiang,0.211747908101736,0.410334717189241,-1.88968256710186,-1.47934784991262
3782,Heilongjiang,0.215305236032004,0.419547989874502,-1.26230158863796,-0.842753598763459
3783,Inner Mongolia,0.327239803617291,0.663716402448574,-4.17857150334333,-3.51485510089475
3784,Inner Mongolia,0.314547655911733,0.645255373000295,-4.99960326580774,-4.35434789280745
3785,Heilongjiang,0.266348274051653,0.561853002326203,-4.81547626450895,-4.25362326218274
3786,Heilongjiang,0.244664072890618,0.516908302508536,-4.7611112397105,-4.24420293720196
3787,Heilongjiang,0.237285902848828,0.501328499378409,-4.13611115187052,-3.63478265249211
3788,Heilongjiang,0.207136574041362,0.395393354108646,-3.62619049589904,-3.23079714179039
3789,Heilongjiang,0.213702227448293,0.410558973845888,-2.45476187907514,-2.04420290522925
3790,Heilongjiang,0.223913050483672,0.44673913965494,-1.9249999811725,-1.47826084151756
3791,Heilongjiang,0.268818619881491,0.56633883179021,-4.65039689297832,-4.08405806118811
3792,Heilongjiang,0.244905604358777,0.520652248044006,-3.91666674853436,-3.39601450049035
3793,Heilongjiang,0.247200285512782,0.525517646805624,-3.38928578625477,-2.86376813944915
3794,Heilongjiang,0.210144926821277,0.398792280310995,-2.68611115025031,-2.28731886993932
3795,Heilongjiang,0.213702227448293,0.410558973845888,-2.45476187907514,-2.04420290522925
