grid_id,pa_all,pa_national,pa_subnational,province,cen_lon,cen_lat,cell_km2,frac_pa_all,frac_pa_national,frac_pa_subnational
1,0,0,0,Hainan,110.454769190569,8.17245606664609,2500,0,0,0
2,0,0,0,Hainan,111.779680838859,16.2133034273503,2500,0,0,0
3,48.9540871700926,21.1149791275894,27.8391080425033,Hainan,109.60533667869,18.204454268609,2500,0.019581634868037,0.00844599165103577,0.0111356432170013
4,159.580113313995,159.580113313995,0,Hainan,108.700992916166,18.7053342290736,2500,0.0638320453255981,0.0638320453255981,0
5,83.1320948072656,81.3318409375756,1.80025386969004,Hainan,109.163995387608,18.687035199996,2500,0.0332528379229062,0.0325327363750302,0.000720101547876014
6,151.018882819481,151.018882819481,0,Hainan,109.626816700456,18.6665817228839,2500,0.0604075531277923,0.0604075531277923,0
7,112.576286787819,87.9270281748988,24.6492586129203,Hainan,110.08943685774,18.6439745561633,2500,0.0450305147151277,0.0351708112699595,0.00985970344516811
8,21.3511966506667,21.351196650667,0,Hainan,108.718344821681,19.1666362365132,2500,0.0085404786602667,0.00854047866026681,0
9,329.52446294885,297.713489800781,31.8109731480685,Hainan,109.183513211545,19.1482878352263,2500,0.13180978517954,0.119085395920313,0.0127243892592274
10,79.7342887760595,79.7342887760595,0,Hainan,109.648497886506,19.1277792405822,2500,0.0318937155104238,0.0318937155104238,0
11,30.0769625303962,0,30.076962530397,Hainan,110.113278569001,19.1051112355302,2500,0.0120307850121585,0,0.0120307850121588
12,163.085252885927,0,163.085252885927,Hainan,109.203214758433,19.6086340362969,2500,0.0652341011543707,0,0.0652341011543708
13,0,0,0,Hainan,109.670383073947,19.5880688237472,2500,0,0,0
14,4.89216572929045,0,4.89216572929045,Hainan,110.137344506538,19.5653383233864,2500,0.00195686629171618,0,0.00195686629171618
15,19.8142756153468,0,19.8142756153468,Hainan,110.604078547605,19.5404434261112,2500,0.00792571024613871,0,0.00792571024613871
16,53.3769158229876,3.79372857107497,49.5831872519131,Hainan,110.161637845629,20.024677648126,2499.99999999999,0.0213507663291952,0.00151749142842999,0.0198332749007653
17,7.31227845877682,0,7.31227845877682,Hainan,110.630569911061,19.999712575123,2500.00000000001,0.00292491138351071,0,0.00292491138351072
18,13.3167110880733,13.3167110880728,0,Guangdong,110.186161821735,20.4831508915177,2500,0.00532668443522932,0.0053266844352291,0
19,20.0378160279657,20.0378160279657,0,Guangdong,109.737291826785,20.9637076931051,2500,0.00801512641118627,0.00801512641118629,0
20,977.049296074232,977.049296074232,0,Yunnan,101.654215393288,21.4759560770899,2500,0.390819718429693,0.390819718429693,0
21,383.228135163875,383.228135163875,0,Guangxi,109.283911020116,21.4413895745384,2500,0.15329125406555,0.15329125406555,0
22,0,0,0,Guangdong,110.235914936376,21.397585199025,2500,0,0,0
23,0.808127833285027,0.808127833284956,0,Guangdong,110.711566683391,21.3723984263164,2500,0.000323251133314011,0.000323251133313983,0
24,0,0,0,Guangdong,115.921720200388,20.9512234968948,2500,0,0,0
25,90.2994626058362,90.2994626058362,0,Yunnan,100.20230824669,21.8759802435844,2500,0.0361197850423345,0.0361197850423345,0
26,173.820830201129,173.82083020113,0,Yunnan,100.680702629659,21.8969192191051,2500,0.0695283320804515,0.0695283320804518,0
27,149.933356676078,149.933356676078,0,Yunnan,101.159297801056,21.9156602041908,2500,0.0599733426704313,0.059973342670431,0
28,397.10836162335,397.10836162335,0,Yunnan,101.638071630729,21.9322023534063,2500,0.15884334464934,0.15884334464934,0
29,41.4664225910818,41.4664225910818,0,Guangxi,107.389188170863,21.9590260336378,2500,0.0165865690364327,0.0165865690364327,0
30,469.457489990535,469.457489990535,0,Guangxi,107.868256512553,21.9469514229039,2500,0.187782995996214,0.187782995996214,0
31,120.944414840735,120.944414840735,0,Guangxi,108.347191283994,21.9326765611436,2500,0.0483777659362941,0.0483777659362941,0
32,0,0,0,Guangxi,108.825970260395,21.9162020944954,2500,0,0,0
33,171.390061895944,171.390061895944,0,Guangxi,109.304571260409,21.8975287675079,2500,0.0685560247583777,0.0685560247583777,0
34,0,0,0,Guangxi,109.782972152257,21.8766574226126,2500,0,0,0
35,0,0,0,Guangdong,110.261150859836,21.8535889995281,2500,0,0,0
36,0,0,0,Guangdong,110.73908536877,21.8283245345948,2500,0,0,0
37,0,0,0,Guangdong,111.216753732434,21.8008651600423,2500,0,0,0
38,0,0,0,Guangdong,111.69413407792,21.771212103189,2500,0,0,0
39,0,0,0,Guangdong,112.647943626779,21.7053303220289,2500,0,0,0
40,0,0,0,Yunnan,99.69858560983,22.3080650866281,2500,0,0,0
41,2.95027730375522,2.95027730375522,0,Yunnan,100.179065293259,22.3312741252932,2500,0.00118011092150209,0.00118011092150209,0
42,456.418585017038,456.418585017038,0,Yunnan,100.659771088999,22.3522792663125,2500,0.182567434006815,0.182567434006815,0
43,665.151684206596,665.151684206596,0,Yunnan,101.140680602636,22.371079538985,2500,0.266060673682638,0.266060673682638,0
44,0,0,0,Yunnan,101.621771382537,22.3876740727746,2500,0,0,0
45,284.571442169868,108.971280735819,175.60016143405,Guangxi,106.919273993908,22.4244879543695,2500,0.113828576867947,0.0435885122943276,0.07024006457362
46,211.468029649003,211.468029649002,0,Guangxi,107.400776522914,22.4145828022677,2500,0.0845872118596011,0.0845872118596009,0
47,69.4066759600042,69.4066759600036,0,Guangxi,107.882166116884,22.4024698906206,2500,0.0277626703840017,0.0277626703840015,0
48,0,0,0,Guangxi,108.363420189049,22.3881497829351,2500,0,0,0
49,0,0,0,Guangxi,108.844516190829,22.3716231445233,2500,0,0,0
50,0,0,0,Guangxi,109.325431618146,22.3528907420328,2500,0,0,0
51,0,0,0,Guangxi,109.806144017702,22.3319534429072,2500,0,0,0
52,0,0,0,Guangxi,110.286630993233,22.3088122147748,2500,0,0,0
53,0,0,0,Guangxi,110.766870211708,22.2834681247669,2500,0,0,0
54,128.84267073077,128.842670730771,0,Guangdong,111.246839409496,22.2559223387678,2500,0.0515370682923081,0.0515370682923085,0
55,0,0,0,Guangdong,111.726516398477,22.2261761205933,2500,0,0,0
56,0,0,0,Guangdong,112.205879072104,22.1942308311032,2500,0,0,0
57,0,0,0,Guangdong,112.684905411408,22.1600879272448,2500,0,0,0
58,0,0,0,Guangdong,113.163573490941,22.1237489610292,2500,0,0,0
59,0,0,0,Yunnan,99.6727860383199,22.7625264345636,2500,0,0,0
60,0,0,0,Yunnan,100.155596216947,22.7858102822348,2500,0,0,0
61,0,0,0,Yunnan,100.638635820903,22.8068832136771,2500,0,0,0
62,0,0,0,Yunnan,101.121882129454,22.8257442296259,2500,0,0,0
63,0,0,0,Yunnan,101.605312363241,22.8423924339358,2500,0,0,0
64,485.384582635637,485.384582635637,0,Yunnan,102.088903690679,22.8568270342102,2500,0.194153833054255,0.194153833054255,0
65,56.5464888052946,56.5464888052946,0,Yunnan,102.572633234387,22.869047342357,2500,0.0226185955221179,0.0226185955221179,0
66,113.069815452107,0,113.069815452107,Yunnan,103.056478077661,22.8790527750716,2500,0.0452279261808426,0,0.0452279261808427
67,187.084050506735,187.084050506735,0,Yunnan,103.540415270963,22.8868428542472,2500,0.074833620202694,0.074833620202694,0
68,262.401667596448,262.401667596448,0,Yunnan,104.024421838442,22.8924172073102,2500,0.104960667038579,0.104960667038579,0
69,44.5156998073739,0,44.5156998073739,Yunnan,104.50847478447,22.895775567482,2500,0.0178062799229496,0,0.0178062799229496
70,107.917257595807,0,107.917257595807,Guangxi,106.928629787495,22.8793255607536,2500,0.0431669030383226,0,0.0431669030383227
71,324.525965070834,324.525965070834,0,Guangxi,107.412477815309,22.8693882999943,2500,0.129810386028333,0.129810386028333,0
72,81.8716004589634,81.8716004589634,0,Guangxi,107.896211249384,22.8572361475183,2500,0.0327486401835854,0.0327486401835854,0
73,0,0,0,Guangxi,108.379807171907,22.8428696833979,2500,0,0,0
74,0.0497579688087825,0,0.0497579688087877,Guangxi,108.863242704193,22.8262895925074,2500,1.9903187523513e-05,0,1.99031875235151e-05
75,0,0,0,Guangxi,109.346495013148,22.8074966640414,2500,0,0,0
76,0,0,0,Guangxi,109.829541317713,22.7864917909611,2500,0,0,0
77,0.0796103407887753,0,0.0796103407887845,Guangxi,110.312358895253,22.7632759693679,2500,3.18441363155101e-05,0,3.18441363155138e-05
78,0,0,0,Guangxi,110.794925087919,22.7378502978045,2500,0,0,0
79,0,0,0,Guangdong,111.277217308962,22.7102159764856,2500,0,0,0
80,0,0,0,Guangdong,111.759213048986,22.6803743064564,2500,0,0,0
81,0,0,0,Guangdong,112.240889882163,22.6483266886822,2500,0,0,0
82,0,0,0,Guangdong,112.722225472377,22.6140746230684,2500,0,0,0
83,16.2719232746043,0,16.2719232746043,Guangdong,113.203197579313,22.5776197074112,2500,0.00650876930984173,0,0.00650876930984173
84,121.496519692977,121.496519692977,0,Yunnan,99.161826833383,23.190671866717,2500,0.048598607877191,0.048598607877191,0
85,0,0,0,Yunnan,99.6467343738432,23.2162493114744,2500,0,0,0
86,0,0,0,Yunnan,100.131897704473,23.2396097844918,2500,0,0,0
87,0,0,0,Yunnan,100.61729383844,23.260752151938,2500,0,0,0
88,0,0,0,Yunnan,101.10289972233,23.2796753853974,2500,0,0,0
89,0,0,0,Yunnan,101.588692242662,23.2963785625885,2500,0,0,0
90,138.732327989291,0,138.732327989291,Yunnan,102.074648232437,23.3108608680092,2500,0.0554929311957162,0,0.0554929311957162
91,15.0091446661046,0,15.0091446661046,Yunnan,102.560744477736,23.3231215935072,2500,0.00600365786644185,0,0.00600365786644185
92,0,0,0,Yunnan,103.046957724341,23.3331601387752,2500,0,0,0
93,0,0,0,Yunnan,103.533264684388,23.3409760117722,2500,0,0,0
94,212.694971336127,212.694971336127,0,Yunnan,104.019642043055,23.3465688290667,2500,0.0850779885344509,0.0850779885344509,0
95,14.6749867112649,14.6749867112649,0,Yunnan,104.506066465248,23.3499383161066,2500,0.00586999468450595,0.00586999468450595,0
96,43.6244243782287,25.713383247899,17.9110411303297,Yunnan,104.992514602322,23.3510843074107,2500,0.0174497697512915,0.0102853532991596,0.00716441645213189
97,0,0,0,Yunnan,105.478963098803,23.3500067466851,2500,0,0,0
98,47.9763585687766,0,47.9763585687766,Guangxi,105.96538859911,23.3467056868624,2500,0.0191905434275106,0,0.0191905434275106
99,9.40108319721892,0,9.40108319721892,Guangxi,106.451767754289,23.3411812900648,2500,0.00376043327888757,0,0.00376043327888757
100,0,0,0,Guangxi,106.938077228729,23.3334338274904,2500,0,0,0
101,0,0,0,Guangxi,107.424293706883,23.3234636792231,2500,0,0,0
102,0,0,0,Guangxi,107.910393899959,23.3112713339665,2500,0,0,0
103,129.553119295719,129.553119295719,0,Guangxi,108.396354552604,23.2968573887017,2500,0.0518212477182876,0.0518212477182876,0
104,0,0,0,Guangxi,108.882152449558,23.2802225482689,2500,0,0,0
105,0,0,0,Guangxi,109.367764422281,23.2613676248748,2500,0,0,0
106,0,0,0,Guangxi,109.853167355547,23.2402935375238,2500,0,0,0
107,0,0,0,Guangxi,110.338338193996,23.2170013113755,2500,0,0,0
108,0,0,0,Guangxi,110.82325394865,23.1914920770286,2500,0,0,0
109,0,0,0,Guangxi,111.307891703374,23.1637670697306,2500,0,0,0
110,0,0,0,Guangdong,111.792228621295,23.1338276285162,2500,0,0,0
111,0,0,0,Guangdong,112.276241951152,23.1016751952727,2500,0,0,0
112,6.48929931364361,0,6.48929931364382,Guangdong,112.759909033597,23.0673113137357,2500,0.00259571972545744,0,0.00259571972545753
113,0,0,0,Guangdong,113.243207307426,23.0307376284132,2500,0,0,0
114,0,0,0,Guangdong,113.726114315741,22.9919558834416,2500,0,0,0
115,19.7376401156021,0,19.737640115602,Guangdong,114.208607712037,22.9509679213731,2500,0.00789505604624084,0,0.00789505604624079
116,15.9336609318748,15.933660931875,0,Guangdong,114.690665266219,22.9077756818957,2500,0.00637346437274993,0.00637346437275001,0
117,0,0,0,Guangdong,115.17226487053,22.8623812004873,2500,0,0,0
118,0,0,0,Yunnan,99.133147008786,23.6435914600375,2500,0,0,0
119,0,0,0,Yunnan,99.6204269070214,23.6692546997464,2500,0,0,0
120,0,0,0,Yunnan,100.107966377565,23.6926936382462,2500,0,0,0
121,0,0,0,Yunnan,100.59574209604,23.7139071088871,2500,0,0,0
122,0,0,0,Yunnan,101.083730669844,23.7328940534924,2500,0,0,0
123,0,0,0,Yunnan,101.571908644817,23.7496535230966,2500,0,0,0
124,87.7760689264738,0,87.7760689264738,Yunnan,102.060252511956,23.7641846786072,2500,0.0351104275705895,0,0.0351104275705895
125,0,0,0,Yunnan,102.548738714173,23.7764867913898,2500,0,0,0
126,0,0,0,Yunnan,103.037343653082,23.7865592437767,2500,0,0,0
127,0,0,0,Yunnan,103.526043695817,23.7944015294986,2500,0,0,0
128,0,0,0,Yunnan,104.014815181881,23.8000132540378,2500,0,0,0
129,0,0,0,Yunnan,104.503634430005,23.8033941349042,2500,0,0,0
130,0,0,0,Yunnan,104.992477745028,23.8045440018323,2500,0,0,0
131,0,0,0,Yunnan,105.481321424793,23.8034627969009,2500,0,0,0
132,44.9873003761492,0,44.9873003761492,Yunnan,105.970141767034,23.8001505745728,2500,0.0179949201504597,0,0.0179949201504597
133,53.0289095518351,0,53.0289095518351,Guangxi,106.458915076272,23.7946075016573,2500,0.0212115638207341,0,0.0212115638207341
134,0,0,0,Guangxi,106.947617670711,23.7868338571934,2500,0,0,0
135,0,0,0,Guangxi,107.436225889108,23.7768300322545,2500,0,0,0
136,0,0,0,Guangxi,107.924716097647,23.7645965296761,2500,0,0,0
137,48.5274163331879,48.5274163331879,0,Guangxi,108.413064696778,23.7501339637031,2500,0.0194109665332752,0.0194109665332752,0
138,0,0,0,Guangxi,108.90124812804,23.7334430595623,2500,0,0,0
139,0,0,0,Guangxi,109.389242880852,23.7145246529551,2500,0,0,0
140,7.82481744146422,7.82481744146422,0,Guangxi,109.877025499263,23.6933796894751,2500,0.00312992697658569,0.00312992697658569,0
141,11.6180841185843,11.6180841185843,0,Guangxi,110.364572588678,23.6700092239484,2500,0.00464723364743371,0.00464723364743371,0
142,0,0,0,Guangxi,110.851860822521,23.6444144196985,2500,0,0,0
143,0,0,0,Guangxi,111.338866948862,23.6165965477363,2500,0,0,0
144,0,0,0,Guangdong,111.825567796988,23.586556985875,2500,0,0,0
145,4.85962010736605,0,4.85962010736605,Guangdong,112.311940283911,23.5542972177726,2500,0.00194384804294642,0,0.00194384804294642
146,2.68753246495226,0,2.68753246495236,Guangdong,112.797961420819,23.5198188319004,2500,0.0010750129859809,0,0.00107501298598094
147,0,0,0,Guangdong,113.283608319455,23.4831235204408,2500,0,0,0
148,2.73601337691542,0,2.73601337691549,Guangdong,113.768858198431,23.444213078113,2500,0.00109440535076617,0,0.00109440535076619
149,128.953783026174,127.675573430411,1.27820959575738,Guangdong,114.253688389458,23.4030894009298,2500,0.0515815132104695,0.0510702293721646,0.000511283838302951
150,0,0,0,Guangdong,114.738076343506,23.3597544848852,2500,0,0,0
151,19.6592740628315,0,19.6592740628315,Guangdong,115.22199963687,23.3142104245745,2500,0.0078637096251326,0,0.0078637096251326
152,0,0,0,Guangdong,115.705435977155,23.2664594117471,2500,0,0,0
153,0,0,0,Guangdong,116.188363209168,23.2165037337952,2500,0,0,0
154,0,0,0,Yunnan,97.6369738991986,24.0051820579091,2500,0,0,0
155,70.3824221069758,0,70.3824221069758,Yunnan,99.1041843487823,24.0958124542544,2500,0.0281529688427903,0,0.0281529688427903
156,175.742567775098,175.742567775098,0,Yunnan,99.5938598554152,24.1215635284603,2500,0.0702970271100392,0.070297027110039,0
157,0,0,0,Yunnan,100.083798791352,24.1450827974538,2500,0,0,0
158,0,0,0,Yunnan,100.573977488052,24.1663690610689,2500,0,0,0
159,0,0,0,Yunnan,101.064372207049,24.1854212307345,2500,0,0,0
160,0,0,0,Yunnan,101.55495914679,24.2022383302322,2500,0,0,0
161,0,0,0,Yunnan,102.045714449512,24.2168194963748,2500,0,0,0
162,0,0,0,Yunnan,102.536614208171,24.2291639796077,2500,0,0,0
163,0,0,0,Yunnan,103.02763447339,24.239271144531,2500,0,0,0
164,0,0,0,Yunnan,103.518751260456,24.2471404703424,2500,0,0,0
165,0,0,0,Yunnan,104.009940556333,24.2527715511997,2500,0,0,0
166,0,0,0,Yunnan,104.501178326694,24.2561640965044,2500,0,0,0
167,68.3229897206451,0,68.3229897206451,Yunnan,104.992440522976,24.2573179311043,2500,0.027329195888258,0,0.027329195888258
168,443.55318798147,0,443.55318798147,Guangxi,105.48370308944,24.2562329954156,2500,0.177421275192588,0,0.177421275192588
169,0,0,0,Guangxi,105.974941970239,24.2529093454643,2500,0,0,0
170,141.831163197742,141.831163197742,0,Guangxi,106.466133116483,24.2473471528476,2500,0.0567324652790967,0.0567324652790967,0
171,0,0,0,Guangxi,106.957252493304,24.2395467046134,2500,0,0,0
172,0,0,0,Guangxi,107.448276086903,24.2295084030611,2500,0,0,0
173,0,0,0,Guangxi,107.939179911591,24.21723276546,2500,0,0,0
174,0,0,0,Guangxi,108.429940016802,24.2027204236896,2500,0,0,0
175,0,0,0,Guangxi,108.920532494081,24.1859721237986,2500,0,0,0
176,0,0,0,Guangxi,109.410933484047,24.1669887254856,2500,0,0,0
177,84.5232882873032,84.4038547098475,0.119433577455908,Guangxi,109.901119183315,24.1457712015002,2500,0.0338093153149213,0.033761541883939,4.77734309823633e-05
178,159.94783968603,159.94783968603,0,Guangxi,110.391065851374,24.1223206369666,2500,0.0639791358744118,0.0639791358744118,0
179,84.0051607361627,0,84.0051607361627,Guangxi,110.880749817431,24.0966382286287,2500,0.0336020642944651,0,0.0336020642944651
180,3.07967669744002,0,3.07967669744002,Guangxi,111.370147487188,24.0687252840185,2500,0.00123187067897601,0,0.00123187067897601
181,35.2393334151399,0,35.2393334151398,Guangxi,111.859235349583,24.0385832205483,2500,0.0140957333660559,0,0.0140957333660559
182,0,0,0,Guangdong,112.347989983448,24.0062135645274,2500,0,0,0
183,0,0,0,Guangdong,112.836388064125,23.9716179501043,2500,0,0,0
184,0,0,0,Guangdong,113.324406369996,23.9347981181351,2500,0,0,0
185,0.100490384997617,0,0.100490384997617,Guangdong,113.812021788947,23.895755914979,2500,4.01961539990466e-05,0,4.01961539990466e-05
186,13.3453581611022,0,13.3453581611022,Guangdong,114.299211324749,23.8544932912231,2500,0.00533814326444087,0,0.00533814326444087
187,39.7106703056793,0,39.7106703056789,Guangdong,114.785952103365,23.8110123003357,2500,0.0158842681222717,0,0.0158842681222716
188,9.02902330901986,0,9.02902330901975,Guangdong,115.272221379159,23.7653150972512,2500,0.00361160932360795,0,0.0036116093236079
189,0,0,0,Guangdong,115.757996541021,23.7174039368862,2500,0,0,0
190,0,0,0,Guangdong,116.243255118399,23.6672811725889,2500,0,0,0
191,1.75189734156399,0,1.751897341564,Guangdong,116.727974787226,23.6149492545239,2500,0.000700758936625594,0,0.000700758936625601
192,0,0,0,Yunnan,97.6004936821615,24.4564099093272,2500,0,0,0
193,0,0,0,Yunnan,98.0916430047748,24.4889608032969,2500,0,0,0
194,0,0,0,Yunnan,98.5831312496336,24.5192765941207,2500,0,0,0
195,0,0,0,Yunnan,99.0749346537327,24.5473557084923,2500,0,0,0
196,0,0,0,Yunnan,99.5670293617188,24.5731966850858,2500,0,0,0
197,0,0,0,Yunnan,100.059391432722,24.5967981755678,2500,0,0,0
198,0,0,0,Yunnan,100.55199684725,24.6181589455318,2500,0,0,0
199,0,0,0,Yunnan,101.044821514141,24.6372778753543,2500,0,0,0
200,0,0,0,Yunnan,101.537841277565,24.6541539609726,2500,0,0,0
201,9.95647074319853,0,9.95647074319854,Yunnan,102.031031924078,24.6687863145815,2500,0.00398258829727941,0,0.00398258829727942
202,956.341074264233,0,956.341074264233,Yunnan,102.524369189717,24.6811741652513,2500,0.382536429705693,0,0.382536429705693
203,310.331078607578,0,310.331078607578,Yunnan,103.017828767129,24.6913168594634,2500,0.124132431443031,0,0.124132431443031
204,0,0,0,Yunnan,103.511386312737,24.6992138615654,2500,0,0,0
205,3.01670251640351,0,3.0167025164035,Yunnan,104.005017453927,24.7048647541438,2500,0.0012066810065614,0,0.0012066810065614
206,0,0,0,Yunnan,104.498697796266,24.7082692383149,2500,0,0,0
207,205.279510803003,205.279510803003,205.279462523507,Guangxi,104.992402930722,24.7094271339327,2500,0.082111804321201,0.082111804321201,0.0821117850094028
208,0,0,0,Guangxi,105.486108440911,24.7083383797144,2500,0,0,0
209,62.632001249251,10.5103701951262,52.1216310541248,Guizhou,105.979789910335,24.7050030332838,2500,0.0250528004997004,0.00420414807805049,0.0208486524216499
210,267.138282312637,267.138282312637,0,Guangxi,106.47342292963,24.6994212711299,2500,0.106855312925055,0.106855312925055,0
211,58.1263198655307,0,58.1263198655307,Guangxi,106.966983103804,24.6915933884852,2500,0.0232505279462123,0,0.0232505279462123
212,0,0,0,Guangxi,107.460446059464,24.6815197991191,2500,0,0,0
213,0,0,0,Guangxi,107.953787452033,24.6692010350504,2500,0,0,0
214,0,0,0,Guangxi,108.446982972936,24.6546377461765,2500,0,0,0
215,0,0,0,Guangxi,108.940008356768,24.6378306998215,2500,0,0,0
216,0,0,0,Guangxi,109.432839388423,24.6187807802025,2500,0,0,0
217,93.7713692348689,0,93.7713692348689,Guangxi,109.925451910195,24.5974889878141,2500,0.0375085476939476,0,0.0375085476939476
218,0.693842372502259,0.693842372502259,0,Guangxi,110.417821828825,24.5739564387348,2500,0.000277536949000904,0.000277536949000904,0
219,58.0060343987548,0,58.0060343987548,Guangxi,110.909925122512,24.5481843638508,2500,0.0232024137595019,0,0.0232024137595019
220,0,0,0,Guangxi,111.401737847863,24.520174108003,2500,0,0,0
221,0,0,0,Guangxi,111.893236146792,24.4899271290544,2500,0,0,0
222,0,0,0,Guangdong,112.384396253349,24.4574449968811,2500,0,0,0
223,35.6134927063678,35.6134927063678,0,Guangdong,112.875194500491,24.4227293922856,2500,0.0142453970825471,0.0142453970825471,0
224,524.550783503873,524.550783503872,0,Guangdong,113.365607326775,24.3857821058362,2500,0.209820313401549,0.209820313401549,0
225,0,0,0,Guangdong,113.855611282978,24.34660503663,2500,0,0,0
226,17.3144281442904,17.3144281442904,0,Guangdong,114.34518303863,24.3052001909847,2500,0.00692577125771616,0.00692577125771616,0
227,29.4801766881502,0,29.4801766881502,Guangdong,114.83429938847,24.2615696810564,2500,0.0117920706752601,0,0.0117920706752601
228,37.0003645381821,0,37.0003645381822,Guangdong,115.322937258808,24.2157157233875,2500,0.0148001458152729,0,0.0148001458152729
229,0,0,0,Guangdong,115.811073713789,24.1676406373844,2500,0,0,0
230,0,0,0,Guangdong,116.298685961569,24.1173468437273,2500,0,0,0
231,0,0,0,Guangdong,116.785751360381,24.0648368627125,2500,0,0,0
232,23.78470103984,23.7847010398405,0,Fujian,117.272247424499,24.0101133125294,2500,0.00951388041593601,0.00951388041593622,0
233,0,0,0,Fujian,117.758151830088,23.9531789074741,2500,0,0,0
234,0,0,0,Yunnan,98.0572291634548,24.9396397211771,2500,0,0,0
235,53.0556076195736,53.0556076195736,0,Yunnan,98.5511514613461,24.9700631145052,2500,0.0212222430478294,0.0212222430478294,0
236,0,0,0,Yunnan,99.0453936405416,24.99824205078,2500,0,0,0
237,0,0,0,Yunnan,99.5399314918998,25.0241750272416,2500,0,0,0
238,10.7348163597516,0,10.7348163597516,Yunnan,100.03474071862,25.0478606573309,2500,0.00429392654390065,0,0.00429392654390065
239,28.4259087455902,0,28.4259087455902,Yunnan,100.529796943307,25.0692976716488,2500,0.0113703634982361,0,0.0113703634982361
240,0,0,0,Yunnan,101.025075715096,25.0884849188357,2500,0,0,0
241,3.10295275607947,0,3.10295275607947,Yunnan,101.520552516829,25.1054213663705,2500,0.00124118110243179,0,0.00124118110243179
242,0,0,0,Yunnan,102.016202772286,25.1201061012866,2500,0,0,0
243,590.541793329702,0,590.541793329702,Yunnan,102.512001853452,25.1325383308059,2500,0.236216717331881,0,0.236216717331881
244,507.982712434465,0,507.982712434465,Yunnan,103.007925087834,25.1427173828902,2500,0.203193084973786,0,0.203193084973786
245,0,0,0,Yunnan,103.503947765797,25.1506427067079,2500,0,0,0
246,2.12087187255974,0,2.12087187255974,Yunnan,104.000045147941,25.1563138730175,2500,0.000848348749023896,0,0.000848348749023896
247,57.321472118967,0,57.321472118967,Yunnan,104.496192472494,25.1597305744659,2500,0.0229285888475868,0,0.0229285888475868
248,0,0,0,Guizhou,104.992364962718,25.1608926258026,2500,0,0,0
249,0,0,0,Guizhou,105.488537834337,25.1597999640085,2500,0,0,0
250,0,0,0,Guizhou,105.984686302957,25.1564526483399,2500,0,0,0
251,190.746067181094,0,190.746067181094,Guizhou,106.480785591499,25.1508508602869,2500,0.0762984268724377,0,0.0762984268724377
252,408.255488403679,0,408.255488403679,Guangxi,106.976810937619,25.1429949034477,2500,0.163302195361471,0,0.163302195361471
253,47.3747374586302,0,47.3747374586302,Guangxi,107.472737601118,25.1328852033167,2500,0.0189498949834521,0,0.0189498949834521
254,352.974378279802,352.974378279802,0,Guangxi,107.968540871337,25.1205223069886,2500,0.141189751311921,0.141189751311921,0
255,122.77191691254,122.77191691254,0,Guangxi,108.464196074527,25.1059068827783,2500,0.0491087667650159,0.0491087667650159,0
256,138.205984504556,138.205984504556,0,Guangxi,108.959678581198,25.0890397197555,2500,0.0552823938018226,0.0552823938018226,0
257,47.7323696872027,0,47.7323696872027,Guangxi,109.454963813426,25.069921727197,2500,0.0190929478748811,0,0.0190929478748811
258,0,0,0,Guangxi,109.950027252127,25.0485539339551,2500,0,0,0
259,0.248870555452507,0,0.2488705554525,Guangxi,110.444844444289,25.0249374877433,2500,9.9548222181003e-05,0,9.9548222181e-05
260,0,0,0,Guangxi,110.939391010148,24.9990736543408,2500,0,0,0
261,0,0,0,Hunan,111.43364265032,24.9709638167151,2500,0,0,0
262,0,0,0,Hunan,111.927575152859,24.9406094740647,2500,0,0,0
263,0,0,0,Guangdong,112.421164400266,24.9080122407826,2500,0,0,0
264,784.332462116395,784.332462116389,0,Guangdong,112.914386376419,24.8731738453407,2500,0.313732984846558,0.313732984846555,0
265,1.32651730455,1.32651730455,0,Guangdong,113.407217173431,24.8360961290974,2500,0.000530606921820001,0.000530606921820001,0
266,1.7980595489179,1.7980595489179,0,Guangdong,113.899632998431,24.7967810450283,2500,0.00071922381956716,0.00071922381956716,0
267,187.387034603074,187.387034603074,0,Jiangxi,114.391610180254,24.7552306563823,2500,0.0749548138412298,0.0749548138412298,0
268,0,0,0,Jiangxi,114.883125176054,24.7114471352631,2500,0,0,0
269,1.3014142349389,0,1.3014142349389,Guangdong,115.374154577817,24.6654327611388,2500,0.000520565693975562,0,0.000520565693975562
270,40.5341682494872,0,40.5341682494867,Guangdong,115.864675118773,24.6171899192795,2500,0.0162136672997949,0,0.0162136672997947
271,0,0,0,Guangdong,116.354663679717,24.566721099125,2500,0,0,0
272,2.74133718617523,0,2.74133718617517,Fujian,116.844097295217,24.5140288925844,2500,0.00109653487447009,0,0.00109653487447007
273,246.67149716249,0,246.67149716249,Fujian,117.332953159718,24.4591159922684,2500,0.0986685988649961,0,0.0986685988649961
274,0,0,0,Fujian,117.821208633522,24.4019851896559,2500,0,0,0
275,426.286546765512,410.065007745821,16.2215390196911,Yunnan,98.5188517759761,25.4202112222474,2500,0.170514618706205,0.164026003098328,0.00648861560787645
276,31.9772532766961,31.9772532766961,0,Yunnan,99.0155569405762,25.4484922898601,2500,0.0127909013106784,0.0127909013106784,0
277,0,0,0,Yunnan,99.5125622332846,25.4745193945417,2500,0,0,0
278,206.355431279758,206.336186023794,0.01924525596421,Yunnan,100.009842994304,25.4982911106554,2500,0.0825421725119033,0.0825344744095176,7.69810238568401e-06
279,15.9333481609268,15.2661723417313,0.667175819195432,Yunnan,100.507374481213,25.519806133028,2500,0.0063733392643707,0.00610646893669251,0.000266870327678173
280,0,0,0,Yunnan,101.005131876262,25.5390632778543,2500,0,0,0
281,1.73566238444054,0,1.73566238444054,Yunnan,101.503090293738,25.5560614835166,2500,0.000694264953776215,0,0.000694264953776215
282,10.7038275955011,0,10.7038275955011,Yunnan,102.001224787369,25.5707998113219,2500,0.00428153103820044,0,0.00428153103820044
283,0,0,0,Yunnan,102.499510357782,25.5832774461532,2500,0,0,0
284,0,0,0,Yunnan,102.997921959994,25.5934936970356,2500,0,0,0
285,0,0,0,Yunnan,103.496434510945,25.6014479976165,2500,0,0,0
286,2.67879560367148,0,2.67879560367146,Yunnan,103.995022897053,25.6071399065596,2500,0.00107151824146859,0,0.00107151824146858
287,0,0,0,Guizhou,104.493661981793,25.6105691078515,2500,0,0,0
288,37.2035339444136,0,37.2035339444136,Guizhou,104.992326613301,25.611735411022,2500,0.0148814135777654,0,0.0148814135777654
289,0,0,0,Guizhou,105.490991631979,25.6106387512763,2500,0,0,0
290,0,0,0,Guizhou,105.989631878112,25.6072791895403,2500,0,0,0
291,0,0,0,Guizhou,106.488222199481,25.6016569124181,2500,0,0,0
292,0,0,0,Guizhou,106.98673745898,25.5937722320621,2500,0,0,0
293,0,0,0,Guizhou,107.485152542206,25.583625585956,2500,0,0,0
294,0.854279551377502,0.854279551377502,0,Guizhou,107.983442365046,25.5712175366104,2500,0.000341711820551001,0.000341711820551001,0
295,5.91898616546367,5.91898616546367,0,Guizhou,108.481581881234,25.5565487711714,2500,0.00236759446618547,0.00236759446618547,0
296,43.23475914058,0,43.2347591405817,Guizhou,108.97954608988,25.5396201009438,2500,0.017293903656232,0,0.0172939036562327
297,0,0,0,Guangxi,109.477310042967,25.5204324608267,2500,0,0,0
298,100.527052973132,100.527052973131,0,Guangxi,109.974848852808,25.498986908665,2500,0.0402108211892529,0.0402108211892526,0
299,0,0,0,Guangxi,110.472137699452,25.4752846245156,2500,0,0,0
300,65.0946301182949,65.0946301182949,0,Guangxi,110.969151838049,25.4493269098296,2500,0.026037852047318,0.026037852047318,0
301,259.900634049724,259.900634049725,0,Hunan,111.465866606151,25.4211151865506,2500,0.10396025361989,0.10396025361989,0
302,0,0,0,Hunan,111.962257430956,25.3906509961316,2500,0,0,0
303,0,0,0,Hunan,112.458299836479,25.3579359984697,2500,0,0,0
304,0,0,0,Guangdong,112.95396945066,25.3229719707599,2500,0,0,0
305,2.39137069391105,2.39137069391105,2.39137069391105,Guangdong,113.449242012388,25.2857608062708,2500,0.000956548277564418,0.000956548277564418,0.000956548277564418
306,54.6278124596417,54.6278124596417,54.6278124596417,Guangdong,113.944093378448,25.2463045130403,2500,0.0218511249838567,0.0218511249838567,0.0218511249838567
307,0,0,0,Guangdong,114.438499530374,25.2046052124955,2500,0,0,0
308,9.07444882974313,0,9.07444882974285,Jiangxi,114.932436581221,25.1606651379962,2500,0.00362977953189725,0,0.00362977953189714
309,31.4451731998757,0,31.4451731998756,Jiangxi,115.425880782229,25.1144866333044,2500,0.0125780692799503,0,0.0125780692799502
310,84.514172980591,56.8744799563677,27.6396930242223,Fujian,115.9188085294,25.0660721509797,2500,0.0338056691922364,0.0227497919825471,0.0110558772096889
311,59.2897276647499,59.2897276647499,0,Fujian,116.411196369957,25.0154242507046,2500,0.0237158910659,0.0237158910659,0
312,0,0,0,Fujian,116.903021008701,24.9625455975382,2500,0,0,0
313,150.0429609577,0,150.0429609577,Fujian,117.394259314257,24.9074389601022,2500,0.06001718438308,0,0.0600171843830801
314,0,0,0,Fujian,117.884888325197,24.8501072087003,2500,0,0,0
315,0,0,0,Fujian,118.374885256046,24.7905533133704,2500,0,0,0
316,194.56109448827,194.56109448827,0,Yunnan,98.985420097523,25.8981272271013,2500,0.0778244377953079,0.0778244377953079,0
317,83.836086384944,83.836086384944,0,Yunnan,99.4849174925851,25.9242506205463,2500,0.0335344345539776,0.0335344345539776,0
318,429.027423935639,415.456829276885,14.5920740121369,Yunnan,99.9846945315447,25.9481103986095,2500,0.171610969574256,0.166182731710754,0.00583682960485477
319,78.6947532310912,0,78.6947532310916,Yunnan,100.484726099648,25.9697052195323,2500,0.0314779012924365,0,0.0314779012924366
320,0,0,0,Yunnan,100.984987004907,25.9890338663256,2500,0,0,0
321,0,0,0,Yunnan,101.485451985639,26.0060952476136,2500,0,0,0
322,20.7392408302553,0,20.7392408302554,Yunnan,101.986095718068,26.0208883983899,2500,0.00829569633210212,0,0.00829569633210216
323,0,0,0,Yunnan,102.486892823965,26.0334124806881,2500,0,0,0
324,165.630850960563,165.630850960562,165.630850960562,Yunnan,102.987817878329,26.043666784164,2500,0.066252340384225,0.0662523403842249,0.0662523403842249
325,4.06304520573631,0,4.06304520573634,Yunnan,103.488845417114,26.0516507265888,2500,0.00162521808229452,0,0.00162521808229453
326,4.5511775814643,0,4.55117758146432,Yunnan,103.989949944973,26.0573638542542,2500,0.00182047103258572,0,0.00182047103258573
327,0,0,0,Guizhou,104.491105943035,26.0608058422883,2500,0,0,0
328,0,0,0,Guizhou,104.992287876695,26.0619764948815,2500,0,0,0
329,0,0,0,Guizhou,105.493470203418,26.0608757454225,2500,0,0,0
330,0,0,0,Guizhou,105.994627380548,26.0575036565451,2500,0,0,0
331,0,0,0,Guizhou,106.49573387312,26.0518604200846,2500,0,0,0
332,0,0,0,Guizhou,106.996764161662,26.0439463569438,2500,0,0,0
333,0,0,0,Guizhou,107.497692749988,26.0337619168701,2500,0,0,0
334,0,0,0,Guizhou,107.998494172971,26.0213076781427,2500,0,0,0
335,0,0,0,Guizhou,108.499143004295,26.0065843471699,2500,0,0,0
336,0,0,0,Guizhou,108.999613864176,25.9895927579988,2500,0,0,0
337,0,0,0,Guangxi,109.499881427047,25.9703338717353,2500,0,0,0
338,77.4964277058251,0,77.4964277058251,Guangxi,109.999920429203,25.9488087758774,2500,0.03099857108233,0,0.03099857108233
339,210.365994738109,170.916900448979,39.4490942891347,Guangxi,110.499705676397,25.9250186835603,2500,0.0841463978952436,0.0683667601795915,0.0157796377156539
340,20.2329690885872,0,20.2329690885872,Guangxi,110.999212051387,25.8989649327161,2500,0.00809318763543486,0,0.00809318763543486
341,0,0,0,Hunan,111.49841452142,25.8706489851472,2500,0,0,0
342,42.2308661400101,42.2308661400101,0,Hunan,111.997288145657,25.8400724255155,2500,0.0168923464560041,0.0168923464560041,0
343,0,0,0,Hunan,112.495808082527,25.8072369602469,2500,0,0,0
344,0,0,0,Hunan,112.993949597004,25.7721444163548,2500,0,0,0
345,13.0685220380518,13.0685220380518,0,Hunan,113.491688067808,25.7347967401804,2500,0.00522740881522072,0.00522740881522072,0
346,191.678059067581,0,191.678059067577,Jiangxi,113.988998994521,25.6951959960536,2500,0.0766712236270324,0,0.0766712236270309
347,0,0,0,Jiangxi,114.485858004609,25.6533443648747,2500,0,0,0
348,0,0,0,Jiangxi,114.982240860354,25.6092441426182,2500,0,0,0
349,0,0,0,Jiangxi,115.478123465686,25.56289773876,2500,0,0,0
350,17.9878650047891,17.9878650047895,0,Jiangxi,115.973481872909,25.5143076746306,2500,0.00719514600191564,0.0071951460019158,0
351,54.8545331823024,54.8545331823024,0,Fujian,116.468292289316,25.4634765816943,2500,0.021941813272921,0.021941813272921,0
352,232.26607587603,232.266075876034,0,Fujian,116.9625310837,25.410407199756,2500,0.0929064303504121,0.0929064303504134,0
353,0,0,0,Fujian,117.456174792741,25.3551023750997,2500,0,0,0
354,0,0,0,Fujian,117.949200127272,25.2975650585567,2500,0,0,0
355,0,0,0,Fujian,118.441583978422,25.2377983035076,2499.99999999999,0,0,0
356,0,0,0,Fujian,118.93330342363,25.17580526382,2500,0,0,0
357,8.21987207793635,8.21987207793635,0,Yunnan,98.9549785651796,26.3471676685323,2500,0.00328794883117454,0.00328794883117454,0
358,44.3058751928749,44.3058751928749,0,Yunnan,99.4569930938663,26.3733895448376,2500,0.01772235007715,0.01772235007715,0
359,26.688829734625,0,26.6888297346247,Yunnan,99.9592915267671,26.3973393915314,2500,0.01067553189385,0,0.0106755318938499
360,0,0,0,Yunnan,100.461848369312,26.4190158294268,2500,0,0,0
361,0,0,0,Yunnan,100.964638047726,26.4384176075853,2500,0,0,0
362,14.0264807654538,14.0264807654538,0,Yunnan,101.467634916766,26.4555436041839,2500,0.00561059230618153,0.00561059230618151,0
363,0,0,0,Sichuan,101.970813267505,26.4703928272939,2500,0,0,0
364,0,0,0,Sichuan,102.47414733517,26.4829644155697,2500,0,0,0
365,1.7840638233701,0,1.7840638233701,Sichuan,102.977611307026,26.4932576388478,2500,0.000713625529348039,0,0.000713625529348039
366,148.755792452666,0,148.755792452666,Yunnan,103.481179330287,26.5012718986542,2500,0.0595023169810665,0,0.0595023169810665
367,0,0,0,Yunnan,103.984825520069,26.507006728621,2500,0,0,0
368,0,0,0,Yunnan,104.488523967358,26.5104617948117,2500,0,0,0
369,0,0,0,Guizhou,104.992248747006,26.5116368959526,2500,0,0,0
370,0,0,0,Guizhou,105.49597392573,26.5105319635741,2500,0,0,0
371,0,0,0,Guizhou,105.999673570124,26.5071470620575,2500,0,0,0
372,0,0,0,Guizhou,106.50332175467,26.5014823885908,2500,0,0,0
373,0,0,0,Guizhou,107.006892569738,26.4935382730311,2500,0,0,0
374,0,0,0,Guizhou,107.510360129581,26.4833151776749,2500,0,0,0
375,245.216825361017,245.216825361017,0,Guizhou,108.01369858031,26.4708136969362,2500,0.0980867301444067,0.0980867301444067,0
376,214.624143673475,212.016318313053,2.60782536042127,Guizhou,108.516882107836,26.4560345569329,2500,0.0858496574693899,0.0848065273252214,0.00104313014416851
377,0,0,0,Guizhou,109.019884945794,26.4389786149817,2500,0,0,0
378,0,0,0,Hunan,109.522681383421,26.4196468590027,2500,0,0,0
379,232.663379341271,157.618234242034,75.0451450992365,Hunan,110.025245773396,26.3980404068321,2500,0.0930653517365084,0.0630472936968136,0.0300180580396946
380,152.402723779125,45.4616773378106,152.402723779121,Hunan,110.527552539631,26.3741605054477,2500,0.0609610895116501,0.0181846709351243,0.0609610895116483
381,204.845475818441,204.841066193891,117.692307551549,Hunan,111.029576185002,26.348008530103,2500,0.0819381903273764,0.0819364264775565,0.0470769230206196
382,4.09767930447732,0,4.09767930447732,Hunan,111.53129129903,26.3195859833758,2500,0.00163907172179093,0,0.00163907172179093
383,114.431932339128,76.2427203712154,38.1892119679132,Hunan,112.032672565486,26.2888944941277,2500,0.0457727729356513,0.0304970881484862,0.0152756847871653
384,0,0,0,Hunan,112.533694769928,26.2559358163787,2500,0,0,0
385,0,0,0,Hunan,113.034332807167,26.220711828097,2500,0,0,0
386,98.3271919871228,89.8449491908698,8.48224279625275,Hunan,113.534561688637,26.1832245299044,2500,0.0393308767948491,0.0359379796763479,0.0033928971185011
387,70.5585900600751,70.4415112035583,49.3760044711154,Hunan,114.034356549691,26.1434760436997,2500,0.02822343602403,0.0281766044814233,0.0197504017884461
388,0,0,0,Jiangxi,114.533692656796,26.1014686112008,2500,0,0,0
389,0,0,0,Jiangxi,115.032545414633,26.0572045924074,2500,0,0,0
390,0,0,0,Jiangxi,115.530890373089,26.0106864639848,2500,0,0,0
391,36.6539058795716,36.6539058795714,0,Jiangxi,116.028703234152,25.9619168175716,2500,0.0146615623518286,0.0146615623518286,0
392,210.684782499539,210.684782499542,0,Fujian,116.525959858681,25.9108983580117,2500,0.0842739129998158,0.0842739129998168,0
393,0,0,0,Fujian,117.022636273072,25.8576339015132,2500,0,0,0
394,125.688675159753,125.688675159766,0,Fujian,117.51870867579,25.8021263737358,2500,0.0502754700639013,0.0502754700639065,0
395,114.485489600101,114.485489600101,0,Fujian,118.014153443784,25.7443788078066,2500,0.0457941958400403,0.0457941958400403,0
396,31.1085706305191,31.1085706305191,0,Fujian,118.508947138774,25.6843943422701,2500,0.0124434282522076,0.0124434282522076,0
397,0.199186814228927,0,0.199186814228952,Fujian,119.003066513399,25.6221762189693,2500,7.96747256915706e-05,0,7.96747256915805e-05
398,0.0365968964563193,0,0.0365968964563193,Fujian,119.496488517233,25.5577277808643,2500,1.46387585825277e-05,0,1.46387585825277e-05
399,0,0,0,Yunnan,98.9242277051801,26.7956344370198,2500,0,0,0
400,0,0,0,Yunnan,99.4287847764521,26.8219570252409,2500,0,0,0
401,62.4177493436542,0,62.4177493436541,Yunnan,99.933630099143,26.8459989792908,2500,0.0249670997374617,0,0.0249670997374616
402,2.1243423117567,0,2.12434231175676,Yunnan,100.438737791192,26.8677588816782,2500,0.00084973692470268,0,0.000849736924702703
403,0,0,0,Yunnan,100.944081889306,26.8872354467194,2500,0,0,0
404,324.646414220209,0,324.646414220209,Sichuan,101.449636356887,26.9044275214297,2500,0.129858565688083,0,0.129858565688083
405,173.82675104104,0,173.82675104104,Sichuan,101.95537509202,26.9193340863246,2500,0.0695307004164159,0,0.0695307004164159
406,0,0,0,Sichuan,102.46127193551,26.9319542561289,2500,0,0,0
407,17.0022086669984,17.0021923661475,17.0022042520755,Yunnan,102.967300678967,26.9422872803925,2500,0.00680088346679936,0.00680087694645901,0.0068008817008302
408,6.21862653087872,0,6.21862653087872,Yunnan,103.473435072918,26.9503325440131,2500,0.00248745061235149,0,0.00248745061235149
409,43.5329942942065,43.5329942942065,0,Guizhou,103.979648834966,26.9560895676643,2500,0.0174131977176826,0.0174131977176826,0
410,57.495834939733,57.495834939733,0,Guizhou,104.485915657967,26.9595580081303,2500,0.0229983339758932,0.0229983339758932,0
411,0,0,0,Guizhou,104.992209218221,26.9607376585448,2500,0,0,0
412,0,0,0,Guizhou,105.498503183687,26.9596284485353,2500,0,0,0
413,0,0,0,Guizhou,106.004771222199,26.9562304442725,2500,0,0,0
414,0,0,0,Guizhou,106.510987009678,26.9505438484234,2500,0,0,0
415,0,0,0,Guizhou,107.017124238347,26.942569000011,2500,0,0,0
416,0,0,0,Guizhou,107.523156624925,26.932306374177,2500,0,0,0
417,0,0,0,Guizhou,108.029057918807,26.9197565818513,2500,0,0,0
418,2.37199590047536,0,2.37199590047536,Guizhou,108.534801910214,26.9049203693258,2500,0.000948798360190146,0,0.000948798360190146
419,0,0,0,Guizhou,109.040362438317,26.8877986177352,2500,0,0,0
420,0,0,0,Hunan,109.54571339932,26.8683923424436,2500,0,0,0
421,157.404455592095,157.404455592097,0,Hunan,110.050828754493,26.8467026923387,2500,0.062961782236838,0.0629617822368386,0
422,24.0346305909265,0,24.0346305909265,Hunan,110.55568253817,26.8227309490333,2500,0.0096138522363706,0,0.0096138522363706
423,46.2871469170849,46.2866968093121,36.7812729916853,Hunan,111.060248865672,26.7964785259762,2500,0.018514858766834,0.0185146787237248,0.0147125091966741
424,0.398332927702104,0,0.398332927702104,Hunan,111.56450194118,26.7679469674722,2500,0.000159333171080841,0,0.000159333171080842
425,1.33461230390083,0,1.33461230390089,Hunan,112.068416065538,26.7371379476123,2500,0.000533844921560333,0,0.000533844921560355
426,0,0,0,Hunan,112.571965643974,26.7040532691165,2500,0,0,0
427,0,0,0,Hunan,113.075125193753,26.6686948620886,2500,0,0,0
428,0,0,0,Hunan,113.577869351736,26.6310647826851,2500,0,0,0
429,422.256852661266,411.76968729977,190.563754414231,Jiangxi,114.080172881848,26.5911652116998,2500,0.168902741064506,0.164707874919908,0.0762255017656922
430,19.9185801074748,0,19.9185801074752,Jiangxi,114.582010682458,26.5489984530647,2500,0.00796743204298991,0,0.00796743204299008
431,0,0,0,Jiangxi,115.083357793644,26.5045669322693,2500,0,0,0
432,0,0,0,Jiangxi,115.584189404367,26.4578731946999,2500,0,0,0
433,0,0,0,Jiangxi,116.08448085952,26.4089199038994,2500,0,0,0
434,15.8390349426711,13.8471000255538,1.99193491711717,Fujian,116.584207666868,26.3577098397509,2500,0.00633561397706843,0.00553884001022154,0.000796773966846867
435,38.3197877644974,38.3197877644974,0,Fujian,117.083345503869,26.3042458965856,2500,0.015327915105799,0.015327915105799,0
436,68.4008669016616,35.7228753586159,32.6779915430449,Fujian,117.58187022436,26.2485310812174,2500,0.0273603467606646,0.0142891501434464,0.013071196617218
437,0,0,0,Fujian,118.079757865123,26.1905685109056,2500,0,0,0
438,98.0634957169271,0,98.0634957169271,Fujian,118.576984652317,26.1303614112477,2500,0.0392253982867708,0,0.0392253982867708
439,0,0,0,Fujian,119.073527007765,26.0679131140051,2500,0,0,0
440,65.6729170640239,21.1980829533417,44.4748341106833,Fujian,119.569361555104,26.0032270548617,2500,0.0262691668256095,0.00847923318133667,0.0177899336442733
441,0,0,0,Yunnan,98.8931627846501,27.2435483846103,2500,0,0,0
442,103.160786934298,103.160786934298,0,Yunnan,99.4002881927669,27.2699739502137,2500,0.041264314773719,0.041264314773719,0
443,0,0,0,Yunnan,99.9077062886198,27.2941100837197,2500,0,0,0
444,0,0,0,Yunnan,100.41539079479,27.3159553284237,2500,0,0,0
445,0,0,0,Yunnan,100.923315350531,27.3355083630695,2500,0,0,0
446,248.479018114573,0,248.479018114573,Sichuan,101.431453519907,27.3527680027681,2500,0.0993916072458293,0,0.0993916072458293
447,0.0792931114270359,0,0.0792931114270359,Sichuan,101.939778799976,27.3677331998216,2500,3.17172445708144e-05,0,3.17172445708144e-05
448,0,0,0,Sichuan,102.448264629038,27.3804030444533,2500,0,0,0
449,195.287678777089,195.287610489677,195.287659314088,Yunnan,102.956884394924,27.390776765441,2500,0.0781150715108355,0.0781150441958708,0.0781150637256354
450,189.761632071469,189.761632071466,0,Yunnan,103.465611443325,27.3988537306555,2500,0.0759046528285876,0.0759046528285865,0
451,0,0,0,Guizhou,103.974419086153,27.4046334475016,2500,0,0,0
452,0,0,0,Guizhou,104.483280609932,27.4081155632618,2500,0,0,0
453,164.308472834893,164.308472834893,0,Yunnan,104.992169284202,27.4092998653426,2500,0.0657233891339572,0.0657233891339572,0
454,0,0,0,Guizhou,105.501058369947,27.4081862814235,2500,0,0,0
455,9.36417045537199,0,9.36417045537199,Guizhou,106.009921128022,27.4047748795068,2500,0.0037456681821488,0,0.0037456681821488
456,17.6381382861032,0,17.6381382861032,Guizhou,106.51873082758,27.3990658678706,2500,0.00705525531444126,0,0.00705525531444126
457,0,0,0,Guizhou,107.027460754494,27.3910595949233,2500,0,0,0
458,0.0996381646294264,0,0.0996381646294266,Guizhou,107.536084219772,27.3807565489599,2500,3.98552658517706e-05,0,3.98552658517707e-05
459,0,0,0,Guizhou,108.044574567938,27.3681573578216,2500,0,0,0
460,0,0,0,Guizhou,108.552905185402,27.3532627884571,2500,0,0,0
461,0,0,0,Guizhou,109.061049508789,27.3360737463884,2500,0,0,0
462,0,0,0,Hunan,109.568981033224,27.316591275079,2500,0,0,0
463,41.3762173115267,0,41.3762173115267,Hunan,110.076673320587,27.2948165552076,2500,0.0165504869246107,0,0.0165504869246107
464,0,0,0,Hunan,110.584100007696,27.2707509038469,2500,0,0,0
465,0,0,0,Hunan,111.091234814447,27.2443957735476,2500,0,0,0
466,0,0,0,Hunan,111.598051551881,27.2157527513303,2500,0,0,0
467,0,0,0,Hunan,112.104524130185,27.1848235575853,2500,0,0,0
468,171.136787405463,171.136787405464,0,Hunan,112.610626566611,27.1516100448811,2500,0.068454714962185,0.0684547149621857,0
469,0,0,0,Hunan,113.116332993317,27.1161141966835,2500,0,0,0
470,0,0,0,Hunan,113.621617665115,27.0783381259863,2500,0,0,0
471,0.0432050509636057,0,0.0432050509636057,Jiangxi,114.126454967131,27.0382840738558,2500,1.72820203854423e-05,0,1.72820203854423e-05
472,0,0,0,Jiangxi,114.630819422358,26.9959544078878,2500,0,0,0
473,13.2797052768389,0,13.2797052768388,Jiangxi,115.134685699111,26.9513516205832,2500,0.00531188211073556,0,0.00531188211073552
474,0,0,0,Jiangxi,115.638028618364,26.9044783276393,2500,0,0,0
475,0,0,0,Jiangxi,116.140823160977,26.8553372661607,2500,0,0,0
476,107.298294570356,107.298294570357,0,Fujian,116.643044474804,26.8039312927927,2500,0.0429193178281425,0.0429193178281426,0
477,292.497053343345,292.497053343345,0,Fujian,117.14466788167,26.7502633817751,2500,0.116998821337338,0.116998821337338,0
478,14.5818364550752,0,14.5818364550752,Fujian,117.645668884223,26.6943366229231,2500,0.00583273458203009,0,0.00583273458203009
479,0,0,0,Fujian,118.146023172647,26.636154219533,2500,0,0,0
480,26.3333878886926,0,26.3333878886926,Fujian,118.645706631247,26.5757194862178,2500,0.010533355155477,0,0.010533355155477
481,0,0,0,Fujian,119.144695344879,26.5130358466727,2500,0,0,0
482,0,0,0,Tibet,92.2744004990177,27.1377993729204,2500,0,0,0
483,0,0,0,Tibet,92.7778822559579,27.1940125219161,2500,0,0,0
484,0,0,0,Tibet,93.281996654495,27.24795876986,2500,0,0,0
485,0,0,0,Tibet,93.7867188451841,27.2996349383984,2500,0,0,0
486,0,0,0,Yunnan,98.3523828440183,27.6621027671412,2500,0,0,0
487,102.03410340382,102.03410340382,0,Yunnan,98.8617789737908,27.690930405057,2500,0.040813641361528,0.040813641361528,0
488,884.761204174044,884.761204174044,0,Yunnan,99.3714989061115,27.717461251421,2500,0.353904481669617,0.353904481669617,0
489,0,0,0,Yunnan,99.8815160538904,27.7416936712344,2500,0,0,0
490,0,0,0,Yunnan,100.391803736281,27.7636261676338,2500,0,0,0
491,144.536883402837,0,144.536883402837,Sichuan,100.902335186955,27.7832573829321,2500,0.057814753361135,0,0.0578147533611348
492,0,0,0,Sichuan,101.41308356244,27.8005860995641,2500,0,0,0
493,0,0,0,Sichuan,101.924021950525,27.8156112409354,2500,0,0,0
494,0,0,0,Sichuan,102.435123378716,27.8283318721728,2500,0,0,0
495,0,0,0,Sichuan,102.946360822736,27.8387472007781,2500,0,0,0
496,0,0,0,Sichuan,103.457707215073,27.8468565771817,2500,0,0,0
497,92.17591791511,92.17591791511,0,Yunnan,103.96913545356,27.8526594951961,2500,0.036870367166044,0.036870367166044,0
498,108.945723454372,108.945723454372,0,Yunnan,104.480618409978,27.8561555923712,2500,0.0435782893817489,0.0435782893817489,0
499,328.263667377427,328.263667377427,0,Yunnan,104.992128938685,27.857344650247,2500,0.131305466950971,0.131305466950971,0
500,204.565557492508,204.565557492508,0,Sichuan,105.503639885262,27.8562265945072,2500,0.0818262229970033,0.0818262229970033,0
501,138.30351799569,138.30351799569,0,Sichuan,106.015124095151,27.8528014950306,2500,0.0553214071982762,0.0553214071982762,0
502,89.1784547560552,89.1784547560552,0,Guizhou,106.526554422313,27.847069565843,2500,0.0356713819024221,0.0356713819024221,0
503,0,0,0,Guizhou,107.037903737866,27.8390311649665,2500,0,0,0
504,0,0,0,Guizhou,107.54914493871,27.8286867941694,2500,0,0,0
505,0,0,0,Guizhou,108.06025095614,27.8160370986153,2500,0,0,0
506,422.299179780454,422.299179780454,0,Guizhou,108.571194764421,27.8010828664113,2500,0.168919671912181,0.168919671912182,0
507,0,0,0,Guizhou,109.081949389336,27.7838250280581,2500,0,0,0
508,0,0,0,Hunan,109.592487916695,27.7642646557994,2500,0,0,0
509,76.2827903490197,0,76.2827903490197,Hunan,110.102783500783,27.7424029628741,2500,0.0305131161396079,0,0.0305131161396079
510,8.24029776666201,0,8.24029776666213,Hunan,110.612809372773,27.7182413026705,2500,0.00329611910666481,0,0.00329611910666485
511,0,0,0,Hunan,111.122538849065,27.6917811677839,2500,0,0,0
512,0,0,0,Hunan,111.63194533956,27.6630241889784,2500,0,0,0
513,0,0,0,Hunan,112.141002355865,27.6319721340541,2500,0,0,0
514,0,0,0,Hunan,112.649683519415,27.5986269066214,2500,0,0,0
515,0,0,0,Hunan,113.157962569509,27.5629905447822,2500,0,0,0
516,0,0,0,Jiangxi,113.665813371257,27.5250652197208,2500,0,0,0
517,10.9141092789925,0,10.9141092789925,Jiangxi,114.173209923424,27.4848532342058,2500,0.004365643711597,0,0.004365643711597
518,6.57462085771843,0,6.57462085771855,Jiangxi,114.68012636618,27.4423570210037,2500,0.00262984834308737,0,0.00262984834308742
519,0,0,0,Jiangxi,115.186536988729,27.3975791412058,2500,0,0,0
520,0.730496127012222,0,0.730496127012281,Jiangxi,115.692416236835,27.3505222824721,2500,0.000292198450804889,0,0.000292198450804912
521,254.778626504981,0,254.778626504984,Jiangxi,116.197738720219,27.3011892571906,2500,0.101911450601992,0,0.101911450601994
522,0,0,0,Jiangxi,116.702479219842,27.2495830005566,2500,0,0,0
523,0,0,0,Fujian,117.206612695046,27.1957065685732,2500,0,0,0
524,0,0,0,Fujian,117.71011429057,27.1395631359738,2500,0,0,0
525,1.8824209511365,0,1.88242095113666,Fujian,118.212959343425,27.0811559940698,2500,0.000752968380454599,0,0.000752968380454663
526,0,0,0,Fujian,118.715123389624,27.020488548526,2500,0,0,0
527,0,0,0,Fujian,119.216582170766,26.9575643170635,2500,0,0,0
528,0,0,0,Fujian,119.717311640466,26.8923869270954,2500,0,0,0
529,0,0,0,Tibet,91.7038815844403,27.5237533392874,2500,0,0,0
530,0,0,0,Tibet,92.2092209580762,27.5824600705033,2500,0,0,0
531,0,0,0,Tibet,92.7152276688389,27.6388949559477,2500,0,0,0
532,0,0,0,Tibet,93.2218767000088,27.6930546105915,2500,0,0,0
533,0,0,0,Tibet,93.7291428375061,27.7449357690741,2500,0,0,0
534,0,0,0,Tibet,94.2370006769217,27.794535287919,2500,0,0,0
535,0,0,0,Tibet,94.7454246306943,27.8418501476731,2500,0,0,0
536,0,0,0,Tibet,96.784263841132,28.0082070605816,2500,0,0,0
537,0,0,0,Tibet,97.2951286623446,28.0440578134775,2500,0,0,0
538,0,0,0,Yunnan,98.3180591317108,28.1088570356926,2500,0,0,0
539,539.020817968164,539.020817968164,0,Yunnan,98.8300713433884,28.137801446556,2500,0.215608327187266,0.215608327187266,0
540,1035.35576129334,861.80527594749,173.550485345855,Yunnan,99.3424123883698,28.1644399165239,2500,0.414142304517338,0.344722110378996,0.0694201941383418
541,0,0,0,Yunnan,99.8550552703001,28.1887707656706,2500,0,0,0
542,302.574464496416,0,302.574464496416,Sichuan,100.367972896631,28.2107924559918,2500,0.121029785798566,0,0.121029785798566
543,148.190673041466,0,148.190673041466,Sichuan,100.881138087108,28.2305035924772,2500,0.0592762692165866,0,0.0592762692165866
544,0,0,0,Sichuan,101.394523582323,28.2479029240837,2500,0,0,0
545,0,0,0,Sichuan,101.908102052339,28.2629893446095,2500,0,0,0
546,0,0,0,Sichuan,102.421846105359,28.2757618934683,2500,0,0,0
547,5.26938633204829,5.26938633204829,0,Sichuan,102.935728296454,28.2862197563614,2500,0.00210775453281932,0.00210775453281932,0
548,247.698665072909,93.7796651509519,156.466688113141,Sichuan,103.44972113633,28.2943622658483,2500,0.0990794660291637,0.0375118660603807,0.0625866752452563
549,80.0710685889162,80.0710685889164,0,Yunnan,103.963797100131,28.3001889018143,2500,0.0320284274355665,0.0320284274355666,0
550,0,0,0,Sichuan,104.477928636269,28.3036992918361,2500,0,0,0
551,345.048823798638,345.048823798638,0,Sichuan,104.992088175279,28.3048932114425,2500,0.138019529519455,0.138019529519455,0
552,349.573603403271,349.573603403271,0,Sichuan,105.506248138682,28.3037705842719,2500,0.139829441361308,0.139829441361308,0
553,724.3895525194,724.3895525194,0,Guizhou,106.020380947866,28.3003314821264,2500,0.28975582100776,0.28975582100776,0
554,79.6406408292066,79.5509878197228,0.0896530094838741,Guizhou,106.534459032955,28.2945761249207,2500,0.0318562563316827,0.0318203951278891,3.58612037935496e-05
555,261.389962532926,261.389962532926,0,Guizhou,107.048454841679,28.2865048805285,2500,0.10455598501317,0.10455598501317,0
556,0,0,0,Guizhou,107.562340848227,28.2761182645238,2500,0,0,0
557,0,0,0,Guizhou,108.076089562078,28.2634169398197,2500,0,0,0
558,0,0,0,Guizhou,108.589673536809,28.2484017162032,2500,0,0,0
559,0,0,0,Guizhou,109.103065378857,28.2310735497682,2500,0,0,0
560,0,0,0,Hunan,109.61623775625,28.2114335422459,2500,0,0,0
561,33.7948459162396,33.7948459162396,0,Hunan,110.129163407282,28.1894829402345,2500,0.0135179383664958,0.0135179383664958,0
562,163.462565734856,163.462565734856,0,Hunan,110.641815149134,28.1652231343277,2500,0.0653850262939425,0.0653850262939425,0
563,14.0651044037271,14.0651044037271,0,Hunan,111.154165886432,28.1386556581445,2500,0.00562604176149084,0.00562604176149084,0
564,0,0,0,Hunan,111.666188619735,28.1097821872598,2500,0,0,0
565,0,0,0,Hunan,112.177856453946,28.0786045380383,2500,0,0,0
566,0,0,0,Hunan,112.689142606645,28.0451246663714,2500,0,0,0
567,0,0,0,Hunan,113.200020416327,28.0093446663207,2500,0,0,0
568,0,0,0,Hunan,113.710463350549,27.9712667686667,2500,0,0,0
569,20.4120458215393,0,20.4120458215393,Jiangxi,114.220445013973,27.9308933393664,2500,0.00816481832861573,0,0.00816481832861573
570,27.2074308646725,0,27.2074308646724,Jiangxi,114.729939156305,27.8882268779205,2500,0.010882972345869,0,0.0108829723458689
571,0,0,0,Jiangxi,115.238919680121,27.8432700156523,2500,0,0,0
572,0,0,0,Jiangxi,115.74736064857,27.7960255138991,2500,0,0,0
573,0,0,0,Jiangxi,116.255236292958,27.7464962621194,2500,0,0,0
574,0,0,0,Jiangxi,116.762521020202,27.6946852759165,2500,0,0,0
575,246.026056296363,246.026056296363,0,Fujian,117.26918942015,27.6405956949815,2500,0.0984104225185454,0.0984104225185454,0
576,385.613364811198,385.613364811197,0,Fujian,117.775216272757,27.5842307809566,2500,0.154245345924479,0.154245345924479,0
577,0,0,0,Fujian,118.280576555128,27.5255939152218,2500,0,0,0
578,0,0,0,Fujian,118.7852454484,27.4646885966073,2500,0,0,0
579,0,0,0,Fujian,119.28919834448,27.4015184390323,2500,0,0,0
580,14.2365061763307,14.2365061763312,0,Zhejiang,119.792410852628,27.3360871690741,2500,0.00569460247053228,0.00569460247053247,0
581,0,0,0,Tibet,89.1071365065157,27.6388572789205,2500,0,0,0
582,0,0,0,Tibet,91.1283185948682,27.9064217126194,2500,0,0,0
583,0,0,0,Tibet,91.6354949434725,27.967640161455,2500,0,0,0
584,0,0,0,Tibet,92.1433740459629,28.0265819426599,2500,0,0,0
585,0,0,0,Tibet,92.651930728415,28.0832434583705,2500,0,0,0
586,0,0,0,Tibet,93.16113960747,28.1376212312589,2500,0,0,0
587,0,0,0,Tibet,93.6709750973802,28.1897119068886,2500,0,0,0
588,0,0,0,Tibet,94.1814114172068,28.2395122559942,2500,0,0,0
589,0,0,0,Tibet,94.6924225981677,28.2870191766816,2500,0,0,0
590,0,0,0,Tibet,95.2039824911292,28.3322296965478,2500,0,0,0
591,0,0,0,Tibet,95.7160647742367,28.3751409747171,2500,0,0,0
592,0,0,0,Tibet,96.2286429606792,28.4157503037925,2500,0,0,0
593,0.251099986070761,0.251099986070761,0,Tibet,96.7416904065829,28.4540551117202,2500,0.000100439994428304,0.000100439994428304,0
594,187.519461253216,187.519461253216,0,Tibet,97.2551803190265,28.4900529635639,2500,0.0750077845012866,0.0750077845012866,0
595,0,0,0,Tibet,97.769085764175,28.5237415631896,2500,0,0,0
596,0,0,0,Tibet,98.2833796755234,28.5551187548564,2500,0,0,0
597,122.657418536865,122.657418536865,0,Yunnan,98.7980348622462,28.5841825247135,2500,0.0490629674147458,0.0490629674147458,0
598,310.3531708502,248.403210798925,61.9499600512747,Sichuan,99.313024017645,28.6109310022018,2500,0.12414126834008,0.09936128431957,0.0247799840205099
599,0,0,0,Yunnan,99.8283197276892,28.6353624613566,2500,0,0,0
600,98.3143611908715,0,98.3143611908715,Sichuan,100.343894479642,28.6574753220127,2500,0.0393257444763486,0,0.0393257444763486
601,0,0,0,Sichuan,100.859720670765,28.6772681509088,2500,0,0,0
602,0,0,0,Sichuan,101.375770617096,28.6947396626904,2500,0,0,0
603,132.367778902399,0,132.367778902399,Sichuan,101.892016562292,28.7098887208109,2500,0.0529471115609597,0,0.0529471115609597
604,61.6342707902909,0,61.6342707902909,Sichuan,102.408430686531,28.7227143383285,2500,0.0246537083161163,0,0.0246537083161163
605,797.348368938871,606.589596934228,192.142670698992,Sichuan,102.924985115463,28.7332156785992,2500,0.318939347575548,0.242635838773691,0.0768570682795968
606,538.736207312597,538.736207312597,0,Sichuan,103.441651929207,28.7413920558648,2500,0.215494482925039,0.215494482925039,0
607,32.3150358081895,32.3150358081895,0,Sichuan,103.958403171386,28.747242935735,2500,0.0129260143232758,0.0129260143232758,0
608,210.686393821447,210.686393821447,0,Sichuan,104.475210858188,28.7507679355633,2500,0.0842745575285789,0.0842745575285789,0
609,207.619724443245,207.619724443245,0,Sichuan,104.992046987455,28.7519668247164,2500,0.0830478897772981,0.0830478897772981,0
610,292.080062360346,288.822320092729,9.96451566944233,Sichuan,105.508883547779,28.7508395247367,2500,0.116832024944138,0.115528928037092,0.00398580626777693
611,137.77478657697,137.77478657697,0,Sichuan,106.025692527611,28.747386109397,2500,0.0551099146307879,0.0551099146307879,0
612,52.4091217565039,52.4091217565039,0,Guizhou,106.542445924372,28.7416068046495,2500,0.0209636487026016,0.0209636487026016,0
613,197.202545800558,145.540874392427,53.5505224933763,Guizhou,107.05911575355,28.7335019884656,2500,0.0788810183202233,0.0582163497569708,0.0214202089973505
614,0,0,0,Guizhou,107.575674057789,28.7230721905707,2500,0,0,0
615,324.138069326915,324.138069326913,0,Guizhou,108.09209291595,28.7103180920714,2500,0.129655227730766,0.129655227730765,0
616,0,0,0,Chongqing,108.608344452147,28.6952405249762,2500,0,0,0
617,53.469504572638,53.469504572638,0,Chongqing,109.124400844745,28.6778404716112,2500,0.0213878018290552,0.0213878018290552,0
618,147.568181973162,147.568181973162,0,Hunan,109.640234335317,28.6581190639304,2500,0.0590272727892648,0.0590272727892648,0
619,464.491762457706,464.491762457705,0,Hunan,110.155817237538,28.6360775827213,2500,0.185796704983082,0.185796704983082,0
620,31.998462667021,31.998462667021,0,Hunan,110.671121946041,28.6117174567079,2500,0.0127993850668084,0.0127993850668084,0
621,407.479866406472,407.201125350728,320.470298765963,Hunan,111.186120945188,28.5850402615503,2500,0.162991946562589,0.162880450140291,0.128188119506385
622,26.0267258022879,20.7013441717455,18.5918360275551,Hunan,111.700786817782,28.5560477187434,2500,0.0104106903209152,0.00828053766869818,0.00743673441102203
623,63.3709943517599,0,63.3709943517599,Hunan,112.215092253694,28.5247416944157,2500,0.025348397740704,0,0.025348397740704
624,59.3805618723014,42.5533184123363,16.8272434599651,Hunan,112.729010058405,28.4911241980283,2500,0.0237522247489206,0.0170213273649345,0.00673089738398604
625,0,0,0,Hunan,113.242513161459,28.4551973809771,2500,0,0,0
626,0,0,0,Hunan,113.755574624816,28.4169635350988,2500,0,0,0
627,102.732461960893,12.1822318012264,90.5502301596664,Jiangxi,114.268167651094,28.3764250910826,2500,0.0410929847843572,0.00487289272049056,0.0362200920638666
628,16.7526466821495,16.2079612284192,0.544685453730402,Jiangxi,114.780265591713,28.3335846167886,2500,0.00670105867285981,0.00648318449136769,0.000217874181492161
629,0,0,0,Jiangxi,115.291841954911,28.2884448154758,2500,0,0,0
630,0,0,0,Jiangxi,115.802870413638,28.2410085239405,2500,0,0,0
631,0,0,0,Jiangxi,116.313324813332,28.1912787105681,2500,0,0,0
632,16.7975467938039,0,16.7975467938039,Jiangxi,116.823179179548,28.1392584732987,2500,0.00671901871752158,0,0.00671901871752156
633,132.668961410498,132.668961410498,0,Jiangxi,117.332407725455,28.0849510375102,2500,0.0530675845641993,0.0530675845641993,0
634,223.305194263177,223.305194263177,0,Jiangxi,117.840984859191,28.0283597538203,2500,0.0893220777052706,0.0893220777052706,0
635,114.722878949849,0,114.722878949858,Fujian,118.348885191062,27.9694880958098,2500,0.0458891515799396,0,0.0458891515799433
636,0,0,0,Zhejiang,118.856083540595,27.9083396576685,2500,0,0,0
637,106.533411479655,106.533411479655,0,Zhejiang,119.362554943428,27.844918151768,2500,0.0426133645918621,0.042613364591862,0
638,186.575476422981,186.575476422986,0,Zhejiang,119.86827465804,27.7792274061618,2500,0.0746301905691925,0.0746301905691944,0
639,0,0,0,Zhejiang,120.373218172315,27.7112713620161,2500,0,0,0
640,1340.00436481244,1340.00436481244,0,Tibet,87.5106394127674,27.8556163289479,2500,0.536001745924975,0.536001745924975,0
641,1296.51923412046,1296.51923412046,0,Tibet,88.014679118135,27.9329663705602,2500,0.518607693648185,0.518607693648185,0
642,0,0,0,Tibet,89.0253920361984,28.0808937950073,2500,0,0,0
643,0,0,0,Tibet,89.5320172861452,28.1514623067062,2500,0,0,0
644,0,0,0,Tibet,90.0394559934375,28.2197616148748,2500,0,0,0
645,0,0,0,Tibet,90.5476835437125,28.2857875546033,2499.99999999999,0,0,0
646,0,0,0,Tibet,91.0566750806615,28.3495360743091,2500,0,0,0
647,0,0,0,Tibet,91.5664055125606,28.4110032384499,2500,0,0,0
648,0,0,0,Tibet,92.0768495189779,28.4701852301676,2500,0,0,0
649,0,0,0,Tibet,92.5879815576522,28.5270783538623,2500,0,0,0
650,0,0,0,Tibet,93.0997758715401,28.5816790376917,2500,0,0,0
651,0,0,0,Tibet,93.6122064960268,28.6339838359956,2500,0,0,0
652,0,0,0,Tibet,94.1252472662951,28.683989431641,2500,0,0,0
653,0,0,0,Tibet,94.63887182485,28.7316926382876,2500,0,0,0
654,42.7929524493278,42.7929524493278,0,Tibet,95.153053629192,28.7770904025694,2500,0.0171171809797311,0.0171171809797311,0
655,0,0,0,Tibet,95.6677659596341,28.8201798061911,2500,0,0,0
656,0,0,0,Tibet,96.1829819272583,28.8609580679381,2500,0,0,0
657,91.8973974728911,91.8973974728911,0,Tibet,96.6986744820049,28.8994225455954,2500,0.0367589589891564,0.0367589589891564,0
658,681.800260960365,681.800260960365,0,Tibet,97.214816420889,28.9355707377761,2500,0.272720104384146,0.272720104384146,0
659,0,0,0,Tibet,97.7313803963384,28.969400285656,2500,0,0,0
660,0,0,0,Tibet,98.2483389246471,29.0009089746129,2500,0,0,0
661,1015.99692059145,1015.99692059145,0,Tibet,98.7656643945368,29.030094735769,2500,0.406398768236581,0.406398768236581,0
662,0,0,0,Sichuan,99.2833290758215,29.0569556474342,2500,0,0,0
663,397.700372161334,0,397.700372161334,Sichuan,99.8013051281678,29.0814899364493,2500,0.159080148864533,0,0.159080148864533
664,906.372683763039,637.130336472277,269.242347290762,Sichuan,100.319564609943,29.1036959794276,2500,0.362549073505215,0.254852134588911,0.107696938916305
665,146.558757377837,140.695732874706,5.86302450313054,Sichuan,100.838079487148,29.1235723038927,2500,0.0586235029511347,0.0562782931498825,0.00234520980125222
666,827.396724555253,827.396724555253,0,Sichuan,101.356821642422,29.1411175893132,2500,0.330958689822101,0.330958689822101,0
667,593.233041590585,547.004423353601,46.2286182369839,Sichuan,101.875762884113,29.15633066803,2500,0.237293216636234,0.21880176934144,0.0184914472947936
668,15.7282542424467,0,15.7282542424467,Sichuan,102.394874955421,29.1692105260787,2500,0.00629130169697866,0,0.00629130169697866
669,268.519594922038,95.72140893819,70.6577339160302,Sichuan,102.914129543575,29.179756303904,2500,0.107407837968815,0.038288563575276,0.0282630935664121
670,0,0,0,Sichuan,103.433498289075,29.1879672969651,2500,0,0,0
671,20.1905030410182,12.2665651415556,7.9239378994625,Sichuan,103.952952794957,29.1938429562337,2500,0.00807620121640727,0.00490662605662226,0.003169575159785
672,17.9100464495099,17.9100464495099,0,Sichuan,104.472464636101,29.1973828885805,2500,0.00716401857980397,0.00716401857980397,0
673,0,0,0,Sichuan,104.992005368552,29.1985868570538,2500,0,0,0
674,0,0,0,Sichuan,105.511546538861,29.1974547810462,2500,0,0,0
675,160.318773492433,156.068355659894,4.25041783253942,Chongqing,106.031059693439,29.193986736352,2500,0.0641275093969734,0.0624273422639576,0.00170016713301577
676,36.2172328493046,33.8210682667835,2.39616458252104,Chongqing,106.550516387898,29.1881829551134,2500,0.0144868931397218,0.0135284273067134,0.000958465833008416
677,213.738665777147,213.738665777147,0,Chongqing,107.069888196399,29.1800438256566,2500,0.085495466310859,0.085495466310859,0
678,87.4554095634731,87.4554095634731,0,Chongqing,107.589146720973,29.1695698922175,2500,0.0349821638253892,0.0349821638253892,0
679,0,0,0,Chongqing,108.108263600828,29.1567618545576,2500,0,0,0
680,0,0,0,Chongqing,108.627210521618,29.1416205674702,2500,0,0,0
681,0,0,0,Chongqing,109.145959224681,29.1241470401779,2500,0,0,0
682,0,0,0,Hunan,109.664481516226,29.1043424356209,2500,0,0,0
683,36.2172788491709,36.2172788491709,0,Hunan,110.18274927647,29.0822080696399,2500,0.0144869115396684,0.0144869115396684,0
684,10.8984849238322,10.8984849238322,0,Hunan,110.700734468712,29.0577454100495,2500,0.00435939396953289,0.00435939396953289,0
685,0,0,0,Hunan,111.218409148345,29.0309560756087,2500,0,0,0
686,40.1771920123777,0,40.1771920123782,Hunan,111.735745471784,29.0018418348854,2500,0.0160708768049511,0,0.0160708768049513
687,349.08491407715,0,349.08491407715,Hunan,112.252715705323,28.970404605018,2500,0.13963396563086,0,0.13963396563086
688,1353.94362863579,684.74424035325,722.051481503654,Hunan,112.769292233894,28.9366464503757,2500,0.541577451454317,0.2738976961413,0.288820592601461
689,35.4318157992851,35.4318157992851,0,Hunan,113.285447569737,28.9005695811178,2500,0.0141727263197141,0.0141727263197141,0
690,4.98217671816606,0,4.98217671816629,Hunan,113.801154360963,28.8621763516544,2500,0.00199287068726642,0,0.00199287068726652
691,5.50846506675366,5.50846506675366,0,Jiangxi,114.316385400014,28.8214692590106,2500,0.00220338602670146,0.00220338602670146,0
692,79.2898539178243,79.2898539178243,0,Jiangxi,114.831113631999,28.7784509410938,2500,0.0317159415671297,0.0317159415671297,0
693,2.01276582565079,0.239270249615354,2.01276582565069,Jiangxi,115.34531216292,28.7331241748695,2500,0.000805106330260314,9.57080998461418e-05,0.000805106330260276
694,0,0,0,Jiangxi,115.858954267764,28.6854918744433,2500,0,0,0
695,0,0,0,Jiangxi,116.372013398458,28.6355570890555,2500,0,0,0
696,0,0,0,Jiangxi,116.884463191701,28.583323000986,2500,0,0,0
697,0,0,0,Jiangxi,117.396277476632,28.5287929233759,2500,0,0,0
698,0,0,0,Jiangxi,117.907430282364,28.4719702979646,2500,0,0,0
699,0,0,0,Jiangxi,118.417895845358,28.4128586927467,2500,0,0,0
700,55.6659945882522,55.6659945882534,0,Zhejiang,118.927648616635,28.3514617995506,2500,0.0222663978353009,0.0222663978353014,0
701,0,0,0,Zhejiang,119.436663268835,28.2877834315404,2500,0,0,0
702,0,0,0,Zhejiang,119.944914703093,28.221827520645,2500,0,0,0
703,0,0,0,Zhejiang,120.452378055757,28.1535981149158,2500,0,0,0
704,0,0,0,Zhejiang,120.959028704924,28.0830993758161,2500,0,0,0
705,948.233099652356,948.233099652356,0,Tibet,85.9065786717598,28.0496865378641,2500,0.379293239860942,0.379293239860942,0
706,1928.4691593663,1928.4691593663,0,Tibet,86.4102702581064,28.1341116730053,2500,0.771387663746521,0.771387663746521,0
707,2323.94641046,2323.94641046,0,Tibet,86.9149320244469,28.2162872912413,2500,0.929578564183999,0.929578564183999,0
708,2423.47703114369,2423.47703114369,0,Tibet,87.4205406227278,28.2962084794186,2500,0.969390812457479,0.969390812457479,0
709,1651.63581613105,1651.63581613105,0,Tibet,87.9270724207681,28.3738704226436,2500,0.66065432645242,0.66065432645242,0
710,487.705360693556,487.705360693556,0,Tibet,88.4345035077737,28.4492684074343,2500,0.195082144277422,0.195082144277422,0
711,0,0,0,Tibet,88.9428097000544,28.5223978248192,2500,0,0,0
712,0,0,0,Tibet,89.4519665469373,28.5932541733792,2500,0,0,0
713,0,0,0,Tibet,89.9619493368768,28.6618330622309,2500,0,0,0
714,626.941653803522,626.941653803522,0,Tibet,90.4727331037567,28.7281302139492,2500,0.250776661521409,0.250776661521409,0
715,1092.38810233033,1092.38810233033,0,Tibet,90.9842926333817,28.7921414674242,2500,0.436955240932134,0.436955240932134,0
716,0,0,0,Tibet,91.4966024701543,28.8538627806515,2500,0,0,0
717,0,0,0,Tibet,92.0096369239342,28.913290233453,2500,0,0,0
718,0,0,0,Tibet,92.5233700770761,28.9704200301245,2500,0,0,0
719,0,0,0,Tibet,93.0377757916403,29.0252485020089,2500,0,0,0
720,0,0,0,Tibet,93.5528277167745,29.0777721099908,2500,0,0,0
721,0,0,0,Tibet,94.0684992962585,29.1279874469116,2500,0,0,0
722,0.292441906407951,0.292441906407951,0,Tibet,94.5847637762103,29.1758912399013,2500,0.00011697676256318,0.00011697676256318,0
723,2245.55064197142,2245.55064197142,0,Tibet,95.1015942129459,29.2214803526256,2500,0.89822025678857,0.89822025678857,0
724,1643.28769859051,1643.28769859051,0,Tibet,95.618963480989,29.2647517874453,2500,0.657315079436203,0.657315079436203,0
725,317.061385184477,317.061385184477,0,Tibet,96.1368442812242,29.3057026874852,2500,0.126824554073791,0.126824554073791,0
726,0,0,0,Tibet,96.6552091491885,29.3443303386132,2500,0,0,0
727,0,0,0,Tibet,97.1740304634941,29.3806321713221,2500,0,0,0
728,0,0,0,Tibet,97.6932804543778,29.4146057625182,2500,0,0,0
729,277.887773838491,277.887773838491,0,Tibet,98.2129312123691,29.4462488372105,2500,0.111155109535396,0.111155109535396,0
730,595.250508434963,595.250508434963,0,Tibet,98.7329546970718,29.4755592700997,2500,0.238100203373985,0.238100203373985,0
731,0,0,0,Sichuan,99.2533227460511,29.5025350870666,2500,0,0,0
732,1087.7300639559,1042.59056287964,522.561604765167,Sichuan,99.7740070838203,29.5271744665561,2500,0.435092025582359,0.417036225151857,0.209024641906067
733,1632.20777292005,1632.20777292005,0,Sichuan,100.29497933092,29.5494757408577,2500,0.652883109168019,0.652883109168019,0
734,379.712093861042,0.355831297336516,379.356262563706,Sichuan,100.816211013081,29.5694373972782,2500,0.151884837544417,0.000142332518934606,0.151742505025482
735,1634.10606095862,1634.10606095862,0,Sichuan,101.337673570468,29.5870580792083,2500,0.653642424383448,0.653642424383448,0
736,2119.13153470482,2119.13153470482,0,Sichuan,101.85933836699,29.6023365870791,2500,0.847652613881927,0.847652613881927,0
737,1.78558877726025,1.73117541640207,0.0544133608581766,Sichuan,102.381176699674,29.6152718792103,2500,0.0007142355109041,0.000692470166560829,2.17653443432707e-05
738,309.897816691322,0,309.897816691322,Sichuan,102.903159808098,29.6258630725461,2500,0.123959126676529,0,0.123959126676529
739,0,0,0,Sichuan,103.425258883867,29.6341094432806,2500,0,0,0
740,13.5757294032147,0,13.5757294032147,Sichuan,103.947445080129,29.6400104273701,2500,0.00543029176128589,0,0.00543029176128587
741,0,0,0,Sichuan,104.469689521126,29.6435656209331,2500,0,0,0
742,0,0,0,Sichuan,104.991963311765,29.6447747805362,2500,0,0,0
743,0,0,0,Chongqing,105.51423754721,29.6436378233673,2500,0,0,0
744,0.339010779698103,0.339010779698103,0,Chongqing,106.036483322476,29.6401548272938,2500,0.000135604311879241,0.000135604311879241,0
745,99.5546525264773,84.6063682722879,14.9482842541894,Chongqing,106.558671742029,29.6343260308079,2500,0.0398218610105909,0.0338425473089151,0.00597931370167576
746,0,0,0,Chongqing,107.080773929371,29.6261518328569,2500,0,0,0
747,0,0,0,Chongqing,107.602761036619,29.6156327925608,2500,0,0,0
748,0,0,0,Chongqing,108.124604254052,29.602769628816,2500,0,0,0
749,13.7916924924608,0,13.7916924924608,Chongqing,108.64627481963,29.5875632197857,2500,0.00551667699698433,0,0.00551667699698434
750,17.1624153460945,17.1621566611705,17.1606341641391,Hubei,109.167744028471,29.5700146022793,2500,0.00686496613843779,0.00686486266446822,0.00686425366565566
751,281.695160946476,202.434164876605,79.2609960698713,Hunan,109.688983242286,29.5501249710183,2500,0.11267806437859,0.080973665950642,0.0317043984279485
752,91.7512871756249,86.927981336823,4.82330583880195,Hunan,110.209963898754,29.5278956777929,2500,0.03670051487025,0.0347711925347292,0.00192932233552078
753,121.02498142005,121.02498142005,0,Hunan,110.730657520833,29.503328230508,2500,0.0484099925680202,0.0484099925680202,0
754,0,0,0,Hunan,111.25103572601,29.4764242921205,2500,0,0,0
755,0,0,0,Hunan,111.771070235461,29.4471856794692,2500,0,0,0
756,0.703989674754648,0.703989674754648,0,Hunan,112.29073288314,29.4156143619984,2500,0.000281595869901859,0.000281595869901859,0
757,1344.71464115349,1344.71464115349,0,Hunan,112.809995624759,29.3817124603761,2500,0.537885856461397,0.537885856461397,0
758,379.824794966519,379.824794966519,0,Hunan,113.328830546689,29.34548224501,2500,0.151929917986607,0.151929917986607,0
759,0,0,0,Hubei,113.847209874736,29.3069261344604,2500,0,0,0
760,171.764564576199,171.764564576199,0,Jiangxi,114.365105982818,29.2660466937547,2500,0.0687058258304798,0.0687058258304798,0
761,4.73120040489445,4.73120040489445,0,Jiangxi,114.882491401516,29.2228466326018,2500,0.00189248016195778,0.00189248016195778,0
762,110.687013870445,110.587368455425,110.687013870445,Jiangxi,115.399338826503,29.1773288035128,2500,0.0442748055481781,0.0442349473821702,0.0442748055481781
763,405.240990699732,385.311731837207,19.9292588625248,Jiangxi,115.915621126835,29.1294961998253,2500,0.162096396279893,0.154124692734883,0.00797170354500991
764,323.719947923279,323.719944821234,323.719925592457,Jiangxi,116.431311353114,29.079351953637,2500,0.129487979169312,0.129487977928494,0.129487970236983
765,0,0,0,Jiangxi,116.946382745499,29.0268993336489,2500,0,0,0
766,13.2930516030674,0,13.293051603067,Jiangxi,117.46080874157,28.9721417429212,2500,0.00531722064122695,0,0.00531722064122679
767,0,0,0,Jiangxi,117.974562984041,28.9150827165438,2500,0,0,0
768,0,0,0,Zhejiang,118.487619328309,28.8557259192241,2500,0,0,0
769,0,0,0,Zhejiang,118.999951849842,28.7940751427941,2500,0,0,0
770,0,0,0,Zhejiang,119.51153485139,28.7301343036406,2500,0,0,0
771,0,0,0,Zhejiang,120.022342870036,28.6639074400585,2500,0,0,0
772,0,0,0,Zhejiang,120.532350684054,28.5953987095337,2500,0,0,0
773,0,0,0,Zhejiang,121.041533319595,28.5246123859541,2500,0,0,0
774,0,0,0,Zhejiang,121.549866057185,28.4515528567542,2500,0,0,0
775,1406.07381639381,1406.07381639381,0,Tibet,85.3029385543295,28.4017238031726,2500,0.562429526557524,0.562429526557524,0
776,2372.52357324415,2372.52357324415,0,Tibet,85.8080945577487,28.4887430898391,2500,0.949009429297661,0.949009429297661,0
777,2500,2500,0,Tibet,86.3142588596767,28.5735103208519,2500,1,1,0
778,2500,2500,0,Tibet,86.8214080911261,28.6560203538267,2500,1,1,0
779,1741.77796206989,1741.77796206989,0,Tibet,87.3295185864881,28.7362681438852,2500,0.696711184827957,0.696711184827957,0
780,0,0,0,Tibet,87.8385663889475,28.8142487469452,2500,0,0,0
781,0.686093370350307,0.686093370350307,0,Tibet,88.348527256108,28.889957322959,2500,0.000274437348140122,0.000274437348140122,0
782,0,0,0,Tibet,88.8593766658241,28.9633891390983,2500,0,0,0
783,0,0,0,Tibet,89.371089822239,29.0345395728822,2500,0,0,0
784,0,0,0,Tibet,89.8836416620239,29.1034041152446,2500,0,0,0
785,30.3194224754078,30.3194224754078,0,Tibet,90.3970068608172,29.1699783735404,2500,0.0121277689901631,0.0121277689901631,0
786,91.5628872061751,91.5628872061751,0,Tibet,90.9111598398591,29.2342580744843,2500,0.0366251548824701,0.0366251548824701,0
787,0,0,0,Tibet,91.4260747728183,29.2962390670221,2500,0,0,0
788,0,0,0,Tibet,91.9417255928083,29.3559173251306,2500,0,0,0
789,0,0,0,Tibet,92.4580859995874,29.4132889505429,2500,0,0,0
790,0,0,0,Tibet,92.9751294669382,29.4683501753973,2500,0,0,0
791,0,0,0,Tibet,93.4928292502244,29.5210973648061,2500,0,0,0
792,0,0,0,Tibet,94.0111583941164,29.5715270193429,2500,0,0,0
793,36.1745106099531,36.1745106099531,0,Tibet,94.5300897404841,29.6196357774441,2500,0.0144698042439812,0.0144698042439812,0
794,2407.34432289153,2407.34432289153,0,Tibet,95.0495959364485,29.6654204177237,2500,0.962937729156612,0.962937729156612,0
795,1741.67601571581,1741.67601571581,0,Tibet,95.56964944259,29.7088778611978,2500,0.696670406286325,0.696670406286325,0
796,98.4648552770018,98.4648552770018,0,Tibet,96.0902225413034,29.7500051734178,2500,0.0393859421108007,0.0393859421108007,0
797,0,0,0,Tibet,96.6112873452981,29.7887995665078,2500,0,0,0
798,0,0,0,Tibet,97.1328158062335,29.8252584011062,2500,0,0,0
799,0,0,0,Tibet,97.6547797234856,29.8593791882081,2500,0,0,0
800,0,0,0,Tibet,98.1771507530373,29.891159590907,2500,0,0,0
801,0,0,0,Tibet,98.6999004164858,29.9205974260333,2500,0,0,0
802,0,0,0,Sichuan,99.2230001101595,29.9476906656887,2500,0,0,0
803,1001.17795909437,983.558345186385,39.2565187776342,Sichuan,99.7464211143388,29.9724374386739,2500,0.400471183637748,0.393423338074554,0.0157026075110537
804,353.152173117256,353.152173117256,0,Sichuan,100.270134602571,29.994836031808,2500,0.141260869246902,0.141260869246902,0
805,569.838625578257,551.707188232129,18.1314373461284,Sichuan,100.794111651077,30.0148848911393,2500,0.227935450231303,0.220682875292851,0.00725257493845136
806,217.884716117391,217.884716117391,0,Sichuan,101.318323248232,30.0325826230444,2500,0.0871538864469562,0.0871538864469562,0
807,530.371873653357,530.371873653357,0,Sichuan,101.842740304128,30.0479279952158,2500,0.212148749461343,0.212148749461343,0
808,19.653566447483,19.653566447483,0,Sichuan,102.36733366019,30.0609199375356,2500,0.00786142657899321,0.00786142657899321,0
809,0,0,0,Sichuan,102.892074098866,30.0715575428358,2500,0,0,0
810,0,0,0,Sichuan,103.416932353347,30.0798400675426,2500,0,0,0
811,0,0,0,Sichuan,103.941879117342,30.0857669322055,2500,0,0,0
812,0,0,0,Sichuan,104.466885054883,30.0893377219096,2500,0,0,0
813,11.1358353455045,0,11.1358353455045,Sichuan,104.991920810148,30.0905521865711,2500,0.00445433413820181,0,0.00445433413820181
814,0,0,0,Sichuan,105.516957017313,30.0894102411151,2500,0,0,0
815,0,0,0,Chongqing,106.041964310402,30.0859119655367,2500,0,0,0
816,3.3388482694418,3.3388482694418,0,Chongqing,106.566913333139,30.0800576048435,2500,0.00133553930777672,0.00133553930777672,0
817,0,0,0,Chongqing,107.091774748797,30.0718475688815,2500,0,0,0
818,0,0,0,Chongqing,107.616519250027,30.0612824320431,2500,0,0,0
819,0,0,0,Chongqing,108.141117568659,30.0483629328584,2500,0,0,0
820,262.556832552828,262.556832552829,0,Hubei,108.665540485477,30.0330899734697,2500,0.105022733021131,0.105022733021132,0
821,430.322641406158,430.322641406157,1.60503244214006,Hubei,109.18975883995,30.0154646189907,2500,0.172129056562463,0.172129056562463,0.000642012976856023
822,315.545155727109,315.545155727109,0,Hubei,109.71374353991,29.9954880967501,2500,0.126218062290843,0.126218062290843,0
823,277.430146309108,277.430146309107,0,Hubei,110.237465571183,29.9731617954208,2500,0.110972058523643,0.110972058523643,0
824,758.960922567759,758.960922567759,0,Hunan,110.760896007141,29.9484872640362,2500,0.303584369027104,0.303584369027104,0
825,0,0,0,Hunan,111.284006018198,29.9214662108941,2500,0,0,0
826,0,0,0,Hunan,111.806766881209,29.89210050235,2500,0,0,0
827,77.437848578122,77.4378485781212,0,Hubei,112.329149988794,29.8603921615006,2500,0.0309751394312488,0.0309751394312485,0
828,12.4845062460695,12.4845062460695,0,Hubei,112.851126858557,29.8263433667589,2500,0.0049938024984278,0.0049938024984278,0
829,455.051656337654,26.3903966926065,428.661259645048,Hubei,113.372669142211,29.7899564503244,2500,0.182020662535062,0.0105561586770426,0.171464503858019
830,41.4840998045521,41.4840998045521,0,Hubei,113.893748634587,29.7512338965464,2500,0.0165936399218208,0.0165936399218208,0
831,0,0,0,Hubei,114.414337282524,29.710178340186,2500,0,0,0
832,0,0,0,Hubei,114.934407193647,29.6667925645772,2500,0,0,0
833,0,0,0,Jiangxi,115.453930645002,29.6210794996876,2500,0,0,0
834,236.472316348659,224.51355130788,11.9587650407775,Jiangxi,115.972880091558,29.5730422200842,2500,0.0945889265394638,0.0898054205231522,0.00478350601631098
835,15.5962920081642,0,15.5962920081648,Jiangxi,116.491228174573,29.5226839428033,2500,0.00623851680326568,0,0.00623851680326592
836,0,0,0,Jiangxi,117.008947729804,29.4700080251284,2500,0,0,0
837,0.934047830731841,0,0.934047830731841,Jiangxi,117.526011795559,29.4150179622786,2500,0.000373619132292736,0,0.000373619132292736
838,164.250670727249,154.937529850848,9.31314087640223,Jiangxi,118.042393620603,29.3577173850095,2500,0.0657002682908997,0.0619750119403394,0.0037252563505609
839,0,0,0,Zhejiang,118.558066671883,29.2981100571282,2500,0,0,0
840,0,0,0,Zhejiang,119.073004642092,29.2361998729274,2500,0,0,0
841,0,0,0,Zhejiang,119.587181457052,29.1719908545389,2500,0,0,0
842,0,0,0,Zhejiang,120.100571282925,29.1054871492103,2500,0,0,0
843,57.7958419552774,0,57.7958419552763,Zhejiang,120.613148533228,29.0366930265077,2500,0.023118336782111,0,0.0231183367821105
844,0,0,0,Zhejiang,121.12488787567,28.9656128754464,2500,0,0,0
845,0,0,0,Zhejiang,121.635764238793,28.892251201554,2500,0,0,0
846,1348.6601337608,1348.6601337608,0,Tibet,84.6943756762562,28.7502577398235,2500,0.53946405350432,0.53946405350432,0
847,2346.15746051297,2346.15746051297,0,Tibet,85.2009653678264,28.839888575398,2500,0.938462984205189,0.938462984205189,0
848,1870.46169270817,1870.46169270817,0,Tibet,85.7086020949187,28.9272650275677,2500,0.748184677083267,0.748184677083267,0
849,1427.15161367208,1427.15161367208,0,Tibet,86.2172624822827,29.0123817200952,2500,0.570860645468832,0.570860645468832,0
850,1261.20321553437,1261.20321553437,0,Tibet,86.7269228453525,29.0952333733027,2500,0.504481286213748,0.504481286213748,0
851,298.87040590729,298.87040590729,0,Tibet,87.2375591955482,29.1758148075003,2500,0.119548162362916,0.119548162362916,0
852,743.35032222655,743.35032222655,0,Tibet,87.7491472457954,29.2541209463682,2500,0.29734012889062,0.29734012889062,0
853,749.560065027671,749.560065027671,0,Tibet,88.2616624162624,29.3301468202849,2500,0.299824026011069,0.299824026011069,0
854,584.668773047384,584.668773047384,1.39522975347077,Tibet,88.7750798403108,29.4038875696027,2500,0.233867509218954,0.233867509218954,0.000558091901388306
855,540.650288647747,540.650288647747,0,Tibet,89.2893743706596,29.475338447864,2500,0.216260115459098,0.216260115459098,0
856,27.5126122395444,27.5126122395444,0,Tibet,89.8045205857576,29.5444948249577,2500,0.0110050448958178,0.0110050448958178,0
857,0,0,0,Tibet,90.3204927963622,29.6113521902106,2500,0,0,0
858,326.413087362015,309.899015628479,16.5140717335359,Tibet,90.8372650523212,29.675906155413,2500,0.130565234944806,0.123959606251392,0.00660562869341434
859,851.049475579664,846.331545239701,4.71793033996259,Tibet,91.3548111495538,29.7381524577737,2500,0.340419790231865,0.33853261809588,0.00188717213598504
860,308.025144389798,308.025144389798,0,Tibet,91.8731046372261,29.7980869628023,2500,0.123210057755919,0.123210057755919,0
861,0,0,0,Tibet,92.3921188251189,29.8557056671156,2500,0,0,0
862,0,0,0,Tibet,92.9118267911807,29.9110047011656,2500,0,0,0
863,0,0,0,Tibet,93.4322013892638,29.9639803318852,2500,0,0,0
864,0,0,0,Tibet,93.9532152570364,30.0146289652506,2500,0,0,0
865,23.3254382312202,23.3254382312202,0,Tibet,94.4748408240666,30.0629471487559,2500,0.00933017529248808,0.00933017529248808,0
866,1564.05865006706,1564.05865006706,0,Tibet,94.9970503200727,30.1089315737986,2500,0.625623460026824,0.625623460026824,0
867,57.9993972390124,57.9993972390124,0,Tibet,95.5198157833342,30.1525790779722,2500,0.023199758895605,0.023199758895605,0
868,0,0,0,Tibet,96.0431090692562,30.1938866472647,2500,0,0,0
869,0,0,0,Tibet,96.5669018590831,30.2328514181595,2500,0,0,0
870,0,0,0,Tibet,97.091165668754,30.269470679637,2500,0,0,0
871,0,0,0,Tibet,97.615871857893,30.3037418750748,2500,0,0,0
872,0,0,0,Tibet,98.1409916389278,30.3356626040432,2500,0,0,0
873,0,0,0,Tibet,98.6664960863305,30.3652306239958,2500,0,0,0
874,161.41369538669,23.4547042414774,140.357877787765,Sichuan,99.1923561459713,30.392443851852,2500,0.064565478154676,0.00938188169659094,0.0561431511151059
875,318.14405627256,33.2163149566327,288.019866178293,Sichuan,99.7185426445802,30.4173003654691,2500,0.127257622509024,0.0132865259826531,0.115207946471317
876,0,0,0,Sichuan,100.245026299307,30.4397984050049,2500,0,0,0
877,0,0,0,Sichuan,100.771777727374,30.4599363741655,2500,0,0,0
878,423.896439801642,0,423.89643980164,Sichuan,101.298767455811,30.4777128413402,2500,0.169558575920657,0,0.169558575920656
879,0,0,0,Sichuan,101.825965931266,30.49312654062,2500,0,0,0
880,4.79027959467412,4.79027959467412,0,Sichuan,102.353343529884,30.5061763726998,2500,0.00191611183786965,0.00191611183786965,0
881,427.545448573436,422.28244217836,5.26300639507622,Sichuan,102.880870567248,30.5168614056623,2500,0.171018179429375,0.168912976871344,0.00210520255803049
882,0,0,0,Sichuan,103.408517308366,30.5251808756437,2500,0,0,0
883,0,0,0,Sichuan,103.936253977702,30.5311341873791,2500,0,0,0
884,29.9016434013069,0,29.9016434013068,Sichuan,104.464050769247,30.5347209146284,2500,0.0119606573605227,0,0.0119606573605227
885,11.8981765429772,0,11.8981765429772,Sichuan,104.991877856606,30.535940800481,2500,0.00475927061719088,0,0.00475927061719088
886,0,0,0,Sichuan,105.51970540311,30.5347937575396,2500,0,0,0
887,0,0,0,Sichuan,106.047503571937,30.531279867983,2500,0,0,0
888,0,0,0,Sichuan,106.575242536224,30.5253993835071,2500,0,0,0
889,0,0,0,Sichuan,107.102892489184,30.5171527251447,2500,0,0,0
890,0,0,0,Chongqing,107.630423654194,30.5065404829646,2500,0,0,0
891,46.5158607705385,0,46.5158607705387,Chongqing,108.157806294862,30.4935634156496,2500,0.0186063443082154,0,0.0186063443082155
892,0,0,0,Hubei,108.685010725067,30.4782224499541,2500,0,0,0
893,0,0,0,Hubei,109.212007318941,30.4605186800431,2500,0,0,0
894,0,0,0,Hubei,109.738766520816,30.440453366711,2500,0,0,0
895,0,0,0,Hubei,110.2652588551,30.4180279364835,2500,0,0,0
896,0,0,0,Hubei,110.791454936094,30.3932439806028,2500,0,0,0
897,0,0,0,Hubei,111.317325477728,30.3661032538959,2500,0,0,0
898,0,0,0,Hubei,111.842841303217,30.33660767353,2500,0,0,0
899,0,0,0,Hubei,112.367973354623,30.3047593176546,2500,0,0,0
900,0,0,0,Hubei,112.89269270232,30.2705604239312,2500,0,0,0
901,0,0,0,Hubei,113.416970554352,30.2340133879552,2500,0,0,0
902,0,0,0,Hubei,113.940778265676,30.1951207615687,2500,0,0,0
903,0,0,0,Hubei,114.464087347286,30.153885251067,2500,0,0,0
904,0,0,0,Hubei,114.986869475205,30.1103097153033,2500,0,0,0
905,0,0,0,Hubei,115.50909649935,30.0643971636886,2500,0,0,0
906,196.368987105673,196.368987105671,0,Hubei,116.030740452241,30.0161507540948,2500,0.0785475948422692,0.0785475948422684,0
907,50.82002631888,50.820026318883,0,Anhui,116.551773557581,29.965573790659,2500,0.020328010527552,0.0203280105275532,0
908,0,0,0,Anhui,117.072168238663,29.9126697214934,2500,0,0,0
909,69.3421800520629,69.3421800520629,0,Anhui,117.591897126629,29.8574421363031,2500,0.0277368720208252,0.0277368720208252,0
910,0,0,0,Anhui,118.110933068559,29.7998947639137,2500,0,0,0
911,0,0,0,Anhui,118.629249135388,29.740031469712,2500,0,0,0
912,0,0,0,Zhejiang,119.146818629651,29.6778562530027,2499.99999999999,0,0,0
913,0,0,0,Zhejiang,119.663615093033,29.6133732442827,2500,0,0,0
914,0,0,0,Zhejiang,120.179612313754,29.5465867024374,2500,0,0,0
915,0,0,0,Zhejiang,120.694784333739,29.4775010118603,2500,0,0,0
916,0,0,0,Zhejiang,121.209105455617,29.4061206795004,2500,0,0,0
917,0,0,0,Zhejiang,121.722550249496,29.332450331839,2500,0,0,0
918,143.217440330881,143.217440330881,0,Tibet,84.5888672863386,29.1875268715058,2500,0.0572869761323525,0.0572869761323525,0
919,809.23540529861,809.23540529861,0,Tibet,85.0979450933955,29.2775302454242,2500,0.323694162119444,0.323694162119444,0
920,73.8726173312678,73.8726173312678,0,Tibet,85.6080859202585,29.3652715160726,2500,0.0295490469325071,0.0295490469325071,0
921,0,0,0,Tibet,86.1192660785078,29.4507451642605,2500,0,0,0
922,0,0,0,Tibet,86.6314615626979,29.5339457697788,2500,0,0,0
923,0,0,0,Tibet,87.1446480557578,29.6148680149243,2500,0,0,0
924,0,0,0,Tibet,87.6588009346167,29.6935066879755,2500,0,0,0
925,0,0,0,Tibet,88.1738952760557,29.7698566866168,2500,0,0,0
926,0,0,0,Tibet,88.6899058627797,29.8439130213059,2500,0,0,0
927,0,0,0,Tibet,89.2068071897103,29.9156708185836,2500,0,0,0
928,0,0,0,Tibet,89.7245734704942,29.9851253243212,2500,0,0,0
929,0,0,0,Tibet,90.2431786442258,30.0522719069029,2500.00000000001,0,0,0
930,170.637153729616,170.637153729616,0,Tibet,90.7625963823791,30.11710606034,2500,0.0682548614918462,0.0682548614918462,0
931,44.9357724272031,44.9357724272031,0,Tibet,91.2828000959467,30.1796234073136,2500,0.0179743089708813,0.0179743089708813,0
932,0,0,0,Tibet,91.8037629427798,30.2398197021429,2500,0,0,0
933,0,0,0,Tibet,92.325457835127,30.297690833676,2500,0,0,0
934,0,0,0,Tibet,92.8478574473665,30.3532328281,2500,0,0,0
935,0,0,0,Tibet,93.3709342239259,30.4064418516674,2500,0,0,0
936,0,0,0,Tibet,93.894660387386,30.4573142133369,2500,0,0,0
937,0,0,0,Tibet,94.4190079467622,30.5058463673237,2500,0,0,0
938,56.2837645805309,56.2837645805309,0,Tibet,94.9439487059585,30.5520349155587,2500,0.0225135058322124,0.0225135058322124,0
939,0,0,0,Tibet,95.4694542723873,30.5958766100523,2500,0,0,0
940,0,0,0,Tibet,95.9954960657492,30.6373683551617,2500,0,0,0
941,0,0,0,Tibet,96.522045326968,30.6765072097567,2500,0,0,0
942,0,0,0,Tibet,97.0490731272704,30.7132903892855,2500,0,0,0
943,0,0,0,Tibet,97.5765503774087,30.7477152677333,2500,0,0,0
944,0,0,0,Tibet,98.1044478370139,30.7797793794761,2500,0,0,0
945,0,0,0,Tibet,98.6327361240775,30.809480421024,2500,0,0,0
946,760.848856612547,760.848856612547,0,Sichuan,99.161385724549,30.8368162526543,2500,0.304339542645019,0.304339542645019,0
947,1468.26424046926,749.00956759792,719.444832421293,Sichuan,99.6903670020465,30.8617848999313,2500,0.587305696187705,0.299603827039168,0.287777932968517
948,12.695321756021,0,12.695321756021,Sichuan,100.219650207669,30.8843845551113,2500,0.00507812870240839,0,0.00507812870240839
949,1.36844030266313,0,1.36844030266313,Sichuan,100.749205489903,30.9046135784319,2500,0.000547376121065252,0,0.000547376121065252
950,187.96621257373,0,187.96621257373,Sichuan,101.27900290462,30.9224704992822,2500,0.0751864850294919,0,0.075186485029492
951,0,0,0,Sichuan,101.809012425144,30.9379540172548,2500,0,0,0
952,431.803045700894,233.939468619763,0,Sichuan,102.339203952401,30.9510630030773,2500,0.172721218280358,0.0935757874479054,0
953,1375.7015371504,992.044103621276,0,Sichuan,102.869547325118,30.9617964994207,2500,0.550280614860158,0.39681764144851,0
954,860.239904234113,860.239904234113,0,Sichuan,103.400012330086,30.9701537215878,2500,0.344095961693645,0.344095961693645,0
955,28.9721710134067,28.9721710134067,0,Sichuan,103.930568712456,30.9761340580753,2500,0.0115888684053627,0.0115888684053627,0
956,3.1779065856115,0,0,Sichuan,104.461186186085,30.9797370710141,2500,0.0012711626342446,0,0
957,709.525330504646,0,0,Sichuan,104.991834443891,30.9809624964838,2500,0.283810132201858,0,0
958,6.4370936806159,0,6.4370936806159,Sichuan,105.522483168246,30.9798102447023,2500,0.00257483747224636,0,0.00257483747224636
959,102.368244384471,0,102.368244384471,Sichuan,106.053102041357,30.9762804000907,2500,0.0409472977537882,0,0.0409472977537882
960,51.037103985171,0,51.037103985171,Sichuan,106.583660755666,30.9703732212126,2500,0.0204148415940684,0,0.0204148415940684
961,0,0,0,Sichuan,107.114129024228,30.9620891405878,2500,0,0,0
962,1.18167621884313,0,1.18167621884313,Sichuan,107.644476591079,30.9514287643816,2500,0.000472670487537254,0,0.000472670487537254
963,0,0,0,Chongqing,108.174673241574,30.9383928719693,2500,0,0,0
964,22.3514354097997,0,0,Chongqing,108.704688812688,30.9229824153761,2500,0.00894057416391989,0,0
965,0,0,0,Chongqing,109.23449320328,30.9051985185948,2500,0,0,0
966,0,0,0,Chongqing,109.764056384296,30.8850424767789,2500,0,0,0
967,0,0,0,Hubei,110.293348408915,30.8625157553164,2500,0,0,0
968,0,0,0,Hubei,110.822339422623,30.8376199887809,2500,0,0,0
969,3.58874147138517,0,3.58874147138503,Hubei,111.350999673214,30.8103569797649,2500,0.00143549658855407,0,0.00143549658855401
970,0,0,0,Hubei,111.879299520697,30.7807286975945,2500,0,0,0
971,0,0,0,Hubei,112.40720944711,30.7487372769278,2500,0,0,0
972,0,0,0,Hubei,112.934700066238,30.7143850162383,2500,0,0,0
973,0,0,0,Hubei,113.46174213321,30.6776743761858,2500,0,0,0
974,31.896423271247,0,31.896423271247,Hubei,113.988306553988,30.6386079778759,2500,0.0127585693084988,0,0.0127585693084988
975,0,0,0,Hubei,114.514364394722,30.5971886010104,2500,0,0,0
976,0,0,0,Hubei,115.039886890977,30.5534191819306,2500,0,0,0
977,0,0,0,Hubei,115.564845456818,30.5073028115562,2500,0,0,0
978,0,0,0,Anhui,116.089211693747,30.4588427332213,2500,0,0,0
979,0,0,0,Anhui,116.612957399493,30.4080423404111,2500,0,0,0
980,335.288617725463,335.288617725467,0,Anhui,117.136054576632,30.3549051744006,2500,0.134115447090185,0.134115447090187,0
981,0,0,0,Anhui,117.658475441048,30.2994349217984,2500,0,0,0
982,140.820531247793,0,140.820531247793,Anhui,118.180192430218,30.241635411999,2500,0.0563282124991172,0,0.0563282124991172
983,144.546231533375,116.625510069361,27.9205858809614,Anhui,118.701178211326,30.1815106145448,2500,0.05781849261335,0.0466502040277443,0.0111682343523846
984,5.55039011395603,5.5503132726131,0,Zhejiang,119.221405689183,30.1190646364028,2500,0.00222015604558241,0.00222012530904524,0
985,0.69768932418566,0,0.69768932418566,Zhejiang,119.740848013968,30.0543017191562,2500,0.000279075729674264,0,0.000279075729674264
986,0,0,0,Zhejiang,120.259478588772,29.9872262361165,2500,0,0,0
987,0,0,0,Zhejiang,120.777271076947,29.9178426893576,2500,0,0,0
988,0,0,0,Zhejiang,121.294199409245,29.8461557066752,2500,0,0,0
989,0,0,0,Zhejiang,121.810237790762,29.7721700384747,2500,0,0,0
990,0,0,0,Tibet,83.4624262265297,29.4367295314391,2500,0,0,0
991,0,0,0,Tibet,83.9717861691309,29.531635966336,2500,0,0,0
992,0,0,0,Tibet,84.4822724558632,29.6242840414396,2500,0,0,0
993,0,0,0,Tibet,84.9938617454527,29.7146678993998,2500,0,0,0
994,0,0,0,Tibet,85.5065303613679,29.8027817769177,2500,0,0,0
995,0,0,0,Tibet,86.020254296848,29.8886200084596,2500,0,0,0
996,0,0,0,Tibet,86.5350092201676,29.9721770299271,2500,0,0,0
997,0,0,0,Tibet,87.0507704801373,30.0534473822812,2500,0,0,0
998,0,0,0,Tibet,87.5675131118393,30.132425715117,2500,0,0,0
999,0,0,0,Tibet,88.085211842594,30.2091067901851,2500,0,0,0
1000,525.310938684511,525.310938684511,0,Tibet,88.603841098157,30.2834854848574,2500,0.210124375473805,0.210124375473805,0
1001,565.62830426206,565.62830426206,0,Tibet,89.123375009143,30.3555567955328,2500,0.226251321704824,0.226251321704824,0
1002,0,0,0,Tibet,89.643787417674,30.4253158409794,2500,0,0,0
1003,248.479930050604,0,248.479930050603,Tibet,90.1650518842483,30.4927578656122,2500,0.0993919720202414,0,0.0993919720202414
1004,889.295634783915,0,889.295634783915,Tibet,90.6871416948272,30.5578782426988,2500,0.355718253913566,0,0.355718253913566
1005,40.2956873736062,0,40.2956873736062,Tibet,91.2100298681351,30.6206724774941,2500,0.0161182749494425,0,0.0161182749494425
1006,0,0,0,Tibet,91.7336891631689,30.681136210298,2500,0,0,0
1007,0,0,0,Tibet,92.2580920869128,30.7392652194343,2500,0,0,0
1008,0,0,0,Tibet,92.783210902253,30.7950554241461,2500,0,0,0
1009,0,0,0,Tibet,93.3090176360882,30.848502887407,2500,0,0,0
1010,0,0,0,Tibet,93.8354840876294,30.8996038186425,2500,0,0,0
1011,0,0,0,Tibet,94.3625818368848,30.9483545763602,2500,0,0,0
1012,0,0,0,Tibet,94.8902822533225,30.9947516706856,2500,0,0,0
1013,0,0,0,Tibet,95.4185565047067,31.0387917658006,2500,0,0,0
1014,36.6766151945835,36.6766151945835,36.6766151945835,Tibet,95.947375566099,31.0804716822814,2500,0.0146706460778334,0.0146706460778334,0.0146706460778334
1015,405.880117509322,405.880116538318,405.880099470996,Tibet,96.4767102290195,31.1197883993336,2500,0.162352047003729,0.162352046615327,0.162352039788398
1016,0,0,0,Tibet,97.0065311107609,31.1567390569235,2500,0,0,0
1017,0,0,0,Tibet,97.5368086638473,31.191320957799,2500,0,0,0
1018,0,0,0,Tibet,98.0675131856319,31.2235315694032,2500,0,0,0
1019,0,0,0,Tibet,98.598614828025,31.2533685256734,2500,0,0,0
1020,0,0,0,Sichuan,99.1300836073448,31.2808296287268,2500,0,0,0
1021,3.7484648952532,3.7484648952532,0,Sichuan,99.6618894142836,31.3059128504298,2500,0.00149938595810128,0.00149938595810128,0
1022,0,0,0,Sichuan,100.19400202398,31.3286163338484,2500,0,0,0
1023,0.0959297240234721,0,0.0959297240234721,Sichuan,100.726391106191,31.3489383945788,2500,3.83718896093888e-05,0,3.83718896093888e-05
1024,1161.01853621373,0,1161.01853621373,Sichuan,101.259026235553,31.366877521957,2500,0.464407414485493,0,0.464407414485493
1025,0,0,0,Sichuan,101.791876901923,31.3824323801438,2500,0,0,0
1026,7.37816228605488,0,0,Sichuan,102.3249125208,31.3956018090874,2500,0.00295126491442195,0,0
1027,228.175350117981,216.243353501859,0,Sichuan,102.858102443798,31.4063848253587,2500,0.0912701400471923,0.0864973414007437,0
1028,225.52367993251,225.52367993251,0,Sichuan,103.391415969185,31.414780622861,2500,0.0902094719730042,0.0902094719730042,0
1029,849.630270297659,332.718366783632,518.333923371858,Sichuan,103.924822352463,31.4207885734118,2500,0.339852108119064,0.133087346713453,0.207333569348743
1030,0,0,0,Sichuan,104.458290816985,31.424408227197,2500,0,0,0
1031,45.1808532214909,0,0,Sichuan,104.991790564603,31.4256393130955,2500,0.0180723412885964,0,0
1032,186.665510050303,0,186.665510050303,Sichuan,105.52529078633,31.4244817388758,2500,0.0746662040201213,0,0.0746662040201213
1033,0,0,0,Sichuan,106.058760673016,31.4209355912624,2500,0,0,0
1034,0,0,0,Sichuan,106.592169426018,31.415001135873,2500,0,0,0
1035,308.058205169688,0,308.058205169688,Sichuan,107.12548626787,31.4066788170267,2500,0.123223282067875,0,0.123223282067875
1036,0.493100526086805,0,0.493100526086805,Sichuan,107.658680452927,31.3959692574227,2500,0.000197240210434722,0,0.000197240210434722
1037,0,0,0,Chongqing,108.191721277981,31.3828732576903,2500,0,0,0
1038,55.4266460898754,41.3930290421217,0,Chongqing,108.724578092848,31.3673917958111,2500,0.0221706584359502,0.0165572116168487,0
1039,0,0,0,Chongqing,109.257220310903,31.3495260264131,2500,0,0,0
1040,484.584453991536,484.584453991536,0,Chongqing,109.789617419561,31.3292772799391,2500,0.193833781596614,0.193833781596614,0
1041,728.71048827809,728.71048827809,0,Hubei,110.321738990692,31.3066470616885,2500,0.291484195311236,0.291484195311236,0
1042,0,0,0,Hubei,110.853554690975,31.2816370507355,2500,0,0,0
1043,0,0,0,Hubei,111.385034292151,31.2542490987236,2500,0,0,0
1044,0,0,0,Hubei,111.916147681206,31.2244852285389,2500,0,0,0
1045,0,0,0,Hubei,112.446864870443,31.1923476328626,2500,0,0,0
1046,0,0,0,Hubei,112.977156007452,31.1578386726062,2500,0,0,0
1047,0,0,0,Hubei,113.506991384964,31.1209608752292,2500,0,0,0
1048,0,0,0,Hubei,114.036341450585,31.0817169329426,2500,0,0,0
1049,0,0,0,Hubei,114.565176816393,31.0401097008005,2500,0,0,0
1050,0,0,0,Hubei,115.093468268408,30.9961421946808,2500,0,0,0
1051,32.7780589748934,32.7780589748934,0,Hubei,115.621186775905,30.949817589158,2500,0.0131112235899574,0.0131112235899574,0
1052,132.132799470095,132.132799470095,0,Anhui,116.148303500582,30.9011392152718,2500,0.0528531197880381,0.0528531197880381,0
1053,0,0,0,Anhui,116.674789805569,30.8501105581914,2500,0,0,0
1054,0,0,0,Anhui,117.200617264263,30.7967352547802,2500,0,0,0
1055,22.4821349628529,0,22.4821349628529,Anhui,117.725757669001,30.7410170910634,2500,0.00899285398514115,0,0.00899285398514115
1056,2257.97425568429,133.699299028279,2257.97425568429,Anhui,118.250183039551,30.6829599996006,2500,0.903189702273717,0.0534797196113115,0.903189702273717
1057,1388.46765837301,66.54643857802,1388.46765837301,Anhui,118.773865631415,30.6225680567665,2500,0.555387063349203,0.026618575431208,0.555387063349203
1058,671.343583680097,42.254881451598,629.088702228499,Zhejiang,119.296777943944,30.5598454799435,2499.99999999999,0.268537433472039,0.0169019525806392,0.2516354808914
1059,0,0,0,Zhejiang,119.818892728264,30.4947966246278,2500,0,0,0
1060,0,0,0,Zhejiang,120.340182994994,30.4274259814537,2500,0,0,0
1061,0,0,0,Zhejiang,120.86062202176,30.3577381731378,2500,0,0,0
1062,0,0,0,Zhejiang,121.380183360504,30.2857379513474,2500,0,0,0
1063,0,0,0,Tibet,82.8390151926171,29.7746224983618,2500,0,0,0
1064,0,0,0,Tibet,83.3497091808715,29.8721931040439,2500,0,0,0
1065,0,0,0,Tibet,83.8615700721401,29.9675037247614,2500,0,0,0
1066,0,0,0,Tibet,84.3745745666479,30.0605482561656,2500,0,0,0
1067,0,0,0,Tibet,84.8886990161391,30.1513206863834,2500,0,0,0
1068,0,0,0,Tibet,85.4039194287451,30.2398150998725,2500,0,0,0
1069,0,0,0,Tibet,85.9202114740985,30.3260256812395,2500,0,0,0
1070,0,0,0,Tibet,86.4375504886924,30.4099467190132,2500,0,0,0
1071,0,0,0,Tibet,86.9559114814846,30.4915726093717,2500,0,0,0
1072,0,0,0,Tibet,87.4752691397421,30.5708978598202,2500,0,0,0
1073,0,0,0,Tibet,87.9955978351277,30.6479170928144,2500,0,0,0
1074,743.333477790392,743.333477790392,0,Tibet,88.5168716300231,30.7226250493272,2500,0.297333391116157,0.297333391116157,0
1075,1089.67766278239,1089.67766278239,0,Tibet,89.0390642840874,30.7950165923548,2500,0.435871065112957,0.435871065112957,0
1076,1248.28288255565,1248.28288255565,0,Tibet,89.5621492610483,30.8650867103588,2500,0.499313153022262,0.499313153022262,0
1077,575.828227850294,429.549571977591,146.278655872703,Tibet,90.0860997357209,30.9328305206409,2499.99999999999,0.230331291140118,0.171819828791037,0.0585114623490813
1078,486.890261380849,0,486.890261380849,Tibet,90.6108886012527,30.998243272646,2500,0.194756104552339,0,0.194756104552339
1079,892.012341510313,749.977289791407,142.035051718905,Tibet,91.1364884765898,31.0613203511919,2500,0.356804936604125,0.299990915916563,0.0568140206875621
1080,1011.33862935905,1011.33862935905,0,Tibet,91.6628717141595,31.1220572796204,2500,0.404535451743619,0.404535451743619,0
1081,102.896595066013,102.896595066013,0,Tibet,92.1900104077656,31.1804497228672,2500,0.0411586380264052,0.0411586380264052,0
1082,0,0,0,Tibet,92.7178764006915,31.2364934904477,2500,0,0,0
1083,0,0,0,Tibet,93.2464412940058,31.2901845393552,2500,0,0,0
1084,0,0,0,Tibet,93.7756764550641,31.3415189768675,2500,0,0,0
1085,0,0,0,Tibet,94.3055530262029,31.3904930632599,2500,0,0,0
1086,0,0,0,Tibet,94.8360419336184,31.4371032144211,2500,0,0,0
1087,0,0,0,Tibet,95.3671138964236,31.481346004369,2500,0,0,0
1088,240.195446843406,240.195446843406,240.195446843406,Tibet,95.8987394358785,31.5232181676634,2500,0.0960781787373623,0.0960781787373623,0.0960781787373623
1089,560.203665286558,560.203665286558,560.203665286558,Tibet,96.430888884785,31.562716601713,2500,0.224081466114623,0.224081466114623,0.224081466114623
1090,0,0,0,Tibet,96.9635323970408,31.5998383689744,2500,0,0,0
1091,0,0,0,Tibet,97.4966399573438,31.6345806990393,2500,0,0,0
1092,0,0,0,Tibet,98.0301813910395,31.6669409906093,2500,0,0,0
1093,0,0,0,Sichuan,98.5641263741051,31.6969168133537,2500,0,0,0
1094,0,0,0,Sichuan,99.0984444432602,31.7245059096508,2500,0,0,0
1095,0,0,0,Sichuan,99.6331050061968,31.7497061962072,2500,0,0,0
1096,0,0,0,Sichuan,100.168077351921,31.772515765557,2500,0,0,0
1097,0,0,0,Sichuan,100.703330661196,31.7929328874358,2500,0,0,0
1098,0,0,0,Sichuan,101.23883401708,31.8109560100296,2500,0,0,0
1099,0,0,0,Sichuan,101.774556415548,31.8265837610968,2500,0,0,0
1100,0,0,0,Sichuan,102.310466776186,31.8398149489613,2500,0,0,0
1101,0,0,0,Sichuan,102.846533952961,31.8506485633765,2500,0,0,0
1102,0,0,0,Sichuan,103.382726745035,31.8590837762578,2500,0,0,0
1103,399.271925266668,329.090741739389,70.1811835272793,Sichuan,103.919013907641,31.8651199422846,2500,0.159708770106667,0.131636296695755,0.0280724734109117
1104,0,0,0,Sichuan,104.455364162983,31.8687565993685,2500,0,0,0
1105,40.429520816425,0,40.429520816425,Sichuan,104.991746211178,31.8699934689899,2500,0.01617180832657,0,0.01617180832657
1106,324.14655819585,0,324.14655819585,Sichuan,105.528128741208,31.8688304564,2500,0.12965862327834,0,0.12965862327834
1107,96.8263502412633,0,96.8263502412631,Sichuan,106.064480441887,31.8652676506902,2500,0.0387305400965053,0,0.0387305400965052
1108,0,0,0,Sichuan,106.600770012824,31.8593053247267,2500,0,0,0
1109,205.732654521452,8.12742011599249,197.605234405459,Sichuan,107.136966175383,31.850943934953,2500,0.0822930618085807,0.003250968046397,0.0790420937621837
1110,0,0,0,Sichuan,107.673037683615,31.8401841210569,2500,0,0,0
1111,165.509644562505,165.509644562505,0,Sichuan,108.208953335169,31.8270267055065,2500,0.0662038578250022,0.0662038578250022,0
1112,574.573449716768,574.573449716768,0,Chongqing,108.744681982162,31.8114726929526,2500,0.229829379886707,0.229829379886707,0
1113,504.609164940049,504.609164940049,0,Shaanxi,109.280192542003,31.7935232695,2500,0.20184366597602,0.20184366597602,0
1114,325.442438017983,325.442438017983,0,Hubei,109.815454008153,31.7731798018475,2500,0.130176975207193,0.130176975207193,0
1115,243.878680928163,243.878680928163,0,Hubei,110.350435460834,31.7504438362986,2500,0.0975514723712654,0.0975514723712654,0
1116,119.111774985914,0,119.111774985914,Hubei,110.885106077642,31.7253170976439,2500,0.0476447099943655,0,0.0476447099943656
1117,4.71088058476721,0,4.71088058476721,Hubei,111.419435144097,31.6978014879157,2500,0.00188435223390688,0,0.00188435223390688
1118,0,0,0,Hubei,111.953392064084,31.6678990850178,2500,0,0,0
1119,0,0,0,Hubei,112.486946370198,31.6356121412306,2500,0,0,0
1120,0,0,0,Hubei,113.020067733979,31.6009430815948,2500,0,0,0
1121,54.3527195969268,0,54.3527195969275,Hubei,113.552725976027,31.5638945021745,2500,0.0217410878387707,0,0.021741087838771
1122,0,0,0,Hubei,114.084891075987,31.5244691682022,2500,0,0,0
1123,121.890984884323,121.890984884323,0,Hubei,114.616533182404,31.4826700121083,2500,0.0487563939537293,0.0487563939537293,0
1124,0,0,0,Hubei,115.147622622431,31.4385001314369,2500,0,0,0
1125,258.345779500478,258.345779500478,0,Anhui,115.678129911387,31.3919627866503,2500,0.103338311800191,0.103338311800191,0
1126,0,0,0,Anhui,116.208025762159,31.3430613988253,2500,0,0,0
1127,0,0,0,Anhui,116.737281094432,31.2917995472438,2500,0,0,0
1128,0,0,0,Anhui,117.265867043758,31.2381809668797,2500,0,0,0
1129,0,0,0,Anhui,117.793754970438,31.1822095457867,2500,0,0,0
1130,609.443435261347,32.3913898432096,609.443435261347,Anhui,118.320916468219,31.1238893223879,2500,0.243777374104539,0.0129565559372839,0.243777374104539
1131,2054.53951517372,4.12105478122864,2054.53951517372,Anhui,118.847323372805,31.063224482672,2500,0.821815806069486,0.00164842191249145,0.821815806069486
1132,2158.97940601813,60.129305300613,2158.97940601813,Anhui,119.372947770169,31.0002193572977,2500,0.863591762407252,0.0240517221202452,0.863591762407252
1133,90.3134586457382,0,90.3134586457382,Zhejiang,119.897762004659,30.934878418611,2500,0.0361253834582953,0,0.0361253834582953
1134,0,0,0,Zhejiang,120.421738686905,30.8672062775777,2500,0,0,0
1135,0,0,0,Zhejiang,120.944850701502,30.7972076806343,2500,0,0,0
1136,0,0,0,Tibet,82.2106325749082,30.1089223812305,2500,0,0,0
1137,0,0,0,Tibet,82.7226248466736,30.2091747948593,2500,0,0,0
1138,0,0,0,Tibet,83.235825173342,30.3071658562626,2500,0,0,0
1139,0,0,0,Tibet,83.7502103138231,30.4028892099987,2500,0,0,0
1140,0,0,0,Tibet,84.2657566651734,30.4963385912972,2500,0,0,0
1141,0,0,0,Tibet,84.7824402672875,30.5875078300595,2500,0,0,0
1142,0,0,0,Tibet,85.300236807845,30.6763908548236,2500,0,0,0
1143,0,0,0,Tibet,85.8191216275122,30.7629816966886,2500,0,0,0
1144,0,0,0,Tibet,86.3390697253975,30.8472744931958,2500,0,0,0
1145,0,0,0,Tibet,86.8600557647591,30.9292634921641,2500,0,0,0
1146,0,0,0,Tibet,87.3820540789633,31.0089430554732,2500,0,0,0
1147,212.129110061009,212.129110061009,0,Tibet,87.9050386776914,31.0863076627941,2500,0.0848516440244034,0.0848516440244034,0
1148,1427.22812817491,1427.22812817491,0,Tibet,88.4289832533918,31.1613519152611,2500,0.570891251269963,0.570891251269963,0
1149,534.35681563078,534.35681563078,0,Tibet,88.9538611879771,31.2340705390823,2500,0.213742726252312,0.213742726252312,0
1150,0,0,0,Tibet,89.4796455597602,31.3044583890852,2500,0,0,0
1151,0,0,0,Tibet,90.0063091506278,31.3725104521931,2499.99999999999,0,0,0
1152,77.2144010165778,77.2144010165778,0,Tibet,90.5338244534473,31.4382218508296,2500,0.0308857604066312,0.0308857604066312,0
1153,1974.97746846064,1974.97746846064,0,Tibet,91.0621636797024,31.5015878462469,2500,0.789990987384257,0.789990987384257,0
1154,1576.41093354015,1576.41093354015,0,Tibet,91.5912987673547,31.5626038417743,2500,0.630564373416061,0.630564373416061,0
1155,255.409099436396,255.409099436396,0,Tibet,92.1212013889238,31.6212653859839,2500,0.102163639774559,0.102163639774559,0
1156,0,0,0,Tibet,92.6518429597842,31.6775681757696,2500,0,0,0
1157,0,0,0,Tibet,93.1831946466709,31.7315080593363,2500,0,0,0
1158,0,0,0,Tibet,93.7152273763897,31.783081039096,2500,0,0,0
1159,0,0,0,Tibet,94.2479118447259,31.8322832744662,2500,0,0,0
1160,0,0,0,Tibet,94.7812185255446,31.8791110845705,2500,0,0,0
1161,0,0,0,Tibet,95.3151176800768,31.9235609508341,2500,0,0,0
1162,0,0,0,Qinghai,95.8495793663847,31.9656295194755,2500,0,0,0
1163,0,0,0,Qinghai,96.3845734489971,32.0053136038875,2500,0,0,0
1164,0,0,0,Qinghai,96.9200696087113,32.042610186908,2500,0,0,0
1165,0,0,0,Tibet,97.4560373525492,32.0775164229756,2500,0,0,0
1166,0,0,0,Tibet,97.9924460238643,32.1100296401689,2500,0,0,0
1167,0,0,0,Sichuan,98.5292648125883,32.1401473421258,2500,0,0,0
1168,0,0,0,Sichuan,99.0664627656101,32.1678672098415,2500,0,0,0
1169,0,0,0,Sichuan,99.6040087972793,32.1931871033426,2500,0,0,0
1170,0,0,0,Sichuan,100.141871700024,32.2161050632348,2500,0,0,0
1171,62.90442070085,0,62.90442070085,Sichuan,100.680020155076,32.2366193121235,2500,0.02516176828034,0,0.02516176828034
1172,178.375714476509,0,178.375714476509,Sichuan,101.218422743292,32.2547282559041,2500,0.0713502857906036,0,0.0713502857906036
1173,3.05646942580879,0,3.05646942580879,Sichuan,101.757047956062,32.2704304849212,2500,0.00122258777032352,0,0.00122258777032352
1174,0,0,0,Sichuan,102.295864206301,32.2837247749953,2500,0,0,0
1175,675.097551651101,0,675.097551651101,Sichuan,102.8348398395,32.2946100883157,2500,0.270039020660441,0,0.270039020660441
1176,0,0,0,Sichuan,103.373943144849,32.3030855741976,2500,0,0,0
1177,666.990979353638,666.990979353638,0,Sichuan,103.9131423664,32.309150569704,2500,0.266796391741455,0.266796391741455,0
1178,68.7952788516197,42.1258943477656,18.3642780962817,Sichuan,104.452405714272,32.3128046001302,2500,0.0275181115406479,0.0168503577391062,0.00734571123851269
1179,76.1317788293717,46.009677081957,30.8762856469843,Sichuan,104.99170137589,32.314047379351,2500,0.0304527115317487,0.0184038708327828,0.0123505142587937
1180,0,0,0,Sichuan,105.530997527237,32.3128788100305,2500,0,0,0
1181,2.29476205310835,0,2.29476205310835,Sichuan,106.070262344125,32.3092989836928,2500,0.000917904821243341,0,0.000917904821243341
1182,13.9011810302506,13.9011810302506,0,Sichuan,106.609464013458,32.3033081806553,2500,0.00556047241210025,0.00556047241210025,0
1183,35.1494618580818,20.6369049253948,15.2136442411033,Sichuan,107.14857074449,32.2949068698235,2500,0.0140597847432327,0.00825476197015792,0.0060854576964413
1184,279.92425488956,25.2968863809668,257.257824211138,Sichuan,107.687550780059,32.2840957083482,2500,0.111969701955824,0.0101187545523867,0.102903129684455
1185,322.691529530161,322.691529530161,0,Sichuan,108.2263724078,32.2708755411445,2500,0.129076611812064,0.129076611812064,0
1186,115.241776154677,115.241776154677,0,Shaanxi,108.765003971307,32.2552474002749,2500,0.0460967104618708,0.0460967104618708,0
1187,168.731301421473,168.731301421473,0,Shaanxi,109.303413881253,32.2372125041961,2500,0.067492520568589,0.067492520568589,0
1188,6.44633592978296,0,6.4463359297828,Hubei,109.841570626449,32.2167722568698,2500,0.00257853437191319,0,0.00257853437191312
1189,0,0,0,Hubei,110.379442784836,32.1939282467408,2500,0,0,0
1190,1.64652578815779,1.64652578815779,0,Hubei,110.916999034393,32.1686822455815,2500,0.000658610315263117,0.000658610315263117,0
1191,0,0,0,Hubei,111.454208163967,32.1410362072055,2500,0,0,0
1192,0,0,0,Hubei,111.991039083996,32.1109922660512,2500,0,0,0
1193,0,0,0,Hubei,112.527460837133,32.0785527356381,2500,0,0,0
1194,0,0,0,Hubei,113.063442608752,32.043720106896,2500,0,0,0
1195,0,0,0,Hubei,113.598953737331,32.0064970463717,2500,0,0,0
1196,428.331542065294,428.331542065294,0,Henan,114.133963724704,31.9668863943123,2500,0.171332616826118,0.171332616826118,0
1197,55.6685669220066,55.6685669220066,0,Henan,114.66844224617,31.9248911626305,2500,0.0222674267688026,0.0222674267688026,0
1198,55.994230868946,0,55.9942308689439,Henan,115.202359160457,31.8805145327518,2500,0.0223976923475784,0,0.0223976923475776
1199,50.2767676122273,0,50.276767612227,Henan,115.735684519527,31.8337598533481,2500,0.0201107070448909,0,0.0201107070448908
1200,0,0,0,Anhui,116.268388578216,31.784630637959,2500,0,0,0
1201,0,0,0,Anhui,116.800441803705,31.7331305625045,2500,0,0,0
1202,0,0,0,Anhui,117.331814884814,31.6792634626912,2500,0,0,0
1203,0,0,0,Anhui,117.862478741105,31.623033331317,2500,0,0,0
1204,0,0,0,Anhui,118.392404531797,31.5644443154737,2500,0,0,0
1205,28.276029563723,0,28.276029563723,Jiangsu,118.921563664486,31.5035007136549,2500,0.0113104118254892,0,0.0113104118254892
1206,75.1647297551014,0,75.1647297551014,Jiangsu,119.449927803652,31.4402069727691,2500,0.0300658919020406,0,0.0300658919020406
1207,1.22618359390886,0,1.22618359390893,Jiangsu,119.977468878967,31.3745676850641,2500,0.000490473437563543,0,0.000490473437563571
1208,35.0279962213314,0,35.0279962213308,Jiangsu,120.504159093378,31.306587584963,2500,0.0140111984885325,0,0.0140111984885323
1209,0,0,0,Jiangsu,121.029970930977,31.2362715458193,2500,0,0,0
1210,23.4743560297618,23.4743560297618,0,Shanghai,121.554877164645,31.1636245765896,2500,0.0093897424119047,0.0093897424119047,0
1211,0,0,0,Tibet,81.0652887014683,30.3343973062667,2500,0,0,0
1212,0,0,0,Tibet,81.5772696148784,30.4396049432507,2500,0,0,0
1213,0,0,0,Tibet,82.0905231043094,30.5425568256798,2500,0,0,0
1214,0,0,0,Tibet,82.6050263847719,30.6432462586307,2500,0,0,0
1215,0,0,0,Tibet,83.1207562916837,30.7416666316398,2500,0,0,0
1216,0,0,0,Tibet,83.6376892851027,30.8378114228771,2500,0,0,0
1217,0,0,0,Tibet,84.1558014542256,30.9316742032899,2500,0,0,0
1218,0,0,0,Tibet,84.67506852215,31.0232486407158,2500,0,0,0
1219,0,0,0,Tibet,85.195465850902,31.1125285039588,2500,0,0,0
1220,0,0,0,Tibet,85.7169684467259,31.1995076668259,2500,0,0,0
1221,0,0,0,Tibet,86.2395509656373,31.2841801121212,2500,0,0,0
1222,0,0,0,Tibet,86.7631877192366,31.3665399355911,2500,0,0,0
1223,0,0,0,Tibet,87.2878526807821,31.4465813498205,2500,0,0,0
1224,1302.23574524213,1302.23574524213,0,Tibet,87.8135194915199,31.5242986880729,2500,0.520894298096854,0.520894298096854,0
1225,1322.30082579496,1322.30082579496,0,Tibet,88.340161467269,31.5996864080722,2500,0.528920330317983,0.528920330317983,0
1226,2480.59957063974,2480.59957063974,0,Tibet,88.8677516052582,31.6727390957222,2500,0.992239828255895,0.992239828255895,0
1227,1669.41090141703,1669.41090141703,0,Tibet,89.3962625912114,31.7434514687599,2500,0.667764360566814,0.667764360566814,0
1228,27.818492258179,27.818492258179,0,Tibet,89.9256668066795,31.8118183803383,2499.99999999999,0.0111273969032716,0.0111273969032716,0
1229,0,0,0,Tibet,90.4559363366128,31.8778348225358,2500,0,0,0
1230,198.155779260502,198.155779260502,0,Tibet,90.9870429771716,31.941495929788,2500,0.0792623117042009,0.0792623117042009,0
1231,812.164306691465,812.164306691465,0,Tibet,91.5189582437696,32.0027969822375,2500,0.324865722676586,0.324865722676586,0
1232,0,0,0,Tibet,92.0516533793453,32.0617334089993,2500,0,0,0
1233,0,0,0,Tibet,92.585099362857,32.1183007913375,2500,0,0,0
1234,0,0,0,Tibet,93.1192669179952,32.1724948657492,2500,0,0,0
1235,0,0,0,Tibet,93.6541265221062,32.2243115269534,2500,0,0,0
1236,0,0,0,Tibet,94.1896484153224,32.2737468307801,2500,0,0,0
1237,0,0,0,Tibet,94.7258026098907,32.3207969969571,2500,0,0,0
1238,0,0,0,Qinghai,95.2625588996944,32.3654584117915,2500,0,0,0
1239,0,0,0,Qinghai,95.7998868699598,32.4077276307408,2500,0,0,0
1240,0,0,0,Qinghai,96.3377559071411,32.4476013808737,2500,0,0,0
1241,0,0,0,Qinghai,96.8761352089759,32.4850765632147,2500,0,0,0
1242,0,0,0,Tibet,97.4149937947034,32.5201502549716,2500,0,0,0
1243,0,0,0,Sichuan,97.9543005154363,32.5528197116417,2500,0,0,0
1244,0,0,0,Sichuan,98.4940240646804,32.5830823689957,2500,0,0,0
1245,0,0,0,Sichuan,99.0341329889895,32.6109358449352,2500,0,0,0
1246,389.729026834383,0,389.729026834383,Sichuan,99.5745956987507,32.6363779412234,2500,0.155891610733753,0,0.155891610733753
1247,10.9212403182694,0,10.9212403182694,Qinghai,100.115380479089,32.6594066450845,2500,0.00436849612730776,0,0.00436849612730776
1248,270.891590586168,0,270.891590586168,Qinghai,100.65645550088,32.680020130672,2500,0.108356636234467,0,0.108356636234467
1249,1268.18994903007,0,1268.18994903007,Qinghai,101.197788831868,32.6982167604025,2500,0.507275979612029,0,0.507275979612029
1250,1343.36429379741,0,1343.36429379741,Sichuan,101.739348447871,32.7139950861546,2500,0.537345717518965,0,0.537345717518965
1251,0,0,0,Sichuan,102.281102244069,32.7273538503298,2500,0,0,0
1252,8.4107316666894,0,8.4107316666894,Sichuan,102.823018046365,32.738291986776,2500,0.00336429266667576,0,0.00336429266667576
1253,0,0,0,Sichuan,103.365063622805,32.7468086215701,2500,0,0,0
1254,397.796163670782,382.258161241385,15.6788614104176,Sichuan,103.907206695055,32.7529030736612,2500,0.159118465468313,0.152903264496554,0.00627154456416705
1255,1156.10753300085,811.000467605051,345.30442794003,Gansu,104.449414949909,32.7565748553717,2500,0.462443013200341,0.324400187042021,0.138121771176012
1256,1273.29312276113,1178.50874276612,145.523205635707,Gansu,104.991656050843,32.7578236727559,2500,0.509317249104451,0.471403497106448,0.0582092822542827
1257,649.638971205201,268.126004324135,382.737867121841,Sichuan,105.533897649575,32.7566494258175,2500,0.25985558848208,0.107250401729654,0.153095146848736
1258,284.456834094102,0,284.456834094102,Sichuan,106.076107397645,32.7530522085821,2500,0.113782733637641,0,0.113782733637641
1259,238.171398984983,219.799126906947,18.3722720780365,Shaanxi,106.618252957993,32.7470323090289,2500,0.0952685595939932,0.0879196507627786,0.0073489088312146
1260,261.085569846934,210.118660259595,261.085546990388,Shaanxi,107.160302016525,32.7385902088779,2500,0.104434227938773,0.0840474641038381,0.104434218796155
1261,143.723593895206,143.723563735727,143.723581503322,Shaanxi,107.702222293661,32.7277265832358,2500,0.0574894375580825,0.0574894254942909,0.057489432601329
1262,0,0,0,Shaanxi,108.243981555848,32.7144423000986,2500,0,0,0
1263,0,0,0,Shaanxi,108.785547627038,32.6987384197137,2500,0,0,0
1264,0,0,0,Shaanxi,109.32688840011,32.6806161938005,2500,0,0,0
1265,0,0,0,Shaanxi,109.86797184823,32.6600770646324,2500,0,0,0
1266,27.226743494882,27.226743494882,0,Hubei,110.408766036147,32.6371226639789,2500,0.0108906973979528,0.0108906973979528,0
1267,207.290821295196,207.290821295196,0,Hubei,110.949239131396,32.6117548119119,2500,0.0829163285180786,0.0829163285180786,0
1268,73.2646694147308,0,73.2646694147308,Hubei,111.489359415421,32.5839755154756,2500,0.0293058677658923,0,0.0293058677658923
1269,0,0,0,Henan,112.029095294591,32.5537869672226,2500,0,0,0
1270,0,0,0,Henan,112.568415311107,32.5211915436176,2500,0,0,0
1271,0,0,0,Henan,113.107288153794,32.486191803312,2500,0,0,0
1272,0,0,0,Henan,113.645682668756,32.4487904852894,2500,0,0,0
1273,0,0,0,Henan,114.183567869903,32.4089905068859,2500,0,0,0
1274,0,0,0,Henan,114.720912949325,32.3667949616874,2500,0,0,0
1275,0,0,0,Henan,115.257687287518,32.3222071173062,2500,0,0,0
1276,0,0,0,Henan,115.793860463443,32.2752304130391,2500,0,0,0
1277,0,0,0,Anhui,116.329402264416,32.2258684574116,2500,0,0,0
1278,0,0,0,Anhui,116.864282695821,32.1741250256085,2500,0,0,0
1279,0,0,0,Anhui,117.398471990636,32.1200040567968,2500,0,0,0
1280,0,0,0,Anhui,117.931940618771,32.0635096513418,2500,0,0,0
1281,0,0,0,Jiangsu,118.464659296199,32.0046460679212,2500,0,0,0
1282,0,0,0,Jiangsu,118.996598993894,31.943417720539,2500,0,0,0
1283,0,0,0,Jiangsu,119.52773094654,31.8798291754446,2500.00000000001,0,0,0
1284,0,0,0,Jiangsu,120.058026661042,31.8138851479591,2500,0,0,0
1285,0,0,0,Jiangsu,120.587457924799,31.7455904992121,2500,0,0,0
1286,0,0,0,Jiangsu,121.115996813756,31.674950232795,2500,0,0,0
1287,56.658639848375,56.658639848375,0,Shanghai,121.643615700221,31.6019694913312,2500,0.02266345593935,0.02266345593935,0
1288,0,0,0,Tibet,80.4257574934961,30.6587199174131,2500,0,0,0
1289,0,0,0,Tibet,80.9389190361119,30.7666452509247,2500,0,0,0
1290,0,0,0,Tibet,81.4533953569542,30.872314271204,2500,0,0,0
1291,0,0,0,Tibet,81.969163779406,30.9757200269832,2500,0,0,0
1292,0,0,0,Tibet,82.4862012338537,31.0768556490325,2500,0,0,0
1293,0,0,0,Tibet,83.0044842617006,31.175714354474,2500,0,0,0
1294,0,0,0,Tibet,83.5239890196548,31.2722894510697,2500,0,0,0
1295,0,0,0,Tibet,84.0446912842902,31.3665743414821,2500,0,0,0
1296,0,0,0,Tibet,84.5665664568807,31.4585625275026,2500,0,0,0
1297,0,0,0,Tibet,85.0895895685083,31.5482476142447,2500,0,0,0
1298,0,0,0,Tibet,85.6137352854423,31.6356233142971,2500,0,0,0
1299,0,0,0,Tibet,86.1389779147916,31.7206834518336,2500,0,0,0
1300,0,0,0,Tibet,86.6652914104255,31.8034219666755,2500,0,0,0
1301,0,0,0,Tibet,87.1926493791636,31.8838329183026,2500,0,0,0
1302,148.077234793578,148.077234793578,0,Tibet,87.7210250872318,31.9619104898086,2500,0.0592308939174312,0.0592308939174312,0
1303,1289.75226178174,1289.75226178174,0,Tibet,88.2503914669821,32.0376489917977,2500,0.515900904712695,0.515900904712695,0
1304,779.995656613895,779.995656613895,0,Tibet,88.7807211238729,32.111042866217,2500,0.311998262645558,0.311998262645558,0
1305,124.555034136325,124.555034136325,0,Tibet,89.3119863437077,32.1820866901221,2500,0.0498220136545298,0.0498220136545298,0
1306,0,0,0,Tibet,89.8441591001278,32.2507751793713,2500,0,0,0
1307,0,0,0,Tibet,90.3772110623555,32.3171031922435,2500,0,0,0
1308,0,0,0,Tibet,90.9111136031831,32.3810657329783,2500,0,0,0
1309,0,0,0,Tibet,91.445837807204,32.442657955232,2500,0,0,0
1310,0,0,0,Tibet,91.9813544792801,32.5018751654462,2500,0,0,0
1311,0,0,0,Tibet,92.5176341532403,32.5587128261268,2500,0,0,0
1312,0,0,0,Tibet,93.0546471008054,32.6131665590268,2500,0,0,0
1313,0,0,0,Qinghai,93.5923633407314,32.6652321482322,2500,0,0,0
1314,0,0,0,Qinghai,94.1307526481676,32.7149055431451,2500,0,0,0
1315,0,0,0,Qinghai,94.6697845642204,32.7621828613619,2500,0,0,0
1316,0,0,0,Qinghai,95.209428405717,32.8070603914421,2500,0,0,0
1317,0,0,0,Qinghai,95.7496532751618,32.8495345955658,2500,0,0,0
1318,0,0,0,Qinghai,96.2904280708774,32.8896021120749,2500,0,0,0
1319,9.53623567891549,9.53623567891549,0,Qinghai,96.8317214973229,32.9272597578965,2500,0.0038144942715662,0.0038144942715662,0
1320,0,0,0,Qinghai,97.3735020755802,32.9625045308444,2500,0,0,0
1321,0,0,0,Sichuan,97.9157381540019,32.9953336117962,2500,0,0,0
1322,0,0,0,Sichuan,98.4583979190097,33.0257443667444,2500,0,0,0
1323,0,0,0,Sichuan,99.0014494060365,33.0537343487162,2500,0,0,0
1324,34.6937033644144,0,34.6937033644144,Qinghai,99.5448605106013,33.0793012995628,2500,0.0138774813457658,0,0.0138774813457658
1325,0,0,0,Qinghai,100.088598999509,33.1024431516134,2500,0,0,0
1326,0,0,0,Qinghai,100.632632522163,33.1231580291933,2500,0,0,0
1327,870.12512702577,0,870.12512702577,Sichuan,101.176928621987,33.1414442500035,2500,0.348050050810308,0,0.348050050810308
1328,702.961010622175,0,702.961010622175,Sichuan,101.721454747936,33.1573003263602,2500,0.28118440424887,0,0.28118440424887
1329,36.9149535787145,0,36.9149535787145,Sichuan,102.266178266095,33.1707249662925,2500,0.0147659814314858,0,0.0147659814314858
1330,1256.71414078121,0,1256.71414078121,Sichuan,102.811066471353,33.1817170744972,2500,0.502685656312486,0,0.502685656312486
1331,361.763799716137,0,361.763799716137,Sichuan,103.356086599141,33.1902757531487,2500,0.144705519886455,0,0.144705519886455
1332,1115.4385095837,776.023599531511,412.486591995257,Sichuan,103.901205837217,33.1964003025637,2500,0.44617540383348,0.310409439812604,0.164994636798103
1333,497.796551694888,0,497.796551694888,Gansu,104.446391337508,33.2000902217203,2500,0.199118620677955,0,0.199118620677955
1334,6.14792485875815,6.14792485875815,0,Gansu,104.991610227969,33.2013452086286,2500,0.00245916994350326,0.00245916994350326,0
1335,296.356782720219,0,296.356782720219,Gansu,105.536829624474,33.2001651605552,2500,0.118542713088088,0,0.118542713088088
1336,36.7878441274307,0,26.1675679934109,Shaanxi,106.082016642714,33.1965501740993,2500,0.0147151376509723,0,0.0104670271973644
1337,10.7681203081445,0,0,Shaanxi,106.627138410096,33.190500545121,2500,0.0043072481232578,0,0
1338,140.833419858765,140.833419858765,0,Shaanxi,107.17216207763,33.1820167685221,2500,0.0563333679435059,0.0563333679435059,0
1339,223.406149055644,223.406149055644,0,Shaanxi,107.717054831796,33.1710995378788,2500,0.0893624596222575,0.0893624596222575,0
1340,0,0,0,Shaanxi,108.261783906382,33.1577497449277,2500,0,0,0
1341,0,0,0,Shaanxi,108.806316594271,33.1419684789061,2500,0,0,0
1342,0,0,0,Shaanxi,109.350620259183,33.123757025746,2500,0,0,0
1343,0,0,0,Hubei,109.894662347349,33.1031168671235,2500,0,0,0
1344,0,0,0,Hubei,110.438410399113,33.0800496793659,2500,0,0,0
1345,203.30387587682,181.52537415641,21.7785017204096,Hubei,110.981832060446,33.0545573322168,2500,0.081321550350728,0.0726101496625642,0.00871140068816385
1346,834.306718749975,293.199808763282,541.106909986694,Henan,111.524895094372,33.0266418874598,2500,0.33372268749999,0.117279923505313,0.216442763994677
1347,18.6339375376867,18.6339375376867,0,Henan,112.067567392279,32.996305597406,2500,0.00745357501507466,0.00745357501507466,0
1348,0,0,0,Henan,112.609816985129,32.9635509032428,2500,0,0,0
1349,0,0,0,Henan,113.151612054533,32.9283804332498,2500,0,0,0
1350,0,0,0,Henan,113.692920943698,32.8907970008821,2500,0,0,0
1351,0,0,0,Henan,114.233712168232,32.850803602724,2500,0,0,0
1352,0,0,0,Henan,114.773954426791,32.8084034163152,2500,0,0,0
1353,0,0,0,Anhui,115.313616611578,32.7635997978532,2500,0,0,0
1354,0,0,0,Anhui,115.852667818662,32.7163962797739,2500,0,0,0
1355,0,0,0,Anhui,116.391077358123,32.6667965682134,2500,0,0,0
1356,0,0,0,Anhui,116.92881476402,32.6148045403547,2500,0,0,0
1357,0,0,0,Anhui,117.465849804156,32.5604242416617,2500,0,0,0
1358,0,0,0,Anhui,118.002152489648,32.5036598830049,2500,0,0,0
1359,0,0,0,Anhui,118.537693084295,32.4445158376807,2500,0,0,0
1360,0.0299186729682417,0,0.0299186729682344,Jiangsu,119.072442113725,32.3829966383294,2500,1.19674691872967e-05,0,1.19674691872938e-05
1361,0,0,0,Jiangsu,119.606370374328,32.3191069737548,2500,0,0,0
1362,2.86017075535865,0,2.86017075535882,Jiangsu,120.13944894196,32.2528516856484,2500,0.00114406830214346,0,0.00114406830214353
1363,0,0,0,Jiangsu,120.671649180422,32.1842357652234,2500,0,0,0
1364,0,0,0,Jiangsu,121.202942749691,32.1132643497611,2500,0,0,0
1365,0,0,0,Jiangsu,121.733301613924,32.0399427190737,2500,0,0,0
1366,0,0,0,Tibet,79.7812731918013,30.9793572928579,2500,0,0,0
1367,0,0,0,Tibet,80.2955750966727,31.0900176862728,2500,0,0,0
1368,0,0,0,Tibet,80.8112345263985,31.198421505641,2500,0,0,0
1369,0,0,0,Tibet,81.3282289319132,31.304561540055,2500,0,0,0
1370,0,0,0,Tibet,81.8465353576688,31.4084306579742,2500,0,0,0
1371,0,0,0,Tibet,82.3661304454128,31.510021811676,2500,0,0,0
1372,0,0,0,Tibet,82.8869904382468,31.6093280416884,2500,0,0,0
1373,0,0,0,Tibet,83.4090911849681,31.7063424811977,2500,0,0,0
1374,0,0,0,Tibet,83.9324081446933,31.80105836043,2500,0,0,0
1375,0,0,0,Tibet,84.4569163917649,31.8934690110001,2500,0,0,0
1376,0,0,0,Tibet,84.9825906209404,31.9835678702258,2500,0,0,0
1377,0,0,0,Tibet,85.5094051528628,32.0713484854023,2500,0,0,0
1378,0,0,0,Tibet,86.0373339398124,32.1568045180333,2500,0,0,0
1379,984.344473047794,984.344473047794,0,Tibet,86.5663505717372,32.239929748014,2500,0.393737789219118,0.393737789219118,0
1380,2167.47930708118,2167.47930708118,0,Tibet,87.096428282562,32.320718077763,2500,0.866991722832471,0.866991722832471,0
1381,2411.46795873713,2411.46795873713,0,Tibet,87.6275399567723,32.3991635362973,2500,0.964587183494852,0.964587183494852,0
1382,2463.60121669894,2463.60121669894,0,Tibet,88.1596581362718,32.475260283248,2500,0.985440486679576,0.985440486679576,0
1383,1782.01237997705,1782.01237997705,0,Tibet,88.6927550275096,32.5490026128109,2500,0.712804951990822,0.712804951990822,0
1384,1791.48991637391,1791.48991637391,0,Tibet,89.2268025088753,32.620384957629,2500,0.716595966549563,0.716595966549563,0
1385,1955.15268587736,1955.15268587736,0,Tibet,89.7617721383569,32.689401892602,2500,0.782061074350945,0.782061074350945,0
1386,1724.82473556435,1724.82473556435,0,Tibet,90.2976351614585,32.7560481386195,2500,0.689929894225739,0.689929894225739,0
1387,253.62810206439,253.62810206439,0,Tibet,90.8343625193728,32.8203185662118,2500,0.101451240825756,0.101451240825756,0
1388,0,0,0,Tibet,91.3719248574048,32.8822081991177,2500,0,0,0
1389,0,0,0,Qinghai,91.9102925336398,32.9417122177607,2500,0,0,0
1390,0,0,0,Qinghai,92.4494356278522,32.9988259626347,2500,0,0,0
1391,0,0,0,Qinghai,92.9893239506476,33.0535449375903,2500,0,0,0
1392,0,0,0,Qinghai,93.5299270528336,33.1058648130215,2500,0,0,0
1393,0,0,0,Qinghai,94.0712142350111,33.1557814289473,2500,0,0,0
1394,0,0,0,Qinghai,94.6131545573806,33.2032907979851,2500,0,0,0
1395,0,0,0,Qinghai,95.1557168497561,33.2483891082118,2500,0,0,0
1396,0,0,0,Qinghai,95.6988697217776,33.2910727259095,2500,0,0,0
1397,47.2428596315878,47.2428596315878,0,Qinghai,96.2425815733167,33.3313381981927,2500,0.0188971438526351,0.0188971438526351,0
1398,50.7139166593498,50.7139166593498,0,Qinghai,96.7868206050655,33.3691822555129,2500,0.02028556666374,0.02028556666374,0
1399,107.816180841234,107.816180841234,0,Qinghai,97.3315548293003,33.4046018140379,2500,0.0431264723364934,0.0431264723364934,0
1400,1139.74162607308,1139.74162607308,0,Sichuan,97.8767520808127,33.4375939779036,2500,0.455896650429231,0.455896650429231,0
1401,953.578062589821,953.578062589821,0,Sichuan,98.4223800279977,33.4681560413338,2500,0.381431225035929,0.381431225035929,0
1402,0,0,0,Qinghai,98.96840618409,33.4962854906265,2500,0,0,0
1403,0,0,0,Qinghai,99.5147979185396,33.521980006004,2500,0,0,0
1404,0,0,0,Qinghai,100.061522468515,33.5452374633242,2500,0,0,0
1405,0,0,0,Qinghai,100.608546950529,33.5660559356507,2500,0,0,0
1406,0,0,0,Qinghai,101.155838372168,33.5844336946803,2500,0,0,0
1407,117.95109743139,0,117.95109743139,Gansu,101.703363643923,33.6003692120249,2500,0.047180438972556,0,0.047180438972556
1408,1621.29667582213,35.6541159041691,1585.64255991796,Gansu,102.25108959111,33.6138611603479,2500,0.648518670328853,0.0142616463616677,0.634257023967185
1409,1321.15640797173,1321.15640797173,0,Sichuan,102.798982965867,33.6249084143515,2500,0.528462563188692,0.528462563188692,0
1410,1249.66579893611,0,1249.66579893611,Sichuan,103.347010459213,33.6335100516151,2500,0.499866319574446,0,0.499866319574446
1411,684.067520105504,0,190.256780499378,Sichuan,103.895138713169,33.6396653532836,2500,0.273627008042202,0,0.0761027121997513
1412,163.287450631205,0,163.287450631205,Gansu,104.443334332922,33.6433738046034,2500,0.0653149802524819,0,0.0653149802524819
1413,0,0,0,Gansu,104.99156389902,33.6446350953069,2500,0,0,0
1414,0,0,0,Gansu,105.539793979591,33.6434491198447,2500,0,0,0
1415,142.305544072423,128.181804998449,0,Gansu,106.087991142576,33.6398159774639,2500,0.056922217628969,0.0512727219993794,0
1416,356.506606791469,353.989669922122,164.701478287587,Shaanxi,106.63612196796,33.6337359721344,2500,0.142602642716588,0.141595867968849,0.065880591315035
1417,235.28170913648,232.702582270676,145.878784259718,Shaanxi,107.184153059987,33.6252096123216,2500,0.094112683654592,0.0930810329082704,0.0583515137038871
1418,1087.49064730627,820.57866800561,295.645003770091,Shaanxi,107.732051059364,33.6142376106066,2500,0.434996258922507,0.328231467202244,0.118258001508036
1419,711.023455512822,548.093211961199,163.021640701013,Shaanxi,108.279782655421,33.6008208831547,2500,0.284409382205129,0.21923728478448,0.0652086562804052
1420,75.0882065075624,23.8704913487735,51.2177151587889,Shaanxi,108.827314598235,33.5849605490315,2500,0.030035282603025,0.00954819653950942,0.0204870860635156
1421,0.249377241102178,0,0.249377241102204,Shaanxi,109.37461371069,33.5666579293702,2500,9.97508964408711e-05,0,9.97508964408818e-05
1422,275.591907504726,275.591907504726,0,Shaanxi,109.921646900478,33.5459145463873,2500,0.11023676300189,0.11023676300189,0
1423,376.740340853284,376.740340853284,0,Shaanxi,110.468381172021,33.5227321222519,2500,0.150696136341314,0.150696136341314,0
1424,390.576693411636,222.372936617113,251.819515335076,Shaanxi,111.014783638303,33.4971125778081,2500,0.156230677364654,0.088949174646845,0.10072780613403
1425,1755.71975972904,1039.84552798877,1000.84974156961,Henan,111.560821532606,33.4690580311514,2500,0.702287903891616,0.415938211195508,0.400339896627844
1426,322.86581025566,322.865810255663,0,Henan,112.106462220136,33.4385707960637,2500,0.129146324102264,0.129146324102265,0
1427,0,0,0,Henan,112.651673209533,33.4056533803055,2500,0,0,0
1428,0,0,0,Henan,113.196422164248,33.370308483771,2500,0,0,0
1429,0,0,0,Henan,113.740676913785,33.3325389965053,2500,0,0,0
1430,0,0,0,Henan,114.284405464796,33.2923479965884,2500,0,0,0
1431,0,0,0,Henan,114.827576012012,33.2497387478883,2500,0,0,0
1432,0,0,0,Anhui,115.370156949016,33.2047146976849,2500,0,0,0
1433,0,0,0,Anhui,115.912116878837,33.1572794741695,2500,0,0,0
1434,0,0,0,Anhui,116.453424624358,33.1074368838212,2500,0,0,0
1435,0,0,0,Anhui,116.99404923854,33.0551909086649,2500,0,0,0
1436,0,0,0,Anhui,117.533960014438,33.0005457034134,2500,0,0,0
1437,1.18963850082537,0,1.18963850082537,Anhui,118.073126495015,32.9435055924979,2500,0.00047585540033015,0,0.00047585540033015
1438,143.01850006875,0,143.01850006875,Jiangsu,118.611518482741,32.8840750669893,2500,0.0572074000274999,0,0.0572074000274999
1439,38.4648707170198,0,38.4648707170198,Anhui,119.149106048968,32.8222587814151,2500,0.0153859482868079,0,0.0153859482868079
1440,0,0,0,Jiangsu,119.685859543082,32.7580615504752,2500,0,0,0
1441,0,0,0,Jiangsu,120.22174960142,32.6914883456605,2500,0,0,0
1442,0,0,0,Jiangsu,120.756747155939,32.6225442917779,2500,0,0,0
1443,0,0,0,Tibet,79.131832980302,31.2962831795321,2500,0,0,0
1444,0,0,0,Tibet,79.6472336418034,31.409695959677,2500,0,0,0
1445,0,0,0,Tibet,80.1640351066572,31.5208522150367,2500,0,0,0
1446,0,0,0,Tibet,80.6822149731415,31.629744471994,2500,0,0,0
1447,0,0,0,Tibet,81.201750419506,31.736365333368,2500,0,0,0
1448,0,0,0,Tibet,81.7226182074945,31.8407074830037,2500,0,0,0
1449,0,0,0,Tibet,82.2447946861566,31.9427636903459,2500,0,0,0
1450,0,0,0,Tibet,82.7682557959512,32.0425268149949,2500,0,0,0
1451,0,0,0,Tibet,83.2929770731407,32.1399898112398,2500,0,0,0
1452,0,0,0,Tibet,83.818933654478,32.2351457325636,2500,0,0,0
1453,0,0,0,Tibet,84.346100282185,32.3279877361193,2500,0,0,0
1454,98.5060600831772,98.5060600831772,0,Tibet,84.874451309224,32.4185090871688,2500,0.0394024240332709,0.0394024240332709,0
1455,738.126094825699,738.126094825699,0,Tibet,85.4039607048599,32.5067031634843,2500,0.295250437930279,0.295250437930279,0
1456,1928.1915666498,1928.1915666498,0,Tibet,85.934602060513,32.5925634597051,2500,0.771276626659922,0.771276626659922,0
1457,2440.06020448913,2440.06020448913,0,Tibet,86.4663485959015,32.6760835916462,2500,0.976024081795653,0.976024081795653,0
1458,2500,2500,0,Tibet,86.9991731654704,32.7572573005562,2500,1,1,0
1459,2500,2500,0,Tibet,87.5330482651073,32.8360784573168,2500,1,1,0
1460,2500,2500,0,Tibet,88.0679460391391,32.9125410665824,2500,1,1,0
1461,2500,2500,0,Tibet,88.6038382876109,32.9866392708543,2500,1,1,0
1462,2500,2500,0,Tibet,89.1406964738392,33.0583673544848,2500,1,1,0
1463,2500.00000000001,2500.00000000001,0,Tibet,89.6784917322405,33.1277197476074,2500.00000000001,1,1,0
1464,2500,2500,0,Tibet,90.2171948764271,33.1946910299885,2500,1,1,0
1465,974.683874040148,974.683874040148,0,Qinghai,90.7567764075683,33.2592759347964,2500,0.38987354961606,0.38987354961606,0
1466,0,0,0,Qinghai,91.297206523011,33.3214693522837,2500,0,0,0
1467,0,0,0,Qinghai,91.8384551251545,33.3812663333771,2500,0,0,0
1468,0,0,0,Qinghai,92.3804918305752,33.4386620931731,2500,0,0,0
1469,0,0,0,Qinghai,92.9232859793923,33.4936520143335,2500,0,0,0
1470,0,0,0,Qinghai,93.4668066448718,33.5462316503772,2500,0,0,0
1471,0,0,0,Qinghai,94.011022643259,33.5963967288646,2500,0,0,0
1472,0,0,0,Qinghai,94.5559025438341,33.64414315447,2500,0,0,0
1473,0,0,0,Qinghai,95.1014146791827,33.68946701194,2500,0,0,0
1474,0,0,0,Qinghai,95.6475271556743,33.7323645689309,2500,0,0,0
1475,0,0,0,Qinghai,96.1942078641392,33.7728322787256,2500,0,0,0
1476,0,0,0,Qinghai,96.7414244907369,33.8108667828237,2500,0,0,0
1477,463.373852645369,463.373852645369,0,Qinghai,97.2891445280059,33.8464649134019,2500,0.185349541058148,0.185349541058148,0
1478,2310.38498762939,2310.38498762939,0,Sichuan,97.8373352860871,33.8796236956433,2500,0.924153995051757,0.924153995051757,0
1479,1485.24657562285,1485.24657562285,0,Sichuan,98.3859639041106,33.9103403499302,2500,0.59409863024914,0.59409863024914,0
1480,0,0,0,Qinghai,98.9349973617363,33.9386122938991,2500,0,0,0
1481,0,0,0,Qinghai,99.4844024908389,33.964437144355,2500,0,0,0
1482,0,0,0,Qinghai,100.034145987327,33.987812719042,2500,0,0,0
1483,0,0,0,Qinghai,100.584194423086,34.0087370382685,2500,0,0,0
1484,0,0,0,Gansu,101.134514258034,34.0272083263841,2500,0,0,0
1485,14.2517886094593,0,14.2517886094593,Gansu,101.685071852279,34.0432250131068,2500,0.00570071544378373,0,0.00570071544378373
1486,1085.03236635016,900.308730743913,184.72363560625,Gansu,102.235833478369,34.0567857346988,2500,0.434012946540065,0.360123492297565,0.0738894542425002
1487,705.683377043239,705.683377043239,0,Sichuan,102.786765333624,34.067889334989,2500,0.282273350817295,0.282273350817295,0
1488,744.960145859768,322.470011276299,422.490134583469,Gansu,103.337833552535,34.0765348662405,2500,0.297984058343907,0.128988004510519,0.168996053833388
1489,413.838579915495,56.3408159637188,296.584347454795,Gansu,103.889004219218,34.0827215898632,2500,0.165535431966198,0.0225363263854875,0.118633738981918
1490,0,0,0,Gansu,104.440243379922,34.0864489769687,2500,0,0,0
1491,0,0,0,Gansu,104.991517055566,34.0877167087687,2500,0,0,0
1492,68.7935748457353,0,66.7114504368684,Gansu,105.542791254301,34.0865246768147,2500,0.0275174299382941,0,0.0266845801747474
1493,11.2755862096664,0,0,Gansu,106.094031984085,34.0828729830798,2500,0.00451023448386656,0,0
1494,0,0,0,Shaanxi,106.645205265257,34.0767619398817,2500,0,0,0
1495,69.6381240769415,69.6381240769415,0,Shaanxi,107.196277143099,34.0681920696481,2500,0.0278552496307766,0.0278552496307766,0
1496,584.788117579193,532.940671205317,63.6346114233555,Shaanxi,107.747213700376,34.0571641045229,2500,0.233915247031677,0.213176268482127,0.0254538445693422
1497,109.233661421389,109.233661421389,0,Shaanxi,108.297981069841,34.043678985816,2500,0.0436934645685557,0.0436934645685557,0
1498,150.799453898823,150.799453898823,0,Shaanxi,108.848545446695,34.0277378632963,2500,0.0603197815595293,0.0603197815595293,0
1499,0,0,0,Shaanxi,109.398873100987,34.0093420943281,2500,0,0,0
1500,1169.66406492605,1169.66406492605,0,Shaanxi,109.948930389949,33.9884932428533,2500,0.467865625970422,0.467865625970422,0
1501,1489.46529231674,1489.46529231674,0,Shaanxi,110.498683770243,33.9651930782213,2500,0.595786116926697,0.595786116926697,0
1502,570.7797045767,39.3598703702623,531.419834206438,Henan,111.04809981013,33.9394435738655,2500,0.22831188183068,0.0157439481481049,0.212567933682575
1503,243.156512325253,179.49165930402,131.139850625733,Henan,111.597145201522,33.9112469058311,2500,0.0972626049301013,0.0717966637216079,0.0524559402502931
1504,104.315382980347,104.315382980347,0,Henan,112.145786771932,33.8806054511551,2500,0.0417261531921387,0.0417261531921388,0
1505,0,0,0,Henan,112.693991496298,33.8475217860989,2500,0,0,0
1506,0,0,0,Henan,113.241726508668,33.8119986842397,2500,0,0,0
1507,0,0,0,Henan,113.788959113751,33.7740391144192,2500,0,0,0
1508,0,0,0,Henan,114.335656798302,33.7336462385548,2500,0,0,0
1509,0,0,0,Henan,114.881787242358,33.6908234093147,2500,0,0,0
1510,0,0,0,Henan,115.427318330286,33.6455741676617,2500,0,0,0
1511,0,0,0,Anhui,115.972218161662,33.5979022402662,2500,0,0,0
1512,0,0,0,Anhui,116.516455061953,33.5478115367947,2500,0,0,0
1513,0,0,0,Anhui,117.059997593001,33.4953061470743,2500,0,0,0
1514,0,0,0,Anhui,117.602814563298,33.4403903381391,2500,0,0,0
1515,171.638915758891,0,171.638915758891,Jiangsu,118.144875038054,33.383068551161,2500,0.0686555663035564,0,0.0686555663035564
1516,1352.71703993287,0,1352.71703993287,Jiangsu,118.68614834903,33.3233453982686,2500,0.54108681597315,0,0.541086815973149
1517,0,0,0,Jiangsu,119.226604104154,33.2612256592585,2500,0,0,0
1518,0,0,0,Jiangsu,119.766212196892,33.1967142782031,2500,0,0,0
1519,7.9731637523177,0,7.9731637523177,Jiangsu,120.304942815379,33.1298163599584,2500,0.00318926550092708,0,0.00318926550092708
1520,735.751452951636,30.0722597073132,722.389158324477,Jiangsu,120.842766451305,33.060537166576,2500,0.294300581180654,0.0120289038829253,0.288955663329791
1521,0,0,0,Tibet,78.9938921568793,31.7256531233823,2500,0,0,0
1522,0,0,0,Tibet,79.5117932179015,31.8395794102543,2500,0,0,0
1523,0,0,0,Tibet,80.0311166449983,31.9512418048038,2500,0,0,0
1524,0,0,0,Tibet,80.5518397705784,32.0606326411152,2500,0,0,0
1525,0,0,0,Tibet,81.0739394966846,32.167744331238,2500,0,0,0
1526,0,0,0,Tibet,81.5973922985399,32.2725693699026,2500,0,0,0
1527,2.97402702246039,2.97402702246039,0,Tibet,82.1221742283937,32.3751003392221,2500,0.00118961080898416,0.00118961080898416,0
1528,730.981196798362,730.981196798362,0,Tibet,82.6482609196675,32.4753299133764,2500,0.292392478719345,0.292392478719345,0
1529,957.276196484021,957.276196484021,0,Tibet,83.1756275914023,32.5732508632739,2500,0.382910478593609,0.382910478593609,0
1530,1063.13206471846,1063.13206471846,0,Tibet,83.7042490530081,32.668856061188,2500,0.425252825887386,0.425252825887386,0
1531,1157.67694534964,1157.67694534964,0,Tibet,84.2340997093154,32.7621384853623,2500,0.463070778139857,0.463070778139857,0
1532,2236.18526745558,2236.18526745558,0,Tibet,84.7651535659287,32.8530912245819,2500,0.89447410698223,0.89447410698223,0
1533,2500,2500,0,Tibet,85.2973842348813,32.9417074827048,2500,1,1,0
1534,2500,2500,0,Tibet,85.8307649405916,33.0279805831507,2500,1,1,0
1535,2500,2500,0,Tibet,86.3652685261176,33.1119039733406,2500,1,1,0
1536,2500,2500,0,Tibet,86.9008674597098,33.1934712290845,2500,1,1,0
1537,2500,2500,0,Tibet,87.437533841659,33.2726760589119,2500,1,1,0
1538,2500,2500,0,Tibet,87.9752394114378,33.3495123083407,2500,1,1,0
1539,2500,2500,0,Tibet,88.5139555551313,33.4239739640787,2500,1,1,0
1540,2500,2500,0,Tibet,89.0536533131555,33.4960551581559,2500,1,1,0
1541,2499.99999999999,2499.99999999999,0,Tibet,89.5943033882578,33.56575017198,2499.99999999999,1,1,0
1542,1900.13168865997,1900.13168865997,0,Qinghai,90.1358761537971,33.6330534403124,2500,0.76005267546399,0.76005267546399,0
1543,70.4286959126376,70.4286959126376,0,Qinghai,90.6783416622976,33.6979595551598,2500,0.028171478365055,0.028171478365055,0
1544,0,0,0,Qinghai,91.2216696542722,33.7604632695758,2500,0,0,0
1545,0,0,0,Qinghai,91.7658295673094,33.8205595013705,2500,0,0,0
1546,0,0,0,Qinghai,92.3107905454197,33.8782433367207,2500,0,0,0
1547,0,0,0,Qinghai,92.8565214486317,33.933510033679,2500,0,0,0
1548,0,0,0,Qinghai,93.4029908628356,33.9863550255758,2500,0,0,0
1549,0,0,0,Qinghai,93.9501671098643,34.0367739243108,2500,0,0,0
1550,0,0,0,Qinghai,94.4980182578056,34.0847625235299,2500,0,0,0
1551,0,0,0,Qinghai,95.0465121315378,34.1303168016831,2500,0,0,0
1552,0,0,0,Qinghai,95.5956163234808,34.1734329249605,2500,0,0,0
1553,0,0,0,Qinghai,96.1452982045541,34.2141072501011,2500,0,0,0
1554,0,0,0,Qinghai,96.6955249353328,34.2523363270729,2500,0,0,0
1555,0,0,0,Qinghai,97.2462634773931,34.2881169016185,2500,0,0,0
1556,318.134325860945,318.134325860945,0,Qinghai,97.7974806048368,34.3214459176647,2500,0.127253730344378,0.127253730344378,0
1557,1.3075656392116,1.3075656392116,0,Qinghai,98.3491429159866,34.3523205195924,2500,0.00052302625568464,0.00052302625568464,0
1558,0,0,0,Qinghai,98.901216845241,34.3807380543632,2500,0,0,0
1559,0,0,0,Qinghai,99.4536686750789,34.4066960735009,2500,0,0,0
1560,0,0,0,Qinghai,100.006464548204,34.4301923349242,2500,0,0,0
1561,0,0,0,Qinghai,100.559570479818,34.4512248046294,2500,0,0,0
1562,0,0,0,Qinghai,101.112952370008,34.4697916582194,2500,0,0,0
1563,0,0,0,Qinghai,101.666576016249,34.4858912822781,2500,0,0,0
1564,658.650402373427,658.650402373427,0,Gansu,102.220407125989,34.4995222755873,2500,0.26346016094937,0.26346016094937,0
1565,903.01664964943,903.01664964943,0,Gansu,102.77441132933,34.5106834501864,2500,0.361206659859772,0.361206659859772,0
1566,1926.05673164953,1926.05673164953,0,Gansu,103.328554191772,34.5193738322701,2500,0.770422692659812,0.770422692659812,0
1567,295.593648695721,295.593648695721,0,Gansu,103.882801227023,34.5255926629265,2500,0.118237459478288,0.118237459478288,0
1568,40.5159122377189,0,0,Gansu,104.437117909853,34.5293393987123,2500,0.0162063648950876,0,0
1569,6.80611436574099,0,0,Gansu,104.991469688988,34.5306137120646,2500,0.00272244574629639,0,0
1570,53.0396192711073,0,44.2676631937579,Gansu,105.545822000025,34.5294154915497,2500,0.0212158477084429,0,0.0177070652775032
1571,1.335605568092,0,0,Gansu,106.100140278364,34.5257448419476,2500,0.0005342422272368,0,0
1572,34.586376770553,34.5863767705531,0,Shaanxi,106.654389972133,34.5196020841727,2500,0.0138345507082212,0.0138345507082213,0
1573,0,0,0,Shaanxi,107.208536555109,34.5109877550297,2500,0,0,0
1574,0,0,0,Shaanxi,107.762545539609,34.4999026068071,2500,0,0,0
1575,0,0,0,Shaanxi,108.316382489348,34.4863476067069,2500,0,0,0
1576,0,0,0,Shaanxi,108.870013032249,34.4703239361117,2500,0,0,0
1577,0,0,0,Shaanxi,109.423402873191,34.4518329896915,2500,0,0,0
1578,1510.61085741462,1473.19790276358,37.4129546510463,Shaanxi,109.976517806688,34.4308763743491,2500,0.604244342965849,0.589279161105431,0.0149651818604185
1579,2276.10348400313,2271.17809149952,6.75604210509056,Henan,110.529323729485,34.4074559080083,2500,0.910441393601254,0.908471236599807,0.00270241684203623
1580,335.792264240647,335.792264240647,0,Henan,111.081786653055,34.3815736182443,2500,0.134316905696259,0.134316905696259,0
1581,0,0,0,Henan,111.633872715993,34.3532317407588,2500,0,0,0
1582,11.8029164321773,0,11.8029164321771,Henan,112.185548196296,34.3224327177029,2500,0.00472116657287093,0,0.00472116657287084
1583,2.16255146621709,0,2.16255146621709,Henan,112.736779523505,34.2891791958479,2500,0.000865020586486834,0,0.000865020586486834
1584,0,0,0,Henan,113.287533290723,34.2534740246098,2500,0,0,0
1585,0,0,0,Henan,113.837776266465,34.2153202539257,2500,0,0,0
1586,0,0,0,Henan,114.387475406365,34.1747211319889,2500,0,0,0
1587,0,0,0,Henan,114.936597864704,34.1316801028438,2500,0,0,0
1588,0,0,0,Henan,115.485111005761,34.0862008038437,2500,0,0,0
1589,0,0,0,Henan,116.032982414975,34.0382870629759,2500,0,0,0
1590,0,0,0,Henan,116.580179909907,33.9879428960554,2500,0,0,0
1591,0,0,0,Anhui,117.126671551003,33.935172503794,2500,0,0,0
1592,0,0,0,Anhui,117.672425652132,33.8799802687455,2500,0,0,0
1593,0.0551488127495826,0,0.0551488127495826,Jiangsu,118.217410790906,33.8223707521325,2500,2.2059525099833e-05,0,2.2059525099833e-05
1594,72.7627973869987,0,72.7627973869987,Jiangsu,118.761595818768,33.7623486905582,2500,0.0291051189547995,0,0.0291051189547995
1595,0,0,0,Jiangsu,119.304949870846,33.6999189926082,2500,0,0,0
1596,0,0,0,Jiangsu,119.847442375551,33.635086735344,2500,0,0,0
1597,628.975681474588,0,628.975681474588,Jiangsu,120.389043063938,33.5678571606963,2500,0.251590272589835,0,0.251590272589835
1598,0,0,0,Tibet,78.8545066606366,32.1545754406469,2500,0,0,0
1599,0,0,0,Tibet,79.3749303556476,32.2690258414769,2500,0,0,0
1600,0,0,0,Tibet,79.8967984131201,32.3812048506901,2500,0,0,0
1601,0,0,0,Tibet,80.4200878963444,32.4911046054225,2500,0,0,0
1602,0,0,0,Tibet,80.94477542761,32.5987173222948,2500,0,0,0
1603,3.52644711990257,3.52644711990257,0,Tibet,81.4708371917739,32.704035302259,2500,0.00141057884796103,0.00141057884796103,0
1604,1173.0670391378,1173.0670391378,0,Tibet,81.9982489401391,32.8070509354317,2500,0.469226815655122,0.469226815655122,0
1605,2500,2500,0,Tibet,82.5269859946426,32.9077567059122,2500,1,1,0
1606,2500,2500,0,Tibet,83.0570232523546,33.0061451965785,2500,1,1,0
1607,2500,2500,0,Tibet,83.5883351902908,33.1022090938587,2500,1,1,0
1608,2500,2500,0,Tibet,84.1208958705365,33.1959411924722,2500,1,1,0
1609,2500,2500,0,Tibet,84.654678945683,33.2873344001372,2500,1,1,0
1610,2500,2500,0,Tibet,85.1896576645767,33.3763817422388,2500,1,1,0
1611,2500,2500,0,Tibet,85.7258048783783,33.463076366454,2500,1,1,0
1612,2500,2500,0,Tibet,86.263093046933,33.5474115473279,2500,1,1,0
1613,2500,2500,0,Tibet,86.8014942454478,33.6293806907978,2500,1,1,0
1614,2500,2500,0,Tibet,87.3409801714755,33.7089773386587,2500,1,1,0
1615,2500,2500,0,Tibet,87.8815221522022,33.7861951729673,2500,1,1,0
1616,2500,2500,0,Tibet,88.4230911520352,33.8610280203774,2500,1,1,0
1617,2500,2500,0,Tibet,88.9656577804878,33.9334698564043,2500,1,1,0
1618,2499.99999999999,2499.99999999999,0,Tibet,89.5091923003582,34.0035148096122,2499.99999999999,1,1,0
1619,1073.89511046357,1073.89511046357,0,Qinghai,90.0536646361968,34.0711571657193,2500,0.429558044185428,0.429558044185428,0
1620,0,0,0,Qinghai,90.5990443830584,34.1363913716168,2500,0,0,0
1621,0,0,0,Qinghai,91.1453008155337,34.1992120392973,2500,0,0,0
1622,0,0,0,Qinghai,91.6924028970544,34.2596139496867,2500,0,0,0
1623,914.501111002808,914.501111002808,0,Qinghai,92.2403192894661,34.3175920563755,2500,0.365800444401123,0.365800444401123,0
1624,501.798422574322,501.798422574322,0,Qinghai,92.7890183628631,34.3731414892466,2500,0.200719369029729,0.200719369029729,0
1625,0,0,0,Qinghai,93.3384682056775,34.4262575579918,2500,0,0,0
1626,0,0,0,Qinghai,93.8886366350162,34.4769357555159,2500,0,0,0
1627,0,0,0,Qinghai,94.4394912072375,34.525171761222,2500,0,0,0
1628,0,0,0,Qinghai,94.9909992287598,34.5709614441754,2500,0,0,0
1629,0,0,0,Qinghai,95.5431277670943,34.6143008661399,2500,0,0,0
1630,0,0,0,Qinghai,96.0958436620919,34.6551862844852,2500,0,0,0
1631,0,0,0,Qinghai,96.6491135373968,34.6936141549598,2500,0,0,0
1632,0,0,0,Qinghai,97.2029038120959,34.729581134326,2500,0,0,0
1633,0,0,0,Qinghai,97.7571807125556,34.763084082854,2500,0,0,0
1634,0,0,0,Qinghai,98.3119102844344,34.794120066672,2500,0,0,0
1635,0,0,0,Qinghai,98.8670584048628,34.8226863599681,2500,0,0,0
1636,0,0,0,Qinghai,99.4225907947779,34.8487804470417,2500,0,0,0
1637,0,0,0,Qinghai,99.9784730314043,34.8724000242018,2500,0,0,0
1638,0,0,0,Qinghai,100.534670560866,34.8935430015095,2500,0,0,0
1639,0,0,0,Qinghai,101.091148710926,34.9122075043617,2500,0,0,0
1640,0,0,0,Qinghai,101.647872703826,34.9283918749148,2500,0,0,0
1641,0,0,0,Gansu,102.20480766924,34.9420946733454,2500,0,0,0
1642,0,0,0,Gansu,102.761918657301,34.9533146789477,2500,0,0,0
1643,140.879886615623,2.95116858851632,137.928718027106,Gansu,103.31917065171,34.9620508910636,2500,0.0563519546462491,0.00118046743540653,0.0551714872108425
1644,180.443650972712,118.584118273772,58.0884453192032,Gansu,103.876528582908,34.9683025298481,2500,0.0721774603890848,0.0474336473095087,0.0232353781276813
1645,23.0394641343257,0,0,Gansu,104.433957341291,34.9720690368639,2500,0.00921578565373028,0,0
1646,0,0,0,Gansu,104.991421790475,34.9733500755093,2500,0,0,0
1647,0,0,0,Gansu,105.548886780571,34.9721455312755,2500,0,0,0
1648,0,0,0,Gansu,106.106317161488,34.968455511834,2500,0,0,0
1649,31.6574256701484,31.6574256701484,0,Shaanxi,106.663677796227,34.9622803469546,2500,0.0126629702680594,0.0126629702680594,0
1650,0,0,0,Gansu,107.220933574163,34.9536205882526,2500,0,0,0
1651,0,0,0,Shaanxi,107.778049424306,34.9424770087677,2500,0,0,0
1652,0,0,0,Shaanxi,108.334990328521,34.9288506023724,2500,0,0,0
1653,0,0,0,Shaanxi,108.891721334702,34.9127425830138,2500,0,0,0
1654,0,0,0,Shaanxi,109.448207569879,34.8941543837872,2500,0,0,0
1655,309.35381862331,0,309.35381862331,Shaanxi,110.004414253253,34.8730876558445,2500,0.123741527449324,0,0.123741527449324
1656,160.329150734814,125.423823905737,34.9053268290766,Shanxi,110.560306709145,34.8495442671383,2500,0.0641316602939255,0.0501695295622949,0.0139621307316306
1657,86.3323365938352,86.3323365938352,0,Shanxi,111.115850379848,34.8235263010034,2500,0.0345329346375341,0.0345329346375341,0
1658,29.9338696619875,29.9338696619875,0,Henan,111.671010838362,34.7950360545776,2500,0.011973547864795,0.011973547864795,0
1659,61.7068357482034,61.7068357482034,0,Henan,112.225753801015,34.7640760370641,2500,0.0246827342992814,0.0246827342992814,0
1660,154.120185523716,154.120185523716,0,Henan,112.780045139946,34.7306489678386,2500,0.0616480742094865,0.0616480742094865,0
1661,0,0,0,Henan,113.333850895444,34.6947577744018,2500,0,0,0
1662,0,0,0,Henan,113.887137288134,34.6564055901824,2500,0,0,0
1663,0,0,0,Henan,114.439870730994,34.6155957521914,2500,0,0,0
1664,0,0,0,Henan,114.992017841199,34.5723317985327,2500,0,0,0
1665,0,0,0,Henan,115.543545451774,34.5266174657721,2500,0,0,0
1666,0,0,0,Henan,116.094420623054,34.4784566861685,2500,0,0,0
1667,0,0,0,Anhui,116.644610653941,34.427853584771,2500,0,0,0
1668,0,0,0,Jiangsu,117.194083092937,34.3748124763859,2500,0,0,0
1669,0,0,0,Jiangsu,117.742805748967,34.3193378624174,2500,0,0,0
1670,0,0,0,Jiangsu,118.290746701957,34.2614344275853,2500,0,0,0
1671,0,0,0,Jiangsu,118.83787431318,34.2011070365249,2500,0,0,0
1672,0,0,0,Jiangsu,119.384157235357,34.1383607302738,2500,0,0,0
1673,0,0,0,Jiangsu,119.929564422492,34.0732007226472,2500,0,0,0
1674,0,0,0,Tibet,78.7136542349408,32.5830682198512,2500,0,0,0
1675,0,0,0,Tibet,79.7610586819813,32.8107598535829,2500,0,0,0
1676,0,0,0,Tibet,80.2869379011553,32.9211790706603,2500,0,0,0
1677,18.460722019982,18.460722019982,0,Tibet,80.8142370533693,33.0293032160322,2500,0.00738428880799278,0.00738428880799278,0
1678,1505.12408365839,1505.12408365839,0,Tibet,81.3429320292369,33.135124392036,2500,0.602049633463355,0.602049633463355,0
1679,2500,2500,0,Tibet,81.8729982749266,33.2386347919554,2500,1,1,0
1680,2500,2500,0,Tibet,82.4044107963913,33.3398267049754,2500,1,1,0
1681,2500,2500,0,Tibet,82.9371441639188,33.4386925211192,2500,1,1,0
1682,2500,2500,0,Tibet,83.4711725170064,33.5352247361593,2500,1,1,0
1683,2500,2500,0,Tibet,84.0064695695572,33.6294159565002,2500,1,1,0
1684,2500,2500,0,Tibet,84.5430086154008,33.7212589040279,2500,1,1,0
1685,2500,2500,0,Tibet,85.0807625341363,33.8107464209198,2500,1,1,0
1686,2500,2500,0,Tibet,85.6197037972972,33.8978714744118,2500,1,1,0
1687,2500,2500,0,Tibet,86.1598044748374,33.9826271615171,2500,1,1,0
1688,2500,2500,0,Tibet,86.7010362419365,34.0650067136916,2500,1,1,0
1689,2500,2500,0,Tibet,87.2433703861215,34.1450035014409,2500,1,1,0
1690,2500,2500,0,Tibet,87.7867778147034,34.2226110388646,2500,1,1,0
1691,2500,2500,0,Tibet,88.3312290625256,34.2978229881314,2500,1,1,0
1692,2500,2500,0,Tibet,88.8766943000199,34.3706331638822,2500,1,1,0
1693,2500,2500,0,Tibet,89.4231433415666,34.4410355375537,2500,1,1,0
1694,1365.21832364568,1365.21832364568,0,Qinghai,89.970545654155,34.5090242416191,2500,0.546087329458272,0.546087329458272,0
1695,414.985428490759,414.985428490759,0,Qinghai,90.5188703663382,34.5745935737407,2500,0.165994171396303,0.165994171396303,0
1696,477.488461699107,477.488461699107,0,Qinghai,91.0680862774784,34.6377380008291,2500,0.190995384679643,0.190995384679643,0
1697,1643.66508982688,1643.66508982688,0,Qinghai,91.6181618672761,34.6984521630041,2500,0.657466035930753,0.657466035930753,0
1698,2491.56317566813,2491.56317566813,0,Qinghai,92.1690653055767,34.7567308774527,2500,0.996625270267251,0.996625270267251,0
1699,2158.02765364694,2158.02765364694,0,Qinghai,92.7207644624495,34.8125691421799,2500,0.863211061458774,0.863211061458774,0
1700,24.134805287175,24.134805287175,0,Qinghai,93.2732269185306,34.8659621396459,2500,0.00965392211487,0.00965392211487,0
1701,0,0,0,Qinghai,93.8264199756226,34.9169052402874,2500,0,0,0
1702,0,0,0,Qinghai,94.3803106675444,34.9653940059169,2500,0,0,0
1703,0,0,0,Qinghai,94.9348657712207,35.0114241929959,2500,0,0,0
1704,0,0,0,Qinghai,95.4900518180047,35.0549917557785,2500,0,0,0
1705,0,0,0,Qinghai,96.0458351052244,35.0960928493199,2500,0,0,0
1706,0,0,0,Qinghai,96.6021817079414,35.1347238323476,2500,0,0,0
1707,0,0,0,Qinghai,97.1590574909157,35.1708812699895,2500,0,0,0
1708,0,0,0,Qinghai,97.7164281207629,35.204561936357,2500,0,0,0
1709,0,0,0,Qinghai,98.2742590782965,35.2357628169782,2500,0,0,0
1710,0,0,0,Qinghai,98.8325156710417,35.2644811110793,2500,0,0,0
1711,0,0,0,Qinghai,99.3911630459126,35.2907142337092,2500,0,0,0
1712,0,0,0,Qinghai,99.9501662020382,35.3144598177064,2500,0,0,0
1713,0,0,0,Qinghai,100.509490003729,35.335715715504,2500,0,0,0
1714,0,0,0,Qinghai,101.069099193571,35.3544800007709,2500,0,0,0
1715,0,0,0,Qinghai,101.628958405631,35.3707509698873,2500,0,0,0
1716,0,0,0,Qinghai,102.18903217877,35.3845271432507,2500,0,0,0
1717,200.866679149847,0,200.866679149847,Gansu,102.749284970044,35.3958072664131,2500,0.0803466716599387,0,0.0803466716599387
1718,487.958267441303,0,487.958267441303,Gansu,103.309681168185,35.4045903110463,2500,0.195183306976521,0,0.195183306976521
1719,0.988883729398279,0.927176418810566,0.0617073105877122,Gansu,103.870185107142,35.410875475733,2500,0.000395553491759311,0.000370870567524227,2.46829242350849e-05
1720,0,0,0,Gansu,104.43076107968,35.414662186585,2500,0,0,0
1721,5.18860243780657,0,5.18860243780657,Gansu,104.991373351014,35.415950097686,2500,0.00207544097512263,0,0.00207544097512263
1722,0,0,0,Gansu,105.551986172477,35.4147390913579,2500,0,0,0
1723,464.352454887223,464.352454887223,0,Ningxia,106.112563795187,35.4110292782522,2500,0.185740981954889,0.185740981954889,0
1724,274.87419568431,274.87419568431,0,Gansu,106.673070483731,35.4048209972644,2500,0.109949678273724,0.109949678273724,0
1725,0,0,0,Gansu,107.233470529821,35.3961148152722,2500,0,0,0
1726,0,0,0,Gansu,107.793728265937,35.3849115266989,2500,0,0,0
1727,0,0,0,Gansu,108.353808078921,35.3712121529007,2500,0,0,0
1728,0,0,0,Shaanxi,108.913674423525,35.3550179413798,2500,0,0,0
1729,0,0,0,Shaanxi,109.473291835893,35.3363303648256,2500,0,0,0
1730,2.16542640065429,0,2.16542640065429,Shaanxi,110.032624946963,35.3151511199823,2500,0.000866170560261717,0,0.000866170560261717
1731,179.335088994452,0,179.335088994452,Shanxi,110.591638495783,35.2914821263482,2500,0.0717340355977809,0,0.0717340355977809
1732,0,0,0,Shanxi,111.150297342722,35.2653255247051,2500,0,0,0
1733,141.597921931835,141.597921931835,0,Shanxi,111.708566482565,35.2366836754824,2500,0.0566391687727339,0.0566391687727339,0
1734,493.162354721121,493.16235472112,0,Henan,112.266411057487,35.2055591569572,2500,0.197264941888448,0.197264941888448,0
1735,188.906473763885,188.906473763885,0,Henan,112.82379636988,35.1719547632923,2500,0.0755625895055539,0.0755625895055539,0
1736,14.1218136177773,14.1218136177773,0,Henan,113.380687895037,35.135873502416,2500,0.00564872544711092,0.00564872544711092,0
1737,0,0,0,Henan,113.93705129367,35.0973185937459,2500,0,0,0
1738,217.139974789662,217.139974789662,0,Henan,114.492852424259,35.0562934657605,2500,0.0868559899158649,0.0868559899158647,0
1739,82.981874863074,82.981874863074,0,Shandong,115.048057355214,35.01280175342,2500,0.0331927499452296,0.0331927499452296,0
1740,0,0,0,Shandong,115.602632376847,34.9668472954433,2500,0,0,0
1741,0,0,0,Shandong,116.156544013134,34.9184341314408,2500,0,0,0
1742,0,0,0,Jiangsu,116.709759033274,34.8675664989098,2500,0,0,0
1743,0,0,0,Shandong,117.262244463012,34.8142488300957,2500,0,0,0
1744,0,0,0,Shandong,117.81396759574,34.7584857487223,2500,0,0,0
1745,0,0,0,Shandong,118.364896003354,34.700282066596,2500,0,0,0
1746,0,0,0,Jiangsu,118.914997546861,34.6396427800889,2500,0,0,0
1747,41.5503596707336,0,41.5503596707331,Jiangsu,119.464240386727,34.5765730665046,2500,0.0166201438682934,0,0.0166201438682932
1748,0,0,0,Tibet,79.6238752814373,33.2399254322143,2500,0,0,0
1749,0,0,0,Tibet,80.1523678981918,33.3508748682749,2500,0,0,0
1750,1346.18101387633,1346.18101387633,0,Tibet,80.6823027813919,33.459521055485,2500,0.538472405550531,0.538472405550531,0
1751,2500,2500,0,Tibet,81.2136555234994,33.5658558925545,2500,1,1,0
1752,2500,2500,0,Tibet,81.7464012613194,33.6698713709169,2500,1,1,0
1753,2500,2500,0,Tibet,82.2805146802696,33.7715595798291,2500,1,1,0
1754,2500,2500,0,Tibet,82.8159700189818,33.870912711453,2500,1,1,0
1755,2500,2500,0,Tibet,83.3527410742375,33.9679230659126,2500,1,1,0
1756,2500,2500,0,Tibet,83.8908012062377,34.062583056324,2500,1,1,0
1757,2500,2500,0,Tibet,84.4301233442069,34.1548852137921,2500,1,1,0
1758,2500,2500,0,Tibet,84.9706799923317,34.2448221923684,2500,1,1,0
1759,2500,2500,0,Tibet,85.512443236032,34.3323867739666,2500,1,1,0
1760,2500,2500,0,Tibet,86.0553847485655,34.4175718732287,2500,1,1,0
1761,2500,2500,0,Tibet,86.5994757979615,34.500370542339,2500,1,1,0
1762,2500,2500,0,Tibet,87.144687254284,34.5807759757778,2500,1,1,0
1763,2500,2500,0,Tibet,87.6909895972205,34.6587815150124,2500,1,1,0
1764,2500,2500,0,Tibet,88.2383529239938,34.7343806531181,2500,1,1,0
1765,2500,2500,0,Tibet,88.7867469575929,34.8075670393249,2500,1,1,0
1766,2499.52448918349,2499.52448918349,0,Tibet,89.3361410553194,34.8783344834846,2499.99999999999,0.999809795673399,0.999809795673399,0
1767,2187.04915353509,2187.04915353509,0,Qinghai,89.8865042176453,34.9466769604528,2500,0.874819661414035,0.874819661414035,0
1768,2496.45733485672,2496.45733485672,0,Qinghai,90.4378050973762,35.0125886143803,2500,0.998582933942689,0.998582933942689,0
1769,2500,2500,0,Qinghai,90.9900120091157,35.0760637629096,2500,1,1,0
1770,2500,2500,0,Qinghai,91.5430929390247,35.137096901271,2500,1,1,0
1771,2500,2500,0,Qinghai,92.097015554869,35.195682706272,2500,1,1,0
1772,2500,2500,0,Qinghai,92.6517472163485,35.2518160401772,2500,1,1,0
1773,1518.04070680738,1518.04070680738,0,Qinghai,93.2072549857019,35.3054919544719,2500,0.607216282722952,0.607216282722952,0
1774,491.697298700138,491.697298700138,0,Qinghai,93.7635056385773,35.356705693506,2500,0.196678919480055,0.196678919480055,0
1775,5.66257574812365,5.66257574812365,0,Qinghai,94.3204656751621,35.4054526980117,2500,0.00226503029924946,0.00226503029924946,0
1776,0,0,0,Qinghai,94.8781013315635,35.4517286084929,2500,0,0,0
1777,0,0,0,Qinghai,95.4363785914296,35.4955292684788,2500,0,0,0
1778,0,0,0,Qinghai,95.9952631978038,35.5368507276402,2500,0,0,0
1779,0,0,0,Qinghai,96.5547206651998,35.5756892447626,2500,0,0,0
1780,0,0,0,Qinghai,97.1147162918906,35.6120412905722,2500,0,0,0
1781,0,0,0,Qinghai,97.6752151723981,35.6459035504114,2500,0,0,0
1782,0,0,0,Qinghai,98.2361822101741,35.6772729267606,2500,0,0,0
1783,0,0,0,Qinghai,98.7975821304605,35.7061465416014,2500,0,0,0
1784,0,0,0,Qinghai,99.359379493319,35.7325217386186,2500,0,0,0
1785,0,0,0,Qinghai,99.9215387068159,35.7563960852389,2500,0,0,0
1786,0,0,0,Qinghai,100.484024040353,35.7777673745015,2500,0,0,0
1787,0,0,0,Qinghai,101.046799638128,35.7966336267594,2500,0,0,0
1788,0,0,0,Qinghai,101.60982953272,35.8129930912087,2500,0,0,0
1789,0,0,0,Qinghai,102.173077658775,35.8268442472434,2500,0,0,0
1790,173.480410852043,172.098419050483,1.38199180156003,Qinghai,102.73650786679,35.8381858056337,2500,0.0693921643408172,0.0688393676201934,0.000552796720624012
1791,14.9682706156547,0,14.9682706156547,Gansu,103.300083936979,35.8470167095266,2500,0.00598730824626186,0,0.00598730824626186
1792,305.027166957507,305.027166957507,0,Gansu,103.863769593203,35.8533361352671,2500,0.122010866783003,0.122010866783003,0
1793,1.2692957859946,1.2692957859946,0,Gansu,104.427528516956,35.8571434930388,2500,0.000507718314397839,0.000507718314397839,0
1794,0,0,0,Gansu,104.991324361391,35.8584384273223,2500,0,0,0
1795,11.9927390893943,0,11.9927390893943,Ningxia,105.55512076538,35.8572208171729,2500,0.00479709563575771,0,0.00479709563575771
1796,88.4532000136885,88.4532000136885,0,Ningxia,106.118881367576,35.8534907763137,2500,0.0353812800054754,0.0353812800054754,0
1797,21.5318514684816,21.5318514684816,0,Ningxia,106.682569820483,35.8472486530482,2500,0.00861274058739263,0.00861274058739263,0
1798,0,0,0,Gansu,107.246149804515,35.8384950299881,2500,0,0,0
1799,0,0,0,Gansu,107.809585042019,35.8272307236006,2500,0,0,0
1800,264.069212742661,264.069212742661,0,Gansu,108.372839311267,35.8134567835731,2500,0.105627685097064,0.105627685097064,0
1801,137.217787056441,137.217787056441,0,Shaanxi,108.935876460386,35.797174491998,2500,0.0548871148225766,0.0548871148225766,0
1802,0,0,0,Shaanxi,109.498660421226,35.7783853623773,2500,0,0,0
1803,216.815455718038,216.815455718038,0,Shaanxi,110.061155223147,35.7570911384497,2500,0.0867261822872154,0.0867261822872154,0
1804,216.147948949915,160.572381078834,55.5755678710802,Shanxi,110.623325006709,35.7332937928413,2500,0.0864591795799658,0.0642289524315337,0.0222302271484321
1805,0,0,0,Shanxi,111.185134037259,35.7069955255418,2500,0,0,0
1806,5.56179966984626,5.56179966984626,0,Shanxi,111.746546718397,35.6781987622081,2500,0.00222471986793851,0.00222471986793851,0
1807,0,0,0,Shanxi,112.307527605309,35.6469061522994,2500,0,0,0
1808,0,0,0,Shanxi,112.868041417958,35.6131205670428,2500,0,0,0
1809,188.854867859749,188.854867859749,0,Shanxi,113.428053054119,35.5768450972375,2500,0.0755419471438995,0.0755419471438995,0
1810,0,0,0,Henan,113.987527602244,35.5380830508949,2500,0,0,0
1811,0,0,0,Henan,114.546430354147,35.4968379507232,2500,0,0,0
1812,0,0,0,Henan,115.104726817503,35.4531135314559,2500,0,0,0
1813,0,0,0,Shandong,115.662382728141,35.4069137370299,2500,0,0,0
1814,0,0,0,Shandong,116.219364062127,35.3582427176178,2500,0,0,0
1815,0,0,0,Shandong,116.775637047623,35.3071048265154,2500,0,0,0
1816,0,0,0,Shandong,117.33116817652,35.2535046168922,2500,0,0,0
1817,9.97714164310666,0,9.97714164310674,Shandong,117.885924215819,35.1974468384063,2500,0.00399085665724266,0,0.00399085665724269
1818,0,0,0,Shandong,118.439872218777,35.1389364336908,2500,0,0,0
1819,0,0,0,Shandong,118.99297953578,35.0779785347131,2500,0,0,0
1820,0,0,0,Tibet,78.9555849243773,33.5549265319215,2500,0,0,0
1821,0,0,0,Tibet,79.4852255892943,33.6687203355763,2500,0,0,0
1822,0,0,0,Tibet,80.0163555521745,33.7802109681484,2500,0,0,0
1823,1571.71771943408,1571.71771943408,0,Tibet,80.5489505745552,33.8893900302857,2500,0.62868708777363,0.62868708777363,0
1824,2500,2500,0,Tibet,81.0829859468088,33.9962492118713,2500,1,1,0
1825,2500,2500,0,Tibet,81.6184364921084,34.100780297285,2500,1,1,0
1826,2500,2500,0,Tibet,82.1552765707349,34.2029751706531,2500,1,1,0
1827,2500,2500,0,Tibet,82.6934800847286,34.3028258210799,2500,1,1,0
1828,2500,2500,0,Tibet,83.2330204828855,34.4003243478578,2500,1,1,0
1829,2500,2500,0,Tibet,83.7738707661002,34.4954629656496,2500,1,1,0
1830,2500,2500,0,Tibet,84.3160034930538,34.5882340096388,2500,1,1,0
1831,2500,2500,0,Tibet,84.8593907862485,34.6786299406414,2500,1,1,0
1832,2500,2500,0,Tibet,85.4040043383867,34.7666433501758,2500,1,1,0
1833,2500,2500,0,Tibet,85.9498154190946,34.8522669654833,2500,1,1,0
1834,2500,2500,0,Tibet,86.4967948819882,34.9354936544959,2500,1,1,0
1835,2500,2500,0,Tibet,87.0449131720794,35.0163164307436,2500,1,1,0
1836,2500,2500,0,Tibet,87.5941403335197,35.0947284581984,2500,1,1,0
1837,2500,2500,0,Tibet,88.1444460176797,35.1707230560469,2500,1,1,0
1838,2500,2500,0,Tibet,88.6957994915582,35.2442937033883,2500,1,1,0
1839,2500,2500,0,Tibet,89.2481696465201,35.3154340438501,2500,1,1,0
1840,2500,2500,0,Qinghai,89.8015250073554,35.3841378901176,2500,1,1,0
1841,2500,2500,0,Qinghai,90.355833741657,35.4503992283714,2500,1,1,0
1842,2500,2500,0,Qinghai,90.9110636695098,35.5142122226268,2500,1,1,0
1843,2500,2500,0,Qinghai,91.4671822734863,35.5755712189704,2500,1,1,0
1844,2500,2500,0,Qinghai,92.0241567089416,35.6344707496881,2500,1,1,0
1845,2354.71301623862,2354.71301623862,0,Qinghai,92.5819538146014,35.6909055372798,2500,0.941885206495449,0.941885206495449,0
1846,1641.54994671859,1641.54994671859,0,Qinghai,93.1405401234342,35.7448704983549,2500,0.656619978687435,0.656619978687435,0
1847,944.951515217554,944.951515217554,0,Qinghai,93.6998818738024,35.7963607474042,2500,0.377980606087022,0.377980606087022,0
1848,26.9653309063864,26.9653309063864,0,Qinghai,94.2599450208803,35.8453716004429,2500,0.0107861323625546,0.0107861323625546,0
1849,0,0,0,Qinghai,94.8206952483344,35.8918985785193,2500,0,0,0
1850,0,0,0,Qinghai,95.3820979802525,35.9359374110861,2500,0,0,0
1851,0,0,0,Qinghai,95.9441183933155,35.9774840392279,2500,0,0,0
1852,150.196562177444,150.196562177444,0,Qinghai,96.5067214291994,36.0165346187414,2500,0.0600786248709776,0.0600786248709776,0
1853,628.484173180106,628.484173180106,0,Qinghai,97.0698718071987,36.0530855230643,2500,0.251393669272042,0.251393669272042,0
1854,172.018528511078,172.018528511078,0,Qinghai,97.6335340370587,36.0871333460479,2500,0.0688074114044313,0.0688074114044313,0
1855,0,0,0,Qinghai,98.1976724320067,36.1186749045707,2500,0,0,0
1856,0,0,0,Qinghai,98.7622511219708,36.1477072409877,2500,0,0,0
1857,0,0,0,Qinghai,99.3272340669725,36.1742276254146,2500,0,0,0
1858,0,0,0,Qinghai,99.8925850706833,36.1982335578401,2500,0,0,0
1859,0,0,0,Qinghai,100.458267794131,36.2197227700663,2500,0,0,0
1860,1.812070961345,1.812070961345,0,Qinghai,101.024245769544,36.238693227473,2500,0.000724828384537999,0.000724828384537999,0
1861,0,0,0,Qinghai,101.590482414319,36.2551431306033,2500,0,0,0
1862,0,0,0,Qinghai,102.156941045103,36.2690709165691,2500,0,0,0
1863,0,0,0,Qinghai,102.723584891968,36.280475260273,2500,0,0,0
1864,0,0,0,Gansu,103.290377112677,36.2893550754463,2500,0,0,0
1865,0,0,0,Gansu,103.857280807012,36.2957095155008,2500,0,0,0
1866,0,0,0,Gansu,104.424259031167,36.2995379741931,2500,0,0,0
1867,0,0,0,Gansu,104.991274812179,36.300840086101,2500,0,0,0
1868,287.58618124437,0,287.58618124437,Ningxia,105.558291162386,36.2996157269102,2500,0.115034472497748,0,0.115034472497748
1869,47.9804113652524,0,47.9804113652524,Ningxia,106.125271093904,36.2958650135121,2500,0.019192164546101,0,0.019192164546101
1870,20.3074593577771,0,20.3074593577771,Gansu,106.692177633101,36.2895883039122,2500,0.00812298374311082,0,0.00812298374311082
1871,0,0,0,Gansu,107.258973835059,36.2807861969487,2500,0,0,0
1872,0,0,0,Gansu,107.825622798003,36.2694595318219,2500,0,0,0
1873,0,0,0,Gansu,108.392087677699,36.255609387436,2500,0,0,0
1874,0,0,0,Shaanxi,108.958331701779,36.2392370815528,2500,0,0,0
1875,0,0,0,Shaanxi,109.524318184014,36.2203441697597,2500,0,0,0
1876,0,0,0,Shaanxi,110.09001053849,36.198932444253,2500,0,0,0
1877,0,0,0,Shanxi,110.655372293692,36.1750039324385,2500,0,0,0
1878,0,0,0,Shanxi,111.220367106478,36.1485608953508,2500,0,0,0
1879,0,0,0,Shanxi,111.784958775922,36.1196058258953,2500,0,0,0
1880,0,0,0,Shanxi,112.349111257033,36.0881414469125,2500,0,0,0
1881,0,0,0,Shanxi,112.912788674309,36.0541707090709,2500,0,0,0
1882,0,0,0,Shanxi,113.475955335138,36.0176967885888,2500,0,0,0
1883,0,0,0,Henan,114.038575743021,35.9787230847892,2500,0,0,0
1884,0,0,0,Henan,114.600614610613,35.9372532174916,2500,0,0,0
1885,0,0,0,Henan,115.162036872555,35.8932910242442,2500,0,0,0
1886,0,0,0,Henan,115.72280769811,35.8468405573997,2500,0,0,0
1887,0,0,0,Shandong,116.28289250357,35.7979060810398,2500,0,0,0
1888,0,0,0,Shandong,116.842256964432,35.7464920677517,2500,0,0,0
1889,0,0,0,Shandong,117.40086702734,35.6926031952622,2500,0,0,0
1890,0,0,0,Shandong,117.958688921769,35.636244342932,2500,0,0,0
1891,0,0,0,Shandong,118.515689171454,35.5774205881175,2500,0,0,0
1892,0,0,0,Shandong,119.071834605547,35.5161372024024,2500,0,0,0
1893,0,0,0,Tibet,78.8128078283568,33.9828089972628,2500,0,0,0
1894,0,0,0,Tibet,79.3450865200471,34.0971634557049,2500,0,0,0
1895,0,0,0,Tibet,79.8788780681199,34.2092064917202,2500,0,0,0
1896,1323.06792351231,1323.06792351231,0,Tibet,80.4141579399693,34.3189294901244,2500,0.529227169404925,0.529227169404925,0
1897,2500,2500,0,Tibet,80.950901119914,34.4263239265813,2500,1,1,0
1898,2500,2500,0,Tibet,81.4890821131876,34.5313813730186,2500,1,1,0
1899,2500,2500,0,Tibet,82.0286749502829,34.6340935030323,2500,1,1,0
1900,2500,2500,0,Tibet,82.5696531916521,34.7344520972758,2500,1,1,0
1901,2500,2500,0,Tibet,83.1119899327639,34.8324490488274,2500,1,1,0
1902,2500,2500,0,Tibet,83.6556578095176,34.9280763685324,2500,1,1,0
1903,2442.19196144821,2442.19196144821,0,Tibet,84.2006290040168,35.0213261903123,2500,0.976876784579284,0.976876784579284,0
1904,2499.88838845179,2499.88838845179,0,Tibet,84.7468752506996,35.112190776438,2500,0.999955355380718,0.999955355380718,0
1905,2500,2500,0,Tibet,85.294367842827,35.2006625227593,2500,1,1,0
1906,2500,2500,0,Tibet,85.8430776393279,35.2867339638875,2500,1,1,0
1907,2500,2500,0,Tibet,86.3929750719982,35.3703977783222,2500,1,1,0
1908,2500,2500,0,Tibet,86.9440301530528,35.4516467935204,2500,1,1,0
1909,2500,2500,0,Tibet,87.4962124830283,35.5304739908988,2500,1,1,0
1910,2500,2500,0,Tibet,88.0494912590322,35.6068725107657,2500,1,1,0
1911,2500,2500,0,Tibet,88.6038352833357,35.6808356571757,2500,1,1,0
1912,2499.99999999999,2499.99999999999,0,Tibet,89.1592129723059,35.7523569027017,2499.99999999999,1,1,0
1913,2211.97148705687,2211.97148705688,0,Tibet,89.7155923656729,35.8214298931185,2500,0.884788594822749,0.88478859482275,0
1914,2499.20647727115,2499.20647727115,0,Qinghai,90.2729411361263,35.8880484519922,2500,0.99968259090846,0.99968259090846,0
1915,2381.32051128656,2381.32051128656,0,Qinghai,90.8312265992358,35.9522065851691,2500,0.952528204514623,0.952528204514623,0
1916,1658.16130271281,1658.16130271281,0,Qinghai,91.3904157236894,36.0138984851604,2500,0.663264521085123,0.663264521085123,0
1917,730.809402905227,730.809402905227,0,Qinghai,91.9504751418427,36.0731185354136,2500,0.29232376116209,0.29232376116209,0
1918,33.51601890158,33.51601890158,0,Qinghai,92.5113711605725,36.1298613144693,2500,0.013406407560632,0.013406407560632,0
1919,0,0,0,Qinghai,93.0730697724262,36.1841215999942,2500,0,0,0
1920,0,0,0,Qinghai,93.6355366670592,36.2358943726873,2500,0,0,0
1921,0,0,0,Qinghai,94.1987372429528,36.2851748200533,2500,0,0,0
1922,0,0,0,Qinghai,94.7626366194004,36.3319583400379,2500,0,0,0
1923,0,0,0,Qinghai,95.3271996487569,36.3762405445208,2500,0,0,0
1924,0,0,0,Qinghai,95.8923909289367,36.41801726266,2500,0,0,0
1925,196.778021042147,196.778021042147,0,Qinghai,96.4581748161534,36.4572845440851,2500,0.0787112084168587,0.0787112084168587,0
1926,52.069657422295,52.069657422295,0,Qinghai,97.0245154378881,36.4940386619328,2500,0.020827862968918,0.020827862968918,0
1927,534.149629403146,534.149629403146,0,Qinghai,97.5913767060763,36.5282761157221,2500,0.213659851761259,0.213659851761259,0
1928,0,0,0,Qinghai,98.1587223305011,36.5599936340638,2500,0,0,0
1929,0,0,0,Qinghai,98.7265158323808,36.5891881772009,2500,0,0,0
1930,0,0,0,Qinghai,99.2947205581391,36.615856939377,2500,0,0,0
1931,773.890797974812,773.890797974812,0,Qinghai,99.8632996933437,36.6399973510283,2500,0.309556319189925,0.309556319189925,0
1932,1783.30825731802,1783.30825731802,0,Qinghai,100.432216276803,36.6616070807954,2500,0.713323302927208,0.713323302927208,0
1933,368.127235743045,368.127235743045,0,Qinghai,101.001433214803,36.6806840373543,2500,0.147250894297218,0.147250894297218,0
1934,0,0,0,Qinghai,101.570913295479,36.6972263710612,2500,0,0,0
1935,0,0,0,Qinghai,102.140619203296,36.7112324754108,2500,0,0,0
1936,497.279211741264,497.279211741263,0,Gansu,102.710513533639,36.7227009883046,2500,0.198911684696505,0.198911684696505,0
1937,0,0,0,Gansu,103.280558807482,36.7316307931271,2500,0,0,0
1938,0,0,0,Gansu,103.85071748614,36.7380210196311,2500,0,0,0
1939,0,0,0,Gansu,104.420951986072,36.7418710446258,2500,0,0,0
1940,0,0,0,Gansu,104.991224693734,36.7431804924718,2500,0,0,0
1941,6.01197551860145,0,6.01197551860145,Ningxia,105.561497980456,36.7419492353786,2500,0.00240479020744058,0,0.00240479020744058
1942,0,0,0,Ningxia,106.131734217339,36.7381773935065,2500,0,0,0
1943,0,0,0,Gansu,106.701895790151,36.7318653348705,2500,0,0,0
1944,0,0,0,Gansu,107.271945114206,36.7230136750493,2500,0,0,0
1945,0,0,0,Gansu,107.841844649217,36.7116232766964,2500,0,0,0
1946,0,0,0,Shaanxi,108.411556914103,36.6976952488569,2500,0,0,0
1947,0,0,0,Shaanxi,108.981044501739,36.6812309460898,2500,0,0,0
1948,0,0,0,Shaanxi,109.550270093631,36.6622319673965,2500,0,0,0
1949,0,0,0,Shaanxi,110.119196474506,36.640700154959,2500,0,0,0
1950,0,0,0,Shanxi,110.6877865468,36.616637592687,2500,0,0,0
1951,200.158410583386,200.158410583386,0,Shanxi,111.256003345029,36.590046604579,2500,0.0800633642333546,0.0800633642333545,0
1952,0,0,0,Shanxi,111.823810050034,36.5609297528971,2500,0,0,0
1953,0,0,0,Shanxi,112.39117000308,36.5292898361607,2500,0,0,0
1954,0,0,0,Shanxi,112.958046719798,36.4951298869593,2500,0,0,0
1955,0,0,0,Shanxi,113.524403903965,36.4584531695909,2500,0,0,0
1956,0,0,0,Hebei,114.090205461095,36.4192631775256,2500,0,0,0
1957,0,0,0,Hebei,114.655415511837,36.3775636307016,2500,0,0,0
1958,0,0,0,Hebei,115.219998405172,36.3333584726553,2500,0,0,0
1959,0,0,0,Shandong,115.783918731383,36.2866518674904,2500,0,0,0
1960,0,0,0,Shandong,116.347141334808,36.2374481966895,2500,0,0,0
1961,269.631806459368,0,269.631806459369,Shandong,116.909631326341,36.1857520557743,2500,0.107852722583747,0,0.107852722583748
1962,0,0,0,Shandong,117.47135409569,36.1315682508171,2500,0,0,0
1963,0,0,0,Shandong,118.032275323374,36.0749017948101,2500,0,0,0
1964,0,0,0,Shandong,118.592360992448,36.0157579038956,2500,0,0,0
1965,0,0,0,Shandong,119.151577399945,35.9541419934646,2500,0,0,0
1966,0,0,0,Shandong,119.709891168042,35.8900596741265,2500,0,0,0
1967,0,0,0,Xinjiang,79.2034345132888,34.5252738408611,2500,0,0,0
1968,0,0,0,Xinjiang,79.7399121797664,34.6378807255252,2500,0,0,0
1969,1840.22125789865,1840.22125789865,0,Tibet,80.2779019174309,34.7481589586465,2500,0.736088503159461,0.736088503159461,0
1970,2500,2500,0,Tibet,80.8173784005571,34.8560997960761,2500,1,1,0
1971,2445.14293896602,2445.14293896602,0,Tibet,81.3583158120949,34.9616945916873,2500,0.978057175586405,0.978057175586405,0
1972,1893.73997285856,1893.73997285856,0,Tibet,81.9006878480496,35.0649348029417,2500,0.757495989143424,0.757495989143424,0
1973,2500,2500,0,Tibet,82.4444677222284,35.1658119964414,2500,1,1,0
1974,1980.78786593149,1980.78786593149,0,Tibet,82.9896281713576,35.2643178534612,2500,0.792315146372594,0.792315146372594,0
1975,500.835281822591,500.835281822591,0,Xinjiang,83.5361414605688,35.3604441754554,2500,0.200334112729037,0.200334112729037,0
1976,81.6017087993603,81.6017087993603,0,Xinjiang,84.0839793892568,35.4541828895346,2500,0.0326406835197441,0.0326406835197441,0
1977,823.452090005475,581.059673408923,242.392416596552,Tibet,84.6331132973073,35.5455260539046,2500,0.329380836002189,0.232423869363569,0.0969569666386205
1978,1522.97538688266,833.060410530035,689.914976352626,Tibet,85.1835140716952,35.6344658632649,2500,0.609190154753065,0.333224164212014,0.275965990541051
1979,1702.91183317187,489.50925964316,1213.40257352871,Tibet,85.7351521534521,35.7209946541573,2500,0.681164733268748,0.195803703857264,0.485361029411484
1980,2277.10587508911,2078.62346803614,198.482407052972,Tibet,86.2879975450011,35.8051049102617,2500,0.910842350035643,0.831449387214454,0.0793929628211885
1981,2494.08685353111,2494.08685353111,0,Tibet,86.8420198178576,35.8867892676311,2500,0.997634741412442,0.997634741412442,0
1982,2500,2500,0,Tibet,87.3971881206931,35.9660405198612,2500,1,1,0
1983,2500,2500,0,Tibet,87.9534711877586,36.0428516231875,2500,1,1,0
1984,2044.65220104643,2044.65220104643,0,Tibet,88.5108373476644,36.117215701504,2500,0.817860880418572,0.817860880418572,0
1985,2055.84303883496,2055.84303883496,0,Tibet,89.0692545325123,36.1891260512988,2500.00000000001,0.82233721553398,0.82233721553398,0
1986,2307.48270289237,2307.48270289237,0,Xinjiang,89.628690287375,36.2585761464978,2500,0.92299308115695,0.92299308115695,0
1987,2359.43910001495,2359.43910001495,0,Xinjiang,90.1891117801172,36.325559643214,2500,0.94377564000598,0.94377564000598,0
1988,2180.43166544762,2180.43166544762,0,Xinjiang,90.750485811554,36.3900703843927,2500,0.872172666179047,0.872172666179047,0
1989,0,0,0,Qinghai,91.3127788259381,36.4521024043494,2500,0,0,0
1990,0,0,0,Qinghai,91.8759569217711,36.5116499331941,2500,0,0,0
1991,0,0,0,Qinghai,92.4399858629302,36.5687074011339,2500,0,0,0
1992,0,0,0,Qinghai,93.004831090102,36.6232694426521,2500,0,0,0
1993,0,0,0,Qinghai,93.5704577325173,36.6753309005539,2500,0,0,0
1994,0,0,0,Qinghai,94.1368306199742,36.7248868298769,2500,0,0,0
1995,0,0,0,Qinghai,94.7039142951442,36.7719325016588,2500,0,0,0
1996,0,0,0,Qinghai,95.2716730261481,36.8164634065575,2500,0,0,0
1997,0,0,0,Qinghai,95.840070819393,36.8584752583191,2500,0,0,0
1998,300.994305294953,300.994305294953,0,Qinghai,96.4090714326594,36.897963997088,2500,0.120397722117981,0.120397722117981,0
1999,827.882696243557,827.882696243557,0,Qinghai,96.9786383884265,36.9349257925559,2500,0.331153078497423,0.331153078497423,0
2000,235.077840323994,235.077840323994,0,Qinghai,97.5487349874248,36.9693570469432,2500,0.0940311361295977,0.0940311361295977,0
2001,0,0,0,Qinghai,98.1193243224033,37.0012543978098,2500,0,0,0
2002,0,0,0,Qinghai,98.6903692920988,37.0306147206908,2500,0,0,0
2003,0,0,0,Qinghai,99.2618326153953,37.0574351315539,2500,0,0,0
2004,1521.40706463037,1521.40706463037,0,Qinghai,99.8336768456593,37.0817129890735,2500,0.608562825852149,0.608562825852149,0
2005,1494.20207166711,1494.20207166711,0,Qinghai,100.405864385238,37.1034458967191,2500,0.597680828666842,0.597680828666842,0
2006,2.29604549421026,2.29604549421026,0,Qinghai,100.978357500106,37.1226317046552,2500,0.000918418197684105,0.000918418197684105,0
2007,0,0,0,Qinghai,101.551118334648,37.139268511449,2500,0,0,0
2008,0,0,0,Qinghai,102.124108926561,37.1533546655834,2500,0,0,0
2009,1272.75060218952,1272.75060218952,0,Gansu,102.697291221863,37.164888766774,2500,0.50910024087581,0.50910024087581,0
2010,329.796956181787,325.414752793398,4.38220338838921,Gansu,103.270627089995,37.1738696670869,2500,0.131918782472715,0.130165901117359,0.00175288135535568
2011,495.99749576108,0,495.99749576108,Gansu,103.844078338992,37.1802964718565,2500,0.198398998304432,0,0.198398998304432
2012,437.733026166696,0,437.733026166696,Gansu,104.417606730727,37.1841685404011,2500,0.175093210466678,0,0.175093210466678
2013,10.8214989448862,0,10.8214989448862,Ningxia,104.991173996191,37.1854854865363,2500,0.00432859957795447,0,0.00432859957795447
2014,0,0,0,Ningxia,105.564741850809,37.1842471788838,2500,0,0,0
2015,324.478235375325,324.478235375326,0,Ningxia,106.138272009771,37.1804537409773,2500,0.12979129415013,0.12979129415013,0
2016,0,0,0,Ningxia,106.711726203359,37.1741055511632,2500,0,0,0
2017,0,0,0,Ningxia,107.285066192267,37.1652032422972,2500,0,0,0
2018,0,0,0,Shaanxi,107.858253782884,37.1537477012385,2500,0,0,0
2019,0,0,0,Shaanxi,108.431250842533,37.1397400681389,2500,0,0,0
2020,0,0,0,Shaanxi,109.00401931465,37.1231817355324,2500,0,0,0
2021,0,0,0,Shaanxi,109.576521233886,37.1040743472227,2500,0,0,0
2022,0,0,0,Shaanxi,110.14871874112,37.0824197969731,2500,0,0,0
2023,0,0,0,Shanxi,110.720574098363,37.058220226999,2500,0,0,0
2024,0,0,0,Shanxi,111.292049703547,37.0314780262657,2500,0,0,0
2025,0,0,0,Shanxi,111.863108105172,37.0021958285956,2500,0,0,0
2026,0,0,0,Shanxi,112.433712016815,36.9703765105845,2500,0,0,0
2027,0,0,0,Shanxi,113.003824331466,36.9360231893336,2500,0,0,0
2028,127.182944039799,0,127.182944039799,Shanxi,113.573408135692,36.8991392199975,2500,0.0508731776159195,0,0.0508731776159195
2029,26.8639183900287,0,26.8639183900287,Hebei,114.142426723617,36.8597281931542,2500,0.0107455673560115,0,0.0107455673560115
2030,0,0,0,Hebei,114.710843610694,36.8177939319996,2500,0,0,0
2031,0,0,0,Hebei,115.27862254726,36.7733404893708,2500,0,0,0
2032,0,0,0,Shandong,115.845727531876,36.7263721446027,2500,0,0,0
2033,0,0,0,Shandong,116.412122824414,36.6768934002227,2500,0,0,0
2034,0,0,0,Shandong,116.977772958908,36.6249089784876,2500,0,0,0
2035,0,0,0,Shandong,117.542642756135,36.5704238177677,2500,0,0,0
2036,0,0,0,Shandong,118.106697335929,36.5134430687836,2500,0,0,0
2037,0,0,0,Shandong,118.669902129215,36.4539720907007,2500,0,0,0
2038,0,0,0,Shandong,119.232222889753,36.3920164470867,2500,0,0,0
2039,0,0,0,Shandong,119.793625705577,36.3275819017373,2500,0,0,0
2040,391.585335790361,0,391.585335790361,Shandong,120.354077010137,36.2606744143765,2500,0.156634134316145,0,0.156634134316145
2041,0,0,0,Xinjiang,78.5226183517181,34.8375599334936,2500,0,0,0
2042,0,0,0,Xinjiang,79.0602455217817,34.953070709139,2500,0,0,0
2043,0,0,0,Xinjiang,79.5994341376593,35.0662531351786,2500,0,0,0
2044,806.284672043678,806.284672043678,0,Xinjiang,80.1401590675332,35.1770981478177,2500,0.322513868817471,0.322513868817471,0
2045,1271.25595410354,1271.25595410354,0,Tibet,80.6823946716206,35.2855967772908,2500,0.508502381641417,0.508502381641417,0
2046,425.630179170416,425.630179170416,0,Xinjiang,81.226114806209,35.3917401536027,2500,0.170252071668166,0.170252071668166,0
2047,8.92831974722857,8.92831974722857,0,Xinjiang,81.7712928280684,35.4955195122625,2500,0.00357132789889143,0.00357132789889143,0
2048,572.023528570465,572.023528570465,0,Xinjiang,82.317901599245,35.5969262000052,2500,0.228809411428186,0.228809411428186,0
2049,292.986068151961,292.986068151961,0,Xinjiang,82.8659134922361,35.6959516804952,2500,0.117194427260784,0.117194427260784,0
2050,0,0,0,Xinjiang,83.4153003955481,35.7925875400051,2500,0,0,0
2051,0,0,0,Xinjiang,83.966033719639,35.886825493066,2500,0,0,0
2052,934.852493091756,0,934.852493091756,Xinjiang,84.5180844032436,35.9786573880806,2500,0.373940997236702,0,0.373940997236702
2053,2500,0,2500,Xinjiang,85.071422920083,36.0680752128961,2500,1,0,1
2054,2500,0,2500,Xinjiang,85.6260192859561,36.1550711003276,2500,1,0,1
2055,2050.97387318353,3.62202004931572,2047.35185313421,Xinjiang,86.1818430662123,36.2396373336285,2500,0.820389549273411,0.00144880801972629,0.818940741253685
2056,1590.46728394707,49.1574327089417,1541.30985123813,Xinjiang,86.7388633836034,36.3217663519004,2500,0.636186913578827,0.0196629730835767,0.61652394049525
2057,1992.97970138013,1192.58720548236,1416.34344547347,Xinjiang,87.2970489265114,36.4014507554355,2500,0.797191880552052,0.477034882192943,0.566537378189387
2058,2101.58409624447,2054.44969029248,1671.81127704314,Xinjiang,87.8563679575502,36.4786833109877,2500,0.840633638497787,0.821779876116995,0.668724510817259
2059,1971.39024436126,1951.11831205974,238.505146828205,Xinjiang,88.4167883225366,36.5534569569622,2500,0.788556097744504,0.780447324823899,0.095402058731282
2060,2500,2500,0,Xinjiang,88.9782774598268,36.6257648085215,2500,1,1,0
2061,2500,2500,0,Xinjiang,89.5408024100134,36.6956001625976,2500,1,1,0
2062,2500,2500,0,Xinjiang,90.1043298259776,36.7629565028073,2500,1,1,0
2063,1709.84495668571,1709.84495668571,0,Xinjiang,90.6688259832908,36.8278275042613,2500,0.683937982674285,0.683937982674285,0
2064,327.658052266402,327.658052266402,0,Qinghai,91.2342567909585,36.8902070382639,2500,0.131063220906561,0.131063220906561,0
2065,0,0,0,Qinghai,91.8005878025002,36.9500891768942,2500,0,0,0
2066,0,0,0,Qinghai,92.3677842273574,37.0074681974645,2500,0,0,0
2067,0,0,0,Qinghai,92.9358109426214,37.0623385868504,2500,0,0,0
2068,0,0,0,Qinghai,93.5046325050716,37.1146950456835,2500,0,0,0
2069,0,0,0,Qinghai,94.0742131635169,37.1645324924057,2500,0,0,0
2070,0,0,0,Qinghai,94.6445168714282,37.2118460671746,2500,0,0,0
2071,0,0,0,Qinghai,95.2155072998538,37.256631135618,2500,0,0,0
2072,0,0,0,Qinghai,95.7871478506046,37.2988832924308,2500,0,0,0
2073,735.910276536788,735.910276536788,0,Qinghai,96.3594016697005,37.3385983648086,2500,0.294364110614715,0.294364110614715,0
2074,0,0,0,Qinghai,96.9322316610645,37.3757724157142,2500,0,0,0
2075,0,0,0,Qinghai,97.5056005004527,37.4104017469718,2500,0,0,0
2076,0,0,0,Qinghai,98.0794706496081,37.4424829021834,2500,0,0,0
2077,0,0,0,Qinghai,98.6538043706249,37.4720126694647,2500,0,0,0
2078,0,0,0,Qinghai,99.2285637405099,37.4989880839957,2500,0,0,0
2079,0,0,0,Qinghai,99.8037106659278,37.5234064303814,2500,0,0,0
2080,0,0,0,Qinghai,100.379206898115,37.5452652448203,2500,0,0,0
2081,0,0,0,Qinghai,100.95501404795,37.5645623170766,2500,0,0,0
2082,315.249509694072,315.249509694072,0,Qinghai,101.531093601163,37.5812956922538,2500,0.126099803877629,0.126099803877629,0
2083,1038.7678719555,1038.7678719555,0,Gansu,102.107406933671,37.5954636723658,2500,0.415507148782202,0.415507148782202,0
2084,1189.36626263587,1132.90237187968,56.4638907561874,Gansu,102.683915327023,37.6070648177047,2500,0.475746505054347,0.453160948751872,0.0225855563024749
2085,2175.8620413478,327.833180731092,1848.0288606167,Gansu,103.260579983946,37.6160979480015,2500,0.870344816539118,0.131133272292437,0.739211544246681
2086,2500,0,2500,Gansu,103.837362043958,37.6225621433796,2500,1,0,1
2087,2500,0,2500,Inner Mongolia,104.414222599058,37.6264567450979,2500,1,0,1
2088,2212.43091608372,145.114769608412,2183.03871226667,Inner Mongolia,104.991122709455,37.6277813560842,2500,0.884972366433489,0.0580459078433648,0.873215484906666
2089,1259.85034551678,0,1259.85034551678,Ningxia,105.568023419336,37.6265358412558,2500,0.503940138206711,0,0.503940138206711
2090,14.2774652232698,0.0395524771162345,14.2699036693016,Ningxia,106.144885772645,37.6227203276296,2500,0.0057109860893079,1.58209908464938e-05,0.00570796146772064
2091,106.885169228817,106.706696280239,41.7520924687363,Ningxia,106.721670828863,37.6163352042188,2500,0.0427540676915266,0.0426826785120957,0.0167008369874945
2092,438.440122651535,438.440122651535,0,Ningxia,107.298339678776,37.6073811217184,2500,0.175376049060614,0.175376049060614,0
2093,9.6885997554152,9.6885997554152,0,Shaanxi,107.874853460206,37.5958589919784,2500,0.00387543990216608,0.00387543990216608,0
2094,0,0,0,Shaanxi,108.4511733737,37.5817699872672,2500,0,0,0
2095,0,0,0,Shaanxi,109.027260698149,37.5651155393246,2500,0,0,0
2096,0,0,0,Shaanxi,109.603076806336,37.5458973382075,2500,0,0,0
2097,0,0,0,Shaanxi,110.178583180382,37.5241173309283,2500,0,0,0
2098,0,0,0,Shaanxi,110.753741427085,37.4997777198898,2500,0,0,0
2099,0,0,0,Shanxi,111.328513293139,37.4728809611184,2500,0,0,0
2100,0,0,0,Shanxi,111.9028606802,37.4434297622976,2500,0,0,0
2101,0,0,0,Shanxi,112.476745659812,37.4114270806056,2500,0,0,0
2102,0,0,0,Shanxi,113.050130488155,37.37687612036,2500,0,0,0
2103,0,0,0,Shanxi,113.622977620613,37.3397803304737,2500,0,0,0
2104,3.99293036688268,0,3.99293036688268,Hebei,114.195249726143,37.3001434017243,2500,0.00159717214675307,0,0.00159717214675307
2105,0,0,0,Hebei,114.766909701437,37.2579692638431,2500,0,0,0
2106,0,0,0,Hebei,115.337920684859,37.2132620824267,2500,0,0,0
2107,0,0,0,Shandong,115.908246070147,37.166026255675,2500,0,0,0
2108,0,0,0,Shandong,116.477849519863,37.1162664109636,2500,0,0,0
2109,0,0,0,Shandong,117.046694978594,37.0639874012508,2500,0,0,0
2110,0,0,0,Shandong,117.614746685869,37.0091943013293,2500,0,0,0
2111,0,0,0,Shandong,118.181969188805,36.9518924039234,2500,0,0,0
2112,0,0,0,Shandong,118.748327354454,36.8920872156415,2500,0,0,0
2113,0,0,0,Shandong,119.313786381851,36.8297844527854,2500,0,0,0
2114,0,0,0,Shandong,119.878311813757,36.7649900370257,2500,0,0,0
2115,0,0,0,Shandong,120.441869548069,36.6977100909471,2500,0,0,0
2116,0,0,0,Shandong,121.004425848916,36.6279509334702,2500,0,0,0
2117,0,0,0,Xinjiang,78.375156803214,35.2644665178578,2500,0,0,0
2118,0,0,0,Xinjiang,78.9154949991795,35.3805734625315,2500,0,0,0
2119,0,0,0,Xinjiang,79.457419696885,35.4943433798416,2500,0,0,0
2120,0,0,0,Xinjiang,80.0009054594231,35.6057669727916,2500,0,0,0
2121,0,0,0,Xinjiang,80.5459263289198,35.7148350399768,2500,0,0,0
2122,0,0,0,Xinjiang,81.0924558305873,35.821538481498,2500,0,0,0
2123,0,0,0,Xinjiang,81.6404669771679,35.9258683048702,2500,0,0,0
2124,0,0,0,Xinjiang,82.1899322737714,36.0278156309202,2500,0,0,0
2125,0,0,0,Xinjiang,82.7408237231081,36.1273716996683,2500,0,0,0
2126,0,0,0,Xinjiang,83.2931128311174,36.2245278761868,2500,0,0,0
2127,0,0,0,Xinjiang,83.8467706129945,36.3192756564302,2500,0,0,0
2128,432.905846244832,0,432.905846244832,Xinjiang,84.4017675996142,36.4116066730307,2500,0.173162338497933,0,0.173162338497933
2129,1685.92997816718,0,1685.92997816718,Xinjiang,84.9580738443516,36.5015127010517,2500,0.674371991266873,0,0.674371991266873
2130,2257.21720187112,0,2257.21720187112,Xinjiang,85.5156589303002,36.5889856636946,2500,0.902886880748447,0,0.902886880748447
2131,2500,0,2500,Xinjiang,86.0744919778835,36.6740176379513,2500,1,0,1
2132,2500,0,2500,Xinjiang,86.6345416528607,36.7566008601957,2500,1,0,1
2133,2500,825.830339982616,2500,Xinjiang,87.1957761747226,36.8367277317085,2500,1,0.330332135993046,1
2134,2500,2500,2500,Xinjiang,87.7581633254741,36.9143908241275,2500,1,1,1
2135,2500,2500,577.507722203469,Xinjiang,88.3216704588012,36.989582884818,2500,1,1,0.231003088881388
2136,2500,2500,0,Xinjiang,88.8862645096166,37.0622968421556,2500,1,1,0
2137,2500,2500,0,Xinjiang,89.4519120039796,37.1325258107154,2500,1,1,0
2138,2500,2500,0,Xinjiang,90.0185790693855,37.2002630963605,2500,1,1,0
2139,2415.05236783856,2415.05236783856,0,Xinjiang,90.5862314454164,37.265502201223,2500,0.966020947135424,0.966020947135424,0
2140,781.656014940078,781.656014940078,0,Qinghai,91.1548344947496,37.328236828572,2500,0.312662405976031,0.312662405976031,0
2141,0,0,0,Qinghai,91.7243532145133,37.3884608875608,2500,0,0,0
2142,0,0,0,Qinghai,92.2947522479844,37.4461684978476,2500,0,0,0
2143,0,0,0,Qinghai,92.8659958966179,37.501353994083,2500,0,0,0
2144,0,0,0,Qinghai,93.4380481324,37.5540119302583,2500,0,0,0
2145,0,0,0,Qinghai,94.0108726105154,37.6041370839091,2500,0,0,0
2146,0,0,0,Qinghai,94.5844326823181,37.6517244601661,2500,0,0,0
2147,0,0,0,Qinghai,95.1586914085956,37.6967692956504,2500,0,0,0
2148,0,0,0,Qinghai,95.733611573115,37.7392670622049,2500,0,0,0
2149,0,0,0,Qinghai,96.3091556964395,37.7792134704581,2500,0,0,0
2150,0,0,0,Qinghai,96.8852860500036,37.8166044732138,2500,0,0,0
2151,0,0,0,Qinghai,97.461964670433,37.8514362686633,2500,0,0,0
2152,0,0,0,Qinghai,98.0391533740984,37.8837053034135,2500,0,0,0
2153,0,0,0,Qinghai,98.6168137718876,37.913408275327,2500,0,0,0
2154,0,0,0,Qinghai,99.1949072841829,37.9405421361711,2500,0,0,0
2155,0,0,0,Qinghai,99.77339515603,37.9651040940693,2500,0,0,0
2156,60.3439800520859,60.3439800520859,0,Qinghai,100.352238472483,37.987091615754,2500,0.0241375920208344,0.0241375920208344,0
2157,943.031444756157,943.031444756157,0,Qinghai,100.931398174112,38.0065024286148,2500,0.377212577902463,0.377212577902463,0
2158,1835.94210057851,1835.94210057851,0,Gansu,101.510835072653,38.0233345225409,2500,0.734376840231405,0.734376840231405,0
2159,1007.38929050257,1007.38929050257,0,Gansu,102.090509866795,38.0375861515536,2500,0.402955716201029,0.402955716201029,0
2160,748.946410444292,230.701550350087,562.321171892745,Gansu,102.670383158078,38.0492558352272,2500,0.299578564177717,0.0922806201400349,0.224928468757098
2161,2172.34248858969,107.13534865141,2078.97550085116,Gansu,103.250415466887,38.0583423598953,2500,0.868936995435875,0.0428541394605639,0.831590200340465
2162,2500,0,2500,Inner Mongolia,103.830567248538,38.0648447796409,2500,1,0,1
2163,2500,0,2500,Inner Mongolia,104.410798909419,38.0687624170693,2500,1,0,1
2164,2500,0,2500,Inner Mongolia,104.991070823194,38.0700948638621,2500,1,0,1
2165,398.462571549187,0,398.462571549187,Inner Mongolia,105.571343347025,38.0688419811101,2500,0.159385028619675,0,0.159385028619675
2166,290.441927405949,289.982988852195,283.62839899132,Ningxia,106.151576837828,38.0650038994282,2500,0.11617677096238,0.115993195540878,0.113451359596528
2167,408.290426148217,403.53291301265,399.59681730603,Ningxia,106.731731668514,38.0585810188478,2500,0.163316170459287,0.16141316520506,0.159838726922412
2168,319.879383980764,319.879383980764,0,Ningxia,107.311768244224,38.0495740084895,2500,0.127951753592306,0.127951753592306,0
2169,31.0669643303739,31.0669643303739,0,Inner Mongolia,107.891647018525,38.0379838060169,2500,0.0124267857321496,0.0124267857321496,0
2170,0,0,0,Inner Mongolia,108.471328509562,38.0238116168698,2500,0,0,0
2171,0,0,0,Shaanxi,109.050773316137,38.0070589132815,2500,0,0,0
2172,0,0,0,Shaanxi,109.62994213371,37.9877274330779,2500,0,0,0
2173,0,0,0,Shaanxi,110.208795770304,37.9658191782645,2500,0,0,0
2174,0,0,0,Shanxi,110.78729516229,37.9413364133994,2500,0,0,0
2175,102.89582517389,102.895825173891,0,Shanxi,111.365401390043,37.9142816637581,2500,0.0411583300695562,0.0411583300695565,0
2176,0,0,0,Shanxi,111.943075693454,37.8846577132906,2500,0,0,0
2177,0,0,0,Shanxi,112.520279487284,37.8524676023758,2500,0,0,0
2178,0,0,0,Shanxi,113.096974376332,37.8177146253755,2500,0,0,0
2179,0,0,0,Shanxi,113.673122170424,37.7804023279917,2500,0,0,0
2180,0,0,0,Hebei,114.24868489919,37.7405345044324,2500,0,0,0
2181,0,0,0,Hebei,114.823624826622,37.6981151943885,2500,0,0,0
2182,176.090077185633,176.090077185633,0,Hebei,115.397904465405,37.6531486798282,2500,0.0704360308742533,0.0704360308742533,0
2183,0.533815805318849,0.533815805318849,0,Hebei,115.971486590999,37.6056394816124,2500,0.000213526322127539,0.000213526322127539,0
2184,0,0,0,Shandong,116.544334255463,37.5555923559354,2500,0,0,0
2185,0,0,0,Shandong,117.116410801008,37.5030122905997,2500,0,0,0
2186,0,0,0,Shandong,117.687679873274,37.4479045011251,2500,0,0,0
2187,2.99470308434833,0,2.99470308434833,Shandong,118.258105434308,37.3902744267025,2500,0.00119788123373933,0,0.00119788123373933
2188,0,0,0,Shandong,118.827651775238,37.3301277259948,2500,0,0,0
2189,0,0,0,Shandong,119.963965680579,37.2023081515362,2500,0,0,0
2190,0,0,0,Shandong,120.530663582307,37.1346476526866,2500,0,0,0
2191,0,0,0,Shandong,121.096342961643,37.064495267995,2500,0,0,0
2192,1.20432523641137,1.20432523641137,0,Shandong,121.660969933984,36.9918576856316,2500,0.000481730094564548,0.000481730094564548,0
2193,15.4239457581128,0,15.4239457581116,Shandong,122.224511012966,36.9167417852099,2500,0.00616957830324512,0,0.00616957830324463
2194,0,0,0,Xinjiang,77.6846469080061,35.5720345300136,2500,0,0,0
2195,0,0,0,Xinjiang,78.2260837526986,35.6910862266012,2500,0,0,0
2196,0,0,0,Xinjiang,78.7691578873882,35.807801701487,2500,0,0,0
2197,0,0,0,Xinjiang,79.3138441044392,35.922171327201,2500,0,0,0
2198,0,0,0,Xinjiang,79.8601166581911,36.0341855673159,2500,0,0,0
2199,0,0,0,Xinjiang,80.4079492686257,36.1438349825366,2500,0,0,0
2200,0,0,0,Xinjiang,80.9573151254363,36.2511102367937,2500,0,0,0
2201,0,0,0,Xinjiang,81.5081868925001,36.3560021033326,2500,0,0,0
2202,0,0,0,Xinjiang,82.0605367127586,36.4585014707959,2500,0,0,0
2203,0,0,0,Xinjiang,82.6143362135058,36.558599349289,2500,0,0,0
2204,0,0,0,Xinjiang,83.1695565120877,36.6562868764265,2500,0,0,0
2205,0,0,0,Xinjiang,83.7261682220132,36.7515553233503,2500,0,0,0
2206,0,0,0,Xinjiang,84.2841414594756,36.8443961007135,2500,0,0,0
2207,0,0,0,Xinjiang,84.8434458502866,36.9348007646245,2500,0,0,0
2208,1.81250999996143,0,1.81250999996143,Xinjiang,85.4040505372214,37.0227610225438,2500,0.000725003999984571,0,0.000725003999984571
2209,332.129445575295,0,332.129445575295,Xinjiang,85.9659241877718,37.1082687391265,2500,0.132851778230118,0,0.132851778230118
2210,921.395822046276,0,921.395822046276,Xinjiang,86.5290350023085,37.191315942004,2500,0.36855832881851,0,0.36855832881851
2211,2099.73885762618,1301.28223994004,1950.59552271564,Xinjiang,87.0933507226471,37.2718948274984,2500,0.839895543050473,0.520512895976015,0.780238209086254
2212,2500,2500,1413.05266218624,Xinjiang,87.6588386410164,37.3499977662616,2500,1,1,0.565221064874498
2213,2500,2500,66.3613282421355,Xinjiang,88.2254656094251,37.4256173088333,2500,1,1,0.0265445312968542
2214,2500,2500,0,Xinjiang,88.7931980494212,37.4987461911095,2500,1,1,0
2215,2453.55066989343,2453.55066989343,0,Xinjiang,89.3620019622411,37.5693773397162,2500,0.981420267957371,0.981420267957371,0
2216,1651.38045169994,1651.38045169994,0,Xinjiang,89.9318429393411,37.6375038772798,2500,0.660552180679978,0.660552180679978,0
2217,359.357170106452,359.357170106452,0,Xinjiang,90.5026861733055,37.7031191275876,2500,0.143742868042581,0.143742868042581,0
2218,0,0,0,Qinghai,91.0744964691256,37.7662166206325,2500,0,0,0
2219,0,0,0,Qinghai,91.6472382558397,37.8267900975334,2500,0,0,0
2220,0,0,0,Qinghai,92.2208755985289,37.8848335153262,2500,0,0,0
2221,0,0,0,Qinghai,92.7953722106571,37.9403410516171,2500,0,0,0
2222,0,0,0,Qinghai,93.3706914667485,37.9933071090929,2500,0,0,0
2223,0,0,0,Qinghai,93.946796415391,38.0437263198813,2500,0,0,0
2224,0,0,0,Qinghai,94.5236497925555,38.0915935497551,2500,0,0,0
2225,0,0,0,Qinghai,95.101214035221,38.136903902174,2500,0,0,0
2226,0,0,0,Qinghai,95.6794512952919,38.1796527221582,2500,0,0,0
2227,0.191185140525264,0.191185140525264,0,Gansu,96.2583234537979,38.2198355999878,2500,7.64740562101054e-05,7.64740562101054e-05,0
2228,50.6248543159371,50.6248543159371,0,Qinghai,96.837792135362,38.2574483747231,2500,0.0202499417263748,0.0202499417263748,0
2229,0,0,0,Qinghai,97.4178187229245,38.2924871375399,2500,0,0,0
2230,0,0,0,Qinghai,97.9983643727089,38.3249482348742,2500,0,0,0
2231,0,0,0,Qinghai,98.5793900294166,38.3548282713735,2500,0,0,0
2232,0,0,0,Qinghai,99.1608564416342,38.3821241126478,2500,0,0,0
2233,974.716776218288,974.716776218288,0,Qinghai,99.7427241774412,38.4068328878172,2500,0.389886710487315,0.389886710487315,0
2234,1397.18748513145,1397.18748513145,0,Gansu,100.3249536402,38.4289519918522,2500,0.558874994052578,0.558874994052578,0
2235,390.56745848453,390.56745848453,0,Gansu,100.907505084516,38.4484790877031,2500,0.156226983393812,0.156226983393812,0
2236,241.814914815823,241.814914815823,0,Gansu,101.490338632347,38.4654121082139,2500,0.0967259659263293,0.0967259659263293,0
2237,0,0,0,Gansu,102.073414289252,38.4797492578198,2500,0,0,0
2238,842.304813536812,796.677364614871,161.02287809886,Gansu,102.656691960759,38.4914890140235,2500,0.336921925414725,0.318670945845948,0.064409151239544
2239,2398.34483253184,1352.23111403198,1886.52968234456,Gansu,103.240131468831,38.5006301286496,2500,0.959337933012736,0.540892445612792,0.754611872937823
2240,2500,0,2500,Inner Mongolia,103.823692568431,38.5071716288736,2500,1,0,1
2241,2500,0,2500,Inner Mongolia,104.407334964138,38.5111128180255,2500,1,0,1
2242,2500,0,2500,Inner Mongolia,104.991018326834,38.5124532761654,2500,1,0,1
2243,1275.49701823183,269.90236035132,1005.59465788051,Inner Mongolia,105.57470231041,38.5111928604306,2500,0.510198807292732,0.107960944140528,0.402237863152204
2244,428.367016952182,428.243153980505,22.6568964755962,Ningxia,106.1583465685,38.5073317051537,2500,0.171346806780873,0.171297261592202,0.00906275859023849
2245,1.68208852467715,1.36221669050938,1.68151763496918,Inner Mongolia,106.741910771213,38.5008702217512,2500,0.000672835409870858,0.000544886676203753,0.00067260705398767
2246,46.8086323648245,46.6578186226765,0.15081374214799,Inner Mongolia,107.325354621844,38.4918090983842,2500,0.0187234529459298,0.0186631274490706,6.03254968591959e-05
2247,0,0,0,Inner Mongolia,107.908637873554,38.4801492993891,2500,0,0,0
2248,0,0,0,Inner Mongolia,108.491720345999,38.4658920644815,2500,0,0,0
2249,0,0,0,Inner Mongolia,109.074561941888,38.4490389077338,2500,0,0,0
2250,0,0,0,Shaanxi,109.657122663458,38.4295916163281,2500,0,0,0
2251,0,0,0,Shaanxi,110.239362628841,38.407552249086,2500,0,0,0
2252,0,0,0,Shanxi,110.821242088319,38.3829231347787,2500,0,0,0
2253,256.08846615969,0,256.088466159689,Shanxi,111.402721440437,38.3557068702192,2500,0.102435386463876,0,0.102435386463876
2254,0,0,0,Shanxi,111.983761247969,38.3259063181392,2500,0,0,0
2255,0,0,0,Shanxi,112.564322253713,38.2935246048565,2500,0,0,0
2256,0,0,0,Shanxi,113.144365396105,38.258565117732,2500,0,0,0
2257,0,0,0,Hebei,113.723851824629,38.2210315024263,2500,0,0,0
2258,0,0,0,Hebei,114.302742915025,38.1809276599537,2500,0,0,0
2259,0,0,0,Hebei,114.881000284257,38.1382577435437,2500,0,0,0
2260,0,0,0,Hebei,115.458585805247,38.0930261553114,2500,0,0,0
2261,0,0,0,Hebei,116.035461621349,38.045237542743,2500,0,0,0
2262,0,0,0,Hebei,116.61159016056,37.9948967950015,2500,0,0,0
2263,0,0,0,Hebei,117.186934149444,37.9420090390585,2500,0,0,0
2264,63.5264007892381,55.5395920321871,7.98680875705093,Shandong,117.761456626768,37.8865796356579,2500,0.0254105603156952,0.0222158368128749,0.00319472350282037
2265,0,0,0,Shandong,118.335120956831,37.8286141751156,2500,0,0,0
2266,774.891487463401,774.891487463401,0,Shandong,118.907890842474,37.7681184729653,2500,0.30995659498536,0.30995659498536,0
2267,0,0,0,Shandong,120.620476203543,37.5715113548369,2500,0,0,0
2268,10.3816695071084,0,10.3816695071083,Shandong,121.189312547751,37.5009571852593,2500,0.00415266780284335,0,0.00415266780284333
2269,150.055201829833,150.055201829833,0,Shandong,121.757078472017,37.4279050674079,2500,0.0600220807319331,0.0600220807319331,0
2270,16.7999544520208,16.7999544520196,0,Shandong,122.323739964807,37.3523620687029,2500,0.00671998178080834,0.00671998178080785,0
2271,1316.61682015009,0,1316.61682015009,Xinjiang,76.9887188319802,35.8757404420454,2500,0.526646728060037,0,0.526646728060037
2272,0,0,0,Xinjiang,77.5312017477035,35.9977570087633,2500,0,0,0
2273,0,0,0,Xinjiang,78.0753733219593,36.1174385950159,2500.00000000003,0,0,0
2274,0,0,0,Xinjiang,78.6212086035537,36.2347752399941,2500,0,0,0
2275,0,0,0,Xinjiang,79.168682086222,36.3497570690013,2500,0,0,0
2276,0,0,0,Xinjiang,79.7177677118835,36.4623742997152,2500,0,0,0
2277,0,0,0,Xinjiang,80.2684388743083,36.5726172484613,2499.99999999997,0,0,0
2278,0,0,0,Xinjiang,80.8206684231979,36.6804763364915,2500,0,0,0
2279,0,0,0,Xinjiang,81.3744286686852,36.7859420962633,2500,0,0,0
2280,0,0,0,Xinjiang,81.9296913862542,36.8890051777118,2500.00000000002,0,0,0
2281,0,0,0,Xinjiang,82.4864278220842,36.9896563545094,2500,0,0,0
2282,0,0,0,Xinjiang,83.0446086988173,37.0878865303062,2500,0,0,0
2283,0,0,0,Xinjiang,83.6042042217534,37.1836867449439,2499.99999999998,0,0,0
2284,0,0,0,Xinjiang,84.1651840854707,37.2770481806373,2499.99999999998,0,0,0
2285,0,0,0,Xinjiang,84.7275174808728,37.3679621681162,2499.99999999997,0,0,0
2286,0,0,0,Xinjiang,85.291173102662,37.4564201927205,2500.00000000003,0,0,0
2287,0,0,0,Xinjiang,85.8561191572368,37.5424139004416,2500,0,0,0
2288,0,0,0,Xinjiang,86.4223233710122,37.6259351039027,2500,0,0,0
2289,3.62385844292736,3.62385844292736,0,Xinjiang,86.9897529991597,37.7069757882708,2499.99999999998,0.00144954337717095,0.00144954337717095,0
2290,445.82124956778,445.82124956778,0,Xinjiang,87.5583748347652,37.7855281170938,2499.99999999997,0.178328499827114,0.178328499827114,0
2291,1137.36294127534,1137.36294127534,0,Xinjiang,88.1281552183989,37.8615844380536,2500.00000000002,0.454945176510131,0.454945176510131,0
2292,1101.06882210802,1101.06882210802,0,Xinjiang,88.6990600480949,37.9351372886307,2500,0.440427528843209,0.440427528843209,0
2293,164.810595749712,164.810595749712,0,Xinjiang,89.2710547897337,38.006179401669,2499.99999999998,0.0659242382998855,0.0659242382998855,0
2294,0,0,0,Xinjiang,89.8441044878231,38.0747037108376,2500,0,0,0
2295,0,0,0,Xinjiang,90.4181737766703,38.1407033559798,2500.00000000002,0,0,0
2296,0,0,0,Qinghai,90.9932268919382,38.2041716883414,2500.00000000002,0,0,0
2297,0,0,0,Qinghai,91.569227682579,38.2651022756745,2499.99999999998,0,0,0
2298,0,0,0,Qinghai,92.1461396231353,38.323488907205,2500.00000000002,0,0,0
2299,0,0,0,Qinghai,92.7239258264016,38.3793255984612,2499.99999999998,0,0,0
2300,0,0,0,Qinghai,93.3025490564347,38.4326065959532,2499.99999999998,0,0,0
2301,0,0,0,Qinghai,93.8819717419043,38.4833263816985,2500.00000000002,0,0,0
2302,0,0,0,Qinghai,94.4621559897719,38.5314796775859,2499.99999999998,0,0,0
2303,0,0,0,Gansu,95.0430635992877,38.577061449572,2499.99999999998,0,0,0
2304,35.4760744689937,35.4760744689937,0,Gansu,95.6246560762921,38.6200669117038,2500.00000000002,0.0141904297875973,0.0141904297875973,0
2305,1329.39811043707,1329.39811043707,0,Gansu,96.2068946478109,38.6604915299606,2499.99999999998,0.531759244174832,0.531759244174832,0
2306,1775.94093644571,1775.94093644571,0,Gansu,96.7897402769295,38.6983310259111,2499.99999999998,0.710376374578291,0.710376374578291,0
2307,0,0,0,Qinghai,97.3731536779343,38.7335813801781,2500.00000000002,0,0,0
2308,666.088902521367,666.088902521367,0,Qinghai,97.957095331705,38.7662388357068,2499.99999999997,0.26643556100855,0.26643556100855,0
2309,187.659107609536,187.659107609536,0,Qinghai,98.5415255013458,38.7962999008307,2500,0.0750636430438142,0.0750636430438142,0
2310,605.357974151493,605.357974151493,0,Qinghai,99.1264042480386,38.8237613521319,2500.00000000002,0.242143189660595,0.242143189660595,0
2311,1208.24438956335,1208.24438956335,0,Gansu,99.7116914471031,38.8486202370887,2499.99999999998,0.483297755825346,0.483297755825346,0
2312,344.258300029052,303.722067021557,103.719417429739,Gansu,100.297346804249,38.8708738765084,2500,0.137703320011621,0.121488826808623,0.0414877669718958
2313,130.247156318613,130.247156318614,0,Gansu,100.883329872002,38.8905198667414,2500,0.0520988625274454,0.0520988625274457,0
2314,0,0,0,Inner Mongolia,101.469600066292,38.907556081671,2499.99999999998,0,0,0
2315,0,0,0,Gansu,102.056116683179,38.9219806744785,2500.00000000002,0,0,0
2316,1436.8540017073,663.819541537769,840.389750566914,Gansu,102.642838915703,38.9337920791787,2500,0.574741600682919,0.265527816615107,0.336155900226766
2317,2243.0380026206,1804.62623939176,598.813779577002,Gansu,103.229725870851,38.9429890119237,2500,0.89721520104824,0.721850495756705,0.239525511830801
2318,2306.54543532373,1009.92828480715,2023.79362801073,Gansu,103.816736586598,38.9495704720741,2500.00000000002,0.922618174129484,0.403971313922858,0.809517451204283
2319,2499.99999999998,0,2499.99999999998,Inner Mongolia,104.403830049038,38.953535743034,2499.99999999998,1,0,1
2320,2500,0,2500,Inner Mongolia,104.990965209551,38.9548843928497,2500,1,0,1
2321,1258.80028959188,41.7531198902348,1217.04716970165,Inner Mongolia,105.578101002026,38.9536162745709,2500,0.503520115836752,0.0167012479560939,0.486818867880659
2322,1340.68206879712,1340.68206879712,0,Ningxia,106.165196360082,38.9497315263737,2500.00000000002,0.536272827518841,0.536272827518841,0
2323,37.3675540499164,37.3675540499164,0,Ningxia,106.752210234308,38.9432305714447,2500,0.0149470216199666,0.0149470216199666,0
2324,423.602875939358,423.602875939358,0,Inner Mongolia,107.33910160947,38.9341141176275,2500,0.169441150375743,0.169441150375743,0
2325,0,0,0,Inner Mongolia,107.925829521692,38.9223831568314,2500,0,0,0
2326,0,0,0,Inner Mongolia,108.512353075582,38.908038964203,2500,0,0,0
2327,0,0,0,Inner Mongolia,109.09863146128,38.8910830970629,2499.99999999998,0,0,0
2328,0,0,0,Shaanxi,109.684623971421,38.8715173936088,2500,0,0,0
2329,0,0,0,Shaanxi,110.270290017998,38.8493439713869,2500.00000000002,0,0,0
2330,0,0,0,Shaanxi,110.855589149082,38.8245652255343,2500,0,0,0
2331,0,0,0,Shanxi,111.440481065425,38.7971838267954,2500,0,0,0
2332,194.853540736299,194.853540736299,0,Shanxi,112.024925636883,38.7672027193152,2500,0.0779414162945195,0.0779414162945195,0
2333,0,0,0,Shanxi,112.608882918677,38.7346251182135,2500.00000000002,0,0,0
2334,0,0,0,Shanxi,113.19231316746,38.6994545069425,2500,0,0,0
2335,219.645226874306,219.645226874296,0,Hebei,113.775176857174,38.6616946344342,2500.00000000003,0.0878580907497214,0.0878580907497173,0
2336,0,0,0,Hebei,114.357434694692,38.6213495120406,2500,0,0,0
2337,0,0,0,Hebei,114.939047635216,38.5784234102712,2500,0,0,0
2338,0,0,0,Hebei,115.519976897425,38.5329208553343,2500.00000000002,0,0,0
2339,0,0,0,Hebei,116.100183978359,38.4848466254858,2500.00000000002,0,0,0
2340,0,0,0,Hebei,116.679630668025,38.4342057471934,2500.00000000002,0,0,0
2341,131.670959341071,0,131.670959341071,Hebei,117.258279063703,38.3810034911184,2500,0.0526683837364282,0,0.0526683837364282
2342,392.020408570716,386.402571238035,5.61783733268105,Hebei,117.836091583958,38.3252453679257,2500,0.156808163428286,0.154561028495214,0.00224713493307242
2343,2348.56891925738,0,2348.56891925738,Xinjiang,76.2873777478541,36.1755492862643,2500,0.93942756770295,0,0.93942756770295
2344,1614.54440036166,0,1614.54440036166,Xinjiang,76.8308524990952,36.3005507029088,2500,0.645817760144665,0,0.645817760144665
2345,0,0,0,Xinjiang,77.3760678358706,36.4232188318922,2500,0,0,0
2346,0,0,0,Xinjiang,77.9229990913583,36.5435433766047,2500,0,0,0
2347,0,0,0,Xinjiang,78.4716210266647,36.6615141212284,2500,0,0,0
2348,0,0,0,Xinjiang,79.0219078336417,36.7771209371668,2500,0,0,0
2349,0,0,0,Xinjiang,79.5738331381232,36.8903537894928,2500,0,0,0
2350,0,0,0,Xinjiang,80.1273700035862,37.0012027434136,2500,0,0,0
2351,0,0,0,Xinjiang,80.6824909352421,37.1096579707428,2500,0,0,0
2352,0,0,0,Xinjiang,81.2391678845591,37.2157097563759,2500,0,0,0
2353,0,0,0,Xinjiang,81.7973722542211,37.3193485047607,2500,0,0,0
2354,0,0,0,Xinjiang,82.3570749035239,37.4205647463584,2500,0,0,0
2355,0,0,0,Xinjiang,82.9182461542118,37.5193491440861,2500,0,0,0
2356,0,0,0,Xinjiang,83.480855796755,37.6156924997357,2500,0,0,0
2357,0,0,0,Xinjiang,84.044873097069,37.7095857603604,2500,0,0,0
2358,0,0,0,Xinjiang,84.6102668036761,37.8010200246233,2500,0,0,0
2359,0,0,0,Xinjiang,85.1770051553081,37.8899865491,2500,0,0,0
2360,0,0,0,Xinjiang,85.7450558889492,37.976476754527,2500,0,0,0
2361,0,0,0,Xinjiang,86.3143862483179,38.0604822319898,2500,0,0,0
2362,0,0,0,Xinjiang,86.8849629927839,38.1419947490416,2500,0,0,0
2363,0,0,0,Xinjiang,87.4567524067186,38.221006255747,2500,0,0,0
2364,0,0,0,Xinjiang,88.0297203092739,38.2975088906401,2500,0,0,0
2365,0,0,0,Xinjiang,88.6038320645861,38.3714949865925,2499.99999999999,0,0,0
2366,0,0,0,Xinjiang,89.1790525923982,38.4429570765805,2500,0,0,0
2367,0,0,0,Xinjiang,89.7553463790963,38.511887899346,2500,0,0,0
2368,506.484152618275,506.484152618275,0,Xinjiang,90.3326774891523,38.5782804049422,2500,0.20259366104731,0.20259366104731,0
2369,1173.88726207783,1173.88726207783,0,Qinghai,90.9110095769666,38.6421277601565,2500,0.469554904831134,0.469554904831134,0
2370,989.490455922225,989.490455922225,0,Qinghai,91.4903058991016,38.703423353804,2500,0.39579618236889,0.39579618236889,0
2371,568.98936449677,568.98936449677,0,Qinghai,92.0705293268994,38.7621608018826,2500,0.227595745798708,0.227595745798708,0
2372,67.3930282384405,67.3930282384405,0,Qinghai,92.6516423594723,38.8183339525836,2500,0.0269572112953762,0.0269572112953762,0
2373,0,0,0,Qinghai,93.2336071370576,38.8719368911494,2500,0,0,0
2374,0,0,0,Gansu,93.8163854547257,38.9229639445719,2500,0,0,0
2375,0,0,0,Gansu,94.3999387764304,38.9714096861251,2500,0,0,0
2376,0,0,0,Gansu,94.9842282493888,39.0172689397233,2500,0,0,0
2377,1459.50455690973,1459.50455690973,0,Gansu,95.5692147187806,39.0605367840999,2500,0.583801822763892,0.583801822763892,0
2378,2500,2500,0,Gansu,96.1548587427505,39.1012085568001,2500,1,1,0
2379,2374.75233145542,2374.75233145542,0,Gansu,96.7411206077034,39.1392798579804,2500,0.949900932582168,0.949900932582168,0
2380,621.729326353658,621.729326353658,0,Gansu,97.327960343876,39.1747465540104,2500,0.248691730541463,0.248691730541463,0
2381,1095.26328739546,1095.26328739546,0,Gansu,97.9153377411713,39.2076047808701,2500,0.438105314958183,0.438105314958183,0
2382,1800.94513634966,1800.94513634966,0,Gansu,98.5032123652409,39.2378509473377,2500,0.720378054539863,0.720378054539863,0
2383,423.977449496043,423.977449496043,0,Gansu,99.0915435737982,39.2654817379628,2500,0.169590979798417,0.169590979798417,0
2384,53.4655484292965,53.4655484292965,53.4655484292965,Gansu,99.6802905331489,39.2904941158206,2500,0.0213862193717186,0.0213862193717186,0.0213862193717186
2385,85.2452085480586,76.7302672861226,85.2452085480586,Gansu,100.26941223492,39.312885325042,2500,0.0340980834192234,0.030692106914449,0.0340980834192234
2386,0,0,0,Inner Mongolia,100.85886751297,39.3326528931157,2500,0,0,0
2387,0,0,0,Inner Mongolia,101.448615060469,39.3497946329594,2500,0,0,0
2388,0,0,0,Inner Mongolia,102.038613447122,39.3643086447546,2500,0,0,0
2389,1379.34798459657,0,1379.34798459657,Inner Mongolia,102.628821136522,39.3761933175451,2500,0.551739193838629,0,0.551739193838629
2390,2499.86560734598,0,2499.86560734598,Inner Mongolia,103.219196503621,39.3854473305929,2500,0.999946242938393,0,0.999946242938393
2391,2413.22034980414,0,2413.22034980414,Gansu,103.809697852288,39.3920696544931,2500,0.965288139921655,0,0.965288139921655
2392,2500,0,2500,Inner Mongolia,104.400283432946,39.3960595520426,2500,1,0,1
2393,1799.36028705133,0,1799.36028705133,Inner Mongolia,104.990911460264,39.3974165788631,2500,0.719744114820532,0,0.719744114820532
2394,95.7587950112476,0,95.7587950112476,Inner Mongolia,105.581540130888,39.3961405837772,2500,0.038303518004499,0,0.038303518004499
2395,158.749673135886,158.749673135886,0,Inner Mongolia,106.172127641193,39.3922317089356,2500,0.0634998692543545,0.0634998692543545,0
2396,287.94336948509,287.94336948509,0,Inner Mongolia,106.762632205027,39.3856903896976,2500,0.115177347794036,0.115177347794036,0
2397,1187.58041990527,1187.58041990527,0,Inner Mongolia,107.35301207145,39.3765173542624,2500,0.475032167962108,0.475032167962108,0
2398,14.1654294783222,14.1654294783222,0,Inner Mongolia,107.943225542422,39.3647136230542,2500,0.0056661717913289,0.0056661717913289,0
2399,0,0,0,Inner Mongolia,108.533230990444,39.3502805078601,2500,0,0,0
2400,0,0,0,Inner Mongolia,109.122986876122,39.333219610724,2500,0,0,0
2401,0,0,0,Inner Mongolia,109.712451765635,39.3135328225968,2500,0,0,0
2402,0,0,0,Shaanxi,110.301584348096,39.2912223217466,2500,0,0,0
2403,0,0,0,Shaanxi,110.890343452778,39.26629057193,2500,0,0,0
2404,0,0,0,Shanxi,111.478688066199,39.2387403203289,2500,0,0,0
2405,0,0,0,Shanxi,112.066577349039,39.208574595255,2500,0,0,0
2406,0,0,0,Shanxi,112.653970652874,39.1757967036269,2500,0,0,0
2407,0,0,0,Shanxi,113.240827536711,39.1404102282225,2500,0,0,0
2408,0,0,0,Shanxi,113.827107783309,39.102419024713,2500,0,0,0
2409,0,0,0,Hebei,114.412771415273,39.0618272184809,2500,0,0,0
2410,0,0,0,Hebei,114.99777871089,39.0186392012296,2500,0,0,0
2411,0,0,0,Hebei,115.582090219712,38.9728596273874,2500,0,0,0
2412,0,0,0,Hebei,116.165666777859,38.9244934103146,2500,0,0,0
2413,0,0,0,Tianjin,116.748469523034,38.8735457183161,2500,0,0,0
2414,0,0,0,Tianjin,117.330459909225,38.8200219704685,2500,0,0,0
2415,1999.84852896009,0,1999.84852896009,Xinjiang,76.1250417536712,36.5994315336295,2500,0.799939411584035,0,0.799939411584035
2416,304.005881685179,0,304.005881685179,Xinjiang,76.671245484919,36.7251064902109,2500,0.121602352674072,0,0.121602352674072
2417,0,0,0,Xinjiang,77.2192179099689,36.8484396850684,2500,0,0,0
2418,0,0,0,Xinjiang,77.768934086051,36.969420558835,2500,0,0,0
2419,0,0,0,Xinjiang,78.3203684837569,37.0880386338057,2500,0,0,0
2420,0,0,0,Xinjiang,78.8734949898191,37.2042835205576,2500,0,0,0
2421,0,0,0,Xinjiang,79.4282869103248,37.3181449245928,2500,0,0,0
2422,0,0,0,Xinjiang,79.9847169743686,37.4296126530019,2500,0,0,0
2423,0,0,0,Xinjiang,80.5427573381488,37.5386766211365,2500,0,0,0
2424,0,0,0,Xinjiang,81.1023795895112,37.6453268592894,2500,0,0,0
2425,0,0,0,Xinjiang,81.6635547529429,37.7495535193721,2500,0,0,0
2426,0,0,0,Xinjiang,82.2262532950205,37.8513468815843,2500,0,0,0
2427,0,0,0,Xinjiang,82.7904451303129,37.9506973610685,2500,0,0,0
2428,0,0,0,Xinjiang,83.3560996277411,38.047595514541,2500,0,0,0
2429,0,0,0,Xinjiang,83.9231856173969,38.1420320468938,2500,0,0,0
2430,0,0,0,Xinjiang,84.4916713978178,38.2339978177584,2500,0,0,0
2431,0,0,0,Xinjiang,85.0615247437218,38.3234838480242,2500,0,0,0
2432,0,0,0,Xinjiang,85.6327129141973,38.4104813263043,2500,0,0,0
2433,0,0,0,Xinjiang,86.205202661348,38.49498161534,2500,0,0,0
2434,0,0,0,Xinjiang,86.778960239391,38.5769762583366,2500,0,0,0
2435,0,0,0,Xinjiang,87.3539514142036,38.6564569852215,2500,0,0,0
2436,0,0,0,Xinjiang,87.930141473315,38.7334157188187,2500,0,0,0
2437,0,0,0,Xinjiang,88.5074952363398,38.8078445809284,2500,0,0,0
2438,0,0,0,Xinjiang,89.0859770658465,38.8797358983069,2500,0,0,0
2439,98.6038705947268,98.6038705947268,0,Xinjiang,89.6655508786553,38.9490822085354,2500,0.0394415482378907,0.0394415482378907,0
2440,1534.00846823906,1534.00846823906,0,Xinjiang,90.2461801575592,39.0158762657726,2500,0.613603387295625,0.613603387295625,0
2441,2500,2500,0,Xinjiang,90.8278279634604,39.0801110463814,2500,1,1,0
2442,2500,2500,0,Xinjiang,91.4104569479131,39.141779754421,2500,1,1,0
2443,2500,2500,0,Xinjiang,91.9940293660661,39.2008758269989,2500,1,1,0
2444,2351.58203738842,2351.58203738842,0,Gansu,92.5785070899933,39.2573929394726,2500,0.940632814955368,0.940632814955368,0
2445,1326.33803444211,1326.33803444211,0,Gansu,93.1638516224024,39.3113250104943,2500,0.530535213776843,0.530535213776843,0
2446,0,0,0,Gansu,93.7500241107125,39.3626662068916,2500,0,0,0
2447,0,0,0,Gansu,94.3369853614869,39.4114109483759,2500,0,0,0
2448,0,0,0,Gansu,94.9246958552094,39.4575539120708,2500,0,0,0
2449,47.7052351006143,47.7052351006143,0,Gansu,95.5131157613932,39.5010900368564,2500,0.0190820940402457,0.0190820940402457,0
2450,1754.68083461507,1754.68083461507,0,Gansu,96.1022049540051,39.5420145275183,2500,0.70187233384603,0.70187233384603,0
2451,1990.75507482716,1990.75507482716,0,Gansu,96.691923027195,39.5803228586987,2500,0.796302029930864,0.796302029930864,0
2452,25.9476384872353,25.9476384872353,0,Gansu,97.2822293113132,39.6160107786414,2500,0.0103790553948941,0.0103790553948941,0
2453,281.783604885394,281.783604885394,0,Gansu,97.8730828892012,39.6490743127246,2500,0.112713441954158,0.112713441954158,0
2454,223.978500608923,223.978500608923,0,Gansu,98.4644426127412,39.6795097667774,2500,0.0895914002435693,0.0895914002435693,0
2455,16.2182006906503,16.2182006906503,16.2182006906503,Gansu,99.0562671196462,39.7073137301718,2500,0.0064872802762601,0.0064872802762601,0.0064872802762601
2456,250.834719223929,250.834719223929,250.834719223929,Gansu,99.6485148504755,39.7324830786889,2500,0.100333887689572,0.100333887689572,0.100333887689572
2457,0,0,0,Inner Mongolia,100.241144065858,39.755014977151,2500,0,0,0
2458,0,0,0,Inner Mongolia,100.834112863907,39.7749068818174,2500,0,0,0
2459,0,0,0,Inner Mongolia,101.427379197804,39.7921565425392,2500,0,0,0
2460,0,0,0,Inner Mongolia,102.02090089354,39.8067620046702,2500,0,0,0
2461,23.6077944206489,0,23.6077944206489,Inner Mongolia,102.614635667792,39.8187216107295,2500,0.00944311776825958,0,0.00944311776825958
2462,532.421556432744,0,532.421556432744,Inner Mongolia,103.208541145914,39.8280340018137,2500,0.212968622573097,0,0.212968622573097
2463,629.538439734266,0,629.538439734266,Inner Mongolia,103.802574880027,39.8346981187569,2500,0.251815375893706,0,0.251815375893706
2464,323.280542805781,0,323.280542805781,Inner Mongolia,104.396694367189,39.838713203035,2500,0.129312217122312,0,0.129312217122312
2465,0.375722598059808,0,0.375722598059808,Inner Mongolia,104.990857067624,39.8400787974149,2500,0.000150289039223923,0,0.000150289039223923
2466,0,0,0,Inner Mongolia,105.585020422984,39.8387947463452,2500,0,0,0
2467,112.639024032553,0,112.639024032553,Inner Mongolia,106.179141874642,39.8348611960895,2500,0.0450556096130213,0,0.0450556096130213
2468,495.949963270642,495.949963270642,0,Inner Mongolia,106.773178881977,39.828278594601,2500,0.198379985308257,0.198379985308257,0
2469,2028.5443459785,2028.5443459785,0,Inner Mongolia,107.367088940639,39.8190476911397,2500,0.811417738391401,0.811417738391401,0
2470,87.9242557166349,87.9242557166349,0,Inner Mongolia,107.960829600787,39.8071695356314,2500,0.035169702286654,0.035169702286654,0
2471,0,0,0,Inner Mongolia,108.554358485248,39.7926454777708,2500,0,0,0
2472,0,0,0,Inner Mongolia,109.147633307622,39.7754771658698,2500,0,0,0
2473,0,0,0,Inner Mongolia,109.740611890266,39.7556665454529,2500,0,0,0
2474,0,0,0,Inner Mongolia,110.333252182184,39.7332158576018,2500,0,0,0
2475,12.6049632356062,0,12.6049632356062,Inner Mongolia,110.925512276765,39.7081276370525,2500,0.0050419852942425,0,0.0050419852942425
2476,0,0,0,Inner Mongolia,111.517350429375,39.6804047100483,2500,0,0,0
2477,0,0,0,Shanxi,112.108725074779,39.650050191951,2500,0,0,0
2478,0,0,0,Shanxi,112.699594844368,39.6170674846153,2500,0,0,0
2479,0,0,0,Shanxi,113.28991858318,39.5814602735313,2500,0,0,0
2480,0,0,0,Shanxi,113.879655366701,39.5432325247379,2500,0,0,0
2481,0,0,0,Shanxi,114.468764517421,39.5023884815141,2500,0,0,0
2482,0,0,0,Hebei,115.057205621129,39.4589326608521,2500,0,0,0
2483,7.27721251968306,0,7.27721251968306,Hebei,115.644938542946,39.4128698497192,2500,0.00291088500787322,0,0.00291088500787322
2484,0,0,0,Hebei,116.231923443056,39.3642051011131,2500,0,0,0
2485,0,0,0,Hebei,116.818120792148,39.3129437299181,2500,0,0,0
2486,343.529649364433,343.529649364435,0,Tianjin,117.403491386527,39.2590913085675,2500,0.137411859745773,0.137411859745774,0
2487,1435.10249093087,0,1435.10249093087,Xinjiang,75.413777556319,36.8943630755982,2500,0.574040996372346,0,0.574040996372346
2488,2317.52536410914,0,2317.52536410914,Xinjiang,75.9609126134077,37.0230649733258,2500,0.927010145643657,0,0.927010145643657
2489,53.9007991083452,0,53.9007991083452,Xinjiang,76.509869678764,37.1494274138665,2500,0.0215603196433381,0,0.0215603196433381
2490,0,0,0,Xinjiang,77.0606241352499,37.2734394923286,2500,0,0,0
2491,0,0,0,Xinjiang,77.613150761798,37.3950903795098,2500,0,0,0
2492,0,0,0,Xinjiang,78.1674237357063,37.5143693286804,2500,0,0,0
2493,0,0,0,Xinjiang,78.7234166353752,37.6312656824018,2500,0,0,0
2494,0,0,0,Xinjiang,79.2811024434932,37.7457688793721,2500,0,0,0
2495,0,0,0,Xinjiang,79.8404535506767,37.8578684612942,2500,0,0,0
2496,0,0,0,Xinjiang,80.4014417595678,37.967554079759,2500,0,0,0
2497,0,0,0,Xinjiang,80.964038289396,38.0748155031371,2500,0,0,0
2498,0,0,0,Xinjiang,81.5282137810048,38.179642623472,2500,0,0,0
2499,0,0,0,Xinjiang,82.0939383023484,38.2820254633677,2500,0,0,0
2500,0,0,0,Xinjiang,82.6611813544603,38.3819541828626,2500,0,0,0
2501,0,0,0,Xinjiang,83.2299118778949,38.4794190862841,2500,0,0,0
2502,0,0,0,Xinjiang,83.8000982596435,38.5744106290726,2500,0,0,0
2503,0,0,0,Xinjiang,84.3717083405255,38.6669194245716,2500,0,0,0
2504,0,0,0,Xinjiang,84.9447094230543,38.7569362507713,2500,0,0,0
2505,0,0,0,Xinjiang,85.5190682797764,38.8444520570013,2500,0,0,0
2506,0,0,0,Xinjiang,86.0947511620833,38.9294579705614,2500,0,0,0
2507,0,0,0,Xinjiang,86.6717238094918,39.0119453032839,2500,0,0,0
2508,0,0,0,Xinjiang,87.2499514593919,39.0919055580178,2500,0,0,0
2509,0,0,0,Xinjiang,87.8293988572564,39.1693304350273,2500,0,0,0
2510,0,0,0,Xinjiang,88.4100302673087,39.2442118382953,2500,0,0,0
2511,661.6521473176,661.6521473176,0,Xinjiang,88.9918094836433,39.3165418817245,2500,0.26466085892704,0.26466085892704,0
2512,1543.67205507708,1543.67205507708,0,Xinjiang,89.5746998417927,39.3863128952251,2500,0.617468822030834,0.617468822030834,0
2513,1234.15778852981,1234.15778852981,0,Xinjiang,90.1586642307334,39.4535174306841,2500,0.493663115411922,0.493663115411922,0
2514,879.093470331118,879.093470331118,0,Xinjiang,90.7436651053241,39.5181482678046,2500,0.351637388132447,0.351637388132447,0
2515,560.708951396845,560.708951396845,0,Xinjiang,91.3296644991678,39.5801984198085,2500,0.224283580558738,0.224283580558738,0
2516,1050.78261842363,1050.78261842363,0,Xinjiang,91.9166240378875,39.6396611389931,2500,0.420313047369453,0.420313047369453,0
2517,2500,2500,0,Xinjiang,92.5045049528075,39.6965299221345,2500,1,1,0
2518,2100.10556278232,2100.10556278232,0,Gansu,93.0932680950273,39.7507985157285,2500,0.840042225112929,0.840042225112929,0
2519,1015.15167129635,1015.15167129635,0,Gansu,93.6828739498795,39.8024609210624,2500,0.406060668518539,0.406060668518539,0
2520,673.8771113674,673.8771113674,0,Gansu,94.2732826517577,39.8515113991083,2500,0.26955084454696,0.26955084454696,0
2521,0,0,0,Gansu,94.8644539993028,39.8979444752311,2500,0,0,0
2522,0,0,0,Gansu,95.4563474709334,39.9417549437052,2500,0,0,0
2523,104.155472490534,104.155472490534,0,Gansu,96.0489222407075,39.9829378720297,2500,0.0416621889962135,0.0416621889962135,0
2524,3.17855788345983,3.17855788345983,0,Gansu,96.6421371944999,40.0214886050374,2500,0.00127142315338393,0.00127142315338393,0
2525,0,0,0,Gansu,97.2359509464805,40.0574027687914,2500,0,0,0
2526,0,0,0,Gansu,97.8303218558781,40.0906762742604,2500,0,0,0
2527,0,0,0,Gansu,98.425208044012,40.1213053207695,2500,0,0,0
2528,0,0,0,Gansu,99.0205674115761,40.1492863992192,2500,0,0,0
2529,0,0,0,Gansu,99.6163576561577,40.1746162950677,2500,0,0,0
2530,0,0,0,Inner Mongolia,100.212536289972,40.1972920910711,2500,0,0,0
2531,0,0,0,Inner Mongolia,100.809060657795,40.217311169778,2500,0,0,0
2532,0,0,0,Inner Mongolia,101.405887955078,40.234671215773,2500,0,0,0
2533,0,0,0,Inner Mongolia,102.00297524622,40.2493702176657,2500,0,0,0
2534,0,0,0,Inner Mongolia,102.600279482985,40.2614064698228,2500,0,0,0
2535,0,0,0,Inner Mongolia,103.197757523036,40.2707785738385,2500,0,0,0
2536,0,0,0,Inner Mongolia,103.795366148575,40.2774854397425,2500,0,0,0
2537,0,0,0,Inner Mongolia,104.393062085066,40.2815262869423,2500,0,0,0
2538,88.0740029667648,0,88.0740029667648,Inner Mongolia,104.990802020012,40.2829006448984,2500,0.0352296011867059,0,0.0352296011867059
2539,1121.97846247475,0,1121.97846247475,Inner Mongolia,105.588542621784,40.2816083535321,2500,0.448791384989901,0,0.448791384989901
2540,1146.11891051295,0,1146.11891051295,Inner Mongolia,106.186240558463,40.2776495633641,2500,0.458447564205179,0,0.458447564205179
2541,189.678575142078,189.678575142078,0,Inner Mongolia,106.783852516683,40.2710247353838,2500,0.0758714300568311,0.0758714300568311,0
2542,20.3342000361911,20.3342000361911,0,Inner Mongolia,107.381335220459,40.2617346406504,2500,0.00813368001447643,0.00813368001447643,0
2543,0,0,0,Inner Mongolia,107.978645449968,40.2497803596258,2500,0,0,0
2544,0,0,0,Inner Mongolia,108.575740060272,40.23516328124,2500,0,0,0
2545,0,0,0,Inner Mongolia,109.172575999961,40.217885101692,2500,0,0,0
2546,0,0,0,Inner Mongolia,109.769110329692,40.1979478229868,2500,0,0,0
2547,0,0,0,Inner Mongolia,110.365300240611,40.1753537512116,2500,0,0,0
2548,7.37174618446249,0,7.37174618446249,Inner Mongolia,110.961103072627,40.1501054945548,2500,0.002948698473785,0,0.002948698473785
2549,0,0,0,Inner Mongolia,111.556476332534,40.1222059610698,2500,0,0,0
2550,0,0,0,Inner Mongolia,112.151377711949,40.0916583561887,2500,0,0,0
2551,0,0,0,Shanxi,112.745765105052,40.058466179989,2500,0,0,0
2552,0,0,0,Shanxi,113.339596626114,40.022633224219,2500,0,0,0
2553,10.1377830308505,0,10.1377830308507,Shanxi,113.932830626786,39.984163569086,2500,0.00405511321234021,0,0.00405511321234028
2554,3.00451513185363,3.00451513185363,0,Hebei,114.525425713141,39.9430615798127,2500,0.00120180605274145,0.00120180605274145,0
2555,270.085135505598,270.085135505595,0,Hebei,115.117340762445,39.8993319029681,2500,0.108034054202239,0.108034054202238,0
2556,240.095260044377,236.136855710872,3.9584043335044,Beijing,115.708534939644,39.8529794625781,2500,0.0960381040177506,0.0944547422843489,0.00158336173340176
2557,0,0,0,Beijing,116.298967713552,39.8040094560234,2500,0,0,0
2558,0,0,0,Beijing,116.88859887272,39.7524273497292,2500,0,0,0
2559,0,0,0,Tianjin,117.477388540981,39.6982388746561,2500,0,0,0
2560,0,0,0,Hebei,118.065297192646,39.6414500215968,2500,0,0,0
2561,0,0,0,Hebei,118.652285667338,39.5820670362891,2500,0,0,0
2562,0,0,0,Hebei,119.238315184469,39.5200964143488,2500,0,0,0
2563,1121.28214109271,0,1121.28214109271,Xinjiang,74.6970703157731,37.1853082741919,2500,0.448512856437083,0,0.448512856437083
2564,1261.45392208345,0,1261.45392208345,Xinjiang,75.2450779217984,37.3170570297269,2500,0.504581568833379,0,0.504581568833379
2565,946.899607086047,0,946.899607086047,Xinjiang,75.7949613639,37.4464691310225,2500,0.378759842834418,0,0.378759842834418
2566,30.6487452680366,0,30.6487452680366,Xinjiang,76.3466963808126,37.5735333261701,2500,0.0122594981072146,0,0.0122594981072146
2567,0,0,0,Xinjiang,76.9002580901839,37.6982384325556,2500,0,0,0
2568,0,0,0,Xinjiang,77.4556209903561,37.8205733437985,2500,0,0,0
2569,0,0,0,Xinjiang,78.0127589625973,37.9405270367377,2500,0,0,0
2570,0,0,0,Xinjiang,78.5716452737908,38.0580885784546,2500,0,0,0
2571,0,0,0,Xinjiang,79.1322525795877,38.1732471333297,2500,0,0,0
2572,0,0,0,Xinjiang,79.6945529280285,38.285991970124,2500,0,0,0
2573,0,0,0,Xinjiang,80.2585177636392,38.3963124690801,2500,0,0,0
2574,0,0,0,Xinjiang,80.8241179320057,38.5041981290352,2500,0,0,0
2575,0,0,0,Xinjiang,81.3913236848318,38.6096385745378,2500,0,0,0
2576,0,0,0,Xinjiang,81.9601046854815,38.7126235629631,2500,0,0,0
2577,0,0,0,Xinjiang,82.5304300150115,38.8131429916162,2500,0,0,0
2578,0,0,0,Xinjiang,83.102268178693,38.9111869048177,2500,0,0,0
2579,0,0,0,Xinjiang,83.6755871130259,39.0067455009626,2500,0,0,0
2580,0,0,0,Xinjiang,84.2503541932456,39.0998091395438,2500,0,0,0
2581,0,0,0,Xinjiang,84.826536241321,39.1903683481333,2500,0,0,0
2582,0,0,0,Xinjiang,85.4040995344455,39.2784138293102,2500,0,0,0
2583,0,0,0,Xinjiang,85.9830098140163,39.3639364675295,2500,0,0,0
2584,0,0,0,Xinjiang,86.5632322951021,39.4469273359207,2500,0,0,0
2585,0,0,0,Xinjiang,87.1447316763951,39.5273777030086,2500,0,0,0
2586,0,0,0,Xinjiang,87.7274721506427,39.6052790393469,2500,0,0,0
2587,0,0,0,Xinjiang,88.3114174155559,39.6806230240559,2500.00000000001,0,0,0
2588,0,0,0,Xinjiang,88.8965306851874,39.7534015512549,2500,0,0,0
2589,0,0,0,Xinjiang,89.4827747017742,39.8236067363808,2500,0,0,0
2590,0,0,0,Xinjiang,90.0701117480366,39.8912309223833,2500,0,0,0
2591,0,0,0,Xinjiang,90.6585036599269,39.9562666857883,2500,0,0,0
2592,0,0,0,Xinjiang,91.2479118398189,40.0187068426204,2500,0,0,0
2593,522.435186967041,522.435186967041,0,Xinjiang,91.8382972701275,40.0785444541759,2500,0.208974074786816,0.208974074786816,0
2594,2500,2500,0,Xinjiang,92.4296205273505,40.1357728326366,2500,1,1,0
2595,2470.8695764229,2470.8695764229,0,Gansu,93.02184179652,40.190385546518,2500,0.988347830569162,0.988347830569162,0
2596,2094.1002086985,2094.1002086985,0,Gansu,93.6149208860519,40.2423764259407,2500,0.8376400834794,0.8376400834794,0
2597,18.8702708013841,18.8702708013841,0,Gansu,94.2088172429822,40.2917395677191,2500,0.00754810832055364,0.00754810832055364,0
2598,0,0,0,Gansu,94.8034899685752,40.3384693402581,2500,0,0,0
2599,0,0,0,Gansu,95.3988978342913,40.3825603882509,2500,0,0,0
2600,202.377307610718,202.377307610718,0,Gansu,95.9949992980996,40.4240076371683,2500,0.0809509230442874,0.0809509230442874,0
2601,0,0,0,Gansu,96.5917525211187,40.4628062975359,2500,0,0,0
2602,0,0,0,Gansu,97.1891153845724,40.4989518689878,2500,0,0,0
2603,6.66278520649497,0,6.66278520649513,Gansu,97.7870455070413,40.5324401440935,2500,0.00266511408259799,0,0.00266511408259805
2604,0,0,0,Gansu,98.3855002619952,40.56326721195,2500,0,0,0
2605,0,0,0,Gansu,98.9844367955879,40.5914294615338,2500,0,0,0
2606,0,0,0,Gansu,99.5838120446959,40.6169235848057,2500,0,0,0
2607,0,0,0,Gansu,100.183582755184,40.6397465795661,2500,0,0,0
2608,0,0,0,Inner Mongolia,100.783705500376,40.6598957520515,2500,0,0,0
2609,0,0,0,Inner Mongolia,101.384136699716,40.6773687192728,2500,0,0,0
2610,0,0,0,Inner Mongolia,101.984832637592,40.6921634110872,2500,0,0,0
2611,0,0,0,Inner Mongolia,102.585749482314,40.704278072002,2500,0,0,0
2612,0,0,0,Inner Mongolia,103.186843305212,40.7137112627074,2500,0,0,0
2613,0,0,0,Inner Mongolia,103.788070099846,40.7204618613348,2500,0,0,0
2614,676.283067248315,0,676.283067248315,Inner Mongolia,104.389385801296,40.7245290644388,2500,0.270513226899326,0,0.270513226899326
2615,2059.19614336126,0,2059.19614336126,Inner Mongolia,104.990746305525,40.7259123877006,2500,0.823678457344502,0,0.823678457344502
2616,1909.01767288926,0,1909.01767288926,Inner Mongolia,105.59210748877,40.7246116663535,2500,0.763607069155703,0,0.763607069155703
2617,1262.43239915127,783.074630915612,479.357768235663,Inner Mongolia,106.193425226972,40.7206270553261,2500,0.50497295966051,0.313229852366245,0.191743107294265
2618,464.358855426684,464.358855426684,0,Inner Mongolia,106.794655415196,40.7139590291078,2500,0.185743542170673,0.185743542170673,0
2619,0,0,0,Inner Mongolia,107.39575398703,40.7046083813317,2500,0,0,0
2620,0,0,0,Inner Mongolia,107.996676933945,40.6925762240801,2500,0,0,0
2621,0,0,0,Inner Mongolia,108.597380324592,40.6778639869108,2500,0,0,0
2622,0,0,0,Inner Mongolia,109.197820324009,40.6604734156071,2500,0,0,0
2623,327.503606414803,311.519953596978,15.9836528178258,Inner Mongolia,109.79795321273,40.6404065706539,2500,0.131001442565921,0.124607981438791,0.00639346112713031
2624,682.110340033849,682.110340033849,0,Inner Mongolia,110.39773540576,40.617665825442,2500,0.272844136013539,0.272844136013539,0
2625,733.011751790717,733.011751790717,0,Inner Mongolia,110.997123471408,40.5922538642038,2500,0.293204700716287,0.293204700716287,0
2626,86.5761156264666,86.5761156264666,0,Inner Mongolia,111.596074149953,40.5641736796845,2500,0.0346304462505866,0.0346304462505866,0
2627,0,0,0,Inner Mongolia,112.194544372119,40.5334285705519,2500,0,0,0
2628,0,0,0,Inner Mongolia,112.792491277348,40.5000221385503,2500,0,0,0
2629,0,0,0,Inner Mongolia,113.389872231849,40.4639582854023,2500,0,0,0
2630,0,0,0,Shanxi,113.986644846395,40.4252412094651,2500,0,0,0
2631,0,0,0,Hebei,114.582766993869,40.383875402145,2500,0,0,0
2632,0.554060614549264,0.554060614549264,0,Hebei,115.17819682652,40.3398656440787,2500,0.000221624245819706,0.000221624245819706,0
2633,17.9079318740317,17.9079318740317,0,Hebei,115.772892792933,40.2932170010851,2500,0.00716317274961268,0.00716317274961268,0
2634,0,0,0,Beijing,116.366813654675,40.2439348198959,2500,0,0,0
2635,1.8207307446632,1.6720827987241,0.524541545893574,Beijing,116.959918502621,40.1920247236722,2500,0.000728292297865282,0.000668833119489639,0.000209816618357429
2636,88.7727306766118,87.9342626390449,8.03804871714697,Tianjin,117.55216677293,40.1374926073136,2500,0.0355090922706447,0.0351737050556179,0.00321521948685879
2637,0,0,0,Hebei,118.143518262668,40.0803446325663,2500,0,0,0
2638,2.0909913858678,2.09093042825314,2.09098779818764,Hebei,118.733933145052,40.0205872229419,2500,0.000836396554347122,0.000836372171301257,0.000836395119275057
2639,12.0275635545517,12.0267179167023,12.0270810378666,Hebei,119.323371984315,39.9582270584501,2500,0.00481102542182066,0.00481068716668093,0.00481083241514665
2640,448.393956898986,448.393956898986,0,Liaoning,121.670592678745,39.6829011200618,2500,0.179357582759595,0.179357582759595,0
2641,0,0,0,Liaoning,122.254574440632,39.6076359687388,2500,0,0,0
2642,0,0,0,Xinjiang,75.0745023474519,37.7395267445017,2500,0,0,0
2643,0,0,0,Xinjiang,75.6271584360546,37.8696637783636,2500,0,0,0
2644,0,0,0,Xinjiang,76.1816962871723,37.9974443383646,2500,0,0,0
2645,0,0,0,Xinjiang,76.7380907514587,38.122856956627,2500,0,0,0
2646,0,0,0,Xinjiang,77.2963160444348,38.2458902419746,2500,0,0,0
2647,0,0,0,Xinjiang,77.8563457486508,38.3665328871258,2500,0,0,0
2648,0,0,0,Xinjiang,78.4181528163214,38.4847736759312,2500,0,0,0
2649,0,0,0,Xinjiang,78.9817095724392,38.6006014906479,2500,0,0,0
2650,0,0,0,Xinjiang,79.5469877183738,38.7140053192434,2500,0,0,0
2651,0,0,0,Xinjiang,80.1139583359606,38.8249742627232,2500,0,0,0
2652,0,0,0,Xinjiang,80.6825918920858,38.9334975424734,2500,0,0,0
2653,0,0,0,Xinjiang,81.2528582437703,39.0395645076115,2500,0,0,0
2654,0,0,0,Xinjiang,81.8247266437566,39.143164642338,2500,0,0,0
2655,0,0,0,Xinjiang,82.3981657466022,39.244287573279,2500,0,0,0
2656,0,0,0,Xinjiang,82.9731436152816,39.3429230768138,2500,0,0,0
2657,0,0,0,Xinjiang,83.5496277282969,39.4390610863772,2500,0,0,0
2658,0,0,0,Xinjiang,84.1275849873002,39.5326916997287,2500,0,0,0
2659,0,0,0,Xinjiang,84.7069817252259,39.62380518618,2500,0,0,0
2660,0,0,0,Xinjiang,85.2877837149334,39.712391993771,2500,0,0,0
2661,0,0,0,Xinjiang,85.8699561783581,39.7984427563861,2500,0,0,0
2662,0,0,0,Xinjiang,86.4534637961681,39.8819483008009,2500,0,0,0
2663,0,0,0,Xinjiang,87.0382707179245,39.9628996536503,2500,0,0,0
2664,0,0,0,Xinjiang,87.6243405727408,40.0412880483089,2500,0,0,0
2665,0,0,0,Xinjiang,88.211636480436,40.1171049316735,2500.00000000001,0,0,0
2666,0,0,0,Xinjiang,88.8001210631777,40.190341970839,2500,0,0,0
2667,0,0,0,Xinjiang,89.3897564576065,40.2609910596575,2500,0,0,0
2668,0,0,0,Xinjiang,89.9805043274366,40.3290443251721,2500,0,0,0
2669,0,0,0,Xinjiang,90.5723258765234,40.394494133915,2500,0,0,0
2670,0,0,0,Xinjiang,91.1651818623892,40.4573330980609,2500,0,0,0
2671,178.84230664151,178.84230664151,0,Xinjiang,91.7590326101976,40.5175540814265,2500,0.071536922656604,0.071536922656604,0
2672,2500,2500,0,Xinjiang,92.353838027167,40.5751502053072,2500,1,1,0
2673,2148.53713412167,2148.53713412167,0,Xinjiang,92.9495576174098,40.6301148541407,2500,0.859414853648667,0.859414853648667,0
2674,1398.04870964111,1398.04870964111,0,Xinjiang,93.5461504971875,40.6824416809908,2500,0.559219483856445,0.559219483856445,0
2675,0,0,0,Gansu,94.1435754105671,40.7321246128401,2500,0,0,0
2676,0,0,0,Gansu,94.7417907454665,40.7791578556852,2500,0,0,0
2677,1354.56524545365,1354.56524545365,0,Gansu,95.3407545500734,40.8235358994254,2500,0.541826098181462,0.541826098181462,0
2678,1725.77630132426,1725.77630132426,0,Gansu,95.9404245496234,40.8652535225361,2500,0.690310520529706,0.690310520529706,0
2679,1.05730641828698,1.05730641828698,0,Gansu,96.5407581635214,40.904305796521,2500,0.000422922567314792,0.000422922567314792,0
2680,0,0,0,Gansu,97.1417125227899,40.9406880901332,2500,0,0,0
2681,0,0,0,Gansu,97.7432444878266,40.9743960733612,2500,0,0,0
2682,0,0,0,Inner Mongolia,98.345310666454,41.0054257211693,2500,0,0,0
2683,0,0,0,Inner Mongolia,98.9478674322432,41.0337733169901,2500,0,0,0
2684,0,0,0,Inner Mongolia,99.5508709430924,41.059435455959,2500,0,0,0
2685,0,0,0,Inner Mongolia,100.15427716004,41.082409047889,2500,0,0,0
2686,0,0,0,Inner Mongolia,100.758041866297,41.1026913199774,2500,0,0,0
2687,0,0,0,Inner Mongolia,101.362120686467,41.1202798192414,2500,0,0,0
2688,0,0,0,Inner Mongolia,101.966469105951,41.1351724146785,2500,0,0,0
2689,0,0,0,Inner Mongolia,102.571042490501,41.1473672991466,2500,0,0,0
2690,0,0,0,Inner Mongolia,103.175796105904,41.1568629909613,2500,0,0,0
2691,0,0,0,Inner Mongolia,103.780685137777,41.1636583352081,2500,0,0,0
2692,0,0,0,Inner Mongolia,104.385664711463,41.1677525047658,2500,0,0,0
2693,0,0,0,Inner Mongolia,104.990689911971,41.1691450010402,2500,0,0,0
2694,0,0,0,Inner Mongolia,105.595715803986,41.1678356544073,2500,0,0,0
2695,6.12753001839848,6.12753001839848,0,Inner Mongolia,106.200697451882,41.1638246243631,2500,0.00245101200735939,0.00245101200735939,0
2696,0,0,0,Inner Mongolia,106.805589939748,41.1571123993825,2500,0,0,0
2697,0,0,0,Inner Mongolia,107.410348391384,41.1476997964858,2500,0,0,0
2698,0,0,0,Inner Mongolia,108.014927990258,41.1355879605131,2500,0,0,0
2699,0,0,0,Inner Mongolia,108.619283999393,41.1207783631106,2500,0,0,0
2700,211.062779955452,0,211.062779955453,Inner Mongolia,109.22337178117,41.1032728014264,2500,0.084425111982181,0,0.0844251119821811
2701,0,0,0,Inner Mongolia,109.827146817014,41.083073396523,2500,0,0,0
2702,70.9956632368521,70.9956632368521,0,Inner Mongolia,110.430564726957,41.0601825915045,2500,0.0283982652947408,0.0283982652947408,0
2703,603.382988432054,603.382988432054,0,Inner Mongolia,111.03358128904,41.0346031493661,2500,0.241353195372821,0.241353195372821,0
2704,1072.60865170043,1072.60865170043,0,Inner Mongolia,111.636152458543,41.0063381505663,2500,0.429043460680171,0.429043460680171,0
2705,584.231896286858,584.231896286858,0,Inner Mongolia,112.238234387025,40.975390990328,2500,0.233692758514743,0.233692758514743,0
2706,0,0,0,Inner Mongolia,112.839783441141,40.941765375673,2500,0,0,0
2707,12.7640306723641,0,12.7640306723641,Inner Mongolia,113.44075622123,40.9054653221943,2500,0.00510561226894563,0,0.00510561226894563
2708,0,0,0,Inner Mongolia,114.041109579646,40.8664951505726,2500,0,0,0
2709,0,0,0,Hebei,114.640800638815,40.8248594828418,2500,0,0,0
2710,0,0,0,Hebei,115.239786809007,40.7805632384123,2500,0,0,0
2711,155.412745996723,155.412745996723,0,Hebei,115.838025805788,40.7336116298558,2500,0.062165098398689,0.062165098398689,0
2712,0,0,0,Beijing,116.435475667153,40.6840101584605,2500,0,0,0
2713,4.38312413804512,4.38312413804512,0,Beijing,117.03209477032,40.6317646095643,2500,0.00175324965521805,0.00175324965521805,0
2714,137.896205786044,137.896205786046,0,Hebei,117.627841848153,40.5768810476729,2500,0.0551584823144176,0.0551584823144185,0
2715,0,0,0,Hebei,118.222676005223,40.5193658113704,2500,0,0,0
2716,0,0,0,Hebei,118.816556733477,40.4592255080327,2500,0,0,0
2717,0,0,0,Hebei,119.409443927505,40.39646700835,2500,0,0,0
2718,0,0,0,Liaoning,120.00129789939,40.3310974406675,2500,0,0,0
2719,0,0,0,Liaoning,122.357603215039,40.0436597437355,2500,0,0,0
2720,40.5923465118844,40.592346511884,0,Liaoning,122.943711354826,39.9653503620944,2500,0.0162369386047537,0.0162369386047536,0
2721,499.019193834011,499.019193834011,0,Liaoning,123.52855768902,39.8844777558176,2500,0.199607677533605,0.199607677533605,0
2722,401.665384335819,401.665384335819,0,Liaoning,124.112105830894,39.8010506850602,2500,0.160666153734328,0.160666153734328,0
2723,0,0,0,Xinjiang,74.9020203917173,38.1617919014089,2500,0,0,0
2724,0,0,0,Xinjiang,75.4574736395434,38.2926689496153,2500,0,0,0
2725,0,0,0,Xinjiang,76.0148394744948,38.4211808378947,2500,0,0,0
2726,0,0,0,Xinjiang,76.5740924785356,38.5473158052855,2500,0,0,0
2727,0,0,0,Xinjiang,77.1352065822042,38.6710621679093,2500,0,0,0
2728,0,0,0,Xinjiang,77.6981550666994,38.7924083263821,2500,0,0,0
2729,0,0,0,Xinjiang,78.262910566454,38.9113427732724,2500,0,0,0
2730,0,0,0,Xinjiang,78.8294450722046,39.0278541006028,2500,0,0,0
2731,0,0,0,Xinjiang,79.3977299345613,39.1419310073848,2500,0,0,0
2732,0,0,0,Xinjiang,79.9677358680854,39.2535623071817,2500,0,0,0
2733,0,0,0,Xinjiang,80.5394329558797,39.3627369356911,2500,0,0,0
2734,0,0,0,Xinjiang,81.1127906546954,39.4694439583388,2500,0,0,0
2735,0,0,0,Xinjiang,81.6877778005607,39.5736725778766,2500,0,0,0
2736,0,0,0,Xinjiang,82.2643626149331,39.6754121419751,2500,0,0,0
2737,0,0,0,Xinjiang,82.8425127113786,39.7746521508032,2500,0,0,0
2738,0,0,0,Xinjiang,83.4221951027796,39.8713822645849,2500,0,0,0
2739,0,0,0,Xinjiang,84.0033762090724,39.9655923111252,2500,0,0,0
2740,0,0,0,Xinjiang,84.5860218655141,40.0572722932955,2500,0,0,0
2741,0,0,0,Xinjiang,85.170097331479,40.1464123964678,2500,0,0,0
2742,0,0,0,Xinjiang,85.7555672997828,40.2330029958913,2500,0,0,0
2743,0,0,0,Xinjiang,86.3423959065325,40.317034663998,2500,0,0,0
2744,0,0,0,Xinjiang,86.9305467414982,40.3984981776304,2500,0,0,0
2745,0,0,0,Xinjiang,87.5199828590046,40.4773845251798,2500,0,0,0
2746,0,0,0,Xinjiang,88.1106667893355,40.5536849136262,2499.99999999999,0,0,0
2747,0,0,0,Xinjiang,88.7025605506468,40.6273907754689,2500,0,0,0
2748,0,0,0,Xinjiang,89.2956256613815,40.6984937755391,2500,0,0,0
2749,0,0,0,Xinjiang,89.8898231531787,40.766985817683,2500,0,0,0
2750,0,0,0,Xinjiang,90.4851135842691,40.8328590513065,2500,0,0,0
2751,0,0,0,Xinjiang,91.0814570533473,40.8961058777718,2500,0,0,0
2752,0.0722428159567621,0.0722428159567621,0,Xinjiang,91.6788132139109,40.9567189566348,2500,2.88971263827048e-05,2.88971263827048e-05,0
2753,2335.1771834999,2335.1771834999,0,Xinjiang,92.2771412890569,41.0146912117151,2500,0.934070873399961,0.934070873399961,0
2754,2500,2500,0,Xinjiang,92.8764000867215,41.0700158369882,2500,1,1,0
2755,1440.41974183898,1440.41974183898,0,Xinjiang,93.4765480153524,41.12268630229,2500,0.576167896735591,0.576167896735591,0
2756,0,0,0,Gansu,94.0775431000006,41.1726963588264,2500,0,0,0
2757,0,0,0,Gansu,94.6793429988156,41.2200400444767,2500,0,0,0
2758,2016.30120894387,2016.30120894387,0,Gansu,95.2819050199315,41.2647116888829,2500,0.806520483577548,0.806520483577548,0
2759,540.596697842278,540.596697842278,0,Gansu,95.8851861387267,41.3067059183175,2500,0.216238679136911,0.216238679136911,0
2760,0,0,0,Gansu,96.4891430154413,41.3460176603197,2500,0,0,0
2761,0,0,0,Gansu,97.0937320131359,41.3826421480934,2500,0,0,0
2762,0,0,0,Inner Mongolia,97.6989092159721,41.4165749246596,2500,0,0,0
2763,0,0,0,Inner Mongolia,98.3046304477988,41.4478118467548,2500,0,0,0
2764,0,0,0,Inner Mongolia,98.9108512910228,41.4763490884702,2500,0,0,0
2765,0,0,0,Inner Mongolia,99.5175271057464,41.5021831446241,2500,0,0,0
2766,0,0,0,Inner Mongolia,100.12461304915,41.5253108338617,2500,0,0,0
2767,0,0,0,Inner Mongolia,100.732064095099,41.5457293014786,2500,0,0,0
2768,0,0,0,Inner Mongolia,101.339835053958,41.5634360219592,2500,0,0,0
2769,0,0,0,Inner Mongolia,101.947880592582,41.5784288012299,2500,0,0,0
2770,0,0,0,Inner Mongolia,102.556155254474,41.5907057786198,2500,0,0,0
2771,0,0,0,Inner Mongolia,103.164613480075,41.6002654285269,2500,0,0,0
2772,0,0,0,Inner Mongolia,103.773209627176,41.6071065617858,2500,0,0,0
2773,0,0,0,Inner Mongolia,104.381897991417,41.611228326736,2500,0,0,0
2774,0,0,0,Inner Mongolia,105.599368366607,41.61131203688,2500,0,0,0
2775,0,0,0,Inner Mongolia,106.208058843443,41.6072739716451,2500,0,0,0
2776,0,0,0,Inner Mongolia,106.816658510477,41.6005165172535,2500,0,0,0
2777,0,0,0,Inner Mongolia,107.425121661763,41.5910405149652,2500,0,0,0
2778,0,0,0,Inner Mongolia,108.033402652872,41.578847143573,2500,0,0,0
2779,0,0,0,Inner Mongolia,108.641455921398,41.5639379183439,2500,0,0,0
2780,0,0,0,Inner Mongolia,109.249236007368,41.5463146896602,2500,0,0,0
2781,0,0,0,Inner Mongolia,109.856697573539,41.5259796413627,2500,0,0,0
2782,0,0,0,Inner Mongolia,110.46379542556,41.5029352887984,2500,0,0,0
2783,0,0,0,Inner Mongolia,111.070484531969,41.4771844765777,2500,0,0,0
2784,0,0,0,Inner Mongolia,111.676720044011,41.448730376043,2500,0,0,0
2785,0,0,0,Inner Mongolia,112.282457315252,41.4175764824549,2500,0,0,0
2786,0,0,0,Inner Mongolia,112.887651920972,41.3837266119007,2500,0,0,0
2787,1.52785842071389,0,1.52785842071389,Inner Mongolia,113.492259677305,41.3471848979299,2500,0.000611143368285555,0,0.000611143368285555
2788,0,0,0,Hebei,114.096236660125,41.3079557879237,2500,0,0,0
2789,0,0,0,Hebei,114.699539223632,41.2660440392041,2500,0,0,0
2790,0,0,0,Hebei,115.302124018653,41.2214547148892,2500,0,0,0
2791,0,0,0,Hebei,115.903948010603,41.174193179503,2500,0,0,0
2792,0,0,0,Hebei,116.504968497115,41.1242650943456,2500,0,0,0
2793,0,0,0,Hebei,117.105143125315,41.0716764126338,2500,0,0,0
2794,0,0,0,Hebei,117.704429908712,41.0164333744171,2500,0,0,0
2795,97.9915876157552,0,97.9915876157552,Hebei,118.302787243713,40.9585425012812,2500,0.0391966350463021,0,0.0391966350463021
2796,0,0,0,Liaoning,118.900173925724,40.8980105908452,2500,0,0,0
2797,0,0,0,Liaoning,119.496549164837,40.8348447110622,2500,0,0,0
2798,120.649422937509,120.649422937509,0,Liaoning,120.091872601079,40.769052194333,2500,0.0482597691750036,0.0482597691750036,0
2799,0,0,0,Liaoning,120.686104319228,40.7006406314418,2500,0,0,0
2800,0,0,0,Liaoning,122.461856982259,40.4797713173955,2500,0,0,0
2801,8.27231615065626,0,8.27231615065626,Liaoning,123.051332063276,40.40096442395,2500,0.0033089264602625,0,0.0033089264602625
2802,0,0,0,Liaoning,123.639523007145,40.3195800905165,2500,0,0,0
2803,24.5581153383689,0,24.5581153383708,Liaoning,124.226392851889,40.2356273220807,2500,0.00982324613534755,0,0.00982324613534831
2804,0,0,0,Xinjiang,74.7276009748127,38.5838724477766,2500,0,0,0
2805,0,0,0,Xinjiang,75.285876147055,38.7155049590063,2500,0,0,0
2806,0,0,0,Xinjiang,75.8460953841435,38.8447635063937,2500,0,0,0
2807,0,0,0,Xinjiang,76.4082329977479,38.9716360277786,2500,0,0,0
2808,0,0,0,Xinjiang,76.9722626313392,39.0961105383753,2500,0,0,0
2809,0,0,0,Xinjiang,77.5381572621916,39.2181751384078,2500,0,0,0
2810,0,0,0,Xinjiang,78.1058892038888,39.3378180207982,2500,0,0,0
2811,0,0,0,Xinjiang,78.6754301093416,39.4550274789039,2500,0,0,0
2812,0,0,0,Xinjiang,79.246750974324,39.5697919142924,2500,0,0,0
2813,0,0,0,Xinjiang,79.8198221415337,39.6820998445493,2500,0,0,0
2814,0,0,0,Xinjiang,80.3946133051836,39.7919399111103,2500,0,0,0
2815,0,0,0,Xinjiang,80.9710935161278,39.8993008871083,2500,0,0,0
2816,0,0,0,Xinjiang,81.5492311875279,40.0041716852285,2500,0,0,0
2817,0,0,0,Xinjiang,82.1289941010622,40.1065413655612,2500,0,0,0
2818,0,0,0,Xinjiang,82.7103494136809,40.2063991434452,2500,0,0,0
2819,0,0,0,Xinjiang,83.2932636649093,40.3037343972899,2500,0,0,0
2820,0,0,0,Xinjiang,83.8777027847006,40.3985366763696,2500,0,0,0
2821,0,0,0,Xinjiang,84.4636321018381,40.4907957085781,2500,0,0,0
2822,0,0,0,Xinjiang,85.0510163528863,40.5805014081344,2500,0,0,0
2823,0,0,0,Xinjiang,85.6398196916913,40.6676438832299,2500,0,0,0
2824,0,0,0,Xinjiang,86.2300056994256,40.7522134436069,2500,0,0,0
2825,0,0,0,Xinjiang,86.8215373951769,40.8342006080571,2500,0,0,0
2826,0,0,0,Xinjiang,87.4143772470753,40.9135961118309,2500,0,0,0
2827,0,0,0,Xinjiang,88.0084871839552,40.990390913947,2500,0,0,0
2828,0,0,0,Xinjiang,88.603828607545,41.0645762043907,2500,0,0,0
2829,0,0,0,Xinjiang,89.2003624051793,41.1361434111917,2500,0,0,0
2830,0,0,0,Xinjiang,89.7980489630253,41.2050842073696,2500,0,0,0
2831,0,0,0,Xinjiang,90.396848179815,41.2713905177384,2500,0,0,0
2832,0,0,0,Xinjiang,90.996719481074,41.3350545255572,2500,0,0,0
2833,864.420912684421,864.420912684421,0,Xinjiang,91.5976218338364,41.3960686790187,2500,0.345768365073768,0.345768365073768,0
2834,2472.57152597254,2472.57152597254,0,Xinjiang,92.1995137618354,41.4544256975645,2500,0.989028610389014,0.989028610389014,0
2835,2500,2500,0,Xinjiang,92.802353361156,41.510118578017,2500,1,1,0
2836,1723.52335291455,1723.52335291455,0,Xinjiang,93.4060983163392,41.563140600518,2500,0.689409341165821,0.689409341165821,0
2837,0,0,0,Xinjiang,94.010705916921,41.6134853342648,2500,0,0,0
2838,0,0,0,Xinjiang,94.6161330743946,41.6611466430333,2500,0,0,0
2839,5.47048151246744,5.47048151246744,0,Xinjiang,95.2223363395779,41.7061186904796,2500,0.00218819260498697,0.00218819260498697,0
2840,0,0,0,Gansu,95.8292719203715,41.7483959452111,2500,0,0,0
2841,0,0,0,Gansu,96.4368956998898,41.7879731856177,2500,0,0,0
2842,0,0,0,Gansu,97.0451632549468,41.8248455044563,2500,0,0,0
2843,0,0,0,Gansu,97.6540298748796,41.8590083131781,2500,0,0,0
2844,0,0,0,Inner Mongolia,98.2634505806885,41.8904573459936,2500,0,0,0
2845,0,0,0,Inner Mongolia,98.8733801444761,41.9191886636673,2500,0,0,0
2846,0,0,0,Inner Mongolia,99.4837731091625,41.9451986570344,2500,0,0,0
2847,0,0,0,Inner Mongolia,100.094583808458,41.9684840502345,2500,0,0,0
2848,0,0,0,Inner Mongolia,100.705766387069,41.9890419036552,2500,0,0,0
2849,326.115117823584,326.115117823584,0,Inner Mongolia,101.317274821121,42.0068696165823,2500,0.130446047129433,0.130446047129433,0
2850,0,0,0,Inner Mongolia,101.929062938765,42.0219649295489,2500,0,0,0
2851,0,0,0,Inner Mongolia,102.541084440959,42.0343259263822,2500,0,0,0
2852,294.494441484795,294.494441484795,0,Inner Mongolia,106.215511051631,42.0510075904312,2500,0.117797776593918,0.117797776593918,0
2853,585.851564726109,585.851564726109,0,Inner Mongolia,106.827863607209,42.0442038444295,2500,0.234340625890443,0.234340625890443,0
2854,0,0,0,Inner Mongolia,107.440077105992,42.0346629542904,2500,0,0,0
2855,0,0,0,Inner Mongolia,108.052105055146,42.0223861340133,2500,0,0,0
2856,0,0,0,Inner Mongolia,108.663901046418,42.0073749440961,2500,0,0,0
2857,0,0,0,Inner Mongolia,109.275418777183,41.9896312901178,2500,0,0,0
2858,0,0,0,Inner Mongolia,109.886612071367,41.969157421009,2500,0,0,0
2859,0,0,0,Inner Mongolia,110.497434900232,41.9459559270156,2500,0,0,0
2860,0,0,0,Inner Mongolia,111.107841402992,41.9200297373579,2500,0,0,0
2861,0,0,0,Inner Mongolia,111.717785907237,41.8913821175906,2500,0,0,0
2862,0,0,0,Inner Mongolia,112.327222949151,41.8600166666679,2500,0,0,0
2863,1.9984194925843,0,1.99841949258441,Inner Mongolia,112.936107293486,41.8259373137181,2500,0.000799367797033721,0,0.000799367797033763
2864,0,0,0,Inner Mongolia,113.544393953292,41.7891483145359,2500,0,0,0
2865,0,0,0,Inner Mongolia,114.152038209361,41.7496542477963,2500,0,0,0
2866,0,0,0,Hebei,114.758995629377,41.7074600109979,2500,0,0,0
2867,0,0,0,Hebei,115.36522208675,41.6625708161428,2500,0,0,0
2868,0,0,0,Hebei,115.970673779114,41.6149921851609,2500,0,0,0
2869,0,0,0,Hebei,116.575307246466,41.5647299450854,2500,0,0,0
2870,69.9505873712913,69.9505873712913,0,Hebei,117.179079388939,41.5117902229894,2500,0.0279802349485165,0.0279802349485165,0
2871,219.043891396071,219.043891396071,0,Hebei,117.781947484177,41.4561794406911,2500,0.0876175565584285,0.0876175565584285,0
2872,584.078025133069,338.613368198907,246.05559744458,Inner Mongolia,118.383869204319,41.3979043092373,2500,0.233631210053228,0.135445347279563,0.098422238977832
2873,0,0,0,Inner Mongolia,118.984802632539,41.3369718231739,2500,0,0,0
2874,0,0,0,Liaoning,119.584706279176,41.2733892546132,2500,0,0,0
2875,92.386853562666,54.7801965971794,37.6066569654865,Liaoning,120.183539097391,41.207164147108,2500,0.0369547414250664,0.0219120786388717,0.0150426627861946
2876,0,0,0,Liaoning,120.781260498377,41.1383043093417,2500,0,0,0
2877,117.378426145323,117.378426145323,0,Liaoning,121.377830366089,41.0668178086449,2500,0.0469513704581294,0.0469513704581294,0
2878,881.450879325151,881.450879325151,0,Liaoning,121.973209071485,40.9927129643495,2500,0.352580351730061,0.352580351730061,0
2879,0,0,0,Liaoning,122.567357486277,40.9159983409892,2500,0,0,0
2880,7.09270169242636,0,7.09270169242636,Liaoning,123.160236996169,40.8366827413576,2500,0.00283708067697054,0,0.00283708067697054
2881,0,0,0,Liaoning,123.751809513591,40.7547751994346,2500,0,0,0
2882,0,0,0,Liaoning,124.342037489898,40.6702849731919,2500,0,0,0
2883,0,0,0,Liaoning,124.930883927053,40.5832215372858,2500,0,0,0
2884,0,0,0,Xinjiang,73.9920917327998,38.8710143661158,2500,0,0,0
2885,0,0,0,Xinjiang,74.5512123626364,39.0057886141883,2500,0,0,0
2886,0,0,0,Xinjiang,75.1123344780895,39.1381924188149,2500,0,0,0
2887,0,0,0,Xinjiang,75.675432805896,39.2682133384528,2500,0,0,0
2888,0,0,0,Xinjiang,76.2404813859265,39.3958390013238,2500,0,0,0
2889,0,0,0,Xinjiang,76.8074535725838,39.5210571132161,2500,0,0,0
2890,0,0,0,Xinjiang,77.3763220367125,39.6438554653515,2500,0,0,0
2891,0,0,0,Xinjiang,77.9470587680306,39.7642219423141,2500,0,0,0
2892,0,0,0,Xinjiang,78.5196350780883,39.8821445300306,2500,0,0,0
2893,0,0,0,Xinjiang,79.0940216037635,39.9976113237961,2500,0,0,0
2894,0,0,0,Xinjiang,79.6701883113004,40.1106105363364,2500,0,0,0
2895,0,0,0,Xinjiang,80.248104500896,40.2211305058999,2500,0,0,0
2896,0,0,0,Xinjiang,80.8277388118419,40.3291597043685,2500,0,0,0
2897,0,0,0,Xinjiang,81.4090592282243,40.434686745381,2500,0,0,0
2898,0,0,0,Xinjiang,81.9920330851875,40.5377003924577,2500,0,0,0
2899,0,0,0,Xinjiang,82.5766270757627,40.6381895671183,2500,0,0,0
2900,0,0,0,Xinjiang,83.1628072582658,40.7361433569824,2500,0,0,0
2901,0,0,0,Xinjiang,83.7505390642645,40.8315510238432,2500,0,0,0
2902,869.745770874037,869.745770874037,0,Xinjiang,84.3397873071162,40.9244020117047,2500,0.347898308349615,0.347898308349615,0
2903,1771.79927379271,1771.79927379271,0,Xinjiang,84.9305161910762,41.0146859547708,2500,0.708719709517087,0.708719709517087,0
2904,978.162052404179,978.162052404179,0,Xinjiang,85.5226893209746,41.1023926853766,2500,0.391264820961671,0.391264820961671,0
2905,0,0,0,Xinjiang,86.1162697124606,41.1875122418515,2500,0,0,0
2906,0,0,0,Xinjiang,86.7112198028111,41.2700348763033,2500,0,0,0
2907,0,0,0,Xinjiang,87.3075014622992,41.3499510623105,2500,0,0,0
2908,0,0,0,Xinjiang,87.9050760061185,41.4272515025154,2500.00000000001,0,0,0
2909,0,0,0,Xinjiang,88.5039042068567,41.501927136103,2500,0,0,0
2910,0,0,0,Xinjiang,89.1039463075123,41.5739691461576,2500,0,0,0
2911,0,0,0,Xinjiang,89.7051620350469,41.6433689668845,2500,0,0,0
2912,0,0,0,Xinjiang,90.3075106144632,41.7101182906862,2500,0,0,0
2913,0,0,0,Xinjiang,90.9109507834009,41.7742090750817,2500,0,0,0
2914,1050.10333715843,1050.10333715843,0,Xinjiang,91.5154408072383,41.8356335494583,2500,0.420041334863373,0.420041334863373,0
2915,2265.14307297225,2265.14307297225,0,Xinjiang,92.1209384946893,41.8943842216454,2500,0.906057229188902,0.906057229188902,0
2916,1930.68800111608,1930.68800111608,0,Xinjiang,92.7274012138823,41.9504538842987,2500,0.772275200446433,0.772275200446433,0
2917,1340.07383573099,1340.07383573099,0,Xinjiang,93.3347859089088,42.0038356210851,2500,0.536029534292394,0.536029534292394,0
2918,0,0,0,Xinjiang,93.9430491168262,42.0545228126573,2500,0,0,0
2919,0,0,0,Xinjiang,94.5521469851006,42.1025091424087,2500,0,0,0
2920,0,0,0,Xinjiang,95.162035289473,42.1477886019987,2500,0,0,0
2921,0,0,0,Xinjiang,95.7726694522324,42.190355496638,2500,0,0,0
2922,0,0,0,Gansu,96.3840045608778,42.2302044501258,2500,0,0,0
2923,0,0,0,Gansu,96.9959953871509,42.2673304096298,2500,0,0,0
2924,0,0,0,Inner Mongolia,97.6085964064201,42.3017286501996,2500,0,0,0
2925,0,0,0,Inner Mongolia,98.2217618173956,42.3333947790071,2500,0,0,0
2926,0,0,0,Inner Mongolia,98.8354455621559,42.3623247393043,2500,0,0,0
2927,0,0,0,Inner Mongolia,99.4496013464633,42.3885148140936,2500,0,0,0
2928,0,0,0,Inner Mongolia,100.064182660347,42.4119616295015,2500,0,0,0
2929,0,0,0,Inner Mongolia,100.679142798932,42.4326621578512,2500,0,0,0
2930,0,0,0,Inner Mongolia,101.294434883489,42.4506137204281,2500,0,0,0
2931,0,0,0,Inner Mongolia,109.30192600814,42.4332556369817,2500,0,0,0
2932,0,0,0,Inner Mongolia,109.916897062512,42.4126396711893,2500,0,0,0
2933,0,0,0,Inner Mongolia,110.531490732412,42.3892773306823,2500,0,0,0
2934,0.319865305537747,0,0.319865305537747,Inner Mongolia,111.145660307301,42.3631716324374,2500,0.000127946122215099,0,0.000127946122215099
2935,9.99348697605699,0,9.99348697605708,Inner Mongolia,111.759359270898,42.334325939718,2500,0.00399739479042279,0,0.00399739479042283
2936,0,0,0,Inner Mongolia,112.372541322018,42.302743959011,2500,0,0,0
2937,0,0,0,Inner Mongolia,112.985160395161,42.2684297366614,2500,0,0,0
2938,0,0,0,Inner Mongolia,113.59717068084,42.231387655212,2500,0,0,0
2939,0,0,0,Inner Mongolia,114.208526645614,42.1916224294536,2500,0,0,0
2940,0,0,0,Inner Mongolia,114.819183051811,42.149139102194,2500,0,0,0
2941,0,0,0,Inner Mongolia,115.429094976928,42.1039430397518,2500,0,0,0
2942,0,0,0,Inner Mongolia,116.038217832671,42.0560399271857,2500,0,0,0
2943,76.0009205085222,76.0009205085222,74.7412671551223,Inner Mongolia,116.646507383627,42.005435763264,2500,0.0304003682034089,0.0304003682034089,0.0298965068620489
2944,477.634053265535,477.634053265535,427.466459599949,Hebei,117.253919765556,41.9521368551875,2500,0.191053621306214,0.191053621306214,0.17098658383998
2945,0.359781801585949,0.359781801585949,0,Hebei,117.86041150326,41.8961498130712,2500,0.00014391272063438,0.00014391272063438,0
2946,13.1409510660505,13.1409510660505,0,Inner Mongolia,118.465939528051,41.8374815441964,2500,0.00525638042642022,0.00525638042642022,0
2947,0.799311918779379,0,0.799311918779379,Inner Mongolia,119.070461194756,41.7761392470426,2500,0.000319724767511752,0,0.000319724767511752
2948,0,0,0,Liaoning,119.673934298289,41.7121304051089,2500,0,0,0
2949,31.9857195316712,0,31.9857195316724,Liaoning,120.276317089738,41.6454627805359,2500,0.0127942878126685,0,0.012794287812669
2950,0,0,0,Liaoning,120.877568291981,41.5761444075374,2500,0,0,0
2951,545.071413241017,545.071413241017,0,Liaoning,121.477647114803,41.5041835856544,2500,0.218028565296407,0.218028565296407,0
2952,16.5186897434304,3.45340413970146,13.0652856037296,Liaoning,122.076513269503,41.4295888728402,2500,0.00660747589737215,0.00138136165588058,0.00522611424149185
2953,0,0,0,Liaoning,122.674126982995,41.352369078389,2500,0,0,0
2954,0,0,0,Liaoning,123.27044901137,41.2725332557188,2500,0,0,0
2955,11.9997824731034,0,11.9997824731036,Liaoning,123.865440652934,41.1900906950186,2500,0.00479991298924135,0,0.00479991298924143
2956,7.56124129899548,7.56124129899548,6.71851219103759,Liaoning,124.459063760698,41.1050509157729,2500,0.00302449651959819,0.00302449651959819,0.00268740487641503
2957,80.5588798841526,80.5588798841524,6.29177909386166,Liaoning,125.051280754316,41.0174236591724,2500,0.0322235519536611,0.032223551953661,0.00251671163754467
2958,0,0,0,Jilin,125.642054631472,40.9272188804242,2500,0,0,0
2959,0,0,0,Xinjiang,73.8108623937328,39.2919904441734,2500,0,0,0
2960,0,0,0,Xinjiang,74.3728221502029,39.4275609326482,2500,0,0,0
2961,0,0,0,Xinjiang,74.9368164822788,39.5607522582497,2500,0,0,0
2962,0,0,0,Xinjiang,75.5028198611655,39.6915516612303,2500,0,0,0
2963,0,0,0,Xinjiang,76.0708060535377,39.819946451456,2500,0,0,0
2964,0,0,0,Xinjiang,76.640748122821,39.9459240164425,2500,0,0,0
2965,0,0,0,Xinjiang,77.2126184310013,40.0694718294653,2500,0,0,0
2966,0,0,0,Xinjiang,77.7863886409725,40.1905774577354,2500,0,0,0
2967,0,0,0,Xinjiang,78.3620297194298,40.3092285706341,2500,0,0,0
2968,0,0,0,Xinjiang,78.9395119403183,40.4254129479985,2500,0,0,0
2969,0,0,0,Xinjiang,79.5188048888419,40.5391184884492,2500,0,0,0
2970,0,0,0,Xinjiang,80.0998774660416,40.6503332177524,2500,0,0,0
2971,0,0,0,Xinjiang,80.6826978939467,40.7590452972066,2500,0,0,0
2972,0,0,0,Xinjiang,81.2672337213054,40.8652430320445,2500,0,0,0
2973,0,0,0,Xinjiang,81.8534518298991,40.9689148798425,2500,0,0,0
2974,0,0,0,Xinjiang,82.4413184414429,41.0700494589245,2500,0,0,0
2975,0,0,0,Xinjiang,83.0307991250758,41.1686355567535,2500,0,0,0
2976,0,0,0,Xinjiang,83.6218588054424,41.2646621382982,2500,0,0,0
2977,192.940465183778,192.940465183778,0,Xinjiang,84.2144617713662,41.3581183543648,2500,0.0771761860735113,0.0771761860735113,0
2978,128.351223776686,128.351223776686,0,Xinjiang,84.8085716851154,41.4489935498828,2500,0.0513404895106745,0.0513404895106745,0
2979,14.7230382534477,14.7230382534477,0,Xinjiang,85.4041515922593,41.5372772721352,2500,0.0058892153013791,0.0058892153013791,0
2980,0,0,0,Xinjiang,86.0011639321151,41.6229592789192,2500,0,0,0
2981,0,0,0,Xinjiang,86.5995705487791,41.7060295466286,2500,0,0,0
2982,0,0,0,Xinjiang,87.1993327027425,41.7864782782452,2500,0,0,0
2983,0,0,0,Xinjiang,87.8004110830832,41.8642959112273,2500,0,0,0
2984,0,0,0,Xinjiang,88.4027658202301,41.9394731252853,2500,0,0,0
2985,0,0,0,Xinjiang,89.0063564992923,42.0120008500299,2500,0,0,0
2986,0,0,0,Xinjiang,89.6111421739455,42.0818702724845,2500,0,0,0
2987,0,0,0,Xinjiang,90.2170813808661,42.1490728444469,2500,0,0,0
2988,0,0,0,Xinjiang,90.8241321547039,42.2136002896918,2500,0,0,0
2989,104.010487856938,104.010487856938,0,Xinjiang,91.4322520435827,42.2754446109992,2500,0.0416041951427753,0.0416041951427753,0
2990,0.297663992388738,0.297663992388738,0,Xinjiang,92.0413981251156,42.3345980970002,2500,0.000119065596955495,0.000119065596955495,0
2991,0,0,0,Xinjiang,92.6515270229238,42.3910533288275,2500,0,0,0
2992,0,0,0,Xinjiang,93.2625949236438,42.4448031865589,2500,0,0,0
2993,0,0,0,Xinjiang,93.874557594409,42.4958408554444,2500,0,0,0
2994,0,0,0,Xinjiang,94.4873704007891,42.5441598319049,2500,0,0,0
2995,0,0,0,Xinjiang,95.1009883251725,42.5897539292927,2500,0,0,0
2996,0,0,0,Xinjiang,95.7153659855712,42.6326172834041,2500,0,0,0
2997,0,0,0,Gansu,96.3304576548334,42.672744357733,2500,0,0,0
2998,0,0,0,Gansu,96.9462172802407,42.7101299484576,2500,0,0,0
2999,0,0,0,Inner Mongolia,110.565970691986,42.8329331863274,2500,0,0,0
3000,0,0,0,Inner Mongolia,111.183949858759,42.8066437185907,2500,0,0,0
3001,0,0,0,Inner Mongolia,111.801449586325,42.7775952564301,2500,0,0,0
3002,0,0,0,Inner Mongolia,112.418422715538,42.7457916178996,2500,0,0,0
3003,0,0,0,Inner Mongolia,113.034822330317,42.7112369709485,2500,0,0,0
3004,0,0,0,Inner Mongolia,113.650601778598,42.6739358295985,2500,0,0,0
3005,0,0,0,Inner Mongolia,114.26571469298,42.6338930498222,2500,0,0,0
3006,0,0,0,Inner Mongolia,114.880115011037,42.5911138251268,2500,0,0,0
3007,0,0,0,Inner Mongolia,115.493756995306,42.5456036818528,2500,0,0,0
3008,0,0,0,Inner Mongolia,116.106595252886,42.4973684741961,2500,0,0,0
3009,51.0957829998783,51.0957829998784,0,Inner Mongolia,116.71858475467,42.4464143789615,2500,0.0204383131999513,0.0204383131999513,0
3010,156.026154488228,156.026154488228,4.57109851074229,Hebei,117.329680854159,42.3927478900595,2500,0.062410461795291,0.062410461795291,0.00182843940429692
3011,0,0,0,Hebei,117.939839305857,42.3363758127516,2500,0,0,0
3012,0,0,0,Inner Mongolia,118.549016283228,42.2773052576601,2500,0,0,0
3013,17.9885053002479,0,17.9885053002481,Inner Mongolia,119.157168396188,42.2155436345471,2500,0.00719540212009915,0,0.00719540212009925
3014,0,0,0,Liaoning,119.76425270813,42.1510986458779,2500,0,0,0
3015,137.189000930916,0,137.189000930916,Inner Mongolia,120.370226752456,42.0839782801762,2500,0.0548756003723662,0,0.0548756003723665
3016,0,0,0,Liaoning,120.975048548608,42.0141908051849,2500,0,0,0
3017,173.378825497798,173.3788254978,0,Liaoning,121.578676617588,41.9417447608423,2500,0.0693515301991191,0.0693515301991201,0
3018,0,0,0,Liaoning,122.181069996942,41.8666489520857,2500,0,0,0
3019,0,0,0,Liaoning,122.782188255213,41.7889124414935,2500,0,0,0
3020,0,0,0,Liaoning,123.381991505847,41.7085445417781,2500,0,0,0
3021,0,0,0,Liaoning,123.980440420535,41.625554808141,2500,0,0,0
3022,66.5889177621838,66.5889177621838,66.5889177621838,Liaoning,124.577496241999,41.5399530305014,2500,0.0266355671048735,0.0266355671048735,0.0266355671048735
3023,127.979647542828,127.979137534491,127.97963557276,Liaoning,125.173120796198,41.4517492256108,2500,0.0511918590171311,0.0511916550137962,0.0511918542291041
3024,20.1277449815095,0,20.1277449815095,Jilin,125.767276503962,41.3609536290647,2500,0.00805109799260379,0,0.00805109799260379
3025,150.663147768283,0,150.663147768283,Jilin,126.359926392046,41.2675766872229,2500,0.0602652591073132,0,0.0602652591073132
3026,0,0,0,Xinjiang,74.1923972446008,39.8492102555558,2500,0,0,0
3027,0,0,0,Xinjiang,74.7592893222213,39.9832057431834,2500,0,0,0
3028,0,0,0,Xinjiang,75.3282239857266,40.1148001549579,2500,0,0,0
3029,0,0,0,Xinjiang,75.8991747273162,40.2439804733189,2500,0,0,0
3030,0,0,0,Xinjiang,76.4721143176305,40.3707337583226,2500,0,0,0
3031,0,0,0,Xinjiang,77.0470148074507,40.495047156003,2500,0,0,0
3032,0,0,0,Xinjiang,77.6238475299541,40.616907906805,2500,0,0,0
3033,0,0,0,Xinjiang,78.2025831035343,40.736303354083,2500,0,0,0
3034,0,0,0,Xinjiang,78.7831914351947,40.8532209526568,2500,0,0,0
3035,0,0,0,Xinjiang,79.3656417245227,40.9676482774156,2500,0,0,0
3036,0,0,0,Xinjiang,79.9499024682522,41.0795730319612,2500,0,0,0
3037,0,0,0,Xinjiang,80.5359414654203,41.1889830572819,2500,0,0,0
3038,0,0,0,Xinjiang,81.123725823124,41.2958663404465,2500,0,0,0
3039,0,0,0,Xinjiang,81.7132219628815,41.4002110233089,2500,0,0,0
3040,0,0,0,Xinjiang,82.3043956276016,41.5020054112129,2500,0,0,0
3041,0,0,0,Xinjiang,82.8972118891655,41.6012379816863,2500,0,0,0
3042,0,0,0,Xinjiang,83.4916351566209,41.6978973931145,2500,0,0,0
3043,0,0,0,Xinjiang,84.0876291849914,41.7919724933809,2500,0,0,0
3044,0,0,0,Xinjiang,84.6851570847012,41.8834523284639,2500,0,0,0
3045,0,0,0,Xinjiang,85.2841813316127,41.9723261509785,2500,0,0,0
3046,0,0,0,Xinjiang,85.8846637776775,42.0585834286506,2500,0,0,0
3047,0,0,0,Xinjiang,86.4865656621964,42.1422138527125,2500,0,0,0
3048,0,0,0,Xinjiang,87.0898476236847,42.2232073462067,2500,0,0,0
3049,0,0,0,Xinjiang,87.6944697123395,42.3015540721869,2500,0,0,0
3050,0,0,0,Xinjiang,88.3003914031006,42.3772444418024,2500,0,0,0
3051,0,0,0,Xinjiang,88.9075716092999,42.4502691222558,2500,0,0,0
3052,0,0,0,Xinjiang,89.5159686968911,42.5206190446188,2500,0,0,0
3053,0,0,0,Xinjiang,90.1255404992496,42.588285411496,2500,0,0,0
3054,0,0,0,Xinjiang,90.7362443325336,42.6532597045238,2500,0,0,0
3055,0,0,0,Xinjiang,91.348037011594,42.7155336916916,2500,0,0,0
3056,0,0,0,Xinjiang,91.9608748664227,42.7750994344734,2500,0,0,0
3057,0,0,0,Xinjiang,92.5747137591236,42.8319492947586,2500,0,0,0
3058,0,0,0,Xinjiang,93.1895091013943,42.8860759415689,2500,0,0,0
3059,0,0,0,Xinjiang,93.8052158725013,42.9374723575508,2500,0,0,0
3060,0,0,0,Xinjiang,94.4217886377338,42.986131845232,2500,0,0,0
3061,0,0,0,Xinjiang,95.0391815673184,43.0320480330304,2500,0,0,0
3062,0,0,0,Xinjiang,95.6573484557756,43.0752148810054,2500,0,0,0
3063,0,0,0,Inner Mongolia,111.222718886404,43.2504804582753,2500,0,0,0
3064,0,0,0,Inner Mongolia,111.844066540626,43.2212243804695,2500,0,0,0
3065,0,0,0,Inner Mongolia,112.464877667502,43.1891937929309,2500,0,0,0
3066,0,0,0,Inner Mongolia,113.085104479421,43.154392989825,2500,0,0,0
3067,0,0,0,Inner Mongolia,113.704699461097,43.1168266216264,2500,0,0,0
3068,0,0,0,Inner Mongolia,114.323615390839,43.0764996908139,2500,0,0,0
3069,0,0,0,Inner Mongolia,114.941805361491,43.0334175472591,2500,0,0,0
3070,0,0,0,Inner Mongolia,115.559222801014,42.9875858833188,2500,0,0,0
3071,0,0,0,Inner Mongolia,116.175821492678,42.9390107286387,2500,0,0,0
3072,0,0,0,Inner Mongolia,116.791555594854,42.887698444679,2500,0,0,0
3073,0,0,0,Inner Mongolia,117.406379660391,42.8336557189708,2500,0,0,0
3074,0,0,0,Inner Mongolia,118.020248655536,42.7768895591153,2500,0,0,0
3075,0,0,0,Inner Mongolia,118.633117978408,42.7174072865343,2500,0,0,0
3076,14.7914617069423,0,14.7914617069425,Inner Mongolia,119.244943476987,42.6552165299856,2500,0.00591658468277692,0,0.005916584682777
3077,0,0,0,Inner Mongolia,119.855681466609,42.5903252188518,2500,0,0,0
3078,0,0,0,Inner Mongolia,120.465288746954,42.5227415762169,2500,0,0,0
3079,0,0,0,Inner Mongolia,121.073722618515,42.4524741117401,2500,0,0,0
3080,0,0,0,Liaoning,121.680940898515,42.3795316143404,2500,0,0,0
3081,69.9697677257154,0,69.969767725717,Liaoning,122.286901936295,42.3039231447028,2500,0.0279879070902862,0,0.0279879070902868
3082,0,0,0,Liaoning,122.891564628125,42.2256580276203,2500,0,0,0
3083,0,0,0,Liaoning,123.494888431457,42.144745844181,2500,0,0,0
3084,162.368223973211,0,162.368223973214,Liaoning,124.096833378583,42.0611964238161,2500,0.0649472895892845,0,0.0649472895892854
3085,0,0,0,Liaoning,124.697360089726,41.9750198362183,2500,0,0,0
3086,0,0,0,Jilin,125.296429785517,41.8862263831447,2500,0,0,0
3087,5.54190902013398,0,5.5419090201343,Jilin,125.894004298881,41.7948265901155,2500,0.00221676360805359,0,0.00221676360805372
3088,213.883623001144,0,213.883623001141,Jilin,126.490046086317,41.7008311980217,2500,0.0855534492004573,0,0.0855534492004564
3089,90.3511465876575,90.3511465876575,0,Jilin,127.677384490678,41.5050976061563,2500,0.036140458635063,0.036140458635063,0
3090,0,0,0,Xinjiang,76.8794788320705,40.9206047972334,2500,0,0,0
3091,0,0,0,Xinjiang,78.0412636116396,41.1633930962321,2500,0,0,0
3092,0,0,0,Xinjiang,78.6250288552447,41.2810599838448,2500,0,0,0
3093,0,0,0,Xinjiang,79.2106679895025,41.3962249779482,2500,0,0,0
3094,0,0,0,Xinjiang,79.798149101684,41.508875449891,2500,0,0,0
3095,726.403558119907,726.403558119907,0,Xinjiang,80.3874395620783,41.6189989102115,2500,0.290561423247963,0.290561423247963,0
3096,386.699357014693,386.699357014693,0,Xinjiang,80.9785060297705,41.7265830176364,2500,0.154679742805877,0.154679742805877,0
3097,0,0,0,Xinjiang,81.5713144590461,41.8316155880942,2500,0,0,0
3098,0,0,0,Xinjiang,82.1658301064274,41.9340846037339,2500,0,0,0
3099,0,0,0,Xinjiang,82.7620175383427,42.0339782219361,2500,0,0,0
3100,0,0,0,Xinjiang,83.3598406394338,42.1312847843068,2500,0,0,0
3101,0,0,0,Xinjiang,83.9592626215002,42.2259928256421,2500,0,0,0
3102,0,0,0,Xinjiang,84.5602460330832,42.3180910828499,2500,0,0,0
3103,0,0,0,Xinjiang,85.1627527696875,42.4075685038193,2500,0,0,0
3104,0,0,0,Xinjiang,85.7667440846385,42.4944142562231,2500,0,0,0
3105,0,0,0,Xinjiang,86.3721806005745,42.5786177362416,2500,0,0,0
3106,0,0,0,Xinjiang,86.9790223215679,42.6601685771953,2500,0,0,0
3107,0,0,0,Xinjiang,87.5872286458723,42.739056658073,2499.99999999999,0,0,0
3108,0,0,0,Xinjiang,88.1967583792872,42.8152721119428,2500,0,0,0
3109,0,0,0,Xinjiang,88.8075697491369,42.8888053342327,2500,0,0,0
3110,0,0,0,Xinjiang,89.4196204188512,42.9596469908674,2500,0,0,0
3111,0,0,0,Xinjiang,90.0328675031417,43.0277880262501,2500,0,0,0
3112,0,0,0,Xinjiang,90.6472675837623,43.0932196710727,2500,0,0,0
3113,0,0,0,Xinjiang,91.2627767258416,43.1559334499456,2500,0,0,0
3114,0,0,0,Xinjiang,91.879350494776,43.2159211888309,2500,0,0,0
3115,0,0,0,Xinjiang,92.4969439736686,43.2731750222686,2500,0,0,0
3116,0,0,0,Xinjiang,93.1155117812994,43.3276874003818,2500,0,0,0
3117,0,0,0,Xinjiang,93.7350080906118,43.3794510956494,2500,0,0,0
3118,0,0,0,Xinjiang,94.3553866476971,43.428459209434,2500,0,0,0
3119,0,0,0,Xinjiang,94.9766007912596,43.4747051782539,2500,0,0,0
3120,0,0,0,Xinjiang,95.5986034725445,43.518182779786,2500,0,0,0
3121,0,0,0,Inner Mongolia,111.887220064069,43.6652485755584,2500,0,0,0
3122,0,0,0,Inner Mongolia,112.511916979817,43.6329855766612,2500,0,0,0
3123,0,0,0,Inner Mongolia,113.136018507712,43.5979327008424,2500,0,0,0
3124,0,0,0,Inner Mongolia,113.759476247963,43.560094740261,2500,0,0,0
3125,0,0,0,Inner Mongolia,114.38224210365,43.5194768495017,2500,0,0,0
3126,0,0,0,Inner Mongolia,115.004268302304,43.4760845407576,2500,0,0,0
3127,0,0,0,Inner Mongolia,115.625507417112,43.4299236787043,2500,0,0,0
3128,0,0,0,Inner Mongolia,116.245912387714,43.3810004750731,2500,0,0,0
3129,754.886759009091,754.886759009091,0,Inner Mongolia,116.865436540592,43.3293214829348,2500,0.301954703603637,0.301954703603637,0
3130,0,0,0,Inner Mongolia,117.484033609007,43.2748935907042,2500,0,0,0
3131,0,0,0,Inner Mongolia,118.101657752479,43.217724015877,2500,0,0,0
3132,7.9963785433887,0,7.99637854338859,Inner Mongolia,118.71826357579,43.1578202985092,2500,0.00319855141735548,0,0.00319855141735544
3133,0,0,0,Inner Mongolia,119.333806147482,43.095190294452,2500,0,0,0
3134,0,0,0,Inner Mongolia,119.948241017846,43.0298421683533,2500,0,0,0
3135,0,0,0,Inner Mongolia,120.561524236377,42.9617843864382,2500,0,0,0
3136,0,0,0,Inner Mongolia,121.173612368682,42.8910257090821,2500,0,0,0
3137,0,0,0,Inner Mongolia,121.784462512832,42.8175751831869,2500,0,0,0
3138,204.21171157482,78.6326506392368,125.855616388641,Inner Mongolia,122.394032315143,42.7414421343757,2500,0.0816846846299281,0.0314530602556947,0.0503422465554564
3139,0,0,0,Liaoning,123.002279985362,42.6626361590164,2500,0,0,0
3140,0,0,0,Liaoning,123.609164311275,42.5811671160895,2500,0,0,0
3141,0,0,0,Liaoning,124.2146446727,42.4970451189115,2500,0,0,0
3142,0,0,0,Liaoning,124.818681054872,42.4102805267282,2500,0,0,0
3143,8.21615078091162,0,8.21615078091012,Jilin,125.421234061208,42.3208839361892,2500,0.00328646031236465,0,0.00328646031236405
3144,200.065271768938,195.311210160144,153.983609069714,Jilin,126.02226492545,42.228866172719,2500,0.0800261087075752,0.0781244840640575,0.0615934436278856
3145,316.479884673984,316.479884673984,98.8013668143542,Jilin,126.621735523174,42.1342382817956,2500,0.126591953869594,0.126591953869594,0.0395205467257418
3146,0,0,0,Jilin,127.219608382667,42.0370115201497,2500,0,0,0
3147,1245.74932958881,1245.74932958881,0,Jilin,127.815846695172,41.9371973468984,2500,0.498299731835523,0.498299731835523,0
3148,907.68967643015,907.68967643015,0,Xinjiang,80.2371615339544,42.0491193465141,2500,0.36307587057206,0.36307587057206,0
3149,386.455952777245,386.455952777245,0,Xinjiang,80.8315441585218,42.1574199944126,2500,0.154582381110898,0.154582381110898,0
3150,0,0,0,Xinjiang,81.4276996220719,42.2631559419938,2500,0,0,0
3151,0,0,0,Xinjiang,82.0255926870702,42.3663148375445,2500,0,0,0
3152,0,0,0,Xinjiang,82.6251874061862,42.4668845076282,2500,0,0,0
3153,0,0,0,Xinjiang,83.2264471307105,42.564852966415,2500,0,0,0
3154,384.586340714313,384.586340714313,0,Xinjiang,83.829334519635,42.6602084249843,2500,0.153834536285725,0.153834536285725,0
3155,658.76311779549,658.76311779549,0,Xinjiang,84.4338115493967,42.7529393005882,2500,0.263505247118196,0.263505247118196,0
3156,178.365914027359,178.365914027359,0,Xinjiang,85.0398395242835,42.8430342258641,2500,0.0713463656109435,0.0713463656109435,0
3157,0,0,0,Xinjiang,85.6473790875027,42.9304820579811,2500,0,0,0
3158,0,0,0,Xinjiang,86.256390232908,43.0152718877096,2500,0,0,0
3159,0,0,0,Xinjiang,86.8668323173811,43.0973930483985,2500,0,0,0
3160,0,0,0,Xinjiang,87.4786640738649,43.1768351248479,2500,0,0,0
3161,0,0,0,Xinjiang,88.0918436250403,43.2535879620626,2500,0,0,0
3162,25.7798123703496,25.7798123703496,0,Xinjiang,88.7063284976401,43.3276416738733,2500,0.0103119249481399,0.0103119249481399,0
3163,1.02745749249922,1.02745749249922,0,Xinjiang,89.3220756373928,43.3989866514116,2500,0.00041098299699969,0.00041098299699969,0
3164,0,0,0,Xinjiang,89.939041424584,43.4676135714247,2500,0,0,0
3165,0,0,0,Xinjiang,90.5571816902284,43.5335134044162,2500,0,0,0
3166,0,0,0,Xinjiang,91.1764517328372,43.5966774225996,2500,0,0,0
3167,0,0,0,Xinjiang,91.7968063357698,43.65709720765,2500,0,0,0
3168,0,0,0,Xinjiang,92.4181997851553,43.7147646582418,2500,0,0,0
3169,0,0,0,Xinjiang,93.0405858883676,43.769671997358,2500,0,0,0
3170,0,0,0,Xinjiang,93.663917993039,43.8218117793592,2500,0,0,0
3171,0,0,0,Xinjiang,94.2881490065942,43.8711768967978,2500,0,0,0
3172,0,0,0,Xinjiang,94.913231416285,43.9177605869675,2500,0,0,0
3173,0,0,0,Xinjiang,95.5391173097083,43.9615564381735,2500,0,0,0
3174,0,0,0,Inner Mongolia,111.930920337752,44.1097041118794,2500,0,0,0
3175,0,0,0,Inner Mongolia,112.559551726817,44.0772030595871,2500,0,0,0
3176,0,0,0,Inner Mongolia,113.187576374137,44.0418920003004,2500,0,0,0
3177,0,0,0,Inner Mongolia,113.814944973479,44.0037758733684,2500,0,0,0
3178,0,0,0,Inner Mongolia,114.441608531113,43.9628599913748,2500,0,0,0
3179,0,0,0,Inner Mongolia,115.067518388052,43.9191500351027,2500,0,0,0
3180,326.655808639984,326.655808639984,0,Inner Mongolia,115.692626241899,43.8726520481764,2500,0.130662323455993,0.130662323455993,0
3181,1545.50714474339,1545.50714474339,0,Inner Mongolia,116.316884168284,43.8233724313918,2500,0.618202857897357,0.618202857897357,0
3182,403.864613347565,403.864613347565,0,Inner Mongolia,116.94024464185,43.7713179367448,2500,0.161545845339026,0.161545845339026,0
3183,66.1315170144177,0,66.1315170144181,Inner Mongolia,117.562660556788,43.7164956611696,2500,0.0264526068057671,0,0.0264526068057672
3184,0,0,0,Inner Mongolia,118.184085246891,43.6589130399981,2500,0,0,0
3185,0,0,0,Inner Mongolia,118.804472505096,43.5985778401529,2500,0,0,0
3186,0,0,0,Inner Mongolia,119.423776602521,43.5354981530868,2500,0,0,0
3187,0,0,0,Inner Mongolia,120.041952306952,43.4696823874801,2500,0,0,0
3188,0,0,0,Inner Mongolia,120.658954900785,43.40113926171,2500,0,0,0
3189,0,0,0,Inner Mongolia,121.274740198393,43.3298777961055,2500,0,0,0
3190,0,0,0,Inner Mongolia,121.889264562913,43.2559073049992,2500,0,0,0
3191,0,0,0,Inner Mongolia,122.502484922438,43.1792373885927,2500,0,0,0
3192,0,0,0,Inner Mongolia,123.114358785593,43.0998779246469,2500,0,0,0
3193,0,0,0,Liaoning,123.724844256501,43.0178390600115,2500,0,0,0
3194,10.7170261666282,10.7170261666277,0,Liaoning,124.333900049118,42.9331312020085,2500,0.00428681046665127,0.00428681046665109,0
3195,0,0,0,Jilin,124.941485500925,42.8457650096822,2500,0,0,0
3196,0,0,0,Jilin,125.547560585984,42.7557513849302,2500,0,0,0
3197,0,0,0,Jilin,126.152085927341,42.6631014635289,2500,0,0,0
3198,296.757197636221,290.507086744044,10.8689446998662,Jilin,126.755022808771,42.5678266060669,2500,0.118702879054488,0.116202834697617,0.00434757787994647
3199,492.535653514393,492.535653514393,0,Jilin,127.356333185865,42.4699383888007,2500,0.197014261405757,0.197014261405757,0
3200,627.621334361067,627.621334361067,0,Jilin,127.955979696461,42.3694485944437,2500,0.251048533744426,0.251048533744426,0
3201,6.17226294307775,6.17226294307775,0,Jilin,128.553925670405,42.2663692029044,2500,0.0024689051772311,0.0024689051772311,0
3202,0,0,0,Xinjiang,80.68280932868,42.5884048189929,2500,0,0,0
3203,0,0,0,Xinjiang,81.2823470653316,42.6948600900885,2500,0,0,0
3204,0,0,0,Xinjiang,81.8836534966805,42.7987245707954,2500,0,0,0
3205,0,0,0,Xinjiang,82.4866921532198,42.8999857457083,2500,0,0,0
3206,233.710845942326,233.710845942326,0,Xinjiang,83.0914258438093,42.9986312904175,2500,0.0934843383769304,0.0934843383769304,0
3207,28.9245515871522,28.9245515871522,0,Xinjiang,83.6978166648897,43.0946490811667,2500,0.0115698206348609,0.0115698206348609,0
3208,110.499283173371,110.499283173371,0,Xinjiang,84.3058260103865,43.1880272044737,2500,0.0441997132693486,0.0441997132693486,0
3209,41.7898084376004,41.7898084376004,0,Xinjiang,84.9154145823031,43.2787539667034,2500,0.0167159233750401,0.0167159233750401,0
3210,0,0,0,Xinjiang,85.526542402001,43.3668179035759,2500,0,0,0
3211,0,0,0,Xinjiang,86.1391688221659,43.4522077895982,2500,0,0,0
3212,0,0,0,Xinjiang,86.7532525394555,43.534912647404,2500,0,0,0
3213,0,0,0,Xinjiang,87.3687516078239,43.6149217569887,2500,0,0,0
3214,547.158956601837,468.953903761108,312.569183765891,Xinjiang,87.9856234525174,43.6922246648232,2500,0.218863582640735,0.187581561504443,0.125027673506356
3215,1384.17857408871,1384.17857408871,32.2574243141003,Xinjiang,88.6038248847333,43.7668111928341,2500,0.553671429635484,0.553671429635484,0.0129029697256401
3216,28.5860147352582,28.5860147352582,0,Xinjiang,89.223312116934,43.8386714472339,2500,0.0114344058941033,0.0114344058941033,0
3217,0,0,0,Xinjiang,89.8440407788062,43.9077958271876,2500,0,0,0
3218,0,0,0,Xinjiang,90.4659659338556,43.9741750333012,2500,0,0,0
3219,0,0,0,Xinjiang,91.0890420966217,44.0378000759168,2500,0,0,0
3220,0,0,0,Xinjiang,91.7132232505033,44.0986622832004,2500,0,0,0
3221,0,0,0,Xinjiang,92.3384628661771,44.1567533090087,2500,0,0,0
3222,0,0,0,Xinjiang,92.9647139205946,44.212065140519,2500,0,0,0
3223,0,0,0,Xinjiang,93.5919289165404,44.2645901056113,2500,0,0,0
3224,0,0,0,Xinjiang,94.2200599027337,44.3143208799854,2500,0,0,0
3225,0,0,0,Inner Mongolia,111.975177801555,44.5546283250588,2500,0,0,0
3226,0,0,0,Inner Mongolia,112.607793263888,44.5218833885898,2500,0,0,0
3227,0,0,0,Inner Mongolia,113.239790340633,44.4863078311099,2500,0,0,0
3228,0,0,0,Inner Mongolia,113.871118796504,44.4479067449582,2500,0,0,0
3229,0,0,0,Inner Mongolia,114.501728718715,44.406685606923,2500,0,0,0
3230,0,0,0,Inner Mongolia,115.131570539906,44.362650272976,2500,0,0,0
3231,1142.96776096123,1142.96776096123,0,Inner Mongolia,115.760595060666,44.3158069726696,2500,0.457187104384491,0.457187104384491,0
3232,2199.32144801487,2199.32144801487,0,Inner Mongolia,116.388753471611,44.2661623032099,2500,0.879728579205949,0.879728579205949,0
3233,411.621097288584,411.621097288584,0,Inner Mongolia,117.015997375015,44.2137232232144,2500,0.164648438915434,0.164648438915434,0
3234,0,0,0,Inner Mongolia,117.642278805945,44.1584970461688,2500,0,0,0
3235,8.76364954809186,0,8.76364954809186,Inner Mongolia,118.267550252911,44.1004914335938,2500,0.00350545981923675,0,0.00350545981923675
3236,93.7605929816718,0,93.7605929816718,Inner Mongolia,118.891764677976,44.0397143879353,2500,0.0375042371926687,0,0.0375042371926687
3237,0,0,0,Inner Mongolia,119.514875536337,43.9761742451912,2500,0,0,0
3238,0,0,0,Inner Mongolia,120.136836795335,43.9098796672885,2500,0,0,0
3239,0,0,0,Inner Mongolia,120.757602952894,43.8408396342232,2500,0,0,0
3240,0,0,0,Inner Mongolia,121.377129055367,43.7690634359798,2500,0,0,0
3241,0,0,0,Inner Mongolia,121.995370714763,43.6945606642421,2500,0,0,0
3242,0,0,0,Inner Mongolia,122.61228412537,43.61734120391,2500,0,0,0
3243,0,0,0,Inner Mongolia,123.227826079726,43.537415224439,2500,0,0,0
3244,2.96030386404135,0,2.96030386404135,Liaoning,123.841953983959,43.4547931710139,2500,0.00118412154561654,0,0.00118412154561654
3245,0,0,0,Jilin,124.45462587246,43.3694857555739,2500,0,0,0
3246,253.737771275775,253.73777127577,0,Jilin,125.065800421907,43.2815039477017,2500,0.10149510851031,0.101495108510308,0
3247,0,0,0,Jilin,125.675436964602,43.1908589653931,2500,0,0,0
3248,0,0,0,Jilin,126.283495501148,43.0975622657194,2500,0,0,0
3249,208.772228182036,208.772228182036,0,Jilin,126.889936712429,43.0016255353988,2500,0.0835088912728143,0.0835088912728143,0
3250,286.928671171789,286.928671171789,0,Jilin,127.494721970914,42.9030606812898,2500,0.114771468468716,0.114771468468716,0
3251,0,0,0,Jilin,128.097813351272,42.8018798208208,2500,0,0,0
3252,0,0,0,Jilin,128.699173640297,42.6980952723704,2500,0,0,0
3253,546.621771893269,546.621771893269,0,Jilin,129.298766346144,42.5917195456098,2500,0.218648708757307,0.218648708757307,0
3254,0,0,0,Xinjiang,80.5322699417749,43.019565692556,2500,0,0,0
3255,0,0,0,Xinjiang,81.1352256921818,43.1267567114188,2500,0,0,0
3256,0,0,0,Xinjiang,81.739981960809,43.231342956543,2500,0,0,0
3257,0,0,0,Xinjiang,82.3465017474477,43.3333115588937,2500,0,0,0
3258,73.2600865314649,73.2600865314649,0,Xinjiang,82.9547473093122,43.4326498438238,2500,0.029304034612586,0.029304034612586,0
3259,0,0,0,Xinjiang,83.5646801703882,43.5293453411037,2500,0,0,0
3260,0,0,0,Xinjiang,84.1762611314973,43.623385794918,2500,0,0,0
3261,0,0,0,Xinjiang,84.7894502810767,43.7147591738151,2500,0,0,0
3262,0,0,0,Xinjiang,85.4042070066755,43.8034536805958,2500,0,0,0
3263,0,0,0,Xinjiang,86.0204900071633,43.8894577621255,2500,0,0,0
3264,0,0,0,Xinjiang,86.6382573056478,43.9727601190559,2500,0,0,0
3265,0,0,0,Xinjiang,87.2574662630981,44.0533497154399,2500.00000000001,0,0,0
3266,43.8196344206747,6.37557914075965,41.9938660740315,Xinjiang,87.8780735926651,44.131215788226,2500,0.0175278537682699,0.00255023165630386,0.0167975464296126
3267,23.0779249189659,23.0779249189659,0,Xinjiang,88.5000353746949,44.206347856615,2500,0.00923116996758637,0.00923116996758637,0
3268,0,0,0,Xinjiang,89.1233070724226,44.2787357312661,2500,0,0,0
3269,0,0,0,Xinjiang,89.7478435483403,44.3483695233335,2500,0,0,0
3270,0,0,0,Xinjiang,90.3735990812261,44.415239653322,2500,0,0,0
3271,0,0,0,Xinjiang,91.0005273838209,44.4793368597424,2500,0,0,0
3272,0,0,0,Xinjiang,91.6285816211415,44.5406522075546,2500,0,0,0
3273,0,0,0,Xinjiang,92.2577144294123,44.5991770963808,2500,0,0,0
3274,0,0,0,Xinjiang,92.8878779356011,44.6549032684759,2500,0,0,0
3275,0,0,0,Xinjiang,93.5190237775403,44.7078228164389,2500,0,0,0
3276,0,0,0,Inner Mongolia,112.020003162401,45.0000596789389,2500,0,0,0
3277,0,0,0,Inner Mongolia,113.928011210773,44.8925251760776,2500,0,0,0
3278,0,0,0,Inner Mongolia,114.562617068673,44.850991271818,2500,0,0,0
3279,0,0,0,Inner Mongolia,115.19644005721,44.8066225696908,2500,0,0,0
3280,365.966058185029,365.966058185029,0,Inner Mongolia,115.829430057869,44.7594254925284,2500,0.146386423274012,0.146386423274012,0
3281,296.81225093375,296.81225093375,0,Inner Mongolia,116.461537354628,44.7094068416821,2500,0.1187249003735,0.1187249003735,0
3282,0,0,0,Inner Mongolia,117.09271265624,44.6565737904946,2500,0,0,0
3283,0,0,0,Inner Mongolia,117.722907118008,44.6009338774584,2500,0,0,0
3284,841.725979783177,0,841.725979783177,Inner Mongolia,118.352072363036,44.5424949990731,2500,0.336690391913271,0,0.336690391913271
3285,818.12956385894,238.604672246894,579.524891612044,Inner Mongolia,118.980160502935,44.4812654024158,2500,0.327251825543576,0.0954418688987576,0.231809956644817
3286,0,0,0,Inner Mongolia,119.607124157963,44.4172536774368,2500,0,0,0
3287,0,0,0,Inner Mongolia,120.232916476577,44.3504687489983,2500,0,0,0
3288,0,0,0,Inner Mongolia,120.857491154386,44.2809198686675,2500,0,0,0
3289,0,0,0,Inner Mongolia,121.48080245248,44.208616606281,2500,0,0,0
3290,0,0,0,Inner Mongolia,122.10280521513,44.1335688412952,2500,0,0,0
3291,0,0,0,Inner Mongolia,122.723454886836,44.055786753937,2500,0,0,0
3292,0,0,0,Inner Mongolia,123.342707528714,43.9752808161722,2500,0,0,0
3293,0,0,0,Jilin,123.960519834212,43.8920617825048,2500,0,0,0
3294,0,0,0,Jilin,124.576849144147,43.8061406806241,2500,0,0,0
3295,0,0,0,Jilin,125.191653461041,43.7175288019153,2500,0,0,0
3296,0,0,0,Jilin,125.80489146277,43.6262376918468,2500,0,0,0
3297,0,0,0,Jilin,126.416522515504,43.5322791402526,2500,0,0,0
3298,330.93113954986,330.93113954986,0,Jilin,127.026506685935,43.435665171522,2500,0.132372455819944,0.132372455819944,0
3299,0,0,0,Jilin,127.634804752795,43.3364080347139,2500,0,0,0
3300,1.91369982716027,0,1.91369982716027,Jilin,128.241378217661,43.2345201936081,2500,0.000765479930864108,0,0.000765479930864108
3301,0,0,0,Jilin,128.846189315039,43.1300143167099,2500,0,0,0
3302,0,0,0,Jilin,129.449201021734,43.0229032672217,2500,0,0,0
3303,0,0,0,Xinjiang,80.9863036755901,43.5588751977571,2500,0,0,0
3304,0,0,0,Xinjiang,81.5945467831435,43.6641998827404,2500,0,0,0
3305,0,0,0,Xinjiang,82.204585444225,43.766892326887,2500,0,0,0
3306,0,0,0,Xinjiang,82.8163813550561,43.866939493112,2500,0,0,0
3307,0,0,0,Xinjiang,83.4298954571033,43.9643285525278,2500,0,0,0
3308,0,0,0,Xinjiang,84.0450879473032,44.0590468948344,2500,0,0,0
3309,0,0,0,Xinjiang,84.6619182890311,44.1510821386662,2500,0,0,0
3310,0,0,0,Xinjiang,85.2803452238146,44.240422141879,2500,0,0,0
3311,0,0,0,Xinjiang,85.900326783788,44.3270550117627,2500,0,0,0
3312,0,0,0,Xinjiang,86.5218203048857,44.4109691151643,2500,0,0,0
3313,0,0,0,Xinjiang,87.1447824407688,44.4921530885034,2500,0,0,0
3314,0,0,0,Xinjiang,87.7691691774798,44.5705958476664,2500,0,0,0
3315,0,0,0,Xinjiang,88.3949358488164,44.6462865977615,2500,0,0,0
3316,0,0,0,Xinjiang,89.0220371524173,44.719214842719,2500,0,0,0
3317,0,0,0,Xinjiang,89.6504271665493,44.7893703947204,2500,0,0,0
3318,0,0,0,Xinjiang,90.2800593675829,44.8567433834395,2500,0,0,0
3319,0,0,0,Xinjiang,90.9108866481456,44.9213242650797,2500,0,0,0
3320,0,0,0,Xinjiang,91.5428613359371,44.9831038311912,2500,0,0,0
3321,0,0,0,Inner Mongolia,114.624288351295,45.2958157109915,2500,0,0,0
3322,0,0,0,Inner Mongolia,115.262142629488,45.2511053764592,2500,0,0,0
3323,0,0,0,Inner Mongolia,115.89914782978,45.2035457699208,2500,0,0,0
3324,0,0,0,Inner Mongolia,116.535253307231,45.1531439050245,2500,0,0,0
3325,0,0,0,Inner Mongolia,117.170408855292,45.0999071783758,2500,0,0,0
3326,0,0,0,Inner Mongolia,117.804564728244,45.0438433623803,2500,0,0,0
3327,0,0,0,Inner Mongolia,118.43767166308,44.9849605977731,2500,0,0,0
3328,578.176089734136,425.565772793544,181.670988041059,Inner Mongolia,119.069680900815,44.9232673858505,2500,0.231270435893654,0.170226309117418,0.0726683952164236
3329,621.3364127642,548.090929817392,85.3592650659792,Inner Mongolia,119.700544207212,44.8587725804164,2500,0.24853456510568,0.219236371926957,0.0341437060263917
3330,0,0,0,Inner Mongolia,120.33021389289,44.7914853794631,2500,0,0,0
3331,0,0,0,Inner Mongolia,120.958642832807,44.721415316597,2500,0,0,0
3332,46.6787737269102,46.6787737269102,0,Inner Mongolia,121.585784485093,44.6485722522289,2500,0.0186715094907641,0.0186715094907641,0
3333,564.649921344289,564.649921344289,0,Jilin,122.211592909229,44.5729663645432,2500,0.225859968537716,0.225859968537716,0
3334,0,0,0,Jilin,122.836022783537,44.4946081402626,2500,0,0,0
3335,9.77443281551455,0,9.77443281551455,Jilin,123.459029421993,44.4135083652248,2500,0.00390977312620582,0,0.00390977312620582
3336,0,0,0,Jilin,124.080568790335,44.3296781147875,2500,0,0,0
3337,188.953649210809,188.953649210809,0,Jilin,124.700597521453,44.243128744077,2500,0.0755814596843237,0.0755814596843237,0
3338,0,0,0,Jilin,125.319072930075,44.1538718780991,2500,0,0,0
3339,0,0,0,Jilin,125.935953026707,44.0619194017262,2500,0,0,0
3340,0,0,0,Jilin,126.551196530857,43.9672834495779,2500,0,0,0
3341,0,0,0,Jilin,127.164762883505,43.8699763958108,2500,0,0,0
3342,72.8538087431628,72.8538087431628,0,Jilin,127.776612258846,43.7700108438334,2500,0.0291415234972651,0.0291415234972651,0
3343,517.047161209271,512.180270621522,4.86689058774367,Jilin,128.386705575275,43.667399615961,2500,0.206818864483709,0.204872108248609,0.00194675623509747
3344,113.815072404874,0,113.815072404874,Heilongjiang,128.995004505642,43.5621557430263,2500,0.0455260289619496,0,0.0455260289619496
3345,0,0,0,Jilin,129.601471486749,43.4542924539611,2500,0,0,0
3346,102.161952380683,102.161952380683,0,Jilin,130.206069728112,43.3438231653619,2500,0.0408647809522731,0.0408647809522731,0
3347,557.199333135333,540.343858854045,20.7465691037847,Jilin,130.808763219983,43.2307614710555,2500,0.222879733254133,0.216137543541618,0.00829862764151388
3348,0,0,0,Xinjiang,80.835548437077,43.9912456946344,2500,0,0,0
3349,2.06178853841971,0,2.06178853841993,Xinjiang,81.4473159245566,44.0973260145733,2500,0.000824715415367885,0,0.000824715415367971
3350,0,0,0,Xinjiang,82.0609117654397,44.2007592300262,2500,0,0,0
3351,0,0,0,Xinjiang,82.6762970854748,44.3015319286954,2500,0,0,0
3352,204.687651561775,204.687651561775,0,Xinjiang,83.293432233385,44.3996309102709,2500,0.0818750606247102,0.0818750606247102,0
3353,268.622247069332,268.622247069332,0,Xinjiang,83.9122767912524,44.495043197234,2500,0.107448898827733,0.107448898827733,0
3354,0,0,0,Xinjiang,84.5327895856773,44.58775604562,2500,0,0,0
3355,0,0,0,Xinjiang,85.1549286997101,44.6777569557251,2500,0,0,0
3356,0,0,0,Xinjiang,85.778651485556,44.7650336827403,2500,0,0,0
3357,0,0,0,Xinjiang,86.4039145780482,44.8495742472958,2500,0,0,0
3358,0,0,0,Xinjiang,87.0306739088846,44.9313669458992,2500,0,0,0
3359,0,0,0,Xinjiang,87.6588847216229,45.0104003612508,2500,0,0,0
3360,0,0,0,Xinjiang,88.2885015874256,45.0866633724182,2500,0,0,0
3361,0,0,0,Xinjiang,88.9194784215463,45.1601451648531,2500,0,0,0
3362,0,0,0,Xinjiang,89.5517685005477,45.2308352402336,2500,0,0,0
3363,0,0,0,Xinjiang,90.1853244802378,45.2987234261134,2500,0,0,0
3364,0,0,0,Inner Mongolia,116.609919266043,45.5974125240514,2500,0,0,0
3365,0,0,0,Inner Mongolia,117.24910480992,45.5437620828216,2500,0,0,0
3366,0,0,0,Inner Mongolia,117.887271360618,45.4872638473546,2500,0,0,0
3367,0,0,0,Inner Mongolia,118.524368747699,45.4279262123751,2500,0,0,0
3368,8.53072939253923,8.53072939253923,0,Inner Mongolia,119.16034732086,45.3657579434994,2500,0.00341229175701569,0.00341229175701569,0
3369,862.771913967708,32.0875930518973,830.68432091581,Inner Mongolia,119.795157971254,45.3007681688131,2500,0.345108765587083,0.0128350372207589,0.332273728366324
3370,0,0,0,Inner Mongolia,120.428752152178,45.2329663701713,2500,0,0,0
3371,0,0,0,Inner Mongolia,121.061081899101,45.1623623742377,2500,0,0,0
3372,1342.34950502629,1342.34950502629,0,Inner Mongolia,121.692099849018,45.0889663432787,2500,0.536939802010515,0.536939802010515,0
3373,1456.31947686991,1456.31947686991,0,Jilin,122.321759259117,45.0127887657303,2500,0.582527790747966,0.582527790747966,0
3374,16.8502871645242,16.8502871645242,0,Jilin,122.950014024736,44.9338404465545,2500,0.00674011486580967,0.00674011486580967,0
3375,334.492782995283,112.7731936856,227.382608863279,Jilin,123.576818696601,44.8521324974032,2500,0.133797113198113,0.0451092774742401,0.0909530435453114
3376,0,0,0,Jilin,124.202128497339,44.7676763266062,2500,0,0,0
3377,72.0095051593711,72.0095051593711,0,Jilin,124.825899337241,44.6804836290013,2500,0.0288038020637484,0.0288038020637484,0
3378,0,0,0,Jilin,125.448087829285,44.5905663756233,2500,0,0,0
3379,0,0,0,Jilin,126.068651303394,44.4979368032687,2500,0,0,0
3380,0,0,0,Jilin,126.687547819934,44.4026074039553,2500,0,0,0
3381,0,0,0,Jilin,127.304736182438,44.3045909142894,2500,0,0,0
3382,431.135339046281,187.865012099683,251.424958271598,Heilongjiang,127.92017594957,44.2039003047628,2500,0.172454135618512,0.0751460048398732,0.100569983308639
3383,36.1044596372883,0,36.1044596372883,Heilongjiang,128.533827446299,44.1005487689896,2500,0.0144417838549153,0,0.0144417838549153
3384,763.703865975747,0,763.703865975747,Heilongjiang,129.145651774312,43.994549712905,2500,0.305481546390299,0,0.305481546390299
3385,114.98269463628,114.98269463628,0,Jilin,129.755610821651,43.8859167439363,2500,0.0459930778545118,0.0459930778545118,0
3386,227.465994403983,227.465994403983,0,Jilin,130.363667271567,43.7746636601656,2500,0.0909863977615931,0.0909863977615931,0
3387,745.269227397271,68.2420473630945,696.534276610452,Heilongjiang,130.969784610623,43.6608044394964,2500,0.298107690958909,0.0272968189452378,0.278613710644181
3388,0,0,0,Xinjiang,80.6829266249441,44.4238991448003,2500,0,0,0
3389,0,0,0,Xinjiang,81.2982565814387,44.5307528393272,2500,0,0,0
3390,0,0,0,Xinjiang,81.9154484779769,44.6349442955628,2500,0,0,0
3391,225.582778101084,225.582778101084,0,Xinjiang,82.5344628602235,44.7364597126152,2500,0.0902331112404337,0.0902331112404337,0
3392,2058.36291735217,2058.36291735217,0,Xinjiang,83.1552594737741,44.8352855053742,2500,0.823345166940866,0.823345166940866,0
3393,558.106598731549,558.106598731548,0,Xinjiang,83.7777972746978,44.9314083157493,2500,0.22324263949262,0.223242639492619,0
3394,0,0,0,Xinjiang,84.4020344408867,45.02481502387,2500,0,0,0
3395,0,0,0,Xinjiang,85.0279283842091,45.1154927592337,2500,0,0,0
3396,0,0,0,Xinjiang,85.6554357634674,45.2034289117826,2500,0,0,0
3397,0,0,0,Xinjiang,86.2845124981555,45.2886111428926,2500,0,0,0
3398,0,0,0,Xinjiang,86.9151137830121,45.371027396256,2500,0,0,0
3399,0,0,0,Xinjiang,87.5471941033633,45.4506659086413,2500,0,0,0
3400,0,0,0,Xinjiang,88.1807072512482,45.5275152205097,2500,0,0,0
3401,0,0,0,Xinjiang,88.8156063423158,45.6015641864725,2500,0,0,0
3402,0,0,0,Xinjiang,89.4518438334861,45.672801985569,2500,0,0,0
3403,0,0,0,Xinjiang,90.0893715413594,45.7412181313473,2500,0,0,0
3404,0,0,0,Xinjiang,90.7281406613644,45.8068024817302,2500,0,0,0
3405,0,0,0,Inner Mongolia,116.685553628698,46.0422529720626,2500,0,0,0
3406,0,0,0,Inner Mongolia,117.328819840776,45.9881784247701,2500,0,0,0
3407,0,0,0,Inner Mongolia,117.971047243313,45.9312348855553,2500,0,0,0
3408,0,0,0,Inner Mongolia,118.612184736499,45.8714310134177,2500,0,0,0
3409,0,0,0,Inner Mongolia,119.252181757381,45.8087758489415,2500,0,0,0
3410,0,0,0,Inner Mongolia,119.890988301815,45.7432788054826,2500,0,0,0
3411,0,0,0,Inner Mongolia,120.528554945742,45.6749496600674,2500,0,0,0
3412,0,0,0,Inner Mongolia,121.164832865785,45.6037985440208,2500,0,0,0
3413,0.10984461649507,0.10984461649507,0,Inner Mongolia,121.799773859138,45.5298359333424,2500,4.3937846598028e-05,4.3937846598028e-05,0
3414,40.0977263384903,40.0977263384903,0,Jilin,122.433330362738,45.4530726388474,2499.99999999999,0.0160390905353962,0.0160390905353962,0
3415,0,0,0,Jilin,123.065455471693,45.3735197960926,2500,0,0,0
3416,0,0,0,Jilin,123.696102956969,45.2911888551036,2500,0,0,0
3417,518.484687333838,518.484687333839,0,Jilin,124.325227282313,45.2060915699233,2500,0.207393874933535,0.207393874933535,0
3418,0,0,0,Jilin,124.952783620398,45.1182399879995,2500,0,0,0
3419,0,0,0,Jilin,125.578727868191,45.0276464394297,2500,0,0,0
3420,0,0,0,Jilin,126.203016661534,44.9343235260817,2500,0,0,0
3421,0,0,0,Jilin,126.825607388921,44.8382841106075,2500,0,0,0
3422,0.399987509447666,0,0.39998750944774,Heilongjiang,127.446458204484,44.7395413053689,2500,0.000159995003779066,0,0.000159995003779096
3423,0,0,0,Heilongjiang,128.065528040171,44.6381084612922,2500,0,0,0
3424,0,0,0,Heilongjiang,128.682776617117,44.5339991566682,2500,0,0,0
3425,107.833505201885,0,107.833505201885,Heilongjiang,129.298164456215,44.427227185916,2500,0.0431334020807539,0,0.0431334020807539
3426,263.035074492769,263.035074492777,0,Heilongjiang,129.91165288788,44.3178065483258,2500,0.105214029797108,0.105214029797111,0
3427,78.5392262936243,78.5392262936243,0,Heilongjiang,130.523204061009,44.2057514367972,2500,0.0314156905174498,0.0314156905174498,0
3428,0,0,0,Heilongjiang,131.132780951145,44.0910762265886,2500,0,0,0
3429,6.94965810953927,0,6.94965810953903,Xinjiang,80.5284040917615,44.8568673343033,2500,0.00277986324381571,0,0.00277986324381561
3430,0,0,0,Xinjiang,81.1473351632869,44.9645127139797,2500,0,0,0
3431,0,0,0,Xinjiang,81.7681625714381,45.0694804467747,2500,0,0,0
3432,205.122757945431,205.122757945431,0,Xinjiang,82.3908462720581,45.1717563291769,2500,0.0820491031781723,0.0820491031781723,0
3433,135.428604241503,135.428604241503,0,Xinjiang,83.0153453970714,45.2713263772489,2500,0.0541714416966013,0.0541714416966013,0
3434,0,0,0,Xinjiang,83.6416182651853,45.3681768383197,2500,0,0,0
3435,0,0,0,Xinjiang,84.2696223934293,45.4622942026464,2500,0,0,0
3436,0,0,0,Xinjiang,84.8993145095321,45.5536652150253,2500,0,0,0
3437,0,0,0,Xinjiang,85.5306505651346,45.6422768863352,2500,0,0,0
3438,0,0,0,Xinjiang,86.1635857498373,45.7281165049945,2500,0,0,0
3439,0,0,0,Xinjiang,86.7980745060754,45.8111716483129,2500,0,0,0
3440,0,0,0,Xinjiang,87.4340705448173,45.8914301937195,2500,0,0,0
3441,0,0,0,Xinjiang,88.0715268620789,45.9688803298464,2500,0,0,0
3442,0,0,0,Xinjiang,88.7103957562425,46.0435105674506,2500,0,0,0
3443,0,0,0,Xinjiang,89.3506288461725,46.1153097501524,2500,0,0,0
3444,0,0,0,Xinjiang,89.9921770901126,46.1842670649729,2500,0,0,0
3445,0,0,0,Xinjiang,90.6349908053522,46.2503720526497,2500,0,0,0
3446,0,0,0,Inner Mongolia,117.409573766901,46.433197423567,2500,0,0,0
3447,0,0,0,Inner Mongolia,118.055913124856,46.3757973091248,2500,0,0,0
3448,0,0,0,Inner Mongolia,118.701141290755,46.3155154302513,2500,0,0,0
3449,0,0,0,Inner Mongolia,119.345206767051,46.2523611137314,2500,0,0,0
3450,0,0,0,Inner Mongolia,119.988058633015,46.1863440697799,2500,0,0,0
3451,0,0,0,Inner Mongolia,120.629646566637,46.1174743825151,2500,0,0,0
3452,270.236920542893,270.236920542898,0,Inner Mongolia,121.269920865802,46.0457625001528,2500,0.108094768217157,0.108094768217159,0
3453,0,0,0,Jilin,121.90883246873,45.9712192249386,2500,0,0,0
3454,0,0,0,Inner Mongolia,122.546332973668,45.8938557028399,2500,0,0,0
3455,102.160391928822,102.160391928822,0,Jilin,123.182374657812,45.8136834130149,2500,0.0408641567715287,0.0408641567715287,0
3456,989.658247065206,989.658247065206,0,Jilin,123.816910495446,45.7307141570799,2500,0.395863298826082,0.395863298826082,0
3457,0,0,0,Heilongjiang,124.449894175284,45.6449600481931,2500,0,0,0
3458,0,0,0,Heilongjiang,125.081280117014,45.5564334999751,2500,0,0,0
3459,0,0,0,Heilongjiang,125.711023487013,45.4651472152855,2500,0,0,0
3460,0,0,0,Heilongjiang,126.339080213257,45.3711141748743,2500,0,0,0
3461,1.53611738175061,0,1.53611738175061,Heilongjiang,126.96540699939,45.2743476259285,2500,0.000614446952700244,0,0.000614446952700244
3462,83.9035934911282,0,83.9035934911282,Heilongjiang,127.589961337961,45.17486107053,2500,0.0335614373964512,0,0.0335614373964512
3463,0,0,0,Heilongjiang,128.212701522828,45.0726682540473,2500,0,0,0
3464,0,0,0,Heilongjiang,128.833586660725,44.9677831534749,2500,0,0,0
3465,0,0,0,Heilongjiang,129.452576681988,44.8602199657413,2500,0,0,0
3466,0,0,0,Heilongjiang,130.069632350443,44.7499930960012,2500,0,0,0
3467,0,0,0,Heilongjiang,130.684715272468,44.6371171459296,2500,0,0,0
3468,963.842131066402,0,963.842131066402,Xinjiang,82.8736574436318,45.7077885691376,2500,0.385536852426561,0,0.385536852426561
3469,44.2663643156829,0,44.2663643156829,Xinjiang,83.5037078639692,45.8053843842968,2500,0.0177065457262732,0,0.0177065457262732
3470,0,0,0,Xinjiang,84.1355222287421,45.9002297699623,2500,0,0,0
3471,0,0,0,Xinjiang,84.7690565683253,45.9923110716224,2500,0,0,0
3472,0,0,0,Xinjiang,85.4042661131513,46.0816149065713,2500,0,0,0
3473,0,0,0,Xinjiang,86.0411053080501,46.1681281758594,2500,0,0,0
3474,0,0,0,Xinjiang,86.6795278274536,46.2518380761395,2500,0,0,0
3475,0,0,0,Xinjiang,87.3194865914575,46.3327321113892,2500,0,0,0
3476,0,0,0,Xinjiang,87.9609337827327,46.4107981044878,2500,0,0,0
3477,0,0,0,Xinjiang,88.603820864278,46.4860242086289,2500,0,0,0
3478,0,0,0,Xinjiang,89.2480985980023,46.5583989185463,2500,0,0,0
3479,0,0,0,Xinjiang,89.8937170641232,46.6279110815339,2500,0,0,0
3480,1377.96344547333,0,1377.96344547333,Xinjiang,90.5406256813692,46.6945499082377,2500,0.551185378189332,0,0.551185378189332
3481,0,0,0,Inner Mongolia,120.086392999893,46.6300048304873,2500,0,0,0
3482,0,0,0,Inner Mongolia,120.732051928735,46.5605809367493,2500,0,0,0
3483,0,0,0,Inner Mongolia,121.376371672082,46.4882941585601,2500,0,0,0
3484,0,0,0,Inner Mongolia,122.01930228949,46.4131556376035,2500,0,0,0
3485,517.722413329606,517.722413329606,0,Inner Mongolia,122.660794521594,46.3351768684586,2500,0.207088965331842,0.207088965331842,0
3486,291.525848465723,291.525848465723,0,Heilongjiang,123.300799809536,46.2543696875872,2500,0.116610339386289,0.116610339386289,0
3487,326.165144594,326.165144594,0,Jilin,123.939270313569,46.1707462621137,2500,0.1304660578376,0.1304660578376,0
3488,0,0,0,Heilongjiang,124.576158930838,46.0843190784181,2500,0,0,0
3489,0,0,0,Heilongjiang,125.211419312315,45.9951009305635,2500,0,0,0
3490,0,0,0,Heilongjiang,125.84500587889,45.9031049085784,2500,0,0,0
3491,0,0,0,Heilongjiang,126.4768738366,45.8083443866136,2500,0,0,0
3492,0,0,0,Heilongjiang,127.106979190997,45.7108330109951,2500,0,0,0
3493,200.488597710453,0,200.488597710453,Heilongjiang,127.735278760643,45.6105846881911,2500,0.0801954390841814,0,0.0801954390841814
3494,27.002846231965,0,27.0028462319656,Heilongjiang,128.361730189745,45.5076135727152,2500,0.010801138492786,0,0.0108011384927862
3495,0,0,0,Heilongjiang,128.986291959907,45.4019340549816,2500,0,0,0
3496,0,0,0,Heilongjiang,129.608923401015,45.2935607491347,2500,0,0,0
3497,0,0,0,Heilongjiang,130.229584701254,45.1825084808675,2500,0,0,0
3498,129.093384553889,115.828998600153,13.2643859537359,Heilongjiang,130.848236916255,45.0687922752504,2500,0.0516373538215554,0.0463315994400611,0.00530575438149435
3499,106.584906944823,0,106.584906944823,Xinjiang,82.730162251853,46.1447081871443,2500,0.0426339627779291,0,0.0426339627779291
3500,11.9584860141984,0,11.9584860141984,Xinjiang,83.3640333827243,46.2430676652488,2500,0.00478339440567935,0,0.00478339440567935
3501,0,0,0,Xinjiang,83.9997019558966,46.3386590351902,2500,0,0,0
3502,0,0,0,Xinjiang,84.6371232909182,46.4314682277932,2500,0,0,0
3503,0,0,0,Xinjiang,85.2762518826716,46.5214814514943,2500,0,0,0
3504,0,0,0,Xinjiang,85.9170414160117,46.608685204812,2500,0,0,0
3505,0,0,0,Xinjiang,86.559444781304,46.6930662887149,2499.99999999999,0,0,0
3506,0,0,0,Xinjiang,87.2034140908579,46.7746118188659,2500,0,0,0
3507,0,0,0,Xinjiang,87.8489006962453,46.8533092377209,2500,0,0,0
3508,0,0,0,Xinjiang,88.4958552064972,46.9291463264595,2500,0,0,0
3509,328.999361830733,0,328.999361830733,Xinjiang,89.1442275071653,47.002111216727,2500,0.131599744732293,0,0.131599744732293
3510,1597.47936139438,0,1597.47936139438,Xinjiang,89.7939667802373,47.0721924021649,2500,0.638991744557753,0,0.638991744557753
3511,1918.00234357411,0,1918.00234357411,Xinjiang,90.4450215248893,47.1393787497072,2500,0.767200937429646,0,0.767200937429646
3512,9.53448066579996,0,9.53448066579996,Inner Mongolia,120.186016057627,47.0743033237427,2500,0.00381379226631998,0,0.00381379226631998
3513,0,0,0,Inner Mongolia,120.835796586491,47.0043110642027,2500,0,0,0
3514,0,0,0,Inner Mongolia,121.484211717838,46.931434751583,2500,0,0,0
3515,0,0,0,Inner Mongolia,122.131210612328,46.8556858809212,2500,0,0,0
3516,8.71478871467247,8.71478871467247,0,Inner Mongolia,122.776743133558,46.7770763096024,2500,0.00348591548586899,0.00348591548586899,0
3517,0,0,0,Inner Mongolia,123.420759868007,46.6956182458351,2500,0,0,0
3518,342.30949703316,0,342.309497033159,Heilongjiang,124.063212144118,46.6113242369162,2500,0.136923798813264,0,0.136923798813264
3519,0,0,0,Heilongjiang,124.704052050525,46.5242071573053,2500,0,0,0
3520,0,0,0,Heilongjiang,125.3432324534,46.4342801965305,2500,0,0,0
3521,1.36038550428691,0,1.36038550428693,Heilongjiang,125.980707012909,46.3415568469494,2500,0.000544154201714766,0,0.000544154201714774
3522,3.42088773343055,0,3.42088773343049,Heilongjiang,126.616430198784,46.2460508913837,2500,0.00136835509337222,0,0.0013683550933722
3523,0,0,0,Heilongjiang,127.250357304984,46.1477763906517,2500,0,0,0
3524,0,0,0,Heilongjiang,127.88244446346,46.0467476710184,2500,0,0,0
3525,1.03007594849637,0,1.03007594849648,Heilongjiang,128.512648657007,45.9429793115834,2500,0.000412030379398547,0,0.000412030379398591
3526,0,0,0,Heilongjiang,129.140927731215,45.836486131628,2500,0,0,0
3527,0,0,0,Heilongjiang,129.76724040551,45.7272831779405,2500,0,0,0
3528,0,0,0,Heilongjiang,130.391546283283,45.6153857121382,2500,0,0,0
3529,0,0,0,Heilongjiang,131.013805861134,45.500809198007,2500,0,0,0
3530,0,0,0,Heilongjiang,131.633980537205,45.3835692888731,2500,0,0,0
3531,0,0,0,Heilongjiang,132.252032618634,45.2636818150285,2500,0,0,0
3532,0,0,0,Heilongjiang,132.867925328126,45.141162771223,2500,0,0,0
3533,0,0,0,Xinjiang,83.2225613194199,46.6812645497744,2500,0,0,0
3534,0,0,0,Xinjiang,83.8621287837323,46.7776204957927,2500,0,0,0
3535,0,0,0,Xinjiang,84.5034826217497,46.8711758011936,2500,0,0,0
3536,0,0,0,Xinjiang,85.1465765781657,46.9619162494819,2500,0,0,0
3537,0,0,0,Xinjiang,85.7913635623203,47.0498279206779,2500,0,0,0
3538,0,0,0,Xinjiang,86.437795664079,47.1348972042361,2500.00000000001,0,0,0
3539,0,0,0,Xinjiang,87.0858241706439,47.2171108118409,2500,0,0,0
3540,0,0,0,Xinjiang,87.73539958429,47.296455790056,2500,0,0,0
3541,833.474354979126,0,833.474354979126,Xinjiang,88.3864716410161,47.3729195328045,2500,0.33338974199165,0,0.33338974199165
3542,2394.2309551524,0,2394.2309551524,Xinjiang,89.0389893300998,47.4464897936566,2500,0.95769238206096,0,0.95769238206096
3543,2500,0,2500,Xinjiang,89.6929009145429,47.5171546979009,2500,1,0,1
3544,1248.00021828498,0,1248.00021828498,Xinjiang,90.3481539523921,47.5849027543758,2500,0.499200087313992,0,0.499200087313992
3545,0,0,0,Inner Mongolia,115.674783240265,47.9310373036717,2500,0,0,0
3546,0,0,0,Inner Mongolia,116.336977426365,47.8811005090055,2500,0,0,0
3547,0,0,0,Inner Mongolia,119.631659618973,47.586941347464,2500,0,0,0
3548,659.359383430892,0,659.359383430892,Inner Mongolia,120.286953101494,47.5192832364015,2500,0.263743753372356,0,0.263743753372356
3549,188.464245797364,0,188.464245797364,Inner Mongolia,120.94090675548,47.4487079301325,2500,0.0753856983189456,0,0.0753856983189456
3550,0,0,0,Inner Mongolia,121.59346811763,47.3752269078294,2500,0,0,0
3551,0,0,0,Inner Mongolia,122.244585428928,47.298852032575,2500,0,0,0
3552,0,0,0,Heilongjiang,122.89420765599,47.2195955395381,2500,0,0,0
3553,24.3294353438567,0,24.3294353438567,Heilongjiang,123.542284511539,47.1374700239095,2500,0.00973177413754267,0,0.00973177413754267
3554,46.9663742331255,0,46.9663742331255,Heilongjiang,124.188766473985,47.0524884286205,2500,0.0187865496932502,0,0.0187865496932502
3555,0,0,0,Heilongjiang,124.833604806103,46.9646640318686,2500,0,0,0
3556,172.970525767511,0,172.970525767511,Heilongjiang,125.476751572802,46.8740104344726,2500,0.0691882103070044,0,0.0691882103070043
3557,2.12544907762793,0,2.12544907762757,Heilongjiang,126.118159657959,46.7805415470813,2500,0.000850179631051174,0,0.00085017963105103
3558,40.4879779488105,0,40.4879779488084,Heilongjiang,126.757782780333,46.6842715772582,2500,0.0161951911795242,0,0.0161951911795234
3559,0,0,0,Heilongjiang,127.395575508529,46.5852150164644,2500,0,0,0
3560,0,0,0,Heilongjiang,128.031493275029,46.4833866269628,2500,0,0,0
3561,0,0,0,Heilongjiang,128.665492389271,46.3788014286652,2500,0,0,0
3562,21.2821419332537,0,21.2821419332554,Heilongjiang,129.297530049792,46.2714746859424,2500,0.00851285677330148,0,0.00851285677330217
3563,0,0,0,Heilongjiang,129.927564355418,46.1614218944206,2500,0,0,0
3564,0,0,0,Heilongjiang,130.555554315517,46.0486587677816,2500,0,0,0
3565,0,0,0,Heilongjiang,131.181459859316,45.9332012245878,2500,0,0,0
3566,0,0,0,Heilongjiang,131.805241844288,45.8150653751518,2500,0,0,0
3567,0,0,0,Heilongjiang,132.42686206361,45.6942675084657,2500,0,0,0
3568,0,0,0,Heilongjiang,133.046283252716,45.5708240792119,2500,0,0,0
3569,0,0,0,Xinjiang,83.0792573333229,47.1200141326628,2500,0,0,0
3570,0,0,0,Xinjiang,85.6640404572219,47.4915980091994,2500,0,0,0
3571,0,0,0,Xinjiang,86.314550011201,47.5773731295671,2500,0,0,0
3572,0,0,0,Xinjiang,86.9666872156108,47.6602720059417,2500,0,0,0
3573,22.7183494682848,0,22.7183494682848,Xinjiang,87.6204017047763,47.7402812726743,2500,0.0090873397873139,0,0.0090873397873139
3574,2398.83445435267,0,2398.83445435267,Xinjiang,88.275642322107,47.8173879203424,2500,0.959533781741067,0,0.959533781741067
3575,2160.86771606422,0,2160.86771606422,Xinjiang,88.9323571401584,47.8915793086148,2500,0.86434708642569,0,0.86434708642569
3576,1135.31162152513,0,1135.31162152513,Xinjiang,89.5904934816231,47.9628431788976,2500,0.45412464861005,0,0.45412464861005
3577,0,0,0,Inner Mongolia,116.413376797544,48.3299110284315,2500,0,0,0
3578,373.202388058274,373.202388058274,0,Inner Mongolia,117.07892960576,48.2765390342998,2500,0.14928095522331,0.14928095522331,0
3579,1183.53263665994,1183.53263665994,0,Inner Mongolia,117.743393167038,48.2201743692905,2500,0.473413054663978,0.473413054663978,0
3580,0,0,0,Inner Mongolia,118.406710777366,48.1608267374732,2500,0,0,0
3581,0,0,0,Inner Mongolia,119.06882633731,48.09850629482,2500,0,0,0
3582,171.473426160652,171.473426160652,0,Inner Mongolia,119.729684378216,48.0332236384185,2500,0.0685893704642608,0.0685893704642608,0
3583,21.937262440404,21.937262440404,0,Inner Mongolia,120.389230087599,47.9649897953147,2500,0.0087749049761616,0.0087749049761616,0
3584,0,0,0,Inner Mongolia,121.047409333709,47.8938162110108,2500,0,0,0
3585,0,0,0,Inner Mongolia,121.704168689237,47.8197147376418,2500,0,0,0
3586,0,0,0,Inner Mongolia,122.359455454138,47.7426976218558,2500,0,0,0
3587,0,0,0,Heilongjiang,123.013217677575,47.6627774924231,2500,0,0,0
3588,16.2159386000211,0,16.2159386000211,Heilongjiang,123.665404178929,47.5799673475979,2500,0.00648637544000846,0,0.00648637544000846
3589,293.244937240352,0,293.244937240352,Heilongjiang,124.315964567893,47.49428054226,2500,0.117297974896141,0,0.117297974896141
3590,0.0420484277589417,0,0.0420484277589417,Heilongjiang,124.964849263622,47.4057307748587,2500,1.68193711035767e-05,0,1.68193711035767e-05
3591,142.361732663921,0,142.361732663921,Heilongjiang,125.612009512917,47.3143320741849,2500,0.0569446930655683,0,0.0569446930655683
3592,0,0,0,Heilongjiang,126.25739740746,47.2200987859973,2500,0,0,0
3593,0,0,0,Heilongjiang,126.900965900066,47.1230455595247,2500,0,0,0
3594,0,0,0,Heilongjiang,127.542668819957,47.0231873338694,2500,0,0,0
3595,0,0,0,Heilongjiang,128.182460887064,46.9205393243361,2500,0,0,0
3596,0,0,0,Heilongjiang,128.820297725331,46.8151170087078,2500,0,0,0
3597,0,0,0,Heilongjiang,129.456135875047,46.7069361134919,2500,0,0,0
3598,0,0,0,Heilongjiang,130.089932804188,46.5960126001591,2500,0,0,0
3599,0,0,0,Heilongjiang,130.721646918783,46.4823626513952,2500,0,0,0
3600,0,0,0,Heilongjiang,131.351237572303,46.366002657387,2500,0,0,0
3601,0,0,0,Heilongjiang,131.978665074088,46.2469492021626,2500,0,0,0
3602,0,0,0,Heilongjiang,132.60389069681,46.1252190500037,2500,0,0,0
3603,602.713688719667,13.9851516398234,588.728537079856,Heilongjiang,133.226876682989,46.0008291319506,2500,0.241085475487867,0.00559406065592937,0.235491414831943
3604,407.013139905783,0,407.013139905783,Xinjiang,86.1896765728602,48.0205378452772,2500.00000000001,0.162805255962313,0,0.162805255962313
3605,0,0,0,Xinjiang,86.8459728439768,48.1041398239566,2500,0,0,0
3606,0,0,0,Xinjiang,87.503877568596,48.1848307368127,2500,0,0,0
3607,1699.23973405592,0,1699.23973405592,Xinjiang,88.1633386774747,48.2625971540815,2500,0.679695893622369,0,0.679695893622369
3608,0,0,0,Inner Mongolia,116.490808225712,48.7795780023916,2500,0,0,0
3609,2046.02373059528,2046.02373059528,0,Inner Mongolia,117.160788501979,48.7257358608486,2500,0.818409492238111,0.818409492238111,0
3610,1003.85296117102,1003.85296117102,0,Inner Mongolia,117.829657460469,48.6688761992464,2500,0.401541184468408,0.401541184468408,0
3611,0,0,0,Inner Mongolia,118.497357301377,48.6090090472653,2500,0,0,0
3612,0,0,0,Inner Mongolia,119.163830849745,48.5461449002912,2500,0,0,0
3613,9.80348201441486,9.80348201441486,0,Inner Mongolia,119.829021582459,48.4802947080827,2500,0.00392139280576594,0.00392139280576594,0
3614,0.297734098472013,0.297734098472013,0,Inner Mongolia,120.492873654407,48.4114698630534,2500,0.000119093639388805,0.000119093639388805,0
3615,0,0,0,Inner Mongolia,121.155331923759,48.339682188196,2500,0,0,0
3616,0,0,0,Inner Mongolia,121.816341976361,48.2649439246753,2500,0,0,0
3617,0,0,0,Inner Mongolia,122.47585014921,48.1872677191131,2500,0,0,0
3618,0,0,0,Inner Mongolia,123.133803552987,48.1066666105964,2500,0,0,0
3619,0,0,0,Heilongjiang,123.790150093643,48.0231540174307,2500,0,0,0
3620,229.372689223628,0,229.372689223629,Heilongjiang,124.444838493007,47.9367437236691,2500,0.091749075689451,0,0.0917490756894515
3621,130.640458796754,0,130.640458796754,Heilongjiang,125.097818308414,47.8474498654398,2500,0.0522561835187016,0,0.0522561835187016
3622,0,0,0,Heilongjiang,125.749039951334,47.7552869171029,2500,0,0,0
3623,0,0,0,Heilongjiang,126.398454704995,47.6602696772582,2500,0,0,0
3624,0,0,0,Heilongjiang,127.04601474099,47.5624132546328,2500,0,0,0
3625,0,0,0,Heilongjiang,127.691673134866,47.4617330538732,2500,0,0,0
3626,0,0,0,Heilongjiang,128.335383880689,47.3582447612655,2500,0,0,0
3627,117.743870142336,117.743870142335,0,Heilongjiang,128.977101904584,47.2519643304104,2500,0.0470975480569346,0.0470975480569338,0
3628,4.18968676547727,0,4.18968676547727,Heilongjiang,129.616783077247,47.1429079678748,2500,0.00167587470619091,0,0.00167587470619091
3629,0.612440954739145,0,0.612440954739145,Heilongjiang,130.25438422544,47.0310921188434,2500,0.000244976381895658,0,0.000244976381895658
3630,13.3063644875673,0,13.3063644875672,Heilongjiang,130.889863142461,46.9165334527946,2500,0.00532254579502693,0,0.00532254579502689
3631,0,0,0,Heilongjiang,131.523178597606,46.7992488492194,2500,0,0,0
3632,338.825583186917,338.825583186917,0,Heilongjiang,132.154290344618,46.679255383407,2500,0.135530233274767,0.135530233274767,0
3633,310.199137840219,310.199137840219,0,Heilongjiang,132.78315912915,46.5565703123147,2500,0.124079655136087,0.124079655136087,0
3634,190.223486993135,190.223486993135,0,Heilongjiang,133.409746695232,46.4312110605432,2500,0.076089394797254,0.076089394797254,0
3635,1003.85629820359,1003.85629820359,0,Xinjiang,86.7236498827298,48.5487602893403,2500,0.401542519281437,0.401542519281437,0
3636,1552.88874080301,1552.88874080301,0,Xinjiang,87.3857969154762,48.6301508696184,2500,0.621155496321202,0.621155496321202,0
3637,16.4282112300345,12.346988843257,4.08122238677749,Xinjiang,88.0495313846558,48.7085945695338,2500,0.00657128449201379,0.00493879553730279,0.00163248895471099
3638,0,0,0,Inner Mongolia,116.56929266958,49.2301533034672,2500,0,0,0
3639,1270.6779699366,1270.6779699366,0,Inner Mongolia,117.243758815503,49.1758281929059,2500,0.508271187974638,0.508271187974638,0
3640,1541.02705921282,1541.02705921282,0,Inner Mongolia,117.917090975645,49.1184600738311,2500,0.61641082368513,0.61641082368513,0
3641,0,0,0,Inner Mongolia,118.589230226592,49.0580593162163,2500,0,0,0
3642,0,0,0,Inner Mongolia,119.260118290857,48.994636770081,2500,0,0,0
3643,0,0,0,Inner Mongolia,119.929697564709,48.9282037535757,2500,0,0,0
3644,0,0,0,Inner Mongolia,120.597911145116,48.8587720406678,2500,0,0,0
3645,0,0,0,Inner Mongolia,121.264702855775,48.7863538484563,2500,0,0,0
3646,0,0,0,Inner Mongolia,121.930017272214,48.7109618241417,2500,0,0,0
3647,0,0,0,Inner Mongolia,122.593799745926,48.6326090316816,2500,0,0,0
3648,0,0,0,Inner Mongolia,123.255996427529,48.5513089381573,2500,0,0,0
3649,0,0,0,Inner Mongolia,123.916554288928,48.4670753998835,2500,0,0,0
3650,0,0,0,Heilongjiang,124.57542114446,48.3799226482858,2500,0,0,0
3651,249.563701876882,0,249.563701876885,Heilongjiang,125.232545671013,48.2898652755775,2500,0.0998254807507529,0,0.099825480750754
3652,0,0,0,Heilongjiang,125.8878774271,48.196918220261,2500,0,0,0
3653,0,0,0,Heilongjiang,126.541366870884,48.1010967524842,2500,0,0,0
3654,18.6123709609463,0,18.6123709609468,Heilongjiang,127.192965377149,48.0024164592767,2500,0.0074449483843785,0,0.00744494838437873
3655,41.4719967227729,41.4719967227736,41.4719271238789,Heilongjiang,127.8426252532,47.9008932296955,2500,0.0165887986891092,0.0165887986891094,0.0165887708495516
3656,0,0,0,Heilongjiang,128.490299753701,47.7965432399038,2500,0,0,0
3657,0,0,0,Heilongjiang,129.13594309444,47.6893829382107,2500,0,0,0
3658,14.9290912017594,0,14.9290912017593,Heilongjiang,129.779510465034,47.5794290300965,2500,0.00597163648070377,0,0.00597163648070372
3659,0,0,0,Heilongjiang,130.420958040557,47.4666984632474,2500,0,0,0
3660,0,0,0,Heilongjiang,131.06024299212,47.3512084126237,2500,0,0,0
3661,4.37849940351624,0,4.37849940351595,Heilongjiang,131.697323496386,47.2329762655841,2500,0.0017513997614065,0,0.00175139976140638
3662,0.0119931880109946,0.0119931880109946,0,Heilongjiang,132.332158744052,47.1120196070883,2500,4.79727520439785e-06,4.79727520439785e-06,0
3663,877.430466192372,877.430466192372,0,Heilongjiang,132.964708947278,46.9883562049987,2500,0.350972186476949,0.350972186476949,0
3664,3.82572903599277,3.82572903599277,0,Heilongjiang,133.594935346112,46.8620039955011,2500,0.00153029161439711,0.00153029161439711,0
3665,1107.91119738826,1107.91119738826,0,Xinjiang,87.2661286889032,49.0762900970664,2500,0.443164478955303,0.443164478955303,0
3666,0,0,0,Inner Mongolia,116.648851656544,49.6816908449785,2500,0,0,0
3667,0,0,0,Inner Mongolia,117.327863217706,49.6268694231557,2500,0,0,0
3668,0,0,0,Inner Mongolia,118.005717507696,49.5689788412294,2500,0,0,0
3669,0,0,0,Inner Mongolia,118.682354450806,49.5080298250499,2500,0,0,0
3670,0,0,0,Inner Mongolia,119.35771463919,49.4440335954182,2500,0,0,0
3671,0,0,0,Inner Mongolia,120.031739361552,49.3770018555511,2500,0,0,0
3672,0,0,0,Inner Mongolia,120.704370630903,49.3069467781315,2500,0,0,0
3673,0,0,0,Inner Mongolia,121.375551211367,49.2338809919732,2500,0,0,0
3674,0,0,0,Inner Mongolia,122.04522464401,49.1578175683294,2500,0,0,0
3675,0,0,0,Inner Mongolia,122.71333527166,49.0787700068763,2500,0,0,0
3676,0,0,0,Inner Mongolia,123.379828262708,48.9967522214009,2500,0,0,0
3677,0,0,0,Inner Mongolia,124.044649633866,48.9117785252242,2500,0,0,0
3678,0,0,0,Heilongjiang,124.70774627186,48.8238636163894,2500,0,0,0
3679,0,0,0,Heilongjiang,125.369065954051,48.7330225626459,2500,0,0,0
3680,0,0,0,Heilongjiang,126.028557367967,48.639270786259,2500,0,0,0
3681,328.587680315605,0,328.587680315605,Heilongjiang,126.686170129741,48.5426240486736,2500,0.131435072126242,0,0.131435072126242
3682,667.945793789792,0,667.945793789792,Heilongjiang,127.341854801444,48.443098435063,2500,0.267178317515917,0,0.267178317515917
3683,955.675987438287,955.673133670316,859.53059180179,Heilongjiang,127.995562907301,48.3407103387902,2500,0.382270394975315,0.382269253468127,0.343812236720716
3684,437.759372000077,437.759372000062,166.097644506131,Heilongjiang,128.647246948807,48.2354764458091,2500,0.175103748800031,0.175103748800025,0.0664390578024523
3685,153.703481085683,153.703481085693,0,Heilongjiang,129.296860418716,48.1274137190347,2500,0.0614813924342734,0.0614813924342772,0
3686,0,0,0,Heilongjiang,129.944357813927,48.0165393827071,2500,0,0,0
3687,82.8904703942378,0,82.8904703942378,Heilongjiang,130.589694647256,47.9028709067759,2500,0.0331561881576951,0,0.0331561881576951
3688,0,0,0,Heilongjiang,131.873713822042,47.6672225510979,2500,0,0,0
3689,0,0,0,Heilongjiang,132.512312359266,47.5452787000345,2500,0,0,0
3690,138.552911599678,138.552911599678,0,Heilongjiang,133.148582742041,47.4206127360307,2500,0.0554211646398712,0.0554211646398712,0
3691,598.67373063905,598.67373063905,0,Heilongjiang,133.782485701028,47.2932431257514,2500,0.23946949225562,0.23946949225562,0
3692,0,0,0,Inner Mongolia,118.776755545863,49.9589749307676,2500,0,0,0
3693,0,0,0,Inner Mongolia,119.456646574289,49.8943891087197,2500,0,0,0
3694,0,0,0,Inner Mongolia,120.135174736618,49.8267420996584,2500,0,0,0
3695,0,0,0,Inner Mongolia,120.812280935094,49.7560464931929,2500,0,0,0
3696,0,0,0,Inner Mongolia,121.487906848437,49.6823153485296,2500,0,0,0
3697,0,0,0,Inner Mongolia,122.161994958422,49.6055621800762,2500,0,0,0
3698,0,0,0,Inner Mongolia,122.83448857541,49.5258009427102,2500,0,0,0
3699,0,0,0,Inner Mongolia,123.505331862809,49.4430460167437,2500,0,0,0
3700,0,0,0,Inner Mongolia,124.174469860438,49.3573121926178,2500,0,0,0
3701,0,0,0,Inner Mongolia,124.841848506789,49.268614655358,2500,0,0,0
3702,0,0,0,Heilongjiang,125.507414660161,49.1769689688233,2500,0,0,0
3703,0,0,0,Heilongjiang,126.171116118662,49.0823910597814,2500,0,0,0
3704,0,0,0,Heilongjiang,126.832901639062,48.9848972018393,2500,0,0,0
3705,24.1919971110623,0,24.1919971110623,Heilongjiang,127.492720954493,48.8845039992638,2500,0.0096767988444249,0,0.0096767988444249
3706,468.260887537022,348.162078424475,448.804291909612,Heilongjiang,128.150524790996,48.7812283707183,2500,0.187304355014809,0.13926483136979,0.179521716763845
3707,535.193800914366,114.336872622874,429.847051289584,Heilongjiang,128.806264882898,48.6750875329488,2500,0.214077520365746,0.0457347490491495,0.171938820515834
3708,306.733897737083,306.733897737083,0,Heilongjiang,129.459893987039,48.5660989844462,2500,0.122693559094833,0.122693559094833,0
3709,638.929859738815,638.92985973881,0,Heilongjiang,130.111365895829,48.4542804891132,2500,0.255571943895526,0.255571943895524,0
3710,137.138570243419,0,137.138570243419,Heilongjiang,130.760635449158,48.3396500599639,2500,0.0548554280973676,0,0.0548554280973676
3711,0,0,0,Heilongjiang,133.334824137906,47.8533770773242,2500,0,0,0
3712,0,0,0,Heilongjiang,133.972441863398,47.7249647615629,2500,0,0,0
3713,343.731540668876,343.731540668876,0,Heilongjiang,134.607608792953,47.5938529189907,2500,0.13749261626755,0.13749261626755,0
3714,0,0,0,Inner Mongolia,119.556941500326,50.3457592172998,2500,0,0,0
3715,0,0,0,Inner Mongolia,120.240032204978,50.2774797074618,2500,0,0,0
3716,0,0,0,Inner Mongolia,120.92167165829,50.2061256994382,2500,0,0,0
3717,0,0,0,Inner Mongolia,121.601800426992,50.1317107026571,2500,0,0,0
3718,117.602682418468,0,117.602682418468,Inner Mongolia,122.280359908034,50.0542486949511,2500,0.0470410729673873,0,0.0470410729673873
3719,341.41094271167,0,341.41094271167,Inner Mongolia,122.957292354851,49.9737541070632,2500,0.136564377084668,0,0.136564377084668
3720,0,0,0,Inner Mongolia,123.632540902491,49.8902418068425,2500,0,0,0
3721,0,0,0,Inner Mongolia,124.306049591621,49.803727083163,2500,0,0,0
3722,0,0,0,Inner Mongolia,124.977763391362,49.7142256295998,2500,0,0,0
3723,0,0,0,Heilongjiang,125.647628220951,49.6217535278979,2500,0,0,0
3724,235.526462173319,235.526462173319,0,Heilongjiang,126.315590970218,49.5263272312675,2500,0.0942105848693276,0.0942105848693276,0
3725,458.709030011133,365.26522543535,93.4438045757827,Heilongjiang,126.981599518867,49.4279635475379,2500,0.183483612004454,0.14610609017414,0.0373775218303131
3726,12.9919250898234,0,12.9919250898234,Heilongjiang,127.645602754551,49.3266796222049,2500,0.00519677003592935,0,0.00519677003592935
3727,1019.56437755109,0,1019.56437755109,Heilongjiang,128.307550589741,49.2224929214027,2500,0.407825751020436,0,0.407825751020436
3728,530.154000116511,0,530.154000116511,Heilongjiang,128.967393977378,49.1154212148316,2500,0.212061600046604,0,0.212061600046604
3729,388.864283094527,31.1948820324007,357.669401062125,Heilongjiang,129.625084925324,49.0054825586736,2500,0.155545713237811,0.0124779528129603,0.14306776042485
3730,362.799519057461,362.799519057474,0,Heilongjiang,134.164849004942,48.1572064017195,2500,0.145119807622984,0.14511980762299,0
3731,0,0,0,Inner Mongolia,119.658627570674,50.7982021477272,2500,0,0,0
3732,0,0,0,Inner Mongolia,120.34634105852,50.7292721777387,2500,0,0,0
3733,0,0,0,Inner Mongolia,121.032573204497,50.6572411444594,2500,0,0,0
3734,0,0,0,Inner Mongolia,121.717263435983,50.5821230286107,2500,0,0,0
3735,8.22477420901549,0,8.22477420901549,Inner Mongolia,122.400352038842,50.503932292979,2500,0.0032899096836062,0,0.0032899096836062
3736,382.741958162614,0,382.741958162614,Inner Mongolia,123.081780184435,50.4226838661103,2500,0.153096783265046,0,0.153096783265046
3737,0,0,0,Inner Mongolia,123.761489955456,50.3383931256855,2500,0,0,0
3738,308.530290362579,308.530290362579,0,Inner Mongolia,124.439424370579,50.2510758816135,2500,0.123412116145032,0.123412116145032,0
3739,13.7837152905167,13.7837152905167,0,Inner Mongolia,125.115527407887,50.1607483588791,2500,0.00551348611620668,0.00551348611620668,0
3740,0,0,0,Heilongjiang,125.789744027076,50.0674271801814,2500,0,0,0
3741,0,0,0,Heilongjiang,126.462020190418,49.9711293484013,2500,0,0,0
3742,15.3249394713545,0,15.3249394713548,Heilongjiang,127.132302882474,49.8718722289311,2500,0.00612997578854179,0,0.00612997578854191
3743,0,0,0,Inner Mongolia,120.45413139235,51.1821794391867,2500,0,0,0
3744,0,0,0,Inner Mongolia,121.145016808306,51.109451959126,2500,0,0,0
3745,0,0,0,Inner Mongolia,121.834328221216,51.033610636136,2500,0,0,0
3746,0,0,0,Inner Mongolia,122.522004778839,50.9546704408448,2500,0,0,0
3747,0,0,0,Inner Mongolia,123.207986544621,50.8726468229112,2500,0,0,0
3748,0,0,0,Inner Mongolia,123.892214524256,50.787555693525,2500,0,0,0
3749,810.612071526467,810.612071526467,0,Inner Mongolia,124.57463069099,50.6994134076207,2500,0.324244828610587,0.324244828610587,0
3750,194.72534475876,194.72534475876,0,Inner Mongolia,125.255178009662,50.6082367458425,2500,0.0778901379035038,0.0778901379035038,0
3751,179.29588989343,0,179.29588989343,Heilongjiang,125.933800459464,50.5140428963009,2500,0.0717183559573717,0,0.0717183559573717
3752,0,0,0,Heilongjiang,126.610443055395,50.4168494361589,2500,0,0,0
3753,2.10273004723718,0,2.10273004723679,Heilongjiang,127.285051868419,50.3166743130869,2500,0.000841092018894871,0,0.000841092018894715
3754,620.661947262447,620.661947262447,0,Inner Mongolia,120.563434132271,51.6362640156925,2500,0.248264778904979,0.248264778904979,0
3755,0,0,0,Inner Mongolia,121.25903456318,51.5628198190748,2500,0,0,0
3756,0,0,0,Inner Mongolia,121.953028014385,51.4862343281079,2500,0,0,0
3757,997.050909432556,997.050909432555,0,Inner Mongolia,122.645352467751,51.4065230456173,2500,0.398820363773022,0.398820363773022,0
3758,404.819128078664,404.819128078664,0,Heilongjiang,123.33594685225,51.3237019671657,2500,0.161927651231465,0.161927651231465,0
3759,0,0,0,Inner Mongolia,124.024751071259,51.2377875626202,2500,0,0,0
3760,6.80417584808431,6.80417584808431,0,Inner Mongolia,124.711706028555,51.1487967574276,2500,0.00272167033923373,0.00272167033923373,0
3761,1045.2049040961,1045.2049040961,0,Inner Mongolia,125.396753652978,51.0567469136393,2500,0.418081961638441,0.418081961638441,0
3762,328.580931581269,20.117176440878,308.463755140392,Heilongjiang,126.079836921752,50.9616558107279,2500,0.131432372632508,0.0080468705763512,0.123385502056157
3763,0,0,0,Heilongjiang,126.760899882451,50.8635416262377,2500,0,0,0
3764,0,0,0,Inner Mongolia,121.374659450879,52.0174091196674,2500,0,0,0
3765,0,0,0,Inner Mongolia,122.073396963279,51.9400575712491,2500,0,0,0
3766,1078.72064614628,1078.72064614628,0,Heilongjiang,122.770430387968,51.8595526211604,2500,0.431488258458511,0.431488258458511,0
3767,268.655202755097,268.655202755097,0,Heilongjiang,123.465697492138,51.7759108372607,2500,0.107462081102039,0.107462081102039,0
3768,0,0,0,Heilongjiang,124.159137050856,51.689149274873,2500,0,0,0
3769,247.629467380225,247.629467380225,0,Heilongjiang,124.850688873762,51.599285457058,2500,0.09905178695209,0.09905178695209,0
3770,1275.99442351706,1275.99442351706,0,Heilongjiang,125.540293830372,51.5063373546362,2500,0.510397769406825,0.510397769406825,0
3771,709.761741253588,691.403793266081,18.3579479875068,Heilongjiang,126.227893873978,51.4103233660035,2500,0.283904696501435,0.276561517306432,0.00734317919500271
3772,0,0,0,Heilongjiang,126.913432064126,51.3112622967851,2500,0,0,0
3773,0,0,0,Inner Mongolia,120.079874046707,52.6199569048577,2500,0,0,0
3774,0,0,0,Inner Mongolia,120.786704859888,52.5482292753788,2500,0,0,0
3775,0,0,0,Inner Mongolia,121.491925372103,52.4732871658179,2500,0,0,0
3776,669.11944178829,0,669.11944178829,Inner Mongolia,122.195470163224,52.3951466812818,2500,0.267647776715316,0,0.267647776715316
3777,831.785162816246,0,831.785162816246,Heilongjiang,122.897274796723,52.3138244685376,2500,0.332714065126498,0,0.332714065126498
3778,0.707349205331376,0,0.707349205331376,Heilongjiang,123.597275849945,52.2293376958664,2500,0.00028293968213255,0,0.00028293968213255
3779,0,0,0,Heilongjiang,124.29541094295,52.1417040325676,2500,0,0,0
3780,26.9794401234754,0,26.9794401234754,Heilongjiang,124.991618765934,52.0509416281619,2500,0.0107917760493902,0,0.0107917760493902
3781,160.896798756836,23.2081456687599,137.688653088076,Heilongjiang,125.685839105187,51.9570690913437,2500,0.0643587195027342,0.00928325826750395,0.0550754612352302
3782,1034.1138260444,40.5482899453033,993.565536099099,Heilongjiang,126.378012867587,51.8601054687294,2500,0.41364553041776,0.0162193159781213,0.397426214439639
3783,0,0,0,Inner Mongolia,120.900739116048,53.0062496724692,2500,0,0,0
3784,0,0,0,Inner Mongolia,121.610867178395,52.9305243782644,2500,0,0,0
3785,0,0,0,Heilongjiang,122.319283689806,52.8515710240353,2500,0,0,0
3786,0,0,0,Heilongjiang,123.025922959583,52.7694068718773,2500,0,0,0
3787,0,0,0,Heilongjiang,123.730720346365,52.6840497204968,2500,0,0,0
3788,0,0,0,Heilongjiang,124.433612287788,52.5955178835745,2500,0,0,0
3789,601.489787761023,0,601.489787761023,Heilongjiang,125.13453632864,52.503830167825,2500,0.240595915104409,0,0.240595915104409
3790,938.747594980799,0,938.747594980799,Heilongjiang,125.833431147497,52.4090058508052,2500,0.37549903799232,0,0.37549903799232
3791,0,0,0,Heilongjiang,122.444874632953,53.309403234223,2500,0,0,0
3792,0,0,0,Heilongjiang,123.156413185312,53.2263713113521,2500,0,0,0
3793,0,0,0,Heilongjiang,123.866070472712,53.1401172106221,2500,0,0,0
3794,56.0307590813989,56.0307590813989,56.0307590813989,Heilongjiang,124.573781722203,53.0506599225448,2500,0.0224123036325596,0.0224123036325596,0.0224123036325596
3795,813.579089926167,813.579089926167,813.579089926167,Heilongjiang,125.279483306533,52.9580189438063,2500,0.325431635970466,0.325431635970466,0.325431635970466
