grid_id,nn_pa_km,n_pa_50km,pa_km2_50km,n_pa_100km,pa_km2_100km,n_pa_200km,pa_km2_200km,pa_km2_200km_N,pa_km2_200km_NE,pa_km2_200km_E,pa_km2_200km_SE,pa_km2_200km_S,pa_km2_200km_SW,pa_km2_200km_W,pa_km2_200km_NW,province,cen_lon,cen_lat
1,1058.16445908436,0,0,0,0,0,0,0,0,0,0,0,0,0,0,Hainan,110.454769190569,8.17245606664609
2,299.579676328849,0,0,0,0,0,0,0,0,0,0,0,0,0,0,Hainan,111.779680838859,16.2133034273503
3,5.47363121754048,7,70.0690662976829,14,668.142408142605,27,1425.76248720307,472.837300130637,308.722756027804,0,0,0,4.73437534131391,42.9758368584877,596.492218844827,Hainan,109.60533667869,18.204454268609
4,24.0540857306729,3,264.063404772315,6,594.333746324473,25,1353.02745431637,21.3511966506667,600.562538252611,661.044653115411,70.0690662976829,0,0,0,0,Hainan,108.700992916166,18.7053342290736
5,5.12734599305007,3,540.42569792243,15,994.569157844832,28,1580.72145969155,750.6293450118,242.017192853363,253.942450756389,70.0690662976829,0,0,240.911954251958,23.1514505203567,Hainan,109.163995387608,18.687035199996
6,25.2286662091331,6,341.809967896562,20,1060.63818236194,33,1638.74593440129,559.313817601474,160.509628824679,241.735462125777,12.2069886306116,70.0690662976829,0,242.712208121648,352.198762799419,Hainan,109.626816700456,18.6665817228839
7,17.646363046159,9,418.332444993763,17,511.553356926231,33,1638.74593440129,247.150407761017,124.894705891629,5.98575332934432,0,12.2069886306116,70.0690662976829,448.45560826071,729.983404230297,Hainan,110.08943685774,18.6439745561633
8,10.9528869425809,3,294.074124050693,7,850.2489316081,35,2425.72968566902,0,1352.39943416969,726.990791798719,346.339459700609,0,0,0,0,Hainan,108.718344821681,19.1666362365132
9,9.47390107137533,5,593.587867721165,10,1178.43901249101,36,2433.04196412779,1101.34244856224,226.558290918154,244.885098509541,223.692421558202,342.48958052896,240.911954251958,21.3511966506667,31.8109731480685,Hainan,109.183513211545,19.1482878352263
10,25.7662575261655,3,616.418724996155,21,1323.41432041611,39,2500.60007368069,1009.45204415348,129.345740992883,81.3292390112744,225.842019910296,204.38209800466,242.712208121648,350.875659599518,256.661063886935,Hainan,109.648497886506,19.1277792405822
11,5.1861964611721,6,423.291548668592,13,793.673133410534,41,2520.1720605247,1091.18729289525,80.8494790423681,0,62.971311270489,36.6558985279016,390.574555362745,591.787613851475,266.145909574469,Hainan,110.113278569001,19.1051112355302
12,11.2349046353901,4,297.956882722538,10,998.938974731902,42,2706.12712058825,1128.95310547937,359.859804072696,135.324832023572,418.332444993763,642.305737368182,21.3511966506667,0,0,Hainan,109.203214758433,19.6086340362969
13,31.8630398964654,4,271.03807530376,15,1201.62938516221,45,2767.05190135693,1182.50313683785,130.316205682831,78.4293663128818,87.420221167779,400.981290123667,593.587867721165,1.32310319990178,292.490710310853,Hainan,109.670383073947,19.5880688237472
14,17.1296736632306,3,77.6271986159887,19,958.088093857832,45,2767.05190135693,411.299739153842,96.2653479040006,11.0154727554961,56.0461943748769,320.448252241069,675.484608232715,309.82323368567,886.669053009259,Hainan,110.137344506538,19.5653383233864
15,25.4007348196141,4,91.0627841009712,11,222.559945800558,44,2739.38399742064,263.268956802822,39.3698821933104,11.0154727554961,0,33.0794561308847,721.186108916994,621.913734903277,1049.55038571786,Hainan,110.604078547605,19.5404434261112
16,22.5705468409319,3,209.434325469684,17,1412.90913645063,40,2846.0638682345,369.961951047215,17.1727546040958,57.6976334075833,72.7350328866983,441.127616591041,593.587867721165,266.145909574469,1027.63510240223,Hainan,110.161637845629,20.024677648126
17,10.5101709214203,3,96.2653479040006,11,320.718369524369,36,2564.0974575942,78.0975353727761,0,46.6821606520872,11.0154727554961,92.7020929027785,732.782013655824,421.104882062949,1181.71330019229,Hainan,110.630569911061,19.999712575123
18,29.1332618300199,8,179.152833151836,18,1327.19635393751,35,3104.57247415752,182.535938371905,56.2479853680447,17.1727546040958,57.6976334075833,478.958737085141,750.6293450118,845.008225977466,716.321854331484,Guangdong,110.186161821735,20.4831508915177
19,35.8875536961501,7,1022.54052764658,17,1972.24573114147,28,2498.29186727259,131.178027307266,0,238.783923739949,147.605420898377,1302.81624691777,0,27.6679039362852,650.240344472938,Guangdong,109.737291826785,20.9637076931051
20,59.6580265530943,0,0,1,2820.24722188008,3,3601.96610348236,0,620.036319854102,0,0,0,0,0,2981.92978362825,Yunnan,101.654215393288,21.4759560770899
21,21.7459915030772,3,716.321854331484,5,1560.94599198763,24,2932.64616484114,557.525681056741,0.0796103407887753,192.102808075946,1194.99909604131,293.813813510754,0,694.125155815595,0,Guangxi,109.283911020116,21.4413895745384
22,29.7574659138446,2,175.898920633961,10,387.191952670469,25,2467.14833222089,0.0796103407887753,128.842670730772,0,95.6178675613551,426.266983894155,1100.01934536234,716.321854331484,0,Guangdong,110.235914936376,21.397585199025
23,46.9457854925656,2,47.9898116626185,6,255.956678344045,23,2208.44883287253,0.0796103407887753,128.842670730772,0,0,180.701560631637,1182.50313683785,716.321854331484,0,Guangdong,110.711566683391,21.3723984263164
24,222.80358879722,0,0,0,0,0,0,0,0,0,0,0,0,0,0,Guangdong,115.921720200388,20.9512234968948
25,59.6009494026,0,0,1,161.682561748171,3,3103.81809979365,0,0,2981.92978362825,0,0,0,0,121.888316165394,Yunnan,100.20230824669,21.8759802435844
26,14.3351713150674,1,161.682561748171,2,2981.92978362825,3,3601.96610348236,0,781.718881602273,2820.24722188008,0,0,0,0,0,Yunnan,100.680702629659,21.8969192191051
27,13.2493023617464,2,2981.92978362825,2,2981.92978362825,4,3843.4836450642,0,861.553861435949,2820.24722188008,0,0,0,161.682561748171,0,Yunnan,101.159297801056,21.9156602041908
28,37.3298487384961,1,2820.24722188008,2,2981.92978362825,7,3958.13247956247,241.517541581846,734.685154352368,0,0,0,0,2981.92978362825,0,Yunnan,101.638071630729,21.9322023534063
29,50.1337594433366,0,0,5,1260.34884439064,10,2572.52487455223,866.130347563753,0.0497579688087821,1251.60107890353,0,0,0,0,454.743690116137,Guangxi,107.389188170863,21.9590260336378
30,10.1514576880772,2,694.125155815595,3,975.77740222077,12,2731.37080579578,584.478101158578,0.0497579688087821,688.653950395198,120.432325321291,601.360734430589,0,0,736.395936521312,Guangxi,107.868256512553,21.9469514229039
31,28.7875469420215,1,92.7644213850058,3,1251.60107890353,13,3513.73995310146,0,0.0497579688087821,688.653950395198,872.292041592434,0,92.7644213850058,885.932176600457,974.04760515956,Guangxi,108.347191283994,21.9326765611436
32,51.987484098166,0,0,3,677.908248409224,20,3413.22217110562,0.0497579688087821,0.0796103407887753,131.178027307266,1585.0200874373,27.6679039362852,0,803.096436551412,866.130347563753,Guangxi,108.825970260395,21.9162020944954
33,30.331438305723,1,557.475923087933,3,716.321854331484,23,3532.63060283042,0,0.0796103407887753,0,387.46154695347,1584.784184188,0,975.77740222077,584.527859127387,Guangxi,109.304571260409,21.8975287675079
34,37.2439286301648,1,131.178027307266,3,693.330745795834,21,2193.98219156685,0,0.0796103407887753,128.842670730772,84.7345531107196,1302.36735100654,585.143827024218,92.7644213850058,0.0497579688087821,Guangxi,109.782972152257,21.8766574226126
35,66.7798438409631,0,0,4,307.156558282016,20,2101.21777018184,0.0796103407887753,128.842670730772,0,0,1255.92387680999,158.845931243551,557.475923087933,0.0497579688087821,Guangdong,110.261150859836,21.8535889995281
36,76.5990267832211,0,0,3,176.83248239339,19,2101.16801221303,0,128.842670730772,0,0,73.4207399721405,1210.17104077414,688.653950395198,0.0796103407887753,Guangdong,110.73908536877,21.8283245345948
37,54.4096774919941,0,0,1,128.842670730772,13,522.603533055673,128.842670730772,6.48929931364361,0,0,0,256.013925363203,131.178027307266,0.0796103407887753,Guangdong,111.216753732434,21.8008651600423
38,71.0873765546954,0,0,1,128.842670730772,10,407.640182003854,0,22.7612225882479,0,0,0,255.956678344045,0,128.922281071561,Guangdong,111.69413407792,21.771212103189
39,93.5706847462539,0,0,1,16.2719232746043,7,631.084583121412,9.17683177859587,493.065080612045,0,0,0,0,128.842670730772,0,Guangdong,112.647943626779,21.7053303220289
40,115.075431336767,0,0,0,0,4,3279.56066756875,175.742567775097,0,2981.92978362825,0,0,0,0,121.888316165394,Yunnan,99.69858560983,22.3080650866281
41,69.9684133326593,0,0,1,161.682561748171,3,3103.81809979365,0,0,0,2981.92978362825,0,0,0,121.888316165394,Yunnan,100.179065293259,22.3312741252932
42,39.3548323745032,1,161.682561748171,2,2981.92978362825,4,3843.4836450642,0,241.517541581846,620.036319854102,2820.24722188008,161.682561748171,0,0,0,Yunnan,100.659771088999,22.3522792663125
43,54.8632981846589,0,0,2,2981.92978362825,4,3843.4836450642,0,241.517541581846,620.036319854102,0,2820.24722188008,161.682561748171,0,0,Yunnan,101.140680602636,22.371079538985
44,65.022727422519,0,0,3,3601.96610348236,7,3958.13247956247,241.517541581846,620.036319854102,114.648834498266,0,0,2981.92978362825,0,0,Yunnan,101.621771382537,22.3876740727746
45,7.65103923573656,2,284.571442169868,5,736.395936521312,9,2170.39284518946,107.917257595807,584.478101158578,281.652246405175,803.096436551412,0,0,0,393.248803478485,Guangxi,106.919273993908,22.4244879543695
46,15.2696284930082,2,390.623527140993,6,1859.97978176002,10,2170.44260315827,0,866.130347563753,0.0497579688087821,694.125155815595,0,0,284.571442169868,325.565899640241,Guangxi,107.400776522914,22.4145828022677
47,38.5803417814901,1,281.652246405175,5,1669.22678411517,11,2600.19277848851,584.478101158578,0.0497579688087821,0,585.143827024218,694.125155815595,0,628.478678925505,107.917257595807,Guangxi,107.882166116884,22.4024698906206
48,71.3899539703356,0,0,5,1560.30526134816,11,2669.11581544532,0,0.0497579688087821,0,716.321854331484,92.7644213850058,601.360734430589,674.14094617085,584.478101158578,Guangxi,108.363420189049,22.3881497829351
49,58.7194361427382,0,0,3,650.290102441747,11,2385.7974403337,0.0497579688087821,0.119433577455911,0.0796103407887753,688.653950395198,27.6679039362852,694.125155815595,390.623527140993,584.478101158578,Guangxi,108.844516190829,22.3716231445233
50,76.2638859943592,0,0,3,688.703708364007,18,3304.0434826451,0.119433577455911,0,0.0796103407887753,313.71396567917,1429.82521169952,92.7644213850058,883.012980835764,584.527859127387,Guangxi,109.325431618146,22.3528907420328
51,71.1399672030075,0,0,3,688.733560735987,18,2021.64305674957,0.119433577455911,0.0796103407887753,128.842670730772,60.9247807686803,1153.71855495384,585.143827024218,92.7644213850058,0.0497579688087821,Guangxi,109.806144017702,22.3319534429072
52,44.0124329422414,1,0.0796103407887753,1,0.0796103407887753,19,2210.53982829694,264.687482246522,0,128.842670730772,0,1100.63806301935,716.321854331484,0.0497579688087821,0,Guangxi,110.286630993233,22.3088122147748
53,54.2373186575545,0,0,2,128.922281071561,10,1073.5329098108,0,0,128.842670730772,0,84.7345531107196,859.876075628524,0,0.0796103407887753,Guangxi,110.766870211708,22.2834681247669
54,5.8897228977262,1,128.842670730772,1,128.842670730772,10,508.061063897372,0,138.019502509368,0,0,12.9349691060618,357.026981941153,0,0.0796103407887753,Guangdong,111.246839409496,22.2559223387678
55,46.1269003561004,1,128.842670730772,1,128.842670730772,9,220.155437000807,0,14.036451885962,16.2719232746043,0,0,60.9247807686803,128.922281071561,0,Guangdong,111.726516398477,22.2261761205933
56,88.1956750680291,0,0,2,135.331970044416,10,636.063644300987,7.54715257231837,6.52913004506373,493.065080612045,0,0,0,128.922281071561,0,Guangdong,112.205879072104,22.1942308311032
57,57.7717540061143,0,0,2,22.7612225882479,12,672.816458375318,14.036451885962,26.5937285932169,503.343607165367,0,0,0,128.842670730772,0,Guangdong,112.684905411408,22.1600879272448
58,29.1793038223161,1,16.2719232746043,5,499.554379925688,16,843.30159905329,18.8002354290631,186.994463769507,494.627777237985,0,0,0,128.842670730772,14.036451885962,Guangdong,113.163573490941,22.1237489610292
59,90.7225897659376,0,0,1,121.888316165394,5,3349.94308967572,246.124989882072,0,0,2981.92978362825,0,0,0,121.888316165394,Yunnan,99.6727860383199,22.7625264345636
60,106.013605536613,0,0,0,0,5,3349.94308967572,175.742567775097,0,0,2981.92978362825,0,0,0,192.27073827237,Yunnan,100.155596216947,22.7858102822348
61,88.8375400707261,0,0,1,161.682561748171,6,4141.11452900469,0,241.517541581846,620.036319854102,2820.24722188008,161.682561748171,0,121.888316165394,175.742567775097,Yunnan,100.638635820903,22.8068832136771
62,97.7002174652758,0,0,1,161.682561748171,4,3843.4836450642,0,241.517541581846,620.036319854102,0,2820.24722188008,161.682561748171,0,0,Yunnan,101.121882129454,22.8257442296259
63,67.4187791327337,0,0,2,861.553861435949,7,3958.13247956247,0,241.517541581846,734.685154352368,0,2820.24722188008,161.682561748171,0,0,Yunnan,101.605312363241,22.8423924339358
64,18.2948809495276,1,620.036319854102,2,861.553861435949,11,4537.29363926814,314.887687164232,0,1240.47616847565,0,0,2981.92978362825,0,0,Yunnan,102.088903690679,22.8568270342102
65,33.5278027638401,1,620.036319854102,5,976.202695934215,15,4651.79242646149,96.4681532286812,0,873.523189916777,0,0,2820.24722188008,620.036319854102,241.517541581846,Yunnan,102.572633234387,22.869047342357
66,5.02441100246016,3,114.648834498266,7,1240.47616847565,12,1894.02087306971,73.3701455823863,256.241379387549,702.855486663827,0,0,0,620.036319854102,241.517541581846,Yunnan,103.056478077661,22.8790527750716
67,30.4770163670169,6,620.439848621547,7,873.523189916777,11,1820.65072748732,0,253.08334129523,563.222996770059,28.14169348782,0,0,734.685154352368,241.517541581846,Yunnan,103.540415270963,22.8868428542472
68,20.9472576322999,3,505.791014123281,9,959.096866051375,11,2091.00936360727,253.08334129523,511.876177701787,85.5736761345985,0,0,28.14169348782,1212.33447498783,0,Yunnan,104.024421838442,22.8924172073102
69,11.4497475742405,2,85.5736761345985,6,844.448031553109,13,2036.92566877364,410.558973326509,708.327805722984,44.5156998073737,0,0,0,620.439848621547,253.08334129523,Yunnan,104.50847478447,22.895775567482
70,13.2832147402954,3,345.772409380319,6,1320.87403767989,10,2363.26441020521,192.87156501575,0,584.478101158578,975.77740222077,284.571442169868,0,170.172247946269,155.393651693972,Guangxi,106.928629787495,22.8793255607536
71,42.9963901644367,2,866.130347563753,6,1320.87403767989,10,2170.44260315827,0,584.478101158578,0.0497579688087821,694.125155815595,281.652246405175,284.571442169868,170.172247946269,155.393651693972,Guangxi,107.412477815309,22.8693882999943
72,21.3949337241801,1,584.478101158578,2,866.130347563753,11,2727.9185262462,0,0,0.0497579688087821,557.475923087933,694.125155815595,390.623527140993,345.772409380319,739.87175285255,Guangxi,107.896211249384,22.8572361475183
73,52.0509329162941,0,0,3,866.180105532562,12,2703.82233543695,0,0.119433577455911,0.0497579688087821,688.653950395198,92.7644213850058,883.012980835764,1039.22179127471,0,Guangxi,108.379807171907,22.8428696833979
74,8.80384822039096,1,0.0497579688087821,1,0.0497579688087821,11,2541.31459792616,0.0497579688087821,264.607871905734,0.0796103407887753,131.178027307266,585.143827024218,694.125155815595,866.130347563753,0,Guangxi,108.863242704193,22.8262895925074
75,49.454179494964,1,0.0497579688087821,1,0.0497579688087821,11,2541.31459792616,0.119433577455911,264.488438328278,0.0796103407887753,0,716.321854331484,694.125155815595,866.180105532562,0,Guangxi,109.346495013148,22.8074966640414
76,56.604614862616,0,0,2,0.129368309597557,10,1322.69322111173,358.379241140603,142.011195134925,128.922281071561,0,135.854822707901,557.475923087933,0.0497579688087821,0,Guangxi,109.829541317713,22.7864917909611
77,8.96000801324325,1,0.0796103407887753,1,0.0796103407887753,11,1443.45699337217,406.499633463203,0,0,128.922281071561,350.38996420321,557.475923087933,0.0497579688087821,0.119433577455911,Guangxi,110.312358895253,22.7632759693679
78,44.2321270508803,1,0.0796103407887753,2,128.922281071561,11,759.567254477284,142.011195134925,38.3190101127283,6.48929931364361,128.842670730772,47.9898116626185,131.178027307266,0.129368309597557,264.607871905734,Guangxi,110.794925087919,22.7378502978045
79,45.9234653183115,1,128.842670730772,2,128.922281071561,9,592.454171934089,180.330205247653,7.54715257231837,6.48929931364361,0,128.842670730772,4.6767954006356,0.0796103407887753,264.488438328278,Guangdong,111.277217308962,22.7102159764856
80,64.8225791487558,0,0,2,135.331970044416,7,197.549666344855,38.3190101127283,7.54715257231837,22.7612225882479,0,0,128.842670730772,0.0796103407887753,0,Guangdong,111.759213048986,22.6803743064564
81,49.2407448632832,1,6.48929931364361,2,9.17683177859587,12,676.871135836754,43.1786302200944,11.7051439330546,493.065080612045,0,0,128.842670730772,0.0796103407887753,0,Guangdong,112.240889882163,22.6483266886822
82,30.1976497405632,1,6.48929931364361,3,25.4487550532002,16,865.686948234143,14.036451885962,157.079791900556,511.137100329521,16.2719232746043,0,0,128.842670730772,38.3190101127283,Guangdong,112.722225472377,22.6140746230684
83,20.8214862248122,1,16.2719232746043,6,499.594210657108,15,714.458928322518,0,164.873285064709,51.1999406871837,468.077327410058,16.2719232746043,0,0,14.036451885962,Guangdong,113.203197579313,22.5776197074112
84,20.1911544158904,1,121.888316165394,2,192.27073827237,3,368.013306047466,70.3824221069753,175.742567775097,0,0,0,0,0,121.888316165394,Yunnan,99.161826833383,23.190671866717
85,67.3358102223012,0,0,2,297.630883940491,4,529.695867795637,175.742567775097,0,0,161.682561748171,0,0,121.888316165394,70.3824221069753,Yunnan,99.6467343738432,23.2162493114744
86,106.913911511788,0,0,0,0,6,3591.46063125757,0,0,241.517541581846,2981.92978362825,0,0,121.888316165394,246.124989882072,Yunnan,100.131897704473,23.2396097844918
87,135.979435691135,0,0,0,0,7,4211.49695111167,0,0,861.553861435949,0,2981.92978362825,0,121.888316165394,246.124989882072,Yunnan,100.61729383844,23.260752151938
88,98.504340422446,0,0,1,241.517541581846,6,4029.1826835825,0,9.95647074319853,241.517541581846,620.036319854102,2981.92978362825,0,0,175.742567775097,Yunnan,101.10289972233,23.2796753853974
89,50.9649293865129,0,0,2,861.553861435949,13,4064.55710353435,9.95647074319853,337.985694810527,114.648834498266,620.036319854102,2820.24722188008,161.682561748171,0,0,Yunnan,101.588692242662,23.2963785625885
90,22.1752784128764,1,241.517541581846,2,861.553861435949,16,6828.25843531347,2542.70265351304,91.2915231843492,480.80735872778,111.490796405947,620.036319854102,2981.92978362825,0,0,Yunnan,102.074648232437,23.3108608680092
91,58.1898781404236,0,0,5,976.202695934215,17,4127.55368646827,2392.47663511554,0,253.08334129523,620.439848621547,0,620.036319854102,241.517541581846,0,Yunnan,102.560744477736,23.3231215935072
92,43.9084960755019,3,114.648834498266,4,592.298155133727,20,4216.14406511927,2382.52016437234,3.01670251640351,338.657017429829,505.791014123281,114.648834498266,620.036319854102,241.517541581846,9.95647074319853,Yunnan,103.046957724341,23.3331601387752
93,55.4584953761867,0,0,7,873.523189916777,21,4616.74656770258,20.9380801183664,410.558973326509,294.141317622455,550.306713930654,0,734.685154352368,241.517541581846,2364.59878677038,Yunnan,103.533264684388,23.3409760117722
94,5.57022189689439,1,253.08334129523,6,844.448031553109,16,2595.87656263453,3.01670251640351,922.435151028296,294.141317622455,44.5156998073737,505.791014123281,114.648834498266,620.036319854102,91.2915231843492,Yunnan,104.019642043055,23.3465688290667
95,44.5691601287195,3,338.657017429829,6,844.448031553109,14,2039.94237129005,410.558973326509,511.876177701787,155.393651693972,41.0579763272248,44.5156998073737,505.791014123281,367.732175793496,3.01670251640351,Yunnan,104.506066465248,23.3499383161066
96,36.1732820090474,1,41.0579763272248,4,850.533195131616,16,2340.60031638384,922.435151028296,244.993196069875,325.565899640241,0,0,591.364690257879,256.241379387549,0,Yunnan,104.992514602322,23.3510843074107
97,74.9625199902226,0,0,3,708.327805722984,17,2848.62197115105,563.997808755912,419.47981570541,263.310909289779,346.82643252033,0,113.715369622419,730.732661930691,410.558973326509,Yunnan,105.478963098803,23.3500067466851
98,35.9897761894574,1,155.393651693972,3,325.565899640241,16,3208.96130459152,471.601446759535,155.393651693972,584.478101158578,736.395936521312,0,0,338.657017429829,922.435151028296,Guangxi,105.96538859911,23.3467056868624
99,37.0549479515252,2,217.648642044434,4,501.166061074292,14,2977.68107787726,903.96353466701,0,584.478101158578,498.5407847368,237.855151784512,0,85.5736761345985,667.269829395759,Guangxi,106.451767754289,23.3411812900648
100,47.9493422733098,1,107.917257595807,5,1085.64416223287,15,3574.86259399336,740.364796417242,0,584.478101158578,883.012980835764,392.488699765675,62.254990350462,155.393651693972,756.869373771662,Guangxi,106.938077228729,23.3334338274904
101,50.8244460798631,0,0,3,974.04760515956,15,3103.67896459126,513.756545727582,0,0.0497579688087821,677.242522543584,883.012980835764,454.743690116137,155.393651693972,419.47981570541,Guangxi,107.424293706883,23.3234636792231
102,32.3783239945676,1,584.478101158578,2,866.130347563753,12,2170.6815030402,0.119466304477278,0.119433577455911,0.0497579688087821,0,1560.25550337935,284.571442169868,325.565899640241,0,Guangxi,107.910393899959,23.3112713339665
103,65.8698351297116,0,0,2,584.527859127387,9,1952.91339469129,0,0.119433577455911,0,0.0497579688087821,694.125155815595,1150.70178973362,107.917257595807,0,Guangxi,108.396354552604,23.2968573887017
104,41.3163806020679,1,0.0497579688087821,1,0.0497579688087821,10,2476.24003591748,0,358.379241140603,0.0796103407887753,0,557.525681056741,975.77740222077,584.478101158578,0,Guangxi,108.882152449558,23.2802225482689
105,63.837696011725,0,0,2,0.169191546264693,9,1773.6518561389,93.8908028123249,406.499633463203,0,0.0796103407887753,688.653950395198,0.0497579688087821,584.478101158578,0,Guangxi,109.367764422281,23.2613676248748
106,79.6697553269237,0,0,2,0.199043918244687,9,1318.0164257111,358.379241140603,142.011195134925,0,128.922281071561,688.653950395198,0.0497579688087821,0,0,Guangxi,109.853167355547,23.2402935375238
107,56.7756042125387,0,0,1,0.0796103407887753,9,798.859512735891,500.271002698072,38.3190101127283,0,128.842670730772,131.257637648055,0,0.0497579688087821,0.119433577455911,Guangxi,110.338338193996,23.2170013113755
108,71.4119636584108,0,0,1,0.0796103407887753,10,681.668179345778,142.011195134925,38.3190101127283,14.036451885962,128.842670730772,0,0.0796103407887753,0,358.379241140603,Guangxi,110.82325394865,23.1914920770286
109,95.8292256979661,0,0,1,128.842670730772,9,587.896810110909,38.3190101127283,4.85962010736611,9.17683177859587,0,128.842670730772,0.0796103407887753,0,406.619067040659,Guangxi,111.307891703374,23.1637670697306
110,92.6475996101558,0,0,3,14.036451885962,10,604.089130539478,38.3190101127283,4.85962010736611,9.21666251001599,16.2719232746043,0,128.842670730772,0.0796103407887753,406.499633463203,Guangdong,111.792228621295,23.1338276285162
111,45.5063161405371,1,6.48929931364361,3,14.036451885962,15,1259.68105423396,4.85962010736611,577.783568038793,19.0376352459945,490.838549998306,0,128.842670730772,0,38.3190101127283,Guangdong,112.276241951152,23.1016751952727
112,23.6235455392633,2,9.17683177859587,5,30.3482058919864,19,2020.8697837198,1157.87036795061,17.4202407872727,174.003494105364,493.065080612045,0,135.331970044416,0,43.1786302200944,Guangdong,112.759909033597,23.0673113137357
113,49.241963813793,1,0.0398307314201261,9,512.563717709253,19,1327.87469956718,560.164276209607,32.3925564410166,189.897324305818,476.79315733744,16.2719232746043,0,6.48929931364361,45.8661626850466,Guangdong,113.243207307426,23.0307376284132
114,31.1178626545695,2,7.83332389557392,10,657.938365676754,23,1598.94844891408,784.123870024605,225.842021453235,55.3305751103084,26.5504498279269,476.79315733744,16.2719232746043,9.17683177859587,4.85962010736611,Guangdong,113.726114315741,22.9919558834416
115,8.1413804538027,3,147.413213546017,11,684.150553161951,24,1616.00223573293,364.039340013277,131.891170933624,15.9336609318748,26.5504498279269,0,500.858573776198,14.036451885962,562.692588364066,Guangdong,114.208607712037,22.9509679213731
116,27.4940759786613,3,54.42825771125,6,209.55659836865,18,967.023442849919,243.348208830663,23.252757582701,0,15.9336609318748,26.5504498279269,493.065080612045,7.83332389557392,157.039961169135,Guangdong,114.690665266219,22.9077756818957
117,32.4572159640901,1,15.9336609318748,6,205.356588724365,18,830.73780252689,129.902867101051,1.75189734156399,0,0,0,519.277268097242,22.2659522700609,157.539817716972,Guangdong,115.17226487053,22.8623812004873
118,41.3667228711897,2,192.27073827237,3,368.013306047466,3,368.013306047466,70.3824221069753,175.742567775097,0,0,0,121.888316165394,0,0,Yunnan,99.133147008786,23.6435914600375
119,46.9095444047012,1,175.742567775097,3,368.013306047466,6,407.193276408776,186.496629390816,28.4259087455901,0,0,0,121.888316165394,0,70.3824221069753,Yunnan,99.6204269070214,23.6692546997464
120,65.2711866935133,0,0,1,175.742567775097,8,810.393379738793,39.1799703613097,0,241.517541581846,0,161.682561748171,0,121.888316165394,246.124989882072,Yunnan,100.107966377565,23.6926936382462
121,106.396194802685,0,0,0,0,10,1440.38617033609,39.1799703613097,9.95647074319853,241.517541581846,620.036319854102,161.682561748171,0,192.27073827237,175.742567775097,Yunnan,100.59574209604,23.7139071088871
122,100.104533261616,0,0,0,0,15,1419.80462253991,23.3072723393319,106.42462397188,241.517541581846,620.036319854102,161.682561748171,0,246.124989882072,20.7113131625102,Yunnan,101.083730669844,23.7328940534924
123,53.9929303226736,0,0,1,241.517541581846,15,3383.47519773708,4.83861514053234,2392.47663511554,0,976.202695934215,0,0,0,9.95725154679063,Yunnan,101.571908644817,23.7496535230966
124,28.4526882762479,1,241.517541581846,1,241.517541581846,14,3373.51794619029,14.7950858837309,2382.52016437234,0,114.648834498266,861.553861435949,0,0,0,Yunnan,102.060252511956,23.7641846786072
125,60.8594644690516,0,0,6,337.985694810527,19,4135.4090041252,2374.55525751358,20.9380801183664,253.08334129523,620.439848621547,620.036319854102,241.517541581846,0,4.83861514053234,Yunnan,102.548738714173,23.7764867913898
126,89.198139521081,0,0,4,188.018980080652,21,4218.26493699183,2359.42215672605,5.13757438896325,0,844.448031553109,114.648834498266,620.036319854102,241.517541581846,33.0544783894934,Yunnan,103.037343653082,23.7865592437767
127,73.8833163087152,0,0,1,253.08334129523,25,5198.02156013909,5.13757438896325,467.880445445476,511.876177701787,338.657017429829,505.791014123281,734.685154352368,241.517541581846,2392.47663511554,Yunnan,103.526043695817,23.7944015294986
128,49.1337673231344,1,253.08334129523,1,253.08334129523,22,4326.51122795994,5.13757438896325,467.880445445476,511.876177701787,85.5736761345985,758.874355418511,114.648834498266,0,2382.52016437234,Yunnan,104.014815181881,23.8000132540378
129,66.1022673889774,0,0,6,1261.09216845813,20,2246.9104828941,63.5549573655729,974.556782082421,155.393651693972,0,85.5736761345985,873.523189916777,0,94.3082257007527,Yunnan,104.503634430005,23.8033941349042
130,55.5039283836674,0,0,4,963.493127355521,18,2522.70493126735,471.993058819523,983.477624461322,155.393651693972,62.254990350462,85.5736761345985,758.874355418511,0,5.13757438896325,Yunnan,104.992477745028,23.8045440018323
131,44.122433236601,1,511.876177701787,2,667.269829395759,18,2514.18152245388,515.988791075833,662.347513940628,155.393651693972,345.772409380319,0,113.715369622419,253.08334129523,467.880445445476,Yunnan,105.481321424793,23.8034627969009
132,33.6657492649783,1,155.393651693972,3,860.14139441151,17,2794.25022864121,469.475948924878,706.628110743332,0,610.137341810109,0,85.5736761345985,0,922.435151028296,Yunnan,105.970141767034,23.8001505745728
133,34.8021242325216,1,155.393651693972,3,410.520207060185,18,3615.86487639759,1042.58797079398,81.3944578201065,0,866.130347563753,454.743690116137,196.451628021197,511.876177701787,462.680604380634,Guangxi,106.458915076272,23.7946075016573
134,79.3031716177192,0,0,3,456.182474305529,17,3544.79147440834,704.502612908675,380.543547664486,0,866.130347563753,392.488699765675,62.254990350462,667.269829395759,471.601446759535,Guangxi,106.947617670711,23.7868338571934
135,90.4087218964943,0,0,1,584.478101158578,17,3032.96505467537,894.300093392067,0,0,584.527859127387,390.623527140993,345.772409380319,155.393651693972,662.347513940628,Guangxi,107.436225889108,23.7768300322545
136,81.4798658585726,0,0,1,584.478101158578,17,3057.1136776005,380.663013968963,266.896887582895,0.119433577455911,0.0497579688087821,866.130347563753,454.743690116137,155.393651693972,933.116895128515,Guangxi,107.924716097647,23.7645965296761
137,100.51965024661,0,0,0,0,14,2152.27862616424,690.675194387961,141.503738922072,264.607871905734,0.0497579688087821,0,974.04760515956,0,81.3944578201065,Guangxi,108.413064696778,23.7501339637031
138,83.7541225308134,0,0,2,0.169191546264693,12,1963.04652108912,357.864016410678,93.771369234869,264.607871905734,0.0796103407887753,0.0497579688087821,866.130347563753,0,380.543547664486,Guangxi,108.90124812804,23.7334430595623
139,40.4506276225201,1,0.119433577455911,2,264.607871905734,11,1443.11079270983,90.967128827783,500.63930683098,0,0.0796103407887753,0,584.527859127387,0,266.896887582895,Guangxi,109.389242880852,23.7145246529551
140,35.4648207272296,1,0.119433577455911,3,358.379241140603,9,586.820054940509,141.752609477525,406.499633463203,38.3190101127283,0.0796103407887753,0,0.0497579688087821,0,0.119433577455911,Guangxi,109.877025499263,23.6933796894751
141,52.3929598401038,0,0,3,406.619067040659,10,715.662725671281,264.73730888373,142.011195134925,38.3190101127283,128.842670730772,0.0796103407887753,0.0497579688087821,0.119433577455911,141.503738922072,Guangxi,110.364572588678,23.6700092239484
142,73.9079702436015,0,0,2,406.499633463203,10,675.427750587587,142.260065690377,38.3190101127283,7.54715257231837,0,128.922281071561,0,0.119433577455911,358.259807563147,Guangxi,110.851860822521,23.6444144196985
143,67.2210774538002,0,0,2,180.330205247653,11,681.917049901231,0,38.3190101127283,7.54715257231837,6.48929931364361,128.842670730772,0.0796103407887753,264.607871905734,236.031434925246,Guangxi,111.338866948862,23.6165965477363
144,57.2073082796881,0,0,3,45.8661626850466,15,1958.3134584228,38.3190101127283,1351.73584646029,10.0754647267771,22.7612225882479,128.842670730772,0.0796103407887753,264.488438328278,142.011195134925,Guangdong,111.825567796988,23.586556985875
145,23.1209136985871,2,7.54715257231837,4,52.3554619986902,16,1717.39299904535,791.571570250678,565.023896316973,17.4600715186928,34.1645849805822,0,128.842670730772,0,180.330205247653,Guangdong,112.311940283911,23.5542972177726
146,21.5560895720941,2,7.54715257231837,5,16.5647640404208,22,2265.77859015285,1351.73584646029,188.816431094799,179.805769987033,476.79315733744,22.7612225882479,2.68753246495226,0,43.1786302200944,Guangdong,112.797961420819,23.5198188319004
147,44.6450625073381,1,0.0398307314201261,6,31.4965234046548,26,2519.62463800214,1465.77421276764,301.072486799256,172.97362210101,511.176931060941,16.2719232746043,6.48929931364361,45.8661626850466,0,Guangdong,113.283608319455,23.4831235204408
148,4.96677847069605,3,17.4600715186928,6,164.873285064709,28,2521.61217229096,191.304912517837,258.279968194897,150.928331013115,62.2217508754038,476.79315733744,22.8010533196681,7.54715257231837,1351.73584646029,Guangdong,113.768858198431,23.444213078113
149,15.0887082877553,3,154.551479746097,8,195.739430918908,28,1746.31867486029,320.537888603663,127.904824141799,23.252757582701,182.103831141664,484.586650501594,22.7612225882479,10.0754647267771,575.096035573841,Guangdong,114.253688389458,23.4030894009298
150,39.2227796854828,2,139.619720381863,10,322.654805755704,26,1676.99843687288,274.793382030538,45.4290660043378,21.4111714043955,0,42.4841107598017,512.802720727647,145.135644949107,634.942340997048,Guangdong,114.738076343506,23.3597544848852
151,18.3347900751705,2,23.252757582701,8,290.432890218237,26,1130.78993366908,201.208198627912,19.6592740628315,4.33990059775528,0,0,527.070761261396,157.079791900556,221.432007218629,Guangdong,115.22199963687,23.3142104245745
152,40.1674226902519,1,19.6592740628315,3,25.004654924265,22,930.034352754567,69.4752755086917,26.5260382260138,362.602988936446,0,0,42.4841107598017,182.004246973082,246.941692350532,Guangdong,115.705435977155,23.2664594117471
153,52.7210916898565,0,0,4,27.5926581804563,19,1160.4639875035,48.0828365761099,418.268646466341,360.851091594882,0,0,42.4841107598017,174.211479367018,116.565822739345,Guangdong,116.188363209168,23.2165037337952
154,155.411437782477,0,0,0,0,3,208.492277292061,0,16.2215390196911,70.3824221069753,121.888316165394,0,0,0,0,Yunnan,97.6369738991986,24.0051820579091
155,6.89536435650374,1,70.3824221069753,3,368.013306047466,8,1707.70590529446,1300.51262888569,39.1799703613097,175.742567775097,70.3824221069753,121.888316165394,0,0,0,Yunnan,99.1041843487823,24.0958124542544
156,5.49988126094601,2,246.124989882072,2,246.124989882072,10,2345.4322687568,637.059187643142,39.8471461805052,0,175.742567775097,0,121.888316165394,70.3824221069753,1300.51262888569,Yunnan,99.5938598554152,24.1215635284603
157,45.7172959611785,1,175.742567775097,2,246.124989882072,11,1125.65735180897,757.644045761505,0,0,0,0,121.888316165394,246.124989882072,0,Yunnan,100.083798791352,24.1450827974538
158,95.6550762172409,0,0,1,175.742567775097,14,1381.96997927455,757.644045761505,4.83861514053234,9.95647074319853,241.517541581846,0,121.888316165394,246.124989882072,0,Yunnan,100.573977488052,24.1663690610689
159,121.768065424724,0,0,0,0,18,4183.81573331431,0.667175819195489,2302.76239494397,96.4681532286812,861.553861435949,0,0,246.124989882072,676.239158004452,Yunnan,101.064372207049,24.1854212307345
160,81.1209243872877,0,0,2,251.474012325045,16,3493.62832534696,24.6752906590678,2301.18511193119,91.2915231843492,861.553861435949,0,0,175.742567775097,39.1799703613097,Yunnan,101.55495914679,24.2022383302322
161,57.7386091764244,0,0,7,347.942165553726,18,3417.93496867928,46.2381543095257,2382.52016437234,3.01670251640351,114.648834498266,861.553861435949,0,0,9.95725154679063,Yunnan,102.045714449512,24.2168194963748
162,40.5945844377862,5,96.4681532286812,9,2633.99417669739,19,3663.18193030028,2322.67170961379,96.4290975733125,0,253.08334129523,734.685154352368,241.517541581846,0,14.7950858837309,Yunnan,102.536614208171,24.2291639796077
163,44.8016131076187,1,73.3701455823863,7,2382.52016437234,25,4612.15216225265,2290.1150563494,65.1378421116017,410.558973326509,758.874355418511,114.648834498266,861.553861435949,0,111.263239112412,Yunnan,103.02763447339,24.239271144531
164,69.0054859964298,0,0,3,94.3082257007527,27,4589.27825867586,11.2930183908721,62.4590465079302,922.435151028296,338.657017429829,620.439848621547,241.517541581846,9.95647074319853,2382.52016437234,Yunnan,103.518751260456,24.2471404703424
165,66.151669550921,0,0,4,666.659017138143,32,4373.26509858792,16.4305927798353,503.341297682582,511.876177701787,85.5736761345985,758.874355418511,114.648834498266,96.4681532286812,2286.05201114366,Yunnan,104.009940556333,24.2527715511997
166,55.9049745384826,0,0,4,925.4518535447,30,4864.25603660418,101.754979248516,410.558973326509,983.477624461322,155.393651693972,113.715369622419,730.732661930691,2359.42215672605,9.20061959469956,Yunnan,104.501178326694,24.2561640965044
167,37.2189951012768,3,922.435151028296,3,922.435151028296,24,2658.8240307842,505.08397938989,469.475948924878,704.747742717537,155.393651693972,85.5736761345985,730.732661930691,0,7.81636999263473,Yunnan,104.992440522976,24.2573179311043
168,15.8542311404582,1,511.876177701787,5,1167.42834709817,24,2673.11299280301,37.2035339444136,901.838036832353,192.87156501575,217.648642044434,0,850.533195131616,3.01670251640351,470.001317318036,Guangxi,105.48370308944,24.2562329954156
169,43.6888879417317,1,192.87156501575,5,1138.87127615529,23,2559.68809272735,242.867698235218,933.236361432992,0,107.917257595807,217.648642044434,41.0579763272248,922.435151028296,94.5250060633805,Guangxi,105.974941970239,24.2529093454643
170,24.9482059762927,1,192.87156501575,4,626.995098453507,17,3564.72692059386,417.354317870753,894.300093392067,0,584.478101158578,501.166061074292,0,922.435151028296,244.993196069875,Guangxi,106.466133116483,24.2473471528476
171,65.8491232537524,0,0,5,933.236361432992,15,3154.16794726735,513.637079423105,380.663013968963,0,584.478101158578,345.772409380319,155.393651693972,704.747742717537,469.475948924878,Guangxi,106.957252493304,24.2395467046134
172,89.1489597167515,0,0,2,81.3944578201065,15,3015.24074211959,81.3944578201065,647.440435247381,0,0,866.130347563753,325.565899640241,244.993196069875,849.716405778229,Guangxi,107.448276086903,24.2295084030611
173,104.926959301611,0,0,0,0,17,2992.00044108905,380.543547664486,357.864016410678,0.119433577455911,0.0497579688087821,866.130347563753,263.310909289779,419.47981570541,704.502612908675,Guangxi,107.939179911591,24.21723276546
174,110.70632238447,0,0,0,0,13,2195.07121007074,266.896887582895,90.967128827783,358.379241140603,0,0.0497579688087821,584.478101158578,0,894.300093392067,Guangxi,108.429940016802,24.2027204236896
175,81.6871277911079,0,0,1,0.119433577455911,15,2005.49624082677,310.131646723475,242.279662450656,406.619067040659,0,0.0497579688087821,584.478101158578,0,461.938005484592,Guangxi,108.920532494081,24.1859721237986
176,35.9762015910813,1,0.119433577455911,3,358.379241140603,14,1377.24221717331,229.03310678535,94.0202397903215,406.499633463203,0.199043918244687,0.0497579688087821,0,0,647.440435247381,Guangxi,109.410933484047,24.1669887254856
177,30.242154775364,3,358.379241140603,4,500.390436275528,15,1328.73445969002,450.735487884069,122.799879619496,444.818643575931,0,0.0796103407887753,0.169191546264693,0,310.131646723475,Guangxi,109.901119183315,24.1457712015002
178,19.8506022360365,2,406.499633463203,4,500.390436275528,17,1468.96006450688,309.231748961996,671.983325122982,38.3190101127283,0,0.0796103407887753,0,264.607871905734,184.738498062652,Guangxi,110.391065851374,24.1223206369666
179,24.7810475217891,1,142.011195134925,3,444.818643575931,16,1393.04600048923,842.900225571959,0,43.1786302200944,0,0.0796103407887753,0,264.607871905734,242.279662450656,Guangxi,110.880749817431,24.0966382286287
180,37.9087733159142,1,38.3190101127283,2,180.330205247653,19,2387.2406590628,529.972129988057,791.571570250678,426.958539142926,9.17683177859587,128.842670730772,0.0796103407887753,500.390436275528,0.248870555452507,Guangxi,111.370147487188,24.0687252840185
181,13.8230951988203,1,38.3190101127283,2,43.1786302200944,17,2434.58331170056,0,967.955937537453,383.779908922832,14.036451885962,0,0,500.271002698072,568.540010656238,Guangxi,111.859235349583,24.0385832205483
182,40.154306745443,1,4.85962010736611,3,45.8661626850466,20,2223.84499468261,196.553010974626,1269.22120179302,17.4202407872727,23.8589065783428,6.48929931364361,0,180.330205247653,529.972129988057,Guangdong,112.347989983448,24.0062135645274
183,47.8480290911399,1,4.85962010736611,5,1162.72998805798,22,1929.42272025166,791.571570250678,880.702164813269,157.539817716972,30.9817821974428,25.4487550532002,4.85962010736611,38.3190101127283,0,Guangdong,112.836388064125,23.9716179501043
184,56.224711282198,0,0,7,585.171500300618,25,2494.19431406119,674.202642516964,206.499522296305,126.558510686033,149.941525700475,493.065080612045,14.036451885962,38.3190101127283,791.571570250678,Guangdong,113.324406369996,23.9347981181351
185,36.0359293821538,2,17.4202407872727,9,926.731928377343,29,2553.05734549084,188.816431094799,163.16663070874,134.8795089045,204.829083670052,495.593392766503,9.17683177859587,4.85962010736611,1351.73584646029,Guangdong,113.812021788947,23.895755914979
186,32.6727695914253,2,29.8642442865578,10,475.206065518659,34,2625.11777051563,206.499522296305,127.048684357159,117.825722085652,15.9336609318748,650.756820711384,36.4195272582494,4.85962010736611,1465.77421276764,Guangdong,114.299211324749,23.8544932912231
187,15.6980415686914,2,94.5729645029507,9,421.152446159461,30,1811.47902175959,40.5196220296188,166.169541908167,5.34538086143348,19.6592740628315,42.4841107598017,626.734683037916,398.711668287066,511.854740812761,Guangdong,114.785952103365,23.8110123003357
188,16.5515439151219,4,119.947023982176,6,144.835352023375,26,839.497219952616,91.5353315738155,211.939347574577,4.33990059775528,3.5934835198695,62.1433848226332,147.453044277437,32.3527257095964,286.140001876932,Guangdong,115.272221379159,23.7653150972512
189,40.9578429680597,1,3.5934835198695,7,157.212274107083,27,1611.74874526162,243.159933113751,395.473385271114,386.387689976284,0,0,209.55659836865,113.098207387054,264.072931144772,Guangdong,115.757996541021,23.7174039368862
190,48.3872285726422,1,1.75189734156399,4,27.5926581804563,22,1571.203410739,408.692070667264,396.714458120094,384.63579263472,1.75189734156399,0,15.9336609318748,262.555082334914,100.920448708567,Guangdong,116.243255118399,23.6672811725889
191,21.5374444566443,2,4.33990059775528,4,386.387689976284,20,1406.9131967441,631.7218711823,49.4813795294231,0,360.851091594882,1.75189734156399,0,119.947023982176,243.159933113751,Guangdong,116.727974787226,23.6149492545239
192,158.804375148384,0,0,0,0,4,1492.78336715806,0,1300.51262888569,70.3824221069753,121.888316165394,0,0,0,0,Yunnan,97.6004936821615,24.4564099093272
193,118.543669065205,0,0,0,0,5,1668.52593493315,0,1300.51262888569,175.742567775097,192.27073827237,0,0,0,0,Yunnan,98.0916430047748,24.4889608032969
194,77.572837776969,0,0,1,70.3824221069753,9,1853.48332547241,1300.51262888569,156.531481793669,28.4259087455901,246.124989882072,121.888316165394,0,0,0,Yunnan,98.5831312496336,24.5192765941207
195,54.6121675645971,0,0,2,246.124989882072,15,2506.82757719116,1446.29004906364,692.524222080058,0,175.742567775097,192.27073827237,0,0,0,Yunnan,99.0749346537327,24.5473557084923
196,53.4788933272948,0,0,3,256.879051497792,16,2585.52233042225,159.352349727594,757.644045761505,0,0,175.742567775097,192.27073827237,0,1300.51262888569,Yunnan,99.5670293617188,24.5731966850858
197,67.756308681296,0,0,4,214.922538136407,17,2590.36094556279,742.79306656556,33.2645238861225,0,0,0,368.013306047466,0,1446.29004906364,Yunnan,100.059391432722,24.5967981755678
198,60.4698556445138,0,0,3,39.1799703613097,16,1293.49326817733,753.493805129935,24.6752906590678,9.95647074319853,241.517541581846,0,175.742567775097,70.3824221069753,17.7251701812143,Yunnan,100.55199684725,24.6181589455318
199,87.8765584056785,0,0,3,33.2645238861225,21,3603.66247380032,0,36.2816835663272,2392.47663511554,241.517541581846,0,0,175.742567775097,757.644045761505,Yunnan,101.044821514141,24.6372778753543
200,57.9245264526511,0,0,2,14.7950858837309,18,3425.87694731845,24.6752906590678,11.6063929072593,2392.47663511554,0,241.517541581846,0,0,755.601087054739,Yunnan,101.537841277565,24.6541539609726
201,10.4112141914959,1,9.95647074319853,9,2397.31525025607,18,3043.73423506256,31.4430684257948,341.218172664327,2385.53686688875,0,241.517541581846,0,39.1799703613097,4.83861514053234,Yunnan,102.031031924078,24.6687863145815
202,4.85290533607916,8,2392.47663511554,8,2392.47663511554,19,3017.96815496468,342.868094828388,2281.54452380513,20.9380801183664,96.4681532286812,0,241.517541581846,9.95647074319853,24.6752906590678,Yunnan,102.524369189717,24.6811741652513
203,6.17592870065639,7,2382.52016437234,9,2395.49333763194,26,3853.58077620365,331.261701921128,13.4138902634318,470.89714796188,253.08334129523,114.648834498266,314.887687164232,50.9758559914564,2304.41231710803,Yunnan,103.017828767129,24.6913168594634
204,31.5208722177322,1,3.01670251640351,9,2387.65773876131,32,4029.81547434352,339.875924708329,102.341376056015,922.435151028296,0,256.241379387549,0,2397.31525025607,11.6063929072593,Yunnan,103.511386312737,24.6992138615654
205,24.6546480838851,1,3.01670251640351,5,473.01801983444,30,4103.39203558476,13.4138902634318,94.5250060633805,462.680604380634,552.934154029012,253.08334129523,0,2392.47663511554,334.278404437532,Yunnan,104.005017453927,24.7048647541438
206,39.8917067350179,2,410.558973326509,5,473.01801983444,31,4416.91544561431,69.5200360840803,25.0049699793002,1072.90648726714,511.876177701787,338.657017429829,0,2385.53686688875,13.4138902634318,Yunnan,104.498697796266,24.7082692383149
207,14.8627418420883,2,410.558973326509,6,1035.99086757543,25,2189.78893293594,37.2035339444136,190.746067181093,471.601446759535,667.269829395759,85.5736761345985,663.64231462174,3.01670251640351,70.7353623823988,Guangxi,104.992402930722,24.7094271339327
208,47.3257867860173,1,52.1216310541248,7,1451.3580699068,24,2397.33221477372,6.22402767748161,190.746067181093,985.357992487117,155.393651693972,552.934154029012,0,413.575675842913,93.1006458621301,Guangxi,105.486108440911,24.7083383797144
209,6.79323895759892,3,471.601446759535,5,1174.22369164241,20,2348.45786845386,0,190.746067181093,740.364796417242,192.87156501575,155.393651693972,511.876177701787,467.880445445476,89.3251649985383,Guizhou,105.979789910335,24.7050030332838
210,19.0099255351402,2,419.47981570541,6,1175.98459336373,24,2899.17366406461,190.746067181093,731.787058673313,162.513034718754,0,325.565899640241,704.747742717537,520.002076499601,263.811784634074,Guangxi,106.47342292963,24.6994212711299
211,38.7351596157956,1,432.362087907476,6,1123.98242861409,13,2598.73158190716,432.362087907476,461.938005484592,266.896887582895,0,107.917257595807,348.265216709723,790.606059445572,190.746067181093,Guangxi,106.966983103804,24.6915933884852
212,39.4556986392242,1,0.119466304477278,5,894.300093392067,13,2606.65100690872,0.119466304477278,690.675194387961,0,0,584.478101158578,155.393651693972,471.601446759535,704.383146604198,Guangxi,107.460446059464,24.6815197991191
213,54.9555199790718,0,0,5,728.834893067487,14,2904.22067109934,837.776691338539,357.864016410678,0.119433577455911,0,584.478101158578,0,1042.58797079398,81.3944578201065,Guangxi,107.953787452033,24.6692010350504
214,62.9909655782143,0,0,3,647.440435247381,16,2753.08027727337,457.233143674054,458.39106938381,358.508678118599,0.119433577455911,584.527859127387,0,513.756545727582,380.543547664486,Guangxi,108.446982972936,24.6546377461765
215,63.1065330991993,0,0,3,357.864016410678,16,1629.4739651016,43.23475914058,356.964118649199,500.271002698072,0.119433577455911,0.0497579688087821,0,81.3944578201065,647.440435247381,Guangxi,108.940008356768,24.6378306998215
216,57.7640507657889,0,0,6,716.243257551281,15,1748.05212103723,191.494181800914,408.677309744595,235.782564369794,264.488438328278,0.169191546264693,0,162.513034718754,484.927400528626,Guangxi,109.432839388423,24.6187807802025
217,8.14888177106244,1,93.771369234869,6,548.371676518183,23,2176.89743255898,690.420905838421,589.903063921623,274.101574482522,264.488438328278,0.119433577455911,0,0,357.864016410678,Guangxi,109.925451910195,24.5974889878141
218,42.3806912091783,2,235.782564369794,4,500.519873253524,22,2019.27919831694,492.20655255682,529.972129988057,38.3190101127283,142.011195134925,264.488438328278,0.119433577455911,360.668256817764,191.494181800914,Guangxi,110.417821828825,24.5739564387348
219,27.6733186846969,1,142.011195134925,5,538.838883366252,22,1855.62053577452,793.379004977844,118.47358651127,0,43.1786302200944,142.011195134925,264.607871905734,93.771369234869,400.198877789779,Guangxi,110.909925122512,24.5481843638508
220,57.9264787000206,0,0,2,180.330205247653,23,2933.27810066025,666.371842899283,0,1351.73584646029,45.8661626850466,0,406.619067040659,93.771369234869,368.91381234011,Guangxi,111.401737847863,24.520174108003
221,45.9290735933324,1,38.3190101127283,1,38.3190101127283,22,2691.32545854171,142.703780533796,905.609936558036,560.164276209607,14.036451885962,38.3190101127283,0,500.519873253524,529.972129988057,Guangxi,111.893236146792,24.4899271290544
222,71.6989171921739,0,0,6,1394.91447668038,22,2418.75084910667,136.399712911226,905.609936558036,634.942340997048,17.4600715186928,14.036451885962,38.3190101127283,142.011195134925,529.972129988057,Guangdong,112.384396253349,24.4574449968811
223,41.6658728436296,3,1155.18283548566,5,1356.59546656765,24,2614.65121539422,922.675149274693,305.716425374935,781.596283428235,145.135644949107,14.036451885962,0,38.3190101127283,407.172250368561,Guangdong,112.875194500491,24.4227293922856
224,10.3219739490355,2,560.164276209607,7,1540.55227755508,24,2323.91087154074,613.204371685724,74.7780647874411,243.348208830663,164.833454333289,6.52913004506373,7.54715257231837,38.3190101127283,1175.35147917351,Guangdong,113.365607326775,24.3857821058362
225,54.0934826794295,0,0,9,913.054890522866,28,2359.15301454669,436.820004398949,247.019144325924,116.565822739345,174.211479367018,25.2535646828466,7.54715257231837,560.164276209607,791.571570250678,Guangdong,113.855611282978,24.34660503663
226,30.6838644106137,2,206.499522296305,6,333.058032982338,30,2318.8711288638,323.399516576441,68.1593150538422,138.529848883943,54.1189034368996,188.895422738177,5.21584461941103,1351.73584646029,188.816431094799,Guangdong,114.34518303863,24.3052001909847
227,33.3920947806266,3,111.626751321799,9,369.44300315785,29,1701.0380209394,40.5196220296188,207.646580330407,55.3084767883666,102.893237163328,204.829809228142,17.4600715186928,560.164276209607,512.21594767124,Guangdong,114.83429938847,24.2615696810564
228,13.2103505239152,3,106.65010951835,11,359.665711823175,25,924.357302444435,48.3753253283755,238.045567001169,0,1.75189734156399,39.1864185145758,259.40641883624,223.553309115153,114.038366307358,Guangdong,115.322937258808,24.2157157233875
229,34.9468585580341,2,35.5133527833431,9,189.422299490868,28,1916.14717175181,329.375743864828,631.7218711823,23.7847010398385,362.602988936446,0,193.737898260673,318.126273618104,56.7976948496194,Guangdong,115.811073713789,24.1676406373844
230,60.1057808254417,0,0,5,46.3288170122077,25,1696.58064477598,508.444617052167,399.45579530627,49.4813795294231,362.602988936446,0,23.252757582701,243.348208830663,109.994897538311,Guangdong,116.298685961569,24.1173468437273
231,66.4428966896914,0,0,6,781.861075247398,21,1438.35836994397,235.007413062206,422.411136609679,23.7847010398385,360.851091594882,1.75189734156399,23.252757582701,112.972339219476,258.327033493626,Guangdong,116.785751360381,24.0648368627125
232,18.8606601037658,1,23.7847010398385,7,785.843485282554,17,1290.55965628179,628.980533996125,25.6966784895846,23.7847010398385,0,360.851091594882,1.75189734156399,45.4290660043378,204.065687815458,Fujian,117.272247424499,24.0101133125294
233,33.2545328783001,1,23.7847010398385,6,803.064519209243,12,1214.95780954316,149.576470265675,25.6966784895846,0,0,0,362.602988936446,49.3422107043063,627.739461147144,Fujian,117.758151830088,23.9531789074741
234,88.526161189537,0,0,1,16.2215390196911,5,1692.41503894571,0,1446.29004906364,0,246.124989882072,0,0,0,0,Yunnan,98.0572291634548,24.9396397211771
235,71.2126535280111,0,0,2,1300.51262888569,15,2506.82757719116,1300.51262888569,798.454496077503,39.8471461805052,246.124989882072,121.888316165394,0,0,0,Yunnan,98.5511514613461,24.9700631145052
236,84.8807347273568,0,0,2,1300.51262888569,17,2612.20682526599,1430.06851004395,758.723499793575,39.1799703613097,175.742567775097,192.27073827237,0,0,16.2215390196911,Yunnan,99.0453936405416,24.99824205078
237,71.7192133826189,0,0,3,39.1799703613097,17,2612.20682526599,186.036844571329,718.464075400196,39.1799703613097,0,297.630883940491,70.3824221069753,0,1300.51262888569,Yunnan,99.5399314918998,25.0241750272416
238,29.4343579474134,3,39.1799703613097,7,678.949292530414,18,2514.99379975966,758.056323974379,49.72657015225,14.795866687323,0,0,246.124989882072,0,1446.29004906364,Yunnan,100.03474071862,25.0478606573309
239,17.7715412193485,3,39.1799703613097,6,755.601087054739,19,2520.33512439043,79.361929050287,31.4430684257948,14.7950858837309,0,0,246.124989882072,0,2148.61005114854,Yunnan,100.529796943307,25.0692976716488
240,65.5877447092547,0,0,5,44.6857613210375,22,3371.82496493161,14.0264807654542,31.4430684257948,2379.39387265411,0,0,175.742567775097,39.1799703613097,732.03900494984,Yunnan,101.025075715096,25.0884849188357
241,29.1445358707642,1,4.83861514053234,3,34.6317614022663,24,3779.81190969595,33.8631562839897,347.70670996892,2286.05201114366,106.42462397188,241.517541581846,0,39.1799703613097,725.067896384345,Yunnan,101.520552516829,25.1054213663705
242,42.4595815264067,2,14.7950858837309,10,2410.83694107991,22,3141.18569008403,45.469549191249,335.324747126865,2271.1473360581,114.389530830644,251.474012325045,0,39.8471461805052,83.5333683716238,Yunnan,102.016202772286,25.1201061012866
243,33.6395128130588,1,2268.1306335417,10,2408.92164316333,21,3188.753118537,342.868094828388,165.372705594066,7.81636999263473,2286.05201114366,337.985694810527,9.95647074319853,4.83861514053234,33.8631562839897,Yunnan,102.512001853452,25.1325383308059
244,40.3004964047698,2,2286.05201114366,8,2385.53686688875,22,3401.08954163517,488.020184727994,11.2930183908721,470.001317318036,3.01670251640351,17.9213776019629,2374.55525751358,4.83861514053234,31.4430684257948,Yunnan,103.007925087834,25.1427173828902
245,47.1738664212619,1,3.01670251640351,7,2302.4826039235,30,3438.29307557959,160.821528012602,26.0010680580464,77.8747830630297,413.575675842913,0,114.389530830644,2282.92571942543,362.704770346923,Yunnan,103.503947765797,25.1506427067079
246,13.1129424075572,2,5.13757438896325,6,73.7520648988023,31,4369.02085909417,372.222321154186,33.0909205703673,61.4340854930132,922.435151028296,253.08334129523,94.3082257007527,2301.18511193119,331.261701921128,Yunnan,104.000045147941,25.1563138730175
247,18.9461905054056,1,57.321472118967,14,512.900349382525,28,4552.35898833432,202.049948083889,37.2035339444136,526.797421043845,922.435151028296,0,3.01670251640351,2361.54302859861,499.313203118866,Yunnan,104.496192472494,25.1597305744659
248,31.3654795960408,2,61.4340854930132,11,505.08397938989,21,1695.73826381214,37.2035339444136,0,417.354317870753,244.993196069875,922.435151028296,0,62.4590465079302,11.2930183908721,Guizhou,104.992364962718,25.1608926258026
249,61.4611837409874,0,0,14,974.559928314768,25,2364.8884612337,0,0,704.502612908675,626.995098453507,511.876177701787,410.558973326509,65.1378421116017,45.8177567316142,Guizhou,105.488537834337,25.1597999640085
250,40.883349671723,2,242.867698235218,4,662.347513940628,20,2348.45786845386,0,0,704.502612908675,419.47981570541,207.515282748097,922.435151028296,57.321472118967,37.2035339444136,Guizhou,105.984686302957,25.1564526483399
251,19.4091260410298,2,417.354317870753,7,1176.10405966821,22,2729.00141611834,0,0,894.300093392067,0,574.873467399383,563.997808755912,486.312884516979,209.517162054004,Guizhou,106.480785591499,25.1508508602869
252,11.6184650244918,3,513.756545727582,6,1123.98242861409,13,2948.0474679854,0,457.233143674054,728.834893067487,0,432.362087907476,1138.87127615529,190.746067181093,0,Guangxi,106.976810937619,25.1429949034477
253,12.8828293336686,3,513.756545727582,5,894.300093392067,12,2324.01239773022,0,457.233143674054,690.675194387961,0,0,192.991031320227,983.113028347982,0,Guangxi,107.472737601118,25.1328852033167
254,5.5273469277782,2,380.543547664486,6,1161.19698097496,14,2425.13001059731,680.24347788066,162.513034718754,458.39106938381,0,0,192.87156501575,931.110863598335,0,Guangxi,107.968540871337,25.1205223069886
255,26.0736202521317,2,429.40992230165,4,690.675194387961,15,1946.58272606302,462.212964934929,80.7736841250158,509.176550033551,0.119433577455911,0,0,894.300093392067,0,Guangxi,108.464196074527,25.1059068827783
256,26.3515929001449,2,310.131646723475,5,738.407564075164,19,2739.57891283804,4.97982126087494,709.80848554489,47.9812402426556,358.379241140603,0,0,1161.19698097496,457.233143674054,Guangxi,108.959678581198,25.0890397197555
257,15.9072072293,2,90.967128827783,6,552.411309174131,26,2981.33493504567,205.350603929239,592.484734974499,530.22100054351,500.271002698072,0.119433577455911,0,647.440435247381,505.447724075509,Guangxi,109.454963813426,25.069921727197
258,36.9867442794532,2,47.9812402426556,7,493.970247024648,30,3113.24676058639,543.53863598037,802.548704068374,528.36142018695,142.011195134925,358.379241140603,0,695.172804934584,43.23475914058,Guangxi,109.950027252127,25.0485539339551
259,16.9025715562893,1,0.248870555452507,10,1120.85923265049,30,2889.4958095459,1243.70070671905,648.445716499327,0,180.330205247653,264.488438328278,93.8908028123249,357.864016410678,100.775923528584,Guangxi,110.444844444289,25.0249374877433
260,58.5512215534105,0,0,7,672.232195678435,34,2861.43882421028,677.654033287875,690.732607771977,196.553010974626,38.3190101127283,142.011195134925,358.379241140603,91.2159993832355,666.57372640431,Guangxi,110.939391010148,24.9990736543408
261,54.9592897749165,0,0,6,671.983325122982,36,3798.20716748391,1121.82970686885,17.9261263999555,1351.73584646029,4.85962010736611,38.3190101127283,406.499633463203,242.279662450656,614.757561620864,Hunan,111.43364265032,24.9709638167151
262,85.3928990349072,0,0,7,764.844151075411,32,3505.31492542161,162.493423015523,0,1465.77421276764,7.54715257231837,38.3190101127283,406.499633463203,94.0202397903215,1330.66125369987,Hunan,111.927575152859,24.9406094740647
263,44.8476806371882,1,196.553010974626,3,967.955937537453,24,2741.94388123862,24.2301940225259,322.781638091592,1156.77236863225,383.779908922832,7.54715257231837,180.330205247653,0,666.502413749451,Guangdong,112.421164400266,24.9080122407826
264,5.67989674020831,2,791.571570250678,6,1465.77421276764,26,2731.18698335291,0,436.820004398949,206.499522296305,1172.64290700435,7.54715257231837,38.3190101127283,529.972129988057,339.386256980205,Guangdong,112.914386376419,24.8731738453407
265,34.1434838407574,5,1269.22120179302,7,1540.55227755508,28,2837.93038827744,612.904286760389,305.716425374935,264.072931144772,237.180297297599,565.380120829018,43.1786302200944,791.571570250678,17.9261263999555,Guangdong,113.407217173431,24.8360961290974
266,31.9193144396748,3,188.816431094799,7,1475.72072408932,33,3085.79706991971,1051.92630013233,9.07444882974313,298.916248159253,98.1664480228202,157.079791900556,565.023896316973,791.571570250678,114.038366307358,Guangdong,113.899632998431,24.7967810450283
267,19.5558009544101,2,206.499522296305,7,375.989995555605,34,3072.41351694781,501.71928784385,40.5196220296188,243.159933113751,134.8795089045,288.801249409419,0,1426.51391124773,436.820004398949,Jiangxi,114.391610180254,24.7552306563823
268,46.5538552323176,1,131.721457508864,11,402.563661491947,30,2499.25518826265,28.9930289372179,315.479417674769,64.3609093961105,40.3065444015491,234.192684884813,149.141698296137,1343.99926658046,322.781638091592,Jiangxi,114.883125176054,24.7114471352631
269,25.7909763729005,3,47.7232460198763,10,338.41062144665,27,1985.45291969268,0,696.25106308805,427.353124636707,11.7077404604393,119.947023982176,157.539817716972,320.537888603663,252.116261204671,Guangdong,115.374154577817,24.6654327611388
270,10.7851764642718,5,69.4752755086917,10,303.474679148393,25,1549.55763066392,465.976922129137,232.26607587603,423.240496346108,29.8974102622231,23.252757582701,121.582594440674,212.82175199743,40.5196220296188,Guangdong,115.864675118773,24.6171899192795
271,41.6714107504897,2,28.2988468506432,8,638.633318384864,28,1984.42800786453,438.337229104913,361.937161070958,421.170063760699,384.63579263472,1.75189734156399,134.8795089045,205.002213193208,36.7141418539665,Guangdong,116.354663679717,24.566721099125
272,19.0595712894957,2,395.473385271114,6,681.064081886606,28,1992.66095228533,369.239512574392,542.308518350614,25.6966784895846,382.047789378529,4.33990059775528,102.893237163328,127.048684357159,439.086631373972,Fujian,116.844097295217,24.5140288925844
273,25.5047154100529,2,396.714458120094,6,448.937174835693,21,1830.20237135642,531.695959901339,145.59406023052,25.6966784895846,0,384.63579263472,1.75189734156399,72.2166126948671,668.611370063826,Fujian,117.332953159718,24.4591159922684
274,38.6696812457747,2,25.6966784895846,5,446.195837649517,16,1523.82315574369,280.575562011764,25.8958653038136,0,0,358.26308833869,28.1246016375937,594.715552540641,236.248485911186,Fujian,117.821208633522,24.4019851896559
275,21.3291552491673,2,1300.51262888569,2,1300.51262888569,16,2490.31850910059,16.2215390196911,1470.32793443732,757.644045761505,175.742567775097,70.3824221069753,0,0,0,Yunnan,98.5188517759761,25.4202112222474
276,42.0121266597688,1,1284.291089866,3,1446.29004906364,17,2554.86060075593,0,250.578936226664,757.644045761505,0,246.124989882072,0,0,1300.51262888569,Yunnan,99.0155569405762,25.4484922898601
277,67.3718974098234,0,0,13,2217.50902437479,17,2554.86060075593,172.461915021684,795.91392078598,29.8898946337145,9.95725154679063,246.124989882072,0,1300.51262888569,0,Yunnan,99.5125622332846,25.4745193945417
278,31.9386376820642,6,668.992040983623,11,916.996395489099,20,2593.56237218045,106.844474755481,730.447597458883,24.6752906590678,39.1799703613097,175.742567775097,70.3824221069753,1300.51262888569,145.77742017795,Yunnan,100.009842994304,25.4982911106554
279,21.1065072971759,6,755.601087054739,10,771.21897531115,21,2544.74281372393,143.236844886426,14.0264807654542,36.2816835663272,9.95647074319853,28.4259087455901,186.496629390816,1300.51262888569,825.806166740433,Yunnan,100.507374481213,25.519806133028
280,66.6172070465139,0,0,8,780.276377713806,26,4438.00943665987,747.031476487599,14.0264807654542,367.543385487456,2301.18511193119,0,28.4259087455901,794.257845256007,185.539227986573,Yunnan,101.005131876262,25.5390632778543
281,29.6506314219968,2,24.6752906590678,3,36.2816835663272,25,4292.2969531672,761.057957253053,31.4430684257948,331.261701921128,2397.31525025607,0,0,764.615154327,6.60382098414971,Yunnan,101.503090293738,25.5560614835166
282,32.5955743964693,3,36.2816835663272,4,46.2381543095257,28,4449.7902273317,761.057957253053,499.626577635254,11.2930183908721,2385.53686688875,9.95647074319853,4.83861514053234,757.644045761505,19.8366755185355,Yunnan,102.001224787369,25.5707998113219
283,49.0362618732062,1,11.6063929072593,6,2635.67401902915,23,4118.84671986484,424.579666422089,488.020184727994,13.4138902634318,20.9380801183664,2364.59878677038,9.95647074319853,24.6752906590678,772.664350160313,Yunnan,102.499510357782,25.5832774461532
284,56.9630419327314,0,0,8,2640.21312436292,28,3654.33933246397,912.599851150083,206.112993289625,89.8249860605337,3.01670251640351,2359.42215672605,33.0544783894934,24.6752906590678,25.6328736727136,Yunnan,102.997921959994,25.5934936970356
285,37.8084417333523,3,11.2930183908721,7,347.692294700964,34,4064.92269008557,581.338149228954,210.66417087109,97.203801667052,412.679845199069,3.01670251640351,2392.47663511554,36.2816835663272,331.261701921128,Yunnan,103.496434510945,25.6014479976165
286,4.04919453815524,4,13.4138902634318,9,96.9047337826735,29,3605.71126226121,202.049948083889,0,37.2035339444136,467.880445445476,5.13757438896325,2382.52016437234,14.2851885109308,496.634407515195,Yunnan,103.995022897053,25.6071399065596
287,47.938826834843,3,23.1526688838712,13,107.938896326812,26,4252.38059206227,202.049948083889,0,227.949601125507,563.997808755912,467.880445445476,2291.18958553263,338.003542730536,161.30966038833,Guizhou,104.493661981793,25.6105691078515
288,1.9192110232492,8,37.2035339444136,9,94.5250060633805,24,2054.54669470289,17.0284131656023,5.10840248600719,190.746067181093,475.714060133581,922.435151028296,60.3381746353705,13.4138902634318,369.762535809512,Guizhou,104.992326613301,25.611735411022
289,46.3251098587494,5,14.0508650605423,10,285.271073244474,25,2411.42529131913,0,0,704.383146604198,471.601446759535,511.876177701787,470.89714796188,44.3933965303638,208.27397576137,Guizhou,105.490991631979,25.6106387512763
290,51.479200913486,0,0,8,483.52681398542,19,2193.06421675989,0,0,0,704.502612908675,983.477624461322,410.558973326509,94.5250060633805,0,Guizhou,105.989631878112,25.6072791895403
291,36.8154046560091,1,190.746067181093,4,930.991397293858,22,3030.84090809843,0,457.233143674054,380.543547664486,513.756545727582,610.225882886503,974.556782082421,94.5250060633805,0,Guizhou,106.488222199481,25.6016569124181
292,60.0442840489813,0,0,4,704.502612908675,16,2294.82850365019,0,457.233143674054,484.927400528626,243.907492538861,432.362087907476,662.347513940628,14.0508650605423,0,Guizhou,106.98673745898,25.5937722320621
293,59.4458106111667,0,0,5,894.300093392067,14,2329.09185715573,0.0996381646294264,462.212964934929,310.131646723475,380.543547664486,0.119466304477278,985.23852618264,190.746067181093,0,Guizhou,107.485152542206,25.583625585956
294,35.9485481781071,2,380.543547664486,6,1186.06803674154,14,2232.35808374619,457.332781838683,4.97982126087494,191.494181800914,266.896887582895,380.543547664486,740.364796417242,190.746067181093,0,Guizhou,107.983442365046,25.5712175366104
295,48.9060896169946,1,266.896887582895,5,1147.90833806201,17,2474.97104093231,462.212964934929,357.590847997766,400.198877789779,360.668256817764,0,894.300093392067,0,0,Guizhou,108.481581881234,25.5565487711714
296,24.6364424384521,2,310.131646723475,4,458.39106938381,23,2548.15052333488,4.97982126087494,538.842483023967,368.91381234011,449.346369968386,0,429.40992230165,299.424970765838,457.233143674054,Guizhou,108.97954608988,25.5396201009438
297,33.7939044548682,3,191.494181800914,6,496.178864923698,33,3732.86418111341,157.40445559209,1243.70070671905,630.499182961188,500.519873253524,47.851803264659,310.131646723475,380.543547664486,462.212964934929,Guangxi,109.477310042967,25.5204324608267
298,11.473268049512,2,138.065977957567,9,817.471789165659,31,3352.32063344892,514.995303589856,886.109858721288,529.972129988057,142.260065690377,358.379241140603,47.7323696872031,310.131646723475,562.74001790806,Guangxi,109.974848852808,25.498986908665
299,41.733917401709,3,208.704695988865,14,1122.70573551801,37,3090.92010164224,841.531732229632,369.505238278473,529.972129988057,38.3190101127283,500.519873253524,0.119433577455911,458.39106938381,352.561614818562,Guangxi,110.472137699452,25.4752846245156
300,27.4687194707683,5,529.972129988057,11,802.111087210979,36,3020.45679145652,653.806853853764,162.493423015523,726.525140962683,38.3190101127283,142.011195134925,358.508678118599,229.03310678535,709.759383472944,Guangxi,110.969151838049,25.4493269098296
301,17.8250281288144,5,529.972129988057,7,708.127779877441,34,3367.1037663127,93.3545137147854,142.703780533796,791.571570250678,0,38.3190101127283,500.271002698072,837.344298593494,963.539590409142,Hunan,111.465866606151,25.4211151865506
302,66.4645944852653,0,0,8,672.675910521853,37,3560.86451318273,162.493423015523,131.103579024014,114.038366307358,1351.73584646029,43.1786302200944,142.011195134925,738.676825976923,877.626647043605,Hunan,111.962257430956,25.3906509961316
303,60.4237767971426,0,0,4,927.971283161904,32,3705.18435626339,0,799.215672221798,188.816431094799,1351.73584646029,4.85962010736611,38.3190101127283,589.654193366171,732.583582900247,Hunan,112.458299836479,25.3579359984697
304,41.8276099627116,1,196.553010974626,5,1081.99430384481,30,3439.92563831248,0,1032.00772002486,114.038366307358,766.663798505912,796.431190358045,38.3190101127283,529.972129988057,162.493423015523,Guangdong,112.95396945066,25.3229719707599
305,32.6009587714706,2,114.038366307358,10,1863.33391564668,24,2937.28768204625,840.329660957278,211.596639175052,40.5196220296188,350.40213289022,560.164276209607,791.571570250678,0,142.703780533796,Guangdong,113.449242012388,25.2857608062708
306,27.2423327178103,2,114.038366307358,7,643.319526695254,28,2937.68441517919,1023.5254772286,19.9185801074748,84.4373878738427,318.126273618104,17.4202407872727,1269.22120179302,196.553010974626,8.48224279625307,Guangdong,113.944093378448,25.2463045130403
307,58.9505480625869,0,0,7,552.735569700859,31,3151.31128982239,742.424367317577,0,273.723712024494,110.24359303822,236.363766582863,560.164276209607,905.609936558036,322.781638091592,Guangdong,114.438499530374,25.2046052124955
308,25.895328021818,2,40.5196220296188,7,280.981067051272,34,2877.06704327949,33.1982853843137,271.73508541248,467.776936891363,41.8355824844683,134.8795089045,781.595557870146,114.038366307358,1032.00772002486,Jiangxi,114.932436581221,25.1606651379962
309,20.0590373944375,4,68.1593150538422,8,283.679555143369,27,1978.98666597818,13.2797052768389,264.652571499855,829.063811776426,41.8355824844683,119.947023982176,252.877180418504,114.038366307358,343.292424232557,Jiangxi,115.425880782229,25.1144866333044
310,16.7495363692284,3,201.324350629282,9,286.420892329545,28,1902.13465080555,262.660636582737,743.189111688555,399.45579530627,25.5365983814024,58.7661103660441,269.454428257255,123.153390115817,19.9185801074748,Fujian,115.9188085294,25.0660721509797
311,30.4072081876103,1,173.684657605059,10,973.393277831972,30,2140.43558068757,752.382560926946,550.808639264463,422.411136609679,29.1140414822051,1.75189734156399,142.123332403813,68.1593150538422,173.684657605059,Fujian,116.411196369957,25.0154242507046
312,36.219828753902,3,627.739461147144,5,805.406528787359,29,2415.46470592576,769.24782821838,271.282735390292,29.6790885247406,416.516749124777,365.344326122621,52.5671396021912,248.166202360026,262.660636582737,Fujian,116.903021008701,24.9625455975382
313,9.65339456829829,2,396.714458120094,6,657.418549671885,26,2223.8101070601,526.398115753581,145.793247044748,29.6790885247406,0,779.119738061223,12.6971803050507,233.204089994875,496.918647375885,Fujian,117.394259314257,24.9074389601022
314,40.5402730818882,3,29.6790885247406,5,568.005196840199,20,1942.10563295915,307.957945212786,0.199186814228927,0,25.6966784895846,384.63579263472,392.732048084938,205.965914490858,624.918067232034,Fujian,117.884888325197,24.8501072087003
315,33.8863848455071,2,25.6966784895846,3,29.6790885247406,15,1165.39156366831,269.990943836118,79.2158673392276,0,0,0,49.4813795294231,631.7218711823,134.981501781244,Fujian,118.374885256046,24.7905533133704
316,30.9108746105476,2,1430.06851004395,5,1459.86497861328,15,2308.73561087386,0,237.004006677019,732.03900494984,39.1799703613097,0,1300.51262888569,0,0,Yunnan,98.985420097523,25.8981272271013
317,26.065877912041,2,152.748528743444,10,2188.79200983752,15,2308.73561087386,0,97.8304074832194,725.43518396569,39.1799703613097,0,0,1300.51262888569,145.77742017795,Yunnan,99.4849174925851,25.9242506205463
318,11.4629139151889,7,732.03900494984,12,943.680890332834,18,2347.43738229838,97.8304074832194,14.0264807654542,98.531428749627,663.076594508436,20.7113131625102,0,1446.29004906364,6.97110856549474,Yunnan,99.9846945315447,25.9481103986095
319,12.4439059326274,5,718.464075400196,11,797.903470154885,23,3188.73220586184,147.199045823938,761.057957253053,31.4430684257948,4.83861514053234,28.4259087455901,648.480425078057,1533.99886956699,33.2883158278845,Yunnan,100.484726099648,25.9697052195323
320,61.7568929965695,0,0,8,757.165846824718,24,2229.43774964048,82.6569541686029,761.057957253053,362.704770346923,14.7950858837309,0,39.8471461805052,877.149249308594,91.2265864990697,Yunnan,100.984987004907,25.9890338663256
321,38.3127753549536,1,19.8366755185355,4,50.3081643317814,28,4374.88897065052,843.714911421656,0,342.868094828388,2311.06531670653,14.7950858837309,39.1799703613097,758.723499793575,64.542091655335,Yunnan,101.485451985639,26.0060952476136
322,23.3767199754893,2,31.4430684257948,6,381.56986625291,28,4868.67439563371,747.031476487599,581.338149228954,339.875924708329,2371.02854963331,33.0544783894934,63.8552610203775,718.464075400196,14.0264807654542,Yunnan,101.986095718068,26.0208883983899
323,31.0043516515178,3,342.868094828388,4,362.704770346923,27,4700.4150650989,0,1162.90649446301,342.554720312001,5.13757438896325,2392.47663511554,4.83861514053234,31.4430684257948,761.057957253053,Yunnan,102.486892823965,26.0334124806881
324,11.4465794321345,2,331.261701921128,6,508.240800422454,30,4769.93510118298,804.098063572256,358.808430890755,20.812786752314,65.1378421116017,2382.52016437234,14.7950858837309,31.4430684257948,1092.31965917418,Yunnan,102.987817878329,26.043666784164
325,26.9289896563372,2,8.61422278720061,6,499.313203118866,33,4023.92564316602,960.856546379122,202.049948083889,37.2035339444136,70.7353623823988,20.9380801183664,2364.59878677038,367.543385487456,0,Yunnan,103.488845417114,26.0516507265888
326,23.1699725645857,3,11.2930183908721,7,372.222321154186,28,4313.34117260479,202.049948083889,0,18.7710948729106,486.312884516979,7.81636999263473,2294.66623393086,342.868094828388,960.856546379122,Yunnan,103.989949944973,26.0573638542542
327,55.9827995350171,0,0,14,307.867972538142,25,2015.68276855386,202.049948083889,0,0,37.2035339444136,467.880445445476,7.81636999263473,339.875924708329,960.856546379122,Guizhou,104.491105943035,26.0608058422883
328,30.1776442048246,7,33.0909205703673,8,37.2035339444136,22,1349.79895198536,0,0,0,469.475948924878,505.08397938989,7.81636999263473,8.61422278720061,358.808430890755,Guizhou,104.992287876695,26.0619764948815
329,50.3356488821071,0,0,8,37.2035339444136,23,1842.25972832713,0,27.0023087418192,0,1042.58797079398,462.680604380634,96.6458779359403,11.2930183908721,202.049948083889,Guizhou,105.493470203418,26.0608757454225
330,92.8911619746474,0,0,3,196.970094858575,21,1910.24029588381,27.0023087418192,0,0,704.502612908675,471.601446759535,486.312884516979,18.7710948729106,202.049948083889,Guizhou,105.994627380548,26.0575036565451
331,85.6389739913865,0,0,1,190.746067181093,20,2078.18623185761,27.0023087418192,0.0996381646294264,457.233143674054,894.300093392067,662.347513940628,0,37.2035339444136,0,Guizhou,106.49573387312,26.0518604200846
332,105.068072027576,0,0,0,0,16,2319.08343443445,0,5.07945942550436,457.233143674054,647.440435247381,706.628110743332,469.475948924878,6.22402767748161,27.0023087418192,Guizhou,106.996764161662,26.0439463569438
333,84.5113034437826,0,0,1,457.233143674054,12,2084.09866108585,0.0996381646294264,462.212964934929,43.23475914058,647.440435247381,81.3944578201065,849.716405778229,0,0,Guizhou,107.497692749988,26.0337619168701
334,47.3835803097082,1,457.233143674054,4,842.756512599414,13,2005.74983305653,0.0996381646294264,462.212964934929,100.527052973131,357.864016410678,380.543547664486,704.502612908675,0,0,Guizhou,107.998494172971,26.0213076781427
335,48.4587139343178,1,457.233143674054,5,990.375124604135,18,2558.54987647687,4.97982126087494,157.40445559209,686.668707982478,90.967128827783,266.896887582895,894.300093392067,0,457.332781838683,Guizhou,108.499143004295,26.0065843471699
336,67.7723598329976,0,0,5,820.076981345607,24,2589.48027329085,0,339.057320425052,855.036026623141,242.279662450656,310.131646723475,380.663013968963,0,462.312603099558,Guizhou,108.999613864176,25.9895927579988
337,59.7209246975981,0,0,7,757.540855232092,31,3443.90412173333,275.063463252669,771.838006295854,1001.83483041126,100.775923528584,141.503738922072,690.675194387961,457.233143674054,4.97982126087494,Guangxi,109.499881427047,25.9703338717353
338,23.1178730730653,5,666.57372640431,11,798.08420945919,35,3343.63499819676,432.681697494705,819.677528897094,897.101377576542,179.550120119361,194.547292763453,357.864016410678,457.233143674054,4.97982126087494,Guangxi,109.999920429203,25.9488087758774
339,12.4047038786122,7,491.957682001368,21,1874.4487602357,35,2905.65222728436,165.540817685617,649.561865744565,142.703780533796,529.972129988057,236.031434925246,666.846894817222,0,514.995303589856,Guangxi,110.499705676397,25.9250186835603
340,29.0513935124026,1,59.6820633781137,19,1734.52818897635,33,2521.09633204089,570.090159884724,26.0937101042974,136.399712911226,529.972129988057,142.011195134925,141.752609477525,352.217637547124,622.559176993007,Guangxi,110.999212051387,25.8989649327161
341,44.9500952756009,3,120.33316686783,18,1322.23777626642,34,3337.3852017471,19.6601770099438,313.970033411038,0,791.571570250678,587.502455616214,123.048750174949,730.007987638367,771.624227645909,Hunan,111.49841452142,25.8706489851472
342,28.4239686372081,3,142.703780533796,11,692.067220075878,36,3358.9688106651,333.630210420982,0,245.141945331372,967.955937537453,38.3190101127283,530.22100054351,649.575916243404,594.12479047565,Hunan,111.997288145657,25.8400724255155
343,56.1386192112981,0,0,4,142.833246005579,33,3991.15649646438,171.136787405459,709.226081933264,322.781638091592,1465.77421276764,0,0,952.732537987944,369.505238278473,Hunan,112.495808082527,25.8072369602469
344,68.4723437530942,0,0,4,345.582716398595,30,3587.80237560532,171.136787405459,860.248241064753,191.678059067577,320.537888603663,1351.73584646029,0,648.445716499327,44.0198365042529,Hunan,112.993949597004,25.7721444163548
345,36.826126199207,2,131.103579024014,7,913.254038529156,27,3108.90884904912,19.4395571261922,851.7659982685,232.197681097196,320.537888603663,560.164276209607,791.571570250678,142.833246005579,190.398631487701,Hunan,113.491688067808,25.7347967401804
346,14.6402394206086,2,314.299395295339,10,1146.04608633221,23,2814.73850653139,911.86145533078,33.1982853843137,16.9301521284997,163.16663070874,572.59634001763,967.955937537453,17.9261263999555,131.103579024014,Jiangxi,113.988998994521,25.6951959960536
347,49.9935945515478,1,191.678059067577,9,942.247067466374,32,3406.40399785096,258.301268634303,13.2797052768389,444.200997486553,198.833460639029,221.432007218629,1465.77421276764,200.16030186383,604.422043964136,Jiangxi,114.485858004609,25.6533443648747
348,44.0862381490436,1,9.07444882974313,4,252.116261204671,30,2288.92616218382,13.2797052768389,162.158687928777,508.444617052167,109.994897538311,243.348208830663,188.816431094799,322.781638091592,740.101976370678,Jiangxi,114.982240860354,25.6092441426182
349,46.5101831366356,1,9.07444882974313,6,344.337856229979,34,2870.76462601259,268.788827908837,599.197889840381,405.950733481089,55.9385398748666,159.349997341675,215.573971126048,436.820004398949,729.144662040738,Jiangxi,115.478123465686,25.56289773876
350,40.6007274113725,1,173.684657605059,8,736.770685117669,30,2624.3117461902,255.509122631998,799.642388925087,361.937161070958,569.158042876173,86.5290623275398,326.659623906551,191.678059067577,33.1982853843137,Jiangxi,115.973481872909,25.5143076746306
351,38.9048386247279,3,508.444617052167,8,700.984335191342,28,2320.92004877114,853.976516345368,326.133174244477,377.86013610655,448.937174835693,25.5575096644678,266.101383468007,9.07444882974313,13.2797052768389,Fujian,116.468292289316,25.4634765816943
352,10.3516449852362,1,232.26607587603,10,1205.04060206846,25,2035.80793017047,525.69699080376,134.981501781244,145.59406023052,446.195837649517,2.74133718617539,475.426008989781,40.5196220296188,264.652571499855,Fujian,116.9625310837,25.410407199756
353,52.5964853930653,0,0,6,909.556096007889,23,2103.60630574068,326.133174244477,269.990943836118,0.199186814228927,25.6966784895846,420.499159159933,28.2988468506432,536.08431007639,496.704006269304,Fujian,117.456174792741,25.3551023750997
354,50.1310732526353,0,0,6,693.693871999971,24,2131.30820452812,1.8824209511365,335.663860900142,13.5429502752035,0,49.4813795294231,399.45579530627,668.611370063826,662.670427502122,Fujian,117.949200127272,25.2975650585567
355,54.8226544299023,0,0,4,171.489925534333,19,1603.66843228323,124.396883605599,126.076121981805,0,0,25.6966784895846,423.240496346108,232.26607587603,671.992175984101,Fujian,118.441583978422,25.2377983035076
356,34.3734151268084,1,0.199186814228927,3,159.137010505723,14,991.426705585515,171.456325062404,79.0166805249987,0,0,0,418.428726574523,129.671085194928,192.85388822866,Fujian,118.93330342363,25.17580526382
357,45.7814329168007,1,145.77742017795,6,1486.54947345702,16,5164.50716549739,2855.77155462353,64.542091655335,111.983069058976,831.697821273858,0,1300.51262888569,0,0,Yunnan,98.9549785651796,26.3471676685323
358,32.3368614997176,3,179.433023587179,8,889.681082576573,19,5247.16411966599,2855.77155462353,173.883540667673,0,771.21897531115,0,1446.29004906364,0,0,Yunnan,99.4569930938663,26.3733895448376
359,23.7194706423988,3,40.2594243933792,10,969.043011626859,23,6240.28993549293,2920.31364627887,1041.91961371155,14.0264807654542,98.531428749627,685.553113514563,1453.26115762913,0,26.6844948437348,Yunnan,99.9592915267671,26.3973393915314
360,55.7468321723359,0,0,9,823.26559144891,23,3384.74184989749,294.888137223947,747.031476487599,25.6328736727136,24.6752906590678,118.541899411597,652.677075899553,1456.75300488768,64.542091655335,Yunnan,100.461848369312,26.4190158294268
361,63.2159168490846,0,0,4,904.29480213948,24,2431.71246195263,294.888137223947,747.031476487599,345.288182686583,36.2816835663272,0,757.644045761505,186.036844571329,64.542091655335,Yunnan,100.964638047726,26.4384176075853
362,21.1166820001064,1,14.0264807654542,4,792.501025678848,26,2867.27319100363,959.262659542943,438.606147187543,488.020184727994,11.6063929072593,24.6752906590678,755.601087054739,42.302383100146,147.199045823938,Yunnan,101.467634916766,26.4555436041839
363,43.5382173994427,1,14.0264807654542,4,792.501025678848,25,5241.82233741586,0,804.098063572256,165.372705594066,331.261701921128,2314.36878785122,0.667175819195489,782.338991236335,843.714911421656,Sichuan,101.970813267505,26.4703928272939
364,59.5908025956749,0,0,5,513.653058400708,19,4580.88795987929,0,804.098063572256,358.808430890755,342.554720312001,2278.0871042849,36.2816835663272,14.0264807654542,747.031476487599,Sichuan,102.47414733517,26.4829644155697
365,44.9139200600636,3,488.020184727994,7,928.269289263078,20,4590.97373861061,804.098063572256,156.758482806866,202.049948083889,13.4138902634318,2617.31371306479,36.2816835663272,14.0264807654542,747.031476487599,Sichuan,102.977611307026,26.4932576388478
366,19.4699139146716,1,156.758482806866,9,1123.26402202117,31,4975.41014085556,798.641564752662,249.339949695917,0,101.754979248516,9.20061959469956,2630.83540388862,761.057957253053,424.579666422089,Yunnan,103.481179330287,26.5012718986542
367,45.2620684977832,2,202.049948083889,6,370.101449281627,27,1926.38487454227,262.364684795628,249.339949695917,0,94.5250060633805,12.367547574099,4.06304520573631,499.626577635254,804.098063572256,Yunnan,103.984825520069,26.507006728621
368,43.5792877842979,2,202.049948083889,7,225.023717307948,25,1911.76177911861,309.654686407656,0,0,37.2035339444136,59.4423439915267,11.2930183908721,488.020184727994,1006.14801165614,Yunnan,104.488523967358,26.5104617948117
369,79.3612411537702,0,0,9,235.140868654256,23,1373.6687866983,47.2900016120281,27.0023087418192,0,190.746067181093,94.5250060633805,13.4138902634318,156.758482806866,843.933030029685,Guizhou,104.992248747006,26.5116368959526
370,89.0010895219442,0,0,4,17.0285750036812,20,863.163238646225,238.135257519018,27.0023087418192,0,190.746067181093,52.1216310541248,97.203801667052,210.66417087109,47.2900016120281,Guizhou,105.49597392573,26.5105319635741
371,117.771272168335,0,0,0,0,21,1592.21518853275,265.137566260837,0.0996381646294264,0,513.637079423105,469.475948924878,94.5250060633805,202.049948083889,47.2900016120281,Guizhou,105.999673570124,26.5071470620575
372,117.469730202389,0,0,0,0,16,1452.64948812325,27.0023087418192,0.0996381646294264,457.233143674054,81.3944578201065,849.716405778229,37.2035339444136,0,0,Guizhou,106.50332175467,26.5014823885908
373,113.934923612221,0,0,0,0,12,2062.35928563713,261.389962532927,0.0996381646294264,462.212964934929,380.543547664486,740.364796417242,190.746067181093,0,27.0023087418192,Guizhou,107.006892569738,26.4935382730311
374,74.5304320465269,0,0,2,457.332781838683,13,2524.94710231082,261.489600697556,422.299179780458,462.212964934929,266.896887582895,894.300093392067,190.746067181093,0,27.0023087418192,Guizhou,107.510360129581,26.4833151776749
375,25.6481690230004,1,457.233143674054,2,462.212964934929,12,2246.44797858765,422.398817945087,0,619.617420527019,310.131646723475,380.663013968963,513.637079423105,0,0,Guizhou,108.01369858031,26.4708136969362
376,27.2763897716261,2,462.212964934929,2,462.212964934929,17,2377.57006790088,422.299179780458,4.97982126087494,572.62921015246,191.494181800914,647.440435247381,81.3944578201065,457.233143674054,0.0996381646294264,Guizhou,108.516882107836,26.4560345569329
377,46.2772688809602,1,4.97982126087494,2,462.212964934929,24,3035.54762519254,422.299179780458,275.063463252669,828.23306602269,309.231748961996,357.864016410678,380.543547664486,457.233143674054,5.07945942550436,Guizhou,109.019884945794,26.4389786149817
378,56.568887792695,0,0,6,577.609031413335,25,2870.15655239303,0,283.303761019331,1035.24488128564,309.231748961996,90.967128827783,266.896887582895,462.212964934929,422.299179780458,Hunan,109.522681383421,26.4196468590027
379,6.62451793066193,3,377.685829575934,13,1294.62040002132,34,3116.09273159363,283.303761019331,24.0346305909262,889.818802553868,960.543707570878,186.047218200222,310.131646723475,462.212964934929,0,Hunan,110.025245773396,26.3980404068321
380,10.9412644434685,9,828.23306602269,15,1401.10516231114,34,2416.19289435921,149.933936018168,0,732.583582900247,589.654193366171,174.917968860373,449.100702119248,162.598055502911,157.40445559209,Hunan,110.527552539631,26.3741605054477
381,14.2004615449102,8,633.524421118781,20,1346.28459108418,33,2539.11510136321,215.252113029613,172.869732637062,160.76047778392,0,529.972129988057,416.646182027313,381.438027431877,662.176438465369,Hunan,111.029576185002,26.348008530103
382,34.5088573192726,6,271.710173022889,20,1227.22472509379,31,2483.14243390935,0.398332927702104,190.398631487701,24.359659494309,118.47358651127,529.972129988057,368.91381234011,1132.96727349962,117.659007660579,Hunan,111.53129129903,26.3195859833758
383,5.97465946666349,6,162.095090087821,10,369.505238278473,33,3506.41223053299,0,171.136787405459,607.537613154221,809.497696650634,6.30406762257043,648.445716499327,1243.70070671905,19.7896424817269,Hunan,112.032672565486,26.2888944941277
384,42.1701651882599,1,17.9261263999555,7,162.493423015523,34,3458.77904870164,171.136787405459,0,1032.00772002486,114.038366307358,791.571570250678,529.972129988057,818.319529493627,1.73294523160299,Hunan,112.533694769928,26.2559358163787
385,60.009456108128,0,0,3,149.02970542397,32,3599.2719829019,171.136787405459,238.382688526828,824.500925935442,114.038366307358,1351.73584646029,529.972129988057,369.505238278473,0,Hunan,113.034332807167,26.220711828097
386,16.3962353664894,2,131.103579024014,8,1032.00772002486,29,2986.40692322418,20.4120458215393,740.03772239776,19.9185801074748,406.634151708776,1465.77421276764,0,162.493423015523,171.136787405459,Hunan,113.534561688637,26.1832245299044
387,33.236386174886,8,1032.00772002486,9,1051.92630013233,25,2627.53041601709,747.170062942461,33.1982853843137,0,40.5196220296188,688.600314958015,914.19290647844,32.712436818779,171.136787405459,Hunan,114.034356549691,26.1434760436997
388,32.207262755313,1,19.9185801074748,9,1051.92630013233,27,1947.2002241615,49.8989950788878,33.9287815113259,262.660636582737,248.166202360026,206.499522296305,305.716425374935,131.103579024014,709.226081933264,Jiangxi,114.533692656796,26.1014686112008
389,44.8072514407607,1,19.9185801074748,3,42.2727342140568,31,2573.66353118317,20.5848222615695,389.059003336409,496.918647375885,243.159933113751,172.241079538483,188.816431094799,804.582345827967,258.301268634303,Jiangxi,115.032545414633,26.0572045924074
390,80.8863294650131,0,0,5,304.933370796794,33,2825.10894127912,268.788827908837,487.729989427092,506.211473997357,176.425994791234,109.994897538311,206.499522296305,1051.92630013233,17.5319351876575,Jiangxi,115.530890373089,26.0106864639848
391,31.8205019540297,2,262.660636582737,4,438.337229104913,26,2356.86527262373,255.509122631998,527.688925720877,397.642138363982,631.7218711823,243.159933113751,40.5196220296188,247.343954304363,13.2797052768389,Jiangxi,116.028703234152,25.9619168175716
392,17.3884559413419,3,264.652571499855,8,1014.44144994294,26,2275.03395865736,391.050938253526,400.709440593809,271.282735390292,628.980533996125,211.939347574577,74.4815447549675,122.412463678552,174.176954415511,Fujian,116.525959858681,25.9108983580117
393,51.0359257136459,0,0,10,1157.59713996089,26,2364.95984915044,487.729989427092,173.539132554876,271.282735390292,29.6790885247406,627.739461147144,242.278538824618,262.660636582737,270.050266698942,Fujian,117.022636273072,25.8576339015132
394,8.66741857181134,2,134.981501781244,8,906.250186777248,22,2056.14651598751,174.830924109049,124.396883605599,145.793247044748,25.6966784895846,396.714458120094,436.331763691488,264.652571499855,487.729989427092,Fujian,117.51870867579,25.8021263737358
395,20.4833015951689,1,145.59406023052,5,442.939446994031,24,2154.38375813086,1.8824209511365,171.257138248176,224.809927569747,0,29.6790885247406,801.424118752203,390.341246659627,534.989817425232,Fujian,118.014153443784,25.7443788078066
396,30.1987512575967,1,145.59406023052,3,270.190130650347,19,1581.01674992547,126.279304556735,112.533171706601,13.5429502752035,0,25.6966784895846,396.714458120094,514.833572804911,391.416613972337,Fujian,118.508947138774,25.6843943422701
397,17.3159281122768,1,0.199186814228927,6,349.206811175346,14,600.577078451713,0,112.533171706601,13.3437634609746,0,0.199186814228927,29.6790885247406,280.575562011764,164.246305933403,Fujian,119.003066513399,25.6221762189693
398,27.9689176356078,3,58.0177843858861,4,79.2158673392276,10,547.452419467279,112.533171706601,0,13.3437634609746,0,0,25.6966784895846,271.48192220452,124.396883605599,Fujian,119.496488517233,25.5577277808643
399,88.2071420683592,0,0,2,172.461915021684,14,5360.82764053312,3091.27200002057,0,64.542091655335,758.723499793575,1446.29004906364,0,0,0,Yunnan,98.9242277051801,26.7956344370198
400,47.9316240885992,1,26.6844948437348,5,250.578936226664,19,5666.46983937279,3091.27200002057,294.888137223947,64.542091655335,751.75239122808,163.502590359164,1300.51262888569,0,0,Yunnan,99.4287847764521,26.8219570252409
401,20.8872146285573,2,91.2265864990697,4,104.801516048714,24,6856.84253105864,636.389271084248,294.888137223947,825.600048908388,0,771.21897531115,1472.97454390737,0,2855.77155462353,Yunnan,99.933630099143,26.8459989792908
402,30.1912276537088,1,64.542091655335,6,180.487361651822,23,5576.16657769149,613.120008742551,82.6569541686029,761.057957253053,19.8366755185355,757.644045761505,186.036844571329,64.542091655335,3091.27200002057,Yunnan,100.438737791192,26.8677588816782
403,68.2959119510611,0,0,6,908.257003076991,22,2491.38233417191,695.776962911154,0,747.031476487599,45.469549191249,23.3072723393319,888.570486743509,91.2265864990697,0,Yunnan,100.944081889306,26.8872354467194
404,28.3267292335089,2,761.057957253053,2,761.057957253053,26,3608.50044347969,0,747.031476487599,960.856546379122,342.868094828388,38.701771424522,732.03900494984,91.2265864990697,695.776962911154,Sichuan,101.449636356887,26.9044275214297
405,37.0810096312564,1,747.031476487599,2,761.057957253053,19,2547.50998626555,19.9271150355477,0,960.856546379122,331.261701921128,36.2816835663272,92.7212339965457,64.542091655335,1041.91961371155,Sichuan,101.95537509202,26.9193340863246
406,68.8507513337064,0,0,5,1342.39610648201,23,2561.71978467431,19.9271150355477,963.111719051694,358.808430890755,339.875924708329,11.6063929072593,24.6752906590678,761.057957253053,82.6569541686029,Sichuan,102.46127193551,26.9319542561289
407,33.942712919993,2,424.579666422089,7,1292.11824830025,24,3767.77376764224,1632.02650881484,641.883081945796,202.049948083889,168.051501197738,331.261701921128,31.4430684257948,761.057957253053,0,Yunnan,102.967300678967,26.9422872803925
408,32.3043534772809,1,156.758482806866,7,1162.90649446301,28,3809.54652957341,1586.96523954292,309.654686407656,202.049948083889,12.1985639651133,170.172373070298,342.868094828388,761.057957253053,424.579666422089,Yunnan,103.473435072918,26.9503325440131
409,29.647046054599,2,202.049948083889,7,1162.90649446301,30,2782.79670288463,828.839889690959,409.171192601686,0,239.253482028302,13.4138902634318,488.020184727994,424.579666422089,379.518397150167,Guizhou,103.979648834966,26.9560895676643
410,27.0083290536931,2,202.049948083889,2,202.049948083889,31,4842.85076874085,703.850913205504,2355.97073333574,27.0023087418192,6.22402767748161,93.1006458621301,541.925872792218,581.338149228954,533.438117897007,Guizhou,104.485915657967,26.9595580081303
411,74.699007690555,0,0,2,202.049948083889,36,5802.87040152299,2765.14192593743,1506.63927187267,0,0,94.5250060633805,11.2930183908721,1162.90649446301,262.364684795628,Guizhou,104.992209218221,26.9607376585448
412,99.7392695926148,0,0,1,27.0023087418192,28,4773.48901764351,4197.48888745625,27.091961751303,0,0,37.2035339444136,0,202.049948083889,309.654686407656,Guizhou,105.498503183687,26.9596284485353
413,69.8354270018963,0,0,1,27.0023087418192,30,4963.36000072653,3862.69965821789,261.389962532927,0.0996381646294264,0,190.746067181093,37.2035339444136,202.049948083889,409.171192601686,Guizhou,106.004771222199,26.9562304442725
414,69.3256938675255,0,0,1,27.0023087418192,20,4778.39249744808,1579.2510423264,0,457.332781838683,0,190.746067181093,6.22402767748161,0,2544.83857842441,Guizhou,106.510987009678,26.9505438484234
415,77.3000173112883,0,0,2,27.1019469064486,12,2608.47688130257,261.479615542411,422.398817945087,4.97982126087494,457.233143674054,190.746067181093,0,0,1271.63941569905,Guizhou,107.017124238347,26.942569000011
416,46.8440731465402,1,0.0996381646294264,2,457.332781838683,8,1391.12422010998,261.489600697556,422.299179780458,4.97982126087494,457.233143674054,218.030512945731,0,0,27.091961751303,Guizhou,107.523156624925,26.932306374177
417,58.4246668932693,0,0,3,462.312603099558,9,1710.95205741134,0,422.299179780458,162.384276852965,0,837.776691338539,0,27.0023087418192,261.489600697556,Guizhou,108.029057918807,26.9197565818513
418,27.3691034641801,1,4.97982126087494,3,462.312603099558,12,2065.52323537783,422.299179780458,117.659007660579,535.090285168024,48.2145804014549,484.927400528626,457.233143674054,0,0.0996381646294264,Guizhou,108.534801910214,26.9049203693258
419,46.3319760050853,1,4.97982126087494,3,619.617420527019,22,2662.99550473926,422.299179780458,125.899305427241,564.612412382958,730.007987638367,357.864016410678,462.212964934929,0.0996381646294264,0,Guizhou,109.040362438317,26.8877986177352
420,34.9680849104856,1,157.40445559209,4,437.66151875558,25,2709.14035773239,0,231.929230740318,751.52924606774,649.575916243404,191.494181800914,457.233143674054,5.07945942550436,422.299179780458,Hunan,109.54571339932,26.8683923424436
421,15.6926973372848,1,157.40445559209,10,1043.61446589725,35,3420.89089146155,393.768759608872,0,450.771346216637,976.617073296752,514.582352891235,43.23475914058,619.617420527019,422.299179780458,Hunan,110.050828754493,26.8467026923387
422,20.1308831912872,1,24.0346305909262,14,1310.30834453831,34,2593.09521971306,276.109751948292,0,44.0198365042529,1242.57050697498,492.20655255682,258.145287215167,162.384276852965,117.659007660579,Hunan,110.55568253817,26.8227309490333
423,33.5713807211776,6,594.12479047565,15,897.416289525332,33,2759.00331530219,161.839528868554,0,190.796964415403,142.833246005579,1159.74435325089,714.455536429347,157.40445559209,231.929230740318,Hunan,111.060248865672,26.7964785259762
424,18.1190581390119,3,19.6601770099438,13,756.618213491173,32,2564.40237903098,11.9560420149973,171.136787405459,1.73294523160299,160.76047778392,529.972129988057,1062.04784188609,339.057320425052,287.738834295795,Hunan,111.56450194118,26.7679469674722
425,24.2864656319544,4,19.7896424817269,8,333.630210420982,30,2531.63954307084,11.9560420149973,171.136787405459,607.537613154221,0,142.703780533796,783.714601225116,814.59071873725,0,Hunan,112.068416065538,26.7371379476123
426,63.4828376736375,0,0,8,333.630210420982,30,2756.92723959222,171.136787405459,10.9573143299391,709.226081933264,322.781638091592,196.553010974626,732.48743937175,613.784967485594,0,Hunan,112.571965643974,26.7040532691165
427,78.6150071689709,0,0,5,778.67440055968,23,1734.09186884449,0,37.9439810091969,729.144662040738,436.820004398949,196.553010974626,142.703780533796,19.7896424817269,171.136787405459,Hunan,113.075125193753,26.6686948620886
428,49.2427225570324,2,476.434034130206,8,851.286975287217,26,1769.00001282466,0,59.5724197125264,742.424367317577,191.678059067577,441.694956305998,136.399712911226,26.0937101042974,171.136787405459,Hunan,113.577869351736,26.6310647826851
429,9.22662059480999,5,709.226081933264,10,1062.88361446227,21,1425.33751595261,58.5767910161509,7.30511698473065,260.623659581202,9.07444882974313,787.51713311131,131.103579024014,0,171.136787405459,Jiangxi,114.080172881848,26.5911652116998
430,26.5139942045203,4,252.710627910532,9,945.059740715094,24,1803.08516483475,54.1940975439302,268.788827908837,262.660636582737,60.4382021370936,0,436.820004398949,709.226081933264,10.9573143299391,Jiangxi,114.582010682458,26.5489984530647
431,39.0500962151878,2,33.1982853843137,5,265.990333187371,28,2226.90840241432,33.7820517223909,268.788827908837,599.197889840381,201.324350629282,40.5196220296188,342.700218199066,709.226081933264,31.3693601514784,Jiangxi,115.083357793644,26.5045669322693
432,45.9097971435502,1,13.2797052768389,5,296.589418094063,31,2651.1367345788,0.730496127012222,254.778626504986,536.981752342349,668.611370063826,68.1593150538422,191.678059067577,851.7659982685,78.4311171507082,Jiangxi,115.584189404367,26.4578731946999
433,50.4067089608324,0,0,7,867.256221622207,26,2074.9118577036,254.778626504986,281.677045238145,528.390050670698,494.926712458767,232.769523829158,9.07444882974313,252.710627910532,20.5848222615695,Jiangxi,116.08448085952,26.4089199038994
434,15.7631184078984,3,296.4390647602,8,799.642388925087,29,3074.70016814957,279.842303744695,1049.38947765907,318.542563388432,398.706393037212,530.969943963809,208.542078340035,33.1982853843137,255.509122631998,Fujian,116.584207666868,26.3577098397509
435,25.4550535673607,4,364.734374134258,9,925.331064084859,32,3293.65595276822,1194.88141568479,193.034093414369,133.689710227071,271.282735390292,631.7218711823,463.98498721202,15.2716401939561,389.789499463421,Fujian,117.083345503869,26.3042458965856
436,15.0503594316615,4,326.133174244477,8,808.264487732641,31,3277.90192364396,1032.58347555235,1.8824209511365,124.396883605599,171.489925534333,525.144470466042,517.737443673639,162.158687928777,742.508615932078,Fujian,117.58187022436,26.2485310812174
437,57.6715422285465,0,0,7,598.006539031732,29,2834.30434281123,716.656591382127,46.860254642577,203.413564130597,0.199186814228927,568.005196840199,357.954751035802,761.675387548419,179.539410417285,Fujian,118.079757865123,26.1905685109056
438,27.4639048753097,1,124.396883605599,3,270.190130650347,21,1988.87555743246,106.533411479664,171.257138248176,79.0166805249987,0.199186814228927,25.6966784895846,507.531221301478,536.981752342349,561.659488231981,Fujian,118.576984652317,26.1303614112477
439,40.5899549796488,1,124.396883605599,7,396.067065817923,16,1057.12473358207,307.345394078951,46.860254642577,65.6729170640241,13.3437634609746,25.8958653038136,145.59406023052,326.133174244477,126.279304556735,Fujian,119.073527007765,26.0679131140051
440,8.45458228325604,2,65.6729170640241,6,250.473005587403,10,705.29488084801,354.205648721528,21.1980829533415,44.4748341106826,13.3437634609746,0,145.793247044748,124.396883605599,1.8824209511365,Fujian,119.569361555104,26.0032270548617
441,89.8037595435432,0,0,1,2855.77155462353,14,4727.06347800829,2855.77155462353,235.500445397042,147.199045823938,42.302383100146,1446.29004906364,0,0,0,Yunnan,98.8931627846501,27.2435483846103
442,83.3554200784042,0,0,3,2946.9981411226,17,6039.71588860539,3091.27200002057,613.120008742551,82.6569541686029,143.236844886426,825.138990921238,1284.291089866,0,0,Yunnan,99.4002881927669,27.2699739502137
443,49.227640089156,1,64.542091655335,5,173.883540667673,20,5792.17489288773,510.525406473125,695.776962911154,747.031476487599,78.5685724207892,758.723499793575,145.77742017795,0,2855.77155462353,Yunnan,99.9077062886198,27.2941100837197
444,53.8386017746613,0,0,5,359.430228879282,20,5792.17489288773,675.91378676329,294.888137223947,747.031476487599,14.0264807654542,718.464075400196,250.578936226664,0,3091.27200002057,Yunnan,100.41539079479,27.3159553284237
445,40.8760472801495,3,82.6569541686029,6,1106.46170536688,21,5686.16126326386,970.801923987237,19.9271150355477,0,780.894632771589,79.361929050287,743.903662398623,0,3091.27200002057,Yunnan,100.923315350531,27.3355083630695
446,35.02217681889,1,747.031476487599,6,1055.946094477,19,2724.86013504922,0,255.958922172649,804.098063572256,758.637869394858,33.8631562839897,111.983069058976,64.542091655335,695.776962911154,Sichuan,101.431453519907,27.3527680027681
447,42.416394888496,1,747.031476487599,2,761.057957253053,32,4874.94473082938,255.958922172649,1774.04748011115,804.098063572256,488.020184727994,31.4430684257948,761.057957253053,147.199045823938,613.120008742551,Sichuan,101.939778799976,27.3677331998216
448,63.4457346659165,0,0,5,1551.12954005985,33,4873.92844636636,829.426479415258,1200.57992286854,1268.51269645177,156.758482806866,362.704770346923,14.0264807654542,829.688430656202,212.231183055344,Sichuan,102.448264629038,27.3804030444533
449,20.9055745785743,4,804.098063572256,5,960.856546379122,38,4753.25036673697,1879.87495301682,294.679720603818,426.808398762195,792.002320100044,331.261701921128,25.6328736727136,747.031476487599,255.958922172649,Yunnan,102.956884394924,27.390776765441
450,14.1516032643152,4,804.098063572256,8,1425.27117925864,35,4750.96244539941,1809.68555730761,671.535877397315,0,202.049948083889,165.372705594066,755.841368343217,1126.54987363777,19.9271150355477,Yunnan,103.465611443325,27.3988537306555
451,64.1050423354086,0,0,10,1472.56118087067,32,6339.3303414274,294.679720603818,2765.14192593743,0,202.049948083889,11.2930183908721,488.020184727994,804.098063572256,1774.04748011115,Guizhou,103.974419086153,27.4046334475016
452,57.0888144490211,0,0,5,511.704634491545,42,6987.41748928049,394.196226797848,3912.98253395353,27.0023087418192,0,225.372220538264,160.821528012602,804.098063572256,1462.94460766417,Guizhou,104.483280609932,27.4081155632618
453,59.3042165474222,0,0,4,249.339949695917,39,5946.55254307853,391.966026864577,3835.69734947607,27.0023087418192,0,33.0909205703673,358.808430890755,804.098063572256,495.889442962686,Yunnan,104.992169284202,27.4092998653426
454,77.1675852626139,0,0,4,312.427567872865,31,5046.53137697985,2692.92826617629,1434.24388170762,27.0023087418192,0,18.7710948729106,202.049948083889,0,671.535877397315,Guizhou,105.501058369947,27.4081862814235
455,29.7304756257527,1,27.0023087418192,1,27.0023087418192,31,5089.94587795912,1516.45803443025,343.8316465473,0.0996381646294264,0,0,0,511.704634491545,2717.8519243254,Guizhou,106.009921128022,27.4047748795068
456,28.5125612074248,1,27.0023087418192,1,27.0023087418192,29,5072.26619481261,1681.67482659526,261.389962532927,0.0996381646294264,0,0,0,47.2900016120281,3081.81176590777,Guizhou,106.51873082758,27.3990658678706
457,63.0033216118217,0,0,3,288.491909439375,24,5835.01379796331,763.564287538487,324.138069326917,422.398817945087,462.212964934929,0,0,27.0023087418192,3835.69734947607,Guizhou,107.027460754494,27.3910595949233
458,13.7292769930429,1,0.0996381646294264,1,0.0996381646294264,16,3244.04320845396,826.312394332478,422.299179780458,0.0996381646294264,462.212964934929,0,0,27.0023087418192,1506.11672249964,Guizhou,107.536084219772,27.3807565489599
459,37.5175633455705,1,0.0996381646294264,3,427.378639205962,13,2156.81055708881,324.138069326917,422.299179780458,157.40445559209,4.97982126087494,457.233143674054,0,27.1019469064486,763.653940547971,Guizhou,108.044574567938,27.3681573578216
460,61.9595554160714,0,0,3,427.378639205962,11,2112.09949654776,746.437249107375,201.037686546537,283.303761019331,157.618234242036,462.212964934929,0,0.0996381646294264,261.389962532927,Guizhou,108.552905185402,27.3532627884571
461,72.0841198563796,0,0,3,584.683456633423,18,2691.72492220255,201.037686546537,601.401262173604,117.659007660579,562.877113614893,0,462.212964934929,0.0996381646294264,746.437249107375,Guizhou,109.061049508789,27.3360737463884
462,57.8489716542509,0,0,2,275.063463252669,27,3468.18148341357,688.168725640403,393.768759608872,0,1363.56623732671,138.065977957567,462.212964934929,0.0996381646294264,422.299179780458,Hunan,109.568981033224,27.316591275079
463,27.2496837220799,2,275.063463252669,4,307.338391610258,30,3772.47700878957,710.819972067522,912.047956839959,1.73294523160299,675.486283488048,844.073163574568,4.97982126087494,0,623.336866326995,Hunan,110.076673320587,27.2948165552076
464,51.7570299494346,0,0,8,743.981607465089,33,3821.75942257614,1505.2089212469,11.9560420149973,0,732.583582900247,515.992312592294,315.022689834126,422.299179780458,318.696694207116,Hunan,110.584100007696,27.2707509038469
465,78.2450721672358,0,0,10,721.757041134494,34,3371.41892401116,903.807659073297,11.9560420149973,171.136787405459,162.493423015523,802.548704068374,443.011583007239,275.063463252669,601.401262173604,Hunan,111.091234814447,27.2443957735476
466,57.8320463002597,0,0,7,226.801457744678,34,3374.86150956436,753.924172219741,0,171.136787405459,25.5648063264268,666.900746677153,1206.16178173462,275.063463252669,276.109751948292,Hunan,111.598051551881,27.2157527513303
467,55.1468959465282,0,0,5,190.926429887186,28,3254.12365142087,1204.65020041522,0,171.136787405459,8.48224279625307,162.095090087821,678.052366215577,125.899305427241,903.807659073297,Hunan,112.104524130185,27.1848235575853
468,13.8357799062156,1,171.136787405459,3,172.869732637062,26,2980.06959182968,1363.83094580568,20.4120458215393,243.749362132996,607.537613154221,17.9261263999555,714.657456500291,0,11.9560420149973,Hunan,112.610626566611,27.1516100448811
469,48.3908821855504,1,171.136787405459,1,171.136787405459,27,1658.32088482665,110.685682386152,132.590714684535,17.5319351876575,1051.92630013233,0,162.493423015523,171.136787405459,11.9560420149973,Hunan,113.116332993317,27.1161141966835
470,65.4110788308405,0,0,7,891.320183668662,27,1554.77964553843,95.5324068778325,178.884609341713,13.2797052768389,729.144662040738,322.781638091592,42.2868912726499,172.869732637062,0,Hunan,113.621617665115,27.0783381259863
471,28.4200557037253,1,10.9573143299391,9,767.088643049935,22,1511.49030516119,240.634964497155,33.7820517223909,14.0102014038511,19.9185801074748,1032.00772002486,0,171.136787405459,0,Jiangxi,114.126454967131,27.0382840738558
472,48.3403547627494,1,10.9573143299391,11,792.323362396465,23,1763.06025052404,169.700790587809,0.730496127012222,268.058331781825,0,211.596639175052,840.329660957278,171.136787405459,101.507544489606,Jiangxi,114.630819422358,26.9959544078878
473,24.9586415908761,1,13.2797052768389,5,51.4607166989834,28,2200.19580178871,121.085685205222,255.509122631998,336.537253257644,275.940341859576,9.07444882974313,1051.92630013233,10.9573143299391,139.165335542254,Jiangxi,115.134685699111,26.9513516205832
474,34.7236698724378,2,14.0102014038511,3,268.788827908837,32,2211.99879341363,2.50399170304765,418.972841705512,534.989817425232,438.337229104913,9.07444882974313,514.998993120689,238.382688526828,54.7387829976605,Jiangxi,115.638028618364,26.9044783276393
475,42.3467683644568,1,254.778626504986,7,765.492834178141,34,2905.4503877521,255.635439893027,1010.55720758145,527.579411754896,369.239512574392,436.345294187796,19.9185801074748,251.662393803667,34.5125478494031,Jiangxi,116.140823160977,26.8553372661607
476,24.2143157111621,1,134.280376831423,7,942.634305237523,30,2785.45432859112,296.639850538499,714.774170430991,327.314470245792,480.840503520868,670.603304980943,0,39.7729062420321,255.509122631998,Fujian,116.643044474804,26.8039312927927
477,25.0988833876908,3,487.729989427092,6,536.981752342349,31,2998.08089018136,1010.55720758145,116.605299900973,124.396883605599,471.727234474997,606.215674990193,264.652571499855,148.290578235274,255.635439893027,Fujian,117.14466788167,26.7502633817751
478,25.8895112880928,2,191.151672463233,7,662.560913536141,30,2917.11862946635,961.9426847188,108.4158324308,124.396883605599,145.793247044748,405.214579033943,618.102184095523,389.059003336409,164.194215200526,Fujian,117.645668884223,26.6943366229231
479,46.0898965201212,1,1.8824209511365,5,326.72380364144,31,2958.88761047345,270.030515905679,307.345394078951,112.533171706601,124.596070419827,145.59406023052,669.867150533798,487.729989427092,841.191258170979,Fujian,118.146023172647,26.636154219533
480,32.0454671037695,1,124.396883605599,2,126.279304556735,27,2342.86709122056,221.2562904295,200.811982599287,46.860254642577,203.612750944826,145.59406023052,134.981501781244,525.69699080376,864.053259788849,Fujian,118.645706631247,26.5757194862178
481,43.8199764507733,1,124.396883605599,4,236.9300553122,17,1705.92800132317,307.345394078951,0,46.860254642577,79.0166805249987,0.199186814228927,395.67961899589,200.444499084705,676.382367181817,Fujian,119.144695344879,26.5130358466727
482,308.492447812969,0,0,0,0,0,0,0,0,0,0,0,0,0,0,Tibet,92.2744004990177,27.1377993729204
483,324.457997046634,0,0,0,0,0,0,0,0,0,0,0,0,0,0,Tibet,92.7778822559579,27.1940125219161
484,323.057686572879,0,0,0,0,0,0,0,0,0,0,0,0,0,0,Tibet,93.281996654495,27.24795876986
485,291.544949322674,0,0,0,0,0,0,0,0,0,0,0,0,0,0,Tibet,93.7867188451841,27.2996349383984
486,87.7163451776308,0,0,1,2855.77155462353,6,6039.17327219731,1895.20646600492,3091.27200002057,0,91.2265864990697,0,0,0,961.468219672752,Yunnan,98.3523828440183,27.6621027671412
487,46.0983663729866,1,2855.77155462353,2,3091.27200002057,13,6327.2344108518,1895.20646600492,3900.13580094591,294.888137223947,91.2265864990697,145.77742017795,0,0,0,Yunnan,98.8617789737908,27.690930405057
488,39.4456785110153,1,2855.77155462353,2,3091.27200002057,18,6616.7784235441,2207.48310471129,1008.05669075867,294.888137223947,64.542091655335,186.036844571329,0,0,2855.77155462353,Yunnan,99.3714989061115,27.717461251421
489,77.3748261654318,0,0,8,3851.59105458706,19,6918.47349418961,1858.78915746754,675.91378676329,294.888137223947,747.031476487599,250.578936226664,0,0,3091.27200002057,Yunnan,99.8815160538904,27.7416936712344
490,38.8855531575752,4,294.888137223947,6,760.319054566489,19,6799.67856124717,2534.70294423083,232.158298090892,82.6569541686029,761.057957253053,71.1459126394847,26.6844948437348,2855.77155462353,235.500445397042,Yunnan,100.391803736281,27.7636261676338
491,13.7101420497646,4,294.888137223947,5,695.776962911154,18,5579.23648723729,275.024961076083,255.958922172649,0,761.057957253053,0,173.883540667673,2855.77155462353,1257.5395514443,Sichuan,100.902335186955,27.7832573829321
492,60.0607215882932,0,0,5,1041.91961371155,28,10293.6031734039,6038.24324825991,1495.84623319665,538.532052629605,424.579666422089,761.057957253053,64.542091655335,82.6569541686029,888.144969818634,Sichuan,101.41308356244,27.8005860995641
493,84.9899984433317,0,0,2,766.958591523147,34,10866.7935510688,6294.20217043256,1725.95523226998,533.438117897007,581.338149228954,761.057957253053,0,294.888137223947,675.91378676329,Sichuan,101.924021950525,27.8156112409354
494,90.2702877484,0,0,5,824.025178607804,37,5483.82658956452,923.87570546796,1548.63303083647,262.364684795628,960.856546379122,331.261701921128,761.057957253053,695.776962911154,0,Sichuan,102.435123378716,27.8283318721728
495,60.5078919137302,0,0,11,2011.54490596501,41,5065.89846011223,1657.08382569673,587.974872198004,309.654686407656,581.568345234056,912.599851150083,761.057957253053,0,255.958922172649,Sichuan,102.946360822736,27.8387472007781
496,50.6990536612479,0,0,10,2267.04267123642,37,6893.13349549547,1629.61493663254,395.22054494422,2427.49016222438,202.049948083889,536.276879957033,1171.61114290969,0,530.869880743722,Sichuan,103.457707215073,27.8468565771817
497,20.7008896146962,1,262.364684795628,9,880.501774845452,46,6409.11456840783,53.8147031108623,654.330711660205,2638.26059112138,0,202.049948083889,960.856546379122,0,1899.80206805237,Yunnan,103.96913545356,27.8526594951961
498,22.5605428563256,3,309.654686407656,4,671.535877397315,46,7555.08904917514,21.4996673026728,3054.80945716595,1247.14622952855,0,202.049948083889,960.856546379122,262.364684795628,1806.36251591934,Yunnan,104.480618409978,27.8561555923712
499,27.6917940747124,2,47.2900016120281,7,3216.37445582173,34,5720.03482218088,391.966026864577,3842.25427888159,27.091961751303,0,0,202.049948083889,848.186739037262,408.485867562265,Yunnan,104.992128938685,27.857344650247
500,44.8990471602995,1,238.135257519018,16,4271.78119781009,31,5122.16127560268,2574.92341429933,1352.94472873921,261.389962532927,27.0023087418192,0,202.049948083889,309.654686407656,394.196226797848,Sichuan,105.503639885262,27.8562265945072
501,43.4835083373354,1,27.0023087418192,14,3862.69965821789,31,5349.57916386243,1501.23182980004,502.263978015044,261.489600697556,27.0023087418192,0,0,309.654686407656,2747.93676020032,Sichuan,106.015124095151,27.8528014950306
502,42.6600569971068,1,27.0023087418192,13,1768.11888741508,31,5411.35254839372,21.6845196786718,1087.7023568654,0,0.0996381646294264,0,27.0023087418192,409.171192601686,3865.69253234151,Guizhou,106.526554422313,27.847069565843
503,43.1097473380171,1,261.389962532927,4,288.581562448859,29,5424.48053557249,778.512571792677,324.138069326917,422.299179780458,0.0996381646294264,0,27.0023087418192,2355.97073333574,1516.45803443025,Guizhou,107.037903737866,27.8390311649665
504,56.414704683701,0,0,2,261.489600697556,24,3723.82490456159,498.396619447204,324.138069326917,422.299179780458,462.212964934929,0.0996381646294264,0,497.265345816569,1519.41308709088,Guizhou,107.54914493871,27.8286867941694
505,62.3875959839127,0,0,2,422.398817945087,15,3373.20805420847,324.138069326917,201.037686546537,422.299179780458,4.97982126087494,457.233143674054,0.0996381646294264,1199.85622791652,763.564287538487,Guizhou,108.06025095614,27.8160370986153
506,15.7906922192312,1,422.299179780458,1,422.299179780458,17,3049.81655171823,324.138069326917,1110.46790542086,231.929230740318,157.40445559209,462.212964934929,0.0996381646294264,261.389962532927,502.17432500556,Guizhou,108.571194764421,27.8010828664113
507,40.0809155193489,1,422.299179780458,1,422.299179780458,16,2891.13462041419,201.037686546537,755.000493275496,125.899305427241,339.057320425052,4.97982126087494,457.233143674054,683.788780478014,324.138069326917,Guizhou,109.081949389336,27.7838250280581
508,60.3347824469524,0,0,3,548.198485207699,24,3746.76343621735,516.418088663065,1426.97387535749,8.24029776666201,728.59177606312,315.022689834126,4.97982126087494,422.398817945087,324.138069326917,Hunan,109.592487916695,27.7642646557994
509,24.0110570187866,2,125.899305427241,4,389.333686332408,27,3567.45422870038,764.108928169655,924.003998854957,0,594.523123403352,656.501490684546,4.97982126087494,422.299179780458,201.037686546537,Hunan,110.102783500783,27.7424029628741
510,21.8256554000829,1,8.24029776666201,4,393.768759608872,30,3676.90166654522,685.00574515275,794.101364232118,0,19.7896424817269,1035.24488128564,275.063463252669,422.299179780458,445.397390359856,Hunan,110.612809372773,27.7182413026705
511,67.176087972335,0,0,3,287.738834295795,33,4454.39602088972,1110.10950900959,1098.94669474724,171.136787405459,162.493423015523,877.626647043605,315.022689834126,125.899305427241,593.160964406942,Hunan,111.122538849065,27.6917811677839
512,95.2158973968477,0,0,1,11.9560420149973,31,3976.70195725792,794.101364232118,1192.69415840023,171.136787405459,0,369.505238278473,568.364610238901,125.899305427241,755.000493275496,Hunan,111.63194533956,27.6630241889784
513,64.8269871199097,0,0,2,183.092829420456,26,5808.07260007038,3744.58070936013,0,0,171.136787405459,162.493423015523,594.12479047565,231.929230740318,903.807659073297,Hunan,112.141002355865,27.6319721340541
514,36.7802519312744,1,171.136787405459,1,171.136787405459,29,5900.19354184629,3692.44747533275,95.5324068778325,31.3693601514784,717.708324729517,313.840567939255,93.3545137147854,161.839528868554,794.101364232118,Hunan,112.649683519415,27.5986269066214
515,59.1864478171189,0,0,1,171.136787405459,29,5034.30681843429,2610.43899931868,209.862419788853,59.5724197125264,831.847418161025,8.48224279625307,215.156623909712,0,1098.94669474724,Hunan,113.157962569509,27.5629905447822
516,64.0905028735299,0,0,2,31.3693601514784,25,2715.4100094494,95.5324068778325,161.352674154056,30.8116404644964,252.710627910532,799.215672221798,0,171.136787405459,1204.65020041522,Jiangxi,113.665813371257,27.5250652197208
517,25.2325759876233,2,31.3693601514784,6,65.1514118738693,23,1513.26380073722,208.720918891946,49.9376577159775,7.30511698473065,44.1555997142528,1032.00772002486,0,171.136787405459,0,Jiangxi,114.173209923424,27.4848532342058
518,12.9352338306489,4,49.8989950788878,7,78.4311171507082,26,1989.6957046523,364.367401318642,6.57462085771843,255.509122631998,13.2797052768389,439.022013371941,623.861601090329,171.136787405459,115.944452699372,Jiangxi,114.68012636618,27.4423570210037
519,41.5043663749679,1,6.57462085771843,8,79.1616132777204,27,1808.02023944785,243.356031848651,0.85681338804073,389.789499463421,162.158687928777,33.1982853843137,709.226081933264,17.5319351876575,251.902904313722,Jiangxi,115.186536988729,27.3975791412058
520,6.77443478875592,1,0.730496127012222,4,275.363448766556,38,3766.96371045956,890.795902262318,296.639850538499,814.555693785831,753.113057053958,0,742.424367317577,37.9439810091969,231.490858492183,Jiangxi,115.692416236835,27.3505222824721
521,7.83367542161411,2,255.509122631998,3,389.789499463421,36,2826.52017423985,658.261155862231,1010.55720758145,1.8824209511365,536.981752342349,517.439263087724,33.1982853843137,60.3029158395386,7.89717319110869,Jiangxi,116.197738720219,27.3011892571906
522,49.0667769828881,1,254.778626504986,9,1023.08141580379,29,2334.29282588322,16.7975467938039,1109.33935312552,1.8824209511365,660.678492585004,264.652571499855,13.2797052768389,267.66273565106,0,Jiangxi,116.702479219842,27.2495830005566
523,61.9958868731942,0,0,16,1776.97451243557,29,2592.13015670028,295.783037150458,829.497049380827,1.8824209511365,307.957945212786,490.42304929403,396.94101341416,268.788827908837,0.85681338804073,Fujian,117.206612695046,27.1957065685732
524,44.5089140389811,1,1.8824209511365,15,1522.19588593058,30,2741.04985749136,823.330222022742,168.366233426007,1.8824209511365,269.990943836118,172.948503157913,752.382560926946,255.509122631998,296.639850538499,Fujian,117.71011429057,27.1395631359738
525,7.11463727583709,1,1.8824209511365,7,601.198376754089,31,2790.34625251369,170.388873538094,307.345394078951,46.860254642577,190.268987483852,271.282735390292,538.864173293486,254.778626504986,1010.55720758145,Fujian,118.212959343425,27.0811559940698
526,55.8586850740322,0,0,3,232.812716036399,29,2530.97872114679,162.199406067922,200.811982599287,46.860254642577,79.0166805249987,270.190130650347,526.398115753581,136.16279778256,1109.33935312552,Fujian,118.715123389624,27.020488548526
527,65.2517499055307,0,0,4,478.602532327127,22,1790.9024239018,162.199406067922,200.811982599287,0,125.876935167576,0.199186814228927,317.250771834259,714.844159318546,269.719982099982,Fujian,119.216582170766,26.9575643170635
528,34.4432767365542,1,46.860254642577,3,268.870320195206,12,730.089694155585,200.811982599287,0,0,0,126.076121981805,124.396883605599,1.8824209511365,276.922285017758,Fujian,119.717311640466,26.8923869270954
529,250.330054075899,0,0,0,0,0,0,0,0,0,0,0,0,0,0,Tibet,91.7038815844403,27.5237533392874
530,260.327750083457,0,0,0,0,0,0,0,0,0,0,0,0,0,0,Tibet,92.2092209580762,27.5824600705033
531,279.062607587242,0,0,0,0,0,0,0,0,0,0,0,0,0,0,Tibet,92.7152276688389,27.6388949559477
532,288.247869317713,0,0,0,0,0,0,0,0,0,0,0,0,0,0,Tibet,93.2218767000088,27.6930546105915
533,252.426271984386,0,0,0,0,0,0,0,0,0,0,0,0,0,0,Tibet,93.7291428375061,27.7449357690741
534,222.151325473598,0,0,0,0,0,0,0,0,0,0,0,0,0,0,Tibet,94.2370006769217,27.794535287919
535,199.958495772028,0,0,0,0,1,10234.312074714,10234.312074714,0,0,0,0,0,0,0,Tibet,94.7454246306943,27.8418501476731
536,97.0735011998416,0,0,1,961.468219672752,1,961.468219672752,961.468219672752,0,0,0,0,0,0,0,Tibet,96.784263841132,28.0082070605816
537,93.1348287507623,0,0,1,961.468219672752,3,5712.4462403012,961.468219672752,1895.20646600492,2855.77155462353,0,0,0,0,0,Tibet,97.2951286623446,28.0440578134775
538,82.1857734977535,0,0,1,2855.77155462353,6,6355.92166093637,1895.20646600492,407.974975238132,3091.27200002057,0,0,0,0,961.468219672752,Yunnan,98.3180591317108,28.1088570356926
539,34.429689751154,1,2855.77155462353,2,3091.27200002057,16,8885.06788877577,1895.20646600492,2181.12331007039,926.956246748844,2920.31364627887,0,0,0,961.468219672752,Yunnan,98.8300713433884,28.137801446556
540,20.4507985132019,2,3091.27200002057,2,3091.27200002057,22,14136.872272,1913.64012957058,6685.25057239076,613.120008742551,147.199045823938,26.6844948437348,2855.77155462353,0,1895.20646600492,Yunnan,99.3424123883698,28.1644399165239
541,52.9518646682662,0,0,4,3704.39200876313,23,14534.35997191,8088.36529548821,672.512660986063,613.120008742551,82.6569541686029,91.2265864990697,0,2855.77155462353,2130.70691140196,Yunnan,99.8550552703001,28.1887707656706
542,22.1172119709862,2,613.120008742551,6,970.801923987237,25,19653.7026579815,8684.10176316495,6675.16388108422,19.9271150355477,1041.91961371155,64.542091655335,0,3091.27200002057,76.7761933093281,Sichuan,100.367972896631,28.2107924559918
543,25.4877545000294,2,613.120008742551,6,970.801923987237,27,20219.5247181021,2399.15333942793,6274.27505539702,19.9271150355477,747.031476487599,96.6834349340571,276.773274710679,3091.27200002057,7314.40902208867,Sichuan,100.881138087108,28.2305035924772
544,65.9936012795582,0,0,6,715.704077946702,41,13742.9914702036,6987.52652752501,1232.74685810349,1207.44684239275,424.579666422089,761.057957253053,147.199045823938,848.620454139593,2133.81411854362,Sichuan,101.394523582323,28.2479029240837
545,46.8284589422864,1,19.9271150355477,2,255.958922172649,38,11418.891809939,6274.27505539702,1003.72426742667,1207.44684239275,804.098063572256,761.057957253053,82.6569541686029,613.120008742551,672.512660986063,Sichuan,101.908102052339,28.2629893446095
546,43.5225468957215,1,19.9271150355477,15,2030.00640228379,39,11048.5320560939,543.225255873657,1371.39004426285,828.839889690959,804.098063572256,0,747.031476487599,695.776962911154,6058.17036329546,Sichuan,102.421846105359,28.2757618934683
547,36.6757844679591,6,832.300328785048,19,1899.80206805237,38,10918.6847685913,990.664071915335,1100.47490523256,825.455598144155,0,960.856546379122,747.031476487599,0,6294.20217043256,Sichuan,102.935728296454,28.2862197563614
548,14.2965366489372,4,534.160169087141,17,2448.24559786513,39,6453.29546774443,402.631079224284,33.339353954562,2527.00666841841,464.414632879517,960.856546379122,0,173.846835782388,1891.20035110615,Sichuan,103.44972113633,28.2943622658483
549,40.1609714506187,2,294.679720603818,10,1904.43083607404,53,7028.388258104,53.8147031108623,30.0848358749183,3024.72462129103,309.654686407656,358.808430890755,804.098063572256,414.972577652087,2032.23033930443,Yunnan,103.963797100131,28.3001889018143
550,47.1233028744406,1,361.881190989658,6,2821.68638902223,52,7514.98021471945,1.02431814637252,36.7314182899168,4197.57854046573,74.2923103538472,202.049948083889,1066.46274836788,1207.44684239275,729.394088619054,Sichuan,104.477928636269,28.3036992918361
551,12.3665967314938,2,2479.71666680638,19,3364.46414357361,38,6413.79684464279,361.881190989658,36.7314182899168,3835.69734947607,27.0023087418192,0,891.223031641713,1207.44684239275,53.8147031108623,Sichuan,104.992088175279,28.3048932114425
552,7.49080470516573,10,2662.84343030137,21,4274.95337795268,33,5471.10310697388,30.0848358749183,795.391605455688,1557.77839221384,265.137566260837,0,47.2900016120281,2774.3963874102,1.02431814637252,Sichuan,105.506248138682,28.3037705842719
553,14.3360615324085,12,1717.86187365935,20,3899.43107650781,33,5470.17842699214,109.879093990709,1674.93859117077,261.479615542411,0.0996381646294264,27.0023087418192,0,3059.82164654124,336.957532840554,Guizhou,106.020380947866,28.3003314821264
554,8.46015657142415,3,1172.8539191747,18,2068.34010262165,32,5499.63677571524,109.879093990709,502.17432500556,585.528031859844,0.0996381646294264,27.0023087418192,0,4244.77888906828,30.1744888844022,Guizhou,106.534459032955,28.2945761249207
555,11.6347489802589,1,261.389962532927,8,1936.41820671319,30,5512.76476289401,605.40683658127,324.138069326917,422.299179780458,261.489600697556,0,27.0023087418192,3835.69734947607,36.7314182899168,Guizhou,107.048454841679,28.2865048805285
556,42.0630410948035,1,261.389962532927,6,1087.7023568654,25,3491.38960291985,0,337.929761819378,623.336866326995,0,0.0996381646294264,27.0023087418192,1979.25183619228,523.769191674748,Guizhou,107.562340848227,28.2761182645238
557,53.9587907476206,0,0,3,1007.8272116403,18,2973.94604115147,337.929761819378,238.570542256125,0,422.299179780458,5.07945942550436,27.0023087418192,1434.24388170762,508.820907420559,Guizhou,108.076089562078,28.2634169398197
558,40.7394822521119,1,422.299179780458,3,947.474935653912,21,2727.9922581549,51.3245482020485,536.13362150242,350.389629126395,275.063463252669,427.279001041333,0.0996381646294264,261.389962532927,826.312394332478,Guizhou,108.589673536809,28.2484017162032
559,54.925761189792,0,0,2,623.336866326995,21,3189.76979543365,504.087472363962,1121.60243680292,276.109751948292,275.063463252669,4.97982126087494,422.398817945087,261.389962532927,324.138069326917,Guizhou,109.103065378857,28.2310735497682
560,60.8294508094318,0,0,7,1342.39713616118,21,3670.24832494084,958.642519656645,653.255697017777,1018.07788215304,117.659007660579,157.40445559209,427.279001041333,324.138069326917,13.7916924924606,Hunan,109.61623775625,28.2114335422459
561,32.6340694882473,2,114.270223079738,7,1081.93748524927,22,3727.6446758058,1294.06667834843,888.175247530197,173.795570883551,8.24029776666201,299.098093843596,0,746.437249107375,317.831538325996,Hunan,110.129163407282,28.1894829402345
562,30.4409134260708,3,276.109751948292,8,1622.86792890748,24,3562.96031548968,166.124657923911,943.984851085675,11.9560420149973,0.398332927702104,594.12479047565,283.303761019331,422.299179780458,1140.76870026196,Hunan,110.641815149134,28.1652231343277
563,37.366325784444,1,161.839528868554,6,1030.03392416803,27,4182.00718212747,741.968130204743,1244.8273924276,0,190.796964415403,594.12479047565,283.303761019331,307.067611859613,819.918531725133,Hunan,111.154165886432,28.1386556581445
564,49.3352850783406,1,11.9560420149973,4,915.763701088295,30,6474.90819306011,196.46086851813,3704.40351734775,0,171.136787405459,589.879802366451,141.693638251506,512.229157994949,1159.10442117586,Hunan,111.666188619735,28.1097821872598
565,47.3129468763642,1,11.9560420149973,2,1098.94669474724,22,5205.40110478394,1283.45152125037,2610.43899931868,90.5502301596665,171.136787405459,19.7896424817269,0,276.109751948292,753.924172219741,Hunan,112.177856453946,28.0786045380383
566,83.92293804729,0,0,5,1375.78698782068,23,5247.5143024677,3848.73115183851,118.17068873228,122.917290050897,10.9573143299391,171.136787405459,19.6601770099438,903.807659073297,52.133234027375,Hunan,112.689142606645,28.0451246663714
567,98.3076483887308,0,0,1,171.136787405459,24,5641.32872512314,2499.75331693253,208.720918891946,54.7387829976605,720.183396263203,0,171.136787405459,753.924172219741,1232.8713504126,Hunan,113.200020416327,28.0093446663207
568,63.8382867127964,0,0,5,138.856781099002,25,5259.10594087292,181.47794169894,427.710200613636,54.1940975439302,10.9573143299391,709.226081933264,171.136787405459,11.9560420149973,3692.44747533275,Hunan,113.710463350549,27.9712667686667
569,22.1850269205691,2,32.3670598912302,9,269.43483950138,29,5291.14279784479,380.234507154553,234.035575915398,27.9379269916847,40.2663719560966,740.101976370678,171.136787405459,0,3697.42965205092,Jiangxi,114.220445013973,27.9308933393664
570,4.20022338474915,5,54.1940975439302,9,269.43483950138,30,2725.91036405249,521.655309907366,1060.03334885078,255.635439893027,14.0102014038511,735.719282898457,31.3693601514784,11.9550140696909,95.5324068778325,Jiangxi,114.729939156305,27.8882268779205
571,38.0479897489458,1,5.57899216134297,8,57.2427747007082,34,2889.24776586497,628.767409100884,648.296683801708,163.337401812485,255.509122631998,33.1982853843137,726.758017120921,42.0404845248688,391.340361487793,Jiangxi,115.238919680121,27.8432700156523
572,55.5327387151759,0,0,5,268.519549039101,38,3406.81435256726,1277.29405783631,16.7975467938039,994.616474175685,591.31587976263,14.0102014038511,37.4505152951323,138.169706845878,337.159970453969,Jiangxi,115.74736064857,27.7960255138991
573,57.7016823871737,0,0,7,419.703337832524,38,3425.48615374026,1042.71638905288,30.0905983968713,994.616474175685,525.69699080376,416.937314433763,14.0102014038511,54.7387829976605,346.679402475781,Jiangxi,116.255236292958,27.7464962621194
574,47.7699401359769,1,141.572409040617,12,1112.76743146977,35,3176.5315862862,30.0905983968713,249.499857137147,864.395827780829,200.444499084705,496.704006269304,268.788827908837,12.1536130190614,1054.45435668944,Jiangxi,116.762521020202,27.6946852759165
575,17.3989217293436,5,839.61937102554,12,1011.41402096949,32,3034.3159176472,458.320073905725,325.38597668824,666.310478760508,1.8824209511365,662.670427502122,254.778626504986,0.730496127012222,664.237417207472,Fujian,117.26918942015,27.6405956949815
576,19.5307720111106,6,714.774170430991,13,1111.22177407666,31,2711.35441731141,333.474873311176,170.388873538094,307.345394078951,126.279304556735,326.133174244477,336.537253257644,396.351035545603,714.844508778726,Fujian,117.775216272757,27.5842307809566
577,53.398076798346,0,0,10,937.912881811627,28,2480.57778106302,272.334319642002,162.199406067922,200.811982599287,171.257138248176,136.863922732381,525.69699080376,840.47618441358,170.937836555909,Fujian,118.280576555128,27.5255939152218
578,51.368354468013,0,0,5,423.950693979924,25,2127.81339205564,55.6659945882584,307.345394078951,0,112.533171706601,124.396883605599,402.591861544946,1010.55720758145,114.722878949836,Fujian,118.7852454484,27.4646885966073
579,41.2044600439375,1,106.533411479664,2,307.345394078951,17,1469.28791568804,106.533411479664,200.811982599287,0,46.860254642577,190.069800669623,39.8494223278048,714.774170430991,170.388873538094,Fujian,119.28919834448,27.4015184390323
580,40.6185653880847,1,200.811982599287,3,354.205648721528,12,787.686349296633,258.607824554564,0,0,0,125.876935167576,124.396883605599,8.04924830922138,270.755457659673,Zhejiang,119.792410852628,27.3360871690741
581,189.568376533416,0,0,0,0,2,2.79045950694166,2.79045950694166,0,0,0,0,0,0,0,Tibet,89.1071365065157,27.6388572789205
582,199.812794635074,0,0,0,0,1,6166.78275841927,0,0,0,0,0,0,0,6166.78275841927,Tibet,91.1283185948682,27.9064217126194
583,200.669088500227,0,0,0,0,0,0,0,0,0,0,0,0,0,0,Tibet,91.6354949434725,27.967640161455
584,213.010526898058,0,0,0,0,0,0,0,0,0,0,0,0,0,0,Tibet,92.1433740459629,28.0265819426599
585,235.539563681483,0,0,0,0,0,0,0,0,0,0,0,0,0,0,Tibet,92.651930728415,28.0832434583705
586,258.471273991089,0,0,0,0,0,0,0,0,0,0,0,0,0,0,Tibet,93.16113960747,28.1376212312589
587,217.806308678863,0,0,0,0,0,0,0,0,0,0,0,0,0,0,Tibet,93.6709750973802,28.1897119068886
588,181.856472862667,0,0,0,0,1,10234.312074714,0,10234.312074714,0,0,0,0,0,0,Tibet,94.1814114172068,28.2395122559942
589,153.960921482656,0,0,0,0,1,10234.312074714,0,10234.312074714,0,0,0,0,0,0,Tibet,94.6924225981677,28.2870191766816
590,139.054499983012,0,0,0,0,2,11195.7802943867,10234.312074714,0,961.468219672752,0,0,0,0,0,Tibet,95.2039824911292,28.3322296965478
591,138.831434105908,0,0,0,0,2,11195.7802943867,10234.312074714,0,961.468219672752,0,0,0,0,0,Tibet,95.7160647742367,28.3751409747171
592,92.3309199951058,0,0,1,961.468219672752,2,11195.7802943867,0,961.468219672752,0,0,0,0,0,10234.312074714,Tibet,96.2286429606792,28.4157503037925
593,52.6861507265339,0,0,1,961.468219672752,2,11195.7802943867,0,961.468219672752,0,0,0,0,0,10234.312074714,Tibet,96.7416904065829,28.4540551117202
594,45.0184647630004,1,961.468219672752,1,961.468219672752,3,5712.4462403012,0,1895.20646600492,2855.77155462353,0,0,0,0,961.468219672752,Tibet,97.2551803190265,28.4900529635639
595,79.2306371352309,0,0,1,961.468219672752,5,6024.72287900757,0,1895.20646600492,312.27663870637,2855.77155462353,0,0,0,961.468219672752,Tibet,97.769085764175,28.5237415631896
596,84.1021403268685,0,0,1,1895.20646600492,13,7958.22927386715,0,3496.56995686912,644.419542701748,2855.77155462353,0,0,961.468219672752,0,Tibet,98.2833796755234,28.5551187548564
597,59.0820538906703,0,0,3,4986.47846602549,17,14712.2257679497,1895.20646600492,8088.36529548821,675.91378676329,3091.27200002057,0,0,961.468219672752,0,Yunnan,98.7980348622462,28.5841825247135
598,29.6032752235145,1,235.500445397042,7,5395.3975633302,21,14443.1333854109,0,8485.85299539819,675.91378676329,294.888137223947,3091.27200002057,0,0,1895.20646600492,Sichuan,99.313024017645,28.6109310022018
599,53.3085405752216,0,0,8,4176.10488408857,23,15059.4710564214,6638.49523532538,2674.17830050401,0,695.776962911154,64.542091655335,3091.27200002057,0,1895.20646600492,Yunnan,99.8283197276892,28.6353624613566
600,34.4017839668487,2,675.91378676329,8,2746.93412728617,26,21353.6732268539,6457.29190756999,6987.52652752501,255.958922172649,212.231183055344,548.087871511145,2855.77155462353,235.500445397042,3801.30481499922,Sichuan,100.343894479642,28.6574753220127
601,49.0540335682488,1,400.888825687207,6,1220.28787381401,27,20825.9051119541,1373.17971906674,6038.24324825991,517.011448643785,0,1041.91961371155,400.888825687207,3091.27200002057,8363.39025656429,Sichuan,100.859720670765,28.6772681509088
602,74.5821811017247,0,0,6,7182.3471402512,46,19664.8245802462,7411.42296732665,311.369041767048,2135.83387518947,0,747.031476487599,294.888137223947,752.689980072618,8011.58910217888,Sichuan,101.375770617096,28.6947396626904
603,30.4354555208834,2,255.958922172649,4,6555.2546969037,40,13378.9475980725,6462.13968806156,670.380629577857,1777.37052149942,19.9271150355477,747.031476487599,294.888137223947,1008.05669075867,2399.15333942793,Sichuan,101.892016562292,28.7098887208109
604,25.292277999377,3,517.011448643785,20,2135.83387518947,42,12272.8402964351,304.359825306768,133.312038522258,1653.46711331887,795.802802692636,424.579666422089,1061.84672874709,675.91378676329,7223.55833466211,Sichuan,102.408430686531,28.7227143383285
605,11.4358262549133,17,1725.95523226998,24,2447.20291695652,36,10014.8948092969,983.797152391121,21.4996673026728,1060.61598057924,850.681775019012,804.098063572256,0,255.958922172649,6038.24324825991,Sichuan,102.924985115463,28.7332156785992
606,20.7736754453496,8,1506.00344106429,21,1933.68965612769,42,12162.8151209885,4.17559303049212,21.4996673026728,2542.11653848949,309.654686407656,963.111719051694,375.146513607703,1495.84623319665,6451.26416990215,Sichuan,103.441651929207,28.7413920558648
607,7.9655651003205,1,32.3150358081895,12,1822.18282897078,51,6699.48147061455,51.4013107039796,0,3054.80945716595,79.6050374202176,262.364684795628,963.111719051694,1870.99274680436,417.196514672726,Sichuan,103.958403171386,28.747242935735
608,45.2011753910201,1,32.3150358081895,9,687.670065614767,52,7221.47739549799,52.9356552897816,0,1516.45803443025,2717.8519243254,309.654686407656,379.518397150167,1912.18998882501,332.868709069721,Sichuan,104.475210858188,28.7507679355633
609,38.6562285972594,6,391.966026864577,17,3087.12449297414,48,6399.77225042716,52.9356552897816,103.23251157571,1327.59018934158,2571.84088716623,409.171192601686,262.364684795628,1651.13746235388,21.4996673026728,Sichuan,104.992046987455,28.7519668247164
610,15.4366144487518,12,2382.92016786526,19,4234.22030574616,36,5544.51411141997,53.1188477633931,109.879093990709,763.564287538487,1506.72892488215,2355.97073333574,671.535877397315,32.3150358081895,51.4013107039796,Sichuan,105.508883547779,28.7508395247367
611,34.002506929755,11,1486.28354554585,19,3872.42876776599,32,5208.73842217826,88.2842273215206,21.5948666691879,502.17432500556,261.479615542411,1271.63941569905,2638.26059112138,425.305380819139,0,Sichuan,106.025692527611,28.747386109397
612,46.408822414396,2,6.73623542448239,18,2264.88577034801,30,5452.34677410321,103.23251157571,446.734949733006,379.577444599472,261.489600697556,27.091961751303,3835.60769646659,391.966026864577,6.64658241499851,Guizhou,106.542445924372,28.7416068046495
613,14.2416066481969,4,502.17432500556,10,1958.01307338237,31,5526.55645538647,3.77770555835673,512.188311939664,324.138069326917,422.299179780458,261.489600697556,1199.85622791652,2692.92826617629,109.879093990709,Guizhou,107.05911575355,28.7335019884656
614,45.7569492516013,2,498.396619447204,6,1087.7023568654,28,3425.58728920248,46.5158607705387,51.3245482020485,525.175755873454,422.299179780458,0.0996381646294264,288.48192428423,1541.7229208184,549.967461308716,Guizhou,107.575674057789,28.7230721905707
615,10.7676667414843,1,324.138069326917,3,822.534688774121,21,4010.08289980688,46.5158607705387,821.859985788767,761.295161920111,422.299179780458,0.0996381646294264,261.389962532927,1681.67482659526,14.9482842541894,Guizhou,108.09209291595,28.7103180920714
616,39.7561062149049,1,324.138069326917,3,947.474935653912,23,4097.27031923842,751.581994779847,923.729491034019,794.198650953479,117.659007660579,422.299179780458,0.0996381646294264,1087.7023568654,0,Chongqing,108.608344452147,28.6952405249762
617,29.1319008554487,1,201.037686546537,4,1183.59434170057,24,4440.81761738547,1181.57022138835,653.516681609521,956.038179822033,125.899305427241,0,422.299179780458,1087.7023568654,13.7916924924606,Chongqing,109.124400844745,28.6778404716112
618,22.7328090129718,2,437.157092593194,5,873.459647023351,27,5454.53795187301,977.687803557112,1044.03669415311,1496.96862348024,125.899305427241,157.40445559209,422.299179780458,525.175755873454,705.066134009308,Hunan,109.640234335317,28.6581190639304
619,8.8237463994922,3,593.160964406942,7,1130.40313551261,28,4815.39674438354,2155.94227897797,0,955.940893100672,106.029925313076,283.303761019331,422.299179780458,525.175755873454,366.704950318576,Hunan,110.155817237538,28.6360775827213
620,33.87949161633,3,518.88108722884,8,1671.33357917081,27,5090.45750559184,1264.11966460011,40.1771920123777,1946.61833061997,161.839528868554,125.899305427241,106.029925313076,437.157092593194,1008.61646615732,Hunan,110.671121946041,28.6117174567079
621,11.2145777344678,3,903.807659073297,7,1312.98245146096,29,7335.45971522849,872.734763809964,2696.21418545066,1946.61833061997,0,0,393.768759608872,688.168725640403,737.954950098629,Hunan,111.186120945188,28.5850402615503
622,28.3173725906457,3,753.924172219741,6,2042.93154583291,23,6535.33276300607,40.1771920123777,3848.73115183851,16.9382187331634,171.136787405459,0,125.899305427241,1496.96862348024,835.481484109082,Hunan,111.700786817782,28.5560477187434
623,24.6255594616111,1,11.9560420149973,7,1986.79552263234,21,6031.40901291837,156.283676505753,4121.1087349778,95.5324068778325,0,171.136787405459,8.24029776666201,1272.80525944858,206.301849936288,Hunan,112.215092253694,28.5247416944157
624,40.803072050052,3,1192.69415840023,5,3704.40351734775,21,5702.02223865461,3190.40175875131,72.8566732158736,224.69547344905,0,171.136787405459,0,915.763701088295,1127.16784474462,Hunan,112.729010058405,28.4911241980283
625,61.6634405940972,0,0,6,3787.97988221059,26,5761.41784081915,496.535756142752,181.47794169894,231.490858492183,37.9439810091969,171.136787405459,0,753.924172219741,3888.90834385089,Hunan,113.242513161459,28.4551973809771
626,35.0070149444198,2,95.5324068778325,4,229.132964713485,29,5252.94060107608,501.517932860918,408.213159866406,221.309339998527,49.8989950788878,0,171.136787405459,1244.8273924276,2656.03699343828,Hunan,113.755574624816,28.4169635350988
627,15.5664234086239,2,203.73874217378,8,256.885081031888,25,5269.39391790372,176.495764980774,741.955921114997,0.54468545373029,34.5125478494031,31.3693601514784,0,1283.24438855989,3001.27124979345,Jiangxi,114.268167651094,28.3764250910826
628,5.34974414471259,4,128.985614262825,11,481.904298157566,25,2221.27925331963,177.040450434504,1500.72083082243,0.85681338804073,274.36782007018,39.160373890987,20.4120458215393,95.5324068778325,113.188512014113,Jiangxi,114.780265591713,28.3335846167886
629,42.451952829274,2,7.3524877373784,10,380.906494236882,34,2608.54069928672,654.373428875217,1070.27144610183,164.194215200526,255.509122631998,13.2797052768389,65.1514118738693,209.265604345676,176.495764980774,Jiangxi,115.291841954911,28.2884448154758
630,65.6378615459345,0,0,9,897.231707811702,43,3649.17178309089,904.49861248111,660.732922016735,1011.41402096949,389.059003336409,14.0102014038511,49.8989950788878,219.535844422492,400.022183381919,Jiangxi,115.802870413638,28.2410085239405
631,28.2414936613098,1,0.85681338804073,6,670.061676573577,44,3690.23665542848,1532.00922403225,23.540240310183,1119.97007256124,334.545318340527,254.778626504986,20.5848222615695,161.352674154056,243.455677263671,Jiangxi,116.313324813332,28.1912787105681
632,20.0973074796883,2,16.7975467938039,12,1011.41402096949,40,3634.41110944218,79.709369930113,181.125451963726,402.165617437955,709.056156638703,487.729989427092,255.509122631998,8.20930112541913,1510.90610028718,Jiangxi,116.823179179548,28.1392584732987
633,16.1691458803424,10,450.780140300604,13,1119.97007256124,33,3314.97081407861,23.540240310183,154.937529850848,431.919388167904,561.659488231981,805.539294548455,255.509122631998,16.7975467938039,1065.06820354344,Jiangxi,117.332407725455,28.0849510375102
634,16.08002102262,7,823.330222022742,13,1125.28008653128,29,3097.42396742112,165.184718557963,55.6659945882584,422.068273028787,1.8824209511365,1106.19078440333,536.455671743131,149.243182131777,660.732922016735,Jiangxi,117.840984859191,28.0283597538203
635,6.18051975548867,2,114.722878949836,10,991.696455448749,25,1985.05703576753,154.937529850848,61.8328219463433,307.345394078951,0,164.246305933403,712.961738367409,451.636953688645,132.096291901934,Fujian,118.348885191062,27.9694880958098
636,36.3952980612058,2,112.700238837749,5,477.734267617046,23,1839.90880455884,55.6659945882584,0,307.345394078951,46.860254642577,124.396883605599,1.8824209511365,1125.28008653128,178.47777016103,Zhejiang,118.856083540595,27.9083396576685
637,19.5887061268325,2,307.345394078951,4,369.178216025294,16,1578.38136905347,0,57.7958419552769,200.811982599287,46.860254642577,124.396883605599,108.4158324308,829.497049380827,210.603524439106,Zhejiang,119.362554943428,27.844918151768
638,16.9904134712892,1,200.811982599287,2,307.345394078951,10,729.867751724976,57.7958419552769,0,0,0,68.0583375959185,327.091287156022,221.2562904295,55.6659945882584,Zhejiang,119.86827465804,27.7792274061618
639,63.6362423344908,0,0,1,200.811982599287,7,495.03239557649,57.7958419552769,0,0,0,68.0583375959185,0,369.178216025294,0,Zhejiang,120.373218172315,27.7112713620161
640,124.964268956803,0,0,0,0,1,32903.2605549906,0,0,0,0,0,0,0,32903.2605549906,Tibet,87.5106394127674,27.8556163289479
641,162.931903282986,0,0,0,0,3,32906.0510144975,0,2.79045950694166,0,0,0,0,0,32903.2605549906,Tibet,88.014679118135,27.9329663705602
642,139.667272115411,0,0,0,0,3,6169.57321792621,2.79045950694166,6166.78275841927,0,0,0,0,0,0,Tibet,89.0253920361984,28.0808937950073
643,139.941793262936,0,0,0,0,3,6169.57321792621,2.79045950694166,6166.78275841927,0,0,0,0,0,0,Tibet,89.5320172861452,28.1514623067062
644,127.614184941321,0,0,0,0,4,6190.80521999973,6166.78275841927,21.232002073518,0,0,0,0,0,2.79045950694166,Tibet,90.0394559934375,28.2197616148748
645,134.115826414442,0,0,0,0,4,6190.80521999973,6166.78275841927,21.232002073518,0,0,0,0,0,2.79045950694166,Tibet,90.5476835437125,28.2857875546033
646,150.882831016359,0,0,0,0,2,6188.01476049279,21.232002073518,0,0,0,0,0,0,6166.78275841927,Tibet,91.0566750806615,28.3495360743091
647,151.231710250805,0,0,0,0,2,6188.01476049279,21.232002073518,0,0,0,0,0,0,6166.78275841927,Tibet,91.5664055125606,28.4110032384499
648,167.261566641173,0,0,0,0,1,21.232002073518,0,0,0,0,0,0,0,21.232002073518,Tibet,92.0768495189779,28.4701852301676
649,195.145671653598,0,0,0,0,1,21.232002073518,0,0,0,0,0,0,0,21.232002073518,Tibet,92.5879815576522,28.5270783538623
650,230.623577838451,0,0,0,0,0,0,0,0,0,0,0,0,0,0,Tibet,93.0997758715401,28.5816790376917
651,190.158232566167,0,0,0,0,1,10234.312074714,0,10234.312074714,0,0,0,0,0,0,Tibet,93.6122064960268,28.6339838359956
652,147.622295180728,0,0,0,0,1,10234.312074714,0,10234.312074714,0,0,0,0,0,0,Tibet,94.1252472662951,28.683989431641
653,111.465378733332,0,0,0,0,1,10234.312074714,0,10234.312074714,0,0,0,0,0,0,Tibet,94.63887182485,28.7316926382876
654,89.7592294858894,0,0,1,10234.312074714,2,11195.7802943867,10234.312074714,0,961.468219672752,0,0,0,0,0,Tibet,95.153053629192,28.7770904025694
655,93.2143116674683,0,0,1,10234.312074714,2,11195.7802943867,10234.312074714,0,961.468219672752,0,0,0,0,0,Tibet,95.6677659596341,28.8201798061911
656,82.9310836196296,0,0,1,961.468219672752,2,11195.7802943867,0,0,961.468219672752,0,0,0,0,10234.312074714,Tibet,96.1829819272583,28.8609580679381
657,33.59161088074,1,961.468219672752,1,961.468219672752,3,13090.9867603916,0,0,2856.67468567767,0,0,0,0,10234.312074714,Tibet,96.6986744820049,28.8994225455954
658,19.4737775688366,1,961.468219672752,1,961.468219672752,2,2856.67468567767,0,0,1895.20646600492,0,0,961.468219672752,0,0,Tibet,97.214816420889,28.9355707377761
659,68.0445420591376,0,0,2,2856.67468567767,5,6024.72287900757,0,0,1971.98265931424,3091.27200002057,0,0,961.468219672752,0,Tibet,97.7313803963384,28.969400285656
660,47.5205556297662,1,1895.20646600492,1,1895.20646600492,15,14036.3119811865,0,1999.39070517952,7984.1810563136,3091.27200002057,0,0,961.468219672752,0,Tibet,98.2483389246471,29.0009089746129
661,24.6606506636753,1,1895.20646600492,3,2207.48310471129,20,15132.5996898747,1895.20646600492,6649.95005994559,2133.81411854362,636.389271084248,2855.77155462353,0,961.468219672752,0,Tibet,98.7656643945368,29.030094735769
662,41.5135821460809,1,76.7761933093281,12,8769.20214672734,25,16921.8932519433,2009.62124134584,8628.7294774486,683.944058380789,613.120008742551,3091.27200002057,0,1895.20646600492,0,Sichuan,99.2833290758215,29.0569556474342
663,8.95911795999703,4,408.919097304706,13,8598.89070196133,30,23779.1338874715,4347.3251653098,7028.31010865097,6644.4669912648,695.776962911154,0,3091.27200002057,1971.98265931424,0,Sichuan,99.8013051281678,29.0814899364493
664,18.7488413100064,5,2057.03792523429,14,9161.76678216148,32,22888.7113411421,6833.39255153628,1373.17971906674,6294.20217043256,275.024961076083,695.776962911154,3091.27200002057,2304.12556330962,2021.73741278912,Sichuan,100.319564609943,29.1036959794276
665,40.4318677468997,1,275.024961076083,10,14073.665925603,26,17527.4619061497,1373.17971906674,6038.24324825991,801.444158915005,19.9271150355477,294.888137223947,636.389271084248,683.944058380789,7679.4461981835,Sichuan,100.838079487148,29.1235723038927
666,52.1538433685705,0,0,5,6966.71483141863,42,18758.7794482792,423.896439801642,6038.24324825991,2268.26214644154,19.9271150355477,82.6569541686029,613.120008742551,2133.81411854362,7178.85941728577,Sichuan,101.356821642422,29.1411175893132
667,35.4738685004063,1,236.031807137101,4,6598.56199573933,44,18198.032559028,901.355936230613,767.63774259421,697.079052810865,1463.4057645654,0,695.776962911154,6685.25057239076,6987.52652752501,Sichuan,101.875762884113,29.15633066803
668,40.2766751514245,1,236.031807137101,21,7951.28599612929,36,11125.3693387567,937.903790286625,311.369041767048,159.64217601654,1774.04748011115,19.9271150355477,236.031807137101,275.024961076083,7411.42296732665,Sichuan,102.394874955421,29.1692105260787
669,7.47910975885389,15,983.797152391121,24,2313.75854536598,33,9739.52934340955,1249.27283205367,0,21.4996673026728,780.747641849797,1393.80703177084,19.9271150355477,6274.27505539702,0,Sichuan,102.914129543575,29.179756303904
670,42.0371337153626,6,126.302822061978,25,2245.05869789474,38,10103.6950920222,460.444293857654,73.4110044460819,1.02431814637252,703.850913205504,913.678566237308,1259.81442605955,6380.10252830269,311.369041767048,Sichuan,103.433498289075,29.1879672969651
671,19.1207711836288,2,21.4996673026728,11,1205.38403643613,44,6298.85378898345,0,53.9599734361541,30.0848358749183,2997.26970549316,294.679720603818,1207.44684239275,1232.74685810349,482.665853079158,Sichuan,103.952952794957,29.1938429562337
672,33.3357878527375,1,1.02431814637252,4,415.695894100521,50,6930.15357265986,29.9016434013069,23.0340118884748,125.015645611437,4197.48888745625,309.654686407656,1232.89495867673,991.688390061707,20.4753491563002,Sichuan,104.472464636101,29.1973828885805
673,58.4832893782413,0,0,7,392.990345010949,44,6369.95402214012,52.9356552897816,88.2842273215206,21.5948666691879,3865.78218535099,409.171192601686,453.693376083256,1478.49251882369,0,Sichuan,104.992005368552,29.1985868570538
674,34.7818368089607,5,30.0848358749183,15,2461.43959107227,37,5653.319449485,131.839349953512,88.2842273215206,523.769191674748,1508.98879911753,2645.18565750821,671.535877397315,53.8147031108623,29.9016434013069,Sichuan,105.511546538861,29.1974547810462
675,27.0277339978185,1,6.64658241499851,18,1619.60089299648,35,5389.20148371006,159.842442050209,103.23251157571,502.17432500556,268.126197957409,1506.63927187267,2795.22676181234,1.02431814637252,52.9356552897816,Chongqing,106.031059693439,29.193986736352
676,27.7155110442072,2,21.5948666691879,10,1784.90733817097,33,5681.63945064781,263.074953625919,46.5158607705387,770.873019059923,316.829337805481,27.091961751303,4204.13546987125,30.0848358749183,23.0340118884748,Chongqing,106.550516387898,29.1881829551134
677,25.2561381173765,4,502.17432500556,7,612.053418996269,31,5201.71060219709,51.037103985171,46.5158607705387,13.7916924924606,770.873019059923,343.8316465473,3835.69734947607,36.7314182899168,103.23251157571,Chongqing,107.069888196399,29.1800438256566
678,39.8409718082337,1,446.734949733006,5,826.312394332478,28,4169.02077988275,46.5158607705387,742.598989718896,280.298682616408,746.437249107375,261.389962532927,1981.90094114589,21.5948666691879,88.2842273215206,Chongqing,107.589146720973,29.1695698922175
679,48.1698473649992,1,324.138069326917,3,784.664711552384,22,3566.3142041292,46.5158607705387,1378.58666521074,521.241394501867,422.299179780458,324.138069326917,261.479615542411,612.053418996269,0,Chongqing,108.108263600828,29.1567618545576
680,51.8341793560275,0,0,5,576.500304075503,22,4199.59464386021,705.066134009308,972.86449771831,658.079002856579,307.067611859613,422.299179780458,585.528031859844,502.17432500556,46.5158607705387,Chongqing,108.627210521618,29.1416205674702
681,51.6258284901159,0,0,6,336.446536657259,26,4982.41883863334,728.807297226435,1818.06698407672,417.13629097112,713.266844541486,422.299179780458,324.138069326917,498.396619447204,60.3075532629993,Chongqing,109.145959224681,29.1241470401779
682,48.3046491081148,2,280.298682616408,10,1611.89821667442,26,5297.13349628092,935.331642008722,882.735342068002,908.092788128654,763.240791042158,117.659007660579,623.336866326995,324.138069326917,742.598989718896,Hunan,109.664481516226,29.1043424356209
683,32.949195598413,3,653.255697017777,8,1306.89335818587,28,5349.2667303083,700.770539568442,830.65817827028,52.133234027375,903.807659073297,719.060269834184,623.336866326995,337.929761819378,1181.57022138835,Hunan,110.18274927647,29.0822080696399
684,36.3876106704206,1,166.124657923911,8,1667.91658724295,31,5246.74118209759,877.9120362292,156.283676505753,1232.8713504126,753.924172219741,393.768759608872,487.131039093866,201.037686546537,1143.81246148102,Hunan,110.700734468712,29.0577454100495
685,50.9147474914909,0,0,7,1373.07718407179,30,7708.96164332053,0,156.283676505753,3732.62466734513,11.9560420149973,903.807659073297,468.048636786974,531.310315663618,1904.93064593076,Hunan,111.218409148345,29.0309560756087
686,14.9700969787482,1,40.1771920123777,9,2090.97434103893,28,7371.14546131471,0,625.122128163175,3697.42965205092,11.9560420149973,0,1018.07788215304,920.564750256383,1097.9950066762,Hunan,111.735745471784,29.0018418348854
687,32.3918270218005,4,1232.8713504126,10,3900.86438586588,22,6755.57673199579,156.283676505753,2996.28907307528,1288.22656527806,0,183.092829420456,1009.83758438637,457.313482983498,664.533520346369,Hunan,112.252715705323,28.970404605018
688,11.3853689694126,4,3692.44747533275,11,3905.84656258405,20,5857.56127236011,2499.75331693253,496.535756142752,385.21668387272,0,171.136787405459,279.499076551537,1869.13597494936,156.283676505753,Hunan,112.769292233894,28.9366464503757
689,46.4078283736411,1,4.98217671816606,6,3787.97988221059,26,5965.53918304159,496.535756142752,176.495764980774,340.3686515961,138.169706845878,171.136787405459,11.9560420149973,1974.83948061735,2656.03699343828,Hunan,113.285447569737,28.9005695811178
690,9.57360083964936,1,4.98217671816606,5,2884.97000080525,29,5091.76860047262,67.8744964977076,176.495764980774,356.644189277784,145.289013157327,10.9573143299391,4.98217671816606,3744.58070936013,584.944936150797,Hunan,113.801154360963,28.8621763516544
691,38.5726141876586,2,203.73874217378,7,607.41464673654,27,6140.61684349826,176.495764980774,224.613196722902,1276.10763409953,147.515249190235,121.919590311145,0,3697.42965205092,496.535756142752,Jiangxi,114.316385400014,28.8214692590106
692,29.4151017366697,2,113.733197467844,11,629.522499864933,31,5173.4340387677,0,1075.43150898734,650.070179377744,0.730496127012222,65.6960973275996,203.73874217378,2504.7354936507,673.031521123525,Jiangxi,114.831113631999,28.7784509410938
693,7.54834327257282,4,233.391245046648,12,1395.51946914374,31,2498.68435192204,418.121909930777,1355.56949578911,16.7975467938039,254.778626504986,14.6576047221091,53.5424843085382,208.720918891946,176.495764980774,Jiangxi,115.34531216292,28.7331241748695
694,39.4688486956858,2,19.9292588625251,11,1501.57764421047,34,2775.8802162217,831.326771671675,723.940290765648,15.9407334057632,280.699117132736,255.509122631998,54.7387829976605,205.512237749815,408.213159866406,Jiangxi,115.858954267764,28.6854918744433
695,42.1675286105396,2,647.439870413668,7,1069.47840790721,44,3792.10147350251,922.183940887157,317.146362842341,108.556051591751,1011.41402096949,255.509122631998,33.7820517223909,513.655735434743,629.85418742264,Jiangxi,116.372013398458,28.6355570890555
696,43.327791146539,2,16.7975467938039,9,957.372772555234,40,3535.50227343919,189.488619000192,178.47777016103,170.388873538094,1010.55720758145,254.778626504986,7.16630167639593,243.455677263671,1481.18919771337,Jiangxi,116.884463191701,28.583323000986
697,51.4738079765891,0,0,16,1143.51031287142,35,3217.71321207482,159.534922150175,157.611440692165,270.755457659673,163.046351459367,839.61937102554,271.57617329879,1052.68086111341,302.888634675705,Jiangxi,117.396277476632,28.5287929233759
698,52.8734778411495,0,0,17,1217.85144223996,28,2518.82431154259,303.853311239273,0,256.477977187546,221.2562904295,716.656591382127,295.783037150458,648.296683801708,76.5004203519798,Jiangxi,117.907430282364,28.4719702979646
699,34.7804720885874,3,170.388873538094,9,480.323506539088,30,1970.95173608192,301.443256383216,0,55.6659945882584,307.345394078951,116.605299900973,994.616474175685,16.7975467938039,178.47777016103,Jiangxi,118.417895845358,28.4128586927467
700,5.96886939985361,1,55.6659945882584,4,276.922285017758,30,2027.89076464915,301.443256383216,57.7958419552769,0,307.345394078951,1.8824209511365,1109.33935312552,71.6067279940216,178.47777016103,Zhejiang,118.927648616635,28.3514617995506
701,55.9664975767667,0,0,3,363.01138866721,17,1464.23167415499,0,57.7958419552769,0,200.811982599287,153.393666122241,722.823418740212,164.22204618001,165.184718557963,Zhejiang,119.436663268835,28.2877834315404
702,62.6696134156272,0,0,2,307.345394078951,7,582.3903642149,0,57.7958419552769,0,0,247.672237241864,106.533411479664,170.388873538094,0,Zhejiang,119.944914703093,28.221827520645
703,87.683394289821,0,0,2,258.607824554564,5,467.667485265064,57.7958419552769,0,0,0,46.860254642577,307.345394078951,55.6659945882584,0,Zhejiang,120.452378055757,28.1535981149158
704,110.917994702558,0,0,0,0,5,1462.53164494744,0,1097.39040891322,0,0,0,200.811982599287,106.533411479664,57.7958419552769,Zhejiang,120.959028704924,28.0830993758161
705,78.1011795884952,0,0,1,32903.2605549906,1,32903.2605549906,0,32903.2605549906,0,0,0,0,0,0,Tibet,85.9065786717598,28.0496865378641
706,45.061411924431,1,32903.2605549906,1,32903.2605549906,1,32903.2605549906,32903.2605549906,0,0,0,0,0,0,0,Tibet,86.4102702581064,28.1341116730053
707,54.4175287580588,0,0,1,32903.2605549906,1,32903.2605549906,0,0,0,0,0,0,0,32903.2605549906,Tibet,86.9149320244469,28.2162872912413
708,94.2974232290725,0,0,1,32903.2605549906,3,32906.0510144975,0,2.79045950694166,0,0,0,0,0,32903.2605549906,Tibet,87.4205406227278,28.2962084794186
709,140.793254878041,0,0,0,0,3,32906.0510144975,0,2.79045950694166,0,0,0,0,32903.2605549906,0,Tibet,87.9270724207681,28.3738704226436
710,107.70598080931,0,0,0,0,4,39072.8337729168,0,6169.57321792621,0,0,0,0,32903.2605549906,0,Tibet,88.4345035077737,28.4492684074343
711,89.8761615714006,0,0,2,2.79045950694166,3,6169.57321792621,2.79045950694166,6166.78275841927,0,0,0,0,0,0,Tibet,88.9428097000544,28.5223978248192
712,96.6813435631951,0,0,3,6169.57321792621,3,6169.57321792621,0,6166.78275841927,0,0,0,0,0,2.79045950694166,Tibet,89.4519665469373,28.5932541733792
713,77.7750402749916,0,0,1,6166.78275841927,4,6190.80521999973,6166.78275841927,21.232002073518,0,0,0,0,0,2.79045950694166,Tibet,89.9619493368768,28.6618330622309
714,88.0376714047355,0,0,1,6166.78275841927,4,6190.80521999973,0,21.232002073518,0,0,0,0,0,6169.57321792621,Tibet,90.4727331037567,28.7281302139492
715,101.826203903432,0,0,0,0,2,6188.01476049279,21.232002073518,0,0,0,0,0,0,6166.78275841927,Tibet,90.9842926333817,28.7921414674242
716,102.342451071185,0,0,0,0,2,6188.01476049279,21.232002073518,0,0,0,0,0,0,6166.78275841927,Tibet,91.4966024701543,28.8538627806515
717,124.81738172679,0,0,0,0,1,21.232002073518,0,0,0,0,0,0,0,21.232002073518,Tibet,92.0096369239342,28.913290233453
718,160.264719358344,0,0,0,0,1,21.232002073518,0,0,0,0,0,0,0,21.232002073518,Tibet,92.5233700770761,28.9704200301245
719,201.965793541583,0,0,0,0,0,0,0,0,0,0,0,0,0,0,Tibet,93.0377757916403,29.0252485020089
720,172.860402420757,0,0,0,0,1,10234.312074714,0,0,10234.312074714,0,0,0,0,0,Tibet,93.5528277167745,29.0777721099908
721,124.55082234495,0,0,0,0,1,10234.312074714,0,0,10234.312074714,0,0,0,0,0,Tibet,94.0684992962585,29.1279874469116
722,78.3906625086248,0,0,1,10234.312074714,1,10234.312074714,0,10234.312074714,0,0,0,0,0,0,Tibet,94.5847637762103,29.1758912399013
723,42.1578532456085,1,10234.312074714,1,10234.312074714,2,11195.7802943867,0,10234.312074714,961.468219672752,0,0,0,0,0,Tibet,95.1015942129459,29.2214803526256
724,49.0863852001291,1,10234.312074714,1,10234.312074714,2,11195.7802943867,0,0,0,961.468219672752,0,0,0,10234.312074714,Tibet,95.618963480989,29.2647517874453
725,89.6753134020369,0,0,1,10234.312074714,2,11195.7802943867,0,0,0,961.468219672752,0,0,0,10234.312074714,Tibet,96.1368442812242,29.3057026874852
726,66.9399892795546,0,0,1,961.468219672752,3,13090.9867603916,0,0,1895.20646600492,961.468219672752,0,0,10234.312074714,0,Tibet,96.6552091491885,29.3443303386132
727,61.0884101608871,0,0,1,961.468219672752,3,13090.9867603916,0,0,1895.20646600492,0,961.468219672752,0,10234.312074714,0,Tibet,97.1740304634941,29.3806321713221
728,89.3455401641386,0,0,2,2856.67468567767,4,3168.95132438404,0,0,1971.98265931424,235.500445397042,0,961.468219672752,0,0,Tibet,97.6932804543778,29.4146057625182
729,49.4291048590055,1,1895.20646600492,1,1895.20646600492,19,16026.9638114151,0,1990.65183022861,8088.36529548821,4986.47846602549,0,961.468219672752,0,0,Tibet,98.2129312123691,29.4462488372105
730,28.1634673106185,1,1895.20646600492,1,1895.20646600492,23,17057.2986167081,0,2745.96167444559,8286.61406325497,76.7761933093281,4986.47846602549,0,961.468219672752,0,Tibet,98.7329546970718,29.4755592700997
731,53.4111166292706,0,0,12,9983.57176149313,25,17446.0025019877,1990.65183022861,859.494083391588,8524.545238274,1084.832884068,3091.27200002057,1895.20646600492,0,0,Sichuan,99.2533227460511,29.5025350870666
732,12.6725381654661,11,8088.36529548821,12,8363.39025656429,28,24120.3733731046,4347.3251653098,423.896439801642,13065.6092348443,889.089091885209,643.475420635174,2855.77155462353,1895.20646600492,0,Sichuan,99.7740070838203,29.5271744665561
733,10.316067301676,7,7576.20608107547,14,9312.67353582939,29,21507.1753364449,755.309844216981,982.233729983462,6435.7309481699,236.031807137101,888.144969818634,2094.28960286458,8020.59836485098,2094.83606940322,Sichuan,100.29497933092,29.5494757408577
734,16.4053929853897,2,949.283279265097,14,15274.14059078,33,21756.7506766544,2298.86035953498,901.355936230613,6342.60307356668,255.958922172649,613.120008742551,919.444503777831,7679.4461981835,2745.96167444559,Sichuan,100.816211013081,29.5694373972782
735,26.526819937198,2,6435.7309481699,4,7411.42296732665,49,21345.5107723654,1775.21759716056,937.903790286625,6455.43976293264,1495.84623319665,212.231183055344,675.91378676329,8485.85299539819,1307.1054235721,Sichuan,101.337673570468,29.5870580792083
736,24.4019122224022,1,6038.24324825991,6,7951.81459977052,48,21454.9161624505,1827.03657669885,1061.27546337001,331.844390923349,1879.87495301682,255.958922172649,675.91378676329,14447.3200503488,975.692019156758,Sichuan,101.85933836699,29.6023365870791
737,38.7123401919755,1,304.359825306768,16,6959.5156091166,39,13810.6658429107,1083.5536723364,2533.10491127748,332.868709069721,1912.18998882501,255.958922172649,0,7262.55148860109,430.438150628345,Sichuan,102.381176699674,29.6152718792103
738,1.79401294072768,4,311.369041767048,16,1004.27250154742,39,13806.7338726343,3864.39164183895,29.9016434013069,24.3332907324608,36.4906288386816,1879.87495301682,560.318747479417,6987.52652752501,423.896439801642,Sichuan,102.903159808098,29.6258630725461
739,37.3296608101959,4,27.4845656165804,17,1005.29681969379,39,13023.6594483329,2630.36328012124,52.9356552897816,0,53.8147031108623,1469.81152718838,928.387032796721,6349.61229002696,1538.73495979898,Sichuan,103.425258883867,29.6341094432806
740,27.5851178197998,2,21.4996673026728,5,28.5088837629529,41,7037.04853627222,552.439656306339,810.819745601289,0,391.966026864577,295.70403875019,2136.38210931023,311.369041767048,2538.36791767255,Sichuan,103.947445080129,29.6400104273701
741,53.3925981646683,0,0,4,74.4353225924544,52,7326.99308055884,787.785733712814,131.839349953512,94.9308097365191,2692.92826617629,671.535877397315,1807.38683406571,437.671863829026,702.914345687653,Sichuan,104.469689521126,29.6435656209331
742,75.1158492560249,0,0,8,84.0448093110724,40,5929.87704997124,945.998314420013,159.842442050209,103.23251157571,1516.36838142077,2765.14192593743,408.485867562265,30.8076070048506,0,Sichuan,104.991963311765,29.6447747805362
743,82.6897011641809,0,0,8,148.049657499912,35,5999.372254918,1001.86799719527,51.037103985171,103.23251157571,1681.67482659526,3054.80945716595,32.3150358081895,21.4996673026728,52.9356552897816,Chongqing,105.51423754721,29.6436378233673
744,35.9021022470414,1,88.2842273215206,4,113.136836258326,33,6072.79326366772,159.842442050209,88.2842273215206,14.9482842541894,763.564287538487,3842.34393189107,391.966026864577,1.02431814637252,810.819745601289,Chongqing,106.036483322476,29.6401548272938
745,12.6324094225573,2,103.23251157571,6,560.391749282071,32,5294.43072766125,51.037103985171,48.19063751546,0,826.312394332478,1449.19216596181,2699.57484859129,0,220.123577275033,Chongqing,106.558671742029,29.6343260308079
746,49.9279010958315,1,14.9482842541894,7,612.053418996269,31,3620.49211644634,1.67477674492138,46.5158607705387,705.066134009308,324.138069326917,763.653940547971,1516.36838142077,103.23251157571,159.842442050209,Chongqing,107.080773929371,29.6261518328569
747,77.9801748166579,0,0,6,563.638470030289,21,3327.90814977782,1.67477674492138,774.175354744995,130.58554427192,324.138069326917,261.389962532927,1681.67482659526,103.23251157571,51.037103985171,Chongqing,107.602761036619,29.6156327925608
748,55.1139047670439,0,0,4,1075.72006410676,22,3368.16497427559,84.5756899730694,691.274441516847,771.396525602569,201.037686546537,746.437249107375,763.564287538487,109.879093990709,0,Chongqing,108.124604254052,29.602769628816
749,5.33173857248186,1,13.7916924924606,5,821.859985788767,26,4096.88660860884,36.3850524576094,911.357411963851,1150.89969940931,688.168725640403,746.437249107375,502.17432500556,14.9482842541894,46.5158607705387,Chongqing,108.64627481963,29.5875632197857
750,18.5409180641509,4,130.58554427192,9,1663.70865366595,24,4797.06239474154,73.9179081671973,806.963414421877,1177.22822757876,593.160964406942,623.336866326995,324.138069326917,460.526642225466,737.790302287386,Hubei,109.167744028471,29.5700146022793
751,12.4148294029924,6,757.604833110108,11,2049.91628203687,24,4795.45087184376,373.501928092042,1360.48075407601,170.947963762712,1496.96862348024,201.037686546537,324.138069326917,130.58554427192,737.790302287386,Hunan,109.688983242286,29.5501249710183
752,18.2744951397641,3,433.433711162517,15,2508.85553680409,24,4473.21443152535,220.082970447004,877.9120362292,40.1771920123777,1069.93231699721,601.401262173604,201.037686546537,135.408850110722,1327.26211700869,Hunan,110.209963898754,29.5278956777929
753,28.6707283253869,1,166.124657923911,10,1782.44035088593,31,5732.03354424972,881.500777700585,0,1283.45152125037,753.924172219741,276.109751948292,854.293383564314,1462.67096711942,220.082970447004,Hunan,110.730657520833,29.503328230508
754,73.3368387911327,0,0,7,1084.21388616549,32,7632.42423284093,3.58874147138517,0,2656.03699343828,1244.8273924276,912.047956839959,794.198650953479,923.729491034019,1097.9950066762,Hunan,111.25103572601,29.4764242921205
755,43.8306022229473,1,40.1771920123777,6,1283.45152125037,28,7429.38622479898,3.58874147138517,156.283676505753,2996.28907307528,1192.69415840023,794.101364232118,755.000493275496,653.516681609521,877.9120362292,Hunan,111.771070235461,29.4471856794692
756,29.4237251426351,4,156.283676505753,9,3888.90834385089,23,6353.81541342459,156.283676505753,496.535756142752,2504.7354936507,1192.69415840023,11.9560420149973,943.984851085675,1044.03669415311,3.58874147138517,Hunan,112.29073288314,29.4156143619984
757,21.074882653707,1,2499.75331693253,10,4317.56960349593,19,5556.48137935734,0,528.432179413999,289.684276994887,2595.28572381036,1192.69415840023,794.101364232118,0,156.283676505753,Hunan,112.809995624759,29.3817124603761
758,41.9735932351119,1,2499.75331693253,11,4350.24908469942,20,5036.71121201642,496.535756142752,31.896423271247,398.149042390864,209.265604345676,0,3704.40351734775,144.35601041896,52.1048580991706,Hunan,113.328830546689,29.34548224501
759,58.6767454917061,0,0,5,3177.76701477422,27,5094.17704654121,99.7709197689545,0,419.951442244444,140.940628332516,115.944452699372,1192.69415840023,2696.21418545066,428.661259645044,Hubei,113.847209874736,29.3069261344604
760,20.6040753530655,1,176.495764980774,6,606.86996128281,34,6522.80170981218,31.896423271247,372.86475208644,1514.11504986531,121.085685205222,132.590714684535,4.98217671816606,3848.73115183851,496.535756142752,Jiangxi,114.365105982818,29.2660466937547
761,38.1534621481963,3,398.149042390864,9,533.684639712288,31,5244.46267790087,0,486.870279351341,1065.16784895846,224.283586374166,167.927295011774,95.5324068778325,3104.91034155835,99.7709197689545,Jiangxi,114.882491401516,29.2228466326018
762,6.98521846401517,5,241.682181687635,12,1689.17536084398,30,2313.38546306088,0,499.257621781372,1056.10908607097,26.7620188543262,35.5555472984263,446.34875085914,249.352438196647,0,Jiangxi,115.399338826503,29.1773288035128
763,9.57927672104909,7,1277.29405783631,15,1724.64487497704,35,2977.58882602435,432.841303454326,925.685260571045,670.980110723851,296.639850538499,0,253.193612930743,398.248687805884,0,Jiangxi,115.915621126835,29.1294961998253
764,15.1965279170309,3,1032.75160225088,14,1369.81900619524,39,3735.12185744319,401.704936052522,138.66859268131,178.47777016103,1010.55720758145,0.85681338804073,768.52555561889,803.489678505622,432.841303454326,Jiangxi,116.431311353114,29.079351953637
765,48.0697498090682,1,13.2930516030674,11,1139.4857770144,37,3554.03678178307,473.957210406786,20.866329468865,157.611440692165,961.9426847188,164.194215200526,0,1276.20727951455,499.257621781372,Jiangxi,116.946382745499,29.0268993336489
766,23.1125220138724,2,15.9669624443853,5,194.418503566794,43,3687.71925976841,487.250262009854,466.627974941179,55.6659945882584,114.722878949836,1010.55720758145,0.85681338804073,1277.29405783631,274.74407047349,Jiangxi,117.46080874157,28.9721417429212
767,33.2355258327226,2,157.611440692165,5,287.033821752782,39,3353.34122855698,154.937529850848,301.443256383216,0,276.922285017758,856.346579471608,155.067441497882,1073.57978023537,535.044356100301,Jiangxi,117.974562984041,28.9150827165438
768,54.6390250566132,0,0,6,335.573592096058,34,2209.56262856006,344.774445851725,0.69768932418566,57.7958419552769,363.01138866721,114.722878949836,1011.41402096949,13.2930516030674,303.853311239273,Zhejiang,118.487619328309,28.8557259192241
769,50.1779501636151,0,0,2,210.603524439106,29,1912.52408004433,344.774445851725,0.69768932418566,57.7958419552769,200.811982599287,162.199406067922,967.766944084904,178.47777016103,0,Zhejiang,118.999951849842,28.7940751427941
770,74.9296211902644,0,0,1,55.6659945882584,24,1201.18406645634,44.0288787926951,57.7958419552769,0,0,307.345394078951,325.38597668824,165.184718557963,301.443256383216,Zhejiang,119.51153485139,28.7301343036406
771,60.4167321585495,0,0,1,57.7958419552769,17,1035.93977459908,0.69768932418566,57.7958419552769,0,0,200.811982599287,276.922285017758,154.937529850848,344.774445851725,Zhejiang,120.022342870036,28.6639074400585
772,44.957721981788,1,57.7958419552769,1,57.7958419552769,7,1518.89532885989,57.7958419552769,1097.39040891322,0,0,0,307.345394078951,55.6659945882584,0.69768932418566,Zhejiang,120.532350684054,28.5953987095337
773,73.4316825822683,0,0,1,57.7958419552769,5,1462.53164494744,0,1097.39040891322,0,0,0,307.345394078951,0,57.7958419552769,Zhejiang,121.041533319595,28.5246123859541
774,117.316781612621,0,0,0,0,5,1356.2075275576,1097.59970300304,0,0,0,0,200.811982599287,57.7958419552769,0,Zhejiang,121.549866057185,28.4515528567542
775,115.952547075694,0,0,0,0,1,32903.2605549906,0,0,32903.2605549906,0,0,0,0,0,Tibet,85.3029385543295,28.4017238031726
776,66.1492990503332,0,0,1,32903.2605549906,1,32903.2605549906,0,0,32903.2605549906,0,0,0,0,0,Tibet,85.8080945577487,28.4887430898391
777,17.5061805188884,1,32903.2605549906,1,32903.2605549906,1,32903.2605549906,0,0,0,32903.2605549906,0,0,0,0,Tibet,86.3142588596767,28.5735103208519
778,35.1738958301452,1,32903.2605549906,1,32903.2605549906,1,32903.2605549906,0,0,0,0,0,0,32903.2605549906,0,Tibet,86.8214080911261,28.6560203538267
779,84.6636848913382,0,0,1,32903.2605549906,3,32906.0510144975,0,0,2.79045950694166,0,0,0,32903.2605549906,0,Tibet,87.3295185864881,28.7362681438852
780,117.022261574574,0,0,0,0,3,32906.0510144975,0,0,2.79045950694166,0,0,0,32903.2605549906,0,Tibet,87.8385663889475,28.8142487469452
781,71.9121395922872,0,0,2,2.79045950694166,4,39072.8337729168,0,2.79045950694166,6166.78275841927,0,0,0,32903.2605549906,0,Tibet,88.348527256108,28.889957322959
782,40.6017479605696,2,2.79045950694166,2,2.79045950694166,3,6169.57321792621,2.79045950694166,0,6166.78275841927,0,0,0,0,0,Tibet,88.8593766658241,28.9633891390983
783,55.9074955096919,0,0,3,6169.57321792621,4,6190.80521999973,0,6166.78275841927,21.232002073518,0,0,0,0,2.79045950694166,Tibet,89.371089822239,29.0345395728822
784,28.5049746766289,1,6166.78275841927,3,6169.57321792621,5,8144.08044118038,6166.78275841927,1953.27522118065,21.232002073518,0,0,0,0,2.79045950694166,Tibet,89.8836416620239,29.1034041152446
785,50.141881475529,0,0,2,6188.01476049279,5,8144.08044118038,1953.27522118065,21.232002073518,0,0,0,0,2.79045950694166,6166.78275841927,Tibet,90.3970068608172,29.1699783735404
786,54.5116767973312,0,0,2,6188.01476049279,5,8144.08044118038,1953.27522118065,21.232002073518,0,0,0,0,6169.57321792621,0,Tibet,90.9111598398591,29.2342580744843
787,55.4700315227206,0,0,1,21.232002073518,3,8141.28998167344,1953.27522118065,0,0,0,0,0,6166.78275841927,21.232002073518,Tibet,91.4260747728183,29.2962390670221
788,90.456209775809,0,0,1,21.232002073518,2,6188.01476049279,0,0,0,0,0,0,6166.78275841927,21.232002073518,Tibet,91.9417255928083,29.3559173251306
789,135.232124056677,0,0,0,0,1,21.232002073518,0,0,0,0,0,0,21.232002073518,0,Tibet,92.4580859995874,29.4132889505429
790,182.73786927387,0,0,0,0,1,21.232002073518,0,0,0,0,0,0,21.232002073518,0,Tibet,92.9751294669382,29.4683501753973
791,169.119141546548,0,0,0,0,1,10234.312074714,0,0,10234.312074714,0,0,0,0,0,Tibet,93.4928292502244,29.5210973648061
792,119.30411836638,0,0,0,0,1,10234.312074714,0,0,10234.312074714,0,0,0,0,0,Tibet,94.0111583941164,29.5715270193429
793,69.7542922042485,0,0,1,10234.312074714,1,10234.312074714,0,0,10234.312074714,0,0,0,0,0,Tibet,94.5300897404841,29.6196357774441
794,22.31255033954,1,10234.312074714,1,10234.312074714,1,10234.312074714,0,0,0,10234.312074714,0,0,0,0,Tibet,95.0495959364485,29.6654204177237
795,33.6160456388321,1,10234.312074714,1,10234.312074714,4,13681.691965045,0,2485.91167065828,0,961.468219672752,0,0,10234.312074714,0,Tibet,95.56964944259,29.7088778611978
796,82.2327619998812,0,0,1,10234.312074714,4,13681.691965045,2485.91167065828,0,0,961.468219672752,0,0,10234.312074714,0,Tibet,96.0902225413034,29.7500051734178
797,113.285162346749,0,0,0,0,4,13681.691965045,2485.91167065828,0,0,0,961.468219672752,0,10234.312074714,0,Tibet,96.6112873452981,29.7887995665078
798,109.928884735394,0,0,0,0,5,15576.8984310499,2485.91167065828,0,0,1895.20646600492,961.468219672752,0,10234.312074714,0,Tibet,97.1328158062335,29.8252584011062
799,119.491945850619,0,0,0,0,5,3277.04860760259,0,11.3623248797282,409.01159704519,1895.20646600492,0,961.468219672752,0,0,Tibet,97.6547797234856,29.8593791882081
800,87.3399656913269,0,0,1,1895.20646600492,20,13691.0016556115,0,2745.96167444559,7679.4461981835,2304.12556330962,0,961.468219672752,0,0,Tibet,98.1771507530373,29.891159590907
801,77.3189115983681,0,0,2,2304.21806305011,22,14201.5270620846,0,2745.96167444559,7679.4461981835,683.944058380789,2130.70691140196,961.468219672752,0,0,Tibet,98.6999004164858,29.9205974260333
802,60.8330267585089,0,0,12,8564.12593706773,23,14189.3421216769,1581.64023318342,1164.32144126217,949.283279265097,8363.39025656429,235.500445397042,1895.20646600492,0,0,Sichuan,99.2230001101595,29.9476906656887
803,27.4016774309633,5,1601.36349086421,17,9264.04906163011,29,21060.6564233415,2745.96167444559,8.28578791574207,7411.42296732665,6353.10766839538,2646.67185925316,1895.20646600492,0,0,Sichuan,99.7464211143388,29.9724374386739
804,48.1173026658127,1,4628.21264715647,14,9057.65460767759,29,22168.1913473876,736.340433099754,1351.32115735892,975.692019156758,6435.7309481699,2457.9267509215,8201.55879733492,0,2009.62124134584,Sichuan,100.270134602571,29.994836031808
805,12.9432315965897,2,949.283279265097,8,13593.6899138206,32,21290.8360102555,1351.32115735892,901.355936230613,304.359825306768,6826.07063475213,1073.40148667327,6487.001804624,1601.36349086421,2745.96167444559,Sichuan,100.794111651077,30.0148848911393
806,38.4065642779522,2,975.692019156758,4,7411.42296732665,44,22345.038978811,1775.21759716056,1083.5536723364,766.550329229626,6661.08216980938,0,2531.3018184536,7190.38331442098,2336.9500774004,Sichuan,101.318323248232,30.0325826230444
807,59.503818722682,0,0,5,7491.39476384564,42,20771.1568349617,1343.03536944318,3616.65858361388,20.4753491563002,1657.08382569673,255.958922172649,6314.21233140257,7131.550225759,432.182227717384,Sichuan,101.842740304128,30.0479279952158
808,67.488558761121,0,0,9,7287.51608031359,39,15241.5312933855,1078.29066594132,3090.80757397889,0,1480.2624493645,829.426479415258,6038.24324825991,1373.17971906674,1351.32115735892,Sichuan,102.36733366019,30.0609199375356
809,50.4023172853609,0,0,8,1249.27283205367,44,14706.9025463064,3139.19908718491,1141.36002107048,29.9016434013069,53.8147031108623,2191.24399478387,6294.20217043256,1373.17971906674,484.001207255675,Sichuan,102.892074098866,30.0715575428358
810,67.012395583442,0,0,7,792.288684781002,44,14514.0984890801,3221.31359058643,757.884090311507,52.9356552897816,21.4996673026728,1809.68555730761,649.905280421557,6462.13968806156,1538.73495979898,Sichuan,103.416932353347,30.0798400675426
811,73.4900189382611,0,0,3,51.4013107039796,46,7827.27067782824,1143.38996677153,922.964302531538,23.0340118884748,30.0848358749183,434.055151451163,1657.08382569673,0,3616.65858361388,Sichuan,103.941879117342,30.0857669322055
812,35.1327712918368,1,29.9016434013069,4,74.4353225924544,35,5986.37960757036,1348.8344007767,296.919562173543,88.2842273215206,30.0848358749183,395.22054494422,424.859420733513,766.550329229626,2635.62628651632,Sichuan,104.466885054883,30.0893377219096
813,25.1941299177688,2,52.9356552897816,2,52.9356552897816,29,3268.38909494927,1332.15969126252,159.842442050209,103.23251157571,49.9065168820557,391.966026864577,53.8147031108623,4.17559303049212,1173.29161017284,Sichuan,104.991920810148,30.0905521865711
814,53.773004444749,0,0,4,250.02522067634,29,5642.72100381957,660.046927127579,51.037103985171,88.2842273215206,21.5948666691879,3989.43846581215,21.4996673026728,29.9016434013069,780.918102199982,Sichuan,105.516957017313,30.0894102411151
815,43.5061266221304,1,88.2842273215206,4,263.074953625919,31,3781.4700515629,108.805338065038,558.375320305278,46.5158607705387,605.40683658127,1516.36838142077,0,52.9356552897816,893.062659130231,Chongqing,106.041964310402,30.0859119655367
816,36.6627511351545,1,88.2842273215206,3,154.269615560881,31,3592.69185948371,556.700543560356,1.67477674492138,46.5158607705387,446.734949733006,1367.8930129934,118.369063196439,52.9356552897816,1001.86799719527,Chongqing,106.566913333139,30.0800576048435
817,76.1283888436312,0,0,3,149.748372346249,17,2414.37320581943,507.338216320107,36.3850524576094,751.581994779847,324.138069326917,502.17432500556,109.879093990709,23.0340118884748,159.842442050209,Chongqing,107.091774748797,30.0718475688815
818,48.5826164030046,1,46.5158607705387,1,46.5158607705387,19,2508.13304571042,507.338216320107,82.900913228148,808.068293296307,13.7916924924606,826.312394332478,21.5948666691879,88.2842273215206,159.842442050209,Chongqing,107.616519250027,30.0612824320431
819,37.1238912173116,1,46.5158607705387,3,751.581994779847,22,3169.31186333594,256.747591814166,0,1668.96224507396,214.829379038998,324.138069326917,517.12260925975,88.2842273215206,99.227741500631,Chongqing,108.141117568659,30.0483629328584
820,27.0578918603591,2,705.066134009308,5,789.114850489434,25,4659.08907631949,256.747591814166,603.787839949678,2596.20508744761,317.831538325996,337.929761819378,498.396619447204,0,48.19063751546,Hubei,108.665540485477,30.0330899734697
821,24.9625170066976,3,728.807297226435,9,1682.75393756642,25,5378.54883837706,447.214635191692,1109.33586327037,1733.98268216805,737.33999892645,238.570542256125,337.929761819378,737.790302287386,36.3850524576094,Hubei,109.18975883995,30.0154646189907
822,10.5726559005238,3,856.070645938851,13,2546.87428130316,26,5395.15604580162,1787.67710842908,3.58874147138517,1097.9950066762,790.475269522803,889.920016755107,51.3245482020485,737.790302287386,36.3850524576094,Hubei,109.71374353991,29.9954880967501
823,15.1708793482909,8,1733.98268216805,11,1984.19164200063,28,6256.23998365915,1787.67710842908,211.78998493498,669.710792765605,948.269980141032,759.823799114298,542.784430016213,1116.10091781094,220.082970447004,Hubei,110.237465571183,29.9731617954208
824,7.06594244674681,5,877.9120362292,10,1904.93064593076,30,5947.24281834887,1396.9336395022,3.58874147138517,156.283676505753,40.1771920123777,1663.09328140415,285.12198845521,1584.87794316529,817.166355832508,Hunan,110.760896007141,29.9484872640362
825,52.838442201678,0,0,6,1044.03669415311,32,8584.2076273286,3.58874147138517,0,584.944936150797,3744.58070936013,1009.83758438637,658.079002856579,1850.77653394751,732.400119155828,Hunan,111.284006018198,29.9214662108941
826,59.4945538055568,0,0,5,196.46086851813,27,7460.73882153129,3.58874147138517,0,652.819432648505,3692.44747533275,794.101364232118,578.975819839674,1738.80598800685,0,Hunan,111.806766881209,29.89210050235
827,15.5018982645221,4,156.283676505753,7,3124.8754450957,23,6223.87230782729,0,31.896423271247,496.535756142752,2556.84035174987,1349.00621083418,741.968130204743,1044.03669415311,3.58874147138517,Hubei,112.329149988794,29.8603921615006
828,41.6752582975305,5,584.944936150797,7,3152.57274958103,18,4759.2661982068,54.3527195969257,31.896423271247,673.031521123525,95.5324068778325,3692.44747533275,156.312052433957,52.1048580991706,3.58874147138517,Hubei,112.851126858557,29.8263433667589
829,7.37800019103315,2,496.535756142752,7,3152.57274958103,17,4856.90992673453,54.3527195969257,99.7709197689545,176.495764980774,208.720918891946,0,3732.62466734513,156.283676505753,428.661259645044,Hubei,113.372669142211,29.7899564503244
830,29.9053749413371,1,67.8744964977076,3,673.031521123525,22,5050.76831063755,86.2491428681727,0,10.0641174755422,513.655735434743,95.5324068778325,3692.44747533275,584.944936150797,67.8744964977076,Hubei,113.893748634587,29.7512338965464
831,38.4657133858346,1,176.495764980774,2,244.370261478481,35,6515.61114277942,31.896423271247,12.7891504284429,1491.15398451537,233.490890461668,396.031609403265,3697.42965205092,652.819432648505,0,Hubei,114.414337282524,29.710178340186
832,50.1075828495139,0,0,4,398.248687805884,31,5634.31539692352,297.518413689559,132.132799470082,884.569353618585,890.895547677338,128.985614262825,272.028171858606,2996.28907307528,31.896423271247,Hubei,114.934407193647,29.6667925645772
833,47.8717326783987,1,0.0996454150199061,13,1251.92727396811,32,3055.33930306253,429.651213159641,531.657604831143,316.181686278772,1053.53767450145,239.323520649857,385.21668387272,67.8744964977076,31.896423271247,Jiangxi,115.453930645002,29.6210794996876
834,3.69599970822673,7,833.749327299703,15,1773.69140571989,32,3015.2190665763,626.020200265308,539.944951344578,35.9275827402139,664.237417207472,629.75454200762,342.838608030332,176.495764980774,0,Jiangxi,115.972880091558,29.5730422200842
835,5.98058468818825,6,302.888634675705,13,1565.23153449785,30,2891.59588781248,182.952825788963,473.957210406786,178.47777016103,154.210628109841,648.296683801708,628.767409100884,412.968081329433,211.965279113831,Jiangxi,116.491228174573,29.5226839428033
836,51.1429717460598,0,0,13,1112.53733808087,44,3421.66894299743,335.288617725476,440.111849064525,165.184718557963,276.846206344964,296.639850538499,1276.10763409953,448.53724087751,182.952825788963,Jiangxi,117.008947729804,29.4700080251284
837,26.4120340257172,3,23.540240310183,7,367.966389161222,47,4875.26920989382,138.66859268131,1488.99320650862,162.510807716645,173.062784379412,1023.85025918452,648.296683801708,904.59825789613,335.288617725476,Jiangxi,117.526011795559,29.4150179622786
838,16.807739611398,3,165.184718557963,6,317.146362842341,46,13752.9645955593,10237.6143483814,345.472135175911,0,210.603524439106,1109.33935312552,32.7645092381893,1343.21351479238,473.957210406786,Jiangxi,118.042393620603,29.3577173850095
839,44.0398678357747,1,154.937529850848,11,466.627974941179,36,12484.2201565917,10539.0576047646,44.0288787926951,57.7958419552769,162.199406067922,829.497049380827,148.386368743736,229.297796479912,473.957210406786,Zhejiang,118.558066671883,29.2981100571282
840,92.7174191139388,0,0,3,256.313105573177,33,11675.7534794685,10667.3822145795,0.69768932418566,57.7958419552769,200.811982599287,168.366233426007,263.553154741897,178.47777016103,138.66859268131,Zhejiang,119.073004642092,29.2361998729274
841,91.4799253480045,0,0,1,57.7958419552769,20,1131.18038365259,129.022299139091,0,57.7958419552769,0,307.345394078951,170.388873538094,165.184718557963,301.443256383216,Zhejiang,119.587181457052,29.1719908545389
842,41.7084162099969,1,57.7958419552769,1,57.7958419552769,15,921.216895649245,0.69768932418566,0,57.7958419552769,0,307.345394078951,55.6659945882584,154.937529850848,344.774445851725,Zhejiang,120.100571282925,29.1054871492103
843,10.5169969013131,1,57.7958419552769,1,57.7958419552769,10,1562.88434693385,0.448534515631026,1097.59970300304,0,0,200.811982599287,219.995248023199,0,44.0288787926951,Zhejiang,120.613148533228,29.0366930265077
844,59.0052748904119,0,0,1,57.7958419552769,7,1357.35375139742,0.448534515631026,1097.59970300304,0,0,0,200.811982599287,57.7958419552769,0.69768932418566,Zhejiang,121.12488787567,28.9656128754464
845,83.6566151538013,0,0,2,1097.39040891322,4,1155.39554495831,0.209294089819321,1097.39040891322,0,0,0,0,57.7958419552769,0,Zhejiang,121.635764238793,28.892251201554
846,175.4713426562,0,0,0,0,1,32903.2605549906,0,0,32903.2605549906,0,0,0,0,0,Tibet,84.6943756762562,28.7502577398235
847,129.309429992849,0,0,0,0,1,32903.2605549906,0,0,0,32903.2605549906,0,0,0,0,Tibet,85.2009653678264,28.839888575398
848,87.4737976572816,0,0,1,32903.2605549906,1,32903.2605549906,0,0,0,32903.2605549906,0,0,0,0,Tibet,85.7086020949187,28.9272650275677
849,59.8531692401932,0,0,1,32903.2605549906,1,32903.2605549906,0,0,0,0,32903.2605549906,0,0,0,Tibet,86.2172624822827,29.0123817200952
850,67.1798962458745,0,0,1,32903.2605549906,1,32903.2605549906,0,0,0,0,0,32903.2605549906,0,0,Tibet,86.7269228453525,29.0952333733027
851,102.195279006007,0,0,0,0,3,32906.0510144975,0,0,2.79045950694166,0,0,32903.2605549906,0,0,Tibet,87.2375591955482,29.1758148075003
852,110.747402780716,0,0,0,0,3,32906.0510144975,0,0,2.79045950694166,0,0,32903.2605549906,0,0,Tibet,87.7491472457954,29.2541209463682
853,61.1729788336837,0,0,2,2.79045950694166,4,39072.8337729168,0,0,6169.57321792621,0,0,0,32903.2605549906,0,Tibet,88.2616624162624,29.3301468202849
854,14.8080875233571,2,2.79045950694166,2,2.79045950694166,3,6169.57321792621,0,0,6166.78275841927,2.79045950694166,0,0,0,0,Tibet,88.7750798403108,29.4038875696027
855,41.1876871505537,2,2.79045950694166,3,6169.57321792621,5,8144.08044118038,0,1953.27522118065,6188.01476049279,0,0,0,2.79045950694166,0,Tibet,89.2893743706596,29.475338447864
856,24.0022972411775,1,6166.78275841927,3,6169.57321792621,5,8144.08044118038,0,1953.27522118065,21.232002073518,0,6166.78275841927,0,2.79045950694166,0,Tibet,89.8045205857576,29.5444948249577
857,47.7261455540397,1,6166.78275841927,2,6188.01476049279,5,8144.08044118038,1953.27522118065,0,21.232002073518,0,0,6166.78275841927,2.79045950694166,0,Tibet,90.3204927963622,29.6113521902106
858,23.9681040787622,1,21.232002073518,2,6188.01476049279,5,8144.08044118038,1953.27522118065,0,21.232002073518,0,0,0,6169.57321792621,0,Tibet,90.8372650523212,29.675906155413
859,26.0743456869938,1,21.232002073518,1,21.232002073518,3,8141.28998167344,0,0,0,0,0,0,6188.01476049279,1953.27522118065,Tibet,91.3548111495538,29.7381524577737
860,76.0609820662269,0,0,1,21.232002073518,3,8141.28998167344,0,0,0,0,0,0,6188.01476049279,1953.27522118065,Tibet,91.8731046372261,29.7980869628023
861,126.058218624387,0,0,0,0,2,1974.50722325417,0,0,0,0,0,0,21.232002073518,1953.27522118065,Tibet,92.3921188251189,29.8557056671156
862,176.057024775008,0,0,0,0,1,21.232002073518,0,0,0,0,0,0,21.232002073518,0,Tibet,92.9118267911807,29.9110047011656
863,179.782783797057,0,0,0,0,1,10234.312074714,0,0,10234.312074714,0,0,0,0,0,Tibet,93.4322013892638,29.9639803318852
864,133.992678798339,0,0,0,0,1,10234.312074714,0,0,0,10234.312074714,0,0,0,0,Tibet,93.9532152570364,30.0146289652506
865,92.6618939655996,0,0,1,10234.312074714,1,10234.312074714,0,0,0,10234.312074714,0,0,0,0,Tibet,94.4748408240666,30.0629471487559
866,64.9493280568089,0,0,1,10234.312074714,3,12720.2237453723,0,2485.91167065828,0,0,10234.312074714,0,0,0,Tibet,94.9970503200727,30.1089315737986
867,69.6462765463286,0,0,1,10234.312074714,3,12720.2237453723,0,2485.91167065828,0,0,0,10234.312074714,0,0,Tibet,95.5198157833342,30.1525790779722
868,102.385509025966,0,0,0,0,4,13681.691965045,2485.91167065828,0,0,961.468219672752,0,10234.312074714,0,0,Tibet,96.0431090692562,30.1938866472647
869,130.957818706624,0,0,0,0,4,13681.691965045,2485.91167065828,0,0,0,961.468219672752,10234.312074714,0,0,Tibet,96.5669018590831,30.2328514181595
870,145.692063684774,0,0,0,0,5,15576.8984310499,0,0,0,1895.20646600492,961.468219672752,0,10234.312074714,2485.91167065828,Tibet,97.091165668754,30.269470679637
871,156.407667084985,0,0,0,0,8,7333.23818656457,0,0,1990.65183022861,1895.20646600492,0,961.468219672752,0,2485.91167065828,Tibet,97.615871857893,30.3037418750748
872,127.858787468053,0,0,0,0,15,11832.2124981439,0,0,2745.96167444559,6229.57613802067,1895.20646600492,961.468219672752,0,0,Tibet,98.1409916389278,30.3356626040432
873,78.0567151658728,0,0,4,1990.65183022861,19,12729.5334359387,0,1570.2779083037,1175.6837661419,8088.36529548821,1895.20646600492,0,0,0,Tibet,98.6664960863305,30.3652306239958
874,28.9453283307065,3,420.373921924918,9,2850.1459136202,23,13960.3833871066,0,2336.9500774004,967.34888722701,8684.10176316495,76.7761933093281,1895.20646600492,0,0,Sichuan,99.1923561459713,30.392443851852
875,24.1415260880252,6,1175.6837661419,13,8975.53781246627,27,15729.0592734405,755.309844216981,1351.32115735892,423.896439801642,949.283279265097,8363.39025656429,1895.20646600492,409.01159704519,1581.64023318342,Sichuan,99.7185426445802,30.4173003654691
876,53.6978113836674,0,0,15,9924.82109173137,27,19872.0960556955,0,1351.32115735892,423.896439801642,6987.52652752501,6762.02676570009,1601.36349086421,420.373921924918,2325.58775252068,Sichuan,100.245026299307,30.4397984050049
877,55.6184190007328,0,0,7,2135.03127411042,32,21410.8310154944,1.7440770890384,1349.57708026988,1962.63139960062,6038.24324825991,1224.30824034118,8088.36529548821,2009.62124134584,736.340433099754,Sichuan,100.771777727374,30.4599363741655
878,12.611454915199,1,423.896439801642,5,2722.75679933662,37,23959.3792949042,1351.32115735892,600.831169512352,3015.82741410153,311.369041767048,6698.17149519866,9235.89734252006,2745.96167444559,0,Sichuan,101.298767455811,30.4777128413402
879,47.1666095667581,1,423.896439801642,6,1513.99182296474,30,20113.7566398706,0,3403.9473479813,460.444293857654,417.196514672726,6274.27505539702,7027.3659865844,1179.20628401862,1351.32115735892,Sichuan,101.825965931266,30.49312654062
880,30.8955688465635,3,482.722502824048,7,4040.55502341552,36,14761.0670380545,1078.29066594132,3224.54665128046,455.181287462577,27.4845656165804,1212.81974306794,6435.7309481699,975.692019156758,1351.32115735892,Sichuan,102.353343529884,30.5061763726998
881,7.70288501075245,2,460.444293857654,6,3616.65858361388,41,15525.5033338841,3809.03363244093,1597.26050361131,29.9016434013069,21.4996673026728,983.797152391121,6274.27505539702,982.233729983462,1827.50194935626,Sichuan,102.880870567248,30.5168614056623
882,50.7550440385535,0,0,5,3090.80757397889,35,7453.93209232191,1006.31019314612,590.950310465191,810.819745601289,1.02431814637252,697.079052810865,307.193448736556,1361.80023008827,2678.75479332725,Sichuan,103.408517308366,30.5251808756437
883,69.338946222019,0,0,4,2660.26492352255,31,7123.48194192946,1597.26050361131,1309.12567937405,161.740993354819,0,21.4996673026728,417.196514672726,937.903790286625,2678.75479332725,Sichuan,103.936253977702,30.5311341873791
884,25.3262353752136,1,29.9016434013069,3,810.819745601289,26,6679.5163039015,1041.98038587396,1309.12567937405,159.842442050209,141.219882611302,1.02431814637252,331.844390923349,1061.27546337001,2633.20374155225,Sichuan,104.464050769247,30.5347209146284
885,25.0419159645166,2,52.9356552897816,4,919.625083666326,27,5448.73126913482,1309.12567937405,205.631688306301,51.037103985171,103.23251157571,53.1188477633931,51.4013107039796,2077.9236238149,1597.26050361131,Sichuan,104.991877856606,30.535940800481
886,50.6481602650077,0,0,6,1105.84075647022,27,3410.44655805894,648.067939303805,614.468777640223,52.7118807300924,109.879093990709,30.0848358749183,24.0583300348473,29.9016434013069,1901.27405708304,Sichuan,105.51970540311,30.5347937575396
887,40.9278666742821,1,108.805338065038,3,248.126669371729,20,2312.54813391157,96.8263502412631,558.375320305278,46.5158607705387,14.9482842541894,125.015645611437,0,52.9356552897816,1417.93101743909,Sichuan,106.047503571937,30.531279867983
888,37.7191327917466,1,51.037103985171,3,248.126669371729,20,2821.02267549983,653.526893801619,1.67477674492138,82.900913228148,0,612.053418996269,0,810.819745601289,660.046927127579,Sichuan,106.575242536224,30.5253993835071
889,69.2790039846261,0,0,3,99.227741500631,22,2862.4721887613,825.533033427425,258.422368559087,737.790302287386,13.7916924924606,502.17432500556,109.879093990709,131.839349953512,283.042023045158,Sichuan,107.102892489184,30.5171527251447
890,38.3716593741297,1,46.5158607705387,2,48.19063751546,25,4043.72864288136,823.071716733822,1160.62935745144,691.274441516847,97.8404089725871,502.17432500556,103.23251157571,159.842442050209,505.663439575185,Chongqing,107.630423654194,30.5065404829646
891,22.1426494729469,1,46.5158607705387,3,774.175354744995,21,5032.60997081848,708.563713449396,1167.11891393002,593.584898539046,1084.34573318857,324.138069326917,596.483322079255,51.037103985171,507.338216320107,Chongqing,108.157806294862,30.4935634156496
892,50.1488886675983,0,0,6,825.499902947044,25,6172.21280536071,1934.54916639174,1787.67710842908,433.461486329835,1448.87927462696,13.7916924924606,0,46.5158607705387,507.338216320107,Hubei,108.685010725067,30.4782224499541
893,49.0500639956649,1,691.274441516847,5,1322.39219576548,26,6210.0440565095,1409.96293984129,1787.67710842908,1097.9950066762,806.93563925456,317.831538325996,705.066134009308,46.5158607705387,38.0598292025308,Hubei,109.212007318941,30.4605186800431
894,55.9376108839286,0,0,10,1798.25645904812,31,6829.35805183009,2079.84207920632,127.411397041858,0,1264.11966460011,1408.24070304092,742.598989718896,46.5158607705387,1160.62935745144,Hubei,109.738766520816,30.440453366711
895,38.244000659337,5,433.461486329835,8,1733.98268216805,27,5671.47640294596,1825.84121344329,89.2472920276481,0,877.9120362292,1140.64772070339,504.087472363962,691.274441516847,542.466226661626,Hubei,110.2652588551,30.4180279364835
896,39.041818520644,5,877.9120362292,7,1101.58374814759,27,5075.55994626334,123.822655570473,3.58874147138517,52.1048580991706,144.35601041896,1081.66981131749,1191.06631943994,691.274441516847,1787.67710842908,Hubei,110.791454936094,30.3932439806028
897,68.0296280333958,0,0,6,881.500777700585,25,6934.09265352678,89.2472920276481,0,0,2696.21418545066,338.598320604549,1390.60674346159,593.584898539046,1825.84121344329,Hubei,111.317325477728,30.3661032538959
898,82.3614483282784,0,0,5,159.872417977138,24,6776.68433403004,0,0,496.535756142752,3848.73115183851,40.1771920123777,1097.96723150889,433.461486329835,859.811516197686,Hubei,111.842841303217,30.33660767353
899,62.6249239592468,0,0,4,156.283676505753,19,5353.19402056239,0,54.3527195969257,99.7709197689545,2928.41457657757,1389.15502691836,0,877.9120362292,3.58874147138517,Hubei,112.367973354623,30.3047593176546
900,63.3721725357783,0,0,6,652.819432648505,16,4656.75992603213,54.3527195969257,31.896423271247,0,678.013697841692,3692.44747533275,196.46086851813,0,3.58874147138517,Hubei,112.89269270232,30.2705604239312
901,41.3285852695168,2,496.535756142752,3,528.432179413999,16,4653.1980130276,54.3795480637795,31.896423271247,0,244.370261478481,3039.10025896373,1283.45152125037,0,0,Hubei,113.416970554352,30.2340133879552
902,40.0236968674284,1,67.8744964977076,3,528.432179413999,24,5657.16590184711,692.140236739575,12.7891504284429,0,511.437199819997,95.5324068778325,4345.26690798126,0,0,Hubei,113.940778265676,30.1951207615687
903,62.2030675455444,0,0,3,276.266684749728,30,5620.21972707973,605.891093871402,429.651213159641,436.050253032459,628.767409100884,385.21668387272,2996.28907307528,52.1048580991706,86.2491428681727,Hubei,114.464087347286,30.153885251067
904,92.5518937901712,0,0,2,208.392188252021,29,3261.51879624537,245.548513637468,416.862062731198,274.74407047349,1277.29405783631,513.655735434743,4.98217671816606,496.535756142752,31.896423271247,Hubei,114.986869475205,30.1103097153033
905,52.3765986097308,0,0,6,436.149898447479,29,3301.28788483522,535.922211640814,0,724.355173409468,1281.61126102957,356.644189277784,176.495764980774,99.7709197689545,126.488364727853,Hubei,115.50909649935,30.0643971636886
906,9.84463581992411,3,208.347682813962,8,884.569353618585,28,2911.00575342455,416.862062731198,335.288617725476,199.735807707307,40.8481086520088,1475.33689510299,398.248687805884,31.896423271247,12.7891504284429,Hubei,116.030740452241,30.0161507540948
907,18.4265210410496,6,274.74407047349,10,973.214832188158,28,2858.40790841142,0,335.288617725476,293.606122532158,74.3602666290644,663.873045142355,865.259656117061,196.368987105667,429.651213159641,Anhui,116.551773557581,29.965573790659
908,42.5377453751498,3,189.488619000192,11,769.567610349141,41,13411.6327510057,335.288617725476,10376.2829410627,301.443256383216,178.47777016103,16.7975467938039,1526.48246162782,247.208944092066,429.651213159641,Anhui,117.072168238663,29.9126697214934
909,22.6684491114126,2,138.66859268131,8,703.255006886698,34,12924.871318511,0,10280.9455378499,301.443256383216,165.184718557963,29.2337850088306,1055.10373148291,486.870279351341,606.090009876868,Anhui,117.591897126629,29.8574421363031
910,59.6666549250501,0,0,14,618.589619225556,34,12429.8242075298,10260.5176843725,429.767866198121,0.69768932418566,55.6659945882584,266.167492283917,668.306199882533,413.4126631548,335.288617725476,Anhui,118.110933068559,29.7998947639137
911,46.0329362476259,8,301.443256383216,11,466.627974941179,30,11651.0447629481,10460.5853650334,259.019675534646,57.7958419552769,0,170.388873538094,178.47777016103,524.777236725668,0,Anhui,118.629249135388,29.740031469712
912,52.1436294158097,0,0,10,345.472135175911,27,11258.7692915457,9229.91414473524,0.69768932418566,57.7958419552769,0,164.22204618001,178.47777016103,138.66859268131,1488.99320650862,Zhejiang,119.146818629651,29.6778562530027
913,53.3449225974003,0,0,10,345.472135175911,23,10976.5744432723,115.539093937716,0,0,57.7958419552769,55.6659945882584,157.611440692165,7.57327786579764,10582.3887942331,Zhejiang,119.663615093033,29.6133732442827
914,63.2153585156899,0,0,2,58.4935312794626,19,10720.6618285137,0,0.657828605450347,1097.39040891322,57.7958419552769,0,55.6659945882584,301.443256383216,9207.70849806829,Zhejiang,120.179612313754,29.5465867024374
915,56.5686987816578,0,0,1,57.7958419552769,16,1586.30963499625,0.448534515631026,0.209294089819321,1097.39040891322,0,57.7958419552769,0,301.443256383216,129.022299139091,Zhejiang,120.694784333739,29.4775010118603
916,81.0619079650295,0,0,3,1155.18625086849,6,1156.54176879813,0.448534515631026,0.209294089819321,1097.39040891322,0,0,57.7958419552769,0.69768932418566,0,Zhejiang,121.209105455617,29.4061206795004
917,50.5700878859583,0,0,3,1097.59970300304,6,1156.54176879813,0.657828605450347,1097.39040891322,0,0,0,57.7958419552769,0.69768932418566,0,Zhejiang,121.722550249496,29.332450331839
918,197.651530743639,0,0,0,0,1,32903.2605549906,0,0,0,32903.2605549906,0,0,0,0,Tibet,84.5888672863386,29.1875268715058
919,158.103966417083,0,0,0,0,1,32903.2605549906,0,0,0,32903.2605549906,0,0,0,0,Tibet,85.0979450933955,29.2775302454242
920,126.20459891907,0,0,0,0,1,32903.2605549906,0,0,0,32903.2605549906,0,0,0,0,Tibet,85.6080859202585,29.3652715160726
921,108.895993405783,0,0,0,0,1,32903.2605549906,0,0,0,0,32903.2605549906,0,0,0,Tibet,86.1192660785078,29.4507451642605
922,113.088788000145,0,0,0,0,1,32903.2605549906,0,0,0,0,32903.2605549906,0,0,0,Tibet,86.6314615626979,29.5339457697788
923,136.82035872944,0,0,0,0,3,32906.0510144975,0,0,2.79045950694166,0,0,32903.2605549906,0,0,Tibet,87.1446480557578,29.6148680149243
924,125.840234985952,0,0,0,0,3,32906.0510144975,0,0,0,2.79045950694166,0,32903.2605549906,0,0,Tibet,87.6588009346167,29.6935066879755
925,85.515559157573,0,0,2,2.79045950694166,3,6169.57321792621,0,0,0,6169.57321792621,0,0,0,0,Tibet,88.1738952760557,29.7698566866168
926,61.563438620221,0,0,2,2.79045950694166,4,27995.0801690134,0,21825.5069510872,0,6166.78275841927,2.79045950694166,0,0,0,Tibet,88.6899058627797,29.8439130213059
927,72.5754992504977,0,0,3,6169.57321792621,6,29969.5873922676,21825.5069510872,1953.27522118065,21.232002073518,6166.78275841927,0,2.79045950694166,0,0,Tibet,89.2068071897103,29.9156708185836
928,73.0731617243549,0,0,1,6166.78275841927,6,29969.5873922676,21825.5069510872,1953.27522118065,21.232002073518,0,6166.78275841927,2.79045950694166,0,0,Tibet,89.7245734704942,29.9851253243212
929,83.9128217913345,0,0,3,8141.28998167344,6,29969.5873922676,21825.5069510872,1953.27522118065,0,21.232002073518,0,6169.57321792621,0,0,Tibet,90.2431786442258,30.0522719069029
930,56.3685827301342,0,0,2,1974.50722325417,6,29969.5873922676,1953.27522118065,0,0,21.232002073518,0,6166.78275841927,2.79045950694166,21825.5069510872,Tibet,90.7625963823791,30.11710606034
931,57.2958864917731,0,0,2,1974.50722325417,3,8141.28998167344,0,0,0,0,0,6188.01476049279,0,1953.27522118065,Tibet,91.2828000959467,30.1796234073136
932,91.5872267226847,0,0,1,21.232002073518,2,1974.50722325417,0,0,0,0,0,21.232002073518,0,1953.27522118065,Tibet,91.8037629427798,30.2398197021429
933,135.991255559416,0,0,0,0,2,1974.50722325417,0,0,0,0,0,0,21.232002073518,1953.27522118065,Tibet,92.325457835127,30.297690833676
934,183.300363007011,0,0,0,0,1,21.232002073518,0,0,0,0,0,0,21.232002073518,0,Tibet,92.8478574473665,30.3532328281
935,202.589275782785,0,0,0,0,0,0,0,0,0,0,0,0,0,0,Tibet,93.3709342239259,30.4064418516674
936,163.323615205913,0,0,0,0,1,10234.312074714,0,0,0,10234.312074714,0,0,0,0,Tibet,93.894660387386,30.4573142133369
937,131.555280797343,0,0,0,0,1,10234.312074714,0,0,0,10234.312074714,0,0,0,0,Tibet,94.4190079467622,30.5058463673237
938,113.749639680337,0,0,0,0,3,12720.2237453723,0,2485.91167065828,0,0,10234.312074714,0,0,0,Tibet,94.9439487059585,30.5520349155587
939,116.176239590879,0,0,0,0,3,12720.2237453723,0,2485.91167065828,0,0,10234.312074714,0,0,0,Tibet,95.4694542723873,30.5958766100523
940,87.0238232565609,0,0,2,2485.91167065828,3,12720.2237453723,0,2485.91167065828,0,0,0,10234.312074714,0,0,Tibet,95.9954960657492,30.6373683551617
941,81.5436873983613,0,0,2,2485.91167065828,3,12720.2237453723,2485.91167065828,0,0,0,0,10234.312074714,0,0,Tibet,96.522045326968,30.6765072097567
942,103.564473130759,0,0,0,0,2,2485.91167065828,0,0,0,0,0,0,0,2485.91167065828,Tibet,97.0490731272704,30.7132903892855
943,140.718965442422,0,0,0,0,7,6371.76996689181,0,0,1990.65183022861,1895.20646600492,0,0,0,2485.91167065828,Tibet,97.5765503774087,30.7477152677333
944,125.328587311033,0,0,0,0,10,7127.0798111088,0,0,2745.96167444559,0,1895.20646600492,0,0,2485.91167065828,Tibet,98.1044478370139,30.7797793794761
945,75.3519715111222,0,0,4,1990.65183022861,14,10870.7442784712,0,0,2336.9500774004,6638.58773506586,1895.20646600492,0,0,0,Tibet,98.6327361240775,30.809480421024
946,25.467320704165,4,1990.65183022861,7,2745.96167444559,20,14223.7310753481,0,0,3676.9089098796,7154.43644777394,3392.38571769451,0,0,0,Sichuan,99.161385724549,30.8368162526543
947,15.8311331865175,7,2745.96167444559,7,2745.96167444559,26,13903.5450979647,0,344.717251605216,2511.55803026032,949.283279265097,8107.33470660544,420.373921924918,1570.2779083037,0,Sichuan,99.6903670020465,30.8617848999313
948,34.8212243924629,3,755.309844216981,10,2754.24746236134,28,20342.4716493442,344.717251605216,1344.77944653222,484.001207255675,7013.93526741667,8409.07680208886,427.981008162416,2317.98066628318,0,Sichuan,100.219650207669,30.8843845551113
949,35.7201961072748,1,6.54171082670367,8,2530.52744137754,27,20616.4229212563,344.717251605216,1344.77944653222,1090.0953831631,6462.13968806156,2399.15333942793,6229.57613802067,2745.96167444559,0,Sichuan,100.749205489903,30.9046135784319
950,16.4956422861187,2,1349.57708026988,5,1775.21759716056,26,21652.3485808442,1687.75262104839,0,3616.65858361388,0,7411.42296732665,6182.26694649391,2745.96167444559,8.28578791574207,Sichuan,101.27900290462,30.9224704992822
951,52.2303775160696,0,0,9,2858.77126949696,26,14676.4592636719,0,675.097551651101,3716.75741388865,766.550329229626,6038.24324825991,1373.17971906674,761.851555043685,1344.77944653222,Sichuan,101.809012425144,30.9379540172548
952,19.1874849341448,4,1083.5536723364,6,3616.65858361388,27,14963.1298053289,675.097551651101,1056.73165205319,3219.28364488538,460.444293857654,788.82853819602,7411.42296732665,1351.32115735892,0,Sichuan,102.339203952401,30.9510630030773
953,24.5248367211819,4,3139.19908718491,8,4169.09823992022,29,15512.8160933384,675.097551651101,2040.23592979173,3083.54077235148,50.3769925576071,771.813335624702,6462.13968806156,1828.78065378789,600.831169512352,Sichuan,102.869547325118,30.9617964994207
954,28.2256269705312,2,2325.65668203998,9,4280.55910825538,25,7857.56782862515,1819.67657289638,1143.38996677153,893.062659130231,52.9356552897816,331.844390923349,460.444293857654,3156.21428975622,0,Sichuan,103.400012330086,30.9701537215878
955,37.3965983899063,2,552.439656306339,10,4009.09932429924,33,9055.66991937809,2332.85840416119,795.649960172074,1001.86799719527,52.9356552897816,21.4996673026728,766.550329229626,3161.4772961513,922.830609876177,Sichuan,103.930568712456,30.9761340580753
956,45.5325842386853,1,757.884090311507,11,2089.38828119154,32,7967.50182111097,1590.81243605678,648.067939303805,917.726532361716,23.0340118884748,51.4013107039796,0,3386.93214540998,1349.52744538624,Sichuan,104.461186186085,30.9797370710141
957,10.5692696165263,1,757.884090311507,6,1470.86667272887,26,6972.91361648144,900.006650372911,648.067939303805,159.842442050209,88.2842273215206,23.0340118884748,29.9016434013069,2630.36328012124,2493.41342202197,Sichuan,104.991834443891,30.9809624964838
958,36.0881597857999,2,243.983906883762,6,1492.00213331273,27,4844.41008061511,1647.24272440444,516.03227021966,161.51721879513,103.23251157571,0,52.9356552897816,1313.16420804886,1050.28549228153,Sichuan,105.522483168246,30.9798102447023
959,20.3029408954808,2,159.842442050209,3,295.021010868933,24,3246.80487361926,732.588796641753,838.859205471246,99.227741500631,0,103.23251157571,161.740993354819,759.914036012558,551.241589062542,Sichuan,106.053102041357,30.9762804000907
960,15.9422223398819,1,51.037103985171,4,667.180658370315,24,3436.63814873189,313.408271308197,1327.06037956409,38.0598292025308,46.5158607705387,103.23251157571,74.0711158736457,1031.76964059658,502.520539840606,Sichuan,106.583660755666,30.9703732212126
961,40.8684010441991,1,1.67477674492138,3,558.375320305278,26,5149.02164148229,1849.58313797598,1614.12025583159,36.3850524576094,737.790302287386,14.9482842541894,88.2842273215206,295.021010868933,512.889370485081,Sichuan,107.114129024228,30.9620891405878
962,30.285806504644,1,1.67477674492138,4,590.239129548255,23,4308.53230424848,1529.08143182991,1124.24430499383,36.3850524576094,751.581994779847,0,103.23251157571,159.842442050209,604.16456656137,Sichuan,107.644476591079,30.9514287643816
963,39.6992068592115,1,36.3850524576094,4,304.938229329626,23,5044.0140204478,488.20117409284,2124.68923745761,376.935744114542,1102.30922531848,60.3075532629993,0,52.7118807300924,838.859205471246,Chongqing,108.174673241574,30.9383928719693
964,31.2489164371423,1,36.3850524576094,4,994.537894101552,27,6293.65308546492,1612.44547908667,2079.84207920632,0,935.331642008722,742.598989718896,46.5158607705387,1.67477674492138,875.244257928855,Chongqing,108.704688812688,30.9229824153761
965,73.3277746269128,0,0,5,1551.80987328069,28,6461.35187763215,1196.04673641452,1911.49976399955,0,1738.80598800685,821.859985788767,46.5158607705387,38.0598292025308,708.563713449396,Chongqing,109.23449320328,30.9051985185948
966,58.8337604245485,0,0,5,2007.76007887608,29,6629.39050028253,1347.44196005049,856.222774726301,3.58874147138517,1264.11966460011,757.604833110108,705.066134009308,82.900913228148,1612.44547908667,Chongqing,109.764056384296,30.8850424767789
967,61.4749355873862,0,0,9,2221.13859475891,27,6317.04586350495,1464.66380000165,85.6585505562629,3.58874147138517,664.533520346369,946.156193562223,1102.30922531848,36.3850524576094,2013.75077979097,Hubei,110.293348408915,30.8625157553164
968,61.6785564246148,0,0,8,1990.83664097096,28,5312.70018255926,359.986746148735,0,3.58874147138517,156.283676505753,1044.03669415311,1668.96224507396,0,2079.84207920632,Hubei,110.822339422623,30.8376199887809
969,22.3663951565319,1,3.58874147138517,1,3.58874147138517,22,4212.46691848571,325.41138260591,0,0,156.283676505753,0,1904.93064593076,0,1825.84121344329,Hubei,111.350999673214,30.8103569797649
970,46.8643461703291,1,3.58874147138517,1,3.58874147138517,19,3082.09161124624,0,54.3527195969257,0,652.819432648505,40.1771920123777,1097.9950066762,376.935744114542,859.811516197686,Hubei,111.879299520697,30.7807286975945
971,94.2988772554821,0,0,1,3.58874147138517,19,4284.3493461995,0,54.3795480637795,31.896423271247,496.535756142752,2696.21418545066,877.9120362292,3.58874147138517,123.822655570473,Hubei,112.40720944711,30.7487372769278
972,100.953850462412,0,0,0,0,12,3721.81336306414,0,533.755448740475,31.896423271247,496.535756142752,2656.03699343828,0,3.58874147138517,0,Hubei,112.934700066238,30.7143850162383
973,68.181477438969,0,0,4,582.784899010925,14,4024.79749277277,54.3795480637795,605.864265404548,31.896423271247,176.495764980774,2996.28907307528,156.283676505753,3.58874147138517,0,Hubei,113.46174213321,30.6776743761858
974,18.4130773751792,1,31.896423271247,2,99.7709197689545,17,4424.99816347211,479.402729143549,530.277776898585,31.896423271247,176.495764980774,67.8744964977076,3084.69825308333,0,54.3527195969257,Hubei,113.988306553988,30.6386079778759
975,32.0837804986333,1,31.896423271247,1,31.896423271247,20,2555.70812645087,605.864265404548,535.922211640814,196.368987105667,458.245169841288,176.495764980774,496.535756142752,31.896423271247,54.3795480637795,Hubei,114.514364394722,30.5971886010104
976,81.9737550911751,0,0,3,44.6855736996898,27,3362.63412253561,232.759363209026,429.651213159641,335.288617725476,904.49861248111,398.248687805884,496.535756142752,31.896423271247,533.755448740475,Hubei,115.039886890977,30.5534191819306
977,74.0373005316199,0,0,5,626.020200265308,28,3665.70177792176,403.789412170732,132.132799470082,473.957210406786,1146.69749219504,626.993913524848,244.370261478481,31.896423271247,605.864265404548,Hubei,115.564845456818,30.5073028115562
978,59.7531195361681,0,0,10,1027.29655892858,27,3131.74443235043,132.132799470082,0,473.957210406786,79.6894392625949,1707.29501806036,176.495764980774,31.896423271247,530.277776898585,Anhui,116.089211693747,30.4588427332213
979,45.019895282937,1,335.288617725476,10,880.834080350357,29,3927.94527064383,0,0,1661.50716053219,178.47777016103,1121.09147242071,430.946655889091,0,535.922211640814,Anhui,116.612957399493,30.4080423404111
980,5.62964012635548,3,473.957210406786,4,524.777236725668,36,13186.0211453174,0,10260.5176843725,301.443256383216,303.853311239273,660.732922016735,894.534140420588,0,764.939830885117,Anhui,117.136054576632,30.3549051744006
981,33.0670240868542,2,138.66859268131,3,473.957210406786,32,12536.5574024572,0,10260.5176843725,344.774445851725,154.937529850848,162.208832991493,950.328505089373,663.790404301225,0,Anhui,117.658475441048,30.2994349217984
982,63.3910907830694,0,0,15,10677.7261974459,29,11438.4563394629,0,10374.1329053921,345.472135175911,0,165.184718557963,218.377962611423,335.288617725476,0,Anhui,118.180192430218,30.241635411999
983,14.3740002528434,8,301.443256383216,14,10582.3887942331,26,11373.2662047298,10260.5176843725,158.17259408204,239.158839638547,62.9821060688547,154.937529850848,23.540240310183,473.957210406786,0,Anhui,118.701178211326,30.1815106145448
984,29.7840119464802,9,344.774445851725,16,10668.0799039037,27,11173.1743681661,137.744740604666,78.3591856898398,0.69768932418566,57.7958419552769,55.6659945882584,165.184718557963,440.111849064525,10237.6143483814,Zhejiang,119.221405689183,30.1190646364028
985,13.5906621419162,2,44.0288787926951,11,430.465555522307,23,10969.041126705,149.86940083486,0.448534515631026,0.69768932418566,57.7958419552769,0,154.937529850848,301.443256383216,10303.848873841,Zhejiang,119.740848013968,30.0543017191562
986,36.5404827937327,1,0.69768932418566,2,44.0288787926951,25,11911.7032998572,35.0279962213304,0.448534515631026,1097.59970300304,0,57.7958419552769,0,345.472135175911,10375.359088986,Zhejiang,120.259478588772,29.9872262361165
987,86.5199842126155,0,0,1,0.69768932418566,20,2067.9925690238,35.0279962213304,417.255488054717,1097.59970300304,0,57.7958419552769,0,345.472135175911,114.84140461353,Zhejiang,120.777271076947,29.9178426893576
988,79.5744159343067,0,0,2,0.657828605450347,11,2198.80246876436,879.356628445622,0.209294089819321,1097.39040891322,0,0,57.7958419552769,44.0288787926951,120.021416567727,Zhejiang,121.294199409245,29.8461557066752
989,43.3285890774499,1,0.209294089819321,3,1097.59970300304,8,2035.44986272812,878.908093929991,0.209294089819321,0,1097.39040891322,0,57.7958419552769,0.69768932418566,0.448534515631026,Zhejiang,121.810237790762,29.7721700384747
990,308.9993364621,0,0,0,0,0,0,0,0,0,0,0,0,0,0,Tibet,83.4624262265297,29.4367295314391
991,267.22897770551,0,0,0,0,0,0,0,0,0,0,0,0,0,0,Tibet,83.9717861691309,29.531635966336
992,228.783878621374,0,0,0,0,0,0,0,0,0,0,0,0,0,0,Tibet,84.4822724558632,29.6242840414396
993,195.634352066673,0,0,0,0,1,32903.2605549906,0,0,0,32903.2605549906,0,0,0,0,Tibet,84.9938617454527,29.7146678993998
994,170.89042190848,0,0,0,0,1,32903.2605549906,0,0,0,32903.2605549906,0,0,0,0,Tibet,85.5065303613679,29.8027817769177
995,158.537922566076,0,0,0,0,1,32903.2605549906,0,0,0,0,32903.2605549906,0,0,0,Tibet,86.020254296848,29.8886200084596
996,161.446614963205,0,0,0,0,1,32903.2605549906,0,0,0,0,32903.2605549906,0,0,0,Tibet,86.5350092201676,29.9721770299271
997,178.87354772181,0,0,0,0,3,32906.0510144975,0,0,0,2.79045950694166,0,32903.2605549906,0,0,Tibet,87.0507704801373,30.0534473822812
998,156.225933378445,0,0,0,0,2,2.79045950694166,0,0,0,2.79045950694166,0,0,0,0,Tibet,87.5675131118393,30.132425715117
999,126.030505738411,0,0,0,0,4,27995.0801690134,0,21825.5069510872,0,6169.57321792621,0,0,0,0,Tibet,88.085211842594,30.2091067901851
1000,111.17928985828,0,0,0,0,5,29948.3553901941,0,21825.5069510872,1953.27522118065,6166.78275841927,2.79045950694166,0,0,0,Tibet,88.603841098157,30.2834854848574
1001,117.634946381189,0,0,0,0,5,29948.3553901941,0,21825.5069510872,1953.27522118065,6166.78275841927,2.79045950694166,0,0,0,Tibet,89.123375009143,30.3555567955328
1002,97.2004418189717,0,0,1,1953.27522118065,6,29969.5873922676,21825.5069510872,0,1953.27522118065,21.232002073518,6166.78275841927,2.79045950694166,0,0,Tibet,89.643787417674,30.4253158409794
1003,49.6466422602979,1,1953.27522118065,1,1953.27522118065,6,29969.5873922676,21825.5069510872,1953.27522118065,0,21.232002073518,6166.78275841927,2.79045950694166,0,0,Tibet,90.1650518842483,30.4927578656122
1004,21.9465779938567,1,1953.27522118065,1,1953.27522118065,4,29966.7969327607,1953.27522118065,0,0,0,21.232002073518,6166.78275841927,0,21825.5069510872,Tibet,90.6871416948272,30.5578782426988
1005,59.1482500464638,0,0,1,1953.27522118065,4,29966.7969327607,0,0,0,0,21.232002073518,6166.78275841927,1953.27522118065,21825.5069510872,Tibet,91.2100298681351,30.6206724774941
1006,107.309732463919,0,0,0,0,2,1974.50722325417,0,0,0,0,0,21.232002073518,1953.27522118065,0,Tibet,91.7336891631689,30.681136210298
1007,156.627717468515,0,0,0,0,2,1974.50722325417,0,0,0,0,0,21.232002073518,1953.27522118065,0,Tibet,92.2580920869128,30.7392652194343
1008,202.982684444695,0,0,0,0,0,0,0,0,0,0,0,0,0,0,Tibet,92.783210902253,30.7950554241461
1009,234.014914000305,0,0,0,0,0,0,0,0,0,0,0,0,0,0,Tibet,93.3090176360882,30.848502887407
1010,200.98549349719,0,0,0,0,0,0,0,0,0,0,0,0,0,0,Tibet,93.8354840876294,30.8996038186425
1011,176.145840762836,0,0,0,0,3,12720.2237453723,0,0,2485.91167065828,10234.312074714,0,0,0,0,Tibet,94.3625818368848,30.9483545763602
1012,137.55040580414,0,0,0,0,3,12720.2237453723,0,0,2485.91167065828,0,10234.312074714,0,0,0,Tibet,94.8902822533225,30.9947516706856
1013,89.4222640425926,0,0,2,2485.91167065828,3,12720.2237453723,0,0,2485.91167065828,0,10234.312074714,0,0,0,Tibet,95.4185565047067,31.0387917658006
1014,45.5254706304171,2,2485.91167065828,2,2485.91167065828,3,12720.2237453723,0,2485.91167065828,0,0,0,10234.312074714,0,0,Tibet,95.947375566099,31.0804716822814
1015,33.8938877771077,2,2485.91167065828,2,2485.91167065828,2,2485.91167065828,0,0,0,0,0,0,0,2485.91167065828,Tibet,96.4767102290195,31.1197883993336
1016,72.2843189701485,0,0,2,2485.91167065828,2,2485.91167065828,0,0,0,0,0,0,0,2485.91167065828,Tibet,97.0065311107609,31.1567390569235
1017,119.587833450189,0,0,0,0,6,4476.5635008869,0,0,1570.2779083037,420.373921924918,0,0,2485.91167065828,0,Tibet,97.5368086638473,31.191320957799
1018,136.030956032678,0,0,0,0,9,5231.87334510388,0,0,736.340433099754,2009.62124134584,0,0,2485.91167065828,0,Tibet,98.0675131856319,31.2235315694032
1019,92.0602292654105,0,0,1,1570.2779083037,8,3170.38440464433,0,424.422730198738,0,2745.96167444559,0,0,0,0,Tibet,98.598614828025,31.2533685256734
1020,58.7005164000708,0,0,7,2745.96167444559,18,6467.78630447267,424.422730198738,344.717251605216,1351.32115735892,2325.58775252068,2021.73741278912,0,0,0,Sichuan,99.1300836073448,31.2808296287268
1021,55.9054897914623,0,0,7,2745.96167444559,21,12071.6909707859,424.422730198738,344.717251605216,1351.32115735892,975.692019156758,7405.25990416257,1570.2779083037,0,0,Sichuan,99.6618894142836,31.3059128504298
1022,63.9321255633232,0,0,8,3676.9089098796,22,12469.1786706959,769.139981803954,0,1344.77944653222,430.438150628345,7178.85941728577,2745.96167444559,0,0,Sichuan,100.19400202398,31.3286163338484
1023,27.7244561171832,3,1344.77944653222,4,1351.32115735892,20,10632.5042557073,344.717251605216,3314.61105709075,1945.61061604457,907.897647057317,949.283279265097,2745.96167444559,0,424.422730198738,Sichuan,100.726391106191,31.3489383945788
1024,11.3099791153626,4,1351.32115735892,4,1351.32115735892,25,15524.4700094083,5417.53407166688,675.097551651101,2678.75479332725,937.903790286625,1379.72142989344,1782.37870248532,2308.36241849249,344.717251605216,Sichuan,101.259026235553,31.366877521957
1025,56.9513693450164,0,0,7,2429.61182330024,22,13672.6411858899,5417.53407166688,675.097551651101,2633.20374155225,1538.73495979898,423.896439801642,558.33729018182,2081.11987963197,344.717251605216,Sichuan,101.791876901923,31.3824323801438
1026,41.8193059554328,1,600.831169512352,5,3161.4772961513,22,11669.5537775331,0,1819.67657289638,1143.38996677153,3139.19908718491,477.459496428971,423.896439801642,1351.32115735892,3314.61105709075,Sichuan,102.3249125208,31.3956018090874
1027,43.6908922974698,2,2678.75479332725,11,4847.03625300233,27,14081.9712057994,2045.31352164402,1428.89638920716,1901.27405708304,2077.9236238149,460.444293857654,1502.18710574296,1351.32115735892,3314.61105709075,Sichuan,102.858102443798,31.4063848253587
1028,33.3801645172258,5,2633.20374155225,11,4281.27830333364,35,9498.0035634955,656.113153898599,2044.68297289656,2204.7825879205,300.668713514858,0,3616.65858361388,0,675.097551651101,Sichuan,103.391415969185,31.414780622861
1029,7.76317918015238,7,1143.38996677153,9,3675.18412742621,38,12198.1427734769,3431.0613703914,2449.17847735425,660.046927127579,810.819745601289,0,3568.26707040787,603.671630943365,675.097551651101,Sichuan,103.924822352463,31.4207885734118
1030,41.5700016521224,3,588.109849034177,11,2906.38618298536,44,12083.5847497315,4078.28753791918,1528.56758623548,145.547399463199,889.72344026502,29.9016434013069,460.444293857654,3820.11481439773,1130.99803419194,Sichuan,104.458290816985,31.424408227197
1031,38.6020083801329,2,893.062659130231,6,1897.23552840823,42,11201.9648645314,3136.41508744241,1148.65181688557,640.842008393909,159.842442050209,810.819745601289,0,3221.31359058643,2084.08017357156,Sichuan,104.991790564603,31.4256393130955
1032,14.1796731542387,2,551.241589062542,6,1514.75736768035,41,8678.8852615564,3463.6581076719,450.595459316351,507.338216320107,248.126669371729,23.0340118884748,922.964302531538,1143.38996677153,1919.77852768478,Sichuan,105.52529078633,31.4244817388758
1033,60.1173187662681,0,0,7,1313.5738209292,39,7684.85934393759,1421.85535243097,1110.21939046359,507.338216320107,51.037103985171,197.089565386558,52.9356552897816,1481.17250816441,2863.21155189701,Sichuan,106.058760673016,31.4209355912624
1034,45.8683938039445,1,505.663439575185,6,764.007008611579,32,4793.0748467304,303.039440663722,2034.74487140509,38.0598292025308,46.5158607705387,139.321331306692,131.839349953512,1309.12567937405,790.428484054262,Sichuan,106.592169426018,31.415001135873
1035,22.0406010169584,2,507.338216320107,5,878.244914157518,25,4844.86105417453,1343.91969840079,488.20117409284,1160.62935745144,48.19063751546,88.2842273215206,159.842442050209,551.241589062542,1004.55192827973,Sichuan,107.12548626787,31.4066788170267
1036,30.7133597526518,1,1.67477674492138,6,1351.7940367228,23,4780.2661756915,1040.88025773707,1677.80157457757,256.747591814166,691.274441516847,46.5158607705387,52.7118807300924,614.468777640223,399.865790904986,Sichuan,107.658680452927,31.3959692574227
1037,39.9433173314804,1,36.3850524576094,5,1650.5053082892,24,6135.05762380685,488.20117409284,1416.40927577107,1787.67710842908,727.659493974457,46.5158607705387,0,558.375320305278,1110.21939046359,Chongqing,108.191721277981,31.3828732576903
1038,28.5475864337027,2,256.747591814166,5,1934.54916639174,28,6697.75493885047,1124.24430499383,292.164970777243,1825.84121344329,593.584898539046,742.598989718896,82.900913228148,507.338216320107,1529.08143182991,Chongqing,108.724578092848,31.3673917958111
1039,56.1190674159317,0,0,8,3234.02510072798,30,6217.57255094761,285.71863484746,694.099575831616,1460.01061467598,433.461486329835,1364.79497271828,46.5158607705387,38.0598292025308,1894.91157657137,Chongqing,109.257220310903,31.3495260264131
1040,18.1648031951625,4,1787.67710842908,7,2983.72384484359,25,6555.03807776521,233.298431764918,1543.87601462813,380.524485585927,877.9120362292,893.603501648439,691.274441516847,256.747591814166,1677.80157457757,Chongqing,109.789617419561,31.3292772799391
1041,19.9409930940967,2,1109.33586327037,6,1911.49976399955,22,6029.30404796278,968.56420973409,123.822655570473,3.58874147138517,0,1733.98268216805,691.274441516847,860.535431763843,1647.53588573809,Hubei,110.321738990692,31.3066470616885
1042,54.5668908613324,0,0,7,1915.08850547093,21,6353.58212436816,1632.28685588513,0,0,3.58874147138517,877.9120362292,856.070645938851,2240.06972474278,743.654120100814,Hubei,110.853554690975,31.2816370507355
1043,30.2177829023603,1,3.58874147138517,3,127.411397041858,19,4580.09890649074,1272.30010973639,0,0,52.1048580991706,668.122261817754,433.461486329835,1787.67710842908,366.433082078518,Hubei,111.385034292151,31.2542490987236
1044,51.0796017330602,0,0,2,89.2472920276481,20,4512.10113811747,1272.30010973639,0,54.3527195969257,0,156.283676505753,881.500777700585,1787.67710842908,359.986746148735,Hubei,111.916147681206,31.2244852285389
1045,96.4631381558631,0,0,1,3.58874147138517,13,1345.88270170208,0,479.402729143549,86.2491428681727,496.535756142752,156.283676505753,0,41.7528464855953,85.6585505562629,Hubei,112.446864870443,31.1923476328626
1046,63.0109059306523,0,0,1,54.3527195969257,13,1434.20696141573,0,533.755448740475,158.3847879991,67.8744964977076,584.944936150797,0,89.2472920276481,0,Hubei,112.977156007452,31.1578386726062
1047,37.2227270668895,1,54.3527195969257,3,86.2759713350265,15,1467.60855976908,54.3527195969257,712.162092352574,12.7891504284429,31.896423271247,496.535756142752,156.283676505753,3.58874147138517,0,Hubei,113.506991384964,31.1209608752292
1048,49.9918871161798,1,31.896423271247,5,692.140236739575,13,1901.09396950391,479.402729143549,232.759363209026,429.651213159641,0,704.927944394772,0,0,54.3527195969257,Hubei,114.036341450585,31.0817169329426
1049,56.4758030496529,0,0,5,650.549839104238,14,2097.46295660958,605.864265404548,106.270998481172,429.651213159641,196.368987105667,176.495764980774,528.432179413999,54.3527195969257,0.026828466853793,Hubei,114.565176816393,31.0401097008005
1050,52.4883091840184,0,0,7,694.306999639913,18,1959.30298921021,106.270998481172,297.518413689559,132.132799470082,486.870279351341,176.495764980774,99.7709197689545,54.3527195969257,605.891093871402,Hubei,115.093468268408,30.9961421946808
1051,24.1899941948359,4,429.651213159641,5,535.922211640814,18,2008.35561370533,403.789412170732,0,467.421417195558,274.74407047349,224.613196722902,0,31.896423271247,605.891093871402,Hubei,115.621186775905,30.949817589158
1052,15.6873623359004,1,132.132799470082,4,429.651213159641,18,2052.83356366528,0,0,0,524.777236725668,833.749327299703,0,31.896423271247,662.410576368667,Anhui,116.148303500582,30.9011392152718
1053,57.9045187418813,0,0,3,752.150680456674,22,3216.06036838524,0,0,1187.5499501254,481.530488272584,688.200366512918,196.368987105667,556.139577887494,106.270998481172,Anhui,116.674789805569,30.8501105581914
1054,47.7775018853397,1,335.288617725476,3,473.957210406786,33,12249.5757547457,0,22.9033359911358,10539.0576047646,303.853311239273,411.789038077456,436.050253032459,429.651213159641,106.270998481172,Anhui,117.200617264263,30.7967352547802
1055,72.7158274591486,0,0,7,1661.50716053219,32,12062.9484650164,0,22.9033359911358,10394.5607588695,301.443256383216,317.146362842341,610.032688198966,416.862062731198,0,Anhui,117.725757669001,30.7410170910634
1056,39.2108424353776,4,1187.5499501254,14,10561.9609407557,28,11424.1161497216,0.0299186729682417,10290.3656686396,129.022299139091,301.443256383216,178.47777016103,524.777236725668,0,0,Anhui,118.250183039551,30.6829599996006
1057,24.5071524224502,5,10237.6143483814,16,10690.2855505706,27,11395.031068021,9072.99765292008,149.86940083486,43.3311894685095,0.69768932418566,459.054697075381,146.241870547108,335.288617725476,1187.5499501254,Anhui,118.773865631415,30.6225680567665
1058,25.995794868014,1,43.3311894685095,18,10719.605040568,27,11060.3772447252,32.7380736954608,120.021416567727,0.448534515631026,44.0288787926951,0,602.622656781171,1187.5499501254,9072.96773424711,Zhejiang,119.296777943944,30.5598454799435
1059,38.9511894362425,2,128.324609814906,11,319.541364549749,23,10816.9637676096,32.7081550224925,35.0279962213304,0.448534515631026,57.7958419552769,0.69768932418566,344.774445851725,10237.6143483814,107.896756337532,Zhejiang,119.818892728264,30.4947966246278
1060,60.6154453364455,0,0,3,129.022299139091,26,11696.0811556294,37.888166976689,879.356628445622,0.209294089819321,0,57.7958419552769,102.073265046515,10481.0132185108,137.744740604666,Zhejiang,120.340182994994,30.4274259814537
1061,60.7351413463442,0,0,2,1.14622383981669,21,2530.09370941471,0,879.356628445622,0.209294089819321,1097.39040891322,57.7958419552769,0.69768932418566,429.767866198121,64.8759804884642,Zhejiang,120.86062202176,30.3577381731378
1062,45.6305552448732,1,0.448534515631026,2,0.657828605450347,13,2228.65045303149,879.356628445622,0,0.209294089819321,1097.39040891322,57.7958419552769,0,157.644099812316,36.2541798152392,Zhejiang,121.380183360504,30.2857379513474
1063,377.922993286,0,0,0,0,0,0,0,0,0,0,0,0,0,0,Tibet,82.8390151926171,29.7746224983618
1064,337.278112906478,0,0,0,0,0,0,0,0,0,0,0,0,0,0,Tibet,83.3497091808715,29.8721931040439
1065,299.478316472608,0,0,0,0,0,0,0,0,0,0,0,0,0,0,Tibet,83.8615700721401,29.9675037247614
1066,265.740472319845,0,0,0,0,0,0,0,0,0,0,0,0,0,0,Tibet,84.3745745666479,30.0605482561656
1067,237.799779689318,0,0,0,0,0,0,0,0,0,0,0,0,0,0,Tibet,84.8886990161391,30.1513206863834
1068,217.897847194038,0,0,0,0,0,0,0,0,0,0,0,0,0,0,Tibet,85.4039194287451,30.2398150998725
1069,208.351166071378,0,0,0,0,0,0,0,0,0,0,0,0,0,0,Tibet,85.9202114740985,30.3260256812395
1070,210.572897104108,0,0,0,0,0,0,0,0,0,0,0,0,0,0,Tibet,86.4375504886924,30.4099467190132
1071,224.21347324888,0,0,0,0,0,0,0,0,0,0,0,0,0,0,Tibet,86.9559114814846,30.4915726093717
1072,194.877704672983,0,0,0,0,2,2.79045950694166,0,0,0,2.79045950694166,0,0,0,0,Tibet,87.4752691397421,30.5708978598202
1073,171.623034279561,0,0,0,0,3,21828.2974105942,0,0,21825.5069510872,0,2.79045950694166,0,0,0,Tibet,87.9955978351277,30.6479170928144
1074,126.648916535272,0,0,0,0,4,23781.5726317748,0,21825.5069510872,1953.27522118065,0,2.79045950694166,0,0,0,Tibet,88.5168716300231,30.7226250493272
1075,85.2599472488879,0,0,1,21825.5069510872,5,29948.3553901941,0,21825.5069510872,1953.27522118065,0,6169.57321792621,0,0,0,Tibet,89.0390642840874,30.7950165923548
1076,59.1487037068975,0,0,2,23778.7821722679,6,29969.5873922676,21825.5069510872,0,1953.27522118065,21.232002073518,6166.78275841927,2.79045950694166,0,0,Tibet,89.5621492610483,30.8650867103588
1077,53.2152480593373,0,0,2,23778.7821722679,4,29966.7969327607,0,0,0,1974.50722325417,6166.78275841927,0,0,21825.5069510872,Tibet,90.0860997357209,30.9328305206409
1078,29.1328993396724,1,1953.27522118065,1,1953.27522118065,4,29966.7969327607,0,0,0,0,1974.50722325417,6166.78275841927,0,21825.5069510872,Tibet,90.6108886012527,30.998243272646
1079,62.1738612429168,0,0,1,1953.27522118065,3,23800.0141743414,0,0,0,0,21.232002073518,1953.27522118065,0,21825.5069510872,Tibet,91.1364884765898,31.0613203511919
1080,109.006661355039,0,0,0,0,3,23800.0141743414,0,0,0,0,0,21.232002073518,23778.7821722679,0,Tibet,91.6628717141595,31.1220572796204
1081,157.795169183636,0,0,0,0,2,1974.50722325417,0,0,0,0,0,21.232002073518,1953.27522118065,0,Tibet,92.1900104077656,31.1804497228672
1082,207.162203636689,0,0,0,0,0,0,0,0,0,0,0,0,0,0,Tibet,92.7178764006915,31.2364934904477
1083,256.774301310567,0,0,0,0,0,0,0,0,0,0,0,0,0,0,Tibet,93.2464412940058,31.2901845393552
1084,235.089520095366,0,0,0,0,0,0,0,0,0,0,0,0,0,0,Tibet,93.7756764550641,31.3415189768675
1085,185.319479894294,0,0,0,0,2,2485.91167065828,0,0,2485.91167065828,0,0,0,0,0,Tibet,94.3055530262029,31.3904930632599
1086,135.718594149476,0,0,0,0,2,2485.91167065828,0,0,2485.91167065828,0,0,0,0,0,Tibet,94.8360419336184,31.4371032144211
1087,86.5780801792738,0,0,2,2485.91167065828,2,2485.91167065828,0,0,2485.91167065828,0,0,0,0,0,Tibet,95.3671138964236,31.481346004369
1088,39.6483434350995,2,2485.91167065828,2,2485.91167065828,3,2593.40468262817,0,107.493011969885,0,2485.91167065828,0,0,0,0,Tibet,95.8987394358785,31.5232181676634
1089,25.4601316330535,2,2485.91167065828,2,2485.91167065828,3,2593.40468262817,107.493011969885,0,0,0,0,2485.91167065828,0,0,Tibet,96.430888884785,31.562716601713
1090,68.7346014981049,0,0,2,2485.91167065828,3,2593.40468262817,107.493011969885,0,0,0,0,0,2485.91167065828,0,Tibet,96.9635323970408,31.5998383689744
1091,117.476263915037,0,0,0,0,3,2593.40468262817,107.493011969885,0,0,0,0,0,2485.91167065828,0,Tibet,97.4966399573438,31.6345806990393
1092,162.17764087861,0,0,0,0,10,5656.29607530262,0,424.422730198738,0,2745.96167444559,0,0,2485.91167065828,0,Tibet,98.0301813910395,31.6669409906093
1093,127.562737561506,0,0,0,0,8,3170.38440464433,0,424.422730198738,0,2745.96167444559,0,0,0,0,Sichuan,98.5641263741051,31.6969168133537
1094,106.032621524803,0,0,0,0,11,3516.84573333859,424.422730198738,344.717251605216,1.7440770890384,755.309844216981,1990.65183022861,0,0,0,Sichuan,99.0984444432602,31.7245059096508
1095,104.881946967429,0,0,0,0,13,4866.42281360847,424.422730198738,344.717251605216,1344.77944653222,6.54171082670367,2745.96167444559,0,0,0,Sichuan,99.6331050061968,31.7497061962072
1096,87.732322615569,0,0,3,346.461328694255,17,10707.853325077,0,5762.2513232721,0,1775.21759716056,755.309844216981,1990.65183022861,0,424.422730198738,Sichuan,100.168077351921,31.772515765557
1097,58.4559995982805,0,0,5,1696.03840896414,20,11786.1439910183,344.717251605216,5417.53407166688,0,2423.07011247354,430.438150628345,2745.96167444559,0,424.422730198738,Sichuan,100.703330661196,31.7929328874358
1098,56.1127075023282,0,0,4,1351.32115735892,19,12553.7763426508,5417.53407166688,0,675.097551651101,3161.4772961513,1773.47352007152,757.053921306019,0,769.139981803954,Sichuan,101.23883401708,31.8109560100296
1099,81.8063599080699,0,0,3,1344.77944653222,22,14208.5916802677,5417.53407166688,2045.31352164402,761.41759635206,3386.93214540998,901.355936230613,1351.32115735892,0,344.717251605216,Sichuan,101.774556415548,31.8265837610968
1100,70.0063746773421,0,0,2,1275.92872116345,28,15487.5073149857,1370.21596999292,675.194852929477,1735.52933171047,2630.36328012124,1538.73495979898,1775.21759716056,0,5762.2513232721,Sichuan,102.310466776186,31.8398149489613
1101,47.10503302076,1,675.097551651101,4,3807.72288181814,40,18073.5143794571,3092.41362271483,2998.32644049124,1041.98038587396,555.280117737353,3139.19908718491,484.001207255675,1344.77944653222,5417.53407166688,Sichuan,102.846533952961,31.8506485633765
1102,51.5082317362603,0,0,11,5040.99016348281,41,15301.3526887993,3193.57831971893,4909.63205083007,1007.14207160338,1651.51105315691,2780.83796950255,1083.5536723364,0,675.097551651101,Sichuan,103.382726745035,31.8590837762578
1103,17.9869463216308,4,1041.98038587396,13,2580.59146238627,49,16041.696759729,4455.49633905915,3355.3535062683,502.520539840606,895.092604831282,1171.26166447179,3616.65858361388,0,2045.31352164402,Sichuan,103.919013907641,31.8651199422846
1104,40.895062704429,2,2.0299457010508,17,3356.40290168683,48,13296.0288652976,4767.29127772622,1319.22323160606,512.889370485081,1001.86799719527,52.9356552897816,3822.14476009878,1128.96808849088,690.708484405492,Sichuan,104.455364162983,31.8687565993685
1105,39.9588758384597,1,416.063020243818,11,2013.39972836128,50,12879.8401283582,3591.42853670564,870.094397132869,1018.55281006027,295.021010868933,810.819745601289,2633.20374155225,1041.98038587396,2618.73950056298,Sichuan,104.991746211178,31.8699934689899
1106,13.5788827055054,2,502.520539840606,8,1278.02461512066,55,10903.1943207869,1091.3286942525,1048.74210215577,937.36033245743,51.037103985171,267.017918772237,1451.58181218171,1349.52744538624,4706.59891159585,Sichuan,105.528128741208,31.8688304564
1107,11.4068560335037,2,96.8263502412631,7,1789.49382527948,41,8556.6834833447,591.819475568728,1021.09276314921,838.859205471246,1.67477674492138,159.842442050209,893.062659130231,1694.88135368349,3355.45080754668,Sichuan,106.064480441887,31.8652676506902
1108,45.3110731074825,1,10.3688306444747,11,1238.72499637623,36,7929.73944050395,341.057610314757,1460.790796155,488.20117409284,543.723268777716,51.037103985171,1001.86799719527,512.889370485081,3530.17211949812,Sichuan,106.600770012824,31.8593053247267
1109,31.0780426629355,2,556.39310798655,12,1627.92643742817,32,5381.14108505991,1196.93416298545,333.195765896061,1612.44547908667,84.5756899730694,505.663439575185,159.842442050209,648.067939303805,840.416166189454,Sichuan,107.136966175383,31.850943934953
1110,46.7128895442782,1,269.139925440875,11,2036.41964815002,26,5524.90085547916,2132.80291023197,488.20117409284,1409.96293984129,36.3850524576094,48.19063751546,556.700543560356,96.8263502412631,755.831247538371,Sichuan,107.673037683615,31.8401841210569
1111,28.1759666062805,1,488.20117409284,10,1982.02629744034,28,6534.85385100751,915.292165810739,0,2983.72384484359,220.362539356556,82.900913228148,52.7118807300924,516.03227021966,1763.83023681872,Sichuan,108.208953335169,31.8270267055065
1112,19.3798817595694,2,1124.24430499383,5,1934.54916639174,26,6549.27561655379,427.090991717899,292.164970777243,2729.72297908056,0,994.537894101552,1.67477674492138,825.533033427425,1278.55097070419,Chongqing,108.744681982162,31.8114726929526
1113,28.3591318246189,2,1189.60040048474,8,3204.08638420015,21,5114.80434105716,285.71863484746,242.610426508045,1307.71192404987,603.787839949678,691.274441516847,258.422368559087,1725.27870562618,0,Shaanxi,109.280192542003,31.7935232695
1114,21.4613624518763,4,970.506215935949,8,3021.8879498578,17,5584.63117855412,6.44633592978278,1508.46420031465,575.311804894044,1112.92460474176,446.935066282139,36.3850524576094,1612.44547908667,285.71863484746,Hubei,109.815454008153,31.7731798018475
1115,29.7290537122771,3,1222.05337349361,9,2439.82882535505,21,5974.34204069048,236.164090578262,1272.30010973639,123.822655570473,3.58874147138517,1830.39512583203,640.172892407287,1861.45208916486,6.44633592978278,Hubei,110.350435460834,31.7504438362986
1116,13.9697692200866,2,123.822655570473,7,1924.40050021406,20,7335.22313727701,3126.09288871535,0,85.6585505562629,3.58874147138517,1097.9950066762,1109.33586327037,1906.10575065765,6.44633592978278,Hubei,110.885106077642,31.7253170976439
1117,29.3027828426407,1,85.6585505562629,3,127.411397041858,15,5541.54760842712,2889.92879813709,0,0,0,211.78998493498,0,2203.66473477679,236.164090578262,Hubei,111.419435144097,31.6978014879157
1118,79.1698254512015,0,0,2,89.2472920276481,14,5102.00727817985,1617.6286884007,0,54.3795480637795,0,0,3.58874147138517,1917.94609992933,1508.46420031465,Hubei,111.953392064084,31.6678990850178
1119,101.655848159943,0,0,0,0,10,2201.52746936823,0,0,533.755448740475,31.896423271247,0,3.58874147138517,123.822655570473,1508.46420031465,Hubei,112.486946370198,31.6356121412306
1120,52.4315611937284,0,0,2,54.3795480637795,9,1277.92328490997,0,0.026828466853793,660.216985001474,99.7709197689545,428.661259645044,3.58874147138517,85.6585505562629,0,Hubei,113.020067733979,31.6009430815948
1121,12.8150596293544,1,54.3527195969257,3,533.755448740475,10,1307.73614179194,0,479.402729143549,245.548513637468,31.896423271247,550.888475739678,0,0,0,Hubei,113.552725976027,31.5638945021745
1122,39.7337813694103,2,479.402729143549,5,692.140236739575,11,1295.9369448781,479.402729143549,0,662.410576368667,0,99.7709197689545,0,54.3527195969257,0,Hubei,114.084891075987,31.5244691682022
1123,23.7884034716282,1,126.488364727853,5,766.5148119495,11,1295.9369448781,0,232.759363209026,429.651213159641,0,99.7709197689545,0,54.3527195969257,479.402729143549,Hubei,114.616533182404,31.4826700121083
1124,37.5106864117171,2,232.759363209026,6,1009.65367757528,11,1424.43143548605,0,106.270998481172,416.862062731198,209.15813753411,0,31.896423271247,54.3795480637795,605.864265404548,Hubei,115.147622622431,31.4385001314369
1125,20.3936990214181,4,403.789412170732,6,662.410576368667,15,1822.51877523871,0,0,0,802.990637443074,221.116902574887,31.896423271247,660.243813468328,106.270998481172,Anhui,115.678129911387,31.3919627866503
1126,36.0483560900092,2,416.862062731198,5,535.922211640814,15,1878.10041549561,0,0,0,473.957210406786,394.489527513541,297.518413689559,605.864265404548,106.270998481172,Anhui,116.208025762159,31.3430613988253
1127,66.3801471108942,0,0,2,416.862062731198,19,2598.66180737434,0,0,1187.5499501254,473.957210406786,274.74407047349,132.132799470082,530.277776898585,0,Anhui,116.737281094432,31.2917995472438
1128,97.6405987530466,0,0,1,335.288617725476,24,11720.8627500837,0,0,10260.5176843725,200.067680660886,527.986186303801,196.368987105667,535.922211640814,0,Anhui,117.265867043758,31.2381809668797
1129,89.9270290110563,0,0,4,1187.5499501254,26,11668.2423728105,6.43961984292425,0.0299186729682417,10375.359088986,344.774445851725,138.66859268131,386.108644044358,416.862062731198,0,Anhui,117.793754970438,31.1822095457867
1130,46.3678865393192,4,1187.5499501254,6,10260.5176843725,25,11204.11814384,6.43961984292425,25.7934254194627,114.84140461353,10583.0864835573,0,473.957210406786,0,0,Anhui,118.320916468219,31.1238893223879
1131,23.5893022111765,6,10260.5176843725,10,10418.6902784546,26,11239.1461400613,29.3728745070283,4.08635434926751,148.643217240952,44.0288787926951,9351.50765463919,1661.50716053219,0,0,Anhui,118.847323372805,31.063224482672
1132,29.0005401346757,2,113.615221019621,10,10418.6902784546,23,10759.1978443272,2.89008942832689,64.8759804884642,85.4419548620273,0.69768932418566,344.774445851725,10237.6143483814,0,22.9033359911358,Anhui,119.372947770169,31.0002193572977
1133,22.2799607025008,3,114.84140461353,6,193.898279627556,23,10759.1978443272,4.08635434926751,35.0279962213304,0.448534515631026,0,0.69768932418566,344.774445851725,10345.5111047189,28.6517193461932,Zhejiang,119.897762004659,30.934878418611
1134,53.6322328020067,0,0,5,150.317935350492,26,11638.3152323471,35.0279962213304,462.101140390905,417.464782144537,0,0.69768932418566,344.774445851725,10374.1329053921,4.11627302223575,Zhejiang,120.421738686905,30.8672062775777
1135,41.4006504620114,1,0.448534515631026,2,35.4765307369614,14,2196.61811782271,0,878.908093929991,0.448534515631026,1097.59970300304,0,44.0288787926951,137.744740604666,37.888166976689,Zhejiang,120.944850701502,30.7972076806343
1136,447.404724801243,0,0,0,0,0,0,0,0,0,0,0,0,0,0,Tibet,82.2106325749082,30.1089223812305
1137,407.555792948629,0,0,0,0,0,0,0,0,0,0,0,0,0,0,Tibet,82.7226248466736,30.2091747948593
1138,370.178958015566,0,0,0,0,0,0,0,0,0,0,0,0,0,0,Tibet,83.235825173342,30.3071658562626
1139,336.099981477237,0,0,0,0,0,0,0,0,0,0,0,0,0,0,Tibet,83.7502103138231,30.4028892099987
1140,306.421171168891,0,0,0,0,0,0,0,0,0,0,0,0,0,0,Tibet,84.2657566651734,30.4963385912972
1141,282.532601184402,0,0,0,0,0,0,0,0,0,0,0,0,0,0,Tibet,84.7824402672875,30.5875078300595
1142,265.998885944152,0,0,0,0,0,0,0,0,0,0,0,0,0,0,Tibet,85.300236807845,30.6763908548236
1143,258.236604521981,0,0,0,0,0,0,0,0,0,0,0,0,0,0,Tibet,85.8191216275122,30.7629816966886
1144,260.032460486276,0,0,0,0,0,0,0,0,0,0,0,0,0,0,Tibet,86.3390697253975,30.8472744931958
1145,262.821706062902,0,0,0,0,0,0,0,0,0,0,0,0,0,0,Tibet,86.8600557647591,30.9292634921641
1146,212.848677992467,0,0,0,0,0,0,0,0,0,0,0,0,0,0,Tibet,87.3820540789633,31.0089430554732
1147,162.892204443493,0,0,0,0,1,21825.5069510872,0,0,21825.5069510872,0,0,0,0,0,Tibet,87.9050386776914,31.0863076627941
1148,112.974248454172,0,0,0,0,1,21825.5069510872,0,0,21825.5069510872,0,0,0,0,0,Tibet,88.4289832533918,31.1613519152611
1149,63.1861643012917,0,0,1,21825.5069510872,2,23778.7821722679,0,0,21825.5069510872,1953.27522118065,0,0,0,0,Tibet,88.9538611879771,31.2340705390823
1150,14.8930152901681,1,21825.5069510872,1,21825.5069510872,2,23778.7821722679,0,21825.5069510872,0,1953.27522118065,0,0,0,0,Tibet,89.4796455597602,31.3044583890852
1151,38.0934699096376,1,21825.5069510872,2,23778.7821722679,2,23778.7821722679,0,0,0,1953.27522118065,0,0,21825.5069510872,0,Tibet,90.0063091506278,31.3725104521931
1152,78.84034095709,0,0,2,23778.7821722679,2,23778.7821722679,0,0,0,0,1953.27522118065,0,21825.5069510872,0,Tibet,90.5338244534473,31.4382218508296
1153,96.0867449763379,0,0,1,1953.27522118065,2,23778.7821722679,0,0,0,0,0,1953.27522118065,21825.5069510872,0,Tibet,91.0621636797024,31.5015878462469
1154,131.337449945045,0,0,0,0,2,23778.7821722679,0,0,0,0,0,1953.27522118065,21825.5069510872,0,Tibet,91.5912987673547,31.5626038417743
1155,173.972379865267,0,0,0,0,1,1953.27522118065,0,0,0,0,0,1953.27522118065,0,0,Tibet,92.1212013889238,31.6212653859839
1156,219.7345037856,0,0,0,0,0,0,0,0,0,0,0,0,0,0,Tibet,92.6518429597842,31.6775681757696
1157,267.020814454268,0,0,0,0,0,0,0,0,0,0,0,0,0,0,Tibet,93.1831946466709,31.7315080593363
1158,244.471890244459,0,0,0,0,0,0,0,0,0,0,0,0,0,0,Tibet,93.7152273763897,31.783081039096
1159,197.085596351726,0,0,0,0,2,2485.91167065828,0,0,2485.91167065828,0,0,0,0,0,Tibet,94.2479118447259,31.8322832744662
1160,151.390090359092,0,0,0,0,2,2485.91167065828,0,0,0,2485.91167065828,0,0,0,0,Tibet,94.7812185255446,31.8791110845705
1161,109.522539363158,0,0,0,0,3,2593.40468262817,0,107.493011969885,0,2485.91167065828,0,0,0,0,Tibet,95.3151176800768,31.9235609508341
1162,77.9192774489938,0,0,2,2485.91167065828,3,2593.40468262817,0,107.493011969885,0,2485.91167065828,0,0,0,0,Qinghai,95.8495793663847,31.9656295194755
1163,71.7470624331974,0,0,2,2485.91167065828,3,2593.40468262817,107.493011969885,0,0,0,2485.91167065828,0,0,0,Qinghai,96.3845734489971,32.0053136038875
1164,96.0409710343988,0,0,2,2485.91167065828,3,2593.40468262817,107.493011969885,0,0,0,0,2485.91167065828,0,0,Qinghai,96.9200696087113,32.042610186908
1165,135.277844666306,0,0,0,0,4,9372.98785953043,6779.58317690226,0,0,0,0,2485.91167065828,0,107.493011969885,Tibet,97.4560373525492,32.0775164229756
1166,158.870758263305,0,0,0,0,6,11367.6884980329,6779.58317690226,424.422730198738,0,1570.2779083037,0,2485.91167065828,0,107.493011969885,Tibet,97.9924460238643,32.1100296401689
1167,114.496748489047,0,0,0,0,9,9885.67323610662,6779.58317690226,424.422730198738,344.717251605216,2336.9500774004,0,0,0,0,Sichuan,98.5292648125883,32.1401473421258
1168,77.3245950391685,0,0,1,424.422730198738,9,3515.10165624955,0,424.422730198738,344.717251605216,736.340433099754,2009.62124134584,0,0,0,Sichuan,99.0664627656101,32.1678672098415
1169,62.0377351406152,0,0,2,769.139981803954,16,10283.9568852753,424.422730198738,2102.92301457613,3659.32830869596,1351.32115735892,2745.96167444559,0,0,0,Sichuan,99.6040087972793,32.1931871033426
1170,46.7520322303519,1,344.717251605216,2,769.139981803954,15,9874.94528823016,0,5762.2513232721,0,1351.32115735892,755.309844216981,1581.64023318342,0,424.422730198738,Sichuan,100.141871700024,32.2161050632348
1171,33.3079616259825,1,344.717251605216,2,3659.32830869596,13,9863.58296335043,0,5417.53407166688,0,0,1351.32115735892,2325.58775252068,0,769.139981803954,Sichuan,100.680020155076,32.2366193121235
1172,62.6667721296311,0,0,4,5762.2513232721,15,12601.083433557,2102.92301457613,6624.31106222552,675.097551651101,1078.29066594132,1351.32115735892,0,424.422730198738,344.717251605216,Sichuan,101.218422743292,32.2547282559041
1173,59.7319274329847,0,0,3,5417.53407166688,17,15970.8109501458,7357.01810680873,3081.17958657052,675.097551651101,2684.01779972233,477.459496428971,1351.32115735892,344.717251605216,0,Sichuan,101.757047956062,32.2704304849212
1174,51.9028592879619,0,0,2,3989.70860874185,45,21685.2292316735,3650.44765171946,4057.16660807933,2103.99394085827,3221.31359058643,1538.73495979898,1351.32115735892,344.717251605216,5417.53407166688,Sichuan,102.295864206301,32.2837247749953
1175,3.44941193463413,1,675.097551651101,2,2045.31352164402,57,26202.9706973534,7431.3344882306,2823.03611323864,3751.14047564858,1818.48751842263,3616.65858361388,1344.77944653222,0,5417.53407166688,Sichuan,102.8348398395,32.2946100883157
1176,48.2689349697924,1,675.097551651101,7,2422.1236416934,56,23297.8784338327,4680.95068086976,2263.81721674307,3839.78283511809,1044.82084730497,3090.80757397889,1078.29066594132,3989.70860874185,3309.70000513477,Sichuan,103.373943144849,32.3030855741976
1177,15.1024900477034,4,1144.67632252365,20,4599.07100622116,56,19088.0188402608,5233.09764745352,3398.3784978609,1115.12458041218,1309.12567937405,1597.26050361131,2678.75479332725,675.097551651101,3081.17958657052,Sichuan,103.9131423664,32.309150569704
1178,22.3531550936977,6,1362.91789870321,20,5120.26792379314,57,17106.7507123493,2026.4812859408,3136.41508744241,732.588796641753,551.241589062542,757.884090311507,3675.18412742621,1365.80603605659,4861.14969946753,Sichuan,104.452405714272,32.3128046001302
1179,28.5317309056028,5,615.786583689397,18,4864.28445065927,49,11782.1926080165,2059.25648531737,1451.41928882159,399.865790904986,524.868358308855,893.062659130231,1143.38996677153,1819.67657289638,3490.65348586558,Sichuan,104.99170137589,32.314047379351
1180,50.3023233620615,0,0,17,4051.36659639077,60,12236.2094449005,689.266555789213,1096.14353459827,1343.91969840079,653.526893801619,1417.93101743909,895.656908546454,1437.20149561474,4702.56334071032,Sichuan,105.530997527237,32.3128788100305
1181,35.5189353736333,3,498.888488704547,13,1907.2575054013,57,10629.5896678378,759.36304399261,1022.46714396488,1040.88025773707,507.338216320107,256.668792291472,1309.12567937405,1910.97208259297,3822.7744515646,Sichuan,106.070262344125,32.3092989836928
1182,35.0757596418661,2,303.039440663722,14,2348.47162668052,63,9223.51247094705,1227.29886895542,2321.09083842291,821.396939988901,507.338216320107,159.842442050209,648.067939303805,2447.1485316532,1091.3286942525,Sichuan,106.609464013458,32.3033081806553
1183,20.2051002891368,9,1110.21939046359,11,1849.58313797598,77,9794.79960184418,2618.45073978041,2124.615237464,1725.27870562618,256.747591814166,558.375320305278,254.352737528236,906.225410435957,1350.75385888996,Sichuan,107.14857074449,32.2949068698235
1184,17.5910557210311,6,333.195765896061,11,2104.08400413161,69,8796.48640163247,3274.29969211961,427.090991717899,1189.60040048474,744.948765907006,1.67477674492138,556.700543560356,1065.78456253781,1536.38666856014,Sichuan,107.687550780059,32.2840957083482
1185,21.8243701571341,1,488.20117409284,11,2653.32573682374,65,8734.20924328632,3079.95203685798,0.249377241102178,743.654120100814,1728.03214494351,524.586226550449,507.338216320107,646.604037204258,1503.7930840681,Sichuan,108.2263724078,32.2708755411445
1186,48.8214945372878,1,903.881765637275,4,1898.16411393413,41,8228.18209924477,1454.14110582444,0,566.493166369715,2691.55887406635,256.747591814166,995.539390412947,1110.21939046359,1153.48258029356,Shaanxi,108.765003971307,32.2552474002749
1187,25.7294182475382,1,285.71863484746,6,2094.75052092978,26,6010.7883389257,174.919322488671,0,366.433082078518,2073.39574327654,0,1160.62935745144,1529.08143182991,706.329401800622,Shaanxi,109.303413881253,32.2372125041961
1188,6.82499912515606,2,292.164970777243,9,3258.05204043607,19,7405.92852399542,0.249377241102178,2889.92879813709,321.822641134525,777.010560099821,1055.27698927325,1446.3479922989,488.20117409284,427.090991717899,Hubei,109.841570626449,32.2167722568698
1189,44.5468748343821,2,242.610426508045,9,2439.82882535505,25,8810.09962432719,608.267561886311,4870.08490395777,0,127.411397041858,1109.33586327037,898.703784515262,1196.04673641452,0.249377241102178,Hubei,110.379442784836,32.1939282467408
1190,37.4489741942171,2,274.328195592472,8,2822.62246029431,25,9468.4303119345,4614.02517961316,1507.10579985763,0,89.2472920276481,38.1641050142101,1787.67710842908,1196.04673641452,236.164090578262,Hubei,110.916999034393,32.1686822455815
1191,54.8441839297573,0,0,5,1632.28685588513,24,8564.54854629723,6121.13097947079,0,0,0,3.58874147138517,1911.49976399955,292.164970777243,236.164090578262,Hubei,111.454208163967,32.1410362072055
1192,91.7447147827673,0,0,1,85.6585505562629,22,7121.15405767756,3680.89705407242,0,0.026828466853793,54.3527195969257,3.58874147138517,856.222774726301,694.099575831616,1831.96636351206,Hubei,111.991039083996,32.1109922660512
1193,118.796489039548,0,0,0,0,17,6407.29396208822,0,0,479.402729143549,54.3527195969257,0,3.58874147138517,359.986746148735,5509.96302572763,Hubei,112.527460837133,32.0785527356381
1194,80.7945725418191,0,0,2,54.3795480637795,10,2288.49332862485,0,0,605.891093871402,86.2491428681727,0,3.58874147138517,85.6585505562629,1507.10579985763,Hubei,113.063442608752,32.043720106896
1195,42.2454243727374,1,0.026828466853793,3,533.755448740475,6,798.411235220747,0,0,712.162092352574,31.896423271247,54.3527195969257,0,0,0,Hubei,113.598953737331,32.0064970463717
1196,14.700704054454,2,479.402729143549,4,660.243813468328,9,1095.92964891031,0,0,106.270998481172,903.382679094107,31.896423271247,54.3795480637795,0,0,Henan,114.133963724704,31.9668863943123
1197,35.4015197511918,2,605.864265404548,4,712.162092352574,10,1228.06244838039,0,0,106.270998481172,556.139577887494,31.896423271247,54.3527195969257,479.402729143549,0,Henan,114.66844224617,31.9248911626305
1198,26.6101894063156,2,232.759363209026,6,1009.65367757528,10,1228.06244838039,0,0,0,535.922211640814,0,212.737507596026,479.402729143549,0,Henan,115.202359160457,31.8805145327518
1199,29.1007774593299,1,106.270998481172,6,662.410576368667,9,1173.70972878346,0,0,0,132.132799470082,297.518413689559,138.167421752419,605.891093871402,0,Henan,115.735684519527,31.8337598533481
1200,77.366713237935,0,0,5,535.922211640814,8,1477.07509477084,0,0,0,335.288617725476,132.132799470082,297.518413689559,712.135263885721,0,Anhui,116.268388578216,31.784630637959
1201,102.272745979552,0,0,0,0,8,1004.13881393707,0,6.43961984292425,0,0,335.288617725476,429.651213159641,232.759363209026,0,Anhui,116.800441803705,31.7331305625045
1202,136.259144734836,0,0,0,0,16,11276.866644936,0,6.46953851589249,22.9033359911358,10237.6143483814,473.957210406786,429.651213159641,106.270998481172,0,Anhui,117.331814884814,31.6792634626912
1203,105.512582973283,0,0,0,0,24,13062.7691850964,1779.84691117733,0.0299186729682417,137.744740604666,10539.0576047646,473.957210406786,132.132799470082,0,0,Anhui,117.862478741105,31.623033331317
1204,57.6926088699916,0,0,6,10260.5176843725,25,12976.8277458502,1779.84691117733,2.89008942832689,29.8479842671339,10549.5133753309,279.440767921001,335.288617725476,0,0,Anhui,118.392404531797,31.5644443154737
1205,22.8903706992347,1,22.9033359911358,10,10375.389007659,23,10765.1889296545,0.0299186729682417,2.86017075535865,64.8759804884642,129.022299139091,10561.9609407557,0,0,6.43961984292425,Jiangsu,118.921563664486,31.5035007136549
1206,35.5790938203246,2,29.8479842671339,7,9190.69922828897,24,10765.6374641702,2.86017075535865,0,36.7027143308702,114.312910343807,344.774445851725,10260.5176843725,0,6.46953851589249,Jiangsu,119.449927803652,31.4402069727691
1207,14.7763958996973,2,29.8479842671339,6,175.632907581355,26,11668.1781979645,32.9324304626709,0,914.384624666953,0,129.022299139091,10567.6794054378,24.1295195850447,0.0299186729682417,Jiangsu,119.977468878967,31.3745676850641
1208,7.68634875707258,1,35.0279962213304,4,149.86940083486,20,11400.1455614325,63.4828795585196,35.0279962213304,878.908093929991,0.448534515631026,0.69768932418566,10365.9389581963,52.7513202582697,2.89008942832689,Jiangsu,120.504159093378,31.306587584963
1209,43.1162447652239,1,35.0279962213304,4,914.384624666953,12,1099.22770890949,0,462.101140390905,416.806953539087,0.657828605450347,0,129.022299139091,87.7793164796,2.86017075535865,Jiangsu,121.029970930977,31.2362715458193
1210,44.3440646180432,1,416.806953539087,4,914.384624666953,9,1032.29549412566,0,462.101140390905,416.806953539087,0.209294089819321,0.448534515631026,0,149.86940083486,2.86017075535865,Shanghai,121.554877164645,31.1636245765896
1211,558.19839672216,0,0,0,0,0,0,0,0,0,0,0,0,0,0,Tibet,81.0652887014683,30.3343973062667
1212,517.219669671115,0,0,0,0,0,0,0,0,0,0,0,0,0,0,Tibet,81.5772696148784,30.4396049432507
1213,477.961215253083,0,0,0,0,0,0,0,0,0,0,0,0,0,0,Tibet,82.0905231043094,30.5425568256798
1214,440.882818759956,0,0,0,0,0,0,0,0,0,0,0,0,0,0,Tibet,82.6050263847719,30.6432462586307
1215,406.58135283019,0,0,0,0,0,0,0,0,0,0,0,0,0,0,Tibet,83.1207562916837,30.7416666316398
1216,375.817952020311,0,0,0,0,0,0,0,0,0,0,0,0,0,0,Tibet,83.6376892851027,30.8378114228771
1217,349.528067045048,0,0,0,0,0,0,0,0,0,0,0,0,0,0,Tibet,84.1558014542256,30.9316742032899
1218,328.786566397956,0,0,0,0,0,0,0,0,0,0,0,0,0,0,Tibet,84.67506852215,31.0232486407158
1219,314.692457544299,0,0,0,0,0,0,0,0,0,0,0,0,0,0,Tibet,85.195465850902,31.1125285039588
1220,308.159178715765,0,0,0,0,0,0,0,0,0,0,0,0,0,0,Tibet,85.7169684467259,31.1995076668259
1221,309.665651983378,0,0,0,0,0,0,0,0,0,0,0,0,0,0,Tibet,86.2395509656373,31.2841801121212
1222,266.079841273332,0,0,0,0,0,0,0,0,0,0,0,0,0,0,Tibet,86.7631877192366,31.3665399355911
1223,216.858922983041,0,0,0,0,0,0,0,0,0,0,0,0,0,0,Tibet,87.2878526807821,31.4465813498205
1224,168.09849202979,0,0,0,0,1,21825.5069510872,0,0,21825.5069510872,0,0,0,0,0,Tibet,87.8135194915199,31.5242986880729
1225,120.359517978488,0,0,0,0,1,21825.5069510872,0,0,21825.5069510872,0,0,0,0,0,Tibet,88.340161467269,31.5996864080722
1226,75.6024081186311,0,0,1,21825.5069510872,2,23778.7821722679,0,0,0,23778.7821722679,0,0,0,0,Tibet,88.8677516052582,31.6727390957222
1227,44.1025470767912,1,21825.5069510872,1,21825.5069510872,2,23778.7821722679,0,0,0,1953.27522118065,21825.5069510872,0,0,0,Tibet,89.3962625912114,31.7434514687599
1228,56.3413276732483,0,0,1,21825.5069510872,2,23778.7821722679,0,0,0,0,1953.27522118065,21825.5069510872,0,0,Tibet,89.9256668066795,31.8118183803383
1229,96.9724484031732,0,0,1,21825.5069510872,2,23778.7821722679,0,0,0,0,1953.27522118065,21825.5069510872,0,0,Tibet,90.4559363366128,31.8778348225358
1230,139.999057491263,0,0,0,0,2,23778.7821722679,0,0,0,0,0,1953.27522118065,21825.5069510872,0,Tibet,90.9870429771716,31.941495929788
1231,166.182427760463,0,0,0,0,2,23778.7821722679,0,0,0,0,0,1953.27522118065,21825.5069510872,0,Tibet,91.5189582437696,32.0027969822375
1232,201.577435478977,0,0,0,0,0,0,0,0,0,0,0,0,0,0,Tibet,92.0516533793453,32.0617334089993
1233,242.178293189537,0,0,0,0,0,0,0,0,0,0,0,0,0,0,Tibet,92.585099362857,32.1183007913375
1234,285.774717023949,0,0,0,0,0,0,0,0,0,0,0,0,0,0,Tibet,93.1192669179952,32.1724948657492
1235,263.184208836179,0,0,0,0,0,0,0,0,0,0,0,0,0,0,Tibet,93.6541265221062,32.2243115269534
1236,219.868494674304,0,0,0,0,0,0,0,0,0,0,0,0,0,0,Tibet,94.1896484153224,32.2737468307801
1237,180.051054203972,0,0,0,0,3,2593.40468262817,0,107.493011969885,0,2485.91167065828,0,0,0,0,Tibet,94.7258026098907,32.3207969969571
1238,146.610399663814,0,0,0,0,3,2593.40468262817,0,107.493011969885,0,2485.91167065828,0,0,0,0,Qinghai,95.2625588996944,32.3654584117915
1239,111.601561032083,0,0,0,0,3,2593.40468262817,0,107.493011969885,0,0,2485.91167065828,0,0,0,Qinghai,95.7998868699598,32.4077276307408
1240,85.8137388282406,0,0,1,107.493011969885,3,2593.40468262817,107.493011969885,0,0,0,2485.91167065828,0,0,0,Qinghai,96.3377559071411,32.4476013808737
1241,85.2823962993973,0,0,1,107.493011969885,4,9372.98785953043,107.493011969885,6779.58317690226,0,0,0,2485.91167065828,0,0,Qinghai,96.8761352089759,32.4850765632147
1242,110.372897331968,0,0,0,0,5,9797.41058972917,0,6779.58317690226,424.422730198738,0,0,2485.91167065828,0,107.493011969885,Tibet,97.4149937947034,32.5201502549716
1243,137.753973800651,0,0,0,0,3,7311.49891907088,6779.58317690226,0,424.422730198738,0,0,0,0,107.493011969885,Sichuan,97.9543005154363,32.5528197116417
1244,97.0399438886555,0,0,1,424.422730198738,4,7656.2161706761,6779.58317690226,0,769.139981803954,0,0,0,0,107.493011969885,Sichuan,98.4940240646804,32.5830823689957
1245,47.8156699557848,1,424.422730198738,1,424.422730198738,3,7548.72315870622,0,0,769.139981803954,0,0,0,0,6779.58317690226,Sichuan,99.0341329889895,32.6109358449352
1246,12.487028338539,1,424.422730198738,2,769.139981803954,8,12968.0013074621,424.422730198738,0,5762.2513232721,1.7440770890384,0,0,0,6779.58317690226,Sichuan,99.5745956987507,32.6363779412234
1247,40.9211999311867,1,344.717251605216,2,769.139981803954,8,7531.45350000305,0,0,5417.53407166688,1689.49669813743,0,0,424.422730198738,0,Qinghai,100.115380479089,32.6594066450845
1248,24.4583808504017,1,344.717251605216,4,5762.2513232721,10,9477.47924597161,0,4042.40704971799,3314.61105709075,0,1351.32115735892,344.717251605216,424.422730198738,0,Qinghai,100.65645550088,32.680020130672
1249,29.1673932250874,3,5417.53407166688,4,5762.2513232721,13,13233.7563841932,2102.92301457613,3650.44765171946,5359.92457873477,0,1351.32115735892,0,769.139981803954,0,Qinghai,101.197788831868,32.6982167604025
1250,22.1701523058383,1,3314.61105709075,3,5417.53407166688,20,16990.241494309,4473.95098816903,4133.33101517224,0,675.097551651101,1943.86653895553,1.7440770890384,3659.32830869596,2102.92301457613,Sichuan,101.739348447871,32.7139950861546
1251,71.6400340520633,0,0,5,7462.8475933109,41,21972.3820609947,6184.91460474663,4340.20303428508,2610.43439415541,1128.96808849088,600.831169512352,1344.77944653222,3659.32830869596,2102.92301457613,Sichuan,102.281102244069,32.7273538503298
1252,47.8596297942955,1,1370.21596999292,2,2045.31352164402,52,29337.2059038156,8498.70736215487,4576.98449355492,3953.38309270739,1597.26050361131,3353.85234497835,0,5417.53407166688,1939.48403514185,Sichuan,102.823018046365,32.738291986776
1253,63.6535378552256,0,0,18,6156.71855371002,56,29986.3840868107,5852.43855454599,1943.84631497006,3575.61323789307,1146.60896694633,3219.28364488538,1275.92872116345,5417.53407166688,7555.13057473955,Sichuan,103.365063622805,32.7468086215701
1254,24.0162410853487,11,2391.11093021849,21,6014.86039111327,56,20338.7462455024,5784.95387859548,1283.49515804106,3814.48948746001,424.36812665139,2287.9689880168,675.097551651101,0,6068.37305508652,Sichuan,103.907206695055,32.7529030736612
1255,19.3435446624075,12,3261.7452387677,25,6664.03857410841,61,16889.397320697,628.311373676669,148.997283281661,3156.3909501535,1255.54941658563,1661.84610526553,1676.53214615386,2045.4108229224,6316.35922265779,Gansu,104.449414949909,32.7565748553717
1256,13.1068184887001,9,2971.42226943655,25,5797.92760584834,63,15008.647499933,139.230492413284,1216.71240178627,871.737129264936,96.8263502412631,1537.02021672762,2428.12797612756,4142.00843981721,4576.98449355492,Gansu,104.991656050843,32.7578236727559
1257,13.3032430680518,8,1091.3286942525,16,3858.63505343969,64,12596.1223918225,761.572668212808,1058.88020887584,2165.89237528201,602.489789816448,1309.12567937405,580.804927752621,4729.64534136259,1387.71140114612,Sichuan,105.533897649575,32.7566494258175
1258,22.1339013401752,4,798.31995251761,13,1529.21265480852,86,11765.6756694153,508.511346760907,2742.26217558937,1024.05010454855,825.533033427425,232.004919059987,818.125158707102,5027.27627781307,587.912653508905,Sichuan,106.076107397645,32.7530522085821
1259,16.1599082642832,2,303.039440663722,15,1679.8528990801,78,10921.4763339957,694.081396134989,3701.39068383751,777.023624567525,823.071716733822,739.363747512391,648.067939303805,3538.47722590569,0,Shaanxi,106.618252957993,32.7470323090289
1260,23.8257983645886,3,777.023624567525,11,1763.83023681872,73,9463.39353851764,1985.21866709539,1716.17201674212,707.684491841009,1894.91157657137,558.067884731472,512.889370485081,1394.36813491622,694.081396134989,Shaanxi,107.160302016525,32.7385902088779
1261,27.7581861091954,2,707.684491841009,12,2313.98189374479,73,9020.07979028421,3127.21304144201,602.01031420657,0,1934.54916639174,284.140874229617,653.219458227813,1577.77888897388,841.168046812583,Shaanxi,107.702222293661,32.7277265832358
1262,71.8242380489452,0,0,12,2376.08296196574,66,8040.57239458553,1422.91955549864,174.919322488671,6.44633592978278,1409.96293984129,526.261003295371,838.859205471246,1010.72393250473,2650.4800995558,Shaanxi,108.243981555848,32.7144423000986
1263,87.4621056988642,0,0,5,2104.89256629547,64,8952.36365331232,601.760936965468,1.246932434798,236.164090578262,2079.84207920632,1160.62935745144,821.396939988901,777.023624567525,3274.29969211961,Shaanxi,108.785547627038,32.6987384197137
1264,74.2951247987769,0,0,2,292.164970777243,46,17127.2946216018,175.916877682367,8116.62600039623,1508.46420031465,1691.0940040942,1673.20008813404,488.20117409284,1460.790796155,2013.0014807325,Shaanxi,109.32688840011,32.6806161938005
1265,54.1627432288167,0,0,3,528.329061355505,31,17685.0673977005,7509.35599370362,3969.88826552943,1508.46420031465,123.822655570473,1794.12344435886,1898.16411393413,0,881.248724289293,Shaanxi,109.86797184823,32.6600770646324
1266,37.0419686903786,1,236.164090578262,4,1514.91053624444,31,17796.5704177299,8117.62355558993,4240.56330784809,1272.30010973639,321.822641134525,1825.84121344329,1416.40927577107,0,602.01031420657,Hubei,110.408766036147,32.6371226639789
1267,23.6421915249276,1,236.164090578262,6,3249.91554428582,26,16073.1563620483,9860.61801563865,3768.87140234206,0,0,127.411397041858,2316.00616978458,0,0.249377241102178,Hubei,110.949239131396,32.6117548119119
1268,37.2100370674842,2,1272.30010973639,4,3126.09288871535,24,8284.81490380921,6121.13097947079,5.9849923594457,0,0,89.2472920276481,1825.84121344329,242.610426508045,0,Hubei,111.489359415421,32.5839755154756
1269,67.8952400032885,0,0,2,1272.30010973639,20,6545.04417904728,1195.45542442889,0,0,54.3527195969257,3.58874147138517,123.822655570473,236.164090578262,4931.66054740135,Henan,112.029095294591,32.5537869672226
1270,113.291395841129,0,0,0,0,20,6412.59060483313,5.9849923594457,0,479.375900676695,54.3795480637795,0,123.822655570473,1508.46420031465,4240.56330784809,Henan,112.568415311107,32.5211915436176
1271,109.501499437028,0,0,0,0,15,6176.1918315554,0,0,0,660.243813468328,0,0,1272.30010973639,4243.64790835068,Henan,113.107288153794,32.486191803312
1272,73.6343207900945,0,0,2,479.402729143549,6,1001.32050207074,0,0,106.270998481172,605.891093871402,54.3527195969257,0,0,234.805690121237,Henan,113.645682668756,32.4487904852894
1273,59.3236364721659,0,0,2,479.402729143549,9,1095.92964891031,0,0,0,530.277776898585,511.299152414796,54.3527195969257,0,0,Henan,114.183567869903,32.4089905068859
1274,66.9577964148343,0,0,4,712.162092352574,10,1228.06244838039,0,0,0,535.922211640814,158.3847879991,533.755448740475,0,0,Henan,114.720912949325,32.3667949616874
1275,66.5965803593102,0,0,2,232.759363209026,9,1196.16602510914,0,0,0,416.862062731198,245.548513637468,533.755448740475,0,0,Henan,115.257687287518,32.3222071173062
1276,67.6303007833575,0,0,1,106.270998481172,8,1141.81330551222,0,0,0,0,429.651213159641,712.135263885721,0.026828466853793,0,Henan,115.793860463443,32.2752304130391
1277,98.5525781121063,0,0,1,106.270998481172,7,1141.78647704536,0,0,0,0,416.862062731198,245.548513637468,479.375900676695,0,Anhui,116.329402264416,32.2258684574116
1278,140.894867617828,0,0,0,0,6,542.361831483738,0,6.43961984292425,0,0,132.132799470082,403.789412170732,0,0,Anhui,116.864282695821,32.1741250256085
1279,126.766055657256,0,0,0,0,15,12911.6053435891,0,1779.84691117733,0.0299186729682417,10260.5176843725,335.288617725476,429.651213159641,106.270998481172,0,Anhui,117.398471990636,32.1200040567968
1280,97.2020587031897,0,0,1,6.43961984292425,12,12073.1026692453,1773.40729133441,6.43961984292425,4.11627302223575,10289.1394850457,0,0,0,0,Anhui,117.931940618771,32.0635096513418
1281,69.668037126582,0,0,3,29.3728745070283,13,12158.0960895917,1779.84691117733,0.0299186729682417,4.08635434926751,136.518557010757,10237.6143483814,0,0,0,Jiangsu,118.464659296199,32.0046460679212
1282,36.842454554274,1,0.0299186729682417,3,25.7934254194627,15,12236.4552752815,1773.43721000738,0,37.888166976689,114.84140461353,10303.848873841,0,0,6.43961984292425,Jiangsu,118.996598993894,31.943417720539
1283,47.0992932931545,1,2.86017075535865,5,55.6414096865965,18,12299.9381548401,0,66.3430503138782,0,36.2541798152392,156.946410488131,10260.5176843725,0,1779.8768298503,Jiangsu,119.52773094654,31.8798291754446
1284,37.6083489565181,1,2.86017075535865,5,67.7660699167911,22,13927.6237343368,2584.52143261987,0,878.908093929991,35.4765307369614,158.870283406225,10260.5176843725,0.0299186729682417,9.2997905982829,Jiangsu,120.058026661042,31.8138851479591
1285,47.3470539643441,1,35.0279962213304,3,39.1143505705979,16,12732.9364750443,2584.52143261987,0,878.908093929991,0.448534515631026,35.0279962213304,9231.14032832915,0.0299186729682417,2.86017075535865,Jiangsu,120.587457924799,31.7455904992121
1286,63.5741623974637,0,0,2,497.129136612235,12,1095.59899826733,63.4828795585196,0,462.101140390905,416.806953539087,0.448534515631026,149.86940083486,2.89008942832689,0,Jiangsu,121.115996813756,31.674950232795
1287,34.2698341286063,1,462.101140390905,2,878.908093929991,11,1010.78495333778,0,0,462.101140390905,417.016247628906,0.448534515631026,63.6497968945554,4.08635434926751,63.4828795585196,Shanghai,121.643615700221,31.6019694913312
1288,627.638947981569,0,0,0,0,0,0,0,0,0,0,0,0,0,0,Tibet,80.4257574934961,30.6587199174131
1289,587.248997968438,0,0,0,0,0,0,0,0,0,0,0,0,0,0,Tibet,80.9389190361119,30.7666452509247
1290,544.728504173903,0,0,0,0,0,0,0,0,0,0,0,0,0,0,Tibet,81.4533953569542,30.872314271204
1291,502.215543702257,0,0,0,0,0,0,0,0,0,0,0,0,0,0,Tibet,81.969163779406,30.9757200269832
1292,461.206853171959,0,0,0,0,0,0,0,0,0,0,0,0,0,0,Tibet,82.4862012338537,31.0768556490325
1293,422.141055204775,0,0,0,0,0,0,0,0,0,0,0,0,0,0,Tibet,83.0044842617006,31.175714354474
1294,385.609102026944,0,0,0,0,0,0,0,0,0,0,0,0,0,0,Tibet,83.5239890196548,31.2722894510697
1295,352.399898755158,0,0,0,0,0,0,0,0,0,0,0,0,0,0,Tibet,84.0446912842902,31.3665743414821
1296,323.538247691476,0,0,0,0,0,0,0,0,0,0,0,0,0,0,Tibet,84.5665664568807,31.4585625275026
1297,300.280380304627,0,0,0,0,0,0,0,0,0,0,0,0,0,0,Tibet,85.0895895685083,31.5482476142447
1298,284.006365901394,0,0,0,0,0,0,0,0,0,0,0,0,0,0,Tibet,85.6137352854423,31.6356233142971
1299,275.954570444377,0,0,0,0,0,0,0,0,0,0,0,0,0,0,Tibet,86.1389779147916,31.7206834518336
1300,276.843338416803,0,0,0,0,0,0,0,0,0,0,0,0,0,0,Tibet,86.6652914104255,31.8034219666755
1301,231.842673448164,0,0,0,0,0,0,0,0,0,0,0,0,0,0,Tibet,87.1926493791636,31.8838329183026
1302,187.030307108015,0,0,0,0,1,21825.5069510872,0,0,0,21825.5069510872,0,0,0,0,Tibet,87.7210250872318,31.9619104898086
1303,145.635319624883,0,0,0,0,1,21825.5069510872,0,0,0,21825.5069510872,0,0,0,0,Tibet,88.2503914669821,32.0376489917977
1304,111.530071584139,0,0,0,0,1,21825.5069510872,0,0,0,21825.5069510872,0,0,0,0,Tibet,88.7807211238729,32.111042866217
1305,93.1035306145043,0,0,1,21825.5069510872,1,21825.5069510872,0,0,0,0,21825.5069510872,0,0,0,Tibet,89.3119863437077,32.1820866901221
1306,99.4865717482056,0,0,1,21825.5069510872,2,23778.7821722679,0,0,0,0,23778.7821722679,0,0,0,Tibet,89.8441591001278,32.2507751793713
1307,126.991686749709,0,0,0,0,2,23778.7821722679,0,0,0,0,1953.27522118065,21825.5069510872,0,0,Tibet,90.3772110623555,32.3171031922435
1308,165.39709504359,0,0,0,0,2,23778.7821722679,0,0,0,0,1953.27522118065,21825.5069510872,0,0,Tibet,90.9111136031831,32.3810657329783
1309,207.325041504054,0,0,0,0,0,0,0,0,0,0,0,0,0,0,Tibet,91.445837807204,32.442657955232
1310,236.644323896801,0,0,0,0,0,0,0,0,0,0,0,0,0,0,Tibet,91.9813544792801,32.5018751654462
1311,272.061388716762,0,0,0,0,0,0,0,0,0,0,0,0,0,0,Tibet,92.5176341532403,32.5587128261268
1312,311.503230205422,0,0,0,0,0,0,0,0,0,0,0,0,0,0,Tibet,93.0546471008054,32.6131665590268
1313,277.736653873026,0,0,0,0,0,0,0,0,0,0,0,0,0,0,Qinghai,93.5923633407314,32.6652321482322
1314,228.137542398157,0,0,0,0,0,0,0,0,0,0,0,0,0,0,Qinghai,94.1307526481676,32.7149055431451
1315,178.761929946938,0,0,0,0,1,107.493011969885,0,0,107.493011969885,0,0,0,0,0,Qinghai,94.6697845642204,32.7621828613619
1316,129.864995072724,0,0,0,0,3,2593.40468262817,0,0,107.493011969885,2485.91167065828,0,0,0,0,Qinghai,95.209428405717,32.8070603914421
1317,82.3043515989492,0,0,1,107.493011969885,3,2593.40468262817,0,107.493011969885,0,0,2485.91167065828,0,0,0,Qinghai,95.7496532751618,32.8495345955658
1318,41.0255486131348,1,107.493011969885,1,107.493011969885,4,9372.98785953043,0,6887.07618887215,0,0,2485.91167065828,0,0,0,Qinghai,96.2904280708774,32.8896021120749
1319,39.9021927454245,1,107.493011969885,1,107.493011969885,4,9372.98785953043,0,6779.58317690226,0,0,2485.91167065828,0,0,107.493011969885,Qinghai,96.8317214973229,32.9272597578965
1320,80.63048017206,0,0,1,107.493011969885,3,7311.49891907088,0,6779.58317690226,424.422730198738,0,0,0,0,107.493011969885,Qinghai,97.3735020755802,32.9625045308444
1321,88.1638158103149,0,0,1,6779.58317690226,3,7311.49891907088,6779.58317690226,0,424.422730198738,0,0,0,107.493011969885,0,Sichuan,97.9157381540019,32.9953336117962
1322,94.1558124480053,0,0,1,6779.58317690226,4,7656.2161706761,6779.58317690226,0,769.139981803954,0,0,0,107.493011969885,0,Sichuan,98.4583979190097,33.0257443667444
1323,59.9465060589016,0,0,1,424.422730198738,3,7548.72315870622,0,0,0,769.139981803954,0,0,0,6779.58317690226,Sichuan,99.0014494060365,33.0537343487162
1324,38.2514205236425,1,424.422730198738,1,424.422730198738,6,12966.2572303731,0,0,5417.53407166688,344.717251605216,424.422730198738,0,0,6779.58317690226,Qinghai,99.5448605106013,33.0793012995628
1325,65.8236944837283,0,0,2,769.139981803954,6,8126.15808861269,0,0,7357.01810680873,344.717251605216,0,424.422730198738,0,0,Qinghai,100.088598999509,33.1024431516134
1326,65.4068158892169,0,0,4,5762.2513232721,6,8126.15808861269,0,0,4042.40704971799,3314.61105709075,344.717251605216,0,424.422730198738,0,Qinghai,100.632632522163,33.1231580291933
1327,17.1589090141674,2,2102.92301457613,4,5762.2513232721,10,14416.9021798615,0,6184.91460474663,1370.21596999292,6092.63162331798,0,344.717251605216,424.422730198738,0,Sichuan,101.176928621987,33.1414442500035
1328,36.2050376653214,3,5417.53407166688,4,7357.01810680873,17,16403.150316181,0,7544.04337496647,2421.7580662913,675.097551651101,0,3659.32830869596,2102.92301457613,0,Sichuan,101.721454747936,33.1573003263602
1329,51.5451162830791,0,0,6,10438.1976933793,38,23253.3142421971,4473.95098816903,6516.30207005279,4681.1332878068,1819.67657289638,0,3659.32830869596,2102.92301457613,0,Sichuan,102.266178266095,33.1707249662925
1330,7.87045697107584,1,1370.21596999292,10,6072.81505031409,41,25412.071051575,7128.49139216195,2969.37773198883,5844.88477334967,1437.20149561474,675.097551651101,0,5417.53407166688,1939.48403514185,Sichuan,102.811066471353,33.1817170744972
1331,37.1697180220692,2,2417.31607106373,28,8314.98386760575,53,26847.0405846312,5318.46729405834,628.662669372696,4301.22590037671,1908.94213689191,1041.98038587396,675.097551651101,6787.7500416598,6184.91460474663,Sichuan,103.356086599141,33.1902757531487
1332,5.5376700580307,11,2263.7199154647,28,9409.70141777762,57,22213.4522326947,3642.37074654345,330.302577567541,1719.64006792917,3387.57905351368,2492.66079423197,675.097551651101,3309.70000513477,6656.101436123,Sichuan,103.901205837217,33.1964003025637
1333,14.1816280667734,11,2263.7199154647,29,6769.48423504256,58,18421.8399109828,69.3464715987555,139.230492413284,1058.54741013684,3256.96858395273,1334.50555896505,2021.08712169936,5108.50444506496,5433.64982715186,Gansu,104.446391337508,33.2000902217203
1334,48.6803632713736,2,2353.99295361508,28,6086.51450933228,60,13291.9136818595,208.576964012039,322.072424918055,506.629751801071,1356.57370457334,2854.90644548944,1439.23144131579,4681.03598652842,1922.88696322135,Gansu,104.991610227969,33.2013452086286
1335,25.5723082874677,7,689.266555789213,15,3890.26271406721,68,12271.0556770877,139.230492413284,658.726076169742,1837.59353268997,821.112895395993,1136.87427841667,3422.17438402058,3626.68134860877,628.662669372696,Gansu,105.536829624474,33.2001651605552
1336,32.6002206021685,2,103.299817508656,16,2088.44953105121,91,12180.7599140816,158.076133978259,1963.73873404202,2004.64235421258,1343.91969840079,914.951508948365,3420.63515412592,2263.81721674307,110.979113630626,Shaanxi,106.082016642714,33.1965501740993
1337,36.8128544900512,1,38.0181696510346,19,2891.57681826178,80,11045.3731296334,463.815556761501,2575.15074361895,1126.23994021855,1598.42056455643,836.190097753654,1046.01969606067,2900.21544368127,499.321086982373,Shaanxi,106.627138410096,33.190500545121
1338,30.6442010894557,1,419.91053841793,47,4126.97422914146,74,8254.1575157609,506.022809004766,3072.77158355801,427.090991717899,488.20117409284,1615.88283003877,732.588796641753,727.284725440247,684.314605266612,Shaanxi,107.17216207763,33.1820167685221
1339,28.7920972849322,1,419.91053841793,44,4478.41430840503,65,8499.76380584472,1702.74119720058,1453.89172858334,0.249377241102178,1124.24430499383,1327.06037956409,1010.72393250473,505.36195597194,1375.49092978511,Shaanxi,107.717054831796,33.1710995378788
1340,42.5678591597799,2,427.090991717899,28,3637.03138792981,65,7819.91910591957,852.130791617871,603.007869400266,0,1196.04673641452,708.563713449396,1343.91969840079,1113.99193455292,2002.25836208381,Shaanxi,108.261783906382,33.1577497449277
1341,46.5139999782515,2,427.090991717899,6,1454.14110582444,61,15088.1490802591,174.669945247569,7509.60537094472,236.164090578262,743.654120100814,1612.44547908667,1040.88025773707,489.249671144446,3281.48014541958,Shaanxi,108.806316594271,33.1419684789061
1342,57.1871726458787,0,0,4,602.01031420657,72,19964.1158251261,1.246932434798,8247.1143381019,4323.39298551504,694.099575831616,1636.81503567643,770.667271577536,1806.6907287192,2484.08895726957,Shaanxi,109.350620259183,33.123757025746
1343,73.7912073840065,0,0,1,0.249377241102178,43,19411.0884933091,7639.84433140928,2436.73023743679,3684.40074203399,359.986746148735,2079.84207920632,1612.44547908667,1422.91955549864,174.919322488671,Hubei,109.894662347349,33.1031168671235
1344,74.3547913477107,0,0,6,2676.39801597663,34,17706.696216079,7638.84677621559,2996.39649121246,3124.73448825833,321.822641134525,1825.84121344329,1196.04673641452,427.090991717899,175.916877682367,Hubei,110.438410399113,33.0800496793659
1345,44.8302826183821,2,1272.30010973639,15,6357.29507004905,29,15603.250665886,738.755899591974,4246.54830020753,1272.30010973639,0,1092.38686530456,743.654120100814,0.249377241102178,7509.35599370362,Hubei,110.981832060446,33.0545573322168
1346,15.3274611264669,3,2889.92879813709,14,5749.02750816274,23,14136.7149929861,4005.75761772685,248.77115801946,0,0,85.6585505562629,1553.07464125865,0,8243.45302542484,Henan,111.524895094372,33.0266418874598
1347,55.040121296529,0,0,13,5512.86341758448,19,6495.08319351775,248.77115801946,0,0,0,0,359.986746148735,1272.30010973639,4614.02517961316,Henan,112.067567392279,32.996305597406
1348,85.934968481672,0,0,1,234.805690121237,21,6990.67453724401,13.9654678982235,0,0,533.755448740475,0,85.6585505562629,3126.09288871535,3231.2021813337,Henan,112.609816985129,32.9635509032428
1349,129.384012395477,0,0,0,0,18,6060.58433422317,0,0,0,479.402729143549,54.3527195969257,0,4323.39298551504,1203.43589996767,Henan,113.151612054533,32.9283804332498
1350,118.572132122194,0,0,0,0,7,1545.17141003274,0,0,0,605.864265404548,54.3795480637795,0,878.942604204971,5.9849923594457,Henan,113.692920943698,32.8907970008821
1351,108.394523590078,0,0,0,0,5,766.5148119495,0,0,0,232.759363209026,533.755448740475,0,0,0,Henan,114.233712168232,32.850803602724
1352,112.753826546011,0,0,0,0,5,766.5148119495,0,0,0,106.270998481172,605.864265404548,54.3795480637795,0,0,Henan,114.773954426791,32.8084034163152
1353,114.726225645527,0,0,0,0,7,1009.68050604213,0,0,0,0,530.277776898585,479.402729143549,0,0,Anhui,115.313616611578,32.7635997978532
1354,115.329354109725,0,0,0,0,8,1141.81330551222,0,0,0,0,535.922211640814,605.891093871402,0,0,Anhui,115.852667818662,32.7163962797739
1355,135.792536569045,0,0,0,0,7,668.850196211591,0,0,6.43961984292425,0,429.651213159641,232.759363209026,0,0,Anhui,116.391077358123,32.6667965682134
1356,146.245733162701,0,0,0,0,5,2302.9799723897,0,1773.40729133441,6.43961984292425,0,132.132799470082,391.000261742289,0,0,Anhui,116.92881476402,32.6148045403547
1357,98.8252084112477,0,0,1,6.43961984292425,4,1802.78016584144,0,1779.84691117733,0.0299186729682417,22.9033359911358,0,0,0,0,Anhui,117.465849804156,32.5604242416617
1358,56.0805596153724,0,0,1,6.43961984292425,10,12043.2546849782,0,1779.84691117733,2.89008942832689,10260.5176843725,0,0,0,0,Anhui,118.002152489648,32.5036598830049
1359,39.0337868521314,1,6.43961984292425,3,1779.8768298503,12,12073.1026692453,1779.84691117733,0,2.89008942832689,52.7513202582697,10237.6143483814,0,0,0,Anhui,118.537693084295,32.4445158376807
1360,17.617605448495,1,0.0299186729682417,3,9.32970927125114,18,14777.6455184329,0,2584.52143261987,2.86017075535865,149.899319507829,10260.5176843725,0,0,1779.84691117733,Jiangsu,119.072442113725,32.3829966383294
1361,36.9007005398002,2,2.89008942832689,2,2.89008942832689,18,14777.6455184329,0,2584.52143261987,0,37.888166976689,10375.359088986,0,6.46953851589249,1773.40729133441,Jiangsu,119.606370374328,32.3191069737548
1362,23.615803667278,1,2.86017075535865,2,2.89008942832689,14,5002.13231044243,2521.03855306135,63.4828795585196,462.101140390905,35.0279962213304,114.84140461353,25.7635067464944,6.46953851589249,1773.40729133441,Jiangsu,120.13944894196,32.2528516856484
1363,68.9474485777333,0,0,5,101.371046535209,14,3639.54088731982,2584.52143261987,0,0,879.356628445622,35.0279962213304,137.744740604666,2.89008942832689,0,Jiangsu,120.671649180422,32.1842357652234
1364,100.935218315926,0,0,0,0,13,3616.63755132868,0,0,0,878.908093929991,0.448534515631026,149.86940083486,2.89008942832689,2584.52143261987,Jiangsu,121.202942749691,32.1132643497611
1365,65.7482843650748,0,0,1,462.101140390905,10,3502.99241163609,0,0,0,878.908093929991,0.448534515631026,36.2541798152392,2.86017075535865,2584.52143261987,Jiangsu,121.733301613924,32.0399427190737
1366,659.721883090445,0,0,0,0,0,0,0,0,0,0,0,0,0,0,Tibet,79.7812731918013,30.9793572928579
1367,612.963516128836,0,0,0,0,0,0,0,0,0,0,0,0,0,0,Tibet,80.2955750966727,31.0900176862728
1368,566.758838644487,0,0,0,0,0,0,0,0,0,0,0,0,0,0,Tibet,80.8112345263985,31.198421505641
1369,521.255110534443,0,0,0,0,0,0,0,0,0,0,0,0,0,0,Tibet,81.3282289319132,31.304561540055
1370,476.653122653043,0,0,0,0,0,0,0,0,0,0,0,0,0,0,Tibet,81.8465353576688,31.4084306579742
1371,433.231472092596,0,0,0,0,0,0,0,0,0,0,0,0,0,0,Tibet,82.3661304454128,31.510021811676
1372,391.3832105343,0,0,0,0,0,0,0,0,0,0,0,0,0,0,Tibet,82.8869904382468,31.6093280416884
1373,351.670480087199,0,0,0,0,0,0,0,0,0,0,0,0,0,0,Tibet,83.4090911849681,31.7063424811977
1374,314.902263633304,0,0,0,0,0,0,0,0,0,0,0,0,0,0,Tibet,83.9324081446933,31.80105836043
1375,282.231721672108,0,0,0,0,0,0,0,0,0,0,0,0,0,0,Tibet,84.4569163917649,31.8934690110001
1376,255.237250013841,0,0,0,0,0,0,0,0,0,0,0,0,0,0,Tibet,84.9825906209404,31.9835678702258
1377,235.875736079934,0,0,0,0,0,0,0,0,0,0,0,0,0,0,Tibet,85.5094051528628,32.0713484854023
1378,226.116500830589,0,0,0,0,0,0,0,0,0,0,0,0,0,0,Tibet,86.0373339398124,32.1568045180333
1379,227.200310352988,0,0,0,0,0,0,0,0,0,0,0,0,0,0,Tibet,86.5663505717372,32.239929748014
1380,238.97968554066,0,0,0,0,0,0,0,0,0,0,0,0,0,0,Tibet,87.096428282562,32.320718077763
1381,216.110084288414,0,0,0,0,0,0,0,0,0,0,0,0,0,0,Tibet,87.6275399567723,32.3991635362973
1382,181.474182947514,0,0,0,0,1,21825.5069510872,0,0,0,21825.5069510872,0,0,0,0,Tibet,88.1596581362718,32.475260283248
1383,155.441917196718,0,0,0,0,1,21825.5069510872,0,0,0,21825.5069510872,0,0,0,0,Tibet,88.6927550275096,32.5490026128109
1384,142.798810103988,0,0,0,0,1,21825.5069510872,0,0,0,0,21825.5069510872,0,0,0,Tibet,89.2268025088753,32.620384957629
1385,147.040167003562,0,0,0,0,1,21825.5069510872,0,0,0,0,21825.5069510872,0,0,0,Tibet,89.7617721383569,32.689401892602
1386,166.883555983692,0,0,0,0,1,21825.5069510872,0,0,0,0,0,21825.5069510872,0,0,Tibet,90.2976351614585,32.7560481386195
1387,197.685183569943,0,0,0,0,1,21825.5069510872,0,0,0,0,0,21825.5069510872,0,0,Tibet,90.8343625193728,32.8203185662118
1388,235.178107715007,0,0,0,0,0,0,0,0,0,0,0,0,0,0,Tibet,91.3719248574048,32.8822081991177
1389,275.479241759983,0,0,0,0,0,0,0,0,0,0,0,0,0,0,Qinghai,91.9102925336398,32.9417122177607
1390,280.303026611766,0,0,0,0,0,0,0,0,0,0,0,0,0,0,Qinghai,92.4494356278522,32.9988259626347
1391,293.684798406001,0,0,0,0,0,0,0,0,0,0,0,0,0,0,Qinghai,92.9893239506476,33.0535449375903
1392,276.508131475207,0,0,0,0,0,0,0,0,0,0,0,0,0,0,Qinghai,93.5299270528336,33.1058648130215
1393,226.640323241019,0,0,0,0,0,0,0,0,0,0,0,0,0,0,Qinghai,94.0712142350111,33.1557814289473
1394,176.847181107534,0,0,0,0,1,107.493011969885,0,0,107.493011969885,0,0,0,0,0,Qinghai,94.6131545573806,33.2032907979851
1395,127.216409368307,0,0,0,0,1,107.493011969885,0,0,107.493011969885,0,0,0,0,0,Qinghai,95.1557168497561,33.2483891082118
1396,78.0583381801654,0,0,1,107.493011969885,1,107.493011969885,0,0,107.493011969885,0,0,0,0,0,Qinghai,95.6988697217776,33.2910727259095
1397,31.6574399838913,1,107.493011969885,1,107.493011969885,2,6887.07618887215,0,0,6779.58317690226,107.493011969885,0,0,0,0,Qinghai,96.2425815733167,33.3313381981927
1398,30.1874618545197,1,107.493011969885,1,107.493011969885,2,6887.07618887215,0,0,6779.58317690226,0,0,107.493011969885,0,0,Qinghai,96.7868206050655,33.3691822555129
1399,74.0074384037959,0,0,2,6887.07618887215,2,6887.07618887215,0,6779.58317690226,0,0,0,0,107.493011969885,0,Qinghai,97.3315548293003,33.4046018140379
1400,39.6176670009813,1,6779.58317690226,1,6779.58317690226,3,7311.49891907088,6779.58317690226,0,0,424.422730198738,0,0,107.493011969885,0,Sichuan,97.8767520808127,33.4375939779036
1401,51.5947491331153,0,0,1,6779.58317690226,3,7311.49891907088,0,0,0,424.422730198738,0,0,107.493011969885,6779.58317690226,Sichuan,98.4223800279977,33.4681560413338
1402,93.5653607785337,0,0,2,7204.005907101,3,7548.72315870622,0,0,0,769.139981803954,0,0,0,6779.58317690226,Qinghai,98.96840618409,33.4962854906265
1403,88.1499657823363,0,0,1,424.422730198738,5,9651.64617328235,0,0,2102.92301457613,344.717251605216,424.422730198738,0,6779.58317690226,0,Qinghai,99.5147979185396,33.521980006004
1404,103.150395301377,0,0,0,0,7,14905.741265515,0,0,1939.48403514185,5417.53407166688,344.717251605216,424.422730198738,6779.58317690226,0,Qinghai,100.061522468515,33.5452374633242
1405,87.4077175565007,0,0,2,2102.92301457613,8,12371.5886582175,0,2534.46695302717,3650.44765171946,5417.53407166688,344.717251605216,424.422730198738,0,0,Qinghai,100.608546950529,33.5660559356507
1406,60.4688819329626,0,0,4,7357.01810680873,11,13742.4139605137,0,2534.46695302717,5021.27295401571,0,5417.53407166688,769.139981803954,0,0,Qinghai,101.155838372168,33.5844336946803
1407,41.2139048881385,1,1939.48403514185,5,9067.98172338634,23,19844.9180042087,0,5416.91844328101,6620.43471601162,2045.31352164402,3314.61105709075,2447.64026618135,0,0,Gansu,101.703363643923,33.6003692120249
1408,8.82902457562019,2,3650.44765171946,6,7555.73990704288,35,21789.2656053545,2534.46695302717,2908.40575984346,6623.25829400229,1691.01894002175,675.097551651101,5417.53407166688,1939.48403514185,0,Gansu,102.25108959111,33.6138611603479
1409,12.7781545074138,3,1711.57294888094,17,10525.1176390317,42,23825.8353880013,3420.75276207719,3083.66388107284,3817.01256960241,2391.11093021849,2045.31352164402,5417.53407166688,1939.48403514185,1710.96361657761,Sichuan,102.798982965867,33.6249084143515
1410,12.8383378018185,13,2969.98706429216,23,10249.1530824099,49,26726.8544564943,3899.99388622077,1436.89994641361,1183.03552977983,5057.5829258086,2176.06818956169,4684.82702708367,5753.37066629559,2535.07628533051,Sichuan,103.347010459213,33.6335100516151
1411,14.7429173664992,13,2141.60109485493,24,5233.70697975686,55,22137.8174330299,1641.61302366886,139.230492413284,65.2816478576213,3699.44481326146,3064.30493099519,2045.31352164402,4701.98974801784,6780.63925517162,Sichuan,103.895138713169,33.6396653532836
1412,38.2768888893742,1,628.311373676669,21,4185.99754638271,60,19738.282174223,180.446723667188,139.230492413284,694.081396134989,1091.3286942525,4504.35629453703,1635.40854178803,6046.57460919191,5446.85542223808,Gansu,104.443334332922,33.6433738046034
1413,68.267542966266,0,0,10,3328.64600296007,61,15402.5061309112,5.18860243780657,269.055247608885,694.081396134989,1325.0290021897,2447.1485316532,3238.74576783208,4340.20303428508,3083.05454876951,Gansu,104.99156389902,33.6446350953069
1414,74.2395816542176,0,0,15,1522.57844433749,87,12122.2568004366,144.41909485109,129.824755195602,2679.30006323038,303.039440663722,1188.15504449376,4078.28753791918,3529.88439248412,69.3464715987555,Gansu,105.539793979591,33.6434491198447
1415,27.3849559963056,5,533.982332635211,13,1520.93571220542,80,10472.4489723516,129.824755195602,0,3930.36291860356,865.771462629925,797.870444499375,3355.3535062683,1184.68892114284,208.576964012039,Gansu,106.087991142576,33.6398159774639
1416,10.0311203416367,6,694.081396134989,37,2679.30006323038,76,9255.85855579329,454.625296982967,567.314493295281,2714.1656521243,1460.790796155,399.865790904986,3188.6033492209,322.072424918055,148.420752191817,Shaanxi,106.63612196796,33.6337359721344
1417,11.9781487483698,26,1414.33494240272,45,3968.3810882546,72,7762.64683957508,420.127340447125,975.720885270861,2187.46377045897,908.11171251077,1110.21939046359,1325.0290021897,694.081396134989,141.893342099071,Shaanxi,107.184153059987,33.6252096123216
1418,6.20542050484762,39,3274.29969211961,41,3701.39068383751,65,6598.61623320172,571.198727596491,1004.85136025955,887.237534164934,0,1529.08143182991,722.949979081652,1354.53099964627,528.766200622907,Shaanxi,107.732051059364,33.6142376106066
1419,14.0400015462507,10,1716.17201674212,42,3876.06062908508,65,14041.693023854,0,175.667500441265,7508.60781575103,427.090991717899,488.20117409284,1763.83023681872,2396.78599101729,1281.50931401497,Shaanxi,108.279782655421,33.6008208831547
1420,30.3174124730832,3,601.760936965468,12,1891.09133923079,61,14798.8203994548,174.669945247569,7639.84433140928,608.516939127413,6.44633592978278,1677.80157457757,1417.2415810436,3274.29969211961,0,Shaanxi,108.827314598235,33.5849605490315
1421,7.80455420040123,1,0.249377241102178,5,603.007869400266,63,17718.6027904278,0.997555193695825,8261.77216739851,3659.36043766495,236.164090578262,1196.04673641452,488.20117409284,3701.39068383751,174.669945247569,Shaanxi,109.37461371069,33.5666579293702
1422,47.2829846586305,1,0.249377241102178,4,7684.27531619229,36,16803.0717254082,627.334881812575,7635.18546353853,4848.8308697344,1508.46420031465,292.164970777243,0,1891.09133923079,0,Shaanxi,109.921646900478,33.5459145463873
1423,57.5392733583731,0,0,10,11167.968253416,29,15519.9756927434,8261.52279015741,614.252554245756,4240.56330784809,1272.30010973639,242.610426508045,285.71863484746,602.01031420657,0.997555193695825,Shaanxi,110.468381172021,33.5227321222519
1424,32.9223350893355,8,3659.36043766495,15,13629.4894179807,30,15362.6291056467,735.094586914917,751.053595978976,3927.13508812677,1272.30010973639,359.986746148735,6.44633592978278,174.919322488671,8135.6933203225,Shaanxi,111.014783638303,33.4971125778081
1425,14.7889340722976,11,4240.56330784809,14,6121.13097947079,26,14520.6727055134,734.187736223904,658.102381981957,234.805690121237,0,2975.58734869335,236.164090578262,559.91563101677,9121.90982689787,Henan,111.560821532606,33.4690580311514
1426,18.6429473995154,2,878.942604204971,14,5518.84840994392,21,14430.1059098452,437.625376257657,0,0,0,0,1508.46420031465,3894.16612778619,8589.85020548674,Henan,112.106462220136,33.4385707960637
1427,68.5781550010869,0,0,3,884.927596564416,17,6558.75635572844,13.9654678982235,0,0,0,0,1272.30010973639,4848.8308697344,423.659908359433,Henan,112.651673209533,33.4056533803055
1428,109.873317909395,0,0,0,0,17,6006.23161462625,0,0,0,479.402729143549,0,0,5512.86341758448,13.9654678982235,Henan,113.196422164248,33.370308483771
1429,148.68286469552,0,0,0,0,6,1372.31080124674,0,0,0,479.375900676695,0.026828466853793,0,878.942604204971,13.9654678982235,Henan,113.740676913785,33.3325389965053
1430,158.048890044689,0,0,0,0,6,1084.55735145932,472.681265228474,0,0,0,605.891093871402,0,0,5.9849923594457,Henan,114.284405464796,33.2923479965884
1431,161.069873970286,0,0,0,0,6,1184.84335758105,472.681265228474,0,0,106.270998481172,605.891093871402,0,0,0,Henan,114.827576012012,33.2497387478883
1432,163.978990075493,0,0,0,0,4,712.162092352574,0,0,0,0,232.759363209026,479.402729143549,0,0,Anhui,115.370156949016,33.2047146976849
1433,164.401527531461,0,0,0,0,1,106.270998481172,0,0,0,0,106.270998481172,0,0,0,Anhui,115.912116878837,33.1572794741695
1434,179.350537560319,0,0,0,0,3,1886.1179096585,0,0,1779.84691117733,0,0,106.270998481172,0,0,Anhui,116.453424624358,33.1074368838212
1435,141.720158830408,0,0,0,0,2,1779.84691117733,0,0,1779.84691117733,0,0,0,0,0,Anhui,116.99404923854,33.0551909086649
1436,91.9957105965325,0,0,1,6.43961984292425,3,1779.8768298503,0,1773.40729133441,6.46953851589249,0,0,0,0,0,Anhui,117.533960014438,33.0005457034134
1437,42.9164084868021,1,6.43961984292425,2,1779.84691117733,4,1782.73700060566,0,1773.40729133441,9.2997905982829,0.0299186729682417,0,0,0,0,Anhui,118.073126495015,32.9435055924979
1438,14.8467325244035,2,1779.84691117733,3,1779.8768298503,5,1805.64033659679,1773.40729133441,0,0,2.89008942832689,22.9033359911358,6.43961984292425,0,0,Jiangsu,118.611518482741,32.8840750669893
1439,59.9919395910744,0,0,3,1779.8768298503,11,4420.0097534838,0,2521.03855306135,63.4828795585196,32.7081550224925,22.933254664104,0,6.43961984292425,1773.40729133441,Anhui,119.149106048968,32.8222587814151
1440,74.1955522383039,0,0,2,2.89008942832689,12,4455.03774970513,0,2584.52143261987,0,37.888166976689,52.7513202582697,0.0299186729682417,6.43961984292425,1773.40729133441,Jiangsu,119.685859543082,32.7580615504752
1441,64.7133778512469,0,0,5,2587.38160337523,12,4455.03774970513,2521.03855306135,63.4828795585196,0,0,67.7361512438229,22.933254664104,1779.84691117733,0,Jiangsu,120.22174960142,32.6914883456605
1442,43.2344203024353,3,63.4828795585196,5,2587.38160337523,10,3114.38864292757,2584.52143261987,0,0,462.101140390905,63.6497968945554,4.11627302223575,0,0,Jiangsu,120.756747155939,32.6225442917779
1443,664.606110364315,0,0,0,0,0,0,0,0,0,0,0,0,0,0,Tibet,79.131832980302,31.2962831795321
1444,644.368458280775,0,0,0,0,0,0,0,0,0,0,0,0,0,0,Tibet,79.6472336418034,31.409695959677
1445,596.407594773705,0,0,0,0,0,0,0,0,0,0,0,0,0,0,Tibet,80.1640351066572,31.5208522150367
1446,548.810830961247,0,0,0,0,0,0,0,0,0,0,0,0,0,0,Tibet,80.6822149731415,31.629744471994
1447,501.681808776249,0,0,0,0,0,0,0,0,0,0,0,0,0,0,Tibet,81.201750419506,31.736365333368
1448,455.165844867154,0,0,0,0,0,0,0,0,0,0,0,0,0,0,Tibet,81.7226182074945,31.8407074830037
1449,409.471922615275,0,0,0,0,0,0,0,0,0,0,0,0,0,0,Tibet,82.2447946861566,31.9427636903459
1450,364.90898109922,0,0,0,0,0,0,0,0,0,0,0,0,0,0,Tibet,82.7682557959512,32.0425268149949
1451,321.947004277863,0,0,0,0,0,0,0,0,0,0,0,0,0,0,Tibet,83.2929770731407,32.1399898112398
1452,281.32042698694,0,0,0,0,0,0,0,0,0,0,0,0,0,0,Tibet,83.818933654478,32.2351457325636
1453,244.197648876345,0,0,0,0,0,0,0,0,0,0,0,0,0,0,Tibet,84.346100282185,32.3279877361193
1454,212.423635204183,0,0,0,0,0,0,0,0,0,0,0,0,0,0,Tibet,84.874451309224,32.4185090871688
1455,188.719659468703,0,0,0,0,1,308232.311164383,308232.311164383,0,0,0,0,0,0,0,Tibet,85.4039607048599,32.5067031634843
1456,176.370119199942,0,0,0,0,1,308232.311164383,308232.311164383,0,0,0,0,0,0,0,Tibet,85.934602060513,32.5925634597051
1457,177.757497797494,0,0,0,0,1,308232.311164383,308232.311164383,0,0,0,0,0,0,0,Tibet,86.4663485959015,32.6760835916462
1458,192.585142469111,0,0,0,0,1,308232.311164383,0,0,0,0,0,0,0,308232.311164383,Tibet,86.9991731654704,32.7572573005562
1459,218.129196066162,0,0,0,0,0,0,0,0,0,0,0,0,0,0,Tibet,87.5330482651073,32.8360784573168
1460,222.836513683677,0,0,0,0,0,0,0,0,0,0,0,0,0,0,Tibet,88.0679460391391,32.9125410665824
1461,202.201440093821,0,0,0,0,0,0,0,0,0,0,0,0,0,0,Tibet,88.6038382876109,32.9866392708543
1462,192.651843804674,0,0,0,0,1,21825.5069510872,0,0,0,0,21825.5069510872,0,0,0,Tibet,89.1406964738392,33.0583673544848
1463,195.816351377165,0,0,0,0,1,21825.5069510872,0,0,0,0,21825.5069510872,0,0,0,Tibet,89.6784917322405,33.1277197476074
1464,211.124025188964,0,0,0,0,0,0,0,0,0,0,0,0,0,0,Tibet,90.2171948764271,33.1946910299885
1465,236.225876138303,0,0,0,0,0,0,0,0,0,0,0,0,0,0,Qinghai,90.7567764075683,33.2592759347964
1466,230.565628036948,0,0,0,0,0,0,0,0,0,0,0,0,0,0,Qinghai,91.297206523011,33.3214693522837
1467,225.480559958353,0,0,0,0,0,0,0,0,0,0,0,0,0,0,Qinghai,91.8384551251545,33.3812663333771
1468,231.349210083352,0,0,0,0,0,0,0,0,0,0,0,0,0,0,Qinghai,92.3804918305752,33.4386620931731
1469,247.393272126083,0,0,0,0,0,0,0,0,0,0,0,0,0,0,Qinghai,92.9232859793923,33.4936520143335
1470,271.816859632195,0,0,0,0,0,0,0,0,0,0,0,0,0,0,Qinghai,93.4668066448718,33.5462316503772
1471,235.976553890683,0,0,0,0,0,0,0,0,0,0,0,0,0,0,Qinghai,94.011022643259,33.5963967288646
1472,188.663783840468,0,0,0,0,1,107.493011969885,0,0,107.493011969885,0,0,0,0,0,Qinghai,94.5559025438341,33.64414315447
1473,143.189080169855,0,0,0,0,1,107.493011969885,0,0,0,107.493011969885,0,0,0,0,Qinghai,95.1014146791827,33.68946701194
1474,102.040198092588,0,0,0,0,1,107.493011969885,0,0,0,107.493011969885,0,0,0,0,Qinghai,95.6475271556743,33.7323645689309
1475,72.9471820816876,0,0,1,107.493011969885,2,6887.07618887215,0,0,6779.58317690226,0,107.493011969885,0,0,0,Qinghai,96.1942078641392,33.7728322787256
1476,72.3213711190819,0,0,1,107.493011969885,2,6887.07618887215,0,0,6779.58317690226,0,107.493011969885,0,0,0,Qinghai,96.7414244907369,33.8108667828237
1477,65.3743226309562,0,0,1,6779.58317690226,2,6887.07618887215,0,0,6779.58317690226,0,0,107.493011969885,0,0,Qinghai,97.2891445280059,33.8464649134019
1478,19.1379376884048,1,6779.58317690226,1,6779.58317690226,2,6887.07618887215,0,0,0,6779.58317690226,0,107.493011969885,0,0,Sichuan,97.8373352860871,33.8796236956433
1479,38.1931834032467,1,6779.58317690226,1,6779.58317690226,3,7311.49891907088,0,0,0,424.422730198738,0,0,6887.07618887215,0,Sichuan,98.3859639041106,33.9103403499302
1480,86.8975135316493,0,0,1,6779.58317690226,2,7204.005907101,0,0,0,0,424.422730198738,0,6779.58317690226,0,Qinghai,98.9349973617363,33.9386122938991
1481,136.541702265244,0,0,0,0,5,9651.64617328235,0,0,0,2447.64026618135,424.422730198738,0,6779.58317690226,0,Qinghai,99.4844024908389,33.964437144355
1482,148.146040602441,0,0,0,0,7,14905.741265515,0,0,1939.48403514185,5417.53407166688,769.139981803954,0,6779.58317690226,0,Qinghai,100.034145987327,33.987812719042
1483,126.499670403144,0,0,0,0,8,12371.5886582175,0,0,6184.91460474663,5417.53407166688,344.717251605216,424.422730198738,0,0,Qinghai,100.584194423086,34.0087370382685
1484,103.63528790729,0,0,0,0,10,13317.991230315,0,0,4246.03990190811,3309.70000513477,5762.2513232721,0,0,0,Gansu,101.134514258034,34.0272083263841
1485,64.1844110236241,0,0,2,4473.95098816903,22,19711.3890100025,0,886.285809050021,9050.76902307996,4356.80010620558,5417.53407166688,0,0,0,Gansu,101.685071852279,34.0432250131068
1486,31.677643717256,2,4473.95098816903,5,6185.52393704997,31,20822.870354343,0,3552.00934899411,4805.33845347519,5108.50444506496,1939.48403514185,5417.53407166688,0,0,Gansu,102.235833478369,34.0567857346988
1487,32.8792170163348,4,4246.03990190811,16,11482.6290031895,38,22347.8104030333,1058.3842281005,3083.05454876951,1918.44496799378,3315.26201176308,3081.17958657052,7357.01810680873,0,2534.46695302717,Sichuan,102.786765333624,34.067889334989
1488,21.9758175022587,12,4250.61429737202,16,10097.8691241508,40,17849.3714807517,3899.99388622077,74.535074036562,110.979113630626,4465.87291911703,1742.25058070387,5021.27295401571,2534.46695302717,0,Gansu,103.337833552535,34.0765348662405
1489,26.7698770539381,6,1917.83563569044,22,6900.67645067525,51,21156.2687681335,438.480226079488,74.535074036562,139.230492413284,3591.42853670564,3173.46365666614,3784.86954587858,6185.52393704997,3768.73729930386,Gansu,103.889004219218,34.0827215898632
1490,65.2627115924404,0,0,14,2933.94772905829,58,19751.0584053452,381.758713199132,0,470.493177109872,727.284725440247,4909.63205083007,3752.74447104967,8491.60287174923,1017.54239596694,Gansu,104.440243379922,34.0864489769687
1491,44.08163740075,1,110.979113630626,3,208.576964012039,59,13777.5368263628,5.18860243780657,938.710705396068,656.063226483954,505.36195597194,3355.3535062683,3310.91731781388,4805.33845347519,200.603058515674,Gansu,104.991517055566,34.0877167087687
1492,27.349034773533,2,139.230492413284,3,461.302917331339,85,12242.4719158284,28.2513787826574,984.059658729729,1890.10867046482,1022.89170070276,1698.81017153432,4379.30193011201,1922.27763091802,316.770774584107,Gansu,105.542791254301,34.0865246768147
1493,54.2961173283721,0,0,11,963.136643743874,69,9852.83670704364,854.234903534127,129.824755195602,2854.38915370168,1852.99738946941,838.773434057387,3108.85150463561,110.979113630626,102.786452819219,Gansu,106.094031984085,34.0828729830798
1494,39.9511980951598,4,333.990801565899,34,2092.51630421807,66,7620.81485787273,984.059658729729,0,2392.92824032203,2016.14693535649,675.048411880656,1413.40111917055,139.230492413284,0,Shaanxi,106.645205265257,34.0767619398817
1495,38.1141628670622,23,1268.47866468707,47,4060.18767379916,63,7173.93520707745,184.579445746945,0,1314.876820078,1841.75610570592,1730.15163580589,1163.86049434464,139.230492413284,799.480212982784,Shaanxi,107.196277143099,34.0681920696481
1496,14.7871503378428,30,1979.98278796529,41,3701.39068383751,59,5924.76846988479,0,0,175.916877682367,1283.9290500355,2178.43239264675,1287.77134331103,684.314605266612,314.404200942546,Shaanxi,107.747213700376,34.0571641045229
1497,36.0047549224138,4,856.838058317599,39,3163.18465572983,58,12920.9179558784,0,0,7687.68725162825,0.249377241102178,706.329401800622,2797.24036460229,1599.5868054106,129.824755195602,Shaanxi,108.297981069841,34.043678985816
1498,21.0866133513105,1,174.669945247569,12,1598.836433181,51,12747.0979135636,0,753.164351647486,8117.62355558993,0.249377241102178,174.669945247569,2431.73334593048,1269.65733790703,0,Shaanxi,108.848545446695,34.0277378632963
1499,38.6321637659095,3,175.916877682367,4,7684.27531619229,57,14180.5621009415,0,754.161906841181,9550.09018777418,0,0.249377241102178,1021.6714753834,2854.38915370168,0,Shaanxi,109.398873100987,34.0093420943281
1500,33.6481119080546,2,7509.35599370362,9,8423.03121578426,34,16595.0421301838,1003.72516341526,7635.18546353853,3231.2021813337,3126.09288871535,0,427.340368959001,1170.49850902831,0.997555193695825,Shaanxi,109.948930389949,33.9884932428533
1501,29.054136496038,2,8116.62600039623,13,9681.57608067354,30,16036.8389426608,1130.55218844387,423.659908359433,1814.60385371082,4320.49259365819,236.164090578262,0.249377241102178,602.758492159164,7508.35843850992,Shaanxi,110.498683770243,33.9651930782213
1502,13.9460514572906,4,611.167953743159,15,12484.0163332729,29,15541.1156937331,123.582860707513,616.813102777353,650.12190644318,3596.42639376435,1508.46420031465,608.267561886311,7684.27531619229,753.164351647486,Henan,111.04809981013,33.9394435738655
1503,26.9598596362741,7,1828.46267555048,14,4862.79633763262,28,16041.9045754071,732.415487946089,683.688679701417,5.9849923594457,878.942604204971,4867.18451210092,2.90039185684846,8117.62355558993,753.164351647486,Henan,111.597145201522,33.9112469058311
1504,38.8091890928495,2,650.12190644318,13,4254.52877574631,25,15182.0669156933,1416.10416764751,5.9849923594457,0,0,234.805690121237,5278.05772746324,8116.62600039623,130.488337705664,Henan,112.145786771932,33.8806054511551
1505,39.2504958402658,1,5.9849923594457,4,892.908072103194,20,7543.22013947774,860.880923041781,0,0,0,0,3124.73448825833,2996.39649121246,561.20823696517,Henan,112.693991496298,33.8475217860989
1506,81.0866800983052,0,0,1,5.9849923594457,20,7284.05098211239,675.708204162639,472.681265228474,0,0,0,2889.92879813709,2628.91961180683,616.813102777353,Henan,113.241726508668,33.8119986842397
1507,128.877841210329,0,0,0,0,7,2041.29754149431,0,472.681265228474,0,0,0,0,884.927596564416,683.688679701417,Henan,113.788959113751,33.7740391144192
1508,141.152346222738,0,0,0,0,4,486.646733126698,472.681265228474,0,0,0,0,0,13.9654678982235,0,Henan,114.335656798302,33.7336462385548
1509,145.715566414232,0,0,0,0,2,472.681265228474,472.681265228474,0,0,0,0,0,0,0,Henan,114.881787242358,33.6908234093147
1510,165.958030075851,0,0,0,0,2,472.681265228474,0,0,0,0,0,0,0,472.681265228474,Henan,115.427318330286,33.6455741676617
1511,197.106847161355,0,0,0,0,2,472.681265228474,0,0,0,0,0,0,0,472.681265228474,Anhui,115.972218161662,33.5979022402662
1512,192.026664689563,0,0,0,0,1,1773.40729133441,0,0,1773.40729133441,0,0,0,0,0,Anhui,116.516455061953,33.5478115367947
1513,142.049189617896,0,0,0,0,3,1789.82405282044,9.97714164310666,0,1773.40729133441,6.43961984292425,0,0,0,0,Anhui,117.059997593001,33.4953061470743
1514,92.0961703353184,0,0,1,1773.40729133441,4,1789.85397149341,9.97714164310666,0,1773.40729133441,6.46953851589249,0,0,0,0,Anhui,117.602814563298,33.4403903381391
1515,42.2544306522962,1,1773.40729133441,2,1779.84691117733,5,1831.40433116414,9.97714164310666,41.5503596707312,1773.40729133441,6.46953851589249,0,0,0,0,Jiangsu,118.144875038054,33.383068551161
1516,9.4429459954371,1,1773.40729133441,2,1779.84691117733,9,4408.80879289626,41.5503596707312,0,2584.52143261987,2.89008942832689,6.43961984292425,1773.40729133441,0,0,Jiangsu,118.68614834903,33.3233453982686
1517,58.2486184247554,0,0,2,1779.84691117733,9,4408.80879289626,41.5503596707312,0,2584.52143261987,2.86017075535865,0.0299186729682417,6.43961984292425,1773.40729133441,0,Jiangsu,119.226604104154,33.2612256592585
1518,90.4114440013323,0,0,4,2584.52143261987,9,4408.80879289626,41.5503596707312,2521.03855306135,63.4828795585196,0,2.89008942832689,6.43961984292425,1773.40729133441,0,Jiangsu,119.766212196892,33.1967142782031
1519,48.6452881243271,3,63.4828795585196,4,2584.52143261987,9,4408.80879289626,0,2521.03855306135,63.4828795585196,0,2.86017075535865,0.0299186729682417,1779.84691117733,41.5503596707312,Jiangsu,120.304942815379,33.1298163599584
1520,5.76172389856701,4,2584.52143261987,4,2584.52143261987,7,2622.43951826953,0,0,0,0,98.5108757798499,2.89008942832689,0,2521.03855306135,Jiangsu,120.842766451305,33.060537166576
1521,615.305958538755,0,0,0,0,0,0,0,0,0,0,0,0,0,0,Tibet,78.9938921568793,31.7256531233823
1522,625.909814480878,0,0,0,0,0,0,0,0,0,0,0,0,0,0,Tibet,79.5117932179015,31.8395794102543
1523,583.677793052378,0,0,0,0,0,0,0,0,0,0,0,0,0,0,Tibet,80.0311166449983,31.9512418048038
1524,534.949600597214,0,0,0,0,0,0,0,0,0,0,0,0,0,0,Tibet,80.5518397705784,32.0606326411152
1525,486.479582568206,0,0,0,0,0,0,0,0,0,0,0,0,0,0,Tibet,81.0739394966846,32.167744331238
1526,438.353388640216,0,0,0,0,0,0,0,0,0,0,0,0,0,0,Tibet,81.5973922985399,32.2725693699026
1527,390.698096244382,0,0,0,0,0,0,0,0,0,0,0,0,0,0,Tibet,82.1221742283937,32.3751003392221
1528,343.709632517922,0,0,0,0,0,0,0,0,0,0,0,0,0,0,Tibet,82.6482609196675,32.4753299133764
1529,297.703914254131,0,0,0,0,0,0,0,0,0,0,0,0,0,0,Tibet,83.1756275914023,32.5732508632739
1530,253.217159052962,0,0,0,0,0,0,0,0,0,0,0,0,0,0,Tibet,83.7042490530081,32.668856061188
1531,211.211360289814,0,0,0,0,0,0,0,0,0,0,0,0,0,0,Tibet,84.2340997093154,32.7621384853623
1532,173.497976334281,0,0,0,0,1,308232.311164383,0,308232.311164383,0,0,0,0,0,0,Tibet,84.7651535659287,32.8530912245819
1533,143.502114509566,0,0,0,0,1,308232.311164383,0,308232.311164383,0,0,0,0,0,0,Tibet,85.2973842348813,32.9417074827048
1534,126.823365139622,0,0,0,0,1,308232.311164383,308232.311164383,0,0,0,0,0,0,0,Tibet,85.8307649405916,33.0279805831507
1535,128.745776715037,0,0,0,0,1,308232.311164383,308232.311164383,0,0,0,0,0,0,0,Tibet,86.3652685261176,33.1119039733406
1536,148.548928298324,0,0,0,0,1,308232.311164383,0,0,0,0,0,0,0,308232.311164383,Tibet,86.9008674597098,33.1934712290845
1537,180.438613315455,0,0,0,0,1,308232.311164383,0,0,0,0,0,0,0,308232.311164383,Tibet,87.437533841659,33.2726760589119
1538,219.201738706211,0,0,0,0,0,0,0,0,0,0,0,0,0,0,Tibet,87.9752394114378,33.3495123083407
1539,250.217215895004,0,0,0,0,0,0,0,0,0,0,0,0,0,0,Tibet,88.5139555551313,33.4239739640787
1540,242.565384330846,0,0,0,0,0,0,0,0,0,0,0,0,0,0,Tibet,89.0536533131555,33.4960551581559
1541,245.086262815549,0,0,0,0,0,0,0,0,0,0,0,0,0,0,Tibet,89.5943033882578,33.56575017198
1542,229.676361292215,0,0,0,0,0,0,0,0,0,0,0,0,0,0,Qinghai,90.1358761537971,33.6330534403124
1543,201.077609453383,0,0,0,0,0,0,0,0,0,0,0,0,0,0,Qinghai,90.6783416622976,33.6979595551598
1544,181.970269853475,0,0,0,0,1,51210.0208938617,51210.0208938617,0,0,0,0,0,0,0,Qinghai,91.2216696542722,33.7604632695758
1545,175.482629332953,0,0,0,0,1,51210.0208938617,51210.0208938617,0,0,0,0,0,0,0,Qinghai,91.7658295673094,33.8205595013705
1546,182.962092480014,0,0,0,0,1,51210.0208938617,51210.0208938617,0,0,0,0,0,0,0,Qinghai,92.3107905454197,33.8782433367207
1547,202.869665972336,0,0,0,0,0,0,0,0,0,0,0,0,0,0,Qinghai,92.8565214486317,33.933510033679
1548,232.028178156852,0,0,0,0,0,0,0,0,0,0,0,0,0,0,Qinghai,93.4029908628356,33.9863550255758
1549,254.958882672181,0,0,0,0,0,0,0,0,0,0,0,0,0,0,Qinghai,93.9501671098643,34.0367739243108
1550,211.927160128971,0,0,0,0,0,0,0,0,0,0,0,0,0,0,Qinghai,94.4980182578056,34.0847625235299
1551,172.691084156694,0,0,0,0,1,107.493011969885,0,0,0,107.493011969885,0,0,0,0,Qinghai,95.0465121315378,34.1303168016831
1552,140.468145478252,0,0,0,0,1,107.493011969885,0,0,0,107.493011969885,0,0,0,0,Qinghai,95.5956163234808,34.1734329249605
1553,120.997476176094,0,0,0,0,2,6887.07618887215,0,0,6779.58317690226,0,107.493011969885,0,0,0,Qinghai,96.1452982045541,34.2141072501011
1554,120.621219475963,0,0,0,0,2,6887.07618887215,0,0,0,6779.58317690226,107.493011969885,0,0,0,Qinghai,96.6955249353328,34.2523363270729
1555,89.8359793168794,0,0,1,6779.58317690226,2,6887.07618887215,0,0,0,6779.58317690226,0,107.493011969885,0,0,Qinghai,97.2462634773931,34.2881169016185
1556,64.5210181206927,0,0,1,6779.58317690226,2,6887.07618887215,0,0,0,0,6779.58317690226,107.493011969885,0,0,Qinghai,97.7974806048368,34.3214459176647
1557,72.494278248972,0,0,1,6779.58317690226,1,6779.58317690226,0,0,0,0,0,6779.58317690226,0,0,Qinghai,98.3491429159866,34.3523205195924
1558,106.526423850367,0,0,0,0,2,7204.005907101,0,0,0,0,424.422730198738,6779.58317690226,0,0,Qinghai,98.901216845241,34.3807380543632
1559,149.800993247229,0,0,0,0,2,7204.005907101,0,0,0,0,424.422730198738,6779.58317690226,0,0,Qinghai,99.4536686750789,34.4066960735009
1560,195.587562594183,0,0,0,0,4,9306.92892167713,0,0,0,2102.92301457613,424.422730198738,0,6779.58317690226,0,Qinghai,100.006464548204,34.4301923349242
1561,171.35992569956,0,0,0,0,4,6576.87400274516,0,0,2534.46695302717,1939.48403514185,2102.92301457613,0,0,0,Qinghai,100.559570479818,34.4512248046294
1562,122.249010577972,0,0,0,0,8,11603.0580087169,0,0,2535.07628533051,3650.44765171946,5417.53407166688,0,0,0,Qinghai,101.112952370008,34.4697916582194
1563,74.0354881623965,0,0,1,2534.46695302717,21,19455.4278181959,0,1058.3842281005,5548.17503019793,7431.3344882306,5417.53407166688,0,0,0,Qinghai,101.666576016249,34.4858912822781
1564,31.9011979023186,1,2534.46695302717,3,6184.91460474663,27,16784.4477010935,172.098419050482,901.254079665675,3083.05454876951,7215.41763389694,3309.70000513477,2102.92301457613,0,0,Gansu,102.220407125989,34.4995222755873
1565,39.4223204258633,1,2534.46695302717,9,9398.64157641477,33,16597.2844567802,187.066689666137,1324.76603512951,2951.79796185259,4578.52319539246,3081.17958657052,4473.95098816903,0,0,Gansu,102.77441132933,34.5106834501864
1566,9.59320336959287,1,2882.45149025384,18,8357.3478024693,39,17368.6359572131,1073.35249871616,443.668828517295,180.325585229382,1725.9708945546,7760.40354544901,3650.44765171946,2534.46695302717,0,Gansu,103.328554191772,34.5193738322701
1567,47.1001460089199,2,25.3449372862924,17,5005.94151199086,40,17396.8873359957,438.480226079488,5.18860243780657,208.576964012039,0,2827.47810846621,7426.89249300302,5416.91844328101,1073.35249871616,Gansu,103.882801227023,34.5255926629265
1568,20.2923960860897,1,69.3464715987555,10,321.362816254884,39,14440.3827671475,381.758713199132,0,141.893342099071,522.631005651283,2263.7199154647,4680.95068086976,5416.91844328101,1032.51066658259,Gansu,104.437117909853,34.5293393987123
1569,45.1619299322927,1,110.979113630626,4,213.765566449846,54,13958.3473737112,110.076345941218,854.234903534127,158.076133978259,870.342157623236,3083.65822957206,4604.78627377685,2977.75223144222,1299.42109784322,Gansu,104.991469688988,34.5306137120646
1570,18.8045915080764,2,139.230492413284,3,141.893342099071,45,9135.25702233901,104.887743503411,854.234903534127,132.710938183606,1070.27944994415,717.51793457187,1501.63982431546,4441.57398668601,312.412241600377,Gansu,105.545822000025,34.5294154915497
1571,49.1277105808688,1,28.2513787826574,5,269.055247608885,62,5749.41007336689,1027.41051776036,129.824755195602,0,3329.05208360278,1049.3571503583,0,208.576964012039,5.18860243780657,Gansu,106.100140278364,34.5257448419476
1572,21.8856700316341,3,129.824755195602,9,814.139360462213,56,5335.31710391927,1052.34752945255,0,0,3274.29969211961,694.081396134989,65.2816478576213,139.230492413284,110.076345941218,Shaanxi,106.654389972133,34.5196020841727
1573,58.1565171921377,0,0,32,1399.48209310263,56,6094.719176163,0,401.286999799923,0,2784.30124608755,1091.75938299753,694.081396134989,141.893342099071,981.396809043941,Shaanxi,107.208536555109,34.5109877550297
1574,62.2565343088566,0,0,36,2279.49995284852,57,5984.98699496717,0,401.286999799923,0.997555193695825,602.01031420657,2974.78252723638,993.598561018219,158.076133978259,854.234903534127,Shaanxi,107.762545539609,34.4999026068071
1575,82.2547145917455,0,0,23,1870.75527440977,58,13383.7577538751,401.286999799923,0,8135.6933203225,174.919322488671,1422.91955549864,2934.53435482282,129.824755195602,184.579445746945,Shaanxi,108.316382489348,34.4863476067069
1576,70.499255500978,0,0,2,175.667500441265,52,12917.5051882736,401.286999799923,1000.0638507382,7639.84433140928,0.249377241102178,601.760936965468,3274.29969211961,0,0,Shaanxi,108.870013032249,34.4703239361117
1577,37.3581957475153,1,0.997555193695825,6,7687.93662886935,46,12806.3450468587,0,1000.0638507382,7638.84677621559,609.265117080007,0.249377241102178,2589.31843248863,567.314493295281,401.286999799923,Shaanxi,109.423402873191,34.4518329896915
1578,32.1774167274539,4,7513.01730638068,7,8262.5203453511,26,15131.7343759445,1000.0638507382,3.66131267705771,550.486933388039,12122.3836181231,0,1455.13866101814,0,0,Shaanxi,109.976517806688,34.4308763743491
1579,20.9802160466904,5,7638.84677621559,8,8870.78790723741,29,15682.3394399513,1126.89087576681,732.415487946089,13.9654678982235,6121.13097947079,0,7683.2777609986,0.997555193695825,3.66131267705771,Henan,110.529323729485,34.4074559080083
1580,53.2149931567501,0,0,13,9855.10000792808,29,16183.3776988663,0,1408.12369210873,13.9654678982235,2060.36797381487,4060.76300565591,0.249377241102178,7513.01730638068,1126.89087576681,Henan,111.081786653055,34.3815736182443
1581,63.325447911454,0,0,13,3434.02186747012,28,16183.1283216252,123.582860707513,1284.54083140121,13.9654678982235,0,5512.86341758448,608.267561886311,7639.84433140928,1000.0638507382,Henan,111.633872715993,34.3532317407588
1582,23.1696309625152,2,13.9654678982235,7,1627.0958083271,26,15804.7429296352,984.463783749294,7.98047553877784,0,5.9849923594457,2151.24271394136,3969.88826552943,8261.52279015741,423.659908359433,Henan,112.185548196296,34.3224327177029
1583,32.3033299314334,2,13.9654678982235,3,437.625376257657,22,8015.90140470621,860.880923041781,472.681265228474,0,0,0,5518.84840994392,608.267561886311,555.223244605724,Henan,112.736779523505,34.2891791958479
1584,77.9612300462474,0,0,2,13.9654678982235,19,6135.33373308351,0,472.681265228474,0,0,0,4240.56330784809,13.9654678982235,1408.12369210873,Henan,113.287533290723,34.2534740246098
1585,109.772680878876,0,0,0,0,9,2650.13016873288,0,472.681265228474,0,0,0,878.942604204971,437.625376257657,860.880923041781,Henan,113.837776266465,34.2153202539257
1586,91.4280204235787,0,0,2,472.681265228474,5,1162.35493728934,472.681265228474,0,0,0,0,0,13.9654678982235,675.708204162639,Henan,114.387475406365,34.1747211319889
1587,98.326620860319,0,0,2,472.681265228474,2,472.681265228474,0,0,0,0,0,0,0,472.681265228474,Henan,114.936597864704,34.1316801028438
1588,126.400814162908,0,0,0,0,2,472.681265228474,0,0,0,0,0,0,0,472.681265228474,Henan,115.485111005761,34.0862008038437
1589,165.185372452579,0,0,0,0,2,472.681265228474,0,0,0,0,0,0,0,472.681265228474,Henan,116.032982414975,34.0382870629759
1590,172.90836690797,0,0,0,0,2,1783.38443297751,0,9.97714164310666,1773.40729133441,0,0,0,0,0,Henan,116.580179909907,33.9879428960554
1591,145.418855256989,0,0,0,0,3,1789.82405282044,0,9.97714164310666,1773.40729133441,6.43961984292425,0,0,0,0,Anhui,117.126671551003,33.935172503794
1592,107.132593766719,0,0,0,0,4,1831.37441249117,9.97714164310666,41.5503596707312,0,1779.84691117733,0,0,0,0,Anhui,117.672425652132,33.8799802687455
1593,69.1456793046669,0,0,1,1773.40729133441,5,1831.40433116414,9.97714164310666,41.5503596707312,0,1773.43721000738,6.43961984292425,0,0,0,Jiangsu,118.217410790906,33.8223707521325
1594,55.5414915700233,0,0,1,1773.40729133441,6,4352.44288422549,41.5503596707312,0,2521.03855306135,0,1779.8768298503,0,0,9.97714164310666,Jiangsu,118.761595818768,33.7623486905582
1595,79.928653217419,0,0,1,1773.40729133441,10,4418.78593453937,41.5503596707312,0,2584.52143261987,2.86017075535865,0.0299186729682417,1779.84691117733,0,9.97714164310666,Jiangsu,119.304949870846,33.6999189926082
1596,79.7634566389172,0,0,1,2521.03855306135,9,4408.80879289626,0,0,2521.03855306135,63.4828795585196,2.89008942832689,1779.84691117733,0,41.5503596707312,Jiangsu,119.847442375551,33.635086735344
1597,30.2586967880949,1,2521.03855306135,4,2584.52143261987,9,4408.80879289626,0,0,2521.03855306135,63.4828795585196,2.86017075535865,6.46953851589249,1773.40729133441,41.5503596707312,Jiangsu,120.389043063938,33.5678571606963
1598,566.128574877653,0,0,0,0,0,0,0,0,0,0,0,0,0,0,Tibet,78.8545066606366,32.1545754406469
1599,577.635903093983,0,0,0,0,0,0,0,0,0,0,0,0,0,0,Tibet,79.3749303556476,32.2690258414769
1600,575.028271566911,0,0,0,0,0,0,0,0,0,0,0,0,0,0,Tibet,79.8967984131201,32.3812048506901
1601,525.498641461473,0,0,0,0,0,0,0,0,0,0,0,0,0,0,Tibet,80.4200878963444,32.4911046054225
1602,476.067359996956,0,0,0,0,0,0,0,0,0,0,0,0,0,0,Tibet,80.94477542761,32.5987173222948
1603,426.768602794412,0,0,0,0,0,0,0,0,0,0,0,0,0,0,Tibet,81.4708371917739,32.704035302259
1604,377.654272328171,0,0,0,0,0,0,0,0,0,0,0,0,0,0,Tibet,81.9982489401391,32.8070509354317
1605,328.807023167599,0,0,0,0,0,0,0,0,0,0,0,0,0,0,Tibet,82.5269859946426,32.9077567059122
1606,280.366487942053,0,0,0,0,0,0,0,0,0,0,0,0,0,0,Tibet,83.0570232523546,33.0061451965785
1607,232.586922757028,0,0,0,0,0,0,0,0,0,0,0,0,0,0,Tibet,83.5883351902908,33.1022090938587
1608,185.978454973164,0,0,0,0,1,308232.311164383,0,308232.311164383,0,0,0,0,0,0,Tibet,84.1208958705365,33.1959411924722
1609,141.701428330233,0,0,0,0,1,308232.311164383,0,308232.311164383,0,0,0,0,0,0,Tibet,84.654678945683,33.2873344001372
1610,102.813442056231,0,0,0,0,1,308232.311164383,0,308232.311164383,0,0,0,0,0,0,Tibet,85.1896576645767,33.3763817422388
1611,77.8582875747392,0,0,1,308232.311164383,1,308232.311164383,308232.311164383,0,0,0,0,0,0,0,Tibet,85.7258048783783,33.463076366454
1612,80.9519735441549,0,0,1,308232.311164383,1,308232.311164383,308232.311164383,0,0,0,0,0,0,0,Tibet,86.263093046933,33.5474115473279
1613,109.747579004351,0,0,0,0,1,308232.311164383,0,0,0,0,0,0,0,308232.311164383,Tibet,86.8014942454478,33.6293806907978
1614,150.119419709575,0,0,0,0,1,308232.311164383,0,0,0,0,0,0,0,308232.311164383,Tibet,87.3409801714755,33.7089773386587
1615,195.005510820998,0,0,0,0,1,308232.311164383,0,0,0,0,0,0,0,308232.311164383,Tibet,87.8815221522022,33.7861951729673
1616,241.905887334685,0,0,0,0,0,0,0,0,0,0,0,0,0,0,Tibet,88.4230911520352,33.8610280203774
1617,278.104212554907,0,0,0,0,0,0,0,0,0,0,0,0,0,0,Tibet,88.9656577804878,33.9334698564043
1618,234.569663698963,0,0,0,0,0,0,0,0,0,0,0,0,0,0,Tibet,89.5091923003582,34.0035148096122
1619,194.174924269075,0,0,0,0,1,51210.0208938617,0,51210.0208938617,0,0,0,0,0,0,Qinghai,90.0536646361968,34.0711571657193
1620,159.326317041361,0,0,0,0,1,51210.0208938617,0,51210.0208938617,0,0,0,0,0,0,Qinghai,90.5990443830584,34.1363913716168
1621,134.409260800831,0,0,0,0,1,51210.0208938617,51210.0208938617,0,0,0,0,0,0,0,Qinghai,91.1453008155337,34.1992120392973
1622,125.48634776773,0,0,0,0,1,51210.0208938617,51210.0208938617,0,0,0,0,0,0,0,Qinghai,91.6924028970544,34.2596139496867
1623,135.749024170138,0,0,0,0,1,51210.0208938617,51210.0208938617,0,0,0,0,0,0,0,Qinghai,92.2403192894661,34.3175920563755
1624,161.58208950934,0,0,0,0,1,51210.0208938617,0,0,0,0,0,0,0,51210.0208938617,Qinghai,92.7890183628631,34.3731414892466
1625,196.951125250056,0,0,0,0,1,51210.0208938617,0,0,0,0,0,0,0,51210.0208938617,Qinghai,93.3384682056775,34.4262575579918
1626,237.635687185916,0,0,0,0,0,0,0,0,0,0,0,0,0,0,Qinghai,93.8886366350162,34.4769357555159
1627,243.376701982039,0,0,0,0,0,0,0,0,0,0,0,0,0,0,Qinghai,94.4394912072375,34.525171761222
1628,210.098330346866,0,0,0,0,0,0,0,0,0,0,0,0,0,0,Qinghai,94.9909992287598,34.5709614441754
1629,184.527498659211,0,0,0,0,1,107.493011969885,0,0,0,107.493011969885,0,0,0,0,Qinghai,95.5431277670943,34.6143008661399
1630,170.1748721413,0,0,0,0,2,6887.07618887215,0,0,0,6779.58317690226,107.493011969885,0,0,0,Qinghai,96.0958436620919,34.6551862844852
1631,160.545151595051,0,0,0,0,2,6887.07618887215,0,0,0,6779.58317690226,107.493011969885,0,0,0,Qinghai,96.6491135373968,34.6936141549598
1632,129.873801438894,0,0,0,0,2,6887.07618887215,0,0,0,6779.58317690226,0,107.493011969885,0,0,Qinghai,97.2029038120959,34.729581134326
1633,113.840515194266,0,0,0,0,1,6779.58317690226,0,0,0,0,6779.58317690226,0,0,0,Qinghai,97.7571807125556,34.763084082854
1634,118.541644577776,0,0,0,0,1,6779.58317690226,0,0,0,0,6779.58317690226,0,0,0,Qinghai,98.3119102844344,34.794120066672
1635,141.931603593818,0,0,0,0,1,6779.58317690226,0,0,0,0,0,6779.58317690226,0,0,Qinghai,98.8670584048628,34.8226863599681
1636,176.740031397024,0,0,0,0,1,6779.58317690226,0,0,0,0,0,6779.58317690226,0,0,Qinghai,99.4225907947779,34.8487804470417
1637,217.553435499723,0,0,0,0,0,0,0,0,0,0,0,0,0,0,Qinghai,99.9784730314043,34.8724000242018
1638,185.533288073258,0,0,0,0,1,2534.46695302717,0,0,0,2534.46695302717,0,0,0,0,Qinghai,100.534670560866,34.8935430015095
1639,141.276444970166,0,0,0,0,4,5532.33521626953,0,172.098419050482,886.285809050021,4473.95098816903,0,0,0,0,Qinghai,101.091148710926,34.9122075043617
1640,102.447385635613,0,0,0,0,12,10272.5845129369,0,187.066689666137,3899.99388622077,4246.03990190811,1939.48403514185,0,0,0,Qinghai,101.647872703826,34.9283918749148
1641,77.665305920516,0,0,2,3420.75276207719,24,13549.1858840883,0,494.290328828707,1017.54239596694,5852.43855454599,6184.91460474663,0,0,0,Gansu,102.20480766924,34.9420946733454
1642,55.5961908678101,0,0,7,6606.55925829843,27,14121.0001698661,684.345901407399,1193.50944821259,205.79166095348,4804.72912117185,7232.62403812077,0,0,0,Gansu,102.761918657301,34.9533146789477
1643,36.186041112059,4,1017.54239596694,5,3899.99388622077,26,13623.7209581248,901.254079665675,307.22363916257,205.79166095348,0,7563.4021711236,4473.95098816903,0,172.098419050482,Gansu,103.31917065171,34.9620508910636
1644,9.77475136138834,3,131.256586916918,8,4281.75259941991,31,12671.1022530098,307.22363916257,5.18860243780657,0,208.576964012039,3817.01256960241,7128.49139216195,131.256586916918,1073.35249871616,Gansu,103.876528582908,34.9683025298481
1645,29.752189735666,2,74.535074036562,5,205.79166095348,37,12249.7891910143,307.22363916257,310.779498290143,984.059658729729,139.230492413284,1471.7054653155,7832.18135147,1017.54239596694,187.066689666137,Gansu,104.433957341291,34.9720690368639
1646,39.1850902835396,1,5.18860243780657,4,213.765566449846,30,8651.58294665082,200.703152348925,1027.41051776036,129.824755195602,461.302917331339,628.311373676669,1991.62410251677,3899.99388622077,312.412241600377,Gansu,104.991421790475,34.9733500755093
1647,68.4240531101064,0,0,4,814.074552638273,22,2704.26561396921,305.590895852337,922.522774256946,129.824755195602,656.063226483954,177.248662064318,0,200.603058515674,312.412241600377,Gansu,105.548886780571,34.9721455312755
1648,52.7800631932258,0,0,7,1123.29015114301,45,3534.60319629829,1043.53422436234,184.579445746945,0,1398.64256360418,694.081396134989,139.230492413284,74.535074036562,0,Gansu,106.106317161488,34.968455511834
1649,20.6351050284562,3,129.824755195602,5,984.059658729729,56,5470.73860841057,252.867316469764,0,0,2561.42371876437,1536.78212468583,139.230492413284,5.18860243780657,975.246353639519,Shaanxi,106.663677796227,34.9622803469546
1650,55.3703896355358,0,0,4,314.404200942546,56,5840.80379867133,0,401.286999799923,0,1170.49850902831,2603.27167012624,511.174196446694,127.161905509814,1027.41051776036,Gansu,107.220933574163,34.9536205882526
1651,103.469573002167,0,0,0,0,55,5986.7559400152,0,401.286999799923,0,602.758492159164,3274.29969211961,656.063226483954,129.824755195602,922.522774256946,Shaanxi,107.778049424306,34.9424770087677
1652,106.63896205438,0,0,0,0,55,13774.7378219747,401.286999799923,377.387836796381,626.337326618879,7684.27531619229,2432.57287542893,1268.81780840858,984.059658729729,0,Shaanxi,108.334990328521,34.9288506023724
1653,107.936786224043,0,0,0,0,49,12204.6292149183,401.286999799923,377.387836796381,753.164351647486,7509.35599370362,602.01031420657,2561.42371876437,0,0,Shaanxi,108.891721334702,34.9127425830138
1654,79.0752526616575,0,0,4,627.334881812575,26,11818.1853465137,0,377.387836796381,753.164351647486,8116.62600039623,175.916877682367,1993.80328019131,0,401.286999799923,Shaanxi,109.448207569879,34.8941543837872
1655,32.9831990839377,3,626.337326618879,8,8639.90818214749,22,12115.6168506318,377.387836796381,622.676013941822,547.242769066946,9991.10635334432,1.246932434798,174.669945247569,0,401.286999799923,Shaanxi,110.004414253253,34.8730876558445
1656,29.0679670349714,5,753.164351647486,7,8638.91062695379,28,14610.1977407983,577.546247379768,123.582860707513,622.798095136799,4240.56330784809,8243.45302542484,179.578190359425,0,622.676013941822,Shanxi,110.560306709145,34.8495442671383
1657,56.8912360460769,0,0,7,1300.40712071443,27,15110.9866224722,200.158410583387,984.463783749294,431.640383898211,884.927596564416,3969.88826552943,7636.18301873223,626.337326618879,377.387836796381,Shanxi,111.115850379848,34.8235263010034
1658,26.7366498560935,1,423.659908359433,4,740.395963484867,27,15110.9866224722,323.7412712909,860.880923041781,423.659908359433,13.9654678982235,4240.56330784809,8117.62355558993,753.164351647486,377.387836796381,Henan,111.671010838362,34.7950360545776
1659,25.7331492196525,2,431.640383898211,6,1422.08916000695,25,14909.8306566951,185.172718879142,675.708204162639,0,7.98047553877784,2813.08411282959,9550.09018777418,1176.82426000692,500.970697503894,Henan,112.225753801015,34.7640760370641
1660,48.0742344171658,1,7.98047553877784,5,1298.50629929944,20,6743.60129496982,675.708204162639,0,472.681265228474,0,5.9849923594457,4856.81134527317,423.659908359433,308.755579586656,Henan,112.780045139946,34.7306489678386
1661,87.71144761616,0,0,2,683.688679701417,12,3084.24085730487,0,0,472.681265228474,0,0,1203.43589996767,423.659908359433,984.463783749294,Henan,113.333850895444,34.6947577744018
1662,74.061727914797,0,0,2,472.681265228474,8,1894.77042523543,0,472.681265228474,0,0,0,5.9849923594457,555.223244605724,860.880923041781,Henan,113.887137288134,34.6564055901824
1663,42.3577737017306,2,472.681265228474,2,472.681265228474,5,1162.35493728934,472.681265228474,0,0,0,0,0,13.9654678982235,675.708204162639,Henan,114.439870730994,34.6155957521914
1664,55.7065745151036,0,0,2,472.681265228474,2,472.681265228474,0,0,0,0,0,0,0,472.681265228474,Henan,114.992017841199,34.5723317985327
1665,97.0168227445656,0,0,2,472.681265228474,2,472.681265228474,0,0,0,0,0,0,0,472.681265228474,Henan,115.543545451774,34.5266174657721
1666,143.948967855558,0,0,0,0,3,482.658406871581,0,9.97714164310666,0,0,0,0,472.681265228474,0,Henan,116.094420623054,34.4784566861685
1667,138.806878753248,0,0,0,0,3,482.658406871581,0,9.97714164310666,0,0,0,0,472.681265228474,0,Anhui,116.644610653941,34.427853584771
1668,102.550912754104,0,0,0,0,3,1824.93479264824,0,9.97714164310666,41.5503596707312,1773.40729133441,0,0,0,0,Jiangsu,117.194083092937,34.3748124763859
1669,82.2558801798742,0,0,1,9.97714164310666,4,1831.37441249117,9.97714164310666,41.5503596707312,0,1779.84691117733,0,0,0,0,Jiangsu,117.742805748967,34.3193378624174
1670,89.5285984567735,0,0,1,9.97714164310666,4,1831.37441249117,0,41.5503596707312,0,0,1779.84691117733,0,0,9.97714164310666,Jiangsu,118.290746701957,34.2614344275853
1671,68.0273390616017,0,0,1,41.5503596707312,5,4352.41296555252,0,41.5503596707312,2521.03855306135,0,1779.84691117733,0,0,9.97714164310666,Jiangsu,118.83787431318,34.2011070365249
1672,59.9641513559494,0,0,1,41.5503596707312,8,4415.89584511104,41.5503596707312,0,0,2584.52143261987,6.43961984292425,1773.40729133441,0,9.97714164310666,Jiangsu,119.384157235357,34.1383607302738
1673,86.9694201192364,0,0,2,2562.58891273208,7,4405.91870346794,0,0,0,2584.52143261987,0,1779.84691117733,0,41.5503596707312,Jiangsu,119.929564422492,34.0732007226472
1674,517.108986551885,0,0,0,0,0,0,0,0,0,0,0,0,0,0,Tibet,78.7136542349408,32.5830682198512
1675,546.557453954392,0,0,0,0,0,0,0,0,0,0,0,0,0,0,Tibet,79.7610586819813,32.8107598535829
1676,520.698155534075,0,0,0,0,0,0,0,0,0,0,0,0,0,0,Tibet,80.2869379011553,32.9211790706603
1677,470.763080809449,0,0,0,0,0,0,0,0,0,0,0,0,0,0,Tibet,80.8142370533693,33.0293032160322
1678,420.843423769249,0,0,0,0,0,0,0,0,0,0,0,0,0,0,Tibet,81.3429320292369,33.135124392036
1679,370.945408930276,0,0,0,0,0,0,0,0,0,0,0,0,0,0,Tibet,81.8729982749266,33.2386347919554
1680,321.079126514122,0,0,0,0,0,0,0,0,0,0,0,0,0,0,Tibet,82.4044107963913,33.3398267049754
1681,271.262077260528,0,0,0,0,0,0,0,0,0,0,0,0,0,0,Tibet,82.9371441639188,33.4386925211192
1682,221.527478287269,0,0,0,0,0,0,0,0,0,0,0,0,0,0,Tibet,83.4711725170064,33.5352247361593
1683,171.946889221462,0,0,0,0,1,308232.311164383,0,0,308232.311164383,0,0,0,0,0,Tibet,84.0064695695572,33.6294159565002
1684,122.707138299128,0,0,0,0,1,308232.311164383,0,0,308232.311164383,0,0,0,0,0,Tibet,84.5430086154008,33.7212589040279
1685,74.4872530449544,0,0,1,308232.311164383,1,308232.311164383,0,0,308232.311164383,0,0,0,0,0,Tibet,85.0807625341363,33.8107464209198
1686,32.2437581991518,1,308232.311164383,1,308232.311164383,1,308232.311164383,0,308232.311164383,0,0,0,0,0,0,Tibet,85.6197037972972,33.8978714744118
1687,39.1275992034738,1,308232.311164383,1,308232.311164383,1,308232.311164383,0,0,0,0,0,0,0,308232.311164383,Tibet,86.1598044748374,33.9826271615171
1688,83.7990339804095,0,0,1,308232.311164383,1,308232.311164383,0,0,0,0,0,0,308232.311164383,0,Tibet,86.7010362419365,34.0650067136916
1689,132.338910274616,0,0,0,0,1,308232.311164383,0,0,0,0,0,0,308232.311164383,0,Tibet,87.2433703861215,34.1450035014409
1690,181.672497228652,0,0,0,0,1,308232.311164383,0,0,0,0,0,0,308232.311164383,0,Tibet,87.7867778147034,34.2226110388646
1691,231.292467075594,0,0,0,0,0,0,0,0,0,0,0,0,0,0,Tibet,88.3312290625256,34.2978229881314
1692,249.8525699425,0,0,0,0,0,0,0,0,0,0,0,0,0,0,Tibet,88.8766943000199,34.3706331638822
1693,212.074509091309,0,0,0,0,0,0,0,0,0,0,0,0,0,0,Tibet,89.4231433415666,34.4410355375537
1694,166.302650289699,0,0,0,0,1,51210.0208938617,0,51210.0208938617,0,0,0,0,0,0,Qinghai,89.970545654155,34.5090242416191
1695,123.844844787492,0,0,0,0,1,51210.0208938617,0,51210.0208938617,0,0,0,0,0,0,Qinghai,90.5188703663382,34.5745935737407
1696,89.5461873420567,0,0,1,51210.0208938617,1,51210.0208938617,0,51210.0208938617,0,0,0,0,0,0,Qinghai,91.0680862774784,34.6377380008291
1697,75.49499158592,0,0,1,51210.0208938617,1,51210.0208938617,51210.0208938617,0,0,0,0,0,0,0,Qinghai,91.6181618672761,34.6984521630041
1698,91.5448952242509,0,0,1,51210.0208938617,1,51210.0208938617,0,0,0,0,0,0,0,51210.0208938617,Qinghai,92.1690653055767,34.7567308774527
1699,126.733744238378,0,0,0,0,1,51210.0208938617,0,0,0,0,0,0,0,51210.0208938617,Qinghai,92.7207644624495,34.8125691421799
1700,169.53588415359,0,0,0,0,1,51210.0208938617,0,0,0,0,0,0,0,51210.0208938617,Qinghai,93.2732269185306,34.8659621396459
1701,215.46087835799,0,0,0,0,0,0,0,0,0,0,0,0,0,0,Qinghai,93.8264199756226,34.9169052402874
1702,262.877089511159,0,0,0,0,0,0,0,0,0,0,0,0,0,0,Qinghai,94.3803106675444,34.9653940059169
1703,251.913489678233,0,0,0,0,0,0,0,0,0,0,0,0,0,0,Qinghai,94.9348657712207,35.0114241929959
1704,228.98457504195,0,0,0,0,0,0,0,0,0,0,0,0,0,0,Qinghai,95.4900518180047,35.0549917557785
1705,200.903784962962,0,0,0,0,0,0,0,0,0,0,0,0,0,0,Qinghai,96.0458351052244,35.0960928493199
1706,182.457463584644,0,0,0,0,2,10613.144867038,3833.5616901357,0,0,6779.58317690226,0,0,0,0,Qinghai,96.6021817079414,35.1347238323476
1707,175.111123063476,0,0,0,0,2,10613.144867038,3833.5616901357,0,0,0,6779.58317690226,0,0,0,Qinghai,97.1590574909157,35.1708812699895
1708,163.573726557969,0,0,0,0,2,10613.144867038,3833.5616901357,0,0,0,6779.58317690226,0,0,0,Qinghai,97.7164281207629,35.204561936357
1709,166.879665087057,0,0,0,0,1,6779.58317690226,0,0,0,0,6779.58317690226,0,0,0,Qinghai,98.2742590782965,35.2357628169782
1710,184.231596690348,0,0,0,0,1,6779.58317690226,0,0,0,0,0,6779.58317690226,0,0,Qinghai,98.8325156710417,35.2644811110793
1711,194.670901522997,0,0,0,0,1,5945.04354378932,0,5945.04354378932,0,0,0,0,0,0,Qinghai,99.3911630459126,35.2907142337092
1712,178.735364940404,0,0,0,0,1,5945.04354378932,5945.04354378932,0,0,0,0,0,0,0,Qinghai,99.9501662020382,35.3144598177064
1713,176.056529163161,0,0,0,0,2,6117.14196283981,5945.04354378932,0,172.098419050482,0,0,0,0,0,Qinghai,100.509490003729,35.335715715504
1714,150.041876151886,0,0,0,0,5,9552.86299553265,5945.04354378932,0,1073.35249871616,2534.46695302717,0,0,0,0,Qinghai,101.069099193571,35.3544800007709
1715,103.937406175743,0,0,0,0,9,7118.80674065535,0,684.345901407399,1017.54239596694,5416.91844328101,0,0,0,0,Qinghai,101.628958405631,35.3707509698873
1716,63.9797171446663,0,0,3,1073.35249871616,14,11077.0873638407,497.279211741263,187.066689666137,1324.76603512951,2883.06082255717,6184.91460474663,0,0,0,Qinghai,102.18903217877,35.3845271432507
1717,44.8969085615919,2,1058.3842281005,3,1073.35249871616,24,10579.6918775503,669.377630791745,14.9682706156547,1198.6980506504,3087.64659044029,5609.00133505219,0,0,0,Gansu,102.749284970044,35.3958072664131
1718,16.0660508251577,1,886.285809050021,7,1511.83272479565,25,11134.4160336534,512.247482356917,307.22363916257,5.18860243780657,200.603058515674,6516.30207005279,3420.75276207719,0,172.098419050482,Gansu,103.309681168185,35.4045903110463
1719,44.7016976795559,1,307.22363916257,8,1414.26937978173,28,9868.27380534145,307.22363916257,305.590895852337,5.18860243780657,208.576964012039,2053.53421783494,5417.52777558434,886.285809050021,684.345901407399,Gansu,103.870185107142,35.410875475733
1720,35.787537836725,1,5.18860243780657,6,513.01530011605,23,7753.99908729906,0,373.878766575156,854.234903534127,144.41909485109,628.662669372696,4372.22751508726,1058.3842281005,322.191909778225,Gansu,104.43076107968,35.414662186585
1721,22.9815385608312,1,5.18860243780657,3,381.758713199132,19,5793.88978775373,0,373.878766575156,854.234903534127,158.076133978259,110.979113630626,3088.24315120732,901.254079665675,307.22363916257,Gansu,104.991373351014,35.415950097686
1722,68.7230124256917,0,0,4,964.311249475345,16,2010.18421783422,305.590895852337,68.2878707228192,854.234903534127,129.824755195602,139.230492413284,69.3464715987555,443.668828517295,0,Gansu,105.551986172477,35.4147390913579
1723,20.7193740434678,2,854.234903534127,7,1157.23527295596,18,2534.99085740125,268.991023071745,669.655457787182,184.579445746945,129.824755195602,684.314605266612,180.325585229382,312.412241600377,104.887743503411,Ningxia,106.112563795187,35.4110292782522
1724,19.6191696478487,2,854.234903534127,6,1052.34752945255,39,3641.94371998503,68.2878707228192,0,401.286999799923,706.03791973601,1162.08603548872,139.230492413284,674.844060224989,490.170341599282,Gansu,106.673070483731,35.4048209972644
1725,65.9809904100205,0,0,5,984.059658729729,44,3959.53433181673,0,401.286999799923,0,572.892381535149,1599.16514639412,158.076133978259,854.234903534127,373.878766575156,Gansu,107.233470529821,35.3961148152722
1726,90.3518229842814,0,0,1,401.286999799923,45,4117.26063568713,0,401.286999799923,0,0,2558.73836293125,129.824755195602,854.234903534127,173.175614226231,Gansu,107.793728265937,35.3849115266989
1727,58.667993905769,0,0,1,401.286999799923,43,4598.99592991353,401.286999799923,0,1000.0638507382,4.65886787075353,2063.95779312617,206.505644121536,854.234903534127,68.2878707228192,Gansu,108.353808078921,35.3712121529007
1728,60.9952055597211,0,0,1,401.286999799923,12,10356.0720020254,0,0,1000.0638507382,7639.84433140928,747.562326782718,567.314493295281,0,401.286999799923,Shaanxi,108.913674423525,35.3550179413798
1729,82.5198806881748,0,0,3,1401.35085053813,11,9216.11450443608,0,377.387836796381,622.676013941822,7638.84677621559,175.916877682367,0,0,401.286999799923,Shaanxi,109.473291835893,35.3363303648256
1730,40.5527625088353,2,1000.0638507382,6,1130.55218844387,15,10571.7832459727,0,577.546247379768,547.242769066946,1357.77060085674,7513.26668362178,174.669945247569,0,401.286999799923,Shaanxi,110.032624946963,35.3151511199823
1731,38.4645601223087,2,1000.0638507382,6,1130.55218844387,16,11265.7253220646,200.158410583387,0,1408.12369210873,7.98047553877784,8247.1143381019,623.673569135518,401.286999799923,377.387836796381,Shanxi,110.591638495783,35.2914821263482
1732,71.8180249262957,0,0,6,1674.13364483375,23,12698.8859901746,200.158410583387,0,984.463783749294,437.625376257657,2436.73023743679,8262.5203453511,0,377.387836796381,Shanxi,111.150297342722,35.2653255247051
1733,27.5217153842728,2,547.242769066946,4,1408.12369210873,24,13257.5546887566,200.158410583387,123.582860707513,860.880923041781,437.625376257657,2996.39649121246,7638.84677621559,1000.0638507382,0,Shanxi,111.708566482565,35.2366836754824
1734,15.8544009402513,4,1408.12369210873,5,1416.10416764751,22,5424.33568659224,0,185.172718879142,675.708204162639,0,2077.23383356994,1162.41580795141,1000.0638507382,323.7412712909,Henan,112.266411057487,35.2055591569572
1735,17.8001913821013,2,860.880923041781,5,1416.10416764751,9,2538.90733931916,0,0,472.681265228474,0,13.9654678982235,1067.79682244317,308.755579586656,675.708204162639,Henan,112.82379636988,35.1719547632923
1736,59.9159168365755,0,0,2,860.880923041781,8,1894.77042523543,0,0,472.681265228474,0,0,13.9654678982235,1408.12369210873,0,Henan,113.380687895037,35.135873502416
1737,62.1722701879055,0,0,2,472.681265228474,8,1894.77042523543,0,0,472.681265228474,0,0,13.9654678982235,1408.12369210873,0,Henan,113.93705129367,35.0973185937459
1738,14.4278477432783,2,472.681265228474,2,472.681265228474,4,1333.56218827026,0,0,0,472.681265228474,0,0,860.880923041781,0,Henan,114.492852424259,35.0562934657605
1739,39.2214293288402,2,472.681265228474,2,472.681265228474,2,472.681265228474,0,0,0,0,0,0,472.681265228474,0,Shandong,115.048057355214,35.01280175342
1740,88.5853372169553,0,0,2,472.681265228474,7,772.25276156096,0,299.571496332486,0,0,0,0,472.681265228474,0,Shandong,115.602632376847,34.9668472954433
1741,138.406659597979,0,0,0,0,8,782.229903204066,299.571496332486,0,9.97714164310666,0,0,0,472.681265228474,0,Shandong,116.156544013134,34.9184341314408
1742,116.779261136878,0,0,0,0,8,782.229903204066,299.571496332486,0,9.97714164310666,0,0,0,472.681265228474,0,Jiangsu,116.709759033274,34.8675664989098
1743,69.9051925763998,0,0,1,9.97714164310666,7,351.098997646323,299.571496332486,9.97714164310666,41.5503596707312,0,0,0,0,0,Shandong,117.262244463012,34.8142488300957
1744,33.7057275046318,1,9.97714164310666,1,9.97714164310666,8,2124.50628898073,9.97714164310666,0,41.5503596707312,1773.40729133441,0,0,0,299.571496332486,Shandong,117.81396759574,34.7584857487223
1745,48.8407225999299,1,9.97714164310666,2,51.5275013138379,3,1824.93479264824,0,0,41.5503596707312,0,1773.40729133441,0,0,9.97714164310666,Shandong,118.364896003354,34.700282066596
1746,36.2459342969739,1,41.5503596707312,2,51.5275013138379,3,1824.93479264824,0,0,41.5503596707312,0,1773.40729133441,0,9.97714164310666,0,Jiangsu,118.914997546861,34.6396427800889
1747,16.785360916607,1,41.5503596707312,1,41.5503596707312,4,4345.9733457096,0,0,0,2521.03855306135,1773.40729133441,0,9.97714164310666,41.5503596707312,Jiangsu,119.464240386727,34.5765730665046
1748,500.624800776809,0,0,0,0,0,0,0,0,0,0,0,0,0,0,Tibet,79.6238752814373,33.2399254322143
1749,520.676786668391,0,0,0,0,0,0,0,0,0,0,0,0,0,0,Tibet,80.1523678981918,33.3508748682749
1750,470.73944518379,0,0,0,0,0,0,0,0,0,0,0,0,0,0,Tibet,80.6823027813919,33.459521055485
1751,420.816984363226,0,0,0,0,0,0,0,0,0,0,0,0,0,0,Tibet,81.2136555234994,33.5658558925545
1752,370.915412736089,0,0,0,0,0,0,0,0,0,0,0,0,0,0,Tibet,81.7464012613194,33.6698713709169
1753,321.044471190217,0,0,0,0,0,0,0,0,0,0,0,0,0,0,Tibet,82.2805146802696,33.7715595798291
1754,271.221056628037,0,0,0,0,0,0,0,0,0,0,0,0,0,0,Tibet,82.8159700189818,33.870912711453
1755,221.477246314493,0,0,0,0,0,0,0,0,0,0,0,0,0,0,Tibet,83.3527410742375,33.9679230659126
1756,171.882168102663,0,0,0,0,1,308232.311164383,0,0,308232.311164383,0,0,0,0,0,Tibet,83.8908012062377,34.062583056324
1757,122.616429520251,0,0,0,0,1,308232.311164383,0,0,308232.311164383,0,0,0,0,0,Tibet,84.4301233442069,34.1548852137921
1758,74.3377284083721,0,0,1,308232.311164383,1,308232.311164383,0,0,308232.311164383,0,0,0,0,0,Tibet,84.9706799923317,34.2448221923684
1759,31.8968171067293,1,308232.311164383,1,308232.311164383,1,308232.311164383,0,0,0,308232.311164383,0,0,0,0,Tibet,85.512443236032,34.3323867739666
1760,38.8421937866751,1,308232.311164383,1,308232.311164383,1,308232.311164383,0,0,0,0,0,308232.311164383,0,0,Tibet,86.0553847485655,34.4175718732287
1761,83.6661526232938,0,0,1,308232.311164383,1,308232.311164383,0,0,0,0,0,0,308232.311164383,0,Tibet,86.5994757979615,34.500370542339
1762,132.254807744017,0,0,0,0,1,308232.311164383,0,0,0,0,0,0,308232.311164383,0,Tibet,87.144687254284,34.5807759757778
1763,181.611242075012,0,0,0,0,6,308479.729088417,247.417924033009,0,0,0,0,0,308232.311164383,0,Tibet,87.6909895972205,34.6587815150124
1764,191.399352684054,0,0,0,0,5,247.417924033009,247.417924033009,0,0,0,0,0,0,0,Tibet,88.2383529239938,34.7343806531181
1765,202.150480476108,0,0,0,0,0,0,0,0,0,0,0,0,0,0,Tibet,88.7867469575929,34.8075670393249
1766,199.82058874099,0,0,0,0,1,51210.0208938617,0,0,51210.0208938617,0,0,0,0,0,Tibet,89.3361410553194,34.8783344834846
1767,150.363698317961,0,0,0,0,1,51210.0208938617,0,0,51210.0208938617,0,0,0,0,0,Qinghai,89.8865042176453,34.9466769604528
1768,101.440701194903,0,0,0,0,1,51210.0208938617,0,0,51210.0208938617,0,0,0,0,0,Qinghai,90.4378050973762,35.0125886143803
1769,54.5086226754547,0,0,1,51210.0208938617,1,51210.0208938617,0,51210.0208938617,0,0,0,0,0,0,Qinghai,90.9900120091157,35.0760637629096
1770,25.5375024823284,1,51210.0208938617,1,51210.0208938617,1,51210.0208938617,51210.0208938617,0,0,0,0,0,0,0,Qinghai,91.5430929390247,35.137096901271
1771,57.7333362979785,0,0,1,51210.0208938617,1,51210.0208938617,0,0,0,0,0,0,0,51210.0208938617,Qinghai,92.097015554869,35.195682706272
1772,104.94814056073,0,0,0,0,1,51210.0208938617,0,0,0,0,0,0,51210.0208938617,0,Qinghai,92.6517472163485,35.2518160401772
1773,153.932083381647,0,0,0,0,1,51210.0208938617,0,0,0,0,0,0,51210.0208938617,0,Qinghai,93.2072549857019,35.3054919544719
1774,203.41106258332,0,0,0,0,0,0,0,0,0,0,0,0,0,0,Qinghai,93.7635056385773,35.356705693506
1775,253.094911976385,0,0,0,0,0,0,0,0,0,0,0,0,0,0,Qinghai,94.3204656751621,35.4054526980117
1776,233.113279322604,0,0,0,0,0,0,0,0,0,0,0,0,0,0,Qinghai,94.8781013315635,35.4517286084929
1777,193.054904630365,0,0,0,0,1,3833.5616901357,0,3833.5616901357,0,0,0,0,0,0,Qinghai,95.4363785914296,35.4955292684788
1778,158.740641951395,0,0,0,0,1,3833.5616901357,0,3833.5616901357,0,0,0,0,0,0,Qinghai,95.9952631978038,35.5368507276402
1779,134.63649806958,0,0,0,0,1,3833.5616901357,3833.5616901357,0,0,0,0,0,0,0,Qinghai,96.5547206651998,35.5756892447626
1780,126.709833153302,0,0,0,0,1,3833.5616901357,3833.5616901357,0,0,0,0,0,0,0,Qinghai,97.1147162918906,35.6120412905722
1781,137.781628031597,0,0,0,0,1,3833.5616901357,0,0,0,0,0,0,0,3833.5616901357,Qinghai,97.6752151723981,35.6459035504114
1782,164.049298164724,0,0,0,0,1,3833.5616901357,0,0,0,0,0,0,0,3833.5616901357,Qinghai,98.2361822101741,35.6772729267606
1783,183.87458206106,0,0,0,0,2,9778.60523392502,0,5945.04354378932,0,0,0,0,0,3833.5616901357,Qinghai,98.7975821304605,35.7061465416014
1784,151.193361986342,0,0,0,0,1,5945.04354378932,0,5945.04354378932,0,0,0,0,0,0,Qinghai,99.359379493319,35.7325217386186
1785,130.034624194237,0,0,0,0,1,5945.04354378932,5945.04354378932,0,0,0,0,0,0,0,Qinghai,99.9215387068159,35.7563960852389
1786,126.327250702051,0,0,0,0,2,6117.14196283981,5945.04354378932,0,172.098419050482,0,0,0,0,0,Qinghai,100.484024040353,35.7777673745015
1787,141.450150408327,0,0,0,0,4,6629.38944519672,0,497.279211741263,187.066689666137,0,0,0,0,5945.04354378932,Qinghai,101.046799638128,35.7966336267594
1788,92.1137764284341,0,0,1,172.098419050482,6,10050.1422072739,0,497.279211741263,187.066689666137,886.285809050021,2534.46695302717,0,0,5945.04354378932,Qinghai,101.60982953272,35.8129930912087
1789,42.1351113831961,1,172.098419050482,2,187.066689666137,12,7431.67902464138,5.64864482346727,497.279211741263,494.290328828707,3899.99388622077,2534.46695302717,0,0,0,Qinghai,102.173077658775,35.8268442472434
1790,8.11094412782097,2,187.066689666137,4,1570.63171045742,14,7506.21409867795,502.92785656473,0,327.380512216031,1086.88886756569,5416.91844328101,0,172.098419050482,0,Qinghai,102.73650786679,35.8381858056337
1791,22.1598535488912,1,14.9682706156547,4,1380.57613787873,14,7506.21409867795,5.64864482346727,0,307.22363916257,74.535074036562,3899.99388622077,2534.46695302717,172.098419050482,512.247482356917,Gansu,103.300083936979,35.8470167095266
1792,14.2754639264824,1,307.22363916257,3,1208.47771882825,13,5271.68939667964,0,200.703152348925,104.887743503411,312.412241600377,3083.05454876951,886.285809050021,187.066689666137,497.279211741263,Gansu,103.863769593203,35.8533361352671
1793,38.2463650350143,1,307.22363916257,2,312.412241600377,21,6710.00260412025,376.559940770374,200.703152348925,1027.41051776036,144.41909485109,69.3464715987555,3899.99388622077,494.290328828707,497.279211741263,Gansu,104.427528516956,35.8571434930388
1794,67.2371246315531,0,0,4,618.003137452713,22,3612.47647364559,376.559940770374,630.069131227662,922.522774256946,129.824755195602,213.765566449846,131.256586916918,1208.47771882825,0,Gansu,104.991324361391,35.8584384273223
1795,33.8569876237573,1,104.887743503411,6,1233.30227254709,20,2711.22239397992,901.741328494625,173.175614226231,0,984.059658729729,139.230492413284,205.79166095348,307.22363916257,0,Ningxia,105.55512076538,35.8572208171729
1796,43.4966189692306,3,842.831072013413,5,1228.11367010928,14,2203.40586629263,324.478235375326,68.2878707228192,0,854.234903534127,269.055247608885,74.535074036562,307.22363916257,305.590895852337,Ningxia,106.118881367576,35.8534907763137
1797,39.7993935546742,2,252.867316469764,4,1027.41051776036,12,2117.1436417006,324.478235375326,0,401.286999799923,0,314.404200942546,697.90683656984,110.076345941218,268.991023071745,Ningxia,106.682569820483,35.8472486530482
1798,74.5155755874943,0,0,3,922.522774256946,10,2083.70366048013,0,0,401.286999799923,0,0,984.059658729729,104.887743503411,593.46925844707,Gansu,107.246149804515,35.8384950299881
1799,72.3430521714888,0,0,1,401.286999799923,8,1558.52227275588,0,0,401.286999799923,0,0,129.824755195602,1027.41051776036,0,Gansu,107.809585042019,35.8272307236006
1800,22.6273902566166,1,401.286999799923,1,401.286999799923,8,2451.03553030489,0,0,778.674836596304,622.676013941822,0,127.161905509814,922.522774256946,0,Gansu,108.372839311267,35.8134567835731
1801,28.1154829617025,1,401.286999799923,1,401.286999799923,8,1532.83674343748,0,0,377.387836796381,754.161906841181,0,0,401.286999799923,0,Shaanxi,108.935876460386,35.797174491998
1802,73.6826531302818,0,0,2,778.674836596304,10,9241.3535925308,0,200.158410583387,377.387836796381,8261.52279015741,0.997555193695825,0,401.286999799923,0,Shaanxi,109.498660421226,35.7783853623773
1803,24.8742478277809,1,377.387836796381,2,1000.0638507382,12,9788.59636159774,0,200.158410583387,500.970697503894,423.659908359433,8262.5203453511,0,401.286999799923,0,Shaanxi,110.061155223147,35.7570911384497
1804,28.4310224521865,1,377.387836796381,2,1000.0638507382,14,10649.4772846395,0,200.158410583387,984.463783749294,423.659908359433,8262.5203453511,0,778.674836596304,0,Shanxi,110.623325006709,35.7332937928413
1805,75.280162671609,0,0,3,701.129108087281,13,10255.1732051847,200.158410583387,0,860.880923041781,555.223244605724,7635.18546353853,626.337326618879,377.387836796381,0,Shanxi,111.185134037259,35.7069955255418
1806,35.5909961259371,1,123.582860707513,4,1408.12369210873,13,2752.79975903421,0,0,675.708204162639,322.721047484879,423.659908359433,753.164351647486,377.387836796381,200.158410583387,Shanxi,111.746546718397,35.6781987622081
1807,37.0035077083259,2,308.755579586656,4,1408.12369210873,12,2903.1853087863,0,154.046862429155,0,675.708204162639,622.798095136799,873.085899677941,377.387836796381,200.158410583387,Shanxi,112.307527605309,35.6469061522994
1808,34.834836883244,1,675.708204162639,3,984.463783749294,10,2248.97569824797,0,154.046862429155,472.681265228474,0,689.673672060863,608.832627238576,123.582860707513,200.158410583387,Shanxi,112.868041417958,35.6131205670428
1809,66.9816104449966,0,0,2,860.880923041781,9,2048.81728766458,154.046862429155,0,0,472.681265228474,0,1113.3335804203,308.755579586656,0,Shanxi,113.428053054119,35.5768450972375
1810,85.0120389832555,0,0,2,472.681265228474,8,2042.83229530513,154.046862429155,0,0,472.681265228474,0,431.640383898211,984.463783749294,0,Henan,113.987527602244,35.5380830508949
1811,59.7479571389371,0,0,2,472.681265228474,5,1487.60905069941,0,0,0,0,472.681265228474,0,860.880923041781,154.046862429155,Henan,114.546430354147,35.4968379507232
1812,70.0898708264059,0,0,2,472.681265228474,7,772.25276156096,0,299.571496332486,0,0,0,472.681265228474,0,0,Henan,115.104726817503,35.4531135314559
1813,106.091289004537,0,0,0,0,7,772.25276156096,0,299.571496332486,0,0,0,472.681265228474,0,0,Shandong,115.662382728141,35.4069137370299
1814,127.065574753237,0,0,0,0,8,782.229903204066,0,299.571496332486,9.97714164310666,0,0,472.681265228474,0,0,Shandong,116.219364062127,35.3582427176178
1815,111.577823555429,0,0,0,0,8,782.229903204066,299.571496332486,0,9.97714164310666,0,0,0,472.681265228474,0,Shandong,116.775637047623,35.3071048265154
1816,65.2440203512554,0,0,1,9.97714164310666,7,351.098997646323,299.571496332486,0,51.5275013138379,0,0,0,0,0,Shandong,117.33116817652,35.2535046168922
1817,22.4971622447845,1,9.97714164310666,1,9.97714164310666,7,351.098997646323,0,0,41.5503596707312,9.97714164310666,0,0,0,299.571496332486,Shandong,117.885924215819,35.1974468384063
1818,41.8982389431167,1,9.97714164310666,2,51.5275013138379,7,351.098997646323,0,0,0,41.5503596707312,0,9.97714164310666,0,299.571496332486,Shandong,118.439872218777,35.1389364336908
1819,54.7705819425467,0,0,2,51.5275013138379,3,506.681585052879,0,455.154083739042,0,41.5503596707312,0,0,9.97714164310666,0,Shandong,118.99297953578,35.0779785347131
1820,435.159348494706,0,0,0,0,0,0,0,0,0,0,0,0,0,0,Tibet,78.9555849243773,33.5549265319215
1821,455.549483407165,0,0,0,0,0,0,0,0,0,0,0,0,0,0,Tibet,79.4852255892943,33.6687203355763
1822,480.2988705824,0,0,0,0,0,0,0,0,0,0,0,0,0,0,Tibet,80.0163555521745,33.7802109681484
1823,475.997239751105,0,0,0,0,0,0,0,0,0,0,0,0,0,0,Tibet,80.5489505745552,33.8893900302857
1824,426.690381104726,0,0,0,0,0,0,0,0,0,0,0,0,0,0,Tibet,81.0829859468088,33.9962492118713
1825,377.565875581891,0,0,0,0,0,0,0,0,0,0,0,0,0,0,Tibet,81.6184364921084,34.100780297285
1826,328.705490493454,0,0,0,0,0,0,0,0,0,0,0,0,0,0,Tibet,82.1552765707349,34.2029751706531
1827,280.247405977575,0,0,0,0,0,0,0,0,0,0,0,0,0,0,Tibet,82.6934800847286,34.3028258210799
1828,232.443364357393,0,0,0,0,0,0,0,0,0,0,0,0,0,0,Tibet,83.2330204828855,34.4003243478578
1829,185.798887807233,0,0,0,0,1,308232.311164383,0,0,0,308232.311164383,0,0,0,0,Tibet,83.7738707661002,34.4954629656496
1830,141.465669994629,0,0,0,0,1,308232.311164383,0,0,0,308232.311164383,0,0,0,0,Tibet,84.3160034930538,34.5882340096388
1831,102.488266956033,0,0,0,0,1,308232.311164383,0,0,0,308232.311164383,0,0,0,0,Tibet,84.8593907862485,34.6786299406414
1832,77.4283794243048,0,0,1,308232.311164383,2,334071.837788494,0,25839.5266241108,0,0,308232.311164383,0,0,0,Tibet,85.4040043383867,34.7666433501758
1833,80.5385809217899,0,0,1,308232.311164383,2,334071.837788494,25839.5266241108,0,0,0,308232.311164383,0,0,0,Tibet,85.9498154190946,34.8522669654833
1834,109.44300842684,0,0,0,0,7,334319.255712527,25839.5266241108,247.417924033009,0,0,0,308232.311164383,0,0,Tibet,86.4967948819882,34.9354936544959
1835,149.896901803008,0,0,0,0,7,334319.255712527,25839.5266241108,247.417924033009,0,0,0,308232.311164383,0,0,Tibet,87.0449131720794,35.0163164307436
1836,144.36453064682,0,0,0,0,6,308479.729088417,247.417924033009,0,0,0,0,308232.311164383,0,0,Tibet,87.5941403335197,35.0947284581984
1837,141.676470374317,0,0,0,0,5,247.417924033009,247.417924033009,0,0,0,0,0,0,0,Tibet,88.1444460176797,35.1707230560469
1838,155.895243053051,0,0,0,0,5,247.417924033009,0,0,0,0,0,0,0,247.417924033009,Tibet,88.6957994915582,35.2442937033883
1839,183.124087316261,0,0,0,0,7,105193.966407178,53736.5275892828,0,51210.0208938617,0,0,0,0,247.417924033009,Tibet,89.2481696465201,35.3154340438501
1840,150.206231729352,0,0,0,0,2,104946.548483145,53736.5275892828,0,51210.0208938617,0,0,0,0,0,Qinghai,89.8015250073554,35.3841378901176
1841,101.207144695378,0,0,0,0,1,51210.0208938617,0,0,51210.0208938617,0,0,0,0,0,Qinghai,90.355833741657,35.4503992283714
1842,54.0727308765754,0,0,1,51210.0208938617,1,51210.0208938617,0,0,0,51210.0208938617,0,0,0,0,Qinghai,90.9110636695098,35.5142122226268
1843,24.5933794243611,1,51210.0208938617,1,51210.0208938617,1,51210.0208938617,0,0,0,0,51210.0208938617,0,0,0,Qinghai,91.4671822734863,35.5755712189704
1844,57.321971342326,0,0,1,51210.0208938617,1,51210.0208938617,0,0,0,0,0,51210.0208938617,0,0,Qinghai,92.0241567089416,35.6344707496881
1845,104.722406798313,0,0,0,0,1,51210.0208938617,0,0,0,0,0,0,51210.0208938617,0,Qinghai,92.5819538146014,35.6909055372798
1846,153.77827080797,0,0,0,0,1,51210.0208938617,0,0,0,0,0,0,51210.0208938617,0,Qinghai,93.1405401234342,35.7448704983549
1847,203.294689206951,0,0,0,0,0,0,0,0,0,0,0,0,0,0,Qinghai,93.6998818738024,35.7963607474042
1848,253.00139277642,0,0,0,0,0,0,0,0,0,0,0,0,0,0,Qinghai,94.2599450208803,35.8453716004429
1849,210.185778755926,0,0,0,0,0,0,0,0,0,0,0,0,0,0,Qinghai,94.8206952483344,35.8918985785193
1850,164.640386286397,0,0,0,0,1,3833.5616901357,0,3833.5616901357,0,0,0,0,0,0,Qinghai,95.3820979802525,35.9359374110861
1851,122.61668728943,0,0,0,0,1,3833.5616901357,0,3833.5616901357,0,0,0,0,0,0,Qinghai,95.9441183933155,35.9774840392279
1852,89.2370282289481,0,0,1,3833.5616901357,1,3833.5616901357,0,3833.5616901357,0,0,0,0,0,0,Qinghai,96.5067214291994,36.0165346187414
1853,76.7570349377431,0,0,1,3833.5616901357,1,3833.5616901357,3833.5616901357,0,0,0,0,0,0,0,Qinghai,97.0698718071987,36.0530855230643
1854,93.9150553305203,0,0,1,3833.5616901357,1,3833.5616901357,0,0,0,0,0,0,0,3833.5616901357,Qinghai,97.6335340370587,36.0871333460479
1855,129.415736380982,0,0,0,0,2,9778.60523392502,0,0,5945.04354378932,0,0,0,0,3833.5616901357,Qinghai,98.1976724320067,36.1186749045707
1856,154.18344508113,0,0,0,0,2,9778.60523392502,0,5945.04354378932,0,0,0,0,0,3833.5616901357,Qinghai,98.7622511219708,36.1477072409877
1857,113.234736356338,0,0,0,0,1,5945.04354378932,0,5945.04354378932,0,0,0,0,0,0,Qinghai,99.3272340669725,36.1742276254146
1858,82.8955746604836,0,0,1,5945.04354378932,1,5945.04354378932,0,5945.04354378932,0,0,0,0,0,0,Qinghai,99.8925850706833,36.1982335578401
1859,76.9496398880043,0,0,1,5945.04354378932,2,6117.14196283981,5945.04354378932,0,172.098419050482,0,0,0,0,0,Qinghai,100.458267794131,36.2197227700663
1860,99.8539826922068,0,0,1,5945.04354378932,4,6629.38944519672,0,0,684.345901407399,0,0,0,0,5945.04354378932,Qinghai,101.024245769544,36.238693227473
1861,105.67360698526,0,0,0,0,7,7521.32389907021,0,502.92785656473,14.9682706156547,1058.3842281005,0,0,0,5945.04354378932,Qinghai,101.590482414319,36.2551431306033
1862,66.7632460013645,0,0,3,684.345901407399,9,7835.63568190985,7.08814367707228,502.92785656473,307.22363916257,1073.35249871616,0,0,0,5945.04354378932,Qinghai,102.156941045103,36.2690709165691
1863,45.4187199207432,1,497.279211741263,3,684.345901407399,11,2021.84872503745,510.016000241802,0,0,453.448496695143,1058.3842281005,0,0,0,Qinghai,102.723584891968,36.280475260273
1864,46.2226055479653,1,14.9682706156547,4,991.569540569969,12,2027.03732747525,12.7367885005395,0,0,312.412241600377,1017.54239596694,187.066689666137,0,497.279211741263,Gansu,103.290377112677,36.2893550754463
1865,58.3895193095232,0,0,2,322.191909778225,17,2771.44649201965,0,376.559940770374,305.590895852337,5.18860243780657,507.826697678244,1073.35249871616,0,502.92785656473,Gansu,103.857280807012,36.2957095155008
1866,68.3251895955588,0,0,1,307.22363916257,20,3833.86805590498,376.559940770374,324.478235375326,373.878766575156,669.655457787182,205.79166095348,1193.50944821259,684.345901407399,5.64864482346727,Gansu,104.424259031167,36.2995379741931
1867,57.8948348296787,0,0,2,305.590895852337,17,3343.42122603671,376.559940770374,324.478235375326,373.878766575156,854.234903534127,74.535074036562,1324.76603512951,14.9682706156547,0,Gansu,104.991274812179,36.300840086101
1868,16.7273137303193,2,305.590895852337,3,373.878766575156,13,2368.72599336517,577.2630931193,324.478235375326,68.2878707228192,1086.28455254735,0,312.412241600377,0,0,Ningxia,105.558291162386,36.2996157269102
1869,25.2750097999254,3,373.878766575156,5,1228.11367010928,15,3233.71691940918,324.478235375326,862.328076358221,68.2878707228192,0,984.059658729729,110.076345941218,507.926791511495,376.559940770374,Ningxia,106.125271093904,36.2958650135121
1870,27.5688899766533,1,68.2878707228192,5,1228.11367010928,15,4690.68867157043,2700.01807530366,0,401.286999799923,0,984.059658729729,0,373.878766575156,231.445171161962,Gansu,106.692177633101,36.2895883039122
1871,76.6893817207323,0,0,1,68.2878707228192,11,2946.03173683835,862.328076358221,0,401.286999799923,0,129.824755195602,854.234903534127,373.878766575156,324.478235375326,Gansu,107.258973835059,36.2807861969487
1872,85.4609997506628,0,0,1,401.286999799923,10,2943.36888715257,862.328076358221,0,0,401.286999799923,0,981.396809043941,373.878766575156,324.478235375326,Gansu,107.825622798003,36.2694595318219
1873,50.8140145109578,0,0,1,401.286999799923,5,1893.87022942429,0,0,377.387836796381,401.286999799923,0,184.579445746945,68.2878707228192,862.328076358221,Gansu,108.392087677699,36.255609387436
1874,53.4840692455681,0,0,1,401.286999799923,3,1401.35085053813,0,0,0,1000.0638507382,0,401.286999799923,0,0,Shaanxi,108.958331701779,36.2392370815528
1875,90.2165575457573,0,0,2,778.674836596304,6,1605.17057379857,0,0,200.158410583387,1003.72516341526,0,401.286999799923,0,0,Shaanxi,109.524318184014,36.2203441697597
1876,63.5634201145683,0,0,1,377.387836796381,9,1855.58045953469,0,200.158410583387,0,123.582860707513,1130.55218844387,0,401.286999799923,0,Shaanxi,110.09001053849,36.198932444253
1877,62.9497179211746,0,0,2,577.546247379768,11,2464.41308677327,0,200.158410583387,0,732.415487946089,753.164351647486,377.387836796381,401.286999799923,0,Shanxi,110.655372293692,36.1750039324385
1878,42.3488645069544,1,200.158410583387,2,577.546247379768,12,2841.73011630987,303.054235757277,0,0,1408.12369210873,130.488337705664,1000.0638507382,0,0,Shanxi,111.220367106478,36.1485608953508
1879,68.0013651605599,0,0,2,323.7412712909,9,2719.22225414299,102.89582517389,0,0,860.880923041781,555.223244605724,1000.0638507382,0,200.158410583387,Shanxi,111.784958775922,36.1196058258953
1880,85.8813676309061,0,0,3,984.463783749294,8,2147.69727745643,0,154.046862429155,0,675.708204162639,740.395963484867,0,577.546247379768,0,Shanxi,112.349111257033,36.0881414469125
1881,84.3213194164128,0,0,2,860.880923041781,10,2246.9836362554,0,158.039792796038,0,472.681265228474,683.688679701417,732.415487946089,200.158410583387,0,Shanxi,112.912788674309,36.0541707090709
1882,101.8977683036,0,0,0,0,8,2038.84475013324,158.039792796038,0,0,472.681265228474,0,1408.12369210873,0,0,Shanxi,113.475955335138,36.0176967885888
1883,109.307100091971,0,0,0,0,7,1615.18484177381,158.039792796038,0,0,472.681265228474,0,984.463783749294,0,0,Henan,114.038575743021,35.9787230847892
1884,109.231286608054,0,0,0,0,5,1306.42926218715,3.99293036688269,0,0,0,472.681265228474,675.708204162639,0,154.046862429155,Henan,114.600614610613,35.9372532174916
1885,115.213912285958,0,0,0,0,10,1106.91644734792,176.623892990926,0,299.571496332486,0,472.681265228474,0,0,158.039792796038,Henan,115.162036872555,35.8932910242442
1886,125.083156574311,0,0,0,0,7,772.25276156096,0,299.571496332486,0,0,0,472.681265228474,0,0,Henan,115.72280769811,35.8468405573997
1887,85.6855023372693,0,0,5,299.571496332486,8,782.229903204066,0,299.571496332486,0,9.97714164310666,0,472.681265228474,0,0,Shandong,116.28289250357,35.7979060810398
1888,62.2751458218652,0,0,5,299.571496332486,6,309.548637975592,299.571496332486,0,0,9.97714164310666,0,0,0,0,Shandong,116.842256964432,35.7464920677517
1889,70.6584240419038,0,0,6,309.548637975592,7,312.543341059941,2.99470308434833,0,0,9.97714164310666,0,0,0,299.571496332486,Shandong,117.40086702734,35.6926031952622
1890,69.8295678886772,0,0,1,9.97714164310666,8,354.093700730672,2.99470308434833,0,0,41.5503596707312,9.97714164310666,0,0,299.571496332486,Shandong,117.958688921769,35.636244342932
1891,78.2656289119763,0,0,1,9.97714164310666,9,809.247784469713,2.99470308434833,455.154083739042,0,41.5503596707312,0,9.97714164310666,0,299.571496332486,Shandong,118.515689171454,35.5774205881175
1892,98.4167950076967,0,0,1,41.5503596707312,4,766.333494887874,0,455.154083739042,0,0,41.5503596707312,9.97714164310666,259.651909834995,0,Shandong,119.071834605547,35.5161372024024
1893,388.926470251176,0,0,0,0,0,0,0,0,0,0,0,0,0,0,Tibet,78.8128078283568,33.9828089972628
1894,411.613255996745,0,0,0,0,0,0,0,0,0,0,0,0,0,0,Tibet,79.3450865200471,34.0971634557049
1895,438.84751994564,0,0,0,0,0,0,0,0,0,0,0,0,0,0,Tibet,79.8788780681199,34.2092064917202
1896,469.839141635345,0,0,0,0,0,0,0,0,0,0,0,0,0,0,Tibet,80.4141579399693,34.3189294901244
1897,438.22645781152,0,0,0,0,0,0,0,0,0,0,0,0,0,0,Tibet,80.950901119914,34.4263239265813
1898,390.555677724251,0,0,0,0,0,0,0,0,0,0,0,0,0,0,Tibet,81.4890821131876,34.5313813730186
1899,343.547735372061,0,0,0,0,0,0,0,0,0,0,0,0,0,0,Tibet,82.0286749502829,34.6340935030323
1900,297.516983642779,0,0,0,0,0,0,0,0,0,0,0,0,0,0,Tibet,82.5696531916521,34.7344520972758
1901,252.997360920062,0,0,0,0,0,0,0,0,0,0,0,0,0,0,Tibet,83.1119899327639,34.8324490488274
1902,210.947798540634,0,0,0,0,0,0,0,0,0,0,0,0,0,0,Tibet,83.6556578095176,34.9280763685324
1903,173.177027303744,0,0,0,0,1,308232.311164383,0,0,0,308232.311164383,0,0,0,0,Tibet,84.2006290040168,35.0213261903123
1904,143.1139121902,0,0,0,0,2,334071.837788494,0,25839.5266241108,0,308232.311164383,0,0,0,0,Tibet,84.7468752506996,35.112190776438
1905,126.383942567895,0,0,0,0,2,334071.837788494,0,25839.5266241108,0,0,308232.311164383,0,0,0,Tibet,85.294367842827,35.2006625227593
1906,128.312937834147,0,0,0,0,5,334272.762858485,25839.5266241108,200.925069990699,0,0,308232.311164383,0,0,0,Tibet,85.8430776393279,35.2867339638875
1907,126.583087424723,0,0,0,0,7,334319.255712527,25839.5266241108,247.417924033009,0,0,0,308232.311164383,0,0,Tibet,86.3929750719982,35.3703977783222
1908,119.514970300983,0,0,0,0,9,352126.308522788,0,18054.4707342938,0,0,0,308232.311164383,0,25839.5266241108,Tibet,86.9440301530528,35.4516467935204
1909,96.3308245512628,0,0,5,247.417924033009,8,43893.9973584046,18054.4707342938,0,0,0,0,0,0,25839.5266241108,Tibet,87.4962124830283,35.5304739908988
1910,92.2536303219137,0,0,5,247.417924033009,8,71790.9983235766,18054.4707342938,53736.5275892828,0,0,0,0,0,0,Tibet,88.0494912590322,35.6068725107657
1911,112.879745111416,0,0,0,0,8,71790.9983235766,17807.0528102608,53736.5275892828,0,0,0,0,0,247.417924033009,Tibet,88.6038352833357,35.6808356571757
1912,142.443062931826,0,0,0,0,8,71790.9983235766,53736.5275892828,0,0,0,0,0,0,18054.4707342938,Tibet,89.1592129723059,35.7523569027017
1913,144.001700994943,0,0,0,0,7,105193.966407178,53736.5275892828,0,0,51210.0208938617,0,0,0,247.417924033009,Tibet,89.7155923656729,35.8214298931185
1914,123.270257628785,0,0,0,0,2,104946.548483145,0,0,0,51210.0208938617,0,0,0,53736.5275892828,Qinghai,90.2729411361263,35.8880484519922
1915,88.7498197346104,0,0,1,51210.0208938617,2,104946.548483145,0,0,0,51210.0208938617,0,0,0,53736.5275892828,Qinghai,90.8312265992358,35.9522065851691
1916,74.5486726239102,0,0,1,51210.0208938617,1,51210.0208938617,0,0,0,0,51210.0208938617,0,0,0,Qinghai,91.3904157236894,36.0138984851604
1917,90.7660656690952,0,0,1,51210.0208938617,1,51210.0208938617,0,0,0,0,0,51210.0208938617,0,0,Qinghai,91.9504751418427,36.0731185354136
1918,126.172313778048,0,0,0,0,1,51210.0208938617,0,0,0,0,0,51210.0208938617,0,0,Qinghai,92.5113711605725,36.1298613144693
1919,169.1166072601,0,0,0,0,1,51210.0208938617,0,0,0,0,0,51210.0208938617,0,0,Qinghai,93.0730697724262,36.1841215999942
1920,215.131124987124,0,0,0,0,0,0,0,0,0,0,0,0,0,0,Qinghai,93.6355366670592,36.2358943726873
1921,247.155673575642,0,0,0,0,0,0,0,0,0,0,0,0,0,0,Qinghai,94.1987372429528,36.2851748200533
1922,197.520434856579,0,0,0,0,1,3833.5616901357,0,0,3833.5616901357,0,0,0,0,0,Qinghai,94.7626366194004,36.3319583400379
1923,148.130744247204,0,0,0,0,1,3833.5616901357,0,0,3833.5616901357,0,0,0,0,0,Qinghai,95.3271996487569,36.3762405445208
1924,99.353472996824,0,0,1,3833.5616901357,1,3833.5616901357,0,0,3833.5616901357,0,0,0,0,0,Qinghai,95.8923909289367,36.41801726266
1925,52.910375181337,0,0,1,3833.5616901357,1,3833.5616901357,0,3833.5616901357,0,0,0,0,0,0,Qinghai,96.4581748161534,36.4572845440851
1926,26.979677669127,1,3833.5616901357,1,3833.5616901357,1,3833.5616901357,3833.5616901357,0,0,0,0,0,0,0,Qinghai,97.0245154378881,36.4940386619328
1927,60.4673317786522,0,0,1,3833.5616901357,1,3833.5616901357,0,0,0,0,0,0,0,3833.5616901357,Qinghai,97.5913767060763,36.5282761157221
1928,107.632213661753,0,0,0,0,2,9778.60523392502,0,0,5945.04354378932,0,0,0,3833.5616901357,0,Qinghai,98.1587223305011,36.5599936340638
1929,136.876614313927,0,0,0,0,2,9778.60523392502,0,0,5945.04354378932,0,0,0,3833.5616901357,0,Qinghai,98.7265158323808,36.5891881772009
1930,88.2313908234795,0,0,1,5945.04354378932,1,5945.04354378932,0,0,5945.04354378932,0,0,0,0,0,Qinghai,99.2947205581391,36.615856939377
1931,42.8293019701263,1,5945.04354378932,1,5945.04354378932,1,5945.04354378932,0,5945.04354378932,0,0,0,0,0,0,Qinghai,99.8632996933437,36.6399973510283
1932,29.730790232542,1,5945.04354378932,1,5945.04354378932,2,24503.9256222643,18558.882078475,0,0,0,0,0,0,5945.04354378932,Qinghai,100.432216276803,36.6616070807954
1933,70.2388116958982,0,0,1,5945.04354378932,7,25186.0400415566,18558.882078475,12.7367885005395,497.279211741263,172.098419050482,0,0,5945.04354378932,0,Qinghai,101.001433214803,36.6806840373543
1934,105.083218850224,0,0,0,0,7,6642.12623369726,0,12.7367885005395,497.279211741263,187.066689666137,0,0,5945.04354378932,0,Qinghai,101.570913295479,36.6972263710612
1935,55.1849473472544,0,0,1,497.279211741263,9,7835.63568190985,7.08814367707228,5.64864482346727,497.279211741263,1208.47771882825,172.098419050482,0,5945.04354378932,0,Qinghai,102.140619203296,36.7112324754108
1936,6.94794527246469,1,497.279211741263,4,517.896127180384,8,1890.59213812053,12.7367885005395,0,0,804.502850903833,1073.35249871616,0,0,0,Gansu,102.710513533639,36.7227009883046
1937,45.2898385215021,1,497.279211741263,4,517.896127180384,11,2267.1520788909,7.08814367707228,376.559940770374,0,307.22363916257,901.254079665675,172.098419050482,497.279211741263,5.64864482346727,Gansu,103.280558807482,36.7316307931271
1938,95.1528507355282,0,0,1,497.279211741263,14,2577.93157718105,0,376.559940770374,200.703152348925,110.076345941218,1193.50944821259,187.066689666137,497.279211741263,12.7367885005395,Gansu,103.85071748614,36.7380210196311
1939,102.236727508831,0,0,0,0,16,2970.69768327919,0,376.559940770374,593.46925844707,104.887743503411,312.412241600377,1073.35249871616,497.279211741263,12.7367885005395,Gansu,104.420951986072,36.7418710446258
1940,65.4211170902342,0,0,5,682.150836622711,15,4267.02333378239,376.559940770374,1837.68999894544,0,1228.11367010928,5.18860243780657,322.191909778225,497.279211741263,0,Gansu,104.991224693734,36.7431804924718
1941,34.755052668762,1,200.703152348925,7,1074.91694272086,14,4617.10392778369,0,2700.01807530366,0,922.522774256946,310.779498290143,307.22363916257,0,376.559940770374,Ningxia,105.561497980456,36.7419492353786
1942,55.9991500889493,0,0,4,698.357001950481,12,4304.69168618332,1837.68999894544,862.328076358221,0,0,922.522774256946,305.590895852337,0,376.559940770374,Ningxia,106.131734217339,36.7381773935065
1943,64.1423601715512,0,0,2,392.766106098145,13,4705.97868598324,2375.53983992833,0,0,401.286999799923,854.234903534127,173.175614226231,200.703152348925,701.0381761457,Gansu,106.701895790151,36.7318653348705
1944,96.101300420616,0,0,1,68.2878707228192,10,4329.41874521286,862.328076358221,0,0,401.286999799923,0,1027.41051776036,200.703152348925,1837.68999894544,Gansu,107.271945114206,36.7230136750493
1945,119.890148716553,0,0,0,0,10,4329.41874521286,0,0,0,401.286999799923,0,922.522774256946,305.590895852337,2700.01807530366,Gansu,107.841844649217,36.7116232766964
1946,98.2452510385022,0,0,1,401.286999799923,4,1656.38118225629,0,0,0,0,401.286999799923,0,392.766106098145,862.328076358221,Shaanxi,108.411556914103,36.6976952488569
1947,99.6524507674511,0,0,1,401.286999799923,4,1841.16132353791,0,0,200.158410583387,377.387836796381,401.286999799923,0,0,862.328076358221,Shaanxi,108.981044501739,36.6812309460898
1948,123.325149650429,0,0,0,0,4,1601.50926112151,0,0,200.158410583387,1000.0638507382,0,401.286999799923,0,0,Shaanxi,109.550270093631,36.6622319673965
1949,97.0049363810875,0,0,1,200.158410583387,5,1704.4050862954,0,102.89582517389,200.158410583387,0,1000.0638507382,401.286999799923,0,0,Shaanxi,110.119196474506,36.640700154959
1950,47.3362125752898,1,200.158410583387,1,200.158410583387,6,1682.78941336269,358.984291333583,0,200.158410583387,123.582860707513,1000.0638507382,0,0,0,Shanxi,110.6877865468,36.616637592687
1951,8.45436926383771,1,200.158410583387,1,200.158410583387,8,2543.67033640447,358.984291333583,0,0,984.463783749294,622.676013941822,577.546247379768,0,0,Shanxi,111.256003345029,36.590046604579
1952,53.8724020099506,0,0,1,200.158410583387,9,2498.70109325123,358.984291333583,0,154.046862429155,860.880923041781,547.242769066946,377.387836796381,200.158410583387,0,Shanxi,111.823810050034,36.5609297528971
1953,103.60016909739,0,0,0,0,8,1869.21772066204,0,158.039792796038,0,0,1408.12369210873,0,200.158410583387,102.89582517389,Shanxi,112.39117000308,36.5292898361607
1954,90.9222360053841,0,0,1,154.046862429155,6,1342.66198712872,0,158.039792796038,0,0,860.880923041781,123.582860707513,200.158410583387,0,Shanxi,112.958046719798,36.4951298869593
1955,59.7963878783484,0,0,1,154.046862429155,7,1615.18484177381,154.046862429155,3.99293036688269,0,472.681265228474,0,984.463783749294,0,0,Shanxi,113.524403903965,36.4584531695909
1956,62.3246580927045,0,0,1,154.046862429155,7,1668.22587405722,3.99293036688269,176.623892990926,0,0,472.681265228474,860.880923041781,0,154.046862429155,Hebei,114.090205461095,36.4192631775256
1957,95.8807488990569,0,0,1,154.046862429155,5,807.344951015437,3.99293036688269,176.623892990926,0,0,472.681265228474,0,0,154.046862429155,Hebei,114.655415511837,36.3775636307016
1958,139.649106737314,0,0,0,0,10,1106.91644734792,176.623892990926,0,299.571496332486,0,472.681265228474,0,0,158.039792796038,Hebei,115.219998405172,36.3333584726553
1959,108.821602092665,0,0,0,0,10,1106.91644734792,176.623892990926,0,299.571496332486,0,0,472.681265228474,154.046862429155,3.99293036688269,Shandong,115.783918731383,36.2866518674904
1960,59.4840342799171,0,0,5,299.571496332486,7,479.19009240776,0,2.99470308434833,299.571496332486,0,0,0,0,176.623892990926,Shandong,116.347141334808,36.2374481966895
1961,15.3153382730924,5,299.571496332486,5,299.571496332486,8,489.167234050866,0,302.566199416834,0,9.97714164310666,0,0,0,176.623892990926,Shandong,116.909631326341,36.1857520557743
1962,37.6987528421958,5,299.571496332486,5,299.571496332486,8,320.530149816991,10.9815118413993,0,0,9.97714164310666,0,0,299.571496332486,0,Shandong,117.47135409569,36.1315682508171
1963,86.8079205303379,0,0,5,299.571496332486,8,354.093700730672,2.99470308434833,0,0,41.5503596707312,9.97714164310666,0,299.571496332486,0,Shandong,118.032275323374,36.0749017948101
1964,124.48114279457,0,0,0,0,9,809.247784469713,2.99470308434833,0,455.154083739042,41.5503596707312,9.97714164310666,0,299.571496332486,0,Shandong,118.592360992448,36.0157579038956
1965,126.415706729949,0,0,0,0,9,809.247784469713,0,0,455.154083739042,0,41.5503596707312,9.97714164310666,299.571496332486,2.99470308434833,Shandong,119.151577399945,35.9541419934646
1966,81.8921620495166,0,0,1,455.154083739042,3,506.681585052879,0,455.154083739042,0,0,41.5503596707312,9.97714164310666,0,0,Shandong,119.709891168042,35.8900596741265
1967,369.222985730781,0,0,0,0,0,0,0,0,0,0,0,0,0,0,Xinjiang,79.2034345132888,34.5252738408611
1968,399.358593800299,0,0,0,0,0,0,0,0,0,0,0,0,0,0,Xinjiang,79.7399121797664,34.6378807255252
1969,433.184671580552,0,0,0,0,0,0,0,0,0,0,0,0,0,0,Tibet,80.2779019174309,34.7481589586465
1970,454.994698128185,0,0,0,0,0,0,0,0,0,0,0,0,0,0,Tibet,80.8173784005571,34.8560997960761
1971,409.281668782501,0,0,0,0,0,0,0,0,0,0,0,0,0,0,Tibet,81.3583158120949,34.9616945916873
1972,364.695480473791,0,0,0,0,0,0,0,0,0,0,0,0,0,0,Tibet,81.9006878480496,35.0649348029417
1973,321.704993052071,0,0,0,0,0,0,0,0,0,0,0,0,0,0,Tibet,82.4444677222284,35.1658119964414
1974,281.043433709546,0,0,0,0,0,0,0,0,0,0,0,0,0,0,Tibet,82.9896281713576,35.2643178534612
1975,243.878495788116,0,0,0,0,0,0,0,0,0,0,0,0,0,0,Xinjiang,83.5361414605688,35.3604441754554
1976,197.627927743998,0,0,0,0,1,25839.5266241108,0,0,25839.5266241108,0,0,0,0,0,Xinjiang,84.0839793892568,35.4541828895346
1977,152.606018165894,0,0,0,0,2,334071.837788494,0,25839.5266241108,0,0,308232.311164383,0,0,0,Tibet,84.6331132973073,35.5455260539046
1978,111.894574204965,0,0,0,0,2,334071.837788494,0,25839.5266241108,0,0,308232.311164383,0,0,0,Tibet,85.1835140716952,35.6344658632649
1979,82.1717390139173,0,0,1,25839.5266241108,7,334319.255712527,0,25839.5266241108,247.417924033009,0,308232.311164383,0,0,0,Tibet,85.7351521534521,35.7209946541573
1980,77.3562773705693,0,0,1,25839.5266241108,9,352126.308522788,25839.5266241108,17807.0528102608,247.417924033009,0,0,308232.311164383,0,0,Tibet,86.2879975450011,35.8051049102617
1981,86.402016634614,0,0,5,247.417924033009,8,43893.9973584046,0,18054.4707342938,0,0,0,0,0,25839.5266241108,Tibet,86.8420198178576,35.8867892676311
1982,49.8172828418198,3,200.925069990699,5,247.417924033009,9,97630.5249476874,17807.0528102608,53983.9455133158,0,0,0,0,0,25839.5266241108,Tibet,87.3971881206931,35.9660405198612
1983,44.1502248852801,5,247.417924033009,5,247.417924033009,9,97630.5249476874,17807.0528102608,53736.5275892828,0,0,0,0,0,26086.9445481438,Tibet,87.9534711877586,36.0428516231875
1984,78.6151824157829,0,0,5,247.417924033009,8,71790.9983235766,0,53736.5275892828,0,0,0,0,0,18054.4707342938,Tibet,88.5108373476644,36.117215701504
1985,93.2444183721208,0,0,1,53736.5275892828,8,71790.9983235766,53736.5275892828,0,0,0,0,0,247.417924033009,17807.0528102608,Tibet,89.0692545325123,36.1891260512988
1986,95.6084999861102,0,0,1,53736.5275892828,9,123001.019217438,53736.5275892828,0,0,51210.0208938617,0,0,247.417924033009,17807.0528102608,Xinjiang,89.628690287375,36.2585761464978
1987,120.778512085676,0,0,0,0,2,104946.548483145,0,0,0,51210.0208938617,0,0,0,53736.5275892828,Xinjiang,90.1891117801172,36.325559643214
1988,133.526030351401,0,0,0,0,2,104946.548483145,0,0,0,0,51210.0208938617,0,0,53736.5275892828,Xinjiang,90.750485811554,36.3900703843927
1989,124.539852531077,0,0,0,0,1,51210.0208938617,0,0,0,0,51210.0208938617,0,0,0,Qinghai,91.3127788259381,36.4521024043494
1990,134.874567489664,0,0,0,0,1,51210.0208938617,0,0,0,0,0,51210.0208938617,0,0,Qinghai,91.8759569217711,36.5116499331941
1991,160.848136584113,0,0,0,0,1,51210.0208938617,0,0,0,0,0,51210.0208938617,0,0,Qinghai,92.4399858629302,36.5687074011339
1992,196.349426099603,0,0,0,0,1,51210.0208938617,0,0,0,0,0,51210.0208938617,0,0,Qinghai,93.004831090102,36.6232694426521
1993,237.137241311238,0,0,0,0,0,0,0,0,0,0,0,0,0,0,Qinghai,93.5704577325173,36.6753309005539
1994,246.824203787486,0,0,0,0,0,0,0,0,0,0,0,0,0,0,Qinghai,94.1368306199742,36.7248868298769
1995,197.105511796668,0,0,0,0,1,3833.5616901357,0,0,3833.5616901357,0,0,0,0,0,Qinghai,94.7039142951442,36.7719325016588
1996,147.577023909298,0,0,0,0,1,3833.5616901357,0,0,3833.5616901357,0,0,0,0,0,Qinghai,95.2716730261481,36.8164634065575
1997,98.5260026146671,0,0,1,3833.5616901357,1,3833.5616901357,0,0,3833.5616901357,0,0,0,0,0,Qinghai,95.840070819393,36.8584752583191
1998,51.3397350648128,0,0,1,3833.5616901357,1,3833.5616901357,0,0,0,3833.5616901357,0,0,0,0,Qinghai,96.4090714326594,36.897963997088
1999,23.7521283641024,1,3833.5616901357,1,3833.5616901357,1,3833.5616901357,0,0,0,0,3833.5616901357,0,0,0,Qinghai,96.9786383884265,36.9349257925559
2000,59.0978748105556,0,0,1,3833.5616901357,1,3833.5616901357,0,0,0,0,0,3833.5616901357,0,0,Qinghai,97.5487349874248,36.9693570469432
2001,106.868863624654,0,0,0,0,2,9778.60523392502,0,0,5945.04354378932,0,0,0,3833.5616901357,0,Qinghai,98.1193243224033,37.0012543978098
2002,136.740192902449,0,0,0,0,2,9778.60523392502,0,0,5945.04354378932,0,0,0,3833.5616901357,0,Qinghai,98.6903692920988,37.0306147206908
2003,88.0196065408254,0,0,1,5945.04354378932,2,24503.9256222643,0,18558.882078475,5945.04354378932,0,0,0,0,0,Qinghai,99.2618326153953,37.0574351315539
2004,42.3912952881216,1,5945.04354378932,1,5945.04354378932,2,24503.9256222643,0,18558.882078475,0,5945.04354378932,0,0,0,0,Qinghai,99.8336768456593,37.0817129890735
2005,29.0962660286106,1,5945.04354378932,1,5945.04354378932,2,24503.9256222643,18558.882078475,0,0,0,0,5945.04354378932,0,0,Qinghai,100.405864385238,37.1034458967191
2006,69.9725909010944,0,0,1,5945.04354378932,6,25013.9416225061,18558.882078475,7.08814367707228,502.92785656473,0,0,0,5945.04354378932,0,Qinghai,100.978357500106,37.1226317046552
2007,118.09205840368,0,0,0,0,8,25201.0083121723,0,7.08814367707228,5.64864482346727,684.345901407399,0,0,5945.04354378932,18558.882078475,Qinghai,101.551118334648,37.139268511449
2008,71.8784188357907,0,0,4,510.016000241802,8,25201.0083121723,0,12.7367885005395,0,512.247482356917,172.098419050482,0,5945.04354378932,18558.882078475,Qinghai,102.124108926561,37.1533546655834
2009,36.2803125566907,2,5.64864482346727,4,510.016000241802,13,14787.8245706672,13796.2550300973,0,0,307.22363916257,684.345901407399,0,0,0,Gansu,102.697291221863,37.164888766774
2010,49.6589877473155,2,5.64864482346727,4,510.016000241802,17,67689.2371346967,13783.5182415967,52524.8526232591,376.559940770374,0,494.290328828707,497.279211741263,0,12.7367885005395,Gansu,103.270627089995,37.1738696670869
2011,92.8211670308265,0,0,2,5.64864482346727,18,67889.9402870456,66308.3708648558,0,376.559940770374,200.703152348925,307.22363916257,684.345901407399,5.64864482346727,7.08814367707228,Gansu,103.844078338992,37.1802964718565
2012,65.2743237622866,0,0,3,376.559940770374,13,54363.6896052771,52524.8526232591,376.559940770374,324.478235375326,305.590895852337,307.22363916257,14.9682706156547,502.92785656473,7.08814367707228,Gansu,104.417606730727,37.1841685404011
2013,37.114516248218,3,376.559940770374,3,376.559940770374,17,55659.8309530312,376.559940770374,1747.18910306527,324.478235375326,373.878766575156,0,307.22363916257,5.64864482346727,52524.8526232591,Ningxia,104.991173996191,37.1854854865363
2014,58.5377674209306,0,0,5,901.741328494625,16,56819.0107017329,843.701295824636,2375.53983992833,324.478235375326,68.2878707228192,305.590895852337,0,0,52901.4125640295,Ningxia,105.564741850809,37.1842471788838
2015,16.8939209882865,1,324.478235375326,2,525.181387724251,19,6916.42276540967,4124.79202905431,1186.95712547569,0,0,1027.41051776036,200.703152348925,376.559940770374,0,Ningxia,106.138272009771,37.1804537409773
2016,35.5859915145982,1,324.478235375326,2,1186.80631173355,19,5618.80449031216,2827.17375395681,862.478890100369,0,0,922.522774256946,305.590895852337,701.0381761457,0,Ningxia,106.711726203359,37.1741055511632
2017,71.5856415820081,0,0,2,1186.80631173355,14,4506.73473650027,1332.73958466243,0,0,401.286999799923,184.579445746945,373.878766575156,701.0381761457,1513.21176357011,Ningxia,107.285066192267,37.1652032422972
2018,88.487112993653,0,0,1,862.328076358221,8,3640.00445413061,470.411508304212,0,0,401.286999799923,0,68.2878707228192,324.478235375326,2375.53983992833,Shaanxi,107.858253782884,37.1537477012385
2019,124.641222118509,0,0,0,0,6,3101.45588884573,0,0,0,0,401.286999799923,0,324.478235375326,2375.69065367048,Shaanxi,108.431250842533,37.1397400681389
2020,148.326249277918,0,0,0,0,2,1263.61507615814,0,0,0,0,401.286999799923,0,0,862.328076358221,Shaanxi,109.00401931465,37.1231817355324
2021,157.661816487852,0,0,0,0,5,1337.81753851327,0,358.984291333583,200.158410583387,377.387836796381,0,401.286999799923,0,0,Shaanxi,109.576521233886,37.1040743472227
2022,112.641056977108,0,0,0,0,5,1337.81753851327,0,358.984291333583,0,200.158410583387,377.387836796381,401.286999799923,0,0,Shaanxi,110.14871874112,37.0824197969731
2023,74.2884045837408,0,0,1,200.158410583387,4,936.530538713351,256.088466159693,102.89582517389,0,200.158410583387,377.387836796381,0,0,0,Shanxi,110.720574098363,37.058220226999
2024,57.8750930389883,0,0,2,303.054235757277,6,1254.96694015716,553.837832069883,0,0,0,323.7412712909,377.387836796381,0,0,Shanxi,111.292049703547,37.0314780262657
2025,78.6147933466991,0,0,1,200.158410583387,7,1216.79868466908,450.942006895993,0,154.046862429155,0,308.755579586656,200.158410583387,0,102.89582517389,Shanxi,111.863108105172,37.0021958285956
2026,118.368260406314,0,0,0,0,9,1896.4998191986,194.8535407363,0,158.039792796038,0,984.463783749294,200.158410583387,0,358.984291333583,Shanxi,112.433712016815,36.9703765105845
2027,72.1330290232678,0,0,1,154.046862429155,7,1445.55781230261,0,3.99293036688269,154.046862429155,0,860.880923041781,123.582860707513,200.158410583387,102.89582517389,Shanxi,113.003824331466,36.9360231893336
2028,22.6258453798551,1,154.046862429155,2,158.039792796038,5,1230.01711682389,219.645226874291,180.616823357808,154.046862429155,0,675.708204162639,0,0,0,Shanxi,113.573408135692,36.8991392199975
2029,28.6475807395333,1,154.046862429155,2,158.039792796038,3,334.663685786963,3.99293036688269,176.623892990926,0,0,0,0,154.046862429155,0,Hebei,114.142426723617,36.8597281931542
2030,75.207425151616,0,0,2,158.039792796038,3,334.663685786963,0,176.623892990926,0,0,0,0,154.046862429155,3.99293036688269,Hebei,114.710843610694,36.8177939319996
2031,98.0913234726133,0,0,1,176.623892990926,8,634.235182119449,176.623892990926,0,299.571496332486,0,0,0,154.046862429155,3.99293036688269,Hebei,115.27862254726,36.7733404893708
2032,103.254081954402,0,0,0,0,8,634.235182119449,176.623892990926,0,299.571496332486,0,0,0,154.046862429155,3.99293036688269,Shandong,115.845727531876,36.7263721446027
2033,68.8091226338444,0,0,5,299.571496332486,8,487.176901164811,0,10.9815118413993,0,299.571496332486,0,0,0,176.623892990926,Shandong,116.412122824414,36.6768934002227
2034,37.8272997958006,5,299.571496332486,5,299.571496332486,9,929.119064435119,449.928972027359,2.99470308434833,0,0,299.571496332486,0,0,176.623892990926,Shandong,116.977772958908,36.6249089784876
2035,53.3833217739963,0,0,6,302.566199416834,10,2290.96670609524,449.928972027359,1531.48909609229,0,0,9.97714164310666,299.571496332486,0,0,Shandong,117.542642756135,36.5704238177677
2036,83.1717253988714,0,0,6,302.566199416834,10,2290.96670609524,1981.41806811965,0,0,0,9.97714164310666,259.651909834995,39.9195864974907,0,Shandong,118.106697335929,36.5134430687836
2037,99.2570145585528,0,0,1,2.99470308434833,10,2304.17862656397,1528.49439300794,0,455.154083739042,0,9.97714164310666,0,299.571496332486,10.9815118413993,Shandong,118.669902129215,36.4539720907007
2038,117.813675637088,0,0,0,0,10,2337.74217747765,1528.49439300794,0,455.154083739042,0,41.5503596707312,9.97714164310666,299.571496332486,2.99470308434833,Shandong,119.232222889753,36.3920164470867
2039,67.8635208653176,0,0,1,455.154083739042,7,2202.21697497382,12.3822388984352,161.641196573323,455.154083739042,0,41.5503596707312,0,0,1531.48909609229,Shandong,119.793625705577,36.3275819017373
2040,18.1893584645167,1,455.154083739042,1,455.154083739042,4,629.177519210799,22.7639084055435,151.259527066214,455.154083739042,0,0,0,0,0,Shandong,120.354077010137,36.2606744143765
2041,300.106782031768,0,0,0,0,0,0,0,0,0,0,0,0,0,0,Xinjiang,78.5226183517181,34.8375599334936
2042,328.976828776224,0,0,0,0,0,0,0,0,0,0,0,0,0,0,Xinjiang,79.0602455217817,34.953070709139
2043,362.474036479659,0,0,0,0,0,0,0,0,0,0,0,0,0,0,Xinjiang,79.5994341376593,35.0662531351786
2044,399.435977813793,0,0,0,0,0,0,0,0,0,0,0,0,0,0,Xinjiang,80.1401590675332,35.1770981478177
2045,438.988352490425,0,0,0,0,0,0,0,0,0,0,0,0,0,0,Tibet,80.6823946716206,35.2855967772908
2046,433.000267205598,0,0,0,0,0,0,0,0,0,0,0,0,0,0,Xinjiang,81.226114806209,35.3917401536027
2047,383.523555504482,0,0,0,0,0,0,0,0,0,0,0,0,0,0,Xinjiang,81.7712928280684,35.4955195122625
2048,333.649691417305,0,0,0,0,0,0,0,0,0,0,0,0,0,0,Xinjiang,82.317901599245,35.5969262000052
2049,283.820216931281,0,0,0,0,0,0,0,0,0,0,0,0,0,0,Xinjiang,82.8659134922361,35.6959516804952
2050,234.063483899098,0,0,0,0,0,0,0,0,0,0,0,0,0,0,Xinjiang,83.4153003955481,35.7925875400051
2051,184.438373043801,0,0,0,0,1,25839.5266241108,0,0,25839.5266241108,0,0,0,0,0,Xinjiang,83.966033719639,35.886825493066
2052,135.090015941619,0,0,0,0,1,25839.5266241108,0,0,25839.5266241108,0,0,0,0,0,Xinjiang,84.5180844032436,35.9786573880806
2053,86.4934180337934,0,0,1,25839.5266241108,1,25839.5266241108,0,0,25839.5266241108,0,0,0,0,0,Xinjiang,85.071422920083,36.0680752128961
2054,41.3873207544235,1,25839.5266241108,1,25839.5266241108,8,43893.9973584046,0,25839.5266241108,18054.4707342938,0,0,0,0,0,Xinjiang,85.6260192859561,36.1550711003276
2055,30.7361232963968,1,25839.5266241108,1,25839.5266241108,8,43893.9973584046,0,0,18054.4707342938,0,0,0,0,25839.5266241108,Xinjiang,86.1818430662123,36.2396373336285
2056,71.9479550185582,0,0,6,26086.9445481438,8,43893.9973584046,0,17807.0528102608,247.417924033009,0,0,0,25839.5266241108,0,Xinjiang,86.7388633836034,36.3217663519004
2057,25.7534856325371,5,247.417924033009,7,18054.4707342938,9,97630.5249476874,0,17807.0528102608,53983.9455133158,0,0,0,25839.5266241108,0,Xinjiang,87.2970489265114,36.4014507554355
2058,19.691429792425,5,247.417924033009,7,18054.4707342938,9,97630.5249476874,17807.0528102608,0,53736.5275892828,0,0,46.4928540423109,26040.4516941015,0,Xinjiang,87.8563679575502,36.4786833109877
2059,67.9621729796462,0,0,8,71790.9983235766,8,71790.9983235766,0,53736.5275892828,0,0,0,0,247.417924033009,17807.0528102608,Xinjiang,88.4167883225366,36.5534569569622
2060,45.8150296050618,1,53736.5275892828,1,53736.5275892828,8,71790.9983235766,0,53736.5275892828,0,0,0,0,247.417924033009,17807.0528102608,Xinjiang,88.9782774598268,36.6257648085215
2061,50.452756612006,0,0,1,53736.5275892828,8,71790.9983235766,0,0,0,0,0,0,18054.4707342938,53736.5275892828,Xinjiang,89.5408024100134,36.6956001625976
2062,89.3976753712661,0,0,1,53736.5275892828,1,53736.5275892828,0,0,0,0,0,0,0,53736.5275892828,Xinjiang,90.1043298259776,36.7629565028073
2063,135.788099897685,0,0,0,0,2,104946.548483145,0,0,0,0,51210.0208938617,0,53736.5275892828,0,Xinjiang,90.6688259832908,36.8278275042613
2064,174.536085515108,0,0,0,0,2,104946.548483145,0,0,0,0,51210.0208938617,0,53736.5275892828,0,Qinghai,91.2342567909585,36.8902070382639
2065,182.054440302895,0,0,0,0,1,51210.0208938617,0,0,0,0,51210.0208938617,0,0,0,Qinghai,91.8005878025002,36.9500891768942
2066,202.051462061165,0,0,0,0,0,0,0,0,0,0,0,0,0,0,Qinghai,92.3677842273574,37.0074681974645
2067,231.313137128266,0,0,0,0,0,0,0,0,0,0,0,0,0,0,Qinghai,92.9358109426214,37.0623385868504
2068,262.934790291486,0,0,0,0,0,0,0,0,0,0,0,0,0,0,Qinghai,93.5046325050716,37.1146950456835
2069,256.434101027964,0,0,0,0,0,0,0,0,0,0,0,0,0,0,Qinghai,94.0742131635169,37.1645324924057
2070,209.013978899317,0,0,0,0,0,0,0,0,0,0,0,0,0,0,Qinghai,94.6445168714282,37.2118460671746
2071,163.141774480426,0,0,0,0,1,3833.5616901357,0,0,0,3833.5616901357,0,0,0,0,Qinghai,95.2155072998538,37.256631135618
2072,120.59698912461,0,0,0,0,1,3833.5616901357,0,0,0,3833.5616901357,0,0,0,0,Qinghai,95.7871478506046,37.2988832924308
2073,86.4408988339498,0,0,1,3833.5616901357,1,3833.5616901357,0,0,0,3833.5616901357,0,0,0,0,Qinghai,96.3594016697005,37.3385983648086
2074,73.4875785185464,0,0,1,3833.5616901357,1,3833.5616901357,0,0,0,0,3833.5616901357,0,0,0,Qinghai,96.9322316610645,37.3757724157142
2075,91.2623657474464,0,0,1,3833.5616901357,1,3833.5616901357,0,0,0,0,0,3833.5616901357,0,0,Qinghai,97.5056005004527,37.4104017469718
2076,127.503782716911,0,0,0,0,2,9778.60523392502,0,0,5945.04354378932,0,0,3833.5616901357,0,0,Qinghai,98.0794706496081,37.4424829021834
2077,153.819872461123,0,0,0,0,3,28337.4873124,0,18558.882078475,0,5945.04354378932,0,3833.5616901357,0,0,Qinghai,98.6538043706249,37.4720126694647
2078,112.739185488275,0,0,0,0,2,24503.9256222643,0,18558.882078475,0,5945.04354378932,0,0,0,0,Qinghai,99.2285637405099,37.4989880839957
2079,82.2173626745679,0,0,1,5945.04354378932,3,24552.9767965339,49.051174269516,18558.882078475,0,5945.04354378932,0,0,0,0,Qinghai,99.8037106659278,37.5234064303814
2080,76.2185378091428,0,0,2,24503.9256222643,3,24552.9767965339,18607.9332527445,0,0,0,5945.04354378932,0,0,0,Qinghai,100.379206898115,37.5452652448203
2081,99.2916727946671,0,0,1,5945.04354378932,7,25062.9927967757,18607.9332527445,0,12.7367885005395,497.279211741263,0,5945.04354378932,0,0,Qinghai,100.95501404795,37.5645623170766
2082,105.404361380083,0,0,0,0,9,32316.0371826932,0,7253.04438591754,12.7367885005395,497.279211741263,0,5945.04354378932,0,18607.9332527445,Qinghai,101.531093601163,37.5812956922538
2083,58.8449601467674,0,0,3,12.7367885005395,12,38797.4598641029,0,13790.6063852738,5.64864482346727,497.279211741263,0,5945.04354378932,0,18558.882078475,Gansu,102.107406933671,37.5954636723658
2084,21.1861184817899,3,12.7367885005395,3,12.7367885005395,12,66833.3551357133,7260.13252959462,59055.3264789383,0,5.64864482346727,512.247482356917,0,0,0,Gansu,102.683915327023,37.6070648177047
2085,39.9825662157491,2,5.64864482346727,3,12.7367885005395,15,67209.9150764836,13783.5182415967,52524.8526232591,376.559940770374,0,14.9682706156547,502.92785656473,0,7.08814367707228,Gansu,103.260579983946,37.6160979480015
2086,88.0247668901883,0,0,2,5.64864482346727,14,67194.946805868,59055.3264789383,0,376.559940770374,0,0,497.279211741263,12.7367885005395,7253.04438591754,Gansu,103.837362043958,37.6225621433796
2087,55.3996952476463,0,0,3,376.559940770374,23,70077.041252987,52524.8526232591,843.701295824636,2214.24993971581,200.703152348925,0,497.279211741263,12.7367885005395,13783.5182415967,Inner Mongolia,104.414222599058,37.6264567450979
2088,12.8175953838848,3,376.559940770374,3,376.559940770374,22,65054.7243011723,0,2611.5802654842,2700.01807530366,432.148323510888,250.002513111823,0,5.64864482346727,59055.3264789383,Inner Mongolia,104.991122709455,37.6277813560842
2089,45.3165949859411,3,376.559940770374,6,2214.24993971581,18,58587.0404851346,2611.5802654842,1513.36257731226,862.328076358221,392.766106098145,305.590895852337,0,376.559940770374,52524.8526232591,Ningxia,105.568023419336,37.6265358412558
2090,45.2339377423232,1,324.478235375326,6,2214.24993971581,19,59057.3011796967,2611.5802654842,1983.62327187432,862.328076358221,0,698.357001950481,0,376.559940770374,52524.8526232591,Ningxia,106.144885772645,37.6227203276296
2091,52.5682801116108,0,0,4,2700.01807530366,18,6532.4485564376,2238.13966422163,862.478890100369,0,0,68.2878707228192,630.069131227662,376.559940770374,2356.91305939475,Ningxia,106.721670828863,37.6163352042188
2092,21.6538485986966,1,862.328076358221,4,2700.01807530366,17,6427.56081293419,1332.73958466243,0,0,0,0,593.46925844707,376.559940770374,4124.79202905431,Ningxia,107.298339678776,37.6073811217184
2093,56.3414079019807,0,0,1,862.328076358221,6,3170.42958360787,470.411508304212,0,0,0,0,0,2700.01807530366,0,Shaanxi,107.874853460206,37.5958589919784
2094,104.306372430581,0,0,0,0,7,3571.71658340779,0,0,0,0,401.286999799923,0,2700.01807530366,470.411508304212,Shaanxi,108.4511733737,37.5817699872672
2095,153.57501233882,0,0,0,0,3,1263.76588990029,0,0,0,0,401.286999799923,0,862.328076358221,0.150813742147987,Shaanxi,109.027260698149,37.5651155393246
2096,164.23602528704,0,0,0,0,3,559.14270191697,0,256.088466159693,102.89582517389,200.158410583387,0,0,0,0,Shaanxi,109.603076806336,37.5458973382075
2097,116.98248262288,0,0,0,0,3,559.14270191697,0,358.984291333583,0,200.158410583387,0,0,0,0,Shaanxi,110.178583180382,37.5241173309283
2098,73.4597201135201,0,0,2,358.984291333583,4,753.99624265327,0,553.837832069883,0,200.158410583387,0,0,0,0,Shaanxi,110.753741427085,37.4997777198898
2099,45.9103443429147,1,102.89582517389,2,358.984291333583,4,753.99624265327,553.837832069883,0,0,0,200.158410583387,0,0,0,Shanxi,111.328513293139,37.4728809611184
2100,61.7995870230403,0,0,1,102.89582517389,5,908.043105082425,194.8535407363,0,154.046862429155,0,0,200.158410583387,0,358.984291333583,Shanxi,111.9028606802,37.4434297622976
2101,102.618800396171,0,0,0,0,7,1131.6812623236,194.8535407363,219.645226874291,158.039792796038,0,0,200.158410583387,0,358.984291333583,Shanxi,112.476745659812,37.4114270806056
2102,84.4955309583746,0,0,1,154.046862429155,7,1131.6812623236,219.645226874291,0,3.99293036688269,154.046862429155,0,200.158410583387,102.89582517389,450.942006895993,Shanxi,113.050130488155,37.37687612036
2103,49.4797913800295,1,154.046862429155,2,158.039792796038,5,657.204737835144,219.645226874291,0,180.616823357808,154.046862429155,0,0,102.89582517389,0,Shanxi,113.622977620613,37.3397803304737
2104,12.7025495116802,1,3.99293036688269,2,158.039792796038,4,554.308912661254,219.645226874291,3.99293036688269,176.623892990926,0,0,154.046862429155,0,0,Hebei,114.195249726143,37.3001434017243
2105,45.22492477018,1,3.99293036688269,3,334.663685786963,4,554.308912661254,0,176.623892990926,0,0,0,154.046862429155,3.99293036688269,219.645226874291,Hebei,114.766909701437,37.2579692638431
2106,49.2149712016592,1,176.623892990926,2,180.616823357808,8,634.235182119449,176.623892990926,0,0,299.571496332486,0,0,158.039792796038,0,Hebei,115.337920684859,37.2132620824267
2107,58.8354577616409,0,0,1,176.623892990926,11,646.384841855679,0,9.15495665188185,2.99470308434833,299.571496332486,0,0,158.039792796038,176.623892990926,Shandong,115.908246070147,37.166026255675
2108,97.4736312530615,0,0,1,176.623892990926,12,1070.40079147613,136.1206487793,451.09711992219,2.99470308434833,299.571496332486,0,0,3.99293036688269,176.623892990926,Shandong,116.477849519863,37.1162664109636
2109,87.3341263954807,0,0,5,299.571496332486,12,2594.90225411719,145.275605431182,1970.43655627825,2.99470308434833,0,299.571496332486,0,176.623892990926,0,Shandong,117.046694978594,37.0639874012508
2110,56.3675196948109,0,0,7,310.553008173885,12,2594.90225411719,587.21776870149,1531.48909609229,0,0,259.651909834995,39.9195864974907,176.623892990926,0,Shandong,117.614746685869,37.0091943013293
2111,33.3424100777926,1,2.99470308434833,1,2.99470308434833,11,2418.27836112626,444.936866354656,1528.49439300794,0,0,0,299.571496332486,0,145.275605431182,Shandong,118.181969188805,36.9518924039234
2112,63.6092394472142,0,0,1,2.99470308434833,11,2737.311796086,1528.49439300794,0,455.154083739042,0,0,299.571496332486,0,454.091823006538,Shandong,118.748327354454,36.8920872156415
2113,109.455718792105,0,0,0,0,7,2459.33606026423,1528.49439300794,22.7639084055435,0,455.154083739042,0,0,2.99470308434833,449.928972027359,Shandong,119.313786381851,36.8297844527854
2114,86.6290293338976,0,0,1,455.154083739042,6,2160.66661530309,12.3822388984352,161.641196573323,0,455.154083739042,0,0,2.99470308434833,1528.49439300794,Shandong,119.878311813757,36.7649900370257
2115,56.8329483701551,0,0,1,455.154083739042,7,2189.89581242887,12.3822388984352,178.441151025344,15.4239457581118,0,455.154083739042,0,0,1528.49439300794,Shandong,120.441869548069,36.6977100909471
2116,62.8918064421478,0,0,3,616.795280312364,6,661.401419420933,22.7639084055435,183.483427276348,0,0,0,455.154083739042,0,0,Shandong,121.004425848916,36.6279509334702
2117,258.774460295393,0,0,0,0,0,0,0,0,0,0,0,0,0,0,Xinjiang,78.375156803214,35.2644665178578
2118,291.763422230013,0,0,0,0,0,0,0,0,0,0,0,0,0,0,Xinjiang,78.9154949991795,35.3805734625315
2119,329.070764124637,0,0,0,0,0,0,0,0,0,0,0,0,0,0,Xinjiang,79.457419696885,35.4943433798416
2120,369.390364048351,0,0,0,0,0,0,0,0,0,0,0,0,0,0,Xinjiang,80.0009054594231,35.6057669727916
2121,411.838456560298,0,0,0,0,0,0,0,0,0,0,0,0,0,0,Xinjiang,80.5459263289198,35.7148350399768
2122,433.381165139187,0,0,0,0,0,0,0,0,0,0,0,0,0,0,Xinjiang,81.0924558305873,35.821538481498
2123,383.472337012017,0,0,0,0,0,0,0,0,0,0,0,0,0,0,Xinjiang,81.6404669771679,35.9258683048702
2124,333.590815535322,0,0,0,0,0,0,0,0,0,0,0,0,0,0,Xinjiang,82.1899322737714,36.0278156309202
2125,283.751002052118,0,0,0,0,0,0,0,0,0,0,0,0,0,0,Xinjiang,82.7408237231081,36.1273716996683
2126,233.979550648432,0,0,0,0,0,0,0,0,0,0,0,0,0,0,Xinjiang,83.2931128311174,36.2245278761868
2127,184.331844990776,0,0,0,0,1,25839.5266241108,0,0,25839.5266241108,0,0,0,0,0,Xinjiang,83.8467706129945,36.3192756564302
2128,134.944536880022,0,0,0,0,1,25839.5266241108,0,0,25839.5266241108,0,0,0,0,0,Xinjiang,84.4017675996142,36.4116066730307
2129,86.2660245393681,0,0,1,25839.5266241108,1,25839.5266241108,0,0,25839.5266241108,0,0,0,0,0,Xinjiang,84.9580738443516,36.5015127010517
2130,40.9099736725451,1,25839.5266241108,1,25839.5266241108,8,43893.9973584046,0,0,18054.4707342938,25839.5266241108,0,0,0,0,Xinjiang,85.5156589303002,36.5889856636946
2131,30.0902791936191,1,25839.5266241108,1,25839.5266241108,8,43893.9973584046,0,0,17807.0528102608,247.417924033009,0,25839.5266241108,0,0,Xinjiang,86.0744919778835,36.6740176379513
2132,71.6744295966861,0,0,6,43847.5045043623,8,43893.9973584046,0,0,17807.0528102608,247.417924033009,0,0,25839.5266241108,0,Xinjiang,86.6345416528607,36.7566008601957
2133,42.0150232445831,2,17807.0528102608,7,18054.4707342938,9,97630.5249476874,0,0,71543.5803995436,247.417924033009,0,0,25839.5266241108,0,Xinjiang,87.1957761747226,36.8367277317085
2134,8.22101245834934,2,17807.0528102608,7,18054.4707342938,9,97630.5249476874,0,0,53736.5275892828,0,46.4928540423109,200.925069990699,43646.5794343716,0,Xinjiang,87.7581633254741,36.9143908241275
2135,58.0509079467136,0,0,8,71790.9983235766,8,71790.9983235766,0,0,53736.5275892828,0,0,247.417924033009,17807.0528102608,0,Xinjiang,88.3216704588012,36.989582884818
2136,22.439080147608,1,53736.5275892828,1,53736.5275892828,8,71790.9983235766,0,0,0,53736.5275892828,0,247.417924033009,17807.0528102608,0,Xinjiang,88.8862645096166,37.0622968421556
2137,30.8216811661404,1,53736.5275892828,1,53736.5275892828,8,71790.9983235766,0,0,0,0,0,0,71790.9983235766,0,Xinjiang,89.4519120039796,37.1325258107154
2138,79.9777452917025,0,0,1,53736.5275892828,1,53736.5275892828,0,0,0,0,0,0,53736.5275892828,0,Xinjiang,90.0185790693855,37.2002630963605
2139,129.780212104854,0,0,0,0,1,53736.5275892828,0,0,0,0,0,0,53736.5275892828,0,Xinjiang,90.5862314454164,37.265502201223
2140,179.69242378581,0,0,0,0,1,53736.5275892828,0,0,0,0,0,0,53736.5275892828,0,Qinghai,91.1548344947496,37.328236828572
2141,229.642833282588,0,0,0,0,0,0,0,0,0,0,0,0,0,0,Qinghai,91.7243532145133,37.3884608875608
2142,216.994082485277,0,0,0,0,0,0,0,0,0,0,0,0,0,0,Qinghai,92.2947522479844,37.4461684978476
2143,212.33544398749,0,0,0,0,0,0,0,0,0,0,0,0,0,0,Qinghai,92.8659958966179,37.501353994083
2144,213.189492230244,0,0,0,0,0,0,0,0,0,0,0,0,0,0,Qinghai,93.4380481324,37.5540119302583
2145,224.357599004559,0,0,0,0,0,0,0,0,0,0,0,0,0,0,Qinghai,94.0108726105154,37.6041370839091
2146,228.375905838312,0,0,0,0,0,0,0,0,0,0,0,0,0,0,Qinghai,94.5844326823181,37.6517244601661
2147,190.922757091228,0,0,0,0,2,17473.8916094589,0,13640.3299193232,0,3833.5616901357,0,0,0,0,Qinghai,95.1586914085956,37.6967692956504
2148,156.140623735834,0,0,0,0,2,17473.8916094589,0,13640.3299193232,0,3833.5616901357,0,0,0,0,Qinghai,95.733611573115,37.7392670622049
2149,131.560972882982,0,0,0,0,2,17473.8916094589,13640.3299193232,0,0,0,3833.5616901357,0,0,0,Qinghai,96.3091556964395,37.7792134704581
2150,123.43696687466,0,0,0,0,2,17473.8916094589,13640.3299193232,0,0,0,3833.5616901357,0,0,0,Qinghai,96.8852860500036,37.8166044732138
2151,134.777891349114,0,0,0,0,2,17473.8916094589,0,0,0,0,0,3833.5616901357,0,13640.3299193232,Qinghai,97.461964670433,37.8514362686633
2152,161.534749208385,0,0,0,0,1,3833.5616901357,0,0,0,0,0,3833.5616901357,0,0,Qinghai,98.0391533740984,37.8837053034135
2153,167.204970123595,0,0,0,0,3,28337.4873124,0,0,18558.882078475,5945.04354378932,0,3833.5616901357,0,0,Qinghai,98.6168137718876,37.913408275327
2154,119.638245831864,0,0,0,0,5,25473.8406366383,920.863840104447,49.051174269516,18558.882078475,5945.04354378932,0,0,0,0,Qinghai,99.1949072841829,37.9405421361711
2155,75.2935435307785,0,0,1,18558.882078475,5,25473.8406366383,920.863840104447,18607.9332527445,0,0,5945.04354378932,0,0,0,Qinghai,99.77339515603,37.9651040940693
2156,44.9991725381246,1,18558.882078475,1,18558.882078475,5,25473.8406366383,19528.797092849,0,0,0,5945.04354378932,0,0,0,Qinghai,100.352238472483,37.987091615754
2157,58.1440741676346,0,0,1,18558.882078475,8,25486.5774251388,49.051174269516,0,12.7367885005395,0,0,5945.04354378932,0,19479.7459185795,Qinghai,100.931398174112,38.0065024286148
2158,98.6739134346305,0,0,1,18558.882078475,13,38846.5110383724,0,13783.5182415967,7.08814367707228,502.92785656473,0,5945.04354378932,0,18607.9332527445,Gansu,101.510835072653,38.0233345225409
2159,55.7767784136755,0,0,3,12.7367885005395,13,85426.3201178421,0,13783.5182415967,52524.8526232591,12.7367885005395,497.279211741263,0,18558.882078475,49.051174269516,Gansu,102.090509866795,38.0375861515536
2160,21.5336700759484,1,7.08814367707228,5,7265.78117441808,12,85377.2689435726,3284.93442955399,10498.5838120427,52524.8526232591,0,510.016000241802,0,18558.882078475,0,Gansu,102.670383158078,38.0492558352272
2161,53.0692838059208,0,0,10,66321.1076533564,14,67194.946805868,13783.5182415967,52524.8526232591,376.559940770374,0,497.279211741263,12.7367885005395,0,0,Gansu,103.250415466887,38.0583423598953
2162,59.6816183818706,0,0,5,59055.3264789383,19,68038.6481016926,0,53368.5539190837,0,376.559940770374,0,502.92785656473,7.08814367707228,13783.5182415967,Inner Mongolia,103.830567248538,38.0648447796409
2163,53.476054312279,0,0,4,52901.4125640295,22,71146.9378585563,52524.8526232591,2611.5802654842,1513.21176357011,701.0381761457,0,5.64864482346727,7.08814367707228,13783.5182415967,Inner Mongolia,104.410798909419,38.0687624170693
2164,61.5728375009336,0,0,4,52901.4125640295,24,72209.9690872635,0,2611.5802654842,2375.53983992833,324.478235375326,577.2630931193,0,12.7367885005395,66308.3708648558,Inner Mongolia,104.991070823194,38.0700948638621
2165,75.3692068925275,0,0,10,2733.47300016512,17,58884.1255654705,843.701295824636,2238.13966422163,2375.69065367048,324.478235375326,200.703152348925,376.559940770374,0,52524.8526232591,Inner Mongolia,105.571343347025,38.0688419811101
2166,27.0560432636955,2,1513.21176357011,9,4449.27026442964,17,58884.1255654705,2611.5802654842,470.411508304212,2375.53983992833,0,525.181387724251,376.559940770374,52524.8526232591,0,Ningxia,106.151576837828,38.0650038994282
2167,23.0281272245716,2,1513.21176357011,5,2700.16888904581,16,10285.7983301167,4127.2285402542,470.411508304212,0,862.328076358221,324.478235375326,376.559940770374,1513.21176357011,2611.5802654842,Ningxia,106.731731668514,38.0585810188478
2168,28.5179634189459,1,862.328076358221,5,2845.95134823255,13,9909.23838934628,4597.64004855842,0,0,0,862.328076358221,324.478235375326,1513.21176357011,2611.5802654842,Ningxia,107.311768244224,38.0495740084895
2169,59.3189625904537,0,0,2,862.478890100369,13,9909.23838934628,4127.2285402542,0,0,0,0,1186.80631173355,1513.21176357011,3081.99177378841,Inner Mongolia,107.891647018525,38.0379838060169
2170,100.996499090166,0,0,0,0,5,2845.95134823255,0,0,0,0,0,0,2375.53983992833,470.411508304212,Inner Mongolia,108.471328509562,38.0238116168698
2171,146.168241730597,0,0,0,0,4,1588.82805082213,0,0,256.088466159693,0,0,0,862.478890100369,470.260694562064,Shaanxi,109.050773316137,38.0070589132815
2172,147.766743347727,0,0,0,0,3,359.135105075731,0,0,358.984291333583,0,0,0,0.150813742147987,0,Shaanxi,109.62994213371,37.9877274330779
2173,100.521339253665,0,0,0,0,4,753.99624265327,0,450.942006895993,102.89582517389,200.158410583387,0,0,0,0,Shaanxi,110.208795770304,37.9658191782645
2174,58.0820693217024,0,0,2,358.984291333583,4,753.99624265327,0,450.942006895993,102.89582517389,0,200.158410583387,0,0,0,Shanxi,110.78729516229,37.9413364133994
2175,9.21715873911174,2,358.984291333583,2,358.984291333583,4,753.99624265327,256.088466159693,194.8535407363,0,102.89582517389,200.158410583387,0,0,0,Shanxi,111.365401390043,37.9142816637581
2176,42.3837852693028,1,102.89582517389,3,553.837832069883,6,1127.68833195672,194.8535407363,219.645226874291,0,154.046862429155,200.158410583387,0,102.89582517389,256.088466159693,Shanxi,111.943075693454,37.8846577132906
2177,92.2378148716195,0,0,1,102.89582517389,7,1131.6812623236,0,219.645226874291,3.99293036688269,154.046862429155,0,200.158410583387,358.984291333583,194.8535407363,Shanxi,112.520279487284,37.8524676023758
2178,112.048418671735,0,0,0,0,6,931.522851740211,0,219.645226874291,3.99293036688269,154.046862429155,0,0,358.984291333583,194.8535407363,Shanxi,113.096974376332,37.8177146253755
2179,68.3121711722022,0,0,3,377.685019670328,6,852.058278571444,219.645226874291,0,176.623892990926,3.99293036688269,154.046862429155,0,102.89582517389,194.8535407363,Shanxi,113.673122170424,37.7804023279917
2180,39.3762845711936,1,3.99293036688269,2,158.039792796038,4,554.308912661254,0,0,176.623892990926,0,158.039792796038,0,0,219.645226874291,Hebei,114.24868489919,37.7405345044324
2181,58.6040172941057,0,0,2,180.616823357808,4,554.308912661254,0,0,176.623892990926,0,0,158.039792796038,0,219.645226874291,Hebei,114.823624826622,37.6981151943885
2182,14.9103668684193,1,176.623892990926,1,176.623892990926,5,562.295721418305,0,0,184.610701747977,0,0,158.039792796038,0,219.645226874291,Hebei,115.397904465405,37.6531486798282
2183,35.5220599035448,1,176.623892990926,1,176.623892990926,12,1070.40079147613,0,579.230959944439,10.9815118413993,299.571496332486,0,0,180.616823357808,0,Hebei,115.971486590999,37.6056394816124
2184,85.4477292819249,0,0,1,176.623892990926,12,1070.40079147613,0,587.21776870149,2.99470308434833,299.571496332486,0,0,180.616823357808,0,Shandong,116.544334255463,37.5555923559354
2185,63.602449223406,0,0,2,10.9815118413993,12,2594.90225411719,137.288796674131,449.928972027359,1531.48909609229,0,299.571496332486,0,176.623892990926,0,Shandong,117.116410801008,37.5030122905997
2186,48.6978200796946,1,2.99470308434833,3,452.923675111707,12,2594.90225411719,587.21776870149,1528.49439300794,2.99470308434833,0,299.571496332486,0,176.623892990926,0,Shandong,117.687679873274,37.4479045011251
2187,17.4899031948374,1,2.99470308434833,4,1981.41806811965,11,2418.27836112626,0,1528.49439300794,0,0,2.99470308434833,299.571496332486,0,587.21776870149,Shandong,118.258105434308,37.3902744267025
2188,56.923771370282,0,0,2,1531.48909609229,13,2885.81468376374,1528.49439300794,12.3822388984352,0,455.154083739042,0,299.571496332486,2.99470308434833,587.21776870149,Shandong,118.827651775238,37.3301277259948
2189,105.199890159298,0,0,0,0,6,2160.66661530309,0,22.7639084055435,151.259527066214,455.154083739042,0,0,2.99470308434833,1528.49439300794,Shandong,119.963965680579,37.2023081515362
2190,68.2706527489051,0,0,2,22.7639084055435,9,2351.34307572469,173.829502194254,10.3816695071084,183.483427276348,0,455.154083739042,0,0,1528.49439300794,Shandong,120.530663582307,37.1346476526866
2191,43.7869942111511,1,10.3816695071084,2,161.641196573323,8,822.848682716752,171.828932802927,168.059481518236,15.4239457581118,0,455.154083739042,0,0,12.3822388984352,Shandong,121.096342961643,37.064495267995
2192,30.4730223299541,1,151.259527066214,4,193.865096783456,6,661.401419420933,151.259527066214,16.7999544520216,15.4239457581118,0,0,455.154083739042,0,22.7639084055435,Shandong,121.660969933984,36.9918576856316
2193,23.1470668123615,1,15.4239457581118,3,183.483427276348,6,661.401419420933,16.7999544520216,15.4239457581118,0,0,0,455.154083739042,0,174.023435471758,Shandong,122.224511012966,36.9167417852099
2194,188.951551278848,0,0,0,0,2,31450.6499358746,0,0,0,0,0,0,0,31450.6499358746,Xinjiang,77.6846469080061,35.5720345300136
2195,221.052848841368,0,0,0,0,0,0,0,0,0,0,0,0,0,0,Xinjiang,78.2260837526986,35.6910862266012
2196,258.893868662587,0,0,0,0,0,0,0,0,0,0,0,0,0,0,Xinjiang,78.7691578873882,35.807801701487
2197,300.31268451612,0,0,0,0,0,0,0,0,0,0,0,0,0,0,Xinjiang,79.3138441044392,35.922171327201
2198,344.01944964127,0,0,0,0,0,0,0,0,0,0,0,0,0,0,Xinjiang,79.8601166581911,36.0341855673159
2199,389.244209952672,0,0,0,0,0,0,0,0,0,0,0,0,0,0,Xinjiang,80.4079492686257,36.1438349825366
2200,435.514326092586,0,0,0,0,0,0,0,0,0,0,0,0,0,0,Xinjiang,80.9573151254363,36.2511102367937
2201,389.886841122034,0,0,0,0,0,0,0,0,0,0,0,0,0,0,Xinjiang,81.5081868925001,36.3560021033326
2202,340.945080381247,0,0,0,0,0,0,0,0,0,0,0,0,0,0,Xinjiang,82.0605367127586,36.4585014707959
2203,292.361671209199,0,0,0,0,0,0,0,0,0,0,0,0,0,0,Xinjiang,82.6143362135058,36.558599349289
2204,244.350456820327,0,0,0,0,0,0,0,0,0,0,0,0,0,0,Xinjiang,83.1695565120877,36.6562868764265
2205,197.329533279646,0,0,0,0,1,25839.5266241108,0,0,25839.5266241108,0,0,0,0,0,Xinjiang,83.7261682220132,36.7515553233503
2206,152.219393181099,0,0,0,0,1,25839.5266241108,0,0,0,25839.5266241108,0,0,0,0,Xinjiang,84.2841414594756,36.8443961007135
2207,111.366703356456,0,0,0,0,1,25839.5266241108,0,0,0,25839.5266241108,0,0,0,0,Xinjiang,84.8434458502866,36.9348007646245
2208,81.4514675898789,0,0,1,25839.5266241108,3,43646.5794343716,0,0,17807.0528102608,25839.5266241108,0,0,0,0,Xinjiang,85.4040505372214,37.0227610225438
2209,76.5907339604985,0,0,1,25839.5266241108,8,43893.9973584046,0,0,17807.0528102608,247.417924033009,25839.5266241108,0,0,0,Xinjiang,85.9659241877718,37.1082687391265
2210,100.488504241379,0,0,0,0,8,43893.9973584046,0,0,0,18054.4707342938,0,25839.5266241108,0,0,Xinjiang,86.5290350023085,37.191315942004
2211,63.9219680744567,0,0,2,17807.0528102608,9,97630.5249476874,0,0,53736.5275892828,17807.0528102608,247.417924033009,25839.5266241108,0,0,Xinjiang,87.0933507226471,37.2718948274984
2212,48.8706544882465,2,17807.0528102608,2,17807.0528102608,9,97630.5249476874,0,0,0,53736.5275892828,18054.4707342938,25839.5266241108,0,0,Xinjiang,87.6588386410164,37.3499977662616
2213,75.4364881056071,0,0,3,71543.5803995436,8,71790.9983235766,0,0,0,53736.5275892828,0,18054.4707342938,0,0,Xinjiang,88.2254656094251,37.4256173088333
2214,62.514060002753,0,0,1,53736.5275892828,8,71790.9983235766,0,0,0,0,53736.5275892828,18054.4707342938,0,0,Xinjiang,88.7931980494212,37.4987461911095
2215,65.9884187571125,0,0,1,53736.5275892828,5,71590.0732535859,0,0,0,0,0,53783.0204433251,17807.0528102608,0,Xinjiang,89.3620019622411,37.5693773397162
2216,98.9996723333063,0,0,1,53736.5275892828,1,53736.5275892828,0,0,0,0,0,53736.5275892828,0,0,Xinjiang,89.9318429393411,37.6375038772798
2217,142.293354848844,0,0,0,0,1,53736.5275892828,0,0,0,0,0,53736.5275892828,0,0,Xinjiang,90.5026861733055,37.7031191275876
2218,188.928194153696,0,0,0,0,1,53736.5275892828,0,0,0,0,0,0,53736.5275892828,0,Qinghai,91.0744964691256,37.7662166206325
2219,188.039527967986,0,0,0,0,2,94.0613376788021,0,94.0613376788021,0,0,0,0,0,0,Qinghai,91.6472382558397,37.8267900975334
2220,168.400632475546,0,0,0,0,4,8032.57748115865,94.0613376788021,7938.51614347985,0,0,0,0,0,0,Qinghai,92.2208755985289,37.8848335153262
2221,162.353570819697,0,0,0,0,4,8032.57748115865,8032.57748115865,0,0,0,0,0,0,0,Qinghai,92.7953722106571,37.9403410516171
2222,163.599557606825,0,0,0,0,8,8829.4024125728,8829.4024125728,0,0,0,0,0,0,0,Qinghai,93.3706914667485,37.9933071090929
2223,177.908369344601,0,0,0,0,4,8032.57748115865,0,0,0,0,0,0,0,8032.57748115865,Qinghai,93.946796415391,38.0437263198813
2224,198.147603044411,0,0,0,0,1,13640.3299193232,0,13640.3299193232,0,0,0,0,0,0,Qinghai,94.5236497925555,38.0915935497551
2225,157.772388281463,0,0,0,0,1,13640.3299193232,0,13640.3299193232,0,0,0,0,0,0,Qinghai,95.101214035221,38.136903902174
2226,124.586437527639,0,0,0,0,2,17473.8916094589,0,13640.3299193232,0,3833.5616901357,0,0,0,0,Qinghai,95.6794512952919,38.1796527221582
2227,105.600351929441,0,0,0,0,2,17473.8916094589,13640.3299193232,0,0,0,3833.5616901357,0,0,0,Gansu,96.2583234537979,38.2198355999878
2228,108.540721572209,0,0,0,0,2,17473.8916094589,13640.3299193232,0,0,0,3833.5616901357,0,0,0,Qinghai,96.837792135362,38.2574483747231
2229,131.949771319266,0,0,0,0,2,17473.8916094589,0,0,0,0,3833.5616901357,0,0,13640.3299193232,Qinghai,97.4178187229245,38.2924871375399
2230,167.452668127443,0,0,0,0,1,13640.3299193232,0,0,0,0,0,0,0,13640.3299193232,Qinghai,97.9983643727089,38.3249482348742
2231,161.571909261887,0,0,0,0,4,19528.797092849,0,969.915014373963,18558.882078475,0,0,0,0,0,Qinghai,98.5793900294166,38.3548282713735
2232,111.630146887957,0,0,0,0,5,25473.8406366383,0,969.915014373963,18558.882078475,5945.04354378932,0,0,0,0,Qinghai,99.1608564416342,38.3821241126478
2233,61.7826636356916,0,0,2,18607.9332527445,5,25473.8406366383,920.863840104447,49.051174269516,18558.882078475,0,5945.04354378932,0,0,0,Qinghai,99.7427241774412,38.4068328878172
2234,13.1493481821712,1,18558.882078475,2,18607.9332527445,5,25473.8406366383,969.915014373963,0,0,18558.882078475,5945.04354378932,0,0,0,Gansu,100.3249536402,38.4289519918522
2235,39.0987619920231,1,18558.882078475,2,18607.9332527445,8,32733.9731662329,0,0,7253.04438591754,7.08814367707228,5945.04354378932,0,18558.882078475,969.915014373963,Gansu,100.907505084516,38.4484790877031
2236,88.7948254179363,0,0,1,18558.882078475,13,33325.0521229462,0,0,13783.5182415967,12.7367885005395,0,0,18558.882078475,969.915014373963,Gansu,101.490338632347,38.4654121082139
2237,88.0872787962836,0,0,3,7260.13252959462,12,84929.0409061009,0,3284.93442955399,63023.4364353018,12.7367885005395,0,0,18558.882078475,49.051174269516,Gansu,102.073414289252,38.4797492578198
2238,50.4189795302977,0,0,7,13790.6063852738,12,84929.0409061009,0,13783.5182415967,52524.8526232591,0,12.7367885005395,0,18607.9332527445,0,Gansu,102.656691960759,38.4914890140235
2239,32.6459972888552,6,13783.5182415967,8,66315.4590085329,13,66697.6675941267,13783.5182415967,0,52524.8526232591,376.559940770374,5.64864482346727,7.08814367707228,0,0,Gansu,103.240131468831,38.5006301286496
2240,32.0241349953797,1,52524.8526232591,7,66308.3708648558,18,67541.3688899513,0,0,53368.5539190837,376.559940770374,0,12.7367885005395,0,13783.5182415967,Inner Mongolia,103.823692568431,38.5071716288736
2241,17.9816026630293,1,52524.8526232591,5,59055.3264789383,21,70822.459623181,0,0,4124.79202905431,376.559940770374,0,12.7367885005395,66308.3708648558,0,Inner Mongolia,104.407334964138,38.5111128180255
2242,67.9789000091974,0,0,6,53368.5539190837,19,71134.2010700558,0,2377.60292598904,1747.18910306527,324.478235375326,376.559940770374,0,66308.3708648558,0,Inner Mongolia,104.991018326834,38.5124532761654
2243,40.3778129355373,5,843.701295824636,8,4124.79202905431,21,69341.1248090549,0,6738.80880573841,470.411508304212,2700.01807530366,376.559940770374,0,59055.3264789383,0,Inner Mongolia,105.57470231041,38.5111928604306
2244,33.3141238205638,6,2611.5802654842,8,4124.79202905431,17,62810.6509533757,1767.87896965956,4127.2285402542,470.411508304212,2375.53983992833,324.478235375326,376.559940770374,52524.8526232591,843.701295824636,Ningxia,106.1583465685,38.5073317051537
2245,56.372309476504,0,0,11,5457.53161371675,16,10285.7983301167,4127.2285402542,470.260694562064,0.150813742147987,862.328076358221,324.478235375326,1889.77170434049,233.977339495161,2377.60292598904,Inner Mongolia,106.741910771213,38.5008702217512
2246,13.484133940515,2,470.411508304212,5,2845.95134823255,13,9909.23838934628,4597.48923481627,0,0.150813742147987,0,862.328076358221,1837.68999894544,843.701295824636,1767.87896965956,Inner Mongolia,107.325354621844,38.4918090983842
2247,36.6971924029655,1,0.150813742147987,3,1332.73958466243,13,9909.23838934628,0,0,0,0,0,2700.01807530366,2611.73107922635,4597.48923481627,Inner Mongolia,107.908637873554,38.4801492993891
2248,86.6691755608344,0,0,1,0.150813742147987,6,6973.17988848675,0,0,0,0,0,862.328076358221,1983.62327187432,4127.2285402542,Inner Mongolia,108.491720345999,38.4658920644815
2249,136.66165539214,0,0,0,0,4,1588.82805082213,0,0,256.088466159693,0,0,862.328076358221,470.411508304212,0,Inner Mongolia,109.074561941888,38.4490389077338
2250,142.669487460674,0,0,0,0,4,553.988645812031,0,0,553.837832069883,0,0,0,0.150813742147987,0,Shaanxi,109.657122663458,38.4295916163281
2251,92.8660963863497,0,0,1,256.088466159693,4,573.814541489956,19.976709420073,0,450.942006895993,102.89582517389,0,0,0,0,Shaanxi,110.239362628841,38.407552249086
2252,43.515986301438,1,256.088466159693,2,358.984291333583,4,573.814541489956,19.976709420073,194.8535407363,256.088466159693,102.89582517389,0,0,0,0,Shanxi,110.821242088319,38.3829231347787
2253,12.7738118641711,1,256.088466159693,3,553.837832069883,4,573.814541489956,19.976709420073,194.8535407363,0,0,102.89582517389,256.088466159693,0,0,Shanxi,111.402721440437,38.3557068702192
2254,40.2060151911466,1,194.8535407363,3,553.837832069883,4,773.483058944173,194.8535407363,0,219.645226874291,0,0,102.89582517389,256.088466159693,0,Shanxi,111.983761247969,38.3259063181392
2255,68.0982650641932,0,0,1,194.8535407363,6,931.522851740211,0,219.645226874291,0,158.039792796038,0,102.89582517389,256.088466159693,194.8535407363,Shanxi,112.564322253713,38.2935246048565
2256,71.6337665812481,0,0,1,219.645226874291,6,931.522851740211,0,219.645226874291,0,158.039792796038,0,0,553.837832069883,0,Shanxi,113.144365396105,38.258565117732
2257,49.2764423436614,1,219.645226874291,1,219.645226874291,6,852.058278571444,219.645226874291,0,176.623892990926,3.99293036688269,154.046862429155,0,297.74936591019,0,Hebei,113.723851824629,38.2210315024263
2258,68.738191898491,0,0,2,223.638157241173,5,565.544529514427,0,11.2356168531733,0,176.623892990926,158.039792796038,0,0,219.645226874291,Hebei,114.302742915025,38.1809276599537
2259,83.5645079581554,0,0,2,180.616823357808,5,565.544529514427,11.2356168531733,0,0,176.623892990926,0,158.039792796038,0,219.645226874291,Hebei,114.881000284257,38.1382577435437
2260,54.9774925758062,0,0,1,176.623892990926,8,710.820134945609,11.2356168531733,0,145.275605431182,0,176.623892990926,158.039792796038,219.645226874291,0,Hebei,115.458585805247,38.0930261553114
2261,63.7339971252778,0,0,1,176.623892990926,8,1122.5998582769,11.2356168531733,479.650298143731,451.09711992219,0,0,180.616823357808,0,0,Hebei,116.035461621349,38.045237542743
2262,90.3319738682423,0,0,3,145.275605431182,12,1409.93751047368,343.52964936443,137.288796674131,449.928972027359,2.99470308434833,299.571496332486,176.623892990926,0,0,Hebei,116.61159016056,37.9948967950015
2263,40.3365614685814,1,7.98680875705093,4,587.21776870149,13,2938.43190348162,479.650298143731,443.110311165139,1536.48120176499,2.99470308434833,299.571496332486,0,176.623892990926,0,Hebei,117.186934149444,37.9420090390585
2264,9.70622889070574,2,449.928972027359,5,590.212471785839,13,2938.43190348162,785.471812634738,0,1528.49439300794,2.99470308434833,299.571496332486,0,184.610701747977,137.288796674131,Shandong,117.761456626768,37.8865796356579
2265,54.9118785115228,0,0,5,1982.58621601448,7,2462.23651415821,0,0,1528.49439300794,0,2.99470308434833,0,7.98680875705093,922.76060930887,Shandong,118.335120956831,37.8286141751156
2266,12.7505843108284,1,1528.49439300794,3,1973.43125936259,7,2131.08910369221,0,1528.49439300794,12.3822388984352,0,0,2.99470308434833,451.09711992219,136.1206487793,Shandong,118.907890842474,37.7681184729653
2267,40.5309651192342,1,12.3822388984352,2,22.7639084055435,18,2419.63064393682,242.11707040639,0,193.865096783456,0,455.154083739042,0,1528.49439300794,0,Shandong,120.620476203543,37.5715113548369
2268,6.73659683505559,1,10.3816695071084,3,174.023435471758,18,2419.63064393682,229.734831507955,0,183.483427276348,0,465.53575324615,0,1528.49439300794,12.3822388984352,Shandong,121.189312547751,37.5009571852593
2269,19.5362442327712,2,161.641196573323,4,193.865096783456,18,902.318693160507,54.6123098504779,0,16.7999544520216,15.4239457581118,151.259527066214,455.154083739042,10.3816695071084,198.687202787531,Shandong,121.757078472017,37.4279050674079
2270,21.0442930363221,2,32.2239002101334,4,193.865096783456,8,383.471996935595,0,0,16.7999544520216,15.4239457581118,0,0,174.023435471758,177.224661253704,Shandong,122.323739964807,37.3523620687029
2271,120.171361647422,0,0,0,0,2,31450.6499358746,0,0,0,0,0,0,0,31450.6499358746,Xinjiang,76.9887188319802,35.8757404420454
2272,150.342373968202,0,0,0,0,2,31450.6499358746,0,0,0,0,0,0,0,31450.6499358746,Xinjiang,77.5312017477035,35.9977570087633
2273,189.115051385641,0,0,0,0,2,31450.6499358746,0,0,0,0,0,0,0,31450.6499358746,Xinjiang,78.0753733219593,36.1174385950159
2274,232.220102296915,0,0,0,0,0,0,0,0,0,0,0,0,0,0,Xinjiang,78.6212086035537,36.2347752399941
2275,277.646986587267,0,0,0,0,0,0,0,0,0,0,0,0,0,0,Xinjiang,79.168682086222,36.3497570690013
2276,324.421827889535,0,0,0,0,0,0,0,0,0,0,0,0,0,0,Xinjiang,79.7177677118835,36.4623742997152
2277,372.036551512603,0,0,0,0,0,0,0,0,0,0,0,0,0,0,Xinjiang,80.2684388743083,36.5726172484613
2278,420.205745928809,0,0,0,0,0,0,0,0,0,0,0,0,0,0,Xinjiang,80.8206684231979,36.6804763364915
2279,402.458028254837,0,0,0,0,0,0,0,0,0,0,0,0,0,0,Xinjiang,81.3744286686852,36.7859420962633
2280,355.252394028299,0,0,0,0,0,0,0,0,0,0,0,0,0,0,Xinjiang,81.9296913862542,36.8890051777118
2281,308.927276909787,0,0,0,0,0,0,0,0,0,0,0,0,0,0,Xinjiang,82.4864278220842,36.9896563545094
2282,263.946701769426,0,0,0,0,0,0,0,0,0,0,0,0,0,0,Xinjiang,83.0446086988173,37.0878865303062
2283,221.132675855515,0,0,0,0,0,0,0,0,0,0,0,0,0,0,Xinjiang,83.6042042217534,37.1836867449439
2284,182.020491393364,0,0,0,0,1,25839.5266241108,0,0,0,25839.5266241108,0,0,0,0,Xinjiang,84.1651840854707,37.2770481806373
2285,149.543499501458,0,0,0,0,1,25839.5266241108,0,0,0,25839.5266241108,0,0,0,0,Xinjiang,84.7275174808728,37.3679621681162
2286,128.821804051971,0,0,0,0,1,25839.5266241108,0,0,0,0,25839.5266241108,0,0,0,Xinjiang,85.291173102662,37.4564201927205
2287,125.804833592616,0,0,0,0,3,43646.5794343716,0,0,0,17807.0528102608,25839.5266241108,0,0,0,Xinjiang,85.8561191572368,37.5424139004416
2288,134.552781313443,0,0,0,0,8,43893.9973584046,0,0,0,18054.4707342938,0,25839.5266241108,0,0,Xinjiang,86.4223233710122,37.6259351039027
2289,106.802499159813,0,0,0,0,8,43893.9973584046,0,0,0,17807.0528102608,247.417924033009,25839.5266241108,0,0,Xinjiang,86.9897529991597,37.7069757882708
2290,98.5347486645144,0,0,2,17807.0528102608,8,71790.9983235766,0,0,0,53736.5275892828,18054.4707342938,0,0,0,Xinjiang,87.5583748347652,37.7855281170938
2291,114.067609609276,0,0,0,0,8,71790.9983235766,0,0,0,53736.5275892828,0,18054.4707342938,0,0,Xinjiang,88.1281552183989,37.8615844380536
2292,110.961718976344,0,0,0,0,5,71590.0732535859,0,0,0,0,53736.5275892828,17853.5456643031,0,0,Xinjiang,88.6990600480949,37.9351372886307
2293,112.955596542282,0,0,0,0,3,71543.5803995436,0,0,0,0,53736.5275892828,17807.0528102608,0,0,Xinjiang,89.2710547897337,38.006179401669
2294,134.927500911626,0,0,0,0,1,53736.5275892828,0,0,0,0,0,53736.5275892828,0,0,Xinjiang,89.8441044878231,38.0747037108376
2295,169.268704178582,0,0,0,0,1,53736.5275892828,0,0,0,0,0,53736.5275892828,0,0,Xinjiang,90.4181737766703,38.1407033559798
2296,183.388375649124,0,0,0,0,2,94.0613376788021,0,94.0613376788021,0,0,0,0,0,0,Qinghai,90.9932268919382,38.2041716883414
2297,147.075508712237,0,0,0,0,4,8032.57748115865,0,8032.57748115865,0,0,0,0,0,0,Qinghai,91.569227682579,38.2651022756745
2298,120.959142699939,0,0,0,0,8,8829.4024125728,94.0613376788021,8735.341074894,0,0,0,0,0,0,Qinghai,92.1461396231353,38.323488907205
2299,112.387824707325,0,0,0,0,8,8829.4024125728,8829.4024125728,0,0,0,0,0,0,0,Qinghai,92.7239258264016,38.3793255984612
2300,114.367263239585,0,0,0,0,10,16052.8176581953,15110.3057696116,848.450550904832,0,0,0,0,0,94.0613376788021,Qinghai,93.3025490564347,38.4326065959532
2301,134.038962748213,0,0,0,0,10,16052.8176581953,8020.24017703663,0,0,0,0,0,0,8032.57748115865,Qinghai,93.8819717419043,38.4833263816985
2302,152.093970368783,0,0,0,0,10,23318.1828828008,848.450550904832,0,13640.3299193232,0,0,0,0,8829.4024125728,Qinghai,94.4621559897719,38.5314796775859
2303,130.380384754798,0,0,0,0,2,14488.780470228,0,13640.3299193232,0,0,0,0,0,848.450550904832,Gansu,95.0430635992877,38.577061449572
2304,87.3424217697323,0,0,1,13640.3299193232,2,14488.780470228,0,13640.3299193232,0,0,0,0,0,848.450550904832,Gansu,95.6246560762921,38.6200669117038
2305,57.0819809781932,0,0,1,13640.3299193232,1,13640.3299193232,13640.3299193232,0,0,0,0,0,0,0,Gansu,96.2068946478109,38.6604915299606
2306,62.3538809071846,0,0,1,13640.3299193232,1,13640.3299193232,0,0,0,0,0,0,0,13640.3299193232,Gansu,96.7897402769295,38.6983310259111
2307,97.5584972002991,0,0,1,13640.3299193232,2,13646.9927045297,6.66278520649497,0,0,0,0,0,0,13640.3299193232,Qinghai,97.3731536779343,38.7335813801781
2308,141.941235332699,0,0,0,0,4,14567.8565446341,6.66278520649497,920.863840104447,0,0,0,0,13640.3299193232,0,Qinghai,97.957095331705,38.7662388357068
2309,131.05221474853,0,0,0,0,6,33175.7897973786,6.66278520649497,920.863840104447,18607.9332527445,0,0,0,13640.3299193232,0,Qinghai,98.5415255013458,38.7962999008307
2310,93.2125049848948,0,0,2,920.863840104447,5,19535.4598780555,0,920.863840104447,49.051174269516,18558.882078475,0,0,0,6.66278520649497,Qinghai,99.1264042480386,38.8237613521319
2311,72.0348421983723,0,0,4,19528.797092849,4,19528.797092849,920.863840104447,0,49.051174269516,18558.882078475,0,0,0,0,Gansu,99.7116914471031,38.8486202370887
2312,29.2593330084088,1,49.051174269516,4,19528.797092849,4,19528.797092849,0,49.051174269516,0,0,18558.882078475,0,0,920.863840104447,Gansu,100.297346804249,38.8708738765084
2313,39.0281775855416,1,49.051174269516,2,18607.9332527445,7,26788.9296224436,0,0,7253.04438591754,7.08814367707228,0,18558.882078475,0,969.915014373963,Gansu,100.883329872002,38.8905198667414
2314,84.7955701861661,0,0,1,49.051174269516,11,33319.4034781228,0,0,13783.5182415967,7.08814367707228,0,18558.882078475,49.051174269516,920.863840104447,Inner Mongolia,101.469600066292,38.907556081671
2315,87.606320778028,0,0,2,7253.04438591754,12,84929.0409061009,0,0,66308.3708648558,7.08814367707228,5.64864482346727,0,18607.9332527445,0,Gansu,102.056116683179,38.9219806744785
2316,38.4784698476843,2,7253.04438591754,6,13783.5182415967,12,84929.0409061009,0,0,62340.2609084923,3968.10995636356,12.7367885005395,0,18607.9332527445,0,Gansu,102.642838915703,38.9337920791787
2317,16.9209291520666,6,13783.5182415967,7,66308.3708648558,10,66321.1076533564,0,0,0,59055.3264789383,12.7367885005395,7253.04438591754,0,0,Gansu,103.229725870851,38.9429890119237
2318,42.0927825276045,4,6530.47385567917,7,66308.3708648558,18,67541.3688899513,0,0,843.701295824636,52901.4125640295,0,12.7367885005395,13783.5182415967,0,Gansu,103.816736586598,38.9495704720741
2319,52.7919282074066,0,0,5,59055.3264789383,17,69303.5992147874,0,0,2611.5802654842,0,52901.4125640295,7.08814367707228,13783.5182415967,0,Inner Mongolia,104.403830049038,38.953535743034
2320,79.2429771055708,0,0,6,53368.5539190837,20,78872.6485809653,7592.66505172281,0,3081.84096004627,1513.21176357011,376.559940770374,52524.8526232591,13783.5182415967,0,Inner Mongolia,104.990965209551,38.9548843928497
2321,31.5869029007336,5,843.701295824636,6,2611.5802654842,21,76609.3116254024,7592.66505172281,4127.2285402542,2238.29047796378,3219.24113575297,376.559940770374,52524.8526232591,6530.47385567917,0,Inner Mongolia,105.578101002026,38.9536162745709
2322,3.88300910088155,6,2611.5802654842,7,3081.84096004627,18,70403.3160050985,7592.66505172281,4127.2285402542,470.260694562064,862.478890100369,3605.568968605,1220.26123659501,52524.8526232591,0,Ningxia,106.165196360082,38.9497315263737
2323,49.2295888843565,2,2238.13966422163,9,7209.22031404262,13,9909.23838934628,0,4127.2285402542,470.260694562064,0.150813742147987,2700.01807530366,0,2611.5802654842,0,Ningxia,106.752210234308,38.9432305714447
2324,10.5130465172886,2,470.411508304212,4,6365.51901821798,12,9584.76015397095,4127.2285402542,0,0,0,1332.73958466243,1513.21176357011,2611.5802654842,0,Inner Mongolia,107.33910160947,38.9341141176275
2325,52.8913591470511,0,0,2,470.411508304212,12,9584.76015397095,0,0,0,0,862.328076358221,1513.36257731226,3081.84096004627,4127.2285402542,Inner Mongolia,107.925829521692,38.9223831568314
2326,99.110035598408,0,0,1,0.150813742147987,5,7227.8470945762,0,0,0,0,0,862.478890100369,2238.13966422163,4127.2285402542,Inner Mongolia,108.512353075582,38.908038964203
2327,144.871188365612,0,0,0,0,5,5479.94483433671,0,19.976709420073,0,0,0,862.328076358221,470.411508304212,4127.2285402542,Inner Mongolia,109.09863146128,38.8910830970629
2328,154.512636586774,0,0,0,0,6,589.94900804993,15.9836528178257,19.976709420073,194.8535407363,358.984291333583,0,0,0.150813742147987,0,Shaanxi,109.684623971421,38.8715173936088
2329,110.198385064074,0,0,0,0,5,589.798194307781,35.9603622378987,0,194.8535407363,358.984291333583,0,0,0,0,Shaanxi,110.270290017998,38.8493439713869
2330,73.5745423124764,0,0,2,450.942006895993,4,573.814541489956,19.976709420073,0,194.8535407363,358.984291333583,0,0,0,0,Shaanxi,110.855589149082,38.8245652255343
2331,45.9233238478859,1,194.8535407363,2,450.942006895993,4,573.814541489956,19.976709420073,0,194.8535407363,0,358.984291333583,0,0,0,Shanxi,111.440481065425,38.7971838267954
2332,11.3930557990697,1,194.8535407363,2,450.942006895993,5,793.459768364246,0,0,219.645226874291,0,102.89582517389,450.942006895993,0,19.976709420073,Shanxi,112.024925636883,38.7672027193152
2333,56.1306669089709,0,0,1,194.8535407363,6,803.597551395097,0,10.1377830308505,219.645226874291,0,0,358.984291333583,194.8535407363,19.976709420073,Shanxi,112.608882918677,38.7346251182135
2334,52.0379179290974,0,0,1,219.645226874291,6,787.613772341907,0,10.1377830308505,219.645226874291,3.99293036688269,0,102.89582517389,450.942006895993,0,Shanxi,113.19231316746,38.6994545069425
2335,2.17167166695606,1,219.645226874291,1,219.645226874291,8,1048.56531019011,10.1377830308505,289.265073761704,219.645226874291,176.623892990926,158.039792796038,0,194.8535407363,0,Hebei,113.775176857174,38.6616946344342
2336,47.9738200819928,1,219.645226874291,1,219.645226874291,8,1086.49879615958,288.167239939381,244.022643558947,0,176.623892990926,158.039792796038,0,219.645226874291,0,Hebei,114.357434694692,38.6213495120406
2337,97.9707031142176,0,0,1,219.645226874291,7,932.451933730427,522.052100467477,0,0,176.623892990926,3.99293036688269,0,219.645226874291,10.1377830308505,Hebei,114.939047635216,38.5784234102712
2338,104.032352370292,0,0,0,0,10,1411.11940549519,522.052100467477,343.52964936443,145.275605431182,0,176.623892990926,3.99293036688269,219.645226874291,0,Hebei,115.519976897425,38.5329208553343
2339,108.913856048406,0,0,0,0,11,1853.0615687655,232.787026705773,343.52964936443,587.21776870149,0,176.623892990926,3.99293036688269,219.645226874291,289.265073761704,Hebei,116.100183978359,38.4848466254858
2340,70.4951555020004,0,0,2,137.288796674131,12,1370.52691460821,16.1382569080676,343.52964936443,579.230959944439,10.9815118413993,0,176.623892990926,0,244.022643558947,Hebei,116.679630668025,38.4342057471934
2341,24.9415609536094,2,137.288796674131,4,587.21776870149,12,2744.60500949497,449.274251710271,136.1206487793,1971.60470417308,10.9815118413993,0,176.623892990926,0,0,Hebei,117.258279063703,38.3810034911184
2342,16.0131373314541,3,579.230959944439,4,587.21776870149,7,2462.23651415821,343.52964936443,0,1528.49439300794,441.942163270308,10.9815118413993,0,1.16814789483092,136.1206487793,Hebei,117.836091583958,38.3252453679257
2343,56.3881511463793,0,0,2,31450.6499358746,2,31450.6499358746,31450.6499358746,0,0,0,0,0,0,0,Xinjiang,76.2873777478541,36.1755492862643
2344,79.6322600451988,0,0,2,31450.6499358746,2,31450.6499358746,0,0,0,0,0,0,0,31450.6499358746,Xinjiang,76.8308524990952,36.3005507029088
2345,120.428277784347,0,0,0,0,2,31450.6499358746,0,0,0,0,0,0,0,31450.6499358746,Xinjiang,77.3760678358706,36.4232188318922
2346,166.326917064869,0,0,0,0,2,31450.6499358746,0,0,0,0,0,0,31450.6499358746,0,Xinjiang,77.9229990913583,36.5435433766047
2347,214.07082143651,0,0,0,0,0,0,0,0,0,0,0,0,0,0,Xinjiang,78.4716210266647,36.6615141212284
2348,262.655648788864,0,0,0,0,0,0,0,0,0,0,0,0,0,0,Xinjiang,79.0219078336417,36.7771209371668
2349,311.688407052464,0,0,0,0,0,0,0,0,0,0,0,0,0,0,Xinjiang,79.5738331381232,36.8903537894928
2350,360.986615182752,0,0,0,0,0,0,0,0,0,0,0,0,0,0,Xinjiang,80.1273700035862,37.0012027434136
2351,410.454637677904,0,0,0,0,0,0,0,0,0,0,0,0,0,0,Xinjiang,80.6824909352421,37.1096579707428
2352,420.634259343473,0,0,0,0,0,0,0,0,0,0,0,0,0,0,Xinjiang,81.2391678845591,37.2157097563759
2353,375.719282296627,0,0,0,0,0,0,0,0,0,0,0,0,0,0,Xinjiang,81.7973722542211,37.3193485047607
2354,332.260106009664,0,0,0,0,0,0,0,0,0,0,0,0,0,0,Xinjiang,82.3570749035239,37.4205647463584
2355,290.909912174908,0,0,0,0,0,0,0,0,0,0,0,0,0,0,Xinjiang,82.9182461542118,37.5193491440861
2356,252.706105897099,0,0,0,0,0,0,0,0,0,0,0,0,0,0,Xinjiang,83.480855796755,37.6156924997357
2357,219.2992816079,0,0,0,0,0,0,0,0,0,0,0,0,0,0,Xinjiang,84.044873097069,37.7095857603604
2358,193.194135184801,0,0,0,0,1,25839.5266241108,0,0,0,25839.5266241108,0,0,0,0,Xinjiang,84.6102668036761,37.8010200246233
2359,177.639446142639,0,0,0,0,1,25839.5266241108,0,0,0,0,25839.5266241108,0,0,0,Xinjiang,85.1770051553081,37.8899865491
2360,175.463876002791,0,0,0,0,1,25839.5266241108,0,0,0,0,25839.5266241108,0,0,0,Xinjiang,85.7450558889492,37.976476754527
2361,174.42822817266,0,0,0,0,3,43646.5794343716,0,0,0,17807.0528102608,25839.5266241108,0,0,0,Xinjiang,86.3143862483179,38.0604822319898
2362,154.037429383412,0,0,0,0,2,17807.0528102608,0,0,0,0,17807.0528102608,0,0,0,Xinjiang,86.8849629927839,38.1419947490416
2363,148.424568446899,0,0,0,0,3,71543.5803995436,0,0,0,53736.5275892828,17807.0528102608,0,0,0,Xinjiang,87.4567524067186,38.221006255747
2364,159.160847529299,0,0,0,0,3,71543.5803995436,0,0,0,53736.5275892828,17807.0528102608,0,0,0,Xinjiang,88.0297203092739,38.2975088906401
2365,160.365203390078,0,0,0,0,3,71543.5803995436,0,0,0,0,53736.5275892828,17807.0528102608,0,0,Xinjiang,88.6038320645861,38.3714949865925
2366,161.751235452399,0,0,0,0,1,53736.5275892828,0,0,0,0,53736.5275892828,0,0,0,Xinjiang,89.1790525923982,38.4429570765805
2367,177.791804879791,0,0,0,0,1,53736.5275892828,0,0,0,0,0,53736.5275892828,0,0,Xinjiang,89.7553463790963,38.511887899346
2368,204.70400232536,0,0,0,0,0,0,0,0,0,0,0,0,0,0,Xinjiang,90.3326774891523,38.5782804049422
2369,157.80886384408,0,0,0,0,4,8032.57748115865,0,94.0613376788021,7938.51614347985,0,0,0,0,0,Qinghai,90.9110095769666,38.6421277601565
2370,113.593778207704,0,0,0,0,9,62963.5265062086,54134.1240936358,8829.4024125728,0,0,0,0,0,0,Qinghai,91.4903058991016,38.703423353804
2371,76.833946841504,0,0,4,8032.57748115865,12,69610.6442443234,54134.1240936358,15476.5201506876,0,0,0,0,0,0,Qinghai,92.0705293268994,38.7621608018826
2372,62.4769103508098,0,0,4,8032.57748115865,13,70459.0947952282,54500.3384747117,15958.7563205165,0,0,0,0,0,0,Qinghai,92.6516423594723,38.8183339525836
2373,66.2942422286707,0,0,8,8829.4024125728,13,70459.0947952282,15382.4588130088,848.450550904832,0,0,0,0,0,54228.1854313146,Qinghai,93.2336071370576,38.8719368911494
2374,96.3405376068616,0,0,2,7938.51614347985,12,16324.9707015925,7495.56828901965,0,0,0,0,0,0,8829.4024125728,Gansu,93.8163854547257,38.9229639445719
2375,102.576324745168,0,0,0,0,13,29965.3006209156,848.450550904832,0,13640.3299193232,0,0,0,94.0613376788021,15382.4588130088,Gansu,94.3999387764304,38.9714096861251
2376,118.768526780389,0,0,0,0,9,29599.0862398396,0,0,13640.3299193232,0,0,0,7938.51614347985,8020.24017703663,Gansu,94.9842282493888,39.0172689397233
2377,68.81581842408,0,0,1,13640.3299193232,2,14488.780470228,0,0,13640.3299193232,0,0,0,0,848.450550904832,Gansu,95.5692147187806,39.0605367840999
2378,19.1120584231203,1,13640.3299193232,1,13640.3299193232,2,14488.780470228,0,0,13640.3299193232,0,0,0,0,848.450550904832,Gansu,96.1548587427505,39.1012085568001
2379,31.5424268083701,1,13640.3299193232,1,13640.3299193232,2,13646.9927045297,0,6.66278520649497,0,0,0,0,13640.3299193232,0,Gansu,96.7411206077034,39.1392798579804
2380,81.3915143043435,0,0,1,13640.3299193232,2,13646.9927045297,0,6.66278520649497,0,0,0,0,13640.3299193232,0,Gansu,97.327960343876,39.1747465540104
2381,131.355367277266,0,0,0,0,4,14567.8565446341,6.66278520649497,0,920.863840104447,0,0,0,13640.3299193232,0,Gansu,97.9153377411713,39.2076047808701
2382,111.935707023675,0,0,0,0,6,33175.7897973786,6.66278520649497,0,969.915014373963,18558.882078475,0,0,13640.3299193232,0,Gansu,98.5032123652409,39.2378509473377
2383,63.5884470792823,0,0,2,920.863840104447,5,19535.4598780555,0,0,969.915014373963,18558.882078475,0,0,0,6.66278520649497,Gansu,99.0915435737982,39.2654817379628
2384,23.6088690330346,2,920.863840104447,3,969.915014373963,5,19535.4598780555,0,920.863840104447,49.051174269516,18558.882078475,0,0,0,6.66278520649497,Gansu,99.6802905331489,39.2904941158206
2385,32.7936418855851,3,969.915014373963,3,969.915014373963,4,19528.797092849,0,0,0,49.051174269516,18558.882078475,0,0,920.863840104447,Gansu,100.26941223492,39.312885325042
2386,41.7434189504693,1,49.051174269516,3,969.915014373963,5,22813.731522403,0,0,3284.93442955399,0,18558.882078475,49.051174269516,920.863840104447,0,Inner Mongolia,100.85886751297,39.3326528931157
2387,86.0790514772683,0,0,1,49.051174269516,11,33319.4034781228,0,0,6530.47385567917,7260.13252959462,0,18558.882078475,969.915014373963,0,Inner Mongolia,101.448615060469,39.3497946329594
2388,106.071166605338,0,0,0,0,11,33319.4034781228,0,0,0,13783.5182415967,7.08814367707228,18558.882078475,969.915014373963,0,Inner Mongolia,102.038613447122,39.3643086447546
2389,71.1113042108949,0,0,6,13783.5182415967,9,66364.5101828024,0,0,0,66308.3708648558,7.08814367707228,0,49.051174269516,0,Inner Mongolia,102.628821136522,39.3761933175451
2390,62.14935871051,0,0,6,13783.5182415967,8,66315.4590085329,0,0,0,52524.8526232591,13790.6063852738,0,0,0,Inner Mongolia,103.219196503621,39.3854473305929
2391,76.6766406882697,0,0,6,13783.5182415967,14,74751.8253560803,0,7592.66505172281,843.701295824636,0,52524.8526232591,13790.6063852738,0,0,Gansu,103.809697852288,39.3920696544931
2392,101.24543117286,0,0,0,0,14,76512.6161820628,0,7592.66505172281,1767.87896965956,843.701295824636,52524.8526232591,13783.5182415967,0,0,Inner Mongolia,104.400283432946,39.3960595520426
2393,101.370131446717,0,0,0,0,18,83406.617502248,7592.66505172281,1253.56101636085,4127.2285402542,4124.79202905431,0,63023.4364353018,3284.93442955399,0,Inner Mongolia,104.990911460264,39.3974165788631
2394,70.669558961711,0,0,6,2611.5802654842,14,70093.5107689555,7592.66505172281,1253.56101636085,4597.48923481627,3890.9655033013,233.977339495161,52524.8526232591,0,0,Inner Mongolia,105.581540130888,39.3961405837772
2395,53.8777768240394,0,0,6,2611.5802654842,14,70093.5107689555,1253.56101636085,0,4127.2285402542,470.411508304212,4124.79202905431,52524.8526232591,0,7592.66505172281,Inner Mongolia,106.172127641193,39.3922317089356
2396,57.1396722402896,0,0,4,6975.09216080531,14,18430.9862220546,1253.56101636085,4127.2285402542,0,470.411508304212,2375.53983992833,2611.5802654842,0,7592.66505172281,Inner Mongolia,106.762632205027,39.3856903896976
2397,38.3649779230688,1,4127.2285402542,3,4597.64004855842,13,10838.3211703318,4127.2285402542,0,0,0,1332.73958466243,4124.79202905431,0,1253.56101636085,Inner Mongolia,107.35301207145,39.3765173542624
2398,68.4017610763887,0,0,2,4597.48923481627,13,10838.3211703318,0,0,0,0,862.478890100369,2217.44979762734,2377.60292598904,5380.78955661506,Inner Mongolia,107.943225542422,39.3647136230542
2399,113.515330707616,0,0,0,0,5,4824.6864813317,211.062779955454,15.9836528178257,0,0,0,470.411508304212,4127.2285402542,0,Inner Mongolia,108.533230990444,39.3502805078601
2400,156.991876583302,0,0,0,0,6,4844.66319075177,211.062779955454,35.9603622378987,0,0,0,0.150813742147987,4597.48923481627,0,Inner Mongolia,109.122986876122,39.333219610724
2401,123.473924769702,0,0,0,0,3,292.048828397592,15.9836528178257,19.976709420073,0,256.088466159693,0,0,0,0,Inner Mongolia,109.712451765635,39.3135328225968
2402,88.8277052649685,0,0,1,19.976709420073,6,4734.2355550107,4160.42101352074,19.976709420073,0,553.837832069883,0,0,0,0,Shaanxi,110.301584348096,39.2912223217466
2403,74.3969915201963,0,0,1,19.976709420073,6,4734.2355550107,4164.41407012299,0,0,194.8535407363,358.984291333583,0,0,15.9836528178257,Shaanxi,110.890343452778,39.26629057193
2404,74.9815292997243,0,0,2,214.830250156373,5,4718.25190219287,4144.43736070292,0,0,194.8535407363,358.984291333583,0,0,19.976709420073,Shanxi,111.478688066199,39.2387403203289
2405,60.3579305752857,0,0,1,194.8535407363,6,803.597551395097,0,10.1377830308505,219.645226874291,0,297.74936591019,256.088466159693,0,19.976709420073,Shanxi,112.066577349039,39.208574595255
2406,81.6328967422987,0,0,1,194.8535407363,6,803.597551395097,0,10.1377830308505,0,219.645226874291,0,553.837832069883,0,19.976709420073,Shanxi,112.653970652874,39.1757967036269
2407,72.6945203586637,0,0,1,219.645226874291,5,958.754473709665,0,288.167239939381,0,219.645226874291,0,450.942006895993,0,0,Shanxi,113.240827536711,39.1404102282225
2408,50.806146730594,0,0,1,219.645226874291,7,950.681581475801,10.1377830308505,522.052100467477,0,0,223.638157241173,0,194.8535407363,0,Shanxi,113.827107783309,39.102419024713
2409,69.8429366581706,0,0,1,219.645226874291,7,932.451933730427,10.1377830308505,522.052100467477,0,176.623892990926,3.99293036688269,219.645226874291,0,0,Hebei,114.412771415273,39.0618272184809
2410,83.3717629088704,0,0,1,11.2356168531733,11,1109.95838280784,688.322932691715,11.2356168531733,0,176.623892990926,3.99293036688269,219.645226874291,0,10.1377830308505,Hebei,114.99777871089,39.0186392012296
2411,75.5038580779141,0,0,1,11.2356168531733,16,1602.92215538758,421.529092636358,16.1382569080676,480.818446038562,0,176.623892990926,0,219.645226874291,288.167239939381,Hebei,115.582090219712,38.9728596273874
2412,97.2152987896545,0,0,1,11.2356168531733,17,1912.67446294758,177.506449077411,449.274251710271,579.230959944439,7.98680875705093,176.623892990926,0,0,522.052100467477,Hebei,116.165666777859,38.9244934103146
2413,76.1181576123557,0,0,3,480.818446038562,13,1735.16801387016,105.74460234584,343.52964936443,0,587.21776870149,0,176.623892990926,0,522.052100467477,Tianjin,116.748469523034,38.8735457183161
2414,38.0327284302757,1,136.1206487793,4,922.76060930887,14,2954.28308998713,591.553581634408,0,0,2110.72005603673,7.98680875705093,0,0,244.022643558947,Tianjin,117.330459909225,38.8200219704685
2415,8.9310844479659,2,31450.6499358746,2,31450.6499358746,2,31450.6499358746,0,0,0,0,0,0,0,31450.6499358746,Xinjiang,76.1250417536712,36.5994315336295
2416,56.9336238054083,0,0,2,31450.6499358746,2,31450.6499358746,0,0,0,0,0,0,31450.6499358746,0,Xinjiang,76.671245484919,36.7251064902109
2417,106.785349041033,0,0,0,0,2,31450.6499358746,0,0,0,0,0,0,31450.6499358746,0,Xinjiang,77.2192179099689,36.8484396850684
2418,156.731566763094,0,0,0,0,2,31450.6499358746,0,0,0,0,0,0,31450.6499358746,0,Xinjiang,77.768934086051,36.969420558835
2419,206.703791136524,0,0,0,0,0,0,0,0,0,0,0,0,0,0,Xinjiang,78.3203684837569,37.0880386338057
2420,256.686833554843,0,0,0,0,0,0,0,0,0,0,0,0,0,0,Xinjiang,78.8734949898191,37.2042835205576
2421,306.675404573971,0,0,0,0,0,0,0,0,0,0,0,0,0,0,Xinjiang,79.4282869103248,37.3181449245928
2422,356.667179623817,0,0,0,0,0,0,0,0,0,0,0,0,0,0,Xinjiang,79.9847169743686,37.4296126530019
2423,406.660977069358,0,0,0,0,0,0,0,0,0,0,0,0,0,0,Xinjiang,80.5427573381488,37.5386766211365
2424,443.727276330954,0,0,0,0,0,0,0,0,0,0,0,0,0,0,Xinjiang,81.1023795895112,37.6453268592894
2425,401.404652085835,0,0,0,0,0,0,0,0,0,0,0,0,0,0,Xinjiang,81.6635547529429,37.7495535193721
2426,361.050541714334,0,0,0,0,0,0,0,0,0,0,0,0,0,0,Xinjiang,82.2262532950205,37.8513468815843
2427,323.402678758656,0,0,0,0,0,0,0,0,0,0,0,0,0,0,Xinjiang,82.7904451303129,37.9506973610685
2428,289.518724065198,0,0,0,0,0,0,0,0,0,0,0,0,0,0,Xinjiang,83.3560996277411,38.047595514541
2429,260.869489477778,0,0,0,0,0,0,0,0,0,0,0,0,0,0,Xinjiang,83.9231856173969,38.1420320468938
2430,239.342201662098,0,0,0,0,0,0,0,0,0,0,0,0,0,0,Xinjiang,84.4916713978178,38.2339978177584
2431,226.972439852334,0,0,0,0,0,0,0,0,0,0,0,0,0,0,Xinjiang,85.0615247437218,38.3234838480242
2432,225.273805420386,0,0,0,0,0,0,0,0,0,0,0,0,0,0,Xinjiang,85.6327129141973,38.4104813263043
2433,218.508495504684,0,0,0,0,0,0,0,0,0,0,0,0,0,0,Xinjiang,86.205202661348,38.49498161534
2434,202.603764711623,0,0,0,0,0,0,0,0,0,0,0,0,0,0,Xinjiang,86.778960239391,38.5769762583366
2435,198.369877609774,0,0,0,0,2,17807.0528102608,0,0,0,0,17807.0528102608,0,0,0,Xinjiang,87.3539514142036,38.6564569852215
2436,206.525860875859,0,0,0,0,0,0,0,0,0,0,0,0,0,0,Xinjiang,87.930141473315,38.7334157188187
2437,210.051169571845,0,0,0,0,0,0,0,0,0,0,0,0,0,0,Xinjiang,88.5074952363398,38.8078445809284
2438,211.111244491,0,0,0,0,0,0,0,0,0,0,0,0,0,0,Xinjiang,89.0859770658465,38.8797358983069
2439,223.639042348546,0,0,0,0,0,0,0,0,0,0,0,0,0,0,Xinjiang,89.6655508786553,38.9490822085354
2440,195.386974367691,0,0,0,0,2,94.0613376788021,0,0,94.0613376788021,0,0,0,0,0,Xinjiang,90.2461801575592,39.0158762657726
2441,145.51968489623,0,0,0,0,5,62166.7015747944,0,54134.1240936358,8032.57748115865,0,0,0,0,0,Xinjiang,90.8278279634604,39.0801110463814
2442,95.7908535928101,0,0,2,94.0613376788021,12,69610.6442443234,0,60781.2418317506,8829.4024125728,0,0,0,0,0,Xinjiang,91.4104569479131,39.141779754421
2443,46.6454346295611,2,94.0613376788021,4,8032.57748115865,13,70459.0947952282,54134.1240936358,7443.94266952897,8881.02803206349,0,0,0,0,0,Xinjiang,91.9940293660661,39.2008758269989
2444,13.2553955626047,4,8032.57748115865,8,8829.4024125728,13,70459.0947952282,54500.3384747117,15110.3057696116,848.450550904832,0,0,0,0,0,Gansu,92.5785070899933,39.2573929394726
2445,26.6454912590668,6,8735.341074894,10,16052.8176581953,13,70459.0947952282,7443.94266952897,848.450550904832,0,0,0,0,94.0613376788021,62072.6402371156,Gansu,93.1638516224024,39.3113250104943
2446,60.6721631384366,0,0,8,15958.7563205165,13,70459.0947952282,6374.96469471765,848.450550904832,0,0,0,0,8032.57748115865,55203.1020684471,Gansu,93.7500241107125,39.3626662068916
2447,53.9558057479491,0,0,1,848.450550904832,13,29965.3006209156,848.450550904832,0,13640.3299193232,0,0,0,8032.57748115865,7443.94266952897,Gansu,94.3369853614869,39.4114109483759
2448,84.5064883185071,0,0,1,848.450550904832,12,35717.3838323425,0,5846.14454910573,13640.3299193232,0,0,0,8735.341074894,7495.56828901965,Gansu,94.9246958552094,39.4575539120708
2449,82.719617323522,0,0,1,13640.3299193232,4,26709.8897140514,5846.14454910573,0,0,13640.3299193232,0,0,0,7223.41524562248,Gansu,95.5131157613932,39.5010900368564
2450,49.7211122355745,1,13640.3299193232,1,13640.3299193232,4,20341.5878045402,5846.14454910573,6.66278520649497,0,0,13640.3299193232,0,848.450550904832,0,Gansu,96.1022049540051,39.5420145275183
2451,55.6941910232547,0,0,1,13640.3299193232,3,19493.1372536354,0,6.66278520649497,0,0,0,13640.3299193232,0,5846.14454910573,Gansu,96.691923027195,39.5803228586987
2452,93.442478699615,0,0,1,13640.3299193232,2,13646.9927045297,0,6.66278520649497,0,0,0,13640.3299193232,0,0,Gansu,97.2822293113132,39.6160107786414
2453,84.9702986820871,0,0,1,6.66278520649497,4,14567.8565446341,6.66278520649497,0,920.863840104447,0,0,0,13640.3299193232,0,Gansu,97.8730828892012,39.6490743127246
2454,87.4405981786173,0,0,1,6.66278520649497,5,14616.9077189036,6.66278520649497,0,920.863840104447,49.051174269516,0,0,13640.3299193232,0,Gansu,98.4644426127412,39.6795097667774
2455,66.3205105404896,0,0,2,920.863840104447,5,19535.4598780555,0,0,0,19528.797092849,0,0,0,6.66278520649497,Gansu,99.0562671196462,39.7073137301718
2456,30.204274754008,2,920.863840104447,2,920.863840104447,5,19535.4598780555,0,0,0,49.051174269516,19479.7459185795,0,0,6.66278520649497,Gansu,99.6485148504755,39.7324830786889
2457,49.2563326738572,2,920.863840104447,3,969.915014373963,5,19535.4598780555,0,0,0,0,18607.9332527445,920.863840104447,0,6.66278520649497,Inner Mongolia,100.241144065858,39.755014977151
2458,83.4375659142683,0,0,3,969.915014373963,4,19528.797092849,0,0,0,0,18607.9332527445,0,920.863840104447,0,Inner Mongolia,100.834112863907,39.7749068818174
2459,112.378456490777,0,0,0,0,10,33312.3153344457,0,0,0,13783.5182415967,0,18607.9332527445,920.863840104447,0,Inner Mongolia,101.427379197804,39.7921565425392
2460,140.809507242186,0,0,0,0,9,14753.4332559707,0,0,0,13783.5182415967,0,49.051174269516,920.863840104447,0,Inner Mongolia,102.02090089354,39.8067620046702
2461,116.760620636132,0,0,0,0,8,66357.4220391253,0,0,0,59055.3264789383,7253.04438591754,49.051174269516,0,0,Inner Mongolia,102.614635667792,39.8187216107295
2462,111.529223672027,0,0,0,0,7,66308.3708648558,0,0,0,52524.8526232591,13783.5182415967,0,0,0,Inner Mongolia,103.208541145914,39.8280340018137
2463,122.420635979225,0,0,0,0,8,73901.0359165786,0,7592.66505172281,0,0,59055.3264789383,7253.04438591754,0,0,Inner Mongolia,103.802574880027,39.8346981187569
2464,120.414826385777,0,0,0,0,15,77766.1771984236,0,8846.22606808366,0,2611.5802654842,52524.8526232591,13783.5182415967,0,0,Inner Mongolia,104.396694367189,39.838713203035
2465,90.825871196461,0,0,1,7592.66505172281,16,81893.4057386778,0,8846.22606808366,4127.2285402542,2611.5802654842,0,66308.3708648558,0,0,Inner Mongolia,104.990857067624,39.8400787974149
2466,83.6597115921388,0,0,1,7592.66505172281,11,68580.1481916432,7592.66505172281,1253.56101636085,4127.2285402542,2238.13966422163,843.701295824636,52524.8526232591,0,0,Inner Mongolia,105.585020422984,39.8387947463452
2467,93.7401104802116,0,0,1,4127.2285402542,11,16055.4463821263,1253.56101636085,0,4127.2285402542,470.411508304212,2611.5802654842,0,0,7592.66505172281,Inner Mongolia,106.179141874642,39.8348611960895
2468,44.6557689458342,1,4127.2285402542,1,4127.2285402542,11,16055.4463821263,1253.56101636085,0,4127.2285402542,470.411508304212,0,2611.5802654842,0,7592.66505172281,Inner Mongolia,106.773178881977,39.828278594601
2469,14.1798126735075,1,4127.2285402542,1,4127.2285402542,12,16266.5091620817,0,211.062779955454,0,0,470.411508304212,6738.80880573841,0,8846.22606808366,Inner Mongolia,107.367088940639,39.8190476911397
2470,58.378047884189,0,0,1,4127.2285402542,7,7846.12646735211,0,227.046432773279,0,0,0.150813742147987,2238.13966422163,4127.2285402542,1253.56101636085,Inner Mongolia,107.960829600787,39.8071695356314
2471,107.772565442546,0,0,0,0,5,4824.6864813317,211.062779955454,15.9836528178257,0,0,0,470.411508304212,4127.2285402542,0,Inner Mongolia,108.554358485248,39.7926454777708
2472,112.693223867394,0,0,0,0,5,4844.51237700962,211.062779955454,15.9836528178257,19.976709420073,0,0,470.260694562064,4127.2285402542,0,Inner Mongolia,109.147633307622,39.7754771658698
2473,95.1579217268616,0,0,1,15.9836528178257,4,4391.46050289627,15.9836528178257,4144.43736070292,19.976709420073,0,0,0,0,211.062779955454,Inner Mongolia,109.740611890266,39.7556665454529
2474,54.3329227604948,0,0,1,19.976709420073,6,4842.40250979226,15.9836528178257,4164.41407012299,0,450.942006895993,0,0,0,211.062779955454,Inner Mongolia,110.333252182184,39.7332158576018
2475,24.4257573129013,1,19.976709420073,1,19.976709420073,5,4631.33972983681,4164.41407012299,0,0,194.8535407363,256.088466159693,0,0,15.9836528178257,Inner Mongolia,110.925512276765,39.7081276370525
2476,56.9312633350069,0,0,1,19.976709420073,5,4631.33972983681,4144.43736070292,0,0,0,450.942006895993,0,0,35.9603622378987,Inner Mongolia,111.517350429375,39.6804047100483
2477,104.334653253507,0,0,0,0,6,4845.13908692412,0,0,10.1377830308505,219.645226874291,450.942006895993,0,19.976709420073,4144.43736070292,Shanxi,112.108725074779,39.650050191951
2478,123.195811184612,0,0,0,0,7,4859.43097601722,14.2918890930982,10.1377830308505,0,219.645226874291,0,450.942006895993,19.976709420073,4144.43736070292,Shanxi,112.699594844368,39.6170674846153
2479,85.1104386716822,0,0,1,10.1377830308505,7,960.980540202016,14.2918890930982,10.1377830308505,522.052100467477,219.645226874291,0,194.8535407363,0,0,Shanxi,113.28991858318,39.5814602735313
2480,55.5943401823481,0,0,1,10.1377830308505,10,1007.0714513173,24.4296721239487,556.907394729592,11.2356168531733,0,219.645226874291,194.8535407363,0,0,Shanxi,113.879655366701,39.5432325247379
2481,62.7508928202053,0,0,3,299.402856792555,10,943.633448543128,0,688.322932691715,11.2356168531733,0,0,219.645226874291,0,24.4296721239487,Shanxi,114.468764517421,39.5023884815141
2482,44.7733446392569,1,11.2356168531733,4,532.189883498328,12,945.479816358097,455.535905985942,260.160900467014,0,0,0,219.645226874291,0,10.1377830308505,Hebei,115.057205621129,39.4589326608521
2483,27.4706047313003,1,11.2356168531733,3,522.052100467477,15,1514.7364599396,410.293475783185,105.74460234584,343.52964936443,136.1206487793,0,219.645226874291,10.1377830308505,289.265073761704,Hebei,115.644938542946,39.4128698497192
2484,67.116435084221,0,0,2,244.022643558947,17,1880.48087415459,131.415537962124,248.023932269978,343.52964936443,579.230959944439,0,0,21.3733998840238,556.907394729592,Hebei,116.231923443056,39.3642051011131
2485,61.1347804717071,0,0,4,359.667906272498,17,1878.32989988079,248.023932269978,0,343.52964936443,587.21776870149,0,0,289.265073761704,410.293475783185,Hebei,116.818120792148,39.3129437299181
2486,13.7069288711377,1,343.52964936443,6,585.394900489571,15,1493.3006549296,248.023932269978,371.765366545371,0,441.942163270308,145.275605431182,0,244.022643558947,42.2709438538138,Tianjin,117.403491386527,39.2590913085675
2487,61.7918409712433,0,0,2,31450.6499358746,2,31450.6499358746,0,0,0,31450.6499358746,0,0,0,0,Xinjiang,75.413777556319,36.8943630755982
2488,44.4961228114284,2,31450.6499358746,2,31450.6499358746,2,31450.6499358746,0,0,0,0,31450.6499358746,0,0,0,Xinjiang,75.9609126134077,37.0230649733258
2489,71.7047989978744,0,0,2,31450.6499358746,2,31450.6499358746,0,0,0,0,0,31450.6499358746,0,0,Xinjiang,76.509869678764,37.1494274138665
2490,115.339721906739,0,0,0,0,2,31450.6499358746,0,0,0,0,0,0,31450.6499358746,0,Xinjiang,77.0606241352499,37.2734394923286
2491,162.680437360253,0,0,0,0,2,31450.6499358746,0,0,0,0,0,0,31450.6499358746,0,Xinjiang,77.613150761798,37.3950903795098
2492,211.250083905119,0,0,0,0,0,0,0,0,0,0,0,0,0,0,Xinjiang,78.1674237357063,37.5143693286804
2493,260.361808259427,0,0,0,0,0,0,0,0,0,0,0,0,0,0,Xinjiang,78.7234166353752,37.6312656824018
2494,309.757880368387,0,0,0,0,0,0,0,0,0,0,0,0,0,0,Xinjiang,79.2811024434932,37.7457688793721
2495,359.32105101221,0,0,0,0,0,0,0,0,0,0,0,0,0,0,Xinjiang,79.8404535506767,37.8578684612942
2496,408.990575625791,0,0,0,0,0,0,0,0,0,0,0,0,0,0,Xinjiang,80.4014417595678,37.967554079759
2497,431.792768204918,0,0,0,0,0,0,0,0,0,0,0,0,0,0,Xinjiang,80.964038289396,38.0748155031371
2498,427.12462357323,0,0,0,0,0,0,0,0,0,0,0,0,0,0,Xinjiang,81.5282137810048,38.179642623472
2499,394.104312712854,0,0,0,0,0,0,0,0,0,0,0,0,0,0,Xinjiang,82.0939383023484,38.2820254633677
2500,358.767237320909,0,0,0,0,0,0,0,0,0,0,0,0,0,0,Xinjiang,82.6611813544603,38.3819541828626
2501,326.159455304102,0,0,0,0,0,0,0,0,0,0,0,0,0,0,Xinjiang,83.2299118778949,38.4794190862841
2502,298.405847787316,0,0,0,0,0,0,0,0,0,0,0,0,0,0,Xinjiang,83.8000982596435,38.5744106290726
2503,276.969510421379,0,0,0,0,0,0,0,0,0,0,0,0,0,0,Xinjiang,84.3717083405255,38.6669194245716
2504,263.397360298952,0,0,0,0,0,0,0,0,0,0,0,0,0,0,Xinjiang,84.9447094230543,38.7569362507713
2505,258.929004018185,0,0,0,0,0,0,0,0,0,0,0,0,0,0,Xinjiang,85.5190682797764,38.8444520570013
2506,264.027060793481,0,0,0,0,0,0,0,0,0,0,0,0,0,0,Xinjiang,86.0947511620833,38.9294579705614
2507,251.732082380437,0,0,0,0,0,0,0,0,0,0,0,0,0,0,Xinjiang,86.6717238094918,39.0119453032839
2508,248.337198516833,0,0,0,0,0,0,0,0,0,0,0,0,0,0,Xinjiang,87.2499514593919,39.0919055580178
2509,254.899366485652,0,0,0,0,0,0,0,0,0,0,0,0,0,0,Xinjiang,87.8293988572564,39.1693304350273
2510,259.857632596491,0,0,0,0,0,0,0,0,0,0,0,0,0,0,Xinjiang,88.4100302673087,39.2442118382953
2511,260.715271763456,0,0,0,0,0,0,0,0,0,0,0,0,0,0,Xinjiang,88.9918094836433,39.3165418817245
2512,231.724174125875,0,0,0,0,0,0,0,0,0,0,0,0,0,0,Xinjiang,89.5746998417927,39.3863128952251
2513,184.948287437244,0,0,0,0,3,54228.1854313146,0,54134.1240936358,94.0613376788021,0,0,0,0,0,Xinjiang,90.1586642307334,39.4535174306841
2514,140.412411052671,0,0,0,0,9,62963.5265062086,0,54134.1240936358,8829.4024125728,0,0,0,0,0,Xinjiang,90.7436651053241,39.5181482678046
2515,101.120825398515,0,0,0,0,12,69610.6442443234,0,54406.2771370329,15204.3671072905,0,0,0,0,0,Xinjiang,91.3296644991678,39.5801984198085
2516,58.7208460116186,0,0,9,62963.5265062086,13,70459.0947952282,54134.1240936358,272.153043397171,8020.24017703663,8032.57748115865,0,0,0,0,Xinjiang,91.9166240378875,39.6396611389931
2517,38.0532087485499,8,8829.4024125728,12,69610.6442443234,13,70459.0947952282,54134.1240936358,6647.11773811482,1645.27548231898,7938.51614347985,94.0613376788021,0,0,0,Xinjiang,92.5045049528075,39.6965299221345
2518,2.58178497428816,6,8735.341074894,12,16324.9707015925,13,70459.0947952282,272.153043397171,6374.96469471765,848.450550904832,0,796.824931414149,8032.57748115865,0,54134.1240936358,Gansu,93.0932680950273,39.7507985157285
2519,32.7175481291308,2,7223.41524562248,10,16230.9093639137,13,70459.0947952282,0,0,848.450550904832,0,0,7938.51614347985,890.886269092951,60781.2418317506,Gansu,93.6828739498795,39.8024609210624
2520,17.3365379934067,1,848.450550904832,2,7223.41524562248,15,89945.5692636571,0,5846.14454910573,0,13640.3299193232,0,0,63811.9770571134,6647.11773811482,Gansu,94.2732826517577,39.8515113991083
2521,67.3102751711153,0,0,1,848.450550904832,12,35717.3838323425,0,5846.14454910573,0,13640.3299193232,0,0,16230.9093639137,0,Gansu,94.8644539993028,39.8979444752311
2522,117.306396831653,0,0,0,0,4,26709.8897140514,5846.14454910573,0,0,13640.3299193232,0,0,7223.41524562248,0,Gansu,95.4563474709334,39.9417549437052
2523,97.8729136519254,0,0,1,13640.3299193232,4,20341.5878045402,5846.14454910573,0,6.66278520649497,0,13640.3299193232,0,848.450550904832,0,Gansu,96.0489222407075,39.9829378720297
2524,101.03841417257,0,0,0,0,3,19493.1372536354,0,0,6.66278520649497,0,13640.3299193232,0,0,5846.14454910573,Gansu,96.6421371944999,40.0214886050374
2525,77.8077238677887,0,0,1,6.66278520649497,3,19493.1372536354,0,6.66278520649497,0,0,0,13640.3299193232,0,5846.14454910573,Gansu,97.2359509464805,40.0574027687914
2526,38.4700980658821,1,6.66278520649497,1,6.66278520649497,4,14567.8565446341,0,6.66278520649497,0,920.863840104447,0,13640.3299193232,0,0,Gansu,97.8303218558781,40.0906762742604
2527,43.6560991948556,1,6.66278520649497,1,6.66278520649497,3,927.526625310942,0,0,0,920.863840104447,0,0,0,6.66278520649497,Gansu,98.425208044012,40.1213053207695
2528,85.6257061204365,0,0,3,927.526625310942,4,976.577799580458,0,0,0,969.915014373963,0,0,6.66278520649497,0,Gansu,99.0205674115761,40.1492863992192
2529,79.1657610953919,0,0,2,920.863840104447,4,976.577799580458,0,0,0,49.051174269516,920.863840104447,0,6.66278520649497,0,Gansu,99.6163576561577,40.1746162950677
2530,88.2105766043875,0,0,2,920.863840104447,4,976.577799580458,0,0,0,0,49.051174269516,920.863840104447,6.66278520649497,0,Inner Mongolia,100.212536289972,40.1972920910711
2531,119.56167412656,0,0,0,0,3,969.915014373963,0,0,0,0,49.051174269516,920.863840104447,0,0,Inner Mongolia,100.809060657795,40.217311169778
2532,151.156315988712,0,0,0,0,3,969.915014373963,0,0,0,0,0,969.915014373963,0,0,Inner Mongolia,101.405887955078,40.234671215773
2533,182.766359800012,0,0,0,0,7,13832.5694158662,0,0,0,13783.5182415967,0,49.051174269516,0,0,Inner Mongolia,102.00297524622,40.2493702176657
2534,164.952318795756,0,0,0,0,6,13783.5182415967,0,0,0,0,13783.5182415967,0,0,0,Inner Mongolia,102.600279482985,40.2614064698228
2535,161.291638585651,0,0,0,0,7,21376.1832933195,0,0,7592.66505172281,0,13783.5182415967,0,0,0,Inner Mongolia,103.197757523036,40.2707785738385
2536,141.343563654235,0,0,0,0,7,21376.1832933195,0,0,7592.66505172281,0,13783.5182415967,0,0,0,Inner Mongolia,103.795366148575,40.2774854397425
2537,93.4216861951646,0,0,1,7592.66505172281,7,18661.6343533168,0,0,8846.22606808366,0,0,9815.40828523316,0,0,Inner Mongolia,104.393062085066,40.2815262869423
2538,49.7716778563387,1,7592.66505172281,1,7592.66505172281,8,11457.8063335679,0,7592.66505172281,1253.56101636085,2611.5802654842,0,0,0,0,Inner Mongolia,104.990802020012,40.2829006448984
2539,35.0261099998617,1,7592.66505172281,2,8846.22606808366,9,15585.0348738221,7592.66505172281,1253.56101636085,0,4127.2285402542,2611.5802654842,0,0,0,Inner Mongolia,105.588542621784,40.2816083535321
2540,54.8784982749654,0,0,2,8846.22606808366,10,16055.2955683841,0,1253.56101636085,0,4597.48923481627,2611.5802654842,0,0,7592.66505172281,Inner Mongolia,106.186240558463,40.2776495633641
2541,57.2330684237981,0,0,2,5380.78955661506,10,16055.2955683841,0,0,0,4127.2285402542,2472.11700371679,609.723956329475,7592.66505172281,1253.56101636085,Inner Mongolia,106.783852516683,40.2710247353838
2542,62.6918068321106,0,0,2,5380.78955661506,7,15422.8078662571,0,211.062779955454,0,0,4597.64004855842,1767.87896965956,7592.66505172281,1253.56101636085,Inner Mongolia,107.381335220459,40.2617346406504
2543,84.4819035722158,0,0,1,4127.2285402542,5,6078.0966839504,0,211.062779955454,15.9836528178257,0,470.260694562064,4127.2285402542,1253.56101636085,0,Inner Mongolia,107.978645449968,40.2497803596258
2544,100.226249039275,0,0,0,0,5,6078.0966839504,211.062779955454,0,15.9836528178257,0,0,4597.48923481627,1253.56101636085,0,Inner Mongolia,108.575740060272,40.23516328124
2545,75.8490349187831,0,0,2,227.046432773279,5,8518.68904315047,211.062779955454,4160.42101352074,19.976709420073,0,0,0,4127.2285402542,0,Inner Mongolia,109.172575999961,40.217885101692
2546,45.9167013172537,1,15.9836528178257,1,15.9836528178257,4,4391.46050289627,15.9836528178257,4144.43736070292,19.976709420073,0,0,0,0,211.062779955454,Inner Mongolia,109.769110329692,40.1979478229868
2547,54.8978302736142,0,0,2,35.9603622378987,4,4391.46050289627,0,4144.43736070292,0,19.976709420073,0,0,0,227.046432773279,Inner Mongolia,110.365300240611,40.1753537512116
2548,25.6578037517053,1,19.976709420073,3,4180.39772294082,5,4586.31404363257,4144.43736070292,0,0,194.8535407363,19.976709420073,0,0,227.046432773279,Inner Mongolia,110.961103072627,40.1501054945548
2549,57.4706361368086,0,0,2,4164.41407012299,4,4375.25126367712,0,0,0,0,194.8535407363,19.976709420073,15.9836528178257,4144.43736070292,Inner Mongolia,111.556476332534,40.1222059610698
2550,104.629943814308,0,0,0,0,7,4401.67935529365,1.99841949258433,14.2918890930982,10.1377830308505,0,194.8535407363,0,35.9603622378987,4144.43736070292,Inner Mongolia,112.151377711949,40.0916583561887
2551,116.571253704471,0,0,0,0,8,4883.37038625864,1.99841949258433,14.2918890930982,288.167239939381,219.645226874291,194.8535407363,0,19.976709420073,4144.43736070292,Shanxi,112.745765105052,40.058466179989
2552,66.6018098826967,0,0,1,10.1377830308505,8,962.9789596946,16.2903085856825,0,532.189883498328,0,219.645226874291,194.8535407363,0,0,Shanxi,113.339596626114,40.022633224219
2553,16.8150221252704,1,10.1377830308505,2,288.167239939381,11,945.631868035712,14.2918890930982,177.506449077411,532.189883498328,0,219.645226874291,0,0,1.99841949258433,Shanxi,113.932830626786,39.984163569086
2554,33.6108443585078,2,288.167239939381,4,532.189883498328,10,943.633448543128,0,177.506449077411,522.052100467477,0,219.645226874291,0,10.1377830308505,14.2918890930982,Hebei,114.525425713141,39.9430615798127
2555,6.12811481067307,3,522.052100467477,7,578.280794613615,14,1049.37805088897,0,177.506449077411,338.531629051614,11.2356168531733,0,219.645226874291,10.1377830308505,292.321346001629,Hebei,115.117340762445,39.8993319029681
2556,18.0624397444489,2,244.022643558947,7,699.558549544889,14,1301.24991421015,177.506449077411,142.279329924138,449.274251710271,0,0,11.2356168531733,288.167239939381,232.787026705773,Beijing,115.708534939644,39.8529794625781
2557,66.2015116830388,0,0,9,437.667349544426,16,1438.53871088428,0,248.023932269978,343.52964936443,137.288796674131,0,0,532.189883498328,177.506449077411,Beijing,116.298967713552,39.8040094560234
2558,47.3458732174245,3,16.1382569080676,5,449.274251710271,18,1898.57880830468,142.279329924138,105.74460234584,28.2357171809409,922.76060930887,0,0,522.052100467477,177.506449077411,Beijing,116.88859887272,39.7524273497292
2559,42.5006243940132,5,449.274251710271,6,591.553581634408,18,1964.59653645653,575.932860422289,28.2357171809409,0,0,922.76060930887,0,244.022643558947,193.644705985479,Tianjin,117.477388540981,39.6982388746561
2560,57.0676930464242,0,0,5,449.274251710271,12,1543.06744382017,344.047185060379,28.2357171809409,0,0,579.230959944439,343.52964936443,0,248.023932269978,Hebei,118.065297192646,39.6414500215968
2561,70.5299256173685,0,0,3,371.765366545371,14,3246.99145636284,344.047185060379,203.665336715677,0,0,1970.43655627825,480.818446038562,16.1382569080676,231.88567536191,Hebei,118.652285667338,39.5820670362891
2562,68.0055468280586,0,0,2,28.2357171809409,23,9317.07885339621,203.665336715677,0,6414.13458209375,0,1528.49439300794,579.230959944439,449.274251710271,142.279329924138,Hebei,119.238315184469,39.5200964143488
2563,132.50169409705,0,0,0,0,2,31450.6499358746,0,0,0,31450.6499358746,0,0,0,0,Xinjiang,74.6970703157731,37.1853082741919
2564,103.529571974492,0,0,0,0,2,31450.6499358746,0,0,0,31450.6499358746,0,0,0,0,Xinjiang,75.2450779217984,37.3170570297269
2565,94.2339939080234,0,0,2,31450.6499358746,2,31450.6499358746,0,0,0,0,31450.6499358746,0,0,0,Xinjiang,75.7949613639,37.4464691310225
2566,109.734766045378,0,0,0,0,2,31450.6499358746,0,0,0,0,0,31450.6499358746,0,0,Xinjiang,76.3466963808126,37.5735333261701
2567,142.138637003577,0,0,0,0,2,31450.6499358746,0,0,0,0,0,31450.6499358746,0,0,Xinjiang,76.9002580901839,37.6982384325556
2568,182.66106695033,0,0,0,0,2,31450.6499358746,0,0,0,0,0,31450.6499358746,0,0,Xinjiang,77.4556209903561,37.8205733437985
2569,226.995018953353,0,0,0,0,0,0,0,0,0,0,0,0,0,0,Xinjiang,78.0127589625973,37.9405270367377
2570,273.291807194857,0,0,0,0,0,0,0,0,0,0,0,0,0,0,Xinjiang,78.5716452737908,38.0580885784546
2571,320.702486940824,0,0,0,0,0,0,0,0,0,0,0,0,0,0,Xinjiang,79.1322525795877,38.1732471333297
2572,368.797720139686,0,0,0,0,0,0,0,0,0,0,0,0,0,0,Xinjiang,79.6945529280285,38.285991970124
2573,394.041579851329,0,0,0,0,0,0,0,0,0,0,0,0,0,0,Xinjiang,80.2585177636392,38.3963124690801
2574,382.43851275758,0,0,0,0,0,0,0,0,0,0,0,0,0,0,Xinjiang,80.8241179320057,38.5041981290352
2575,377.15999977296,0,0,0,0,0,0,0,0,0,0,0,0,0,0,Xinjiang,81.3913236848318,38.6096385745378
2576,364.219031582617,0,0,0,0,0,0,0,0,0,0,0,0,0,0,Xinjiang,81.9601046854815,38.7126235629631
2577,324.532837593318,0,0,0,0,0,0,0,0,0,0,0,0,0,0,Xinjiang,82.5304300150115,38.8131429916162
2578,288.075723353714,0,0,0,0,0,0,0,0,0,0,0,0,0,0,Xinjiang,83.102268178693,38.9111869048177
2579,256.229744750992,0,0,0,0,0,0,0,0,0,0,0,0,0,0,Xinjiang,83.6755871130259,39.0067455009626
2580,230.910679277851,0,0,0,0,0,0,0,0,0,0,0,0,0,0,Xinjiang,84.2503541932456,39.0998091395438
2581,214.44300294939,0,0,0,0,0,0,0,0,0,0,0,0,0,0,Xinjiang,84.826536241321,39.1903683481333
2582,208.930278378575,0,0,0,0,0,0,0,0,0,0,0,0,0,0,Xinjiang,85.4040995344455,39.2784138293102
2583,215.215986703461,0,0,0,0,0,0,0,0,0,0,0,0,0,0,Xinjiang,85.9830098140163,39.3639364675295
2584,232.34453004566,0,0,0,0,0,0,0,0,0,0,0,0,0,0,Xinjiang,86.5632322951021,39.4469273359207
2585,258.166691018677,0,0,0,0,0,0,0,0,0,0,0,0,0,0,Xinjiang,87.1447316763951,39.5273777030086
2586,290.372347273167,0,0,0,0,0,0,0,0,0,0,0,0,0,0,Xinjiang,87.7274721506427,39.6052790393469
2587,309.72646738504,0,0,0,0,0,0,0,0,0,0,0,0,0,0,Xinjiang,88.3114174155559,39.6806230240559
2588,270.886329102754,0,0,0,0,0,0,0,0,0,0,0,0,0,0,Xinjiang,88.8965306851874,39.7534015512549
2589,221.108976403986,0,0,0,0,0,0,0,0,0,0,0,0,0,0,Xinjiang,89.4827747017742,39.8236067363808
2590,171.461236429905,0,0,0,0,1,54134.1240936358,0,0,54134.1240936358,0,0,0,0,0,Xinjiang,90.0701117480366,39.8912309223833
2591,122.101317559342,0,0,0,0,7,62438.8546181916,0,0,54406.2771370329,8032.57748115865,0,0,0,0,Xinjiang,90.6585036599269,39.9562666857883
2592,73.6105148832732,0,0,1,54134.1240936358,12,69610.6442443234,0,0,61578.0667631647,8032.57748115865,0,0,0,0,Xinjiang,91.2479118398189,40.0187068426204
2593,30.4677543155705,1,54134.1240936358,5,54500.3384747117,13,70459.0947952282,0,54134.1240936358,7495.56828901965,8829.4024125728,0,0,0,0,Xinjiang,91.8382972701275,40.0785444541759
2594,37.9217642612829,3,54406.2771370329,12,69610.6442443234,13,70459.0947952282,0,272.153043397171,7223.41524562248,796.824931414149,8032.57748115865,0,0,54134.1240936358,Xinjiang,92.4296205273505,40.1357728326366
2595,19.6338335149665,3,6647.11773811482,11,70365.0334575494,13,70459.0947952282,0,0,6374.96469471765,848.450550904832,8735.341074894,94.0613376788021,54134.1240936358,272.153043397171,Gansu,93.02184179652,40.190385546518
2596,23.8997501142184,1,6374.96469471765,8,8292.3932204338,14,76305.239344334,0,0,5846.14454910573,848.450550904832,0,8829.4024125728,60781.2418317506,0,Gansu,93.6149208860519,40.2423764259407
2597,51.8640735507998,0,0,2,7223.41524562248,14,76305.239344334,0,5846.14454910573,0,0,848.450550904832,8829.4024125728,60781.2418317506,0,Gansu,94.2088172429822,40.2917395677191
2598,83.1865356851503,0,0,2,6694.59510001056,12,35717.3838323425,0,5846.14454910573,0,13640.3299193232,0,8786.96669438468,7443.94266952897,0,Gansu,94.8034899685752,40.3384693402581
2599,73.0746560243109,0,0,1,5846.14454910573,4,26709.8897140514,5846.14454910573,0,0,13640.3299193232,0,848.450550904832,6374.96469471765,0,Gansu,95.3988978342913,40.3825603882509
2600,76.0572434738019,0,0,1,5846.14454910573,4,20341.5878045402,0,0,6.66278520649497,0,13640.3299193232,0,848.450550904832,5846.14454910573,Gansu,95.9949992980996,40.4240076371683
2601,105.969350364122,0,0,0,0,3,19493.1372536354,0,0,6.66278520649497,0,13640.3299193232,0,0,5846.14454910573,Gansu,96.5917525211187,40.4628062975359
2602,72.8974531829582,0,0,1,6.66278520649497,3,19493.1372536354,0,0,6.66278520649497,0,0,13640.3299193232,0,5846.14454910573,Gansu,97.1891153845724,40.4989518689878
2603,27.2019343480324,1,6.66278520649497,1,6.66278520649497,3,19493.1372536354,0,0,0,6.66278520649497,0,13640.3299193232,5846.14454910573,0,Gansu,97.7870455070413,40.5324401440935
2604,34.1445718085198,1,6.66278520649497,1,6.66278520649497,3,927.526625310942,0,0,0,920.863840104447,0,6.66278520649497,0,0,Gansu,98.3855002619952,40.56326721195
2605,81.189644263909,0,0,1,6.66278520649497,3,927.526625310942,0,0,0,920.863840104447,0,0,6.66278520649497,0,Gansu,98.9844367955879,40.5914294615338
2606,128.926867821281,0,0,0,0,4,976.577799580458,0,0,0,0,969.915014373963,0,6.66278520649497,0,Gansu,99.5838120446959,40.6169235848057
2607,134.67006104281,0,0,0,0,5,1302.69291740404,0,326.115117823582,0,0,969.915014373963,0,6.66278520649497,0,Gansu,100.183582755184,40.6397465795661
2608,157.002909005968,0,0,0,0,4,1296.03013219755,326.115117823582,0,0,0,49.051174269516,920.863840104447,0,0,Inner Mongolia,100.783705500376,40.6598957520515
2609,153.054582049366,0,0,0,0,4,1296.03013219755,326.115117823582,0,0,0,0,969.915014373963,0,0,Inner Mongolia,101.384136699716,40.6773687192728
2610,164.65618962342,0,0,0,0,1,326.115117823582,326.115117823582,0,0,0,0,0,0,0,Inner Mongolia,101.984832637592,40.6921634110872
2611,189.202580522323,0,0,0,0,1,326.115117823582,0,0,0,0,0,0,0,326.115117823582,Inner Mongolia,102.585749482314,40.704278072002
2612,188.29836844599,0,0,0,0,1,7592.66505172281,0,0,7592.66505172281,0,0,0,0,0,Inner Mongolia,103.186843305212,40.7137112627074
2613,138.585295123629,0,0,0,0,1,7592.66505172281,0,0,7592.66505172281,0,0,0,0,0,Inner Mongolia,103.788070099846,40.7204618613348
2614,89.1935675348998,0,0,1,7592.66505172281,2,8846.22606808366,0,0,8846.22606808366,0,0,0,0,0,Inner Mongolia,104.389385801296,40.7245290644388
2615,41.2928680849062,1,7592.66505172281,1,7592.66505172281,2,8846.22606808366,0,0,1253.56101636085,7592.66505172281,0,0,0,0,Inner Mongolia,104.990746305525,40.7259123877006
2616,21.3239166140743,1,7592.66505172281,2,8846.22606808366,4,14313.9566587236,0,1340.50205038579,1253.56101636085,4127.2285402542,0,7592.66505172281,0,0,Inner Mongolia,105.59210748877,40.7246116663535
2617,22.3605582665155,1,1253.56101636085,2,8846.22606808366,4,14313.9566587236,1340.50205038579,0,1253.56101636085,4127.2285402542,0,0,7592.66505172281,0,Inner Mongolia,106.193425226972,40.7206270553261
2618,27.6399912133821,1,1253.56101636085,1,1253.56101636085,5,14525.0194386791,1340.50205038579,0,211.062779955454,0,4127.2285402542,0,8846.22606808366,0,Inner Mongolia,106.794655415196,40.7139590291078
2619,77.6398329632775,0,0,1,1253.56101636085,5,14525.0194386791,1340.50205038579,0,211.062779955454,0,4127.2285402542,0,8846.22606808366,0,Inner Mongolia,107.39575398703,40.7046083813317
2620,94.3805817632134,0,0,1,211.062779955454,5,6948.33803977412,0,211.062779955454,15.9836528178257,0,0,4127.2285402542,1253.56101636085,1340.50205038579,Inner Mongolia,107.996676933945,40.6925762240801
2621,55.5725582382779,0,0,1,211.062779955454,4,5607.83598938833,0,211.062779955454,15.9836528178257,0,0,4127.2285402542,1253.56101636085,0,Inner Mongolia,108.597380324592,40.6778639869108
2622,47.6332262641903,1,211.062779955454,2,227.046432773279,5,8518.68904315047,211.062779955454,0,4160.42101352074,19.976709420073,0,4127.2285402542,0,0,Inner Mongolia,109.197820324009,40.6604734156071
2623,12.7144348021742,1,15.9836528178257,2,227.046432773279,4,4391.46050289627,0,0,4144.43736070292,35.9603622378987,0,0,0,211.062779955454,Inner Mongolia,109.79795321273,40.6404065706539
2624,38.9477112817066,1,15.9836528178257,3,4180.39772294082,4,4391.46050289627,0,4144.43736070292,0,19.976709420073,0,0,227.046432773279,0,Inner Mongolia,110.39773540576,40.617665825442
2625,34.5311974500576,1,4144.43736070292,3,4180.39772294082,4,4391.46050289627,4144.43736070292,0,0,0,19.976709420073,0,227.046432773279,0,Inner Mongolia,110.997123471408,40.5922538642038
2626,50.8095188735486,0,0,2,4164.41407012299,6,4206.68151850256,9.99348697605699,16.2903085856825,0,0,0,19.976709420073,15.9836528178257,4144.43736070292,Inner Mongolia,111.596074149953,40.5641736796845
2627,94.7143643751815,0,0,1,4144.43736070292,6,4206.82581455735,0,16.2903085856825,10.1377830308505,0,0,19.976709420073,4160.42101352074,0,Inner Mongolia,112.194544372119,40.5334285705519
2628,99.0698088604489,0,0,1,14.2918890930982,5,4190.84216173952,1.99841949258433,14.2918890930982,10.1377830308505,0,0,19.976709420073,4144.43736070292,0,Inner Mongolia,112.792491277348,40.5000221385503
2629,75.3492235679458,0,0,2,24.4296721239487,9,4727.77284704904,16.2903085856825,0,556.907394729592,10.1377830308505,0,0,4144.43736070292,0,Inner Mongolia,113.389872231849,40.4639582854023
2630,49.7469524477159,1,10.1377830308505,2,24.4296721239487,10,725.986641161422,0,0,410.293475783185,289.265073761704,10.1377830308505,0,0,16.2903085856825,Shanxi,113.986644846395,40.4252412094651
2631,57.63421871821,0,0,3,520.954266645155,10,725.986641161422,0,0,177.506449077411,522.052100467477,0,10.1377830308505,0,16.2903085856825,Hebei,114.582766993869,40.383875402145
2632,44.8144605692094,1,278.029456908531,8,709.696332575739,14,972.012153938815,0,177.506449077411,248.023932269978,244.022643558947,278.029456908531,10.1377830308505,0,14.2918890930982,Hebei,115.17819682652,40.3398656440787
2633,25.7193328710511,5,410.293475783185,7,699.558549544889,15,1315.54180330325,177.506449077411,0,248.023932269978,343.52964936443,244.022643558947,278.029456908531,24.4296721239487,0,Hebei,115.772892792933,40.2932170010851
2634,58.299755893881,0,0,11,669.553024906336,15,1708.85815476842,0,549.88757048241,105.74460234584,343.52964936443,0,522.052100467477,10.1377830308505,177.506449077411,Beijing,116.366813654675,40.2439348198959
2635,27.6232231148281,4,105.74460234584,5,248.023932269978,19,2484.40790539147,407.608240558273,763.610497617792,133.980319526781,343.52964936443,136.1206487793,11.2356168531733,688.322932691715,0,Beijing,116.959918502621,40.1920247236722
2636,10.9434235242549,5,248.023932269978,6,591.553581634408,18,2206.37844848293,827.171553115686,344.047185060379,28.2357171809409,0,479.650298143731,12.2225404711993,515.051154510999,0,Tianjin,117.55216677293,40.1374926073136
2637,60.8712708222018,0,0,8,619.789298815349,14,1961.07828730009,1029.73872017071,175.429619534736,28.2357171809409,0,136.1206487793,343.52964936443,105.74460234584,142.279329924138,Hebei,118.143518262668,40.0803446325663
2638,31.981521119158,2,28.2357171809409,2,28.2357171809409,15,1862.56429548628,622.130479612434,241.271993681163,0,0,0,343.52964936443,248.023932269978,407.608240558273,Hebei,118.733933145052,40.0205872229419
2639,25.9442033002323,2,28.2357171809409,2,28.2357171809409,18,7713.37361556063,239.976708332395,5.84459961827779,6201.57414050767,24.8577005932775,0,343.52964936443,248.023932269978,649.566884874596,Hebei,119.323371984315,39.9582270584501
2640,33.8744009291958,1,6201.57414050767,11,6281.04415095143,19,9783.73351193748,1310.5842641467,55.9573643549695,1799.27084965383,11.1824422316195,229.734831507955,6201.57414050767,0,175.429619534736,Liaoning,121.670592678745,39.6829011200618
2641,51.6049616523134,0,0,9,6281.00139891215,19,9632.86200774111,15.365017843087,65.1504618502533,1799.27084965383,0,11.1824422316195,229.734831507955,6201.57414050767,1310.5842641467,Liaoning,122.254574440632,39.6076359687388
2642,150.394524288052,0,0,0,0,2,31450.6499358746,0,0,0,0,31450.6499358746,0,0,0,Xinjiang,75.0745023474519,37.7395267445017
2643,144.153342904221,0,0,0,0,2,31450.6499358746,0,0,0,0,31450.6499358746,0,0,0,Xinjiang,75.6271584360546,37.8696637783636
2644,154.731572598311,0,0,0,0,2,31450.6499358746,0,0,0,0,31450.6499358746,0,0,0,Xinjiang,76.1816962871723,37.9974443383646
2645,179.174587508786,0,0,0,0,2,31450.6499358746,0,0,0,0,0,31450.6499358746,0,0,Xinjiang,76.7380907514587,38.122856956627
2646,212.75621273924,0,0,0,0,0,0,0,0,0,0,0,0,0,0,Xinjiang,77.2963160444348,38.2458902419746
2647,251.846936271505,0,0,0,0,0,0,0,0,0,0,0,0,0,0,Xinjiang,77.8563457486508,38.3665328871258
2648,294.259328755335,0,0,0,0,0,0,0,0,0,0,0,0,0,0,Xinjiang,78.4181528163214,38.4847736759312
2649,338.748027019697,0,0,0,0,0,0,0,0,0,0,0,0,0,0,Xinjiang,78.9817095724392,38.6006014906479
2650,366.186480675345,0,0,0,0,0,0,0,0,0,0,0,0,0,0,Xinjiang,79.5469877183738,38.7140053192434
2651,346.52992369764,0,0,0,0,0,0,0,0,0,0,0,0,0,0,Xinjiang,80.1139583359606,38.8249742627232
2652,333.276817985275,0,0,0,0,0,0,0,0,0,0,0,0,0,0,Xinjiang,80.6825918920858,38.9334975424734
2653,327.206183919098,0,0,0,0,0,0,0,0,0,0,0,0,0,0,Xinjiang,81.2528582437703,39.0395645076115
2654,328.716193978028,0,0,0,0,0,0,0,0,0,0,0,0,0,0,Xinjiang,81.8247266437566,39.143164642338
2655,294.837573551726,0,0,0,0,0,0,0,0,0,0,0,0,0,0,Xinjiang,82.3981657466022,39.244287573279
2656,254.155964886259,0,0,0,0,0,0,0,0,0,0,0,0,0,0,Xinjiang,82.9731436152816,39.3429230768138
2657,217.396674759899,0,0,0,0,0,0,0,0,0,0,0,0,0,0,Xinjiang,83.5496277282969,39.4390610863772
2658,186.888667141844,0,0,0,0,1,3955.72182428527,0,3955.72182428527,0,0,0,0,0,0,Xinjiang,84.1275849873002,39.5326916997287
2659,166.112713587642,0,0,0,0,1,3955.72182428527,3955.72182428527,0,0,0,0,0,0,0,Xinjiang,84.7069817252259,39.62380518618
2660,158.932354556414,0,0,0,0,1,3955.72182428527,3955.72182428527,0,0,0,0,0,0,0,Xinjiang,85.2877837149334,39.712391993771
2661,167.109404385992,0,0,0,0,1,3955.72182428527,3955.72182428527,0,0,0,0,0,0,0,Xinjiang,85.8699561783581,39.7984427563861
2662,188.65739514696,0,0,0,0,1,3955.72182428527,0,0,0,0,0,0,0,3955.72182428527,Xinjiang,86.4534637961681,39.8819483008009
2663,219.676290147638,0,0,0,0,0,0,0,0,0,0,0,0,0,0,Xinjiang,87.0382707179245,39.9628996536503
2664,256.756172588756,0,0,0,0,0,0,0,0,0,0,0,0,0,0,Xinjiang,87.6243405727408,40.0412880483089
2665,297.64037339014,0,0,0,0,0,0,0,0,0,0,0,0,0,0,Xinjiang,88.211636480436,40.1171049316735
2666,271.242492738263,0,0,0,0,0,0,0,0,0,0,0,0,0,0,Xinjiang,88.8001210631777,40.190341970839
2667,221.545178278653,0,0,0,0,0,0,0,0,0,0,0,0,0,0,Xinjiang,89.3897564576065,40.2609910596575
2668,172.023376813081,0,0,0,0,1,54134.1240936358,0,0,54134.1240936358,0,0,0,0,0,Xinjiang,89.9805043274366,40.3290443251721
2669,122.889455698321,0,0,0,0,5,54500.3384747117,0,0,54406.2771370329,94.0613376788021,0,0,0,0,Xinjiang,90.5723258765234,40.394494133915
2670,74.9105765128134,0,0,1,54134.1240936358,12,69610.6442443234,0,0,60781.2418317506,8829.4024125728,0,0,0,0,Xinjiang,91.1651818623892,40.4573330980609
2671,33.4868724298956,1,54134.1240936358,3,54406.2771370329,12,69610.6442443234,0,0,272.153043397171,69244.4298632474,94.0613376788021,0,0,0,Xinjiang,91.7590326101976,40.5175540814265
2672,40.3874581620369,1,54134.1240936358,4,60781.2418317506,13,70459.0947952282,0,0,0,8292.3932204338,8032.57748115865,54134.1240936358,0,0,Xinjiang,92.353838027167,40.5751502053072
2673,35.504570247369,2,272.153043397171,4,60781.2418317506,13,70459.0947952282,0,0,0,7223.41524562248,9101.55545596997,0,54134.1240936358,0,Xinjiang,92.9495576174098,40.6301148541407
2674,62.0406904508329,0,0,3,6647.11773811482,14,76305.239344334,0,0,5846.14454910573,0,7223.41524562248,9101.55545596997,54134.1240936358,0,Xinjiang,93.5461504971875,40.6824416809908
2675,92.7841543131388,0,0,1,6374.96469471765,12,76211.1780066552,0,0,5846.14454910573,0,848.450550904832,15110.3057696116,54406.2771370329,0,Gansu,94.1435754105671,40.7321246128401
2676,73.3662262363457,0,0,1,5846.14454910573,9,14138.5377695395,0,0,5846.14454910573,0,0,8020.24017703663,272.153043397171,0,Gansu,94.7417907454665,40.7791578556852
2677,28.7645977535352,1,5846.14454910573,1,5846.14454910573,3,13069.5597947282,0,5846.14454910573,0,0,0,848.450550904832,6374.96469471765,0,Gansu,95.3407545500734,40.8235358994254
2678,35.6679269888778,1,5846.14454910573,1,5846.14454910573,4,20341.5878045402,0,0,6.66278520649497,0,13640.3299193232,848.450550904832,0,5846.14454910573,Gansu,95.9404245496234,40.8652535225361
2679,81.957305638024,0,0,1,5846.14454910573,3,19493.1372536354,0,0,0,6.66278520649497,13640.3299193232,0,5846.14454910573,0,Gansu,96.5407581635214,40.904305796521
2680,97.8470002996413,0,0,1,6.66278520649497,2,5852.80733431222,0,0,0,6.66278520649497,0,0,5846.14454910573,0,Gansu,97.1417125227899,40.9406880901332
2681,70.7102681323651,0,0,1,6.66278520649497,2,5852.80733431222,0,0,0,0,6.66278520649497,0,5846.14454910573,0,Gansu,97.7432444878266,40.9743960733612
2682,73.6603595637629,0,0,1,6.66278520649497,1,6.66278520649497,0,0,0,0,0,6.66278520649497,0,0,Inner Mongolia,98.345310666454,41.0054257211693
2683,104.171757798245,0,0,0,0,3,927.526625310942,0,0,0,0,920.863840104447,6.66278520649497,0,0,Inner Mongolia,98.9478674322432,41.0337733169901
2684,145.868645275426,0,0,0,0,4,1253.64174313452,0,326.115117823582,0,0,920.863840104447,6.66278520649497,0,0,Inner Mongolia,99.5508709430924,41.059435455959
2685,135.256615477752,0,0,0,0,4,1253.64174313452,0,326.115117823582,0,0,920.863840104447,0,6.66278520649497,0,Inner Mongolia,100.15427716004,41.082409047889
2686,109.454592071256,0,0,0,0,1,326.115117823582,326.115117823582,0,0,0,0,0,0,0,Inner Mongolia,100.758041866297,41.1026913199774
2687,103.27760367323,0,0,0,0,1,326.115117823582,326.115117823582,0,0,0,0,0,0,0,Inner Mongolia,101.362120686467,41.1202798192414
2688,119.800747558091,0,0,0,0,1,326.115117823582,0,0,0,0,0,0,0,326.115117823582,Inner Mongolia,101.966469105951,41.1351724146785
2689,151.783315323092,0,0,0,0,1,326.115117823582,0,0,0,0,0,0,0,326.115117823582,Inner Mongolia,102.571042490501,41.1473672991466
2690,191.635410364291,0,0,0,0,2,7918.78016954639,0,0,7592.66505172281,0,0,0,0,326.115117823582,Inner Mongolia,103.175796105904,41.1568629909613
2691,153.080910183357,0,0,0,0,1,7592.66505172281,0,0,0,7592.66505172281,0,0,0,0,Inner Mongolia,103.780685137777,41.1636583352081
2692,110.378320007293,0,0,0,0,2,8846.22606808366,0,0,1253.56101636085,7592.66505172281,0,0,0,0,Inner Mongolia,104.385664711463,41.1677525047658
2693,77.0258527555633,0,0,1,7592.66505172281,3,10186.7281184694,0,1340.50205038579,1253.56101636085,7592.66505172281,0,0,0,0,Inner Mongolia,104.990689911971,41.1691450010402
2694,68.4294560683181,0,0,2,8846.22606808366,3,10186.7281184694,0,1340.50205038579,0,1253.56101636085,7592.66505172281,0,0,0,Inner Mongolia,105.595715803986,41.1678356544073
2695,54.6657073407484,0,0,2,8846.22606808366,4,14313.9566587236,0,1340.50205038579,0,5380.78955661506,0,7592.66505172281,0,0,Inner Mongolia,106.200697451882,41.1638246243631
2696,57.0290637074402,0,0,1,1253.56101636085,5,14525.0194386791,1340.50205038579,0,211.062779955454,0,4127.2285402542,8846.22606808366,0,0,Inner Mongolia,106.805589939748,41.1571123993825
2697,92.2837399308885,0,0,1,1253.56101636085,5,14525.0194386791,1340.50205038579,0,211.062779955454,0,4127.2285402542,1253.56101636085,7592.66505172281,0,Inner Mongolia,107.410348391384,41.1476997964858
2698,83.3708728911344,0,0,1,211.062779955454,5,6948.33803977412,0,0,227.046432773279,0,4127.2285402542,0,1253.56101636085,1340.50205038579,Inner Mongolia,108.014927990258,41.1355879605131
2699,33.6350629821894,1,211.062779955454,1,211.062779955454,5,6948.33803977412,0,0,211.062779955454,15.9836528178257,0,4127.2285402542,1253.56101636085,1340.50205038579,Inner Mongolia,108.619283999393,41.1207783631106
2700,17.6616102607383,1,211.062779955454,2,227.046432773279,4,4391.46050289627,0,0,4144.43736070292,35.9603622378987,0,0,211.062779955454,0,Inner Mongolia,109.22337178117,41.1032728014264
2701,56.7007076218656,0,0,2,227.046432773279,5,4391.78036820181,0,0.319865305537747,4144.43736070292,19.976709420073,15.9836528178257,0,211.062779955454,0,Inner Mongolia,109.827146817014,41.083073396523
2702,63.5107695498272,0,0,2,4160.42101352074,6,4401.77385517787,0.319865305537747,9.99348697605699,4144.43736070292,0,19.976709420073,15.9836528178257,211.062779955454,0,Inner Mongolia,110.430564726957,41.0601825915045
2703,20.5626228783512,1,4144.43736070292,1,4144.43736070292,7,4403.77227467045,10.3133522815947,1.99841949258433,0,4144.43736070292,19.976709420073,15.9836528178257,211.062779955454,0,Inner Mongolia,111.03358128904,41.0346031493661
2704,42.5678877848618,1,4144.43736070292,1,4144.43736070292,7,4207.00138380809,10.3133522815947,1.99841949258433,14.2918890930982,0,19.976709420073,4144.43736070292,15.9836528178257,0,Inner Mongolia,111.636152458543,41.0063381505663
2705,90.5606353847501,0,0,1,4144.43736070292,8,4217.13916683894,9.99348697605699,1.99841949258433,14.2918890930982,10.1377830308505,0,19.976709420073,4160.42101352074,0.319865305537747,Inner Mongolia,112.238234387025,40.975390990328
2706,70.4269042545454,0,0,2,16.2903085856825,6,4200.83564871558,1.99841949258433,0,14.2918890930982,10.1377830308505,0,19.976709420073,4144.43736070292,9.99348697605699,Inner Mongolia,112.839783441141,40.941765375673
2707,28.6814802184987,1,14.2918890930982,2,16.2903085856825,8,4494.98582034327,1.99841949258433,14.2918890930982,46.0909111152877,288.167239939381,0,0,4144.43736070292,0,Inner Mongolia,113.44075622123,40.9054653221943
2708,41.0524758348614,1,14.2918890930982,2,24.4296721239487,10,725.986641161422,0,0,177.506449077411,522.052100467477,10.1377830308505,0,0,16.2903085856825,Inner Mongolia,114.041109579646,40.8664951505726
2709,86.8791357968805,0,0,3,18.111856354572,10,725.986641161422,0,0,177.506449077411,522.052100467477,10.1377830308505,0,14.2918890930982,1.99841949258433,Hebei,114.640800638815,40.8248594828418
2710,51.0330924166488,0,0,6,688.322932691715,15,974.0105734314,0,0,379.439470232102,46.0909111152877,522.052100467477,10.1377830308505,14.2918890930982,1.99841949258433,Hebei,115.239786809007,40.7805632384123
2711,13.2063198928259,4,177.506449077411,5,410.293475783185,18,2892.15616155377,0,1920.14400761496,231.88567536191,16.1382569080676,421.529092636358,288.167239939381,14.2918890930982,0,Hebei,115.838025805788,40.7336116298558
2712,50.434236627001,0,0,8,335.924035909617,19,3832.58730648791,1512.53576705668,1028.93940825193,142.279329924138,449.274251710271,0,564.323044321291,135.235505223598,0,Beijing,116.435475667153,40.6840101584605
2713,36.2425919198735,1,142.279329924138,6,379.439470232102,21,3860.82302366885,1512.53576705668,1028.93940825193,170.515047105078,449.274251710271,0,522.052100467477,177.506449077411,0,Beijing,117.03209477032,40.6317646095643
2714,14.1857140740756,1,142.279329924138,5,248.023932269978,21,3747.78688136066,1920.14400761496,622.130479612434,203.665336715677,0,449.274251710271,232.787026705773,319.785779001549,0,Hebei,117.627841848153,40.5768810476729
2715,63.9448473179077,0,0,8,620.306834511298,19,3506.51560050509,621.331167693655,213.835588419002,0,28.2357171809409,343.52964936443,105.74460234584,273.694867886261,1920.14400761496,Hebei,118.222676005223,40.5193658113704
2716,45.5099704591253,2,28.2357171809409,3,372.28290224132,16,1894.55001501795,0.799311918779379,245.021996031894,0,28.2357171809409,0,449.274251710271,142.279329924138,1028.93940825193,Hebei,118.816556733477,40.4592255080327
2717,41.4901648225427,2,28.2357171809409,3,203.665336715677,17,8096.12415552562,32.7850314504506,213.036276500222,6201.57414050767,0,0,371.765366545371,248.023932269978,1028.93940825193,Hebei,119.409443927505,40.39646700835
2718,66.8061732161127,0,0,3,203.665336715677,23,9355.93184990204,382.210996962802,1907.82308208812,0,6415.53157405774,0,28.2357171809409,0,622.130479612434,Liaoning,120.00129789939,40.3310974406675
2719,50.7131290287687,0,0,2,55.9573643549695,22,10255.1658937594,13.0652856037294,51.9229156545611,1839.86319616571,0,28.3568321535007,6414.13458209375,0,1907.82308208812,Liaoning,122.357603215039,40.0436597437355
2720,4.72398156874227,1,40.5923465118825,4,1855.2282140088,22,9733.0369057163,67.9571468280728,99.6679452367228,1799.27084965383,0,0,6442.49141424725,0,1323.64954975043,Liaoning,122.943711354826,39.9653503620944
2721,25.2792604658888,3,1839.86319616571,4,1864.42131150408,15,9926.02734542152,11.9997824731034,514.825136439482,1799.27084965383,0,0,31.8158078457701,6242.16648701955,1325.94928198979,Liaoning,123.52855768902,39.8844777558176
2722,26.2025419303372,2,1799.27084965383,4,1864.42131150408,10,2393.235575153,526.824918912585,0,0,0,0,11.1824422316195,1839.86319616571,15.365017843087,Liaoning,124.112105830894,39.8010506850602
2723,198.792991824258,0,0,0,0,2,31450.6499358746,0,0,0,0,31450.6499358746,0,0,0,Xinjiang,74.9020203917173,38.1617919014089
2724,194.114211053889,0,0,0,0,2,31450.6499358746,0,0,0,0,31450.6499358746,0,0,0,Xinjiang,75.4574736395434,38.2926689496153
2725,202.094038107153,0,0,0,0,0,0,0,0,0,0,0,0,0,0,Xinjiang,76.0148394744948,38.4211808378947
2726,221.367733621357,0,0,0,0,0,0,0,0,0,0,0,0,0,0,Xinjiang,76.5740924785356,38.5473158052855
2727,249.329795128567,0,0,0,0,0,0,0,0,0,0,0,0,0,0,Xinjiang,77.1352065822042,38.6710621679093
2728,283.42021803156,0,0,0,0,0,0,0,0,0,0,0,0,0,0,Xinjiang,77.6981550666994,38.7924083263821
2729,321.696585681684,0,0,0,0,0,0,0,0,0,0,0,0,0,0,Xinjiang,78.262910566454,38.9113427732724
2730,350.594225005272,0,0,0,0,0,0,0,0,0,0,0,0,0,0,Xinjiang,78.8294450722046,39.0278541006028
2731,322.345715025886,0,0,0,0,0,0,0,0,0,0,0,0,0,0,Xinjiang,79.3977299345613,39.1419310073848
2732,299.828633362548,0,0,0,0,0,0,0,0,0,0,0,0,0,0,Xinjiang,79.9677358680854,39.2535623071817
2733,284.407557516591,0,0,0,0,0,0,0,0,0,0,0,0,0,0,Xinjiang,80.5394329558797,39.3627369356911
2734,277.269017672471,0,0,0,0,0,0,0,0,0,0,0,0,0,0,Xinjiang,81.1127906546954,39.4694439583388
2735,279.04938191933,0,0,0,0,0,0,0,0,0,0,0,0,0,0,Xinjiang,81.6877778005607,39.5736725778766
2736,271.176744724475,0,0,0,0,0,0,0,0,0,0,0,0,0,0,Xinjiang,82.2643626149331,39.6754121419751
2737,226.280548410056,0,0,0,0,0,0,0,0,0,0,0,0,0,0,Xinjiang,82.8425127113786,39.7746521508032
2738,184.035176795507,0,0,0,0,1,3955.72182428527,0,3955.72182428527,0,0,0,0,0,0,Xinjiang,83.4221951027796,39.8713822645849
2739,146.748103931709,0,0,0,0,1,3955.72182428527,0,3955.72182428527,0,0,0,0,0,0,Xinjiang,84.0033762090724,39.9655923111252
2740,119.168224443206,0,0,0,0,1,3955.72182428527,0,3955.72182428527,0,0,0,0,0,0,Xinjiang,84.5860218655141,40.0572722932955
2741,108.936336574819,0,0,0,0,1,3955.72182428527,3955.72182428527,0,0,0,0,0,0,0,Xinjiang,85.170097331479,40.1464123964678
2742,120.553660814332,0,0,0,0,1,3955.72182428527,0,0,0,0,0,0,0,3955.72182428527,Xinjiang,85.7555672997828,40.2330029958913
2743,148.994110102159,0,0,0,0,1,3955.72182428527,0,0,0,0,0,0,0,3955.72182428527,Xinjiang,86.3423959065325,40.317034663998
2744,186.722533601409,0,0,0,0,1,3955.72182428527,0,0,0,0,0,0,0,3955.72182428527,Xinjiang,86.9305467414982,40.3984981776304
2745,229.197216963741,0,0,0,0,0,0,0,0,0,0,0,0,0,0,Xinjiang,87.5199828590046,40.4773845251798
2746,274.221487074445,0,0,0,0,0,0,0,0,0,0,0,0,0,0,Xinjiang,88.1106667893355,40.5536849136262
2747,280.652055825301,0,0,0,0,0,0,0,0,0,0,0,0,0,0,Xinjiang,88.7025605506468,40.6273907754689
2748,232.97071187302,0,0,0,0,0,0,0,0,0,0,0,0,0,0,Xinjiang,89.2956256613815,40.6984937755391
2749,186.507717648032,0,0,0,0,1,54134.1240936358,0,0,0,54134.1240936358,0,0,0,0,Xinjiang,89.8898231531787,40.766985817683
2750,142.460187048635,0,0,0,0,1,54134.1240936358,0,0,0,54134.1240936358,0,0,0,0,Xinjiang,90.4851135842691,40.8328590513065
2751,103.945567705335,0,0,0,0,3,54406.2771370329,0,0,0,54406.2771370329,0,0,0,0,Xinjiang,91.0814570533473,40.8961058777718
2752,79.4635589263324,0,0,1,54134.1240936358,10,61672.1281008435,0,0,0,7443.94266952897,54228.1854313146,0,0,0,Xinjiang,91.6788132139109,40.9567189566348
2753,82.6089180953902,0,0,3,54406.2771370329,13,70459.0947952282,0,0,0,7495.56828901965,62963.5265062086,0,0,0,Xinjiang,92.2771412890569,41.0146912117151
2754,84.4728453315564,0,0,2,272.153043397171,13,70459.0947952282,0,0,0,848.450550904832,15476.5201506876,54134.1240936358,0,0,Xinjiang,92.8764000867215,41.0700158369882
2755,103.622969330088,0,0,0,0,10,68272.6618631753,0,0,5846.14454910573,0,8020.24017703663,54406.2771370329,0,0,Xinjiang,93.4765480153524,41.12268630229
2756,124.198635061955,0,0,0,0,10,68272.6618631753,0,0,5846.14454910573,0,848.450550904832,61578.0667631647,0,0,Gansu,94.0775431000006,41.1726963588264
2757,76.6165770771147,0,0,1,5846.14454910573,5,13341.7128381254,0,0,0,5846.14454910573,0,7495.56828901965,0,0,Gansu,94.6793429988156,41.2200400444767
2758,36.2615335413937,1,5846.14454910573,1,5846.14454910573,2,6694.59510001056,0,0,0,5846.14454910573,0,848.450550904832,0,0,Gansu,95.2819050199315,41.2647116888829
2759,41.9487514299796,1,5846.14454910573,1,5846.14454910573,1,5846.14454910573,0,0,0,0,0,5846.14454910573,0,0,Gansu,95.8851861387267,41.3067059183175
2760,84.8793065375474,0,0,1,5846.14454910573,2,5852.80733431222,0,0,0,6.66278520649497,0,0,5846.14454910573,0,Gansu,96.4891430154413,41.3460176603197
2761,132.850651522889,0,0,0,0,2,5852.80733431222,0,0,0,6.66278520649497,0,0,5846.14454910573,0,Gansu,97.0937320131359,41.3826421480934
2762,119.414985686165,0,0,0,0,2,5852.80733431222,0,0,0,0,6.66278520649497,0,5846.14454910573,0,Inner Mongolia,97.6989092159721,41.4165749246596
2763,121.185169712053,0,0,0,0,1,6.66278520649497,0,0,0,0,6.66278520649497,0,0,0,Inner Mongolia,98.3046304477988,41.4478118467548
2764,141.815908521756,0,0,0,0,2,332.777903030077,0,0,326.115117823582,0,0,6.66278520649497,0,0,Inner Mongolia,98.9108512910228,41.4763490884702
2765,147.813919066069,0,0,0,0,2,332.777903030077,0,0,326.115117823582,0,0,6.66278520649497,0,0,Inner Mongolia,99.5175271057464,41.5021831446241
2766,102.639711440881,0,0,0,0,1,326.115117823582,0,326.115117823582,0,0,0,0,0,0,Inner Mongolia,100.12461304915,41.5253108338617
2767,64.9681926766285,0,0,1,326.115117823582,1,326.115117823582,0,326.115117823582,0,0,0,0,0,0,Inner Mongolia,100.732064095099,41.5457293014786
2768,53.914949268869,0,0,1,326.115117823582,1,326.115117823582,326.115117823582,0,0,0,0,0,0,0,Inner Mongolia,101.339835053958,41.5634360219592
2769,81.1959201540437,0,0,1,326.115117823582,1,326.115117823582,0,0,0,0,0,0,0,326.115117823582,Inner Mongolia,101.947880592582,41.5784288012299
2770,123.607172707195,0,0,0,0,1,326.115117823582,0,0,0,0,0,0,0,326.115117823582,Inner Mongolia,102.556155254474,41.5907057786198
2771,170.190154943415,0,0,0,0,1,326.115117823582,0,0,0,0,0,0,326.115117823582,0,Inner Mongolia,103.164613480075,41.6002654285269
2772,180.725333311599,0,0,0,0,1,7592.66505172281,0,0,0,7592.66505172281,0,0,0,0,Inner Mongolia,103.773209627176,41.6071065617858
2773,146.325850640525,0,0,0,0,2,8846.22606808366,0,0,0,8846.22606808366,0,0,0,0,Inner Mongolia,104.381897991417,41.611228326736
2774,117.942661899111,0,0,0,0,3,10186.7281184694,0,1340.50205038579,0,1253.56101636085,7592.66505172281,0,0,0,Inner Mongolia,105.599368366607,41.61131203688
2775,88.1284467727963,0,0,1,1340.50205038579,3,10186.7281184694,0,1340.50205038579,0,0,1253.56101636085,7592.66505172281,0,0,Inner Mongolia,106.208058843443,41.6072739716451
2776,69.7551845938479,0,0,1,1340.50205038579,4,10397.7908984249,1340.50205038579,0,211.062779955454,0,1253.56101636085,7592.66505172281,0,0,Inner Mongolia,106.816658510477,41.6005165172535
2777,83.4562665403643,0,0,1,1340.50205038579,3,2805.12584670209,0,0,0,211.062779955454,0,1253.56101636085,0,1340.50205038579,Inner Mongolia,107.425121661763,41.5910405149652
2778,99.9685484504894,0,0,1,211.062779955454,4,2821.10949951992,0,0,0,227.046432773279,0,1253.56101636085,0,1340.50205038579,Inner Mongolia,108.033402652872,41.578847143573
2779,64.6090217731254,0,0,1,211.062779955454,3,1567.54848315906,0,0,0,227.046432773279,0,0,0,1340.50205038579,Inner Mongolia,108.641455921398,41.5639379183439
2780,57.9218500193872,0,0,1,211.062779955454,4,4371.80365878173,0,0.319865305537747,0,4160.42101352074,211.062779955454,0,0,0,Inner Mongolia,109.249236007368,41.5463146896602
2781,86.8075787293703,0,0,1,211.062779955454,5,4381.79714575779,0,10.3133522815947,0,4144.43736070292,15.9836528178257,211.062779955454,0,0,Inner Mongolia,109.856697573539,41.5259796413627
2782,90.9067418353296,0,0,1,4144.43736070292,6,4401.77385517787,0,10.3133522815947,0,4144.43736070292,35.9603622378987,211.062779955454,0,0,Inner Mongolia,110.46379542556,41.5029352887984
2783,68.2146562106801,0,0,1,4144.43736070292,7,4403.77227467045,0.319865305537747,9.99348697605699,1.99841949258433,0,4164.41407012299,15.9836528178257,211.062779955454,0,Inner Mongolia,111.070484531969,41.4771844765777
2784,77.7331520830799,0,0,2,4154.43084767897,7,4207.00138380809,10.3133522815947,0,16.2903085856825,0,19.976709420073,4160.42101352074,0,0,Inner Mongolia,111.676720044011,41.448730376043
2785,77.2846214345112,0,0,1,1.99841949258433,5,4171.04102157019,0,1.99841949258433,14.2918890930982,0,0,4144.43736070292,0,10.3133522815947,Inner Mongolia,112.282457315252,41.4175764824549
2786,37.947392135139,1,1.99841949258433,2,16.2903085856825,6,4181.17880460104,0,1.99841949258433,14.2918890930982,10.1377830308505,0,4144.43736070292,0,10.3133522815947,Inner Mongolia,112.887651920972,41.3837266119007
2787,31.108666360913,2,16.2903085856825,2,16.2903085856825,4,36.42157859259,0,0,0,24.4296721239487,0,0,0,11.9919064686413,Inner Mongolia,113.492259677305,41.3471848979299
2788,42.7834966710709,1,14.2918890930982,2,16.2903085856825,9,714.751024308248,0,0,0,688.322932691715,10.1377830308505,14.2918890930982,1.99841949258433,0,Hebei,114.096236660125,41.3079557879237
2789,87.7103531633824,0,0,1,14.2918890930982,10,725.986641161422,0,0,0,421.529092636358,288.167239939381,0,16.2903085856825,0,Hebei,114.699539223632,41.2660440392041
2790,81.3593304966969,0,0,4,177.506449077411,14,2380.80173814224,0,1512.53576705668,142.279329924138,177.506449077411,522.052100467477,10.1377830308505,16.2903085856825,0,Hebei,115.302124018653,41.2214547148892
2791,63.1549364492497,0,0,4,177.506449077411,19,3094.70700053145,0,2122.69484659263,142.279329924138,105.74460234584,699.558549544889,10.1377830308505,14.2918890930982,0,Hebei,115.903948010603,41.174193179503
2792,79.7355086328634,0,0,4,177.506449077411,19,3691.60849610116,1715.08660603436,407.608240558273,621.331167693655,248.023932269978,11.2356168531733,688.322932691715,0,0,Hebei,116.504968497115,41.1242650943456
2793,64.0922673838057,0,0,2,549.88757048241,20,3431.37845143917,1715.08660603436,685.691535110328,344.047185060379,170.515047105078,105.74460234584,410.293475783185,0,0,Hebei,117.105143125315,41.0716764126338
2794,54.7314146822562,0,0,4,1171.21873817607,22,3735.53919893281,610.159079535949,640.118984912682,175.429619534736,28.2357171809409,591.553581634408,177.506449077411,0,1512.53576705668,Hebei,117.704429908712,41.0164333744171
2795,33.3343347761799,1,344.047185060379,5,1172.01805009484,21,3627.62512635256,639.319672993903,32.7850314504506,213.036276500222,28.2357171809409,343.52964936443,248.023932269978,0,2122.69484659263,Hebei,118.302787243713,40.9585425012812
2796,49.9230538591511,1,344.047185060379,6,825.795816328111,21,3233.5251006483,33.5792789259696,206.781377428066,175.429619534736,0,28.2357171809409,248.023932269978,0,2541.47517530861,Liaoning,118.900173925724,40.8980105908452
2797,41.6034604487351,1,175.429619534736,7,586.118490660322,17,3612.67415877167,64.7656865388614,772.034475837819,1486.01388368144,0,28.2357171809409,89.6063454377728,486.326514984516,685.691535110328,Liaoning,119.496549164837,40.8348447110622
2798,19.5564005509687,1,175.429619534736,4,245.021996031894,15,9284.62774658927,206.781377428066,721.903642878469,1310.5842641467,6201.57414050767,0,28.2357171809409,621.331167693655,194.217436753763,Liaoning,120.091872601079,40.769052194333
2799,60.1789086910233,0,0,4,1523.62054064692,17,9037.02193575271,137.189000930909,2045.5531926289,15.365017843087,6220.81051415783,0,28.2357171809409,519.476804595115,70.3916884159373,Liaoning,120.686104319228,40.7006406314418
2800,41.7161194946486,1,15.365017843087,3,1366.54162850167,21,10274.4801843239,13.0652856037294,102.474630214542,24.5581153383708,1839.86319616571,54.6123098504779,6201.57414050767,5.84459961827779,2032.48790702517,Liaoning,122.461856982259,40.4797713173955
2801,29.8498812523894,2,55.9573643549695,5,1879.78632934717,16,10802.7311322628,174.36800644631,490.267021101111,24.5581153383708,1799.27084965383,51.774788743502,6201.57414050767,1310.5842641467,750.333946325285,Liaoning,123.051332063276,40.40096442395
2802,34.9769962572809,1,24.5581153383708,5,1879.78632934717,13,3879.25334887664,174.36800644631,490.267021101111,24.5581153383708,1799.27084965383,0,51.774788743502,1325.94928198979,13.0652856037294,Liaoning,123.639523007145,40.3195800905165
2803,21.9917507922782,1,24.5581153383708,4,1898.93879489055,12,2719.31540795676,652.635245074318,174.89405106217,0,0,0,1839.86319616571,15.365017843087,36.5578978114741,Liaoning,124.226392851889,40.2356273220807
2804,247.828154698052,0,0,0,0,0,0,0,0,0,0,0,0,0,0,Xinjiang,74.7276009748127,38.5838724477766
2805,244.091105113805,0,0,0,0,0,0,0,0,0,0,0,0,0,0,Xinjiang,75.285876147055,38.7155049590063
2806,250.483813684975,0,0,0,0,0,0,0,0,0,0,0,0,0,0,Xinjiang,75.8460953841435,38.8447635063937
2807,266.277701222553,0,0,0,0,0,0,0,0,0,0,0,0,0,0,Xinjiang,76.4082329977479,38.9716360277786
2808,289.940489443199,0,0,0,0,0,0,0,0,0,0,0,0,0,0,Xinjiang,76.9722626313392,39.0961105383753
2809,319.72982449056,0,0,0,0,0,0,0,0,0,0,0,0,0,0,Xinjiang,77.5381572621916,39.2181751384078
2810,348.912714851018,0,0,0,0,0,0,0,0,0,0,0,0,0,0,Xinjiang,78.1058892038888,39.3378180207982
2811,312.618828564772,0,0,0,0,0,0,0,0,0,0,0,0,0,0,Xinjiang,78.6754301093416,39.4550274789039
2812,280.572595528696,0,0,0,0,0,0,0,0,0,0,0,0,0,0,Xinjiang,79.246750974324,39.5697919142924
2813,254.384415305294,0,0,0,0,0,0,0,0,0,0,0,0,0,0,Xinjiang,79.8198221415337,39.6820998445493
2814,236.012457592216,0,0,0,0,0,0,0,0,0,0,0,0,0,0,Xinjiang,80.3946133051836,39.7919399111103
2815,227.359472042012,0,0,0,0,0,0,0,0,0,0,0,0,0,0,Xinjiang,80.9710935161278,39.8993008871083
2816,229.527294489618,0,0,0,0,0,0,0,0,0,0,0,0,0,0,Xinjiang,81.5492311875279,40.0041716852285
2817,242.225573183821,0,0,0,0,0,0,0,0,0,0,0,0,0,0,Xinjiang,82.1289941010622,40.1065413655612
2818,206.907029098228,0,0,0,0,0,0,0,0,0,0,0,0,0,0,Xinjiang,82.7103494136809,40.2063991434452
2819,159.613841503964,0,0,0,0,1,3955.72182428527,0,0,3955.72182428527,0,0,0,0,0,Xinjiang,83.2932636649093,40.3037343972899
2820,114.641345547971,0,0,0,0,1,3955.72182428527,0,3955.72182428527,0,0,0,0,0,0,Xinjiang,83.8777027847006,40.3985366763696
2821,76.2148136417292,0,0,1,3955.72182428527,1,3955.72182428527,0,3955.72182428527,0,0,0,0,0,0,Xinjiang,84.4636321018381,40.4907957085781
2822,58.9470739548522,0,0,1,3955.72182428527,1,3955.72182428527,3955.72182428527,0,0,0,0,0,0,0,Xinjiang,85.0510163528863,40.5805014081344
2823,78.3633666787952,0,0,1,3955.72182428527,1,3955.72182428527,0,0,0,0,0,0,0,3955.72182428527,Xinjiang,85.6398196916913,40.6676438832299
2824,117.502667827718,0,0,0,0,1,3955.72182428527,0,0,0,0,0,0,0,3955.72182428527,Xinjiang,86.2300056994256,40.7522134436069
2825,162.70506032704,0,0,0,0,1,3955.72182428527,0,0,0,0,0,0,3955.72182428527,0,Xinjiang,86.8215373951769,40.8342006080571
2826,210.092827972349,0,0,0,0,0,0,0,0,0,0,0,0,0,0,Xinjiang,87.4143772470753,40.9135961118309
2827,258.466740751718,0,0,0,0,0,0,0,0,0,0,0,0,0,0,Xinjiang,88.0084871839552,40.990390913947
2828,298.259388806237,0,0,0,0,0,0,0,0,0,0,0,0,0,0,Xinjiang,88.603828607545,41.0645762043907
2829,253.906359043495,0,0,0,0,0,0,0,0,0,0,0,0,0,0,Xinjiang,89.2003624051793,41.1361434111917
2830,212.080681143709,0,0,0,0,0,0,0,0,0,0,0,0,0,0,Xinjiang,89.7980489630253,41.2050842073696
2831,174.608108248249,0,0,0,0,1,54134.1240936358,0,0,0,54134.1240936358,0,0,0,0,Xinjiang,90.396848179815,41.2713905177384
2832,144.906064806434,0,0,0,0,3,54406.2771370329,0,0,0,54406.2771370329,0,0,0,0,Xinjiang,90.996719481074,41.3350545255572
2833,128.481686513452,0,0,0,0,3,54406.2771370329,0,0,0,272.153043397171,54134.1240936358,0,0,0,Xinjiang,91.5976218338364,41.3960686790187
2834,130.45045006053,0,0,0,0,4,60781.2418317506,0,0,0,6374.96469471765,54406.2771370329,0,0,0,Xinjiang,92.1995137618354,41.4544256975645
2835,134.204130668048,0,0,0,0,4,60781.2418317506,0,0,0,0,6647.11773811482,54134.1240936358,0,0,Xinjiang,92.802353361156,41.510118578017
2836,147.012947942488,0,0,0,0,5,66627.3863808563,0,0,0,5846.14454910573,6374.96469471765,54406.2771370329,0,0,Xinjiang,93.4060983163392,41.563140600518
2837,144.61257788347,0,0,0,0,5,13341.7128381254,0,0,0,5846.14454910573,848.450550904832,6647.11773811482,0,0,Xinjiang,94.010705916921,41.6134853342648
2838,106.572025475093,0,0,0,0,2,12221.1092438234,0,0,0,5846.14454910573,0,6374.96469471765,0,0,Xinjiang,94.6161330743946,41.6611466430333
2839,82.4766363622094,0,0,1,5846.14454910573,1,5846.14454910573,0,0,0,0,5846.14454910573,0,0,0,Xinjiang,95.2223363395779,41.7061186904796
2840,85.1304556394802,0,0,1,5846.14454910573,1,5846.14454910573,0,0,0,0,5846.14454910573,0,0,0,Gansu,95.8292719203715,41.7483959452111
2841,112.658747592653,0,0,0,0,1,5846.14454910573,0,0,0,0,0,5846.14454910573,0,0,Gansu,96.4368956998898,41.7879731856177
2842,152.10783129381,0,0,0,0,2,5852.80733431222,0,0,0,6.66278520649497,0,5846.14454910573,0,0,Gansu,97.0451632549468,41.8248455044563
2843,168.878463971889,0,0,0,0,2,5852.80733431222,0,0,0,0,6.66278520649497,5846.14454910573,0,0,Gansu,97.6540298748796,41.8590083131781
2844,170.134776413342,0,0,0,0,1,6.66278520649497,0,0,0,0,6.66278520649497,0,0,0,Inner Mongolia,98.2634505806885,41.8904573459936
2845,185.396193857716,0,0,0,0,2,332.777903030077,0,0,326.115117823582,0,0,6.66278520649497,0,0,Inner Mongolia,98.8733801444761,41.9191886636673
2846,138.164803781037,0,0,0,0,1,326.115117823582,0,0,326.115117823582,0,0,0,0,0,Inner Mongolia,99.4837731091625,41.9451986570344
2847,88.1786181500193,0,0,1,326.115117823582,1,326.115117823582,0,0,326.115117823582,0,0,0,0,0,Inner Mongolia,100.094583808458,41.9684840502345
2848,38.2285808505787,1,326.115117823582,1,326.115117823582,1,326.115117823582,0,0,326.115117823582,0,0,0,0,0,Inner Mongolia,100.705766387069,41.9890419036552
2849,12.1400201336713,1,326.115117823582,1,326.115117823582,1,326.115117823582,0,0,0,0,0,0,326.115117823582,0,Inner Mongolia,101.317274821121,42.0068696165823
2850,61.913938526328,0,0,1,326.115117823582,1,326.115117823582,0,0,0,0,0,0,326.115117823582,0,Inner Mongolia,101.929062938765,42.0219649295489
2851,111.889639729726,0,0,0,0,1,326.115117823582,0,0,0,0,0,0,326.115117823582,0,Inner Mongolia,102.541084440959,42.0343259263822
2852,57.4685213193961,0,0,1,1340.50205038579,3,10186.7281184694,0,0,1340.50205038579,0,8846.22606808366,0,0,0,Inner Mongolia,106.215511051631,42.0510075904312
2853,20.0447895917203,1,1340.50205038579,1,1340.50205038579,2,2594.06306674664,1340.50205038579,0,0,0,1253.56101636085,0,0,0,Inner Mongolia,106.827863607209,42.0442038444295
2854,50.0095614549339,0,0,1,1340.50205038579,3,2805.12584670209,0,0,0,211.062779955454,0,1253.56101636085,0,1340.50205038579,Inner Mongolia,107.440077105992,42.0346629542904
2855,97.9801963870973,0,0,1,1340.50205038579,3,2805.12584670209,0,0,0,211.062779955454,0,1253.56101636085,1340.50205038579,0,Inner Mongolia,108.052105055146,42.0223861340133
2856,110.532049321211,0,0,0,0,3,1567.54848315906,0,0,0,15.9836528178257,211.062779955454,0,1340.50205038579,0,Inner Mongolia,108.663901046418,42.0073749440961
2857,106.761177130697,0,0,0,0,5,5712.30570916752,0,0,0.319865305537747,4144.43736070292,227.046432773279,0,1340.50205038579,0,Inner Mongolia,109.275418777183,41.9896312901178
2858,124.81411762103,0,0,0,0,5,4381.79714575779,0,0.319865305537747,9.99348697605699,4144.43736070292,15.9836528178257,211.062779955454,0,0,Inner Mongolia,109.886612071367,41.969157421009
2859,87.5610160981687,0,0,1,0.319865305537747,5,4381.79714575779,0,10.3133522815947,0,4144.43736070292,15.9836528178257,211.062779955454,0,0,Inner Mongolia,110.497434900232,41.9459559270156
2860,62.1921012177655,0,0,2,10.3133522815947,6,4383.79556525038,0.319865305537747,9.99348697605699,1.99841949258433,0,4144.43736070292,227.046432773279,0,0,Inner Mongolia,111.107841402992,41.9200297373579
2861,48.079645851418,1,9.99348697605699,2,10.3133522815947,5,4171.04102157019,9.99348697605699,0,1.99841949258433,14.2918890930982,4144.43736070292,0,0,0.319865305537747,Inner Mongolia,111.717785907237,41.8913821175906
2862,68.1647390082207,0,0,2,11.9919064686413,5,4171.04102157019,0,0,1.99841949258433,14.2918890930982,0,4144.43736070292,0,10.3133522815947,Inner Mongolia,112.327222949151,41.8600166666679
2863,27.1244736913372,1,1.99841949258433,1,1.99841949258433,5,4171.04102157019,0,0,0,16.2903085856825,0,4144.43736070292,0,10.3133522815947,Inner Mongolia,112.936107293486,41.8259373137181
2864,34.6818242400307,1,1.99841949258433,2,16.2903085856825,4,26.6036608672772,0,0,0,0,14.2918890930982,1.99841949258433,10.3133522815947,0,Inner Mongolia,113.544393953292,41.7891483145359
2865,81.6695830294385,0,0,2,16.2903085856825,7,203.934540693944,0,0,0,177.506449077411,10.1377830308505,14.2918890930982,1.99841949258433,0,Inner Mongolia,114.152038209361,41.7496542477963
2866,113.305903938325,0,0,0,0,10,1716.47030775063,0,0,1512.53576705668,177.506449077411,10.1377830308505,14.2918890930982,1.99841949258433,0,Hebei,114.758995629377,41.7074600109979
2867,124.231557068507,0,0,0,0,12,2419.69984731176,0,1715.08660603436,0,131.415537962124,556.907394729592,14.2918890930982,1.99841949258433,0,Hebei,115.36522208675,41.6625708161428
2868,107.638741428589,0,0,0,0,12,2689.55954139305,0,1715.08660603436,407.608240558273,142.279329924138,410.293475783185,14.2918890930982,0,0,Hebei,115.970673779114,41.6149921851609
2869,71.5265974434305,0,0,3,1512.53576705668,16,3169.55639563368,202.550838977676,1512.53576705668,1028.93940825193,248.023932269978,0,177.506449077411,0,0,Hebei,116.575307246466,41.5647299450854
2870,52.5480020373812,0,0,4,1920.14400761496,18,3188.34421285271,1715.08660603436,17.9885053002479,1029.73872017071,0,248.023932269978,177.506449077411,0,0,Hebei,117.179079388939,41.5117902229894
2871,17.710980227851,1,407.608240558273,6,2541.47517530861,25,3478.54516669759,415.604619101661,32.7799670071902,861.30787602605,28.2357171809409,248.023932269978,177.506449077411,0,1715.08660603436,Hebei,117.781947484177,41.4561794406911
2872,9.39272000387345,2,621.331167693655,4,1029.73872017071,23,3444.07231816937,285.280361176665,170.768279856878,245.021996031894,372.28290224132,89.6063454377728,158.417586832205,407.608240558273,1715.08660603436,Inner Mongolia,118.383869204319,41.3979043092373
2873,28.7983064578423,3,622.130479612434,6,861.30787602605,20,3427.9340612613,41.5756574693583,169.17472046258,213.036276500222,0,28.2357171809409,575.932860422289,2197.42799024823,202.550838977676,Inner Mongolia,118.984802632539,41.3369718231739
2874,49.3775586119337,1,31.7620573472089,7,867.152475644328,17,3647.73263827095,14.7914617069423,293.839545399625,1945.42973905361,175.429619534736,28.2357171809409,142.279329924138,1028.93940825193,18.7878172190273,Liaoning,119.584706279176,41.2733892546132
2875,2.6084777035253,4,245.021996031894,6,383.010308881582,16,3110.91035339227,200.936777809789,721.903642878469,1329.49414936871,0,175.429619534736,28.2357171809409,622.130479612434,32.7799670071902,Liaoning,120.183539097391,41.207164147108
2876,32.8256438842185,1,5.84459961827779,6,2152.84507812002,19,9397.81927946874,137.189000930909,804.938696207913,1325.94928198979,6201.57414050767,0,203.665336715677,659.737136577921,64.7656865388614,Liaoning,120.781260498377,41.1383043093417
2877,36.7861637649892,1,1310.5842641467,5,2051.39779224718,16,8893.92017296057,917.729026992816,13.0652856037294,1337.94906446289,40.5923465118825,6201.57414050767,0,245.821307950673,137.189000930909,Liaoning,121.377830366089,41.0668178086449
2878,20.4260079830171,1,1310.5842641467,4,1936.25338553494,18,8934.86942128842,350.74593956338,11.9997824731034,39.9231331814578,40.5923465118825,6201.57414050767,1310.5842641467,245.021996031894,734.427818872332,Liaoning,121.973209071485,40.9927129643495
2879,41.8718657400952,1,15.365017843087,3,1339.01456759352,19,10884.5535022834,87.1602126339724,589.525197649069,99.6679452367228,1855.2282140088,0,6201.57414050767,1316.42886376498,734.968928482198,Liaoning,122.567357486277,40.9159983409892
2880,30.0671569265858,1,15.365017843087,5,105.580547770173,15,4659.9443172492,162.368223973207,427.156973675862,75.1098298983521,1823.8289649922,40.5923465118825,15.365017843087,1907.82308208812,207.699878266489,Liaoning,123.160236996169,40.8366827413576
2881,49.0417690923097,1,24.5581153383708,4,127.032745552913,14,4482.99404467995,174.36800644631,507.951341194622,0,24.5581153383708,1799.27084965383,40.5923465118825,1923.18809993121,13.0652856037294,Liaoning,123.751809513591,40.7547751994346
2882,40.8086014393035,2,99.6679452367228,5,526.824918912585,16,2746.78964657759,585.741565956878,256.196683196712,0,0,1799.27084965383,65.1504618502533,28.4303034468164,11.9997824731034,Liaoning,124.342037489898,40.6702849731919
2883,39.7383887192476,1,75.1098298983521,4,514.825136439482,16,2947.60798397502,445.811713605485,372.532104677705,0,0,0,1864.42131150408,15.365017843087,249.477836344662,Liaoning,124.930883927053,40.5832215372858
2884,308.47570664319,0,0,0,0,0,0,0,0,0,0,0,0,0,0,Xinjiang,73.9920917327998,38.8710143661158
2885,297.185017999985,0,0,0,0,0,0,0,0,0,0,0,0,0,0,Xinjiang,74.5512123626364,39.0057886141883
2886,294.075854599261,0,0,0,0,0,0,0,0,0,0,0,0,0,0,Xinjiang,75.1123344780895,39.1381924188149
2887,299.40320905582,0,0,0,0,0,0,0,0,0,0,0,0,0,0,Xinjiang,75.675432805896,39.2682133384528
2888,312.736238463136,0,0,0,0,0,0,0,0,0,0,0,0,0,0,Xinjiang,76.2404813859265,39.3958390013238
2889,333.115037334362,0,0,0,0,0,0,0,0,0,0,0,0,0,0,Xinjiang,76.8074535725838,39.5210571132161
2890,359.342874353276,0,0,0,0,0,0,0,0,0,0,0,0,0,0,Xinjiang,77.3763220367125,39.6438554653515
2891,318.675860320272,0,0,0,0,0,0,0,0,0,0,0,0,0,0,Xinjiang,77.9470587680306,39.7642219423141
2892,278.468585911174,0,0,0,0,0,0,0,0,0,0,0,0,0,0,Xinjiang,78.5196350780883,39.8821445300306
2893,241.940494187871,0,0,0,0,0,0,0,0,0,0,0,0,0,0,Xinjiang,79.0940216037635,39.9976113237961
2894,211.011023684491,0,0,0,0,0,0,0,0,0,0,0,0,0,0,Xinjiang,79.6701883113004,40.1106105363364
2895,188.457160927562,0,0,0,0,1,2407.24854434165,2407.24854434165,0,0,0,0,0,0,0,Xinjiang,80.248104500896,40.2211305058999
2896,177.500847584974,0,0,0,0,1,2407.24854434165,2407.24854434165,0,0,0,0,0,0,0,Xinjiang,80.8277388118419,40.3291597043685
2897,180.269243860083,0,0,0,0,1,2407.24854434165,2407.24854434165,0,0,0,0,0,0,0,Xinjiang,81.4090592282243,40.434686745381
2898,196.182184895543,0,0,0,0,1,2407.24854434165,0,0,0,0,0,0,0,2407.24854434165,Xinjiang,81.9920330851875,40.5377003924577
2899,198.540048332207,0,0,0,0,1,3955.72182428527,0,0,3955.72182428527,0,0,0,0,0,Xinjiang,82.5766270757627,40.6381895671183
2900,148.607572152801,0,0,0,0,1,3955.72182428527,0,0,3955.72182428527,0,0,0,0,0,Xinjiang,83.1628072582658,40.7361433569824
2901,98.7434565454592,0,0,1,3955.72182428527,1,3955.72182428527,0,0,3955.72182428527,0,0,0,0,0,Xinjiang,83.7505390642645,40.8315510238432
2902,49.1561788582212,1,3955.72182428527,1,3955.72182428527,1,3955.72182428527,0,0,3955.72182428527,0,0,0,0,0,Xinjiang,84.3397873071162,40.9244020117047
2903,9.07687332379713,1,3955.72182428527,1,3955.72182428527,1,3955.72182428527,3955.72182428527,0,0,0,0,0,0,0,Xinjiang,84.9305161910762,41.0146859547708
2904,52.4256553486152,0,0,1,3955.72182428527,1,3955.72182428527,0,0,0,0,0,0,3955.72182428527,0,Xinjiang,85.5226893209746,41.1023926853766
2905,102.051501939597,0,0,0,0,1,3955.72182428527,0,0,0,0,0,0,3955.72182428527,0,Xinjiang,86.1162697124606,41.1875122418515
2906,151.92290399253,0,0,0,0,1,3955.72182428527,0,0,0,0,0,0,3955.72182428527,0,Xinjiang,86.7112198028111,41.2700348763033
2907,201.857941302584,0,0,0,0,0,0,0,0,0,0,0,0,0,0,Xinjiang,87.3075014622992,41.3499510623105
2908,251.818760572586,0,0,0,0,0,0,0,0,0,0,0,0,0,0,Xinjiang,87.9050760061185,41.4272515025154
2909,255.020260150494,0,0,0,0,0,0,0,0,0,0,0,0,0,0,Xinjiang,88.5039042068567,41.501927136103
2910,263.752975627623,0,0,0,0,0,0,0,0,0,0,0,0,0,0,Xinjiang,89.1039463075123,41.5739691461576
2911,245.298393566856,0,0,0,0,0,0,0,0,0,0,0,0,0,0,Xinjiang,89.7051620350469,41.6433689668845
2912,213.731322080162,0,0,0,0,0,0,0,0,0,0,0,0,0,0,Xinjiang,90.3075106144632,41.7101182906862
2913,190.238939730514,0,0,0,0,1,54134.1240936358,0,0,0,0,54134.1240936358,0,0,0,Xinjiang,90.9109507834009,41.7742090750817
2914,178.046708313986,0,0,0,0,1,54134.1240936358,0,0,0,0,54134.1240936358,0,0,0,Xinjiang,91.5154408072383,41.8356335494583
2915,179.472578666202,0,0,0,0,3,54406.2771370329,0,0,0,0,54406.2771370329,0,0,0,Xinjiang,92.1209384946893,41.8943842216454
2916,184.081057630384,0,0,0,0,3,54406.2771370329,0,0,0,0,272.153043397171,54134.1240936358,0,0,Xinjiang,92.7274012138823,41.9504538842987
2917,193.617907107519,0,0,0,0,2,272.153043397171,0,0,0,0,272.153043397171,0,0,0,Xinjiang,93.3347859089088,42.0038356210851
2918,177.201282198955,0,0,0,0,1,5846.14454910573,0,0,0,5846.14454910573,0,0,0,0,Xinjiang,93.9430491168262,42.0545228126573
2919,147.800857049996,0,0,0,0,1,5846.14454910573,0,0,0,5846.14454910573,0,0,0,0,Xinjiang,94.5521469851006,42.1025091424087
2920,131.49103496617,0,0,0,0,1,5846.14454910573,0,0,0,0,5846.14454910573,0,0,0,Xinjiang,95.162035289473,42.1477886019987
2921,133.171660679876,0,0,0,0,1,5846.14454910573,0,0,0,0,5846.14454910573,0,0,0,Xinjiang,95.7726694522324,42.190355496638
2922,152.248120316791,0,0,0,0,1,5846.14454910573,0,0,0,0,0,5846.14454910573,0,0,Gansu,96.3840045608778,42.2302044501258
2923,183.369269703943,0,0,0,0,1,5846.14454910573,0,0,0,0,0,5846.14454910573,0,0,Gansu,96.9959953871509,42.2673304096298
2924,218.586212695534,0,0,0,0,0,0,0,0,0,0,0,0,0,0,Inner Mongolia,97.6085964064201,42.3017286501996
2925,219.558281402212,0,0,0,0,0,0,0,0,0,0,0,0,0,0,Inner Mongolia,98.2217618173956,42.3333947790071
2926,194.020915478293,0,0,0,0,1,326.115117823582,0,0,326.115117823582,0,0,0,0,0,Inner Mongolia,98.8354455621559,42.3623247393043
2927,146.048181563598,0,0,0,0,1,326.115117823582,0,0,326.115117823582,0,0,0,0,0,Inner Mongolia,99.4496013464633,42.3885148140936
2928,100.08010308265,0,0,0,0,1,326.115117823582,0,0,0,326.115117823582,0,0,0,0,Inner Mongolia,100.064182660347,42.4119616295015
2929,60.843921044176,0,0,1,326.115117823582,1,326.115117823582,0,0,0,326.115117823582,0,0,0,0,Inner Mongolia,100.679142798932,42.4326621578512
2930,48.86653684299,1,326.115117823582,1,326.115117823582,1,326.115117823582,0,0,0,0,326.115117823582,0,0,0,Inner Mongolia,101.294434883489,42.4506137204281
2931,156.336039271173,0,0,0,0,3,1551.88469564678,0,0,0.319865305537747,0,211.062779955454,0,1340.50205038579,0,Inner Mongolia,109.30192600814,42.4332556369817
2932,113.50764068469,0,0,0,0,3,221.376132237048,0,0,10.3133522815947,0,0,211.062779955454,0,0,Inner Mongolia,109.916897062512,42.4126396711893
2933,63.9133038385287,0,0,1,0.319865305537747,4,4365.81349293997,0,0,10.3133522815947,0,4144.43736070292,211.062779955454,0,0,Inner Mongolia,110.531490732412,42.3892773306823
2934,16.9066945703762,1,0.319865305537747,2,10.3133522815947,4,4156.7491324771,0,0.319865305537747,11.9919064686413,0,4144.43736070292,0,0,0,Inner Mongolia,111.145660307301,42.3631716324374
2935,2.55488109010472,2,10.3133522815947,2,10.3133522815947,4,4156.7491324771,0,0,0,11.9919064686413,4144.43736070292,0,0.319865305537747,0,Inner Mongolia,111.759359270898,42.334325939718
2936,48.3870511216221,1,9.99348697605699,3,12.3117717741791,5,4171.04102157019,0,0,0,16.2903085856825,0,4144.43736070292,10.3133522815947,0,Inner Mongolia,112.372541322018,42.302743959011
2937,70.9328525875417,0,0,2,11.9919064686413,4,26.6036608672772,0,0,0,14.2918890930982,1.99841949258433,0,10.3133522815947,0,Inner Mongolia,112.985160395161,42.2684297366614
2938,74.1522854387447,0,0,1,1.99841949258433,4,26.6036608672772,0,0,0,0,14.2918890930982,1.99841949258433,10.3133522815947,0,Inner Mongolia,113.59717068084,42.231387655212
2939,104.717015309737,0,0,0,0,3,26.2837955617395,0,0,0,0,14.2918890930982,1.99841949258433,9.99348697605699,0,Inner Mongolia,114.208526645614,42.1916224294536
2940,146.399266237768,0,0,0,0,10,1908.88336369746,0,0,1715.08660603436,177.506449077411,0,16.2903085856825,0,0,Inner Mongolia,114.819183051811,42.149139102194
2941,140.009017907652,0,0,0,0,11,2733.07908366473,0,824.195719967277,1715.08660603436,0,177.506449077411,14.2918890930982,1.99841949258433,0,Inner Mongolia,115.429094976928,42.1039430397518
2942,90.1961282169315,0,0,3,1512.53576705668,10,3124.39701563732,824.195719967277,202.550838977676,1920.14400761496,0,177.506449077411,0,0,0,Inner Mongolia,116.038217832671,42.0560399271857
2943,40.8206328507774,3,1512.53576705668,4,1715.08660603436,14,3954.13903026953,890.327236981694,202.550838977676,2197.42799024823,486.326514984516,177.506449077411,0,0,0,Inner Mongolia,116.646507383627,42.005435763264
2944,14.0099804369573,3,1512.53576705668,5,2122.69484659263,15,3949.6237766236,1092.87807595937,22.787840250331,296.071799852303,751.655425618651,142.279329924138,131.415537962124,0,1512.53576705668,Hebei,117.253919765556,41.9521368551875
2945,32.3010173170829,1,407.608240558273,7,2744.02601428629,14,3784.06244117873,0,40.7763455505789,32.7850314504506,621.331167693655,549.88757048241,0,1512.53576705668,1026.74655894495,Hebei,117.86041150326,41.8961498130712
2946,40.8211464979861,1,277.283982633276,5,1047.72722547095,17,3310.09199864259,7.9963785433887,32.7799670071902,207.580689346846,175.429619534736,621.331167693655,549.88757048241,1512.53576705668,202.550838977676,Inner Mongolia,118.465939528051,41.8374815441964
2947,22.96880386267,1,0.799311918779379,6,686.896166151296,19,3338.32771582353,40.7763455505789,137.189000930909,31.9857195316712,213.036276500222,29.0350290997203,763.610497617792,2122.69484659263,0,Inner Mongolia,119.070461194756,41.7761392470426
2948,38.1870894440872,2,32.7850314504506,8,415.790275888772,17,3513.4496868902,14.7914617069423,137.189000930909,2064.47362655684,213.036276500222,28.2357171809409,622.130479612434,407.608240558273,25.9848838436366,Liaoning,119.673934298289,41.7121304051089
2949,13.138614019776,3,200.936777809789,6,383.010308881582,18,3188.87649966137,137.189000930909,69.9697677257143,734.968928482198,1310.5842641467,241.271993681163,344.047185060379,310.069014083727,40.7763455505789,Liaoning,120.276317089738,41.6454627805359
2950,59.4436265850305,0,0,6,928.685020306535,18,2768.3569660226,0,416.313304598889,625.66912138824,1310.5842641467,0,213.036276500222,50.7735367506985,151.980462637851,Liaoning,120.877568291981,41.5761444075374
2951,15.6954795844027,2,721.903642878469,5,2051.39779224718,17,2747.57678148851,346.343536873175,69.9697677257143,622.303886018256,1325.94928198979,0,213.036276500222,32.7850314504506,137.189000930909,Liaoning,121.477647114803,41.5041835856544
2952,25.3958353138771,2,610.304103545153,4,2045.5531926289,18,2949.73804005482,291.648479661843,175.433509576936,11.9997824731034,55.9573643549695,1310.5842641467,175.429619534736,804.02019536949,124.664824937046,Liaoning,122.076513269503,41.4295888728402
2953,30.1282271554753,1,13.0652856037294,6,2072.91799294509,21,5024.65662973452,213.015829022605,162.368223973207,502.266803574215,1839.19398283529,40.5923465118825,1310.5842641467,740.27241849061,216.362761180014,Liaoning,122.674126982995,41.352369078389
2954,40.453783443584,1,11.9997824731034,3,40.4300859199197,19,4881.62302918533,0,174.36800644631,490.267021101111,1823.8289649922,55.9573643549695,1310.5842641467,734.968928482198,291.648479661843,Liaoning,123.27044901137,41.2725332557188
2955,22.6945167337252,1,11.9997824731034,6,689.193142885792,20,4849.24732132847,162.368223973207,447.250464313372,232.319560867011,0,1864.42131150408,15.365017843087,2045.5531926289,81.9695501988177,Liaoning,123.865440652934,41.1900906950186
2956,34.1115584814683,3,490.267021101111,6,689.193142885792,19,3456.7351082102,0,1157.19592594598,157.209730968659,75.1098298983521,1823.8289649922,55.9573643549695,25.0650680768328,162.368223973207,Liaoning,124.459063760698,41.1050509157729
2957,24.9115473763779,3,490.267021101111,5,665.161072163281,19,3713.44532818517,12.9702023092159,1196.64611549325,0,0,0,1914.30381273364,11.9997824731034,577.525415175966,Liaoning,125.051280754316,41.0174236591724
2958,58.5300192712333,0,0,6,666.599822871167,16,1898.80946068826,838.522963832646,371.093353969819,0,0,0,24.5581153383708,87.1096123714555,577.525415175966,Jilin,125.642054631472,40.9272188804242
2959,356.451121826852,0,0,0,0,0,0,0,0,0,0,0,0,0,0,Xinjiang,73.8108623937328,39.2919904441734
2960,346.726225697252,0,0,0,0,0,0,0,0,0,0,0,0,0,0,Xinjiang,74.3728221502029,39.4275609326482
2961,344.065035888416,0,0,0,0,0,0,0,0,0,0,0,0,0,0,Xinjiang,74.9368164822788,39.5607522582497
2962,348.629347955,0,0,0,0,0,0,0,0,0,0,0,0,0,0,Xinjiang,75.5028198611655,39.6915516612303
2963,360.144548102271,0,0,0,0,0,0,0,0,0,0,0,0,0,0,Xinjiang,76.0708060535377,39.819946451456
2964,377.975883857663,0,0,0,0,0,0,0,0,0,0,0,0,0,0,Xinjiang,76.640748122821,39.9459240164425
2965,339.673484288258,0,0,0,0,0,0,0,0,0,0,0,0,0,0,Xinjiang,77.2126184310013,40.0694718294653
2966,293.885224734124,0,0,0,0,0,0,0,0,0,0,0,0,0,0,Xinjiang,77.7863886409725,40.1905774577354
2967,249.717790126237,0,0,0,0,0,0,0,0,0,0,0,0,0,0,Xinjiang,78.3620297194298,40.3092285706341
2968,208.20524511652,0,0,0,0,0,0,0,0,0,0,0,0,0,0,Xinjiang,78.9395119403183,40.4254129479985
2969,171.288859773591,0,0,0,0,1,2407.24854434165,0,2407.24854434165,0,0,0,0,0,0,Xinjiang,79.5188048888419,40.5391184884492
2970,142.584441195527,0,0,0,0,1,2407.24854434165,0,2407.24854434165,0,0,0,0,0,0,Xinjiang,80.0998774660416,40.6503332177524
2971,127.752777893636,0,0,0,0,1,2407.24854434165,2407.24854434165,0,0,0,0,0,0,0,Xinjiang,80.6826978939467,40.7590452972066
2972,131.572115769439,0,0,0,0,1,2407.24854434165,2407.24854434165,0,0,0,0,0,0,0,Xinjiang,81.2672337213054,40.8652430320445
2973,152.64884878881,0,0,0,0,1,2407.24854434165,0,0,0,0,0,0,0,2407.24854434165,Xinjiang,81.8534518298991,40.9689148798425
2974,185.181317699854,0,0,0,0,1,2407.24854434165,0,0,0,0,0,0,0,2407.24854434165,Xinjiang,82.4413184414429,41.0700494589245
2975,153.921546908312,0,0,0,0,1,3955.72182428527,0,0,3955.72182428527,0,0,0,0,0,Xinjiang,83.0307991250758,41.1686355567535
2976,106.573459698197,0,0,0,0,2,5358.65084002072,0,1402.92901573545,0,3955.72182428527,0,0,0,0,Xinjiang,83.6218588054424,41.2646621382982
2977,63.4347067577254,0,0,1,3955.72182428527,2,5358.65084002072,1402.92901573545,0,0,3955.72182428527,0,0,0,0,Xinjiang,84.2144617713662,41.3581183543648
2978,41.1098738849139,1,3955.72182428527,1,3955.72182428527,2,5358.65084002072,1402.92901573545,0,0,0,3955.72182428527,0,0,0,Xinjiang,84.8085716851154,41.4489935498828
2979,66.0006169685435,0,0,1,3955.72182428527,2,5358.65084002072,1402.92901573545,0,0,0,0,3955.72182428527,0,0,Xinjiang,85.4041515922593,41.5372772721352
2980,109.645524986773,0,0,0,0,2,5358.65084002072,0,0,0,0,0,0,3955.72182428527,1402.92901573545,Xinjiang,86.0011639321151,41.6229592789192
2981,157.124793902868,0,0,0,0,1,3955.72182428527,0,0,0,0,0,0,3955.72182428527,0,Xinjiang,86.5995705487791,41.7060295466286
2982,205.801507692281,0,0,0,0,0,0,0,0,0,0,0,0,0,0,Xinjiang,87.1993327027425,41.7864782782452
2983,206.358803610075,0,0,0,0,0,0,0,0,0,0,0,0,0,0,Xinjiang,87.8004110830832,41.8642959112273
2984,205.217579394611,0,0,0,0,0,0,0,0,0,0,0,0,0,0,Xinjiang,88.4027658202301,41.9394731252853
2985,215.973502906692,0,0,0,0,0,0,0,0,0,0,0,0,0,0,Xinjiang,89.0063564992923,42.0120008500299
2986,232.383277789041,0,0,0,0,0,0,0,0,0,0,0,0,0,0,Xinjiang,89.6111421739455,42.0818702724845
2987,254.527089884493,0,0,0,0,0,0,0,0,0,0,0,0,0,0,Xinjiang,90.2170813808661,42.1490728444469
2988,237.453028538046,0,0,0,0,0,0,0,0,0,0,0,0,0,0,Xinjiang,90.8241321547039,42.2136002896918
2989,227.801924736262,0,0,0,0,0,0,0,0,0,0,0,0,0,0,Xinjiang,91.4322520435827,42.2754446109992
2990,228.918092481124,0,0,0,0,0,0,0,0,0,0,0,0,0,0,Xinjiang,92.0413981251156,42.3345980970002
2991,234.010518712895,0,0,0,0,0,0,0,0,0,0,0,0,0,0,Xinjiang,92.6515270229238,42.3910533288275
2992,241.584314562547,0,0,0,0,0,0,0,0,0,0,0,0,0,0,Xinjiang,93.2625949236438,42.4448031865589
2993,216.535888812464,0,0,0,0,0,0,0,0,0,0,0,0,0,0,Xinjiang,93.874557594409,42.4958408554444
2994,193.216433244091,0,0,0,0,1,5846.14454910573,0,0,0,0,5846.14454910573,0,0,0,Xinjiang,94.4873704007891,42.5441598319049
2995,181.04526784019,0,0,0,0,1,5846.14454910573,0,0,0,0,5846.14454910573,0,0,0,Xinjiang,95.1009883251725,42.5897539292927
2996,182.269547481437,0,0,0,0,1,5846.14454910573,0,0,0,0,5846.14454910573,0,0,0,Xinjiang,95.7153659855712,42.6326172834041
2997,196.639230243734,0,0,0,0,1,5846.14454910573,0,0,0,0,0,5846.14454910573,0,0,Gansu,96.3304576548334,42.672744357733
2998,221.611790757195,0,0,0,0,0,0,0,0,0,0,0,0,0,0,Gansu,96.9462172802407,42.7101299484576
2999,74.1814618012546,0,0,1,0.319865305537747,2,10.3133522815947,0,0,0,10.3133522815947,0,0,0,0,Inner Mongolia,110.565970691986,42.8329331863274
3000,41.2772962863203,1,0.319865305537747,2,10.3133522815947,2,10.3133522815947,0,0,0,9.99348697605699,0.319865305537747,0,0,0,Inner Mongolia,111.183949858759,42.8066437185907
3001,51.9750179371974,0,0,2,10.3133522815947,3,12.3117717741791,0,0,0,1.99841949258433,9.99348697605699,0.319865305537747,0,0,Inner Mongolia,111.801449586325,42.7775952564301
3002,70.9660608208971,0,0,2,10.3133522815947,3,12.3117717741791,0,0,0,1.99841949258433,0,10.3133522815947,0,0,Inner Mongolia,112.418422715538,42.7457916178996
3003,111.224822262392,0,0,0,0,4,26.6036608672772,0,0,0,0,16.2903085856825,9.99348697605699,0.319865305537747,0,Inner Mongolia,113.034822330317,42.7112369709485
3004,121.631796578697,0,0,0,0,4,26.6036608672772,0,0,0,0,16.2903085856825,0,10.3133522815947,0,Inner Mongolia,113.650601778598,42.6739358295985
3005,142.342494703984,0,0,0,0,2,16.2903085856825,0,0,0,0,14.2918890930982,1.99841949258433,0,0,Inner Mongolia,114.26571469298,42.6338930498222
3006,175.295401132279,0,0,0,0,7,2555.57263458732,0,824.195719967277,1715.08660603436,0,0,16.2903085856825,0,0,Inner Mongolia,114.880115011037,42.5911138251268
3007,139.119609652011,0,0,0,0,6,9162.68954715757,6623.40722115593,824.195719967277,1715.08660603436,0,0,0,0,0,Inner Mongolia,115.493756995306,42.5456036818528
3008,89.1363539592943,0,0,4,1715.08660603436,8,9636.42930473026,6623.40722115593,890.327236981694,202.550838977676,1920.14400761496,0,0,0,0,Inner Mongolia,116.106595252886,42.4973684741961
3009,39.1958340206797,1,202.550838977676,4,1715.08660603436,11,9939.69817120717,7513.73445813762,7.9963785433887,220.539344277924,2197.42799024823,0,0,0,0,Inner Mongolia,116.71858475467,42.4464143789615
3010,11.2843791144319,4,1715.08660603436,5,2122.69484659263,13,3675.92890873734,890.327236981694,7.9963785433887,32.7799670071902,1029.73872017071,1512.53576705668,0,202.550838977676,0,Hebei,117.329680854159,42.3927478900595
3011,60.9783651750417,0,0,6,2140.68335189288,14,3707.91462826901,0,7.9963785433887,64.7656865388614,622.130479612434,407.608240558273,1512.53576705668,202.550838977676,890.327236981694,Hebei,117.939839305857,42.3363758127516
3012,46.3066633900934,1,17.9885053002479,6,726.467880660907,18,4058.13990570014,7.9963785433887,14.7914617069423,187.163225762828,213.835588419002,621.331167693655,407.608240558273,1715.08660603436,890.327236981694,Inner Mongolia,118.549016283228,42.2773052576601
3013,4.11495657876712,1,17.9885053002479,4,41.5756574693583,16,3167.81266871845,0,14.7914617069423,137.189000930909,245.021996031894,344.846496979158,684.892223191549,1715.08660603436,25.9848838436366,Inner Mongolia,119.157168396188,42.2155436345471
3014,53.7546152526914,0,0,5,202.753999388549,14,2174.62970556256,0,0,859.092643809377,69.5923764971579,175.429619534736,1029.73872017071,17.9885053002479,22.787840250331,Liaoning,119.76425270813,42.1510986458779
3015,11.7604321635882,1,137.189000930909,4,215.728239516731,20,3382.31949441656,0,221.678711936129,942.127697138821,1310.5842641467,245.021996031894,622.130479612434,17.9885053002479,22.787840250331,Inner Mongolia,120.370226752456,42.0839782801762
3016,38.3549377177939,1,137.189000930909,4,891.078363341049,17,2752.99194817951,0,291.648479661843,137.730110540775,1907.82308208812,5.84459961827779,239.976708332395,169.968967938099,0,Liaoning,120.975048548608,42.0141908051849
3017,17.9007961006456,2,721.903642878469,5,942.127697138821,17,2761.56893127668,78.6326506392385,213.015829022605,136.664607410149,28.4303034468164,1907.82308208812,245.021996031894,151.980462637851,0,Liaoning,121.578676617588,41.9417447608423
3018,32.696332463422,2,137.730110540775,7,947.984757504803,16,2733.7160740082,291.648479661843,0,174.36800644631,28.4303034468164,1310.5842641467,634.84547490691,293.839545399625,0,Liaoning,122.181069996942,41.8666489520857
3019,46.9674459791377,1,13.0652856037294,5,816.938478681016,19,3192.6261639812,2.96030386404135,10.7170261666281,664.635027547421,24.5581153383708,15.365017843087,1920.88836769185,261.853825867954,291.648479661843,Liaoning,122.782188255213,41.7889124414935
3020,48.308555944095,1,11.9997824731034,3,187.433292050039,21,3121.92998043659,13.6773300306695,170.584374754118,432.84151129627,111.667727709826,55.9573643549695,1323.64954975043,721.903642878469,291.648479661843,Liaoning,123.381991505847,41.7085445417781
3021,34.8173673944567,2,174.36800644631,4,589.525197649069,24,2430.21774161431,176.045554003876,509.032040940668,591.489992972815,75.1098298983521,24.5581153383708,27.3648003161903,734.968928482198,291.648479661843,Liaoning,123.980440420535,41.625554808141
3022,31.3090867098841,2,415.157191202759,6,682.319347640932,19,1937.9567903017,10.7170261666281,819.39989303125,390.216424771216,490.267021101111,24.5581153383708,27.3648003161903,13.0652856037294,162.368223973207,Liaoning,124.577496241999,41.5399530305014
3023,27.6872171044116,2,415.157191202759,8,679.570025180383,20,1925.01426792467,8.2161507809118,1059.67821712267,157.209730968659,0,75.1098298983521,439.71530654113,174.36800644631,10.7170261666281,Liaoning,125.173120796198,41.4517492256108
3024,24.321168046164,3,176.332801770056,11,1389.51548681299,21,4025.14103192376,672.195287683871,2349.6707940697,305.865656503485,0,0,99.6679452367228,589.525197649069,8.2161507809118,Jilin,125.767276503962,41.3609536290647
3025,18.1062238618058,1,157.209730968659,4,390.216424771216,19,5389.28201776986,2598.86820242375,2110.84379016573,0,0,0,75.1098298983521,572.366922171418,32.0932731106125,Jilin,126.359926392046,41.2675766872229
3026,396.382663910598,0,0,0,0,0,0,0,0,0,0,0,0,0,0,Xinjiang,74.1923972446008,39.8492102555558
3027,394.056962358874,0,0,0,0,0,0,0,0,0,0,0,0,0,0,Xinjiang,74.7592893222213,39.9832057431834
3028,398.048442928912,0,0,0,0,0,0,0,0,0,0,0,0,0,0,Xinjiang,75.3282239857266,40.1148001549579
3029,408.17182191756,0,0,0,0,0,0,0,0,0,0,0,0,0,0,Xinjiang,75.8991747273162,40.2439804733189
3030,373.097638569559,0,0,0,0,0,0,0,0,0,0,0,0,0,0,Xinjiang,76.4721143176305,40.3707337583226
3031,324.333620358245,0,0,0,0,0,0,0,0,0,0,0,0,0,0,Xinjiang,77.0470148074507,40.495047156003
3032,276.012221981536,0,0,0,0,0,0,0,0,0,0,0,0,0,0,Xinjiang,77.6238475299541,40.616907906805
3033,228.414526840324,0,0,0,0,0,0,0,0,0,0,0,0,0,0,Xinjiang,78.2025831035343,40.736303354083
3034,182.108883529041,0,0,0,0,1,2407.24854434165,0,2407.24854434165,0,0,0,0,0,0,Xinjiang,78.7831914351947,40.8532209526568
3035,138.398319529886,0,0,0,0,1,2407.24854434165,0,2407.24854434165,0,0,0,0,0,0,Xinjiang,79.3656417245227,40.9676482774156
3036,100.72012826243,0,0,0,0,1,2407.24854434165,0,2407.24854434165,0,0,0,0,0,0,Xinjiang,79.9499024682522,41.0795730319612
3037,78.3262001229692,0,0,1,2407.24854434165,1,2407.24854434165,2407.24854434165,0,0,0,0,0,0,0,Xinjiang,80.5359414654203,41.1889830572819
3038,84.4123392295679,0,0,1,2407.24854434165,1,2407.24854434165,0,0,0,0,0,0,0,2407.24854434165,Xinjiang,81.123725823124,41.2958663404465
3039,114.52463666265,0,0,0,0,1,2407.24854434165,0,0,0,0,0,0,0,2407.24854434165,Xinjiang,81.7132219628815,41.4002110233089
3040,155.262171153224,0,0,0,0,1,2407.24854434165,0,0,0,0,0,0,0,2407.24854434165,Xinjiang,82.3043956276016,41.5020054112129
3041,174.067442975836,0,0,0,0,2,5358.65084002072,0,1402.92901573545,0,3955.72182428527,0,0,0,0,Xinjiang,82.8972118891655,41.6012379816863
3042,134.035571448552,0,0,0,0,2,5358.65084002072,0,1402.92901573545,0,3955.72182428527,0,0,0,0,Xinjiang,83.4916351566209,41.6978973931145
3043,103.109621873691,0,0,0,0,2,5358.65084002072,1402.92901573545,0,0,3955.72182428527,0,0,0,0,Xinjiang,84.0876291849914,41.7919724933809
3044,91.0914586134805,0,0,1,3955.72182428527,2,5358.65084002072,1402.92901573545,0,0,0,3955.72182428527,0,0,0,Xinjiang,84.6851570847012,41.8834523284639
3045,104.707753016321,0,0,0,0,2,5358.65084002072,0,0,0,0,0,3955.72182428527,0,1402.92901573545,Xinjiang,85.2841813316127,41.9723261509785
3046,136.490927358274,0,0,0,0,2,5358.65084002072,0,0,0,0,0,3955.72182428527,0,1402.92901573545,Xinjiang,85.8846637776775,42.0585834286506
3047,176.906282987684,0,0,0,0,2,5358.65084002072,0,0,0,0,0,3955.72182428527,0,1402.92901573545,Xinjiang,86.4865656621964,42.1422138527125
3048,173.587380208172,0,0,0,0,1,2244.9501989816,0,2244.9501989816,0,0,0,0,0,0,Xinjiang,87.0898476236847,42.2232073462067
3049,157.044190063619,0,0,0,0,2,2631.77067313575,2631.77067313575,0,0,0,0,0,0,0,Xinjiang,87.6944697123395,42.3015540721869
3050,155.541559391511,0,0,0,0,2,2631.77067313575,2631.77067313575,0,0,0,0,0,0,0,Xinjiang,88.3003914031006,42.3772444418024
3051,169.480015822359,0,0,0,0,2,2631.77067313575,386.820474154149,0,0,0,0,0,0,2244.9501989816,Xinjiang,88.9075716092999,42.4502691222558
3052,186.519721709671,0,0,0,0,2,2631.77067313575,0,0,0,0,0,0,0,2631.77067313575,Xinjiang,89.5159686968911,42.5206190446188
3053,213.475193584018,0,0,0,0,0,0,0,0,0,0,0,0,0,0,Xinjiang,90.1255404992496,42.588285411496
3054,247.696810566513,0,0,0,0,0,0,0,0,0,0,0,0,0,0,Xinjiang,90.7362443325336,42.6532597045238
3055,277.645103478608,0,0,0,0,0,0,0,0,0,0,0,0,0,0,Xinjiang,91.348037011594,42.7155336916916
3056,278.561626282766,0,0,0,0,0,0,0,0,0,0,0,0,0,0,Xinjiang,91.9608748664227,42.7750994344734
3057,283.964804083595,0,0,0,0,0,0,0,0,0,0,0,0,0,0,Xinjiang,92.5747137591236,42.8319492947586
3058,286.235023962641,0,0,0,0,0,0,0,0,0,0,0,0,0,0,Xinjiang,93.1895091013943,42.8860759415689
3059,259.567501576473,0,0,0,0,0,0,0,0,0,0,0,0,0,0,Xinjiang,93.8052158725013,42.9374723575508
3060,240.458077024698,0,0,0,0,0,0,0,0,0,0,0,0,0,0,Xinjiang,94.4217886377338,42.986131845232
3061,230.791866707166,0,0,0,0,0,0,0,0,0,0,0,0,0,0,Xinjiang,95.0391815673184,43.0320480330304
3062,231.753499800832,0,0,0,0,0,0,0,0,0,0,0,0,0,0,Xinjiang,95.6573484557756,43.0752148810054
3063,90.1209967550549,0,0,1,0.319865305537747,2,10.3133522815947,0,0,0,9.99348697605699,0.319865305537747,0,0,0,Inner Mongolia,111.222718886404,43.2504804582753
3064,96.5542333088828,0,0,1,0.319865305537747,2,10.3133522815947,0,0,0,0,9.99348697605699,0.319865305537747,0,0,Inner Mongolia,111.844066540626,43.2212243804695
3065,112.831985095641,0,0,0,0,3,12.3117717741791,0,0,0,1.99841949258433,0,10.3133522815947,0,0,Inner Mongolia,112.464877667502,43.1891937929309
3066,141.653930970776,0,0,0,0,3,12.3117717741791,0,0,0,0,1.99841949258433,10.3133522815947,0,0,Inner Mongolia,113.085104479421,43.154392989825
3067,170.557985571283,0,0,0,0,2,11.9919064686413,0,0,0,0,1.99841949258433,9.99348697605699,0,0,Inner Mongolia,113.704699461097,43.1168266216264
3068,185.895449922064,0,0,0,0,2,6625.40564064851,0,6623.40722115593,0,0,0,1.99841949258433,0,0,Inner Mongolia,114.323615390839,43.0764996908139
3069,166.670149071814,0,0,0,0,3,7650.15378010088,0,6623.40722115593,1026.74655894495,0,0,0,0,0,Inner Mongolia,114.941805361491,43.0334175472591
3070,123.365599363776,0,0,0,0,7,9228.82106417199,6623.40722115593,890.327236981694,202.550838977676,1512.53576705668,0,0,0,0,Inner Mongolia,115.559222801014,42.9875858833188
3071,83.9782163467778,0,0,1,824.195719967277,8,9636.42930473026,6623.40722115593,890.327236981694,0,2122.69484659263,0,0,0,0,Inner Mongolia,116.175821492678,42.9390107286387
3072,61.2221220103379,0,0,5,2539.28232600164,9,9644.42568327365,890.327236981694,0,7.9963785433887,2122.69484659263,0,0,0,6623.40722115593,Inner Mongolia,116.791555594854,42.887698444679
3073,48.3649876549898,1,202.550838977676,6,2605.41384301606,14,10896.2611135443,1007.10368572578,0,40.7763455505789,278.083294552055,2122.69484659263,0,0,7447.60294112321,Inner Mongolia,117.406379660391,42.8336557189708
3074,68.8462548959525,0,0,2,210.547217521065,14,4616.9010774487,940.972168711362,7.9963785433887,14.7914617069423,18.7878172190273,1028.93940825193,1715.08660603436,0,890.327236981694,Inner Mongolia,118.020248655536,42.7768895591153
3075,33.9099205781517,1,7.9963785433887,3,40.7763455505789,19,5030.68137443282,1193.57412377629,0,151.980462637851,50.7735367506985,1028.93940825193,1715.08660603436,0,890.327236981694,Inner Mongolia,118.633117978408,42.7174072865343
3076,21.7007378880868,2,32.7799670071902,3,40.7763455505789,17,3297.11923844503,238.604672246895,0,14.7914617069423,206.781377428066,640.118984912682,1920.14400761496,202.550838977676,74.1278955578062,Inner Mongolia,119.244943476987,42.6552165299856
3077,29.1594174327005,1,14.7914617069423,4,177.965346481487,14,1845.65411564352,0,0,203.297475576284,740.27241849061,239.976708332395,639.319672993903,22.787840250331,0,Inner Mongolia,119.855681466609,42.5903252188518
3078,52.7466171383793,0,0,2,151.980462637851,17,1450.4040625762,0,0,291.648479661843,734.968928482198,382.210996962802,18.7878172190273,22.787840250331,0,Inner Mongolia,120.465288746954,42.5227415762169
3079,64.1482587621057,0,0,3,340.486476507193,18,2760.9883267229,0,221.678711936129,69.9697677257143,2045.5531926289,213.036276500222,169.974032381359,40.7763455505789,0,Inner Mongolia,121.073722618515,42.4524741117401
3080,56.4854482569135,0,0,7,1013.55212254031,15,2561.73481528979,0,224.639015800171,69.9697677257143,13.0652856037294,2032.48790702517,206.781377428066,14.7914617069423,0,Liaoning,121.680940898515,42.3795316143404
3081,14.97100287425,4,213.015829022605,7,429.378590202619,16,2709.78674707339,291.648479661843,13.6773300306695,162.368223973207,27.3648003161903,1920.88836769185,156.650544468717,137.189000930909,0,Liaoning,122.286901936295,42.3039231447028
3082,46.9168209571517,1,69.9697677257143,7,429.378590202619,17,3092.95821874448,2.96030386404135,10.7170261666281,577.525415175966,11.9997824731034,1339.01456759352,721.903642878469,207.158768656623,221.678711936129,Liaoning,122.891564628125,42.2256580276203
3083,52.61275288998,0,0,3,244.337774172024,21,3315.27134139043,2.96030386404135,264.454797442413,193.022746375933,502.266803574215,15.365017843087,1920.88836769185,194.63459266276,221.678711936129,Liaoning,123.494888431457,42.144745844181
3084,13.7046538239952,1,162.368223973207,2,174.36800644631,25,2238.97302167139,264.454797442413,0,837.621169433442,490.267021101111,214.291139627768,13.0652856037294,416.313304598889,2.96030386404135,Liaoning,124.096833378583,42.0611964238161
3085,51.0640118498732,0,0,6,608.179937578692,24,2264.74739639394,264.454797442413,334.071783941273,891.032314930972,0,514.825136439482,25.0650680768328,232.337991698921,2.96030386404135,Liaoning,124.697360089726,41.9750198362183
3086,38.8149771206653,2,12.9702023092159,9,1100.52203391348,22,3741.81914683122,261.953922056697,2389.73863095089,215.322373709046,174.89405106217,514.825136439482,11.9997824731034,162.368223973207,10.7170261666281,Jilin,125.296429785517,41.8862263831447
3087,19.6941907937028,3,23.8771223297007,12,1624.77350900522,23,5828.10482165858,152.256326722719,2232.72825269987,2324.72741316689,158.648481676545,17.6843200935105,502.266803574215,162.368223973207,277.424999751629,Jilin,125.894004298881,41.7948265901155
3088,11.5812985932617,2,215.322373709046,13,1225.10409887225,20,5551.65024174306,1888.92274079113,2176.07148763206,148.655925534826,0,157.209730968659,507.951341194622,163.806974681093,509.032040940668,Jilin,126.490046086317,41.7008311980217
3089,24.5929516771307,1,148.655925534826,3,2324.72741316689,18,5679.71007325452,1964.10156445806,778.78137675861,148.655925534826,0,0,157.209730968659,742.038734743225,1888.92274079113,Jilin,127.677384490678,41.5050976061563
3090,316.238072756656,0,0,0,0,0,0,0,0,0,0,0,0,0,0,Xinjiang,76.8794788320705,40.9206047972334
3091,216.765812428649,0,0,0,0,0,0,0,0,0,0,0,0,0,0,Xinjiang,78.0412636116396,41.1633930962321
3092,167.265856726217,0,0,0,0,1,2407.24854434165,0,0,2407.24854434165,0,0,0,0,0,Xinjiang,78.6250288552447,41.2810599838448
3093,118.187631395417,0,0,0,0,1,2407.24854434165,0,0,2407.24854434165,0,0,0,0,0,Xinjiang,79.2106679895025,41.3962249779482
3094,70.4185032740833,0,0,1,2407.24854434165,1,2407.24854434165,0,0,2407.24854434165,0,0,0,0,0,Xinjiang,79.798149101684,41.508875449891
3095,30.8093328695244,1,2407.24854434165,1,2407.24854434165,1,2407.24854434165,0,2407.24854434165,0,0,0,0,0,0,Xinjiang,80.3874395620783,41.6189989102115
3096,44.0416210006957,1,2407.24854434165,1,2407.24854434165,1,2407.24854434165,0,0,0,0,0,0,0,2407.24854434165,Xinjiang,80.9785060297705,41.7265830176364
3097,89.0511862294492,0,0,1,2407.24854434165,1,2407.24854434165,0,0,0,0,0,0,2407.24854434165,0,Xinjiang,81.5713144590461,41.8316155880942
3098,137.552037997901,0,0,0,0,1,2407.24854434165,0,0,0,0,0,0,2407.24854434165,0,Xinjiang,82.1658301064274,41.9340846037339
3099,154.841381564301,0,0,0,0,2,3810.1775600771,0,1402.92901573545,0,0,0,0,2407.24854434165,0,Xinjiang,82.7620175383427,42.0339782219361
3100,111.187976162783,0,0,0,0,2,5358.65084002072,0,1402.92901573545,0,3955.72182428527,0,0,0,0,Xinjiang,83.3598406394338,42.1312847843068
3101,75.8266354364262,0,0,1,1402.92901573545,2,5358.65084002072,0,1402.92901573545,0,0,3955.72182428527,0,0,0,Xinjiang,83.9592626215002,42.2259928256421
3102,64.3163372716655,0,0,1,1402.92901573545,2,5358.65084002072,1402.92901573545,0,0,0,3955.72182428527,0,0,0,Xinjiang,84.5602460330832,42.3180910828499
3103,86.7381337041354,0,0,1,1402.92901573545,2,5358.65084002072,0,0,0,0,3955.72182428527,0,0,1402.92901573545,Xinjiang,85.1627527696875,42.4075685038193
3104,126.136499225683,0,0,0,0,2,5358.65084002072,0,0,0,0,0,3955.72182428527,0,1402.92901573545,Xinjiang,85.7667440846385,42.4944142562231
3105,166.376684988287,0,0,0,0,2,3647.87921471705,0,2244.9501989816,0,0,0,0,1402.92901573545,0,Xinjiang,86.3721806005745,42.5786177362416
3106,131.192607920167,0,0,0,0,2,2631.77067313575,0,2631.77067313575,0,0,0,0,0,0,Xinjiang,86.9790223215679,42.6601685771953
3107,108.359583969753,0,0,0,0,2,2631.77067313575,2244.9501989816,386.820474154149,0,0,0,0,0,0,Xinjiang,87.5872286458723,42.739056658073
3108,106.17013941453,0,0,0,0,2,2631.77067313575,2631.77067313575,0,0,0,0,0,0,0,Xinjiang,88.1967583792872,42.8152721119428
3109,121.635412969419,0,0,0,0,2,2631.77067313575,386.820474154149,0,0,0,0,0,0,2244.9501989816,Xinjiang,88.8075697491369,42.8888053342327
3110,143.447639845792,0,0,0,0,2,2631.77067313575,0,0,0,0,0,0,0,2631.77067313575,Xinjiang,89.4196204188512,42.9596469908674
3111,177.085507782005,0,0,0,0,2,2631.77067313575,0,0,0,0,0,0,0,2631.77067313575,Xinjiang,90.0328675031417,43.0277880262501
3112,217.120539690505,0,0,0,0,0,0,0,0,0,0,0,0,0,0,Xinjiang,90.6472675837623,43.0932196710727
3113,260.621143510227,0,0,0,0,0,0,0,0,0,0,0,0,0,0,Xinjiang,91.2627767258416,43.1559334499456
3114,306.113430175257,0,0,0,0,0,0,0,0,0,0,0,0,0,0,Xinjiang,91.879350494776,43.2159211888309
3115,333.932773246648,0,0,0,0,0,0,0,0,0,0,0,0,0,0,Xinjiang,92.4969439736686,43.2731750222686
3116,327.746831676135,0,0,0,0,0,0,0,0,0,0,0,0,0,0,Xinjiang,93.1155117812994,43.3276874003818
3117,304.733957092917,0,0,0,0,0,0,0,0,0,0,0,0,0,0,Xinjiang,93.7350080906118,43.3794510956494
3118,288.630531193885,0,0,0,0,0,0,0,0,0,0,0,0,0,0,Xinjiang,94.3553866476971,43.428459209434
3119,280.628548920156,0,0,0,0,0,0,0,0,0,0,0,0,0,0,Xinjiang,94.9766007912596,43.4747051782539
3120,281.419937816763,0,0,0,0,0,0,0,0,0,0,0,0,0,0,Xinjiang,95.5986034725445,43.518182779786
3121,144.016314483034,0,0,0,0,2,10.3133522815947,0,0,0,0,10.3133522815947,0,0,0,Inner Mongolia,111.887220064069,43.6652485755584
3122,159.455109459716,0,0,0,0,2,10.3133522815947,0,0,0,0,9.99348697605699,0.319865305537747,0,0,Inner Mongolia,112.511916979817,43.6329855766612
3123,180.999202295643,0,0,0,0,2,10.3133522815947,0,0,0,0,0,10.3133522815947,0,0,Inner Mongolia,113.136018507712,43.5979327008424
3124,211.735849381928,0,0,0,0,0,0,0,0,0,0,0,0,0,0,Inner Mongolia,113.759476247963,43.560094740261
3125,167.669128972941,0,0,0,0,1,6623.40722115593,0,6623.40722115593,0,0,0,0,0,0,Inner Mongolia,114.38224210365,43.5194768495017
3126,128.038290005864,0,0,0,0,3,7513.73445813762,0,6623.40722115593,890.327236981694,0,0,0,0,0,Inner Mongolia,115.004268302304,43.4760845407576
3127,98.3599034398394,0,0,1,6623.40722115593,7,9228.82106417199,0,6623.40722115593,890.327236981694,1715.08660603436,0,0,0,0,Inner Mongolia,115.625507417112,43.4299236787043
3128,57.9191979954875,0,0,3,7513.73445813762,7,9228.82106417199,6623.40722115593,66.1315170144175,824.195719967277,1715.08660603436,0,0,0,0,Inner Mongolia,116.245912387714,43.3810004750731
3129,13.7077792093247,1,824.195719967277,2,890.327236981694,9,10177.7896114267,0,1831.29940569306,7.9963785433887,0,1715.08660603436,0,0,6623.40722115593,Inner Mongolia,116.865436540592,43.3293214829348
3130,44.9574568371669,2,890.327236981694,3,1092.87807595937,16,11604.520691934,1007.10368572578,986.342872941832,22.787840250331,17.9885053002479,2122.69484659263,0,824.195719967277,6623.40722115593,Inner Mongolia,117.484033609007,43.2748935907042
3131,63.4724266998231,0,0,3,898.323615525083,19,11964.1536066638,1771.05930150282,238.604672246895,7.9963785433887,32.7799670071902,684.892223191549,1715.08660603436,824.195719967277,6689.53873817035,Inner Mongolia,118.101657752479,43.217724015877
3132,20.948146733897,1,7.9963785433887,2,22.787840250331,20,5478.73469835759,2009.66397374972,0,0,177.965346481487,685.691535110328,1715.08660603436,890.327236981694,0,Inner Mongolia,118.71826357579,43.1578202985092
3133,42.9988459380479,1,7.9963785433887,3,40.7763455505789,17,3590.5764102743,1062.69090076371,0,0,169.17472046258,310.863261559246,210.547217521065,890.327236981694,946.973072986005,Inner Mongolia,119.333806147482,43.095190294452
3134,61.7314641547198,0,0,2,22.787840250331,15,1608.59527493521,0,0,204.488267027871,261.853825867954,32.7850314504506,32.7799670071902,7.9963785433887,1068.69180503836,Inner Mongolia,119.948241017846,43.0298421683533
3135,95.8651306097015,0,0,1,14.7914617069423,15,1494.66923006635,0,0,291.648479661843,721.903642878469,200.936777809789,33.5792789259696,7.9963785433887,238.604672246895,Inner Mongolia,120.561524236377,42.9617843864382
3136,83.3470139574706,0,0,2,204.488267027871,13,1236.5684741572,0,0,291.648479661843,734.968928482198,169.17472046258,32.7799670071902,7.9963785433887,0,Inner Mongolia,121.173612368682,42.8910257090821
3137,33.3601918911409,2,204.488267027871,5,291.648479661843,12,1213.54389417761,0,2.96030386404135,221.678711936129,83.0350533294437,721.903642878469,169.17472046258,14.7914617069423,0,Inner Mongolia,121.784462512832,42.8175751831869
3138,7.659627497646,5,291.648479661843,5,291.648479661843,13,1351.85174555193,0,13.6773300306695,0,191.558451354568,804.938696207913,263.044617319541,78.6326506392385,0,Inner Mongolia,122.394032315143,42.7414421343757
3139,46.9644753112663,2,17.1904449082581,6,294.608783525885,13,1468.40051589681,0,267.415101306455,0,174.36800644631,13.0652856037294,791.873410604183,221.678711936129,0,Liaoning,123.002279985362,42.6626361590164
3140,79.7469540299113,0,0,5,193.235998912134,17,1896.52790940878,2.96030386404135,264.454797442413,12.9702023092159,577.525415175966,11.9997824731034,734.968928482198,291.648479661843,0,Liaoning,123.609164311275,42.5811671160895
3141,63.6861782754709,0,0,3,176.045554003876,21,1917.17533258423,10.7170261666281,253.737771275785,662.727118371273,507.951341194622,174.36800644631,13.0652856037294,291.648479661843,2.96030386404135,Liaoning,124.2146446727,42.4970451189115
3142,65.3560298161444,0,0,4,186.055452449051,25,3807.38154799087,253.737771275785,1563.06710763077,1048.77129710219,176.332801770056,490.267021101111,174.36800644631,87.1602126339724,13.6773300306695,Liaoning,124.818681054872,42.4102805267282
3143,19.5503819205152,2,12.9702023092159,7,680.411438464783,22,3720.22133535689,0,1563.06710763077,1035.80109479297,189.303004079272,490.267021101111,174.36800644631,0,267.415101306455,Jilin,125.421234061208,42.3208839361892
3144,23.0311187309187,5,661.288367663387,12,1067.89436790359,22,5816.10503918548,0,1730.81121542327,2765.01715416504,213.88362300116,176.332801770056,657.389296602622,8.2161507809118,264.454797442413,Jilin,126.02226492545,42.228866172719
3145,18.9327657691667,5,1020.31331372319,13,2630.96147553436,20,5569.82365897445,1721.17863299864,17.4014808969396,2110.84379016573,0,371.093353969819,434.280262004156,509.032040940668,405.994097998504,Jilin,126.621735523174,42.1342382817956
3146,50.5272923529071,0,0,11,4709.71199258947,18,5679.71007325452,1564.98080745793,778.78137675861,1962.1878646309,148.655925534826,0,390.216424771216,819.39989303125,15.4877810697794,Jilin,127.219608382667,42.0370115201497
3147,17.3680242726916,2,2110.84379016573,6,2284.44309660337,18,5679.71007325452,1.91369982716027,2740.96924138951,0,148.655925534826,0,390.216424771216,819.39989303125,1578.55488870055,Jilin,127.815846695172,41.9371973468984
3148,27.6303521155015,1,2407.24854434165,1,2407.24854434165,1,2407.24854434165,0,0,0,2407.24854434165,0,0,0,0,Xinjiang,80.2371615339544,42.0491193465141
3149,41.8794191283772,1,2407.24854434165,1,2407.24854434165,1,2407.24854434165,0,0,0,0,0,2407.24854434165,0,0,Xinjiang,80.8315441585218,42.1574199944126
3150,88.0019041557243,0,0,1,2407.24854434165,2,2409.31033288007,2.06178853841971,0,0,0,0,0,2407.24854434165,0,Xinjiang,81.4276996220719,42.2631559419938
3151,136.875069035733,0,0,0,0,3,3812.23934861552,2.06178853841971,0,1402.92901573545,0,0,0,2407.24854434165,0,Xinjiang,82.0255926870702,42.3663148375445
3152,141.794446952899,0,0,0,0,3,3812.23934861552,2.06178853841971,0,1402.92901573545,0,0,0,2407.24854434165,0,Xinjiang,82.6251874061862,42.4668845076282
3153,92.1551831700836,0,0,1,1402.92901573545,1,1402.92901573545,0,0,1402.92901573545,0,0,0,0,0,Xinjiang,83.2264471307105,42.564852966415
3154,43.3530896655132,1,1402.92901573545,1,1402.92901573545,2,5358.65084002072,0,0,1402.92901573545,0,3955.72182428527,0,0,0,Xinjiang,83.829334519635,42.6602084249843
3155,16.3218559600179,1,1402.92901573545,1,1402.92901573545,2,5358.65084002072,0,0,0,0,3955.72182428527,0,0,1402.92901573545,Xinjiang,84.4338115493967,42.7529393005882
3156,60.4426635780829,0,0,1,1402.92901573545,2,5358.65084002072,0,0,0,0,3955.72182428527,0,1402.92901573545,0,Xinjiang,85.0398395242835,42.8430342258641
3157,109.727973547523,0,0,0,0,2,3647.87921471705,0,0,2244.9501989816,0,0,0,1402.92901573545,0,Xinjiang,85.6473790875027,42.9304820579811
3158,140.570705031488,0,0,0,0,3,4034.6996888712,0,2244.9501989816,386.820474154149,0,0,0,1402.92901573545,0,Xinjiang,86.256390232908,43.0152718877096
3159,96.3868361253376,0,0,1,2244.9501989816,2,2631.77067313575,0,2631.77067313575,0,0,0,0,0,0,Xinjiang,86.8668323173811,43.0973930483985
3160,61.8119830086026,0,0,2,2631.77067313575,2,2631.77067313575,0,2631.77067313575,0,0,0,0,0,0,Xinjiang,87.4786640738649,43.1768351248479
3161,57.8879979672729,0,0,2,2631.77067313575,2,2631.77067313575,2631.77067313575,0,0,0,0,0,0,0,Xinjiang,88.0918436250403,43.2535879620626
3162,74.7180866920078,0,0,2,2631.77067313575,2,2631.77067313575,0,0,0,0,0,0,0,2631.77067313575,Xinjiang,88.7063284976401,43.3276416738733
3163,106.606023131902,0,0,0,0,2,2631.77067313575,0,0,0,0,0,0,0,2631.77067313575,Xinjiang,89.3220756373928,43.3989866514116
3164,148.818331723899,0,0,0,0,2,2631.77067313575,0,0,0,0,0,0,2244.9501989816,386.820474154149,Xinjiang,89.939041424584,43.4676135714247
3165,194.753555926894,0,0,0,0,1,386.820474154149,0,0,0,0,0,0,386.820474154149,0,Xinjiang,90.5571816902284,43.5335134044162
3166,242.303527079681,0,0,0,0,0,0,0,0,0,0,0,0,0,0,Xinjiang,91.1764517328372,43.5966774225996
3167,290.676884055711,0,0,0,0,0,0,0,0,0,0,0,0,0,0,Xinjiang,91.7968063357698,43.65709720765
3168,339.52187354193,0,0,0,0,0,0,0,0,0,0,0,0,0,0,Xinjiang,92.4181997851553,43.7147646582418
3169,371.356274222734,0,0,0,0,0,0,0,0,0,0,0,0,0,0,Xinjiang,93.0405858883676,43.769671997358
3170,351.212587098412,0,0,0,0,0,0,0,0,0,0,0,0,0,0,Xinjiang,93.663917993039,43.8218117793592
3171,337.335263896493,0,0,0,0,0,0,0,0,0,0,0,0,0,0,Xinjiang,94.2881490065942,43.8711768967978
3172,330.514567303588,0,0,0,0,0,0,0,0,0,0,0,0,0,0,Xinjiang,94.913231416285,43.9177605869675
3173,331.186772277577,0,0,0,0,0,0,0,0,0,0,0,0,0,0,Xinjiang,95.5391173097083,43.9615564381735
3174,192.76586239449,0,0,0,0,1,0.319865305537747,0,0,0,0,0.319865305537747,0,0,0,Inner Mongolia,111.930920337752,44.1097041118794
3175,207.65550078192,0,0,0,0,0,0,0,0,0,0,0,0,0,0,Inner Mongolia,112.559551726817,44.0772030595871
3176,224.623209628606,0,0,0,0,0,0,0,0,0,0,0,0,0,0,Inner Mongolia,113.187576374137,44.0418920003004
3177,196.078900010904,0,0,0,0,1,6623.40722115593,0,0,6623.40722115593,0,0,0,0,0,Inner Mongolia,113.814944973479,44.0037758733684
3178,147.403534308231,0,0,0,0,1,6623.40722115593,0,0,6623.40722115593,0,0,0,0,0,Inner Mongolia,114.441608531113,43.9628599913748
3179,100.043334728634,0,0,0,0,3,7513.73445813762,0,6623.40722115593,890.327236981694,0,0,0,0,0,Inner Mongolia,115.067518388052,43.9191500351027
3180,57.3544742867241,0,0,1,6623.40722115593,3,7513.73445813762,0,6623.40722115593,890.327236981694,0,0,0,0,0,Inner Mongolia,115.692626241899,43.8726520481764
3181,39.6283057646537,1,6623.40722115593,3,7513.73445813762,5,8657.25746582666,6623.40722115593,940.972168711362,66.1315170144175,1026.74655894495,0,0,0,0,Inner Mongolia,116.316884168284,43.8233724313918
3182,38.00747911785,2,890.327236981694,3,7513.73445813762,13,11164.1324843686,0,1927.31504165319,66.1315170144175,7.9963785433887,2539.28232600164,0,0,6623.40722115593,Inner Mongolia,116.94024464185,43.7713179367448
3183,12.7985263360745,1,66.1315170144175,2,890.327236981694,16,12260.7564415205,0,3023.9389988051,0,7.9963785433887,1715.08660603436,824.195719967277,6689.53873817035,0,Inner Mongolia,117.562660556788,43.7164956611696
3184,62.3140119383959,0,0,3,1015.10006426917,18,12293.5364085277,946.973072986005,2076.96592581909,0,40.7763455505789,1715.08660603436,0,7513.73445813762,0,Inner Mongolia,118.184085246891,43.6589130399981
3185,68.7587593660264,0,0,4,252.601955064927,15,5055.20046135287,2980.57387113156,0,0,14.7914617069423,25.9848838436366,202.550838977676,890.327236981694,940.972168711362,Inner Mongolia,118.804472505096,43.5985778401529
3186,78.344386461164,0,0,1,7.9963785433887,15,4989.8386233061,1994.23099818973,0,0,137.189000930909,32.7799670071902,7.9963785433887,890.327236981694,1927.31504165319,Inner Mongolia,119.423776602521,43.5354981530868
3187,108.495510083878,0,0,0,0,14,4178.14403696365,897.607041037822,0,78.6326506392385,0,169.968967938099,7.9963785433887,0,3023.9389988051,Inner Mongolia,120.041952306952,43.4696823874801
3188,130.960395954227,0,0,0,0,17,2677.24548117411,0,0,221.678711936129,194.63459266276,137.189000930909,40.7763455505789,0,2082.96683009374,Inner Mongolia,120.658954900785,43.40113926171
3189,96.5695421012642,0,0,1,78.6326506392385,10,2971.1727277209,2399.91865662012,0,2.96030386404135,416.313304598889,137.189000930909,14.7914617069423,0,0,Inner Mongolia,121.274740198393,43.3298777961055
3190,59.0919125518346,0,0,4,221.678711936129,10,3553.62008395538,2399.91865662012,0,2.96030386404135,291.648479661843,721.903642878469,137.189000930909,0,0,Inner Mongolia,121.889264562913,43.2559073049992
3191,51.5561033866207,0,0,6,294.608783525885,14,1445.48302418834,242.820062040421,0,13.6773300306695,162.368223973207,1026.61740814404,0,0,0,Inner Mongolia,122.502484922438,43.1792373885927
3192,52.747134148355,0,0,6,294.608783525885,15,1214.75517120831,355.593255726025,2.96030386404135,264.454797442413,162.368223973207,13.0652856037294,416.313304598889,0,0,Inner Mongolia,123.114358785593,43.0998779246469
3193,30.159482394774,1,2.96030386404135,2,13.6773300306695,17,1362.95819982013,619.516713960346,253.737771275785,23.687228475844,162.368223973207,11.9997824731034,291.648479661843,0,0,Liaoning,123.724844256501,43.0178390600115
3194,16.1036598576709,1,10.7170261666281,3,267.415101306455,20,2089.96337145243,271.680180536908,253.737771275785,648.318165354171,447.250464313372,174.36800644631,69.9697677257143,221.678711936129,2.96030386404135,Liaoning,124.333900049118,42.9331312020085
3195,47.4399927632605,1,10.7170261666281,3,272.670948223325,21,3748.86492886016,514.700925646065,0,1888.92274079113,742.038734743225,427.156973675862,162.368223973207,13.6773300306695,0,Jilin,124.941485500925,42.8457650096822
3196,65.2520683012799,0,0,7,925.7431651058,21,3894.07487735572,0,0,1888.92274079113,873.347994837462,441.057662077181,162.368223973207,13.6773300306695,514.700925646065,Jilin,125.547560585984,42.7557513849302
3197,41.1832904783906,1,152.256326722719,10,2397.9547817318,22,5742.90890911428,0,1564.98080745793,1977.67564570068,1168.96923925802,181.08685329836,585.741565956878,10.7170261666281,253.737771275785,Jilin,126.152085927341,42.6631014635289
3198,20.679577770544,6,1888.92274079113,10,2603.62225395205,23,5954.59186980158,277.028105241723,2077.16107807948,1977.67564570068,148.655925534826,530.643630045569,678.972687756897,264.454797442413,0,Jilin,126.755022808771,42.5678266060669
3199,28.2436423272229,4,1578.55488870055,9,4347.17244405349,23,6712.18876518997,1032.47869193546,1.91369982716027,778.78137675861,2110.84379016573,0,1209.61631780247,15.4877810697794,1563.06710763077,Jilin,127.356333185865,42.4699383888007
3200,37.0230685813261,1,1962.1878646309,7,3691.31237869344,22,6468.91844911778,791.122075690428,778.78137675861,0,0,2110.84379016573,891.032314930972,334.071783941273,1563.06710763077,Jilin,127.955979696461,42.3694485944437
3201,53.7250848669884,0,0,3,2889.62516692434,18,9699.91465775599,1538.50406442822,3189.06608006821,0,0,148.655925534826,2176.07148763206,2384.98457942259,262.632520670085,Jilin,128.553925670405,42.2663692029044
3202,81.0438591917544,0,0,1,2407.24854434165,2,2409.31033288007,0,2.06178853841971,0,0,0,2407.24854434165,0,0,Xinjiang,80.68280932868,42.5884048189929
3203,112.064965538718,0,0,0,0,2,2409.31033288007,0,2.06178853841971,0,0,0,2407.24854434165,0,0,Xinjiang,81.2823470653316,42.6948600900885
3204,135.906693489722,0,0,0,0,3,3812.23934861552,2.06178853841971,0,1402.92901573545,0,0,2407.24854434165,0,0,Xinjiang,81.8836534966805,42.7987245707954
3205,140.483290350261,0,0,0,0,3,3812.23934861552,2.06178853841971,0,1402.92901573545,0,0,0,2407.24854434165,0,Xinjiang,82.4866921532198,42.8999857457083
3206,98.0937792474543,0,0,1,1402.92901573545,2,1404.99080427387,0,0,1402.92901573545,0,0,0,0,2.06178853841971,Xinjiang,83.0914258438093,42.9986312904175
3207,54.8571064264469,0,0,1,1402.92901573545,4,5063.25232004899,3658.26151577512,0,0,1402.92901573545,0,0,0,2.06178853841971,Xinjiang,83.6978166648897,43.0946490811667
3208,37.365956750985,1,1402.92901573545,1,1402.92901573545,2,1960.43131005953,557.502294324077,0,0,0,1402.92901573545,0,0,0,Xinjiang,84.3058260103865,43.1880272044737
3209,69.1601570439876,0,0,1,1402.92901573545,1,1402.92901573545,0,0,0,0,0,1402.92901573545,0,0,Xinjiang,84.9154145823031,43.2787539667034
3210,114.760794354089,0,0,0,0,2,3647.87921471705,0,0,2244.9501989816,0,0,0,1402.92901573545,0,Xinjiang,85.526542402001,43.3668179035759
3211,129.765345598922,0,0,0,0,3,4034.6996888712,0,0,2631.77067313575,0,0,0,1402.92901573545,0,Xinjiang,86.1391688221659,43.4522077895982
3212,79.8081699051544,0,0,1,2244.9501989816,2,2631.77067313575,0,0,2631.77067313575,0,0,0,0,0,Xinjiang,86.7532525394555,43.534912647404
3213,29.9940502235613,1,2244.9501989816,2,2631.77067313575,2,2631.77067313575,0,0,2631.77067313575,0,0,0,0,0,Xinjiang,87.3687516078239,43.6149217569887
3214,20.7350455513531,2,2631.77067313575,2,2631.77067313575,2,2631.77067313575,0,386.820474154149,0,0,0,0,2244.9501989816,0,Xinjiang,87.9856234525174,43.6922246648232
3215,37.0190662981621,1,386.820474154149,2,2631.77067313575,2,2631.77067313575,0,0,0,0,0,0,2244.9501989816,386.820474154149,Xinjiang,88.6038248847333,43.7668111928341
3216,84.5722351524018,0,0,1,386.820474154149,2,2631.77067313575,0,0,0,0,0,0,2631.77067313575,0,Xinjiang,89.223312116934,43.8386714472339
3217,133.919806779117,0,0,0,0,2,2631.77067313575,0,0,0,0,0,0,2631.77067313575,0,Xinjiang,89.8440407788062,43.9077958271876
3218,183.620713256543,0,0,0,0,1,386.820474154149,0,0,0,0,0,0,386.820474154149,0,Xinjiang,90.4659659338556,43.9741750333012
3219,233.449390716546,0,0,0,0,0,0,0,0,0,0,0,0,0,0,Xinjiang,91.0890420966217,44.0378000759168
3220,283.338436706018,0,0,0,0,0,0,0,0,0,0,0,0,0,0,Xinjiang,91.7132232505033,44.0986622832004
3221,333.260740868311,0,0,0,0,0,0,0,0,0,0,0,0,0,0,Xinjiang,92.3384628661771,44.1567533090087
3222,383.203305169959,0,0,0,0,0,0,0,0,0,0,0,0,0,0,Xinjiang,92.9647139205946,44.212065140519
3223,398.544574755708,0,0,0,0,0,0,0,0,0,0,0,0,0,0,Xinjiang,93.5919289165404,44.2645901056113
3224,386.371035403757,0,0,0,0,0,0,0,0,0,0,0,0,0,0,Xinjiang,94.2200599027337,44.3143208799854
3225,242.026148529683,0,0,0,0,0,0,0,0,0,0,0,0,0,0,Inner Mongolia,111.975177801555,44.5546283250588
3226,254.514405261968,0,0,0,0,0,0,0,0,0,0,0,0,0,0,Inner Mongolia,112.607793263888,44.5218833885898
3227,242.447794892881,0,0,0,0,0,0,0,0,0,0,0,0,0,0,Inner Mongolia,113.239790340633,44.4863078311099
3228,192.514415422596,0,0,0,0,1,6623.40722115593,0,0,6623.40722115593,0,0,0,0,0,Inner Mongolia,113.871118796504,44.4479067449582
3229,142.627721858563,0,0,0,0,1,6623.40722115593,0,0,6623.40722115593,0,0,0,0,0,Inner Mongolia,114.501728718715,44.406685606923
3230,92.8629847659418,0,0,1,6623.40722115593,3,7513.73445813762,0,0,6689.53873817035,824.195719967277,0,0,0,0,Inner Mongolia,115.131570539906,44.362650272976
3231,43.6394412969317,1,6623.40722115593,1,6623.40722115593,3,7513.73445813762,0,0,6689.53873817035,824.195719967277,0,0,0,0,Inner Mongolia,115.760595060666,44.3158069726696
3232,13.6113090400037,1,6623.40722115593,1,6623.40722115593,6,8460.70753112363,0,0,946.973072986005,890.327236981694,0,6623.40722115593,0,0,Inner Mongolia,116.388753471611,44.2661623032099
3233,58.8738875127133,0,0,3,7513.73445813762,11,9531.39481043073,0,82.3489320965232,1927.31504165319,74.1278955578062,824.195719967277,0,6623.40722115593,0,Inner Mongolia,117.015997375015,44.2137232232144
3234,55.2541546480743,0,0,5,1837.3003099677,13,10748.2206744638,0,2785.3343265582,238.604672246895,7.9963785433887,268.682355992094,824.195719967277,6623.40722115593,0,Inner Mongolia,117.642278805945,44.1584970461688
3235,40.0140342961197,1,940.972168711362,6,1993.44655866761,14,11458.0683382309,940.972168711362,2980.57387113156,0,22.787840250331,0,890.327236981694,6623.40722115593,0,Inner Mongolia,118.267550252911,44.1004914335938
3236,44.7083785343875,3,244.605576521538,7,2009.66397374972,13,4834.66111707495,2980.57387113156,0,0,14.7914617069423,7.9963785433887,890.327236981694,0,940.972168711362,Inner Mongolia,118.891764677976,44.0397143879353
3237,58.1453610524576,0,0,6,1068.69180503836,13,4028.45390240792,1994.23099818973,0,0,0,40.7763455505789,0,66.1315170144175,1927.31504165319,Inner Mongolia,119.514875536337,43.9761742451912
3238,98.8075245751465,0,0,1,238.604672246895,12,6344.25253671337,897.607041037822,2399.91865662012,0,0,14.7914617069423,7.9963785433887,946.973072986005,2076.96592581909,Inner Mongolia,120.136836795335,43.9098796672885
3239,145.413103994797,0,0,0,0,17,7649.28872909623,0,3483.27613706685,0,221.678711936129,0,22.787840250331,1927.31504165319,1994.23099818973,Inner Mongolia,120.757602952894,43.8408396342232
3240,129.246385588423,0,0,0,0,11,4098.83852493615,3483.27613706685,0,2.96030386404135,291.648479661843,0,0,238.604672246895,82.3489320965232,Inner Mongolia,121.377129055367,43.7690634359798
3241,104.263156747984,0,0,0,0,12,4133.47817631876,3483.27613706685,355.593255726025,2.96030386404135,143.046061296891,148.602418364953,0,0,0,Inner Mongolia,121.995370714763,43.6945606642421
3242,95.9423975345913,0,0,1,2.96030386404135,15,4658.89612813145,1207.45671485528,492.457175687756,267.415101306455,0,291.648479661843,0,0,2399.91865662012,Inner Mongolia,122.61228412537,43.61734120391
3243,48.2936627534048,1,2.96030386404135,1,2.96030386404135,16,4821.26435210466,355.593255726025,260.96315437028,264.454797442413,165.328527837248,69.9697677257143,221.678711936129,0,3483.27613706685,Inner Mongolia,123.227826079726,43.537415224439
3244,21.4385652409833,1,2.96030386404135,3,267.415101306455,15,1346.20436581872,355.593255726025,260.96315437028,253.737771275785,18.9331769475399,165.328527837248,291.648479661843,0,0,Liaoning,123.841953983959,43.4547931710139
3245,35.0919477315627,1,10.7170261666281,3,267.415101306455,17,1503.21474406974,260.96315437028,0,253.737771275785,165.226529031935,173.085250139835,291.648479661843,2.96030386404135,355.593255726025,Jilin,124.45462587246,43.3694857555739
3246,7.24649032733469,1,253.737771275785,2,264.454797442413,19,3332.96007413005,514.700925646065,0,1578.55488870055,820.838643739136,162.368223973207,10.7170261666281,2.96030386404135,242.820062040421,Jilin,125.065800421907,43.2815039477017
3247,50.9366312390781,0,0,1,253.737771275785,19,3323.62165501146,0,0,1564.98080745793,1035.80109479297,32.0932731106125,162.368223973207,267.415101306455,260.96315437028,Jilin,125.675436964602,43.1908589653931
3248,78.0648299849741,0,0,6,1888.92274079113,23,6152.95968374057,0,1032.47869193546,1564.98080745793,2135.78717106854,894.295061465944,0,264.454797442413,260.96315437028,Jilin,126.283495501148,43.0975622657194
3249,29.5510086472299,1,1563.06710763077,6,1888.92274079113,24,6041.05244241456,259.979587980434,774.81279129163,0,3673.9108977965,1054.92416559437,12.9702023092159,264.454797442413,0,Jilin,126.889936712429,43.0016255353988
3250,25.5422501664032,1,1563.06710763077,6,1738.58011389558,22,7563.61850793448,520.298421313911,1540.41776425538,778.78137675861,2110.84379016573,213.88362300116,2399.39353243969,0,0,Jilin,127.494721970914,42.9030606812898
3251,43.9263405685774,1,1.91369982716027,6,3542.65645315861,19,7549.20955491738,2060.71618556929,0,778.78137675861,0,2110.84379016573,1035.80109479297,1563.06710763077,0,Jilin,128.097813351272,42.8018798208208
3252,67.5304054272657,0,0,3,2742.88294121667,21,10607.996929967,1289.35886829946,3505.69776218946,778.78137675861,0,148.655925534826,2272.55571672148,1578.55488870055,1034.39239176262,Jilin,128.699173640297,42.6980952723704
3253,17.5347320206085,1,778.78137675861,1,778.78137675861,25,10853.8076797282,1710.34678363296,3884.15876477989,778.78137675861,0,0,2110.84379016573,1580.46858852771,789.208375863267,Jilin,129.298766346144,42.5917195456098
3254,127.99347045397,0,0,0,0,2,2409.31033288007,0,2.06178853841971,0,0,2407.24854434165,0,0,0,Xinjiang,80.5322699417749,43.019565692556
3255,105.694231231121,0,0,0,0,2,2409.31033288007,0,2.06178853841971,0,0,0,2407.24854434165,0,0,Xinjiang,81.1352256921818,43.1267567114188
3256,86.2333812851046,0,0,1,2.06178853841971,2,2409.31033288007,2.06178853841971,0,0,0,0,2407.24854434165,0,0,Xinjiang,81.739981960809,43.231342956543
3257,93.279802638016,0,0,1,2.06178853841971,3,4505.75002572491,0,3100.75922145104,0,1402.92901573545,0,0,0,2.06178853841971,Xinjiang,82.3465017474477,43.3333115588937
3258,122.335796529531,0,0,0,0,4,5063.25232004899,3100.75922145104,557.502294324077,0,1402.92901573545,0,0,0,2.06178853841971,Xinjiang,82.9547473093122,43.4326498438238
3259,95.5987126870388,0,0,1,1402.92901573545,4,5063.25232004899,3658.26151577512,0,0,1402.92901573545,0,0,0,2.06178853841971,Xinjiang,83.5646801703882,43.5293453411037
3260,86.752674113555,0,0,1,1402.92901573545,3,5061.19053151057,3658.26151577512,0,0,0,1402.92901573545,0,0,0,Xinjiang,84.1762611314973,43.623385794918
3261,104.465013589653,0,0,0,0,3,5061.19053151057,0,0,0,0,0,1402.92901573545,0,3658.26151577512,Xinjiang,84.7894502810767,43.7147591738151
3262,138.923906015921,0,0,0,0,3,4205.38150904113,0,0,2244.9501989816,0,0,1402.92901573545,0,557.502294324077,Xinjiang,85.4042070066755,43.8034536805958
3263,137.542599669214,0,0,0,0,3,4034.6996888712,0,0,2631.77067313575,0,0,1402.92901573545,0,0,Xinjiang,86.0204900071633,43.8894577621255
3264,91.9144482057594,0,0,1,2244.9501989816,2,2631.77067313575,0,0,386.820474154149,2244.9501989816,0,0,0,0,Xinjiang,86.6382573056478,43.9727601190559
3265,54.576229754091,0,0,2,2631.77067313575,2,2631.77067313575,0,0,0,2631.77067313575,0,0,0,0,Xinjiang,87.2574662630981,44.0533497154399
3266,37.0941824438419,1,386.820474154149,2,2631.77067313575,2,2631.77067313575,0,0,0,386.820474154149,0,2244.9501989816,0,0,Xinjiang,87.8780735926651,44.131215788226
3267,46.4546021429601,1,386.820474154149,2,2631.77067313575,2,2631.77067313575,0,0,0,0,0,2631.77067313575,0,0,Xinjiang,88.5000353746949,44.206347856615
3268,89.1071363547628,0,0,1,386.820474154149,2,2631.77067313575,0,0,0,0,0,0,2631.77067313575,0,Xinjiang,89.1233070724226,44.2787357312661
3269,136.828847245123,0,0,0,0,2,2631.77067313575,0,0,0,0,0,0,2631.77067313575,0,Xinjiang,89.7478435483403,44.3483695233335
3270,185.753021852984,0,0,0,0,1,386.820474154149,0,0,0,0,0,0,386.820474154149,0,Xinjiang,90.3735990812261,44.415239653322
3271,235.130255000496,0,0,0,0,0,0,0,0,0,0,0,0,0,0,Xinjiang,91.0005273838209,44.4793368597424
3272,284.724934815486,0,0,0,0,0,0,0,0,0,0,0,0,0,0,Xinjiang,91.6285816211415,44.5406522075546
3273,334.440338767272,0,0,0,0,0,0,0,0,0,0,0,0,0,0,Xinjiang,92.2577144294123,44.5991770963808
3274,384.229608286312,0,0,0,0,0,0,0,0,0,0,0,0,0,0,Xinjiang,92.8878779356011,44.6549032684759
3275,434.067326083107,0,0,0,0,0,0,0,0,0,0,0,0,0,0,Xinjiang,93.5190237775403,44.7078228164389
3276,291.538394451771,0,0,0,0,0,0,0,0,0,0,0,0,0,0,Inner Mongolia,112.020003162401,45.0000596789389
3277,201.684568724304,0,0,0,0,0,0,0,0,0,0,0,0,0,0,Inner Mongolia,113.928011210773,44.8925251760776
3278,154.782208792125,0,0,0,0,1,6623.40722115593,0,0,0,6623.40722115593,0,0,0,0,Inner Mongolia,114.562617068673,44.850991271818
3279,110.627297967735,0,0,0,0,1,6623.40722115593,0,0,0,6623.40722115593,0,0,0,0,Inner Mongolia,115.19644005721,44.8066225696908
3280,74.2917623476044,0,0,1,6623.40722115593,3,7513.73445813762,0,0,0,7513.73445813762,0,0,0,0,Inner Mongolia,115.829430057869,44.7594254925284
3281,61.6452175743496,0,0,1,6623.40722115593,6,8460.70753112363,0,0,946.973072986005,66.1315170144175,7447.60294112321,0,0,0,Inner Mongolia,116.461537354628,44.7094068416821
3282,84.1486764415398,0,0,1,6623.40722115593,11,10537.6734569427,0,0,3023.9389988051,0,890.327236981694,6623.40722115593,0,0,Inner Mongolia,117.09271265624,44.6565737904946
3283,55.7202360971091,0,0,3,946.973072986005,12,11435.2804979805,0,1911.8820660932,2009.66397374972,0,890.327236981694,6623.40722115593,0,0,Inner Mongolia,117.722907118008,44.6009338774584
3284,11.3224552912769,3,946.973072986005,8,3023.9389988051,13,11443.2768765239,0,1994.23099818973,986.342872941832,940.972168711362,7.9963785433887,890.327236981694,6623.40722115593,0,Inner Mongolia,118.352072363036,44.5424949990731
3285,4.19988250088501,7,2009.66397374972,8,3023.9389988051,12,4819.869655368,741.737296420294,1994.23099818973,0,238.604672246895,7.9963785433887,890.327236981694,946.973072986005,0,Inner Mongolia,118.980160502935,44.4812654024158
3286,39.3964029200364,4,1062.69090076371,9,3921.54603984292,12,6395.59259202084,897.607041037822,2399.91865662012,0,0,7.9963785433887,66.1315170144175,1927.31504165319,1096.6239571519,Inner Mongolia,119.607124157963,44.4172536774368
3287,83.9962607786683,0,0,5,2076.96592581909,12,7412.81855545316,0,3483.27613706685,0,0,0,7.9963785433887,1927.31504165319,1994.23099818973,Inner Mongolia,120.232916476577,44.3504687489983
3288,112.909260775934,0,0,0,0,13,7753.69174809189,270.236920542881,3483.27613706685,0,78.6326506392385,0,0,2009.66397374972,1911.8820660932,Inner Mongolia,120.857491154386,44.2809198686675
3289,91.3910969690986,0,0,1,2399.91865662012,16,7035.12107158592,2399.91865662012,1438.95073617276,0,221.678711936129,0,0,2076.96592581909,897.607041037822,Inner Mongolia,121.48080245248,44.208616606281
3290,94.6370120061959,0,0,1,2399.91865662012,12,4133.47817631876,3483.27613706685,355.593255726025,0,2.96030386404135,291.648479661843,0,0,0,Inner Mongolia,122.10280521513,44.1335688412952
3291,98.7171169850704,0,0,1,231.494021317476,15,4923.64304418947,0,1135.04109743011,0,13.6773300306695,291.648479661843,0,0,3483.27613706685,Inner Mongolia,122.723454886836,44.055786753937
3292,82.2206680724142,0,0,5,358.553559590066,16,5177.38081546526,874.077943059829,260.96315437028,253.737771275785,13.6773300306695,213.015829022605,78.6326506392385,0,3483.27613706685,Inner Mongolia,123.342707528714,43.9752808161722
3293,70.7787381977143,0,0,5,506.743520274742,14,2707.49239111943,518.484687333804,260.96315437028,0,264.454797442413,2.96030386404135,221.678711936129,0,1438.95073617276,Jilin,123.960519834212,43.8920617825048
3294,65.4755958023415,0,0,4,528.378255676734,10,1410.67234951748,779.447841704084,0,0,261.953922056697,10.7170261666281,2.96030386404135,0,355.593255726025,Jilin,124.576849144147,43.8061406806241
3295,42.7677732129906,1,253.737771275785,3,525.417951812693,16,3633.06178236068,0,0,1563.06710763077,659.322325212427,261.953922056697,13.6773300306695,0,1135.04109743011,Jilin,125.191653461041,43.7175288019153
3296,66.1143797181787,0,0,1,253.737771275785,20,3448.94514605905,0,520.698408823359,1.91369982716027,2384.98457942259,12.9702023092159,267.415101306455,0,260.96315437028,Jilin,125.80489146277,43.6262376918468
3297,98.7278370241478,0,0,1,1563.06710763077,20,3958.16511281656,0.399987509447803,520.298421313911,514.093970448705,1578.55488870055,819.39989303125,264.454797442413,0,260.96315437028,Jilin,126.416522515504,43.5322791402526
3298,67.2780070673363,0,0,2,1564.98080745793,21,6888.88021371839,0.399987509447803,2058.80248574213,1.91369982716027,3525.25497226167,1040.55514632128,8.2161507809118,253.737771275785,0,Jilin,127.026506685935,43.435665171522
3299,42.9348223437714,1,1.91369982716027,7,2597.45949939339,19,7400.953616892,520.698408823359,1538.50406442822,780.695076585771,1962.1878646309,1950.55003706958,648.318165354171,0,0,Jilin,127.634804752795,43.3364080347139
3300,10.1527890862969,1,1.91369982716027,6,2354.1891833212,22,8694.1740527983,1538.50406442822,684.02298982628,674.425143546356,778.78137675861,2110.84379016573,2386.89827924975,0,520.698408823359,Jilin,128.241378217661,43.2345201936081
3301,57.989303175433,0,0,3,1292.87534720732,27,11255.1895211682,1289.35886829946,1220.43683325743,3084.70984685596,778.78137675861,2110.84379016573,1736.66641406842,1.91369982716027,1032.47869193546,Jilin,128.846189315039,43.1300143167099
3302,53.4109813056774,0,0,1,778.78137675861,22,10932.9342891957,684.02298982628,1473.87406147028,2410.2847033096,0,778.78137675861,1962.1878646309,1564.98080745793,2058.80248574213,Jilin,129.449201021734,43.0229032672217
3303,71.6717324200143,0,0,1,2.06178853841971,3,2416.25999098961,6.94965810953927,2.06178853841971,0,0,0,2407.24854434165,0,0,Xinjiang,80.9863036755901,43.5588751977571
3304,37.4401223343689,1,2.06178853841971,1,2.06178853841971,3,3109.770668099,9.01144664795899,3100.75922145104,0,0,0,0,0,0,Xinjiang,81.5945467831435,43.6641998827404
3305,51.6399873425477,0,0,1,2.06178853841971,5,5070.20197815853,0,3658.26151577512,0,1402.92901573545,0,0,0,9.01144664795899,Xinjiang,82.204585444225,43.766892326887
3306,94.507215730149,0,0,1,2.06178853841971,4,5063.25232004899,0,3658.26151577512,0,1402.92901573545,0,0,2.06178853841971,0,Xinjiang,82.8163813550561,43.866939493112
3307,98.9366218108825,0,0,1,3100.75922145104,4,5063.25232004899,3658.26151577512,0,0,0,1402.92901573545,0,2.06178853841971,0,Xinjiang,83.4298954571033,43.9643285525278
3308,96.1225611511226,0,0,1,557.502294324077,4,5063.25232004899,557.502294324077,0,0,0,1402.92901573545,0,2.06178853841971,3100.75922145104,Xinjiang,84.0450879473032,44.0590468948344
3309,113.789810635914,0,0,0,0,3,5061.19053151057,0,0,0,0,0,1402.92901573545,0,3658.26151577512,Xinjiang,84.6619182890311,44.1510821386662
3310,147.162139311925,0,0,0,0,3,5061.19053151057,0,0,0,0,0,1402.92901573545,0,3658.26151577512,Xinjiang,85.2803452238146,44.240422141879
3311,161.235506415687,0,0,0,0,3,3189.27296745983,0,0,0,2631.77067313575,0,0,0,557.502294324077,Xinjiang,85.900326783788,44.3270550117627
3312,124.608136148191,0,0,0,0,2,2631.77067313575,0,0,0,2631.77067313575,0,0,0,0,Xinjiang,86.5218203048857,44.4109691151643
3313,100.287021391255,0,0,0,0,2,2631.77067313575,0,0,0,386.820474154149,2244.9501989816,0,0,0,Xinjiang,87.1447824407688,44.4921530885034
3314,84.6380361412611,0,0,2,2631.77067313575,2,2631.77067313575,0,0,0,0,2631.77067313575,0,0,0,Xinjiang,87.7691691774798,44.5705958476664
3315,89.1383691287607,0,0,1,386.820474154149,2,2631.77067313575,0,0,0,0,386.820474154149,2244.9501989816,0,0,Xinjiang,88.3949358488164,44.6462865977615
3316,117.165270195643,0,0,0,0,2,2631.77067313575,0,0,0,0,0,2631.77067313575,0,0,Xinjiang,89.0220371524173,44.719214842719
3317,156.55590767871,0,0,0,0,2,2631.77067313575,0,0,0,0,0,2631.77067313575,0,0,Xinjiang,89.6504271665493,44.7893703947204
3318,200.728184165028,0,0,0,0,0,0,0,0,0,0,0,0,0,0,Xinjiang,90.2800593675829,44.8567433834395
3319,247.131251781868,0,0,0,0,0,0,0,0,0,0,0,0,0,0,Xinjiang,90.9108866481456,44.9213242650797
3320,294.713262844338,0,0,0,0,0,0,0,0,0,0,0,0,0,0,Xinjiang,91.5428613359371,44.9831038311912
3321,180.478245987109,0,0,0,0,1,6623.40722115593,0,0,0,6623.40722115593,0,0,0,0,Inner Mongolia,114.624288351295,45.2958157109915
3322,144.406593241606,0,0,0,0,1,6623.40722115593,0,0,0,6623.40722115593,0,0,0,0,Inner Mongolia,115.262142629488,45.2511053764592
3323,118.887051728627,0,0,0,0,1,6623.40722115593,0,0,0,0,6623.40722115593,0,0,0,Inner Mongolia,115.89914782978,45.2035457699208
3324,111.422609760304,0,0,0,0,6,8460.70753112363,0,0,946.973072986005,66.1315170144175,7447.60294112321,0,0,0,Inner Mongolia,116.535253307231,45.1531439050245
3325,120.86507552136,0,0,0,0,11,10537.6734569427,0,0,2082.96683009374,940.972168711362,890.327236981694,6623.40722115593,0,0,Inner Mongolia,117.170408855292,45.0999071783758
3326,81.4359856813472,0,0,1,940.972168711362,12,11435.2804979805,0,0,1994.23099818973,1927.31504165319,890.327236981694,6623.40722115593,0,0,Inner Mongolia,117.804564728244,45.0438433623803
3327,60.458854165409,0,0,8,3023.9389988051,11,10611.0847780133,0,0,1994.23099818973,986.342872941832,1007.10368572578,6623.40722115593,0,0,Inner Mongolia,118.43767166308,44.9849605977731
3328,25.2035883433128,4,1838.3612535722,9,3921.54603984292,10,3987.67755685734,0,897.607041037822,1014.27502505538,82.3489320965232,986.342872941832,1007.10368572578,0,0,Inner Mongolia,119.069680900815,44.9232673858505
3329,25.0547537364067,4,1994.23099818973,8,2980.57387113156,11,6591.70161700592,897.607041037822,270.236920542881,2399.91865662012,0,0,2009.66397374972,1014.27502505538,0,Inner Mongolia,119.700544207212,44.8587725804164
3330,64.2541604036292,0,0,4,1994.23099818973,12,7675.05909745265,270.236920542881,0,3483.27613706685,0,0,1927.31504165319,1096.6239571519,897.607041037822,Inner Mongolia,120.33021389289,44.7914853794631
3331,79.4245699479663,0,0,1,2399.91865662012,11,6734.08692874129,270.236920542881,3483.27613706685,0,0,0,0,2980.57387113156,0,Inner Mongolia,120.958642832807,44.721415316597
3332,43.7274941846699,1,2399.91865662012,2,3483.27613706685,12,6341.94198377238,270.236920542881,3483.27613706685,355.593255726025,0,0,0,2232.83567043662,0,Inner Mongolia,121.585784485093,44.6485722522289
3333,50.1589990322167,0,0,2,3483.27613706685,10,6112.15476456271,1083.35748044673,2112.86134104851,242.820062040421,2.96030386404135,0,0,0,2670.155577163,Jilin,122.211592909229,44.5729663645432
3334,63.539824898104,0,0,6,3838.86939279288,11,6181.51364902935,1481.60346002911,874.077943059829,260.96315437028,2.96030386404135,78.6326506392385,0,0,3483.27613706685,Jilin,122.836022783537,44.4946081402626
3335,32.4419238102743,4,355.593255726025,4,355.593255726025,12,6367.33579583252,1837.19671575513,518.484687333804,260.96315437028,264.454797442413,2.96030386404135,0,2399.91865662012,1083.35748044673,Jilin,123.459029421993,44.4135083652248
3336,55.386347532043,0,0,5,616.556410096304,12,6367.33579583252,2000.08814736291,0,260.96315437028,253.737771275785,13.6773300306695,0,3483.27613706685,355.593255726025,Jilin,124.080568790335,44.3296781147875
3337,22.5762987404519,1,260.96315437028,1,260.96315437028,10,2884.05965876567,260.96315437028,0,0,253.737771275785,10.7170261666281,2.96030386404135,231.494021317476,2124.18738177146,Jilin,124.700597521453,44.243128744077
3338,50.3828340400572,0,0,2,514.700925646065,10,1402.85618624601,0,0.399987509447803,0,0,264.454797442413,2.96030386404135,355.593255726025,779.447841704084,Jilin,125.319072930075,44.1538718780991
3339,97.8119147496334,0,0,1,260.96315437028,20,3728.25482830395,0,74.6889928302046,520.298421313911,1730.81121542327,0,267.415101306455,616.556410096304,518.484687333804,Jilin,125.935953026707,44.0619194017262
3340,113.241227843633,0,0,0,0,19,4761.38517426596,285.928308583392,243.670303581636,1817.44586949711,1578.55488870055,310.367852090582,264.454797442413,260.96315437028,0,Jilin,126.551196530857,43.9672834495779
3341,69.0421842033084,0,0,5,520.698408823359,19,4762.66899339387,298.329141387377,520.298421313911,1538.50406442822,1.91369982716027,1888.92274079113,253.737771275785,260.96315437028,0,Jilin,127.164762883505,43.8699763958108
3342,31.6078352240513,4,520.298421313911,6,1034.39239176262,21,7672.9602989636,483.219749028158,1550.07768914238,933.168185955045,780.695076585771,3851.11060542203,0,0,74.6889928302046,Jilin,127.776612258846,43.7700108438334
3343,11.0616825016384,2,772.899091464469,7,2060.71618556929,18,7751.08928183598,524.181115916081,1710.34678363296,674.425143546356,778.78137675861,1964.10156445806,1578.55488870055,0,520.698408823359,Jilin,128.386705575275,43.667399615961
3344,47.0350937216492,1,512.180270621544,4,1801.13658509831,26,10945.241545907,1026.32379380668,686.692586288263,3884.15876477989,778.78137675861,1962.1878646309,1574.21848019776,772.899091464469,259.979587980434,Heilongjiang,128.995004505642,43.5621557430263
3345,72.9847663043598,0,0,5,2896.95219780086,22,7423.61329934979,276.299460446514,423.657511795484,3884.15876477989,0,778.78137675861,1.91369982716027,1032.47869193546,1026.32379380668,Jilin,129.601471486749,43.4542924539611
3346,38.2981604798227,1,674.425143546356,11,4305.14668011339,23,7695.07365641761,708.382254817045,799.448917923928,674.425143546356,2410.2847033096,778.78137675861,0,1034.39239176262,1289.35886829946,Jilin,130.206069728112,43.3438231653619
3347,12.0372808538187,10,3884.15876477989,11,4305.14668011339,18,7172.86153527654,1038.83474123821,48.0085161692655,0,0,2410.2847033096,778.78137675861,2212.92920797458,684.02298982628,Jilin,130.808763219983,43.2307614710555
3348,64.0500112461993,0,0,1,2.06178853841971,2,9.01144664795899,6.94965810953927,0,2.06178853841971,0,0,0,0,0,Xinjiang,80.835548437077,43.9912456946344
3349,19.1658413059173,1,2.06178853841971,1,2.06178853841971,4,3667.27296242308,0,0,3658.26151577512,2.06178853841971,0,0,0,6.94965810953927,Xinjiang,81.4473159245566,44.0973260145733
3350,40.4011757909318,1,2.06178853841971,1,2.06178853841971,5,4816.4193069167,0,4249.90556594467,557.502294324077,0,0,0,2.06178853841971,6.94965810953927,Xinjiang,82.0609117654397,44.2007592300262
3351,69.3008137731825,0,0,3,3660.32330431354,5,4816.4193069167,1149.14634449362,3658.26151577512,0,0,0,0,2.06178853841971,6.94965810953927,Xinjiang,82.6762970854748,44.3015319286954
3352,48.94105160413,1,3100.75922145104,2,3658.26151577512,5,6212.39866454261,4249.90556594467,557.502294324077,0,0,1402.92901573545,0,2.06178853841971,0,Xinjiang,83.293432233385,44.3996309102709
3353,46.942219100601,1,557.502294324077,2,3658.26151577512,5,6212.39866454261,1706.6486388177,0,0,0,1402.92901573545,0,2.06178853841971,3100.75922145104,Xinjiang,83.9122767912524,44.495043197234
3354,76.8904817021909,0,0,1,557.502294324077,4,6210.33687600419,0,0,0,0,1402.92901573545,0,0,4807.40786026874,Xinjiang,84.5327895856773,44.58775604562
3355,120.916171038871,0,0,0,0,2,3658.26151577512,0,0,0,0,0,0,3658.26151577512,0,Xinjiang,85.1549286997101,44.6777569557251
3356,168.313085234059,0,0,0,0,2,2802.45249330568,0,0,0,2244.9501989816,0,0,557.502294324077,0,Xinjiang,85.778651485556,44.7650336827403
3357,166.150863373281,0,0,0,0,2,2631.77067313575,0,0,0,2631.77067313575,0,0,0,0,Xinjiang,86.4039145780482,44.8495742472958
3358,148.783091999353,0,0,0,0,2,2631.77067313575,0,0,0,386.820474154149,2244.9501989816,0,0,0,Xinjiang,87.0306739088846,44.9313669458992
3359,133.982147887403,0,0,0,0,2,2631.77067313575,0,0,0,0,2631.77067313575,0,0,0,Xinjiang,87.6588847216229,45.0104003612508
3360,136.869527805156,0,0,0,0,2,2631.77067313575,0,0,0,0,386.820474154149,2244.9501989816,0,0,Xinjiang,88.2885015874256,45.0866633724182
3361,156.573686584592,0,0,0,0,2,2631.77067313575,0,0,0,0,0,2631.77067313575,0,0,Xinjiang,88.9194784215463,45.1601451648531
3362,187.875945825367,0,0,0,0,1,386.820474154149,0,0,0,0,0,386.820474154149,0,0,Xinjiang,89.5517685005477,45.2308352402336
3363,226.00757223788,0,0,0,0,0,0,0,0,0,0,0,0,0,0,Xinjiang,90.1853244802378,45.2987234261134
3364,161.337729876802,0,0,0,0,2,7564.37938986729,0,0,0,940.972168711362,6623.40722115593,0,0,0,Inner Mongolia,116.609919266043,45.5974125240514
3365,152.103390935114,0,0,0,0,10,10544.9532609988,0,0,1994.23099818973,1927.31504165319,6623.40722115593,0,0,0,Inner Mongolia,117.24910480992,45.5437620828216
3366,123.121463673322,0,0,0,0,10,10544.9532609988,0,0,1911.8820660932,2009.66397374972,0,6623.40722115593,0,0,Inner Mongolia,117.887271360618,45.4872638473546
3367,88.8157491693017,0,0,3,1096.6239571519,9,3921.54603984292,0,0,897.607041037822,2076.96592581909,946.973072986005,0,0,0,Inner Mongolia,118.524368747699,45.4279262123751
3368,50.720242381107,0,0,5,2735.96829461002,10,4191.7829603858,0,270.236920542881,897.607041037822,1014.27502505538,2009.66397374972,0,0,0,Inner Mongolia,119.16034732086,45.3657579434994
3369,9.98717827124106,1,897.607041037822,4,1994.23099818973,12,7675.05909745265,0,270.236920542881,3483.27613706685,0,1218.56064538124,2702.98539446168,0,0,Inner Mongolia,119.795157971254,45.3007681688131
3370,51.253726424958,0,0,2,1911.8820660932,12,7675.05909745265,0,270.236920542881,3483.27613706685,0,0,3023.9389988051,897.607041037822,0,Inner Mongolia,120.428752152178,45.2329663701713
3371,69.7712222472424,0,0,3,3753.51305760973,12,7488.43030281065,270.236920542881,754.343374069358,3483.27613706685,0,0,1068.69180503836,1911.8820660932,0,Inner Mongolia,121.061081899101,45.1623623742377
3372,21.7222211139206,2,3483.27613706685,2,3483.27613706685,13,8339.28414562395,0,2235.94683409846,1438.95073617276,2399.91865662012,0,0,1994.23099818973,270.236920542881,Inner Mongolia,121.692099849018,45.0889663432787
3373,1.82011841265478,2,3483.27613706685,2,3483.27613706685,10,6863.53783476803,1837.70085451609,1481.60346002911,874.077943059829,0,0,0,2399.91865662012,270.236920542881,Jilin,122.321759259117,45.0127887657303
3374,50.4720368802486,0,0,6,3838.86939279288,12,7127.46129300235,2235.94683409846,518.484687333804,616.556410096304,2.96030386404135,0,0,3483.27613706685,270.236920542881,Jilin,122.950014024736,44.9338404465545
3375,9.60442183831283,4,355.593255726025,5,874.077943059829,12,7167.98585638094,1792.36494395058,518.484687333804,260.96315437028,124.099234408549,234.454325181518,0,3483.27613706685,754.343374069358,Jilin,123.576818696601,44.8521324974032
3376,42.2649523334511,4,355.593255726025,6,1135.04109743011,12,6367.33579583252,518.484687333804,0,0,514.700925646065,13.6773300306695,0,3838.86939279288,1481.60346002911,Jilin,124.202128497339,44.7676763266062
3377,28.3159439500913,1,260.96315437028,6,1135.04109743011,10,2884.05965876567,0,0,0,0,528.378255676734,0,355.593255726025,2000.08814736291,Jilin,124.825899337241,44.6804836290013
3378,53.2027572864129,0,0,1,260.96315437028,11,2955.78834773183,0,74.2890053207568,0.399987509447803,0,264.454797442413,260.96315437028,355.593255726025,2000.08814736291,Jilin,125.448087829285,44.5905663756233
3379,99.2938773739971,0,0,1,260.96315437028,14,2195.40558611264,0,286.32829609284,520.298421313911,0,253.737771275785,0,1135.04109743011,0,Jilin,126.068651303394,44.4979368032687
3380,74.5815182486586,0,0,1,0.399987509447803,15,4451.81536117094,74.2890053207568,239.042137004048,2058.80248574213,1564.98080745793,0,253.737771275785,260.96315437028,0,Jilin,126.687547819934,44.4026074039553
3381,48.184390408494,1,0.399987509447803,5,520.698408823359,16,4462.14274033643,302.360372978765,12.0008452945368,2321.83756023491,1.91369982716027,1563.06710763077,0,260.96315437028,0,Jilin,127.304736182438,44.3045909142894
3382,6.99955853249492,4,520.298421313911,7,2059.20247325158,16,4622.16750129965,239.672225443097,0,1710.34678363296,1032.47869193546,1564.98080745793,0,0,74.6889928302046,Heilongjiang,127.92017594957,44.2039003047628
3383,39.9375235926728,6,2058.80248574213,6,2058.80248574213,18,6075.37402160461,28.0329221804614,263.035074492779,2121.73685268654,778.78137675861,514.093970448705,1823.7859284737,259.579600470986,286.32829609284,Heilongjiang,128.533827446299,44.1005487689896
3384,9.81245775179157,1,1026.32379380668,8,2742.82547556841,27,7934.11579342166,0,550.429413976323,1894.86197680379,3189.06608006821,0,514.093970448705,1547.02220263004,238.6421494946,Heilongjiang,129.145651774312,43.994549712905
3385,34.8572423205455,2,684.02298982628,3,1710.34678363296,25,7707.4744892216,263.035074492779,708.382254817045,799.448917923928,3084.70984685596,778.78137675861,514.093970448705,1547.02220263004,12.0008452945368,Jilin,129.755610821651,43.8859167439363
3386,24.9861779501802,1,420.987915333501,11,2160.56664775855,23,7695.07365641761,284.724743021561,2.66959646198264,799.448917923928,3084.70984685596,778.78137675861,1.91369982716027,2058.80248574213,684.02298982628,Jilin,130.363667271567,43.7746636601656
3387,11.932946796779,8,1473.87406147028,12,4307.81627657537,18,7172.86153527654,287.394339483544,0,0,759.741303726896,3124.41746105299,778.78137675861,1959.49197976173,263.035074492779,Heilongjiang,130.969784610623,43.6608044394964
3388,54.1552505085179,0,0,2,9.01144664795899,3,3109.770668099,6.94965810953927,0,3100.75922145104,2.06178853841971,0,0,0,0,Xinjiang,80.6829266249441,44.4238991448003
3389,65.8247384006647,0,0,2,9.01144664795899,5,4816.4193069167,0,1149.14634449362,3658.26151577512,0,2.06178853841971,0,0,6.94965810953927,Xinjiang,81.2982565814387,44.5307528393272
3390,74.8185920600033,0,0,2,3102.82100998946,5,4816.4193069167,0,1149.14634449362,3658.26151577512,0,0,2.06178853841971,0,6.94965810953927,Xinjiang,81.9154484779769,44.6349442955628
3391,49.0853765024939,1,3100.75922145104,2,3658.26151577512,5,4816.4193069167,0,1149.14634449362,3658.26151577512,0,0,2.06178853841971,6.94965810953927,0,Xinjiang,82.5344628602235,44.7364597126152
3392,1.41348112264919,2,3658.26151577512,2,3658.26151577512,4,4809.46964880716,1149.14634449362,0,557.502294324077,0,0,3102.82100998946,0,0,Xinjiang,83.1552594737741,44.8352855053742
3393,12.9459300912093,1,557.502294324077,2,3658.26151577512,4,4809.46964880716,0,0,0,0,0,0,3660.32330431354,1149.14634449362,Xinjiang,83.7777972746978,44.9314083157493
3394,62.258905774456,0,0,1,557.502294324077,3,4807.40786026874,0,0,0,0,0,0,3658.26151577512,1149.14634449362,Xinjiang,84.4020344408867,45.02481502387
3395,112.181752484701,0,0,0,0,3,4807.40786026874,0,0,0,0,0,0,3658.26151577512,1149.14634449362,Xinjiang,85.0279283842091,45.1154927592337
3396,162.152150256613,0,0,0,0,1,557.502294324077,0,0,0,0,0,0,557.502294324077,0,Xinjiang,85.6554357634674,45.2034289117826
3397,211.388342169201,0,0,0,0,0,0,0,0,0,0,0,0,0,0,Xinjiang,86.2845124981555,45.2886111428926
3398,194.825006234077,0,0,0,0,2,2631.77067313575,0,0,0,0,2631.77067313575,0,0,0,Xinjiang,86.9151137830121,45.371027396256
3399,183.681340215049,0,0,0,0,2,2631.77067313575,0,0,0,0,2631.77067313575,0,0,0,Xinjiang,87.5471941033633,45.4506659086413
3400,185.79797208872,0,0,0,0,1,386.820474154149,0,0,0,0,386.820474154149,0,0,0,Xinjiang,88.1807072512482,45.5275152205097
3401,200.755916777972,0,0,0,0,0,0,0,0,0,0,0,0,0,0,Xinjiang,88.8156063423158,45.6015641864725
3402,207.949380212042,0,0,0,0,0,0,0,0,0,0,0,0,0,0,Xinjiang,89.4518438334861,45.672801985569
3403,207.866959942256,0,0,0,0,0,0,0,0,0,0,0,0,0,0,Xinjiang,90.0893715413594,45.7412181313473
3404,219.48667690932,0,0,0,0,0,0,0,0,0,0,0,0,0,0,Xinjiang,90.7281406613644,45.8068024817302
3405,211.292991359887,0,0,0,0,0,0,0,0,0,0,0,0,0,0,Inner Mongolia,116.685553628698,46.0422529720626
3406,191.47458470285,0,0,0,0,1,940.972168711362,0,0,0,940.972168711362,0,0,0,0,Inner Mongolia,117.328819840776,45.9881784247701
3407,158.559937360095,0,0,0,0,9,3921.54603984292,0,0,897.607041037822,2082.96683009374,940.972168711362,0,0,0,Inner Mongolia,117.971047243313,45.9312348855553
3408,116.377358570482,0,0,0,0,9,3921.54603984292,0,0,0,1994.23099818973,1927.31504165319,0,0,0,Inner Mongolia,118.612184736499,45.8714310134177
3409,77.9159183380931,0,0,1,897.607041037822,10,4191.7829603858,0,0,270.236920542881,897.607041037822,3023.9389988051,0,0,0,Inner Mongolia,119.252181757381,45.8087758489415
3410,59.9840901664207,0,0,1,897.607041037822,13,8306.41783679498,1714.71621978906,270.236920542881,2399.91865662012,0,2974.57296685692,946.973072986005,0,0,Inner Mongolia,119.890988301815,45.7432788054826
3411,75.6365188364153,0,0,2,1167.8439615807,12,7488.43030281065,0,1024.58029461224,1083.35748044673,2399.91865662012,0,2980.57387113156,0,0,Inner Mongolia,120.528554945742,45.6749496600674
3412,48.6981248082418,1,270.236920542881,2,2670.155577163,8,6502.08742986882,270.236920542881,754.343374069358,0,3483.27613706685,0,1994.23099818973,0,0,Inner Mongolia,121.164832865785,45.6037985440208
3413,63.4202786022037,0,0,3,3753.51305760973,11,7761.14487580585,0,2235.94683409846,642.583921742353,1314.85150176421,2399.91865662012,0,897.607041037822,270.236920542881,Inner Mongolia,121.799773859138,45.5298359333424
3414,48.2361663190237,1,1083.35748044673,2,3483.27613706685,14,7213.80279711215,754.343374069358,1831.86842237323,518.484687333804,355.593255726025,1083.35748044673,2399.91865662012,0,270.236920542881,Jilin,122.433330362738,45.4530726388474
3415,69.7914136335276,0,0,7,3439.03888353567,15,7474.76595148243,1104.60833641348,1481.60346002911,518.484687333804,616.556410096304,0,3483.27613706685,270.236920542881,0,Jilin,123.065455471693,45.3735197960926
3416,45.7170940093401,1,518.484687333804,6,2355.68140308894,15,7474.76595148243,1831.86842237323,0,518.484687333804,260.96315437028,355.593255726025,3483.27613706685,270.236920542881,754.343374069358,Jilin,123.696102956969,45.2911888551036
3417,7.10233008233297,1,518.484687333804,7,2616.64455745921,16,7212.56206732646,356.93761322675,1.36038550428691,0,260.96315437028,0,355.593255726025,3483.27613706685,2754.43152143227,Jilin,124.325227282313,45.2060915699233
3418,54.8710625060408,0,0,2,779.447841704084,13,3266.88674209757,8.03303638691033,3.42088773343055,74.2890053207568,0,514.700925646065,355.593255726025,518.484687333804,1792.36494395058,Jilin,124.952783620398,45.1182399879995
3419,90.125672257356,0,0,1,260.96315437028,14,3168.16454894818,8.03303638691033,289.349196316823,0.399987509447803,0,253.737771275785,503.783216410701,631.257881019408,1481.60346002911,Jilin,125.578727868191,45.0276464394297
3420,104.288709737368,0,0,0,0,15,1984.36964354191,4.78127323771746,312.931154815357,259.979587980434,260.718820842925,253.737771275785,260.96315437028,631.257881019408,0,Jilin,126.203016661534,44.9343235260817
3421,57.4563316356326,0,0,3,286.32829609284,15,2638.90813162343,3.42088773343055,313.961230763854,1026.72378131613,1032.47869193546,0,260.96315437028,0,1.36038550428691,Jilin,126.825607388921,44.8382841106075
3422,7.78220147404819,1,0.399987509447803,7,806.626717406751,15,2641.53336606881,285.928308583392,28.0329221804614,1289.75885580891,1034.39239176262,0,0,0,3.42088773343055,Heilongjiang,127.446458204484,44.7395413053689
3423,42.6602305964332,1,0.399987509447803,8,818.627562701287,15,3059.10039366888,28.0329221804614,0,684.02298982628,1538.50406442822,522.212121141071,0,0.399987509447803,285.928308583392,Heilongjiang,128.065528040171,44.6381084612922
3424,64.4084009714221,0,0,9,2334.2383930389,17,3075.03437608459,28.0329221804614,13.2643859537347,686.692586288263,1026.32379380668,514.093970448705,520.298421313911,0.399987509447803,285.928308583392,Heilongjiang,128.682776617117,44.5339991566682
3425,40.4108026971976,1,263.035074492779,3,1710.34678363296,26,4820.3687946227,0,284.724743021561,1025.44597468166,1135.12067307689,1028.23749363384,1032.47869193546,74.6889928302046,239.672225443097,Heilongjiang,129.298164456215,44.427227185916
3426,10.6358308882726,2,684.02298982628,5,1726.28076604868,26,6944.72518934891,0,287.394339483544,0,4305.14668011339,0,2080.48094398989,243.670303581636,28.0329221804614,Heilongjiang,129.91165288788,44.3178065483258
3427,38.8916484383465,1,420.987915333501,8,1722.85773106449,18,6654.79897936086,284.724743021561,2.66959646198264,0,2010.59339448142,1873.56537029846,1959.49197976173,523.753895335704,0,Heilongjiang,130.523204061009,44.2057514367972
3428,39.9106757816571,1,2.66959646198264,12,2182.25631628733,16,5881.89988789639,274.129953529809,0,0,0,3884.15876477989,420.987915333501,1289.35886829946,13.2643859537347,Heilongjiang,131.132780951145,44.0910762265886
3429,4.32674831918113,1,6.94965810953927,1,6.94965810953927,2,9.01144664795899,6.94965810953927,0,0,2.06178853841971,0,0,0,0,Xinjiang,80.5284040917615,44.8568673343033
3430,51.4221016436791,0,0,1,6.94965810953927,5,4816.4193069167,0,1149.14634449362,3658.26151577512,0,2.06178853841971,0,6.94965810953927,0,Xinjiang,81.1473351632869,44.9645127139797
3431,101.339747009196,0,0,0,0,5,4816.4193069167,0,1149.14634449362,557.502294324077,3100.75922145104,2.06178853841971,0,6.94965810953927,0,Xinjiang,81.7681625714381,45.0694804467747
3432,70.8247526162919,0,0,2,4249.90556594467,5,4816.4193069167,0,1149.14634449362,0,3658.26151577512,0,2.06178853841971,6.94965810953927,0,Xinjiang,82.3908462720581,45.1717563291769
3433,51.0761130632633,0,0,3,4807.40786026874,4,4809.46964880716,1149.14634449362,0,0,557.502294324077,3100.75922145104,2.06178853841971,0,0,Xinjiang,83.0153453970714,45.2713263772489
3434,55.9608995439141,0,0,3,4807.40786026874,3,4807.40786026874,0,0,0,0,557.502294324077,3100.75922145104,0,1149.14634449362,Xinjiang,83.6416182651853,45.3681768383197
3435,82.7054805927022,0,0,1,557.502294324077,3,4807.40786026874,0,0,0,0,0,3658.26151577512,0,1149.14634449362,Xinjiang,84.2696223934293,45.4622942026464
3436,124.694710242164,0,0,0,0,3,4807.40786026874,0,0,0,0,0,557.502294324077,3100.75922145104,1149.14634449362,Xinjiang,84.8993145095321,45.5536652150253
3437,171.047785734518,0,0,0,0,1,557.502294324077,0,0,0,0,0,0,557.502294324077,0,Xinjiang,85.5306505651346,45.6422768863352
3438,219.011230869533,0,0,0,0,0,0,0,0,0,0,0,0,0,0,Xinjiang,86.1635857498373,45.7281165049945
3439,242.372444483243,0,0,0,0,0,0,0,0,0,0,0,0,0,0,Xinjiang,86.7980745060754,45.8111716483129
3440,228.09881258983,0,0,0,0,0,0,0,0,0,0,0,0,0,0,Xinjiang,87.4340705448173,45.8914301937195
3441,200.428424085895,0,0,0,0,0,0,0,0,0,0,0,0,0,0,Xinjiang,88.0715268620789,45.9688803298464
3442,173.600925938241,0,0,0,0,5,20587.0027484608,382.518886855593,20204.4838616052,0,0,0,0,0,0,Xinjiang,88.7103957562425,46.0435105674506
3443,158.439293711104,0,0,0,0,5,20587.0027484608,20587.0027484608,0,0,0,0,0,0,0,Xinjiang,89.3506288461725,46.1153097501524
3444,158.331102745911,0,0,0,0,1,20204.4838616052,20204.4838616052,0,0,0,0,0,0,0,Xinjiang,89.9921770901126,46.1842670649729
3445,173.304548127846,0,0,0,0,1,20204.4838616052,0,0,0,0,0,0,0,20204.4838616052,Xinjiang,90.6349908053522,46.2503720526497
3446,228.007972329627,0,0,0,0,0,0,0,0,0,0,0,0,0,0,Inner Mongolia,117.409573766901,46.433197423567
3447,185.781689594217,0,0,0,0,2,1911.8820660932,0,0,0,1911.8820660932,0,0,0,0,Inner Mongolia,118.055913124856,46.3757973091248
3448,148.465608580298,0,0,0,0,6,3708.94721797879,0,1714.71621978906,0,1994.23099818973,0,0,0,0,Inner Mongolia,118.701141290755,46.3155154302513
3449,120.703097200267,0,0,0,0,8,4720.92143494197,0,1714.71621978906,270.236920542881,897.607041037822,1838.3612535722,0,0,0,Inner Mongolia,119.345206767051,46.2523611137314
3450,108.513090268541,0,0,0,0,7,3979.18413852167,1714.71621978906,0,270.236920542881,0,1994.23099818973,0,0,0,Inner Mongolia,119.988058633015,46.1863440697799
3451,58.5296090690509,0,0,1,270.236920542881,10,8216.80364965788,1714.71621978906,0,1024.58029461224,3483.27613706685,0,1994.23099818973,0,0,Inner Mongolia,120.629646566637,46.1174743825151
3452,8.73724876128234,1,270.236920542881,1,270.236920542881,9,9616.05817759046,0,754.343374069358,1751.84038057199,3483.27613706685,0,1911.8820660932,0,1714.71621978906,Inner Mongolia,121.269920865802,46.0457625001528
3453,41.5567550954622,1,270.236920542881,2,1024.58029461224,16,9307.64137060523,0,1104.60833641348,1481.60346002911,1438.95073617276,2399.91865662012,897.607041037822,270.236920542881,1714.71621978906,Jilin,121.90883246873,45.9712192249386
3454,58.0545908891117,0,0,4,3589.54123508808,15,7333.12722877386,754.343374069358,469.589394005834,2000.08814736291,355.593255726025,3483.27613706685,0,270.236920542881,0,Inner Mongolia,122.546332973668,45.8938557028399
3455,45.2623036938513,1,1481.60346002911,2,2235.94683409846,15,7333.12722877386,158.827910084363,1792.36494395058,0,874.077943059829,0,3483.27613706685,270.236920542881,754.343374069358,Jilin,123.182374657812,45.8136834130149
3456,19.9155652628982,1,1481.60346002911,4,3065.19300535374,19,7910.78302707969,469.589394005834,316.692643935551,0,779.447841704084,355.593255726025,3483.27613706685,270.236920542881,2235.94683409846,Jilin,123.816910495446,45.7307141570799
3457,44.8289712053813,1,518.484687333804,2,2000.08814736291,18,5242.75289899432,308.659607548641,10.1584854645383,0,260.96315437028,874.077943059829,1083.35748044673,1481.60346002911,1223.93276807519,Heilongjiang,124.449894175284,45.6449600481931
3458,70.498418899141,0,0,1,518.484687333804,20,4158.26885788887,317.457707508892,45.269251186526,74.2890053207568,0,260.96315437028,874.077943059829,2235.94683409846,350.264962344126,Heilongjiang,125.081280117014,45.5564334999751
3459,108.714061015308,0,0,0,0,21,3615.9647745916,359.306070961987,3.42088773343055,286.32829609284,0,260.96315437028,874.077943059829,1481.60346002911,350.264962344126,Heilongjiang,125.711023487013,45.4651472152855
3460,82.1034560485424,0,0,1,74.2890053207568,17,1407.45601159515,46.0343147598671,1.03007594849637,312.931154815357,259.979587980434,0,260.96315437028,518.484687333804,8.03303638691033,Heilongjiang,126.339080213257,45.3711141748743
3461,34.5703170055334,1,74.2890053207568,3,286.32829609284,17,1149.69014510427,43.9088656822391,301.960385469317,12.0008452945368,520.698408823359,0,260.96315437028,0,10.1584854645383,Heilongjiang,126.96540699939,45.2743476259285
3462,25.4801126491813,2,285.928308583392,5,313.331142324805,16,2665.46129508564,211.639303262635,28.0329221804614,263.035074492779,2058.80248574213,0.399987509447803,0,0,103.551521898181,Heilongjiang,127.589961337961,45.17486107053
3463,39.8774964322617,1,12.0008452945368,6,314.361218273301,16,3081.8897235084,37.3142188191801,12.0008452945368,263.035074492779,1447.31170914018,1032.47869193546,0.399987509447803,74.2890053207568,215.060190996066,Heilongjiang,128.212701522828,45.0726682540473
3464,48.4177628088307,1,12.0008452945368,4,239.672225443097,18,3365.86317525852,22.3122178817518,0,287.394339483544,684.02298982628,1815.53216966995,243.670303581636,285.928308583392,27.002846231965,Heilongjiang,128.833586660725,44.9677831534749
3465,67.4248831276316,0,0,2,275.035919787316,21,4117.30357701318,21.2821419332554,0,287.394339483544,1435.46339158094,1538.50406442822,520.298421313911,286.32829609284,28.0329221804614,Heilongjiang,129.452576681988,44.8602199657413
3466,55.0109333572152,0,0,5,971.417329309824,25,4765.44823140804,0,284.724743021561,2.66959646198264,1473.87406147028,684.02298982628,2058.80248574213,224.04013606662,37.3142188191801,Heilongjiang,130.069632350443,44.7499930960012
3467,29.8673065850181,2,15.9339824157173,5,971.417329309824,18,5908.90273412835,13.2643859537347,271.460357067827,2.66959646198264,799.448917923928,3505.69776218946,1289.35886829946,27.002846231965,0,Heilongjiang,130.684715272468,44.6371171459296
3468,15.0196908487272,1,1149.14634449362,1,1149.14634449362,3,4807.40786026874,1149.14634449362,0,0,0,3658.26151577512,0,0,0,Xinjiang,82.8736574436318,45.7077885691376
3469,51.3400059071859,0,0,1,1149.14634449362,3,4807.40786026874,0,0,0,0,557.502294324077,3100.75922145104,1149.14634449362,0,Xinjiang,83.5037078639692,45.8053843842968
3470,100.229742591255,0,0,0,0,3,4807.40786026874,0,0,0,0,0,3658.26151577512,1149.14634449362,0,Xinjiang,84.1355222287421,45.9002297699623
3471,149.853950209084,0,0,0,0,3,4807.40786026874,0,0,0,0,0,3658.26151577512,1149.14634449362,0,Xinjiang,84.7690565683253,45.9923110716224
3472,192.928406867729,0,0,0,0,2,1706.6486388177,0,0,0,0,0,557.502294324077,1149.14634449362,0,Xinjiang,85.4042661131513,46.0816149065713
3473,209.310985918865,0,0,0,0,0,0,0,0,0,0,0,0,0,0,Xinjiang,86.0411053080501,46.1681281758594
3474,209.809025842067,0,0,0,0,0,0,0,0,0,0,0,0,0,0,Xinjiang,86.6795278274536,46.2518380761395
3475,188.087389406474,0,0,0,0,4,382.518886855593,0,382.518886855593,0,0,0,0,0,0,Xinjiang,87.3194865914575,46.3327321113892
3476,159.649637850326,0,0,0,0,5,20587.0027484608,0,20587.0027484608,0,0,0,0,0,0,Xinjiang,87.9609337827327,46.4107981044878
3477,130.373872181944,0,0,0,0,5,20587.0027484608,382.518886855593,20204.4838616052,0,0,0,0,0,0,Xinjiang,88.603820864278,46.4860242086289
3478,109.375842180873,0,0,0,0,5,20587.0027484608,20587.0027484608,0,0,0,0,0,0,0,Xinjiang,89.2480985980023,46.5583989185463
3479,109.219060414546,0,0,0,0,5,20587.0027484608,20204.4838616052,0,0,0,0,0,0,382.518886855593,Xinjiang,89.8937170641232,46.6279110815339
3480,129.978965463256,0,0,0,0,5,20587.0027484608,0,0,0,0,0,0,0,20587.0027484608,Xinjiang,90.5406256813692,46.6945499082377
3481,99.9911499590604,0,0,2,1714.71621978906,6,4100.34711113901,1918.22812450293,0,0,270.236920542881,1911.8820660932,0,0,0,Inner Mongolia,120.086392999893,46.6300048304873
3482,78.2978115521004,0,0,1,270.236920542881,7,6240.33411677311,1714.71621978906,0,754.343374069358,2670.155577163,897.607041037822,0,0,203.511904713864,Inner Mongolia,120.732051928735,46.5605809367493
3483,52.7368151483722,0,0,1,270.236920542881,8,8601.78315253508,0,0,2235.94683409846,3483.27613706685,270.236920542881,897.607041037822,0,1714.71621978906,Inner Mongolia,121.376371672082,46.4882941585601
3484,66.5717361208062,0,0,2,1024.58029461224,12,8173.76550550309,0,158.827910084363,2546.70831801993,0,3483.27613706685,270.236920542881,0,1714.71621978906,Inner Mongolia,122.01930228949,46.4131556376035
3485,20.7869103613719,1,754.343374069358,2,2235.94683409846,17,7333.13807169325,0,469.600236925228,2235.94683409846,874.077943059829,3483.27613706685,270.236920542881,0,0,Inner Mongolia,122.660794521594,46.3351768684586
3486,30.0020933530828,1,754.343374069358,6,2586.21179644259,21,8269.95235886873,740.817303325319,665.59722077539,0,2000.08814736291,1438.95073617276,2399.91865662012,1024.58029461224,0,Heilongjiang,123.300799809536,46.2543696875872
3487,33.0849036412714,2,1792.36494395058,6,2586.21179644259,22,5873.51953683053,1091.08226566944,317.457707508892,1.36038550428691,518.484687333804,1837.19671575513,1083.35748044673,1024.58029461224,0,Jilin,123.939270313569,46.1707462621137
3488,66.6525652396239,0,0,6,2350.35310970704,24,4824.79715589343,930.152479212252,50.6464634133468,3.42088773343055,0,1135.04109743011,1481.60346002911,754.343374069358,469.589394005834,Heilongjiang,124.576158930838,46.0843190784181
3489,77.7281841871247,0,0,2,8.03303638691033,24,4831.43205146271,315.332258431264,47.394700264154,74.2890053207568,0,260.96315437028,874.077943059829,2235.94683409846,1023.42815591796,Heilongjiang,125.211419312315,45.9951009305635
3490,58.7175161096233,0,0,3,11.4539241203409,17,3260.37151886557,19.4925691910169,27.9021310731371,285.928308583392,0.399987509447803,260.96315437028,518.484687333804,1792.36494395058,354.835736853919,Heilongjiang,125.84500587889,45.9031049085784
3491,59.4738158475838,0,0,3,79.0702785584743,14,1195.57286430252,43.9088656822391,0,239.672225443097,74.6889928302046,0,518.484687333804,0,318.818093013179,Heilongjiang,126.4768738366,45.8083443866136
3492,45.386664718648,1,74.2890053207568,3,289.349196316823,15,628.008169891065,0,0,239.672225443097,334.268593301191,0,0,0,54.0673511467774,Heilongjiang,127.106979190997,45.7108330109951
3493,20.4892007766085,2,285.928308583392,6,317.382118497284,17,1021.08035192696,117.743870142334,22.3122178817518,27.002846231965,211.639303262635,520.698408823359,74.2890053207568,1.36038550428691,46.0343147598671,Heilongjiang,127.735278760643,45.6105846881911
3494,14.9091934265151,4,239.672225443097,5,313.961230763854,17,2803.12692165694,117.743870142334,37.3142188191801,0,1301.359713594,1032.47869193546,286.32829609284,0,27.9021310731371,Heilongjiang,128.361730189745,45.5076135727152
3495,35.4831222528182,3,28.0329221804614,4,239.672225443097,20,3489.16046439251,143.8281397958,0,284.724743021561,684.02298982628,2058.80248574213,12.4008328039846,304.351197254251,1.03007594849637,Heilongjiang,128.986291959907,45.4019340549816
3496,83.7443550247627,0,0,3,28.0329221804614,19,3370.66530297873,26.0842696534655,0,284.724743021561,423.657511795484,1801.539138921,520.698408823359,312.931154815357,1.03007594849637,Heilongjiang,129.608923401015,45.2935607491347
3497,61.1189194176689,0,0,2,284.724743021561,12,2970.42827805049,0,0,284.724743021561,714.402384019613,1710.34678363296,0,239.672225443097,21.2821419332554,Heilongjiang,130.229584701254,45.1825084808675
3498,22.3126413617338,2,284.724743021561,3,287.394339483544,17,2846.50510515415,0,0,271.460357067827,50.6781126312481,1185.6927030419,1289.35886829946,28.0329221804614,21.2821419332554,Heilongjiang,130.848236916255,45.0687922752504
3499,35.018689523029,1,1149.14634449362,1,1149.14634449362,3,4807.40786026874,0,0,0,0,4807.40786026874,0,0,0,Xinjiang,82.730162251853,46.1447081871443
3500,60.3035132415038,0,0,1,1149.14634449362,3,4807.40786026874,0,0,0,0,3658.26151577512,1149.14634449362,0,0,Xinjiang,83.3640333827243,46.2430676652488
3501,105.103371985049,0,0,0,0,3,4807.40786026874,0,0,0,0,557.502294324077,3100.75922145104,1149.14634449362,0,Xinjiang,83.9997019558966,46.3386590351902
3502,153.156533964389,0,0,0,0,2,1706.6486388177,0,0,0,0,0,557.502294324077,1149.14634449362,0,Xinjiang,84.6371232909182,46.4314682277932
3503,174.060444357571,0,0,0,0,1,989.235666398253,0,989.235666398253,0,0,0,0,0,0,Xinjiang,85.2762518826716,46.5214814514943
3504,159.705281028582,0,0,0,0,1,989.235666398253,989.235666398253,0,0,0,0,0,0,0,Xinjiang,85.9170414160117,46.608685204812
3505,160.357460964196,0,0,0,0,5,1371.75455325385,989.235666398253,382.518886855593,0,0,0,0,0,0,Xinjiang,86.559444781304,46.6930662887149
3506,154.028126660688,0,0,0,0,6,21576.2384148591,0,382.518886855593,20204.4838616052,0,0,0,0,989.235666398253,Xinjiang,87.2034140908579,46.7746118188659
3507,117.625697084428,0,0,0,0,5,20587.0027484608,0,20587.0027484608,0,0,0,0,0,0,Xinjiang,87.8489006962453,46.8533092377209
3508,94.1138226235425,0,0,5,20587.0027484608,5,20587.0027484608,382.518886855593,20204.4838616052,0,0,0,0,0,0,Xinjiang,88.4958552064972,46.9291463264595
3509,61.8315446505948,0,0,5,20587.0027484608,5,20587.0027484608,382.518886855593,20204.4838616052,0,0,0,0,0,0,Xinjiang,89.1442275071653,47.002111216727
3510,61.553783140753,0,0,1,20204.4838616052,5,20587.0027484608,0,0,0,0,0,0,0,20587.0027484608,Xinjiang,89.7939667802373,47.0721924021649
3511,93.566000897774,0,0,1,20204.4838616052,5,20587.0027484608,0,0,0,0,0,0,0,20587.0027484608,Xinjiang,90.4450215248893,47.1393787497072
3512,51.5980263273648,0,0,2,1714.71621978906,4,2188.46504504581,1918.22812450293,0,0,270.236920542881,0,0,0,0,Inner Mongolia,120.186016057627,47.0743033237427
3513,57.9908872374603,0,0,2,1714.71621978906,5,2942.80841911517,0,0,754.343374069358,270.236920542881,0,0,0,1918.22812450293,Inner Mongolia,120.835796586491,47.0043110642027
3514,95.2025718365855,0,0,2,1714.71621978906,10,3412.397813121,0,119.324431661708,1104.60833641348,0,270.236920542881,0,0,1918.22812450293,Inner Mongolia,121.484211717838,46.931434751583
3515,83.820199225704,0,0,1,754.343374069358,12,4690.50021135563,0,119.335274581102,350.264962344126,2235.94683409846,270.236920542881,0,1714.71621978906,0,Inner Mongolia,122.131210612328,46.8556858809212
3516,49.9385198162598,1,754.343374069358,5,1104.60833641348,15,6395.33972054659,0,740.817303325319,350.264962344126,2235.94683409846,1083.35748044673,270.236920542881,1714.71621978906,0,Inner Mongolia,122.776743133558,46.7770763096024
3517,46.7889573788545,4,350.264962344126,7,2705.5362281043,15,4431.08296607586,186.978541413193,902.001847883421,317.434134804094,2000.08814736291,0,1024.58029461224,0,0,Inner Mongolia,123.420759868007,46.6956182458351
3518,4.2453077924952,4,350.264962344126,7,2705.5362281043,17,4180.33861472399,780.320781747974,308.659607548641,26.1652200736403,0,2000.08814736291,1065.10485799083,0,0,Heilongjiang,124.063212144118,46.6113242369162
3519,53.3557751692025,0,0,6,665.59722077539,19,4208.24074579713,621.482028744217,333.464442117994,29.262516577424,0,518.484687333804,1481.60346002911,1104.60833641348,119.335274581102,Heilongjiang,124.704052050525,46.5242071573053
3520,37.6046981322057,1,6.67265088262342,4,318.818093013179,20,4282.52975111789,315.332258431264,42.6134270264365,4.78127323771746,74.2890053207568,518.484687333804,1481.60346002911,1104.60833641348,740.817303325319,Heilongjiang,125.3432324534,46.4342801965305
3521,8.76049848617718,1,1.36038550428691,7,362.726958695418,19,3672.17157055968,3.48583458191485,40.4879779488086,3.42088773343055,285.928308583392,0,2000.08814736291,350.264962344126,988.495452005097,Heilongjiang,125.980707012909,46.3415568469494
3522,22.387048102388,2,4.78127323771746,6,54.0673511467774,13,677.088176968719,40.4879779488086,0,31.453809913892,286.32829609284,0,0,8.03303638691033,310.785056626269,Heilongjiang,126.616430198784,46.2460508913837
3523,28.7676302244156,1,3.42088773343055,6,331.197559769918,15,816.114189044309,0,117.743870142334,37.3142188191801,223.640148557172,74.6889928302046,0,11.4539241203409,351.273034575077,Heilongjiang,127.250357304984,46.1477763906517
3524,68.904961109268,0,0,6,317.382118497284,15,512.256709215879,117.743870142334,26.0842696534655,1.03007594849637,27.002846231965,286.32829609284,0,13.5793731979688,40.4879779488086,Heilongjiang,127.88244446346,46.0467476710184
3525,21.9918646956173,2,16.0320768859246,5,260.954367376352,13,503.458609255627,117.743870142334,26.0842696534655,0,1.03007594849637,27.4028337414128,285.928308583392,29.262516577424,16.006734609102,Heilongjiang,128.512648657007,45.9429793115834
3526,34.919773196643,1,1.03007594849637,4,49.3150641137168,14,1022.67642780444,143.8281397958,13.3063644875673,271.460357067827,276.299460446514,0,313.331142324805,4.45096368192692,0,Heilongjiang,129.140927731215,45.836486131628
3527,76.1359088883443,0,0,3,37.3142188191801,13,1021.52514902354,18.1084922077773,0,0,287.394339483544,263.035074492779,312.931154815357,1.03007594849637,139.02601207559,Heilongjiang,129.76724040551,45.7272831779405
3528,91.3308287090162,0,0,2,284.724743021561,15,1570.436335897,13.3063644875673,531.595450265677,0,287.394339483544,684.02298982628,12.0008452945368,16.0320768859246,26.0842696534655,Heilongjiang,130.391546283283,45.6153857121382
3529,59.6018856159464,0,0,2,284.724743021561,22,2422.52132115546,572.258470450762,824.728329560945,0,271.460357067827,699.956972241998,0,28.0329221804614,26.0842696534655,Heilongjiang,131.013805861134,45.500809198007
3530,58.5610359726744,0,0,2,284.724743021561,23,3446.82269235679,794.951898444288,1645.86495818185,0,0,423.657511795484,547.759817514341,21.2821419332554,13.3063644875673,Heilongjiang,131.633980537205,45.3835692888731
3531,91.1394815620894,0,0,1,271.460357067827,19,2728.21119610969,794.951898444288,1645.86495818185,0,0,0,287.394339483544,0,0,Heilongjiang,132.252032618634,45.2636818150285
3532,102.85387580475,0,0,0,0,19,2728.21119610969,1881.86475066295,0,0,0,0,287.394339483544,0,558.952105963194,Heilongjiang,132.867925328126,45.141162771223
3533,98.1694005889142,0,0,1,1149.14634449362,1,1149.14634449362,0,0,0,0,0,1149.14634449362,0,0,Xinjiang,83.2225613194199,46.6812645497744
3534,130.565831308749,0,0,0,0,1,1149.14634449362,0,0,0,0,0,1149.14634449362,0,0,Xinjiang,83.8621287837323,46.7776204957927
3535,163.655087771725,0,0,0,0,2,2138.38201089188,0,989.235666398253,0,0,0,1149.14634449362,0,0,Xinjiang,84.5034826217497,46.8711758011936
3536,130.352315867571,0,0,0,0,1,989.235666398253,0,989.235666398253,0,0,0,0,0,0,Xinjiang,85.1465765781657,46.9619162494819
3537,110.455713978533,0,0,0,0,1,989.235666398253,989.235666398253,0,0,0,0,0,0,0,Xinjiang,85.7913635623203,47.0498279206779
3538,111.39660339963,0,0,0,0,6,5876.39809654773,989.235666398253,4504.64354329388,382.518886855593,0,0,0,0,0,Xinjiang,86.437795664079,47.1348972042361
3539,130.661629989287,0,0,0,0,7,26080.8819581529,4504.64354329388,0,20587.0027484608,0,0,0,0,989.235666398253,Xinjiang,87.0858241706439,47.2171108118409
3540,84.7561346656014,0,0,4,382.518886855593,7,26080.8819581529,4504.64354329388,382.518886855593,20204.4838616052,0,0,0,0,989.235666398253,Xinjiang,87.73539958429,47.296455790056
3541,47.9034776968288,4,382.518886855593,5,20587.0027484608,6,25091.6462917547,4504.64354329388,382.518886855593,20204.4838616052,0,0,0,0,0,Xinjiang,88.3864716410161,47.3729195328045
3542,26.1381899713583,5,20587.0027484608,5,20587.0027484608,5,20587.0027484608,0,0,20204.4838616052,0,0,0,0,382.518886855593,Xinjiang,89.0389893300998,47.4464897936566
3543,25.4741688783057,1,20204.4838616052,5,20587.0027484608,5,20587.0027484608,0,0,0,0,0,0,20204.4838616052,382.518886855593,Xinjiang,89.6929009145429,47.5171546979009
3544,74.9310455358937,0,0,1,20204.4838616052,5,20587.0027484608,0,0,0,0,0,0,20587.0027484608,0,Xinjiang,90.3481539523921,47.5849027543758
3545,162.020609495469,0,0,0,0,1,7742.90195212591,0,7742.90195212591,0,0,0,0,0,0,Inner Mongolia,115.674783240265,47.9310373036717
3546,127.740019717204,0,0,0,0,1,7742.90195212591,0,7742.90195212591,0,0,0,0,0,0,Inner Mongolia,116.336977426365,47.8811005090055
3547,68.0139389384088,0,0,3,1918.22812450293,3,1918.22812450293,203.511904713864,0,1714.71621978906,0,0,0,0,0,Inner Mongolia,119.631659618973,47.586941347464
3548,18.0688287285661,2,1714.71621978906,3,1918.22812450293,4,2188.46504504581,0,0,1714.71621978906,270.236920542881,0,0,0,203.511904713864,Inner Mongolia,120.286953101494,47.5192832364015
3549,32.0479212014297,2,1714.71621978906,2,1714.71621978906,5,2942.80841911517,0,0,0,754.343374069358,270.236920542881,0,1714.71621978906,203.511904713864,Inner Mongolia,120.94090675548,47.4487079301325
3550,82.022289257533,0,0,2,1714.71621978906,9,3101.63632919953,0,0,158.827910084363,754.343374069358,270.236920542881,0,1714.71621978906,203.511904713864,Inner Mongolia,121.59346811763,47.3752269078294
3551,118.691136641721,0,0,0,0,15,5515.49414481371,0,621.482028744217,469.600236925228,2235.94683409846,270.236920542881,0,1918.22812450293,0,Inner Mongolia,122.244585428928,47.298852032575
3552,80.2624108986953,0,0,5,913.171284153721,15,5620.64184764849,0,621.492871663611,467.487517633004,1792.36494395058,754.343374069358,270.236920542881,1714.71621978906,0,Heilongjiang,122.89420765599,47.2195955395381
3553,35.8358994160244,1,119.324431661708,8,1023.42815591796,14,3891.92506007605,0,990.3810052022,315.332258431264,350.264962344126,2235.94683409846,0,0,0,Heilongjiang,123.542284511539,47.1374700239095
3554,29.1155415395179,4,158.827910084363,10,1399.74187321809,19,4454.38355994058,871.056573540492,0,359.306070961987,0,2350.35310970704,754.343374069358,0,119.324431661708,Heilongjiang,124.188766473985,47.0524884286205
3555,45.7483760410653,1,308.659607548641,10,1338.76041434922,20,4457.80444767401,249.563701876881,308.659607548641,54.0673511467774,0,518.484687333804,2586.21179644259,119.324431661708,621.492871663611,Heilongjiang,124.833604806103,46.9646640318686
3556,18.2460410320095,2,315.332258431264,6,359.306070961987,18,3184.97638627085,249.563701876881,0,46.0343147598671,8.03303638691033,0,1792.36494395058,158.827910084363,930.152479212252,Heilongjiang,125.476751572802,46.8740104344726
3557,6.24477071709605,5,50.6464634133468,7,362.726958695418,20,2007.91360578608,18.6123709609463,16.006734609102,26.6066924173345,289.349196316823,1.36038550428691,0,784.932495356492,871.045730621098,Heilongjiang,126.118159657959,46.7805415470813
3558,7.96204702277757,4,46.0343147598671,6,54.0673511467774,14,1354.87150426075,18.6123709609463,117.743870142334,1.03007594849637,304.351197254251,0,1.36038550428691,871.285626501623,40.4879779488086,Heilongjiang,126.757782780333,46.6842715772582
3559,52.8357994166553,0,0,4,46.0343147598671,16,839.128700216018,18.6123709609463,122.545997862545,21.2821419332554,239.672225443097,74.2890053207568,4.78127323771746,357.945685457701,0,Heilongjiang,127.395575508529,46.5852150164644
3560,90.1000462041728,0,0,2,4.45096368192692,16,545.398183869137,0,137.475089064304,21.2821419332554,28.0329221804614,285.928308583392,3.42088773343055,50.6464634133468,18.6123709609463,Heilongjiang,128.031493275029,46.4833866269628
3561,65.5483948599554,0,0,4,155.058088961515,15,685.762622094529,286.376442429775,18.1084922077773,21.2821419332554,0,239.672225443097,74.2890053207568,46.0343147598671,0,Heilongjiang,128.665492389271,46.3788014286652
3562,27.28330272065,1,21.2821419332554,4,42.1163465393901,12,502.710099936145,19.7312189219694,34.5885064208227,0,13.2643859537347,12.0008452945368,301.960385469317,3.42088773343055,117.743870142334,Heilongjiang,129.297530049792,46.2714746859424
3563,36.6262747277295,1,21.2821419332554,2,26.0842696534655,16,1232.43451361898,33.0375834095367,535.973949669193,0,284.724743021561,0,239.672225443097,0,139.02601207559,Heilongjiang,129.927564355418,46.1614218944206
3564,83.2981956198172,0,0,1,21.2821419332554,22,1286.82125499694,17.6848638910834,794.951898444288,0,287.394339483544,0,28.0329221804614,21.2821419332554,137.475089064304,Heilongjiang,130.555554315517,46.0486587677816
3565,106.791256377346,0,0,0,0,23,2476.03501503666,4.37849940351607,814.266862117508,1329.57460394256,0,287.394339483544,0,22.3122178817518,18.1084922077773,Heilongjiang,131.181459859316,45.9332012245878
3566,106.213853163669,0,0,0,0,24,4810.02158277321,799.330397847804,3683.90621130083,0,0,287.394339483544,0,21.2821419332554,18.1084922077773,Heilongjiang,131.805241844288,45.8150653751518
3567,71.63993026061,0,0,1,588.728537079851,22,4783.93731311974,2832.99315156326,1645.86495818185,0,0,2.66959646198264,284.724743021561,0,17.6848638910834,Heilongjiang,132.42686206361,45.6942675084657
3568,52.8660243359519,0,0,6,1645.86495818185,20,4766.25244922866,3683.90621130083,0,0,0,0,287.394339483544,0,794.951898444288,Heilongjiang,133.046283252716,45.5708240792119
3569,143.659140727995,0,0,0,0,1,1149.14634449362,0,0,0,0,1149.14634449362,0,0,0,Xinjiang,83.0792573333229,47.1200141326628
3570,62.4111585583296,0,0,1,989.235666398253,2,5493.87920969213,989.235666398253,4504.64354329388,0,0,0,0,0,0,Xinjiang,85.6640404572219,47.4915980091994
3571,64.0616204217621,0,0,1,989.235666398253,6,5876.39809654773,0,4504.64354329388,382.518886855593,0,0,0,0,989.235666398253,Xinjiang,86.314550011201,47.5773731295671
3572,96.5019673868302,0,0,1,989.235666398253,7,26080.8819581529,4504.64354329388,0,20587.0027484608,0,0,0,0,989.235666398253,Xinjiang,86.9666872156108,47.6602720059417
3573,74.3733830903936,0,0,4,382.518886855593,7,26080.8819581529,4504.64354329388,0,20587.0027484608,0,0,0,0,989.235666398253,Xinjiang,87.6204017047763,47.7402812726743
3574,25.3483909609126,4,382.518886855593,5,20587.0027484608,7,26080.8819581529,0,0,382.518886855593,20204.4838616052,0,0,989.235666398253,4504.64354329388,Xinjiang,88.275642322107,47.8173879203424
3575,27.4532645837258,4,382.518886855593,5,20587.0027484608,6,25091.6462917547,0,0,0,20204.4838616052,0,0,382.518886855593,4504.64354329388,Xinjiang,88.9323571401584,47.8915793086148
3576,50.0899025866746,0,0,5,20587.0027484608,5,20587.0027484608,0,0,0,0,0,20204.4838616052,382.518886855593,0,Xinjiang,89.5904934816231,47.9628431788976
3577,91.8090650630743,0,0,1,7742.90195212591,1,7742.90195212591,0,7742.90195212591,0,0,0,0,0,0,Inner Mongolia,116.413376797544,48.3299110284315
3578,59.1247762263366,0,0,1,7742.90195212591,1,7742.90195212591,0,7742.90195212591,0,0,0,0,0,0,Inner Mongolia,117.07892960576,48.2765390342998
3579,59.6873009933947,0,0,1,7742.90195212591,2,7946.41385683977,0,0,203.511904713864,0,0,0,0,7742.90195212591,Inner Mongolia,117.743393167038,48.2201743692905
3580,92.8946103707577,0,0,1,7742.90195212591,4,9661.13007662884,0,0,1918.22812450293,0,0,0,0,7742.90195212591,Inner Mongolia,118.406710777366,48.1608267374732
3581,71.8203148287016,0,0,1,203.511904713864,4,9661.13007662884,0,0,203.511904713864,1714.71621978906,0,0,0,7742.90195212591,Inner Mongolia,119.06882633731,48.09850629482
3582,25.9106268910734,1,203.511904713864,3,1918.22812450293,4,9661.13007662884,0,203.511904713864,0,1714.71621978906,0,0,7742.90195212591,0,Inner Mongolia,119.729684378216,48.0332236384185
3583,34.4174890090877,1,203.511904713864,3,1918.22812450293,3,1918.22812450293,0,0,0,0,1714.71621978906,0,0,203.511904713864,Inner Mongolia,120.389230087599,47.9649897953147
3584,60.7552096866886,0,0,3,1918.22812450293,3,1918.22812450293,0,0,0,0,0,1714.71621978906,203.511904713864,0,Inner Mongolia,121.047409333709,47.8938162110108
3585,96.9112077408548,0,0,2,1714.71621978906,5,2791.89593023399,0,0,119.324431661708,754.343374069358,0,1714.71621978906,203.511904713864,0,Inner Mongolia,121.704168689237,47.8197147376418
3586,129.213594336103,0,0,0,0,13,3763.65376424173,0,0,740.817303325319,1104.60833641348,0,0,1918.22812450293,0,Inner Mongolia,122.359455454138,47.7426976218558
3587,80.8598172452424,0,0,1,119.324431661708,14,4118.36516895339,0,249.563701876881,1049.47691087396,350.264962344126,754.343374069358,0,1714.71621978906,0,Heilongjiang,123.013217677575,47.6627774924231
3588,37.1546380498794,1,119.324431661708,8,780.320781747974,14,3891.92506007605,0,317.217811628367,869.17102034339,469.589394005834,2235.94683409846,0,0,0,Heilongjiang,123.665404178929,47.5799673475979
3589,8.12828959352612,5,740.817303325319,9,1088.98038929661,18,3935.89887260678,317.217811628367,553.838761912125,351.273034575077,8.03303638691033,1831.86842237323,873.667805731065,0,0,Heilongjiang,124.315964567893,47.49428054226
3590,41.4206038618609,4,862.498369460766,10,1095.65304017924,20,3957.93213130115,249.563701876881,18.6123709609463,40.4879779488086,322.238980746609,1481.60346002911,1104.60833641348,119.335274581102,621.482028744217,Heilongjiang,124.964849263622,47.4057307748587
3591,27.2640014004881,1,308.659607548641,7,887.303204030119,19,2727.37790492624,0,1024.00497868449,16.006734609102,31.3879656550519,6.67265088262342,658.924569892767,673.163193573833,317.217811628367,Heilongjiang,125.612009512917,47.3143320741849
3592,49.1205061892371,2,18.13218368673,6,359.306070961987,23,5670.07322208741,1020.72547121767,2828.23095448567,117.743870142334,43.9088656822391,3.48583458191485,356.93761322675,1049.47691087396,249.563701876881,Heilongjiang,126.25739740746,47.2200987859973
3593,34.1896490262778,2,40.4879779488086,4,46.0343147598671,19,5810.29250855125,1039.33784217862,3419.42726399439,117.743870142334,0,43.9088656822391,10.1584854645383,930.152479212252,249.563701876881,Heilongjiang,126.900965900066,47.1230455595247
3594,70.1088577932519,0,0,3,43.9088656822391,22,5435.91316242098,3453.37249844946,286.376442429775,26.0842696534655,16.0320768859246,289.349196316823,50.6464634133468,308.659607548641,1005.39260772355,Heilongjiang,127.542668819957,47.0231873338694
3595,61.057053270914,0,0,1,117.743870142334,21,5123.92153667276,3573.13074508007,132.672961344094,26.0842696534655,16.0320768859246,297.929153877929,29.262516577424,24.8048345693534,1024.00497868449,Heilongjiang,128.182460887064,46.9205393243361
3596,42.2899583552105,1,117.743870142334,3,143.8281397958,19,4123.80225704987,271.447351228016,33.0375834095367,0,21.2821419332554,313.961230763854,3.42088773343055,42.6134270264365,3438.03963495534,Heilongjiang,128.820297725331,46.8151170087078
3597,35.9052361853118,2,26.0842696534655,3,143.8281397958,12,789.846842055151,234.95813183949,22.4869916112934,0,21.2821419332554,28.0329221804614,211.639303262635,0,271.447351228016,Heilongjiang,129.456135875047,46.7069361134919
3598,43.4314560958341,2,26.0842696534655,3,39.3906341410328,22,1644.61979430463,234.95813183949,117.774041106398,694.862721228974,271.460357067827,0,49.3150641137168,117.743870142334,158.505608805892,Heilongjiang,130.089932804188,46.5960126001591
3599,62.3086183990808,0,0,3,39.3906341410328,22,2080.908390958,233.335405125298,799.330397847804,588.728537079851,271.460357067827,13.2643859537347,16.0320768859246,139.02601207559,19.7312189219694,Heilongjiang,130.721646918783,46.4823626513952
3600,82.3713482566441,0,0,10,572.258470450762,24,4822.28107751299,4.37849940351607,2832.99315156326,1645.86495818185,0,284.724743021561,0,26.0842696534655,28.2354556893267,Heilongjiang,131.351237572303,46.366002657387
3601,61.1455583429135,0,0,11,1383.68043552414,23,4807.35198631123,794.951898444288,2038.04125311898,1645.86495818185,0,284.724743021561,0,26.0842696534655,17.6848638910834,Heilongjiang,131.978665074088,46.2469492021626
3602,48.4579856037641,1,588.728537079851,16,2440.81685662614,21,4781.26771665776,2274.04104560007,316.290354239294,1329.57460394256,0,0,284.724743021561,13.3063644875673,563.33060536671,Heilongjiang,132.60389069681,46.1252190500037
3603,3.27311627036644,5,1348.88956761578,6,1645.86495818185,19,4754.69696621646,2038.04125311898,1057.136421102,0,0,0,271.460357067827,0,1388.05893492766,Heilongjiang,133.226876682989,46.0008291319506
3604,28.2591431778965,1,989.235666398253,1,989.235666398253,6,5876.39809654773,0,4504.64354329388,382.518886855593,0,0,0,989.235666398253,0,Xinjiang,86.1896765728602,48.0205378452772
3605,77.506887897891,0,0,2,5493.87920969213,7,26080.8819581529,0,4504.64354329388,0,20587.0027484608,0,0,989.235666398253,0,Xinjiang,86.8459728439768,48.1041398239566
3606,71.6481735022152,0,0,5,4887.16243014947,7,26080.8819581529,4504.64354329388,0,0,20587.0027484608,0,0,989.235666398253,0,Xinjiang,87.503877568596,48.1848307368127
3607,63.1691275320675,0,0,5,4887.16243014947,7,26080.8819581529,0,0,0,20204.4838616052,382.518886855593,0,989.235666398253,4504.64354329388,Xinjiang,88.1633386774747,48.2625971540815
3608,74.4331661167219,0,0,1,7742.90195212591,1,7742.90195212591,0,0,7742.90195212591,0,0,0,0,0,Inner Mongolia,116.490808225712,48.7795780023916
3609,24.6400274801196,1,7742.90195212591,1,7742.90195212591,1,7742.90195212591,0,0,7742.90195212591,0,0,0,0,0,Inner Mongolia,117.160788501979,48.7257358608486
3610,25.9608491825952,1,7742.90195212591,1,7742.90195212591,2,7946.41385683977,0,0,203.511904713864,0,0,0,7742.90195212591,0,Inner Mongolia,117.829657460469,48.6688761992464
3611,75.7680699658047,0,0,1,7742.90195212591,4,9661.13007662884,0,0,203.511904713864,1714.71621978906,0,0,7742.90195212591,0,Inner Mongolia,118.497357301377,48.6090090472653
3612,77.4270938987945,0,0,1,203.511904713864,4,9661.13007662884,0,0,0,1918.22812450293,0,0,7742.90195212591,0,Inner Mongolia,119.163830849745,48.5461449002912
3613,38.8350078333297,1,203.511904713864,1,203.511904713864,4,9661.13007662884,0,0,0,1918.22812450293,0,0,7742.90195212591,0,Inner Mongolia,119.829021582459,48.4802947080827
3614,44.9595462300747,1,203.511904713864,1,203.511904713864,3,1918.22812450293,0,0,0,0,1714.71621978906,203.511904713864,0,0,Inner Mongolia,120.492873654407,48.4114698630534
3615,86.801864962772,0,0,1,203.511904713864,3,1918.22812450293,0,0,0,0,1714.71621978906,203.511904713864,0,0,Inner Mongolia,121.155331923759,48.339682188196
3616,130.598271185045,0,0,0,0,4,2037.55255616463,0,0,0,119.324431661708,0,1714.71621978906,203.511904713864,0,Inner Mongolia,121.816341976361,48.2649439246753
3617,147.622519972126,0,0,0,0,11,2698.5489062509,0,0,621.492871663611,158.827910084363,0,1714.71621978906,203.511904713864,0,Inner Mongolia,122.47585014921,48.1872677191131
3618,106.253237057026,0,0,0,0,11,2094.98934161568,0,249.563701876881,621.482028744217,469.600236925228,754.343374069358,0,0,0,Inner Mongolia,123.133803552987,48.1066666105964
3619,56.6776820707522,0,0,5,740.817303325319,13,2410.32160004695,0,249.563701876881,621.482028744217,315.343101350658,1223.93276807519,0,0,0,Heilongjiang,123.790150093643,48.0231540174307
3620,11.617611834527,4,621.492871663611,6,990.3810052022,13,1658.10367505522,0,249.563701876881,0,938.939736253109,469.600236925228,0,0,0,Heilongjiang,124.444838493007,47.9367437236691
3621,42.364319091063,2,621.482028744217,6,1179.71618108913,18,2723.95701719281,249.563701876881,1024.00497868449,0,359.306070961987,310.761483921471,712.666671996488,67.6541097514858,0,Heilongjiang,125.097818308414,47.8474498654398
3622,75.426908711881,0,0,4,1179.70533816974,22,5552.32935194508,0,3848.95642570334,0,46.0343147598671,316.692643935551,469.600236925228,621.482028744217,249.563701876881,Heilongjiang,125.749039951334,47.7552869171029
3623,90.035115504237,0,0,4,345.404162196317,20,5929.61694021295,1020.72547121767,3438.03963495534,117.743870142334,43.9088656822391,10.1584854645383,427.984039210348,621.492871663611,249.563701876881,Heilongjiang,126.398454704995,47.6602696772582
3624,70.0465319940889,0,0,3,59.1003489097549,21,7122.64395023745,1039.33784217862,4731.77870568059,117.743870142334,0,45.269251186526,317.457707508892,871.056573540492,0,Heilongjiang,127.04601474099,47.5624132546328
3625,81.5657156061142,0,0,2,136.356241103281,20,6719.72950593419,4593.40808808903,580.83224946769,137.475089064304,21.2821419332554,3.42088773343055,359.306070961987,0,1024.00497868449,Heilongjiang,127.691673134866,47.4617330538732
3626,45.1250815470888,1,117.743870142334,1,117.743870142334,22,7291.33420374868,5158.9074740626,873.887991578309,135.852362350112,22.3122178817518,15.0020009374283,46.0343147598671,0,1039.33784217862,Heilongjiang,128.335383880689,47.3582447612655
3627,9.83614803598046,1,117.743870142334,4,291.178570149985,21,7289.20875467105,2378.41006980703,234.95813183949,18.1084922077773,21.2821419332554,16.0320768859246,161.652735824574,0,4458.76510617301,Heilongjiang,128.977101904584,47.2519643304104
3628,27.5463388247819,1,4.80212772021003,5,172.063595485127,15,5051.6925856132,873.887991578309,0,17.6848638910834,4.80212772021003,37.3142188191801,0,117.743870142334,4000.25951346208,Heilongjiang,129.616783077247,47.1429079678748
3629,29.2025911090402,2,18.1084922077773,4,54.3197253427922,21,2412.21521912567,858.95890037655,4.37849940351607,808.258262931855,0,21.2821419332554,5.8322036687064,117.743870142334,595.761340669449,Heilongjiang,130.25438422544,47.0310921188434
3630,14.4240772226046,1,13.3063644875673,3,22.4869916112934,20,4022.09762791414,220.02904063773,4.37849940351607,2832.99315156326,0,0,21.2821419332554,122.545997862545,820.868796513828,Heilongjiang,130.889863142461,46.9165334527946
3631,51.2930036880469,0,0,12,812.636762335371,23,4757.58537512915,4.37849940351607,2038.04125311898,2440.81685662614,0,0,21.2821419332554,18.1084922077773,234.95813183949,Heilongjiang,131.523178597606,46.7992488492194
3632,12.1931586160825,10,794.951898444288,12,2837.37165096678,23,4757.58537512915,0,2832.99315156326,1057.136421102,588.728537079851,0,21.2821419332554,33.0375834095367,224.407540041246,Heilongjiang,132.154290344618,46.679255383407
3633,31.044881447805,10,794.951898444288,17,4478.85810974512,20,5191.11881621577,2038.04125311898,694.575842579569,1057.136421102,588.728537079851,0,0,444.81263753793,367.824124797441,Heilongjiang,132.78315912915,46.5565703123147
3634,28.4695133358922,6,1645.86495818185,17,4478.85810974512,19,5177.8124517282,694.575842579569,0,296.975390566074,760.161030535929,588.728537079851,0,799.330397847804,2038.04125311898,Heilongjiang,133.409746695232,46.4312110605432
3635,40.0787315620147,1,4504.64354329388,2,5493.87920969213,6,5876.39809654773,0,4504.64354329388,0,382.518886855593,0,989.235666398253,0,0,Xinjiang,86.7236498827298,48.5487602893403
3636,25.1642866025172,1,4504.64354329388,1,4504.64354329388,7,26080.8819581529,0,0,0,20587.0027484608,0,0,989.235666398253,4504.64354329388,Xinjiang,87.3857969154762,48.6301508696184
3637,68.2654957999095,0,0,1,4504.64354329388,7,26080.8819581529,0,0,0,20204.4838616052,382.518886855593,0,5493.87920969213,0,Xinjiang,88.0495313846558,48.7085945695338
3638,87.4739275931111,0,0,1,7742.90195212591,1,7742.90195212591,0,0,0,7742.90195212591,0,0,0,0,Inner Mongolia,116.56929266958,49.2301533034672
3639,52.1394547787482,0,0,1,7742.90195212591,1,7742.90195212591,0,0,0,7742.90195212591,0,0,0,0,Inner Mongolia,117.243758815503,49.1758281929059
3640,52.7764860585134,0,0,1,7742.90195212591,2,7946.41385683977,0,0,0,203.511904713864,0,7742.90195212591,0,0,Inner Mongolia,117.917090975645,49.1184600738311
3641,88.6125962645697,0,0,1,7742.90195212591,2,7946.41385683977,0,0,0,203.511904713864,0,7742.90195212591,0,0,Inner Mongolia,118.589230226592,49.0580593162163
3642,108.773857691706,0,0,0,0,4,9661.13007662884,0,0,0,1918.22812450293,0,0,7742.90195212591,0,Inner Mongolia,119.260118290857,48.994636770081
3643,85.7027133814162,0,0,1,203.511904713864,4,9661.13007662884,0,0,0,1714.71621978906,203.511904713864,0,7742.90195212591,0,Inner Mongolia,119.929697564709,48.9282037535757
3644,88.6462522881862,0,0,1,203.511904713864,3,1918.22812450293,0,0,0,0,1918.22812450293,0,0,0,Inner Mongolia,120.597911145116,48.8587720406678
3645,115.634601259899,0,0,0,0,4,2760.49865452362,0,842.270530020691,0,0,1714.71621978906,203.511904713864,0,0,Inner Mongolia,121.264702855775,48.7863538484563
3646,154.546316592571,0,0,0,0,4,2760.49865452362,842.270530020691,0,0,0,0,1918.22812450293,0,0,Inner Mongolia,121.930017272214,48.7109618241417
3647,166.958865101752,0,0,0,0,8,2036.16343993675,842.270530020691,0,317.217811628367,673.163193573833,0,203.511904713864,0,0,Inner Mongolia,122.593799745926,48.6326090316816
3648,121.646503837498,0,0,0,0,7,1832.65153522289,842.270530020691,0,249.563701876881,740.817303325319,0,0,0,0,Inner Mongolia,123.255996427529,48.5513089381573
3649,81.9785408244949,0,0,2,317.217811628367,10,1338.5440911735,0,0,249.563701876881,930.152479212252,158.827910084363,0,0,0,Inner Mongolia,123.916554288928,48.4670753998835
3650,46.5865138829241,1,249.563701876881,5,871.056573540492,12,2350.60934977967,0,0,1254.95630960043,315.332258431264,780.320781747974,0,0,0,Heilongjiang,124.57542114446,48.3799226482858
3651,12.4157697944017,1,249.563701876881,3,871.045730621098,17,3003.47845553021,0,1621.51715882642,18.6123709609463,18.13218368673,354.835736853919,740.817303325319,0,249.563701876881,Heilongjiang,125.232545671013,48.2898652755775
3652,56.0178489716981,0,0,2,1254.95630960043,20,6515.98772292024,600.79168760875,1127.46932419197,3438.03963495534,40.4879779488086,318.818093013179,740.817303325319,249.563701876881,0,Heilongjiang,125.8878774271,48.196918220261
3653,60.795271545676,0,0,2,1024.00497868449,23,8686.84446902234,730.67220673748,6553.49376573575,172.315852046628,0,50.6464634133468,930.152479212252,249.563701876881,0,Heilongjiang,126.541366870884,48.1010967524842
3654,21.0360252960223,1,18.6123709609463,6,4458.76510617301,24,9171.47724157909,2123.91143123052,5009.20819194677,271.447351228016,0,47.394700264154,315.332258431264,803.391620869612,600.79168760875,Heilongjiang,127.192965377149,48.0024164592767
3655,46.7863620961987,1,18.6123709609463,7,4612.46858725869,22,8466.93176888809,5559.90915964237,1577.43151026863,19.7312189219694,117.743870142334,27.9021310731371,18.13218368673,0,1146.08169515292,Heilongjiang,127.8426252532,47.9008932296955
3656,60.2245618471729,0,0,6,3709.48698618335,21,8586.12246000685,3511.95207940735,1012.66238146223,28.2354556893267,143.8281397958,0,40.4879779488086,18.6123709609463,3830.34405474239,Heilongjiang,128.490299753701,47.7965432399038
3657,48.9063773259384,1,153.703481085682,5,900.987250619654,19,8545.63448205804,942.505849499668,858.95890037655,28.2354556893267,26.0842696534655,117.743870142334,0,1024.00497868449,5548.1011580122,Heilongjiang,129.13594309444,47.6893829382107
3658,16.0382499148286,1,14.9290912017594,6,524.513975275283,16,6570.59024135086,996.599260800939,234.95813183949,4.37849940351607,13.3063644875673,26.0842696534655,117.743870142334,18.6123709609463,5158.9074740626,Heilongjiang,129.779510465034,47.5794290300965
3659,36.9700521530052,1,14.9290912017594,4,253.066624047267,24,6188.28180823368,220.02904063773,0,799.330397847804,13.3063644875673,26.0842696534655,117.743870142334,3434.35635519615,1577.43151026863,Heilongjiang,130.420958040557,47.4666984632474
3660,39.1630448337035,1,13.3063644875673,5,257.445123450783,20,4022.09762791414,0,0,2837.37165096678,0,13.3063644875673,26.0842696534655,286.376442429775,858.95890037655,Heilongjiang,131.06024299212,47.3512084126237
3661,7.89517752452362,1,4.37849940351607,12,812.636762335371,25,5699.91872126298,0,303.403486395002,2594.70989924288,1888.52670990575,0,39.3906341410328,14.9290912017594,858.95890037655,Heilongjiang,131.697323496386,47.2329762655841
3662,33.7228950835855,11,799.330397847804,12,2837.37165096678,24,5734.28256217047,0,997.979328974571,2038.04125311898,1898.30464626358,542.512210362567,0,37.4160828130528,220.02904063773,Heilongjiang,132.332158744052,47.1120196070883
3663,22.862204343378,7,2301.39770129759,15,3153.66200520607,21,5494.52230261077,303.403486395002,2732.61709569855,0,1645.86495818185,0,794.951898444288,17.6848638910834,0,Heilongjiang,132.964708947278,46.9883562049987
3664,34.7326046465527,1,2038.04125311898,15,4047.35183669475,20,5481.2159381232,997.979328974571,0,0,316.290354239294,1329.57460394256,0,799.330397847804,2038.04125311898,Heilongjiang,133.594935346112,46.8620039955011
3665,33.6603902862514,1,4504.64354329388,1,4504.64354329388,6,5876.39809654773,0,0,0,382.518886855593,0,5493.87920969213,0,0,Xinjiang,87.2661286889032,49.0762900970664
3666,121.503414762596,0,0,0,0,1,7742.90195212591,0,0,0,7742.90195212591,0,0,0,0,Inner Mongolia,116.648851656544,49.6816908449785
3667,99.1459254585289,0,0,1,7742.90195212591,1,7742.90195212591,0,0,0,0,7742.90195212591,0,0,0,Inner Mongolia,117.327863217706,49.6268694231557
3668,99.4824068420658,0,0,1,7742.90195212591,1,7742.90195212591,0,0,0,0,7742.90195212591,0,0,0,Inner Mongolia,118.005717507696,49.5689788412294
3669,122.325729129874,0,0,0,0,2,7946.41385683977,0,0,0,203.511904713864,0,7742.90195212591,0,0,Inner Mongolia,118.682354450806,49.5080298250499
3670,150.560782957117,0,0,0,0,2,7946.41385683977,0,0,0,203.511904713864,0,7742.90195212591,0,0,Inner Mongolia,119.35771463919,49.4440335954182
3671,134.83972830165,0,0,0,0,1,203.511904713864,0,0,0,0,203.511904713864,0,0,0,Inner Mongolia,120.031739361552,49.3770018555511
3672,136.729496789332,0,0,0,0,2,1045.78243473456,0,842.270530020691,0,0,203.511904713864,0,0,0,Inner Mongolia,120.704370630903,49.3069467781315
3673,150.418454592339,0,0,0,0,3,1053.49226221651,0,849.980357502644,0,0,0,203.511904713864,0,0,Inner Mongolia,121.375551211367,49.2338809919732
3674,129.202756671408,0,0,0,0,3,1053.49226221651,849.980357502644,0,0,0,0,203.511904713864,0,0,Inner Mongolia,122.04522464401,49.1578175683294
3675,125.542794221873,0,0,0,0,4,1167.19816913101,849.980357502644,0,249.563701876881,67.6541097514858,0,0,0,0,Inner Mongolia,122.71333527166,49.0787700068763
3676,140.814182632939,0,0,0,0,9,3168.01278464345,1327.65142193861,0,249.563701876881,740.817303325319,0,0,0,849.980357502644,Inner Mongolia,123.379828262708,48.9967522214009
3677,102.679293591768,0,0,0,0,9,3168.01278464345,1327.65142193861,0,249.563701876881,621.482028744217,119.335274581102,0,0,849.980357502644,Inner Mongolia,124.044649633866,48.9117785252242
3678,59.3875862140351,0,0,1,249.563701876881,10,4232.87633002175,1327.65142193861,600.79168760875,1005.39260772355,558.223309425521,740.817303325319,0,0,0,Heilongjiang,124.70774627186,48.8238636163894
3679,38.8681548334048,1,249.563701876881,1,249.563701876881,14,3084.06747782959,0,745.689022900135,1039.33784217862,0,1179.71618108913,119.324431661708,0,0,Heilongjiang,125.369065954051,48.7330225626459
3680,67.0416402244166,0,0,2,1254.95630960043,18,8497.51134068597,615.808503771405,2243.22154965242,4458.76510617301,0,308.659607548641,871.056573540492,0,0,Heilongjiang,126.028557367967,48.639270786259
3681,30.5406861728449,1,1005.39260772355,3,1039.33784217862,22,9124.95037323055,745.689022900135,2132.67809298767,5005.65212118563,18.6123709609463,351.273034575077,621.482028744217,249.563701876881,0,Heilongjiang,126.686170129741,48.5426240486736
3682,20.636166180706,3,1039.33784217862,6,4458.76510617301,20,8668.09655906453,160.230198785504,2902.14339893768,3573.13074508007,117.743870142334,59.1003489097549,0,1254.95630960043,600.79168760875,Heilongjiang,127.341854801444,48.443098435063
3683,17.930877698244,3,3419.42726399439,8,5771.1165478592,20,9047.91056478852,2117.34522949355,1394.6068499138,3617.18101555098,117.743870142334,16.006734609102,18.6123709609463,1005.39260772355,761.021886394255,Heilongjiang,127.995562907301,48.3407103387902
3684,27.7132593402037,4,3573.13074508007,7,5177.51984502354,19,8640.92649476595,1162.65215957038,1423.72802918295,388.661612925171,4.80212772021003,117.743870142334,0,3848.95642570334,1694.38226952157,Heilongjiang,128.647246948807,48.2354764458091
3685,12.9454567741978,1,153.703481085682,7,4654.11846440266,19,8545.63448205804,784.798169444128,638.929859738819,220.02904063773,33.0375834095367,139.02601207559,0,4612.46858725869,2117.34522949355,Heilongjiang,129.296860418716,48.1274137190347
3686,44.2481068321329,1,14.9290912017594,5,1454.720241046,19,7544.62037373801,996.599260800939,220.02904063773,4.37849940351607,13.3063644875673,41.0133608552249,117.743870142334,3607.07597953514,2544.47399787556,Heilongjiang,129.944357813927,48.0165393827071
3687,29.9245515170795,1,220.02904063773,4,887.194356065876,25,7346.9297688342,220.02904063773,0,0,812.636762335371,26.0842696534655,132.672961344094,3573.13074508007,2582.37598978347,Heilongjiang,130.589694647256,47.9028709067759
3688,49.9369144916247,1,4.37849940351607,1,4.37849940351607,19,4727.34746372744,0,303.403486395002,2732.61709569855,794.951898444288,4.37849940351607,18.1084922077773,873.887991578309,0,Heilongjiang,131.873713822042,47.6672225510979
3689,64.8626776184688,0,0,12,2837.37165096678,23,5729.48043445026,0,997.979328974571,0,3683.90621130083,794.951898444288,17.6848638910834,234.95813183949,0,Heilongjiang,132.512312359266,47.5452787000345
3690,40.4257567131109,1,2038.04125311898,11,2832.99315156326,21,5494.52230261077,303.403486395002,694.575842579569,0,3095.17767422098,824.728329560945,576.636969854278,0,0,Heilongjiang,133.148582742041,47.4206127360307
3691,48.1447322552287,1,2038.04125311898,2,2732.61709569855,20,5481.2159381232,303.403486395002,694.575842579569,0,0,1645.86495818185,2832.99315156326,4.37849940351607,0,Heilongjiang,133.782485701028,47.2932431257514
3692,164.54475317543,0,0,0,0,1,7742.90195212591,0,0,0,0,0,7742.90195212591,0,0,Inner Mongolia,118.776755545863,49.9589749307676
3693,192.722107018404,0,0,0,0,2,7946.41385683977,0,0,0,0,203.511904713864,7742.90195212591,0,0,Inner Mongolia,119.456646574289,49.8943891087197
3694,184.44118188731,0,0,0,0,2,1045.78243473456,0,0,842.270530020691,0,203.511904713864,0,0,0,Inner Mongolia,120.135174736618,49.8267420996584
3695,153.629589086748,0,0,0,0,3,1053.49226221651,0,849.980357502644,0,0,203.511904713864,0,0,0,Inner Mongolia,120.812280935094,49.7560464931929
3696,112.559724113499,0,0,0,0,2,849.980357502644,0,849.980357502644,0,0,0,0,0,0,Inner Mongolia,121.487906848437,49.6823153485296
3697,82.0812545107258,0,0,1,842.270530020691,2,849.980357502644,7.7098274819525,842.270530020691,0,0,0,0,0,0,Inner Mongolia,122.161994958422,49.6055621800762
3698,76.1903746650586,0,0,1,842.270530020691,3,2177.63177944125,849.980357502644,1327.65142193861,0,0,0,0,0,0,Inner Mongolia,122.83448857541,49.5258009427102
3699,99.361028784659,0,0,1,842.270530020691,5,2494.84959106962,0,1327.65142193861,0,317.217811628367,0,0,0,849.980357502644,Inner Mongolia,123.505331862809,49.4430460167437
3700,129.998536349719,0,0,0,0,7,3649.4691976711,1327.65142193861,0,600.79168760875,249.563701876881,621.482028744217,0,0,849.980357502644,Inner Mongolia,124.174469860438,49.3573121926178
3701,99.4156301438231,0,0,1,249.563701876881,13,5264.39296248468,1815.41106697229,615.808503771405,1112.13646069785,249.563701876881,621.492871663611,0,0,849.980357502644,Inner Mongolia,124.841848506789,49.268614655358
3702,88.6978893814165,0,0,2,850.355389485631,15,4473.59723563877,487.759645033683,747.791752947371,1020.72547121767,18.6123709609463,871.056573540492,0,0,1327.65142193861,Heilongjiang,125.507414660161,49.1769689688233
3703,65.9868600205713,0,0,3,1712.9281483066,18,10006.3546872375,504.879191243574,730.67220673748,5548.1011580122,1024.00497868449,0,871.045730621098,0,1327.65142193861,Heilongjiang,126.171116118662,49.0823910597814
3704,53.8325987181132,0,0,6,1770.01004891609,17,8154.2980399585,724.655086792944,981.833935047461,5174.24033755672,1024.00497868449,0,249.563701876881,0,0,Heilongjiang,126.832901639062,48.9848972018393
3705,15.4123638984617,2,1020.72547121767,11,7302.77834343418,18,8511.96744102062,25.2393962016642,958.697268893034,2097.14961113033,3419.42726399439,33.9452344550666,1254.95630960043,0,722.552356745707,Heilongjiang,127.492720954493,48.8845039992638
3706,39.5462790341804,5,4593.40808808903,11,7026.37577020299,20,9034.00656022665,954.693069923176,1520.3215606325,1066.05862812083,896.185122899444,2809.61858352472,1024.00497868449,15.3328634941203,747.791752947371,Heilongjiang,128.150524790996,48.7812283707183
3707,32.3312609702058,3,2195.58540945219,10,6490.60700751187,20,9251.93287081714,4.00419896985856,357.66940106212,1286.08766875856,168.632572287441,117.743870142334,3438.03963495534,1621.51715882642,2258.23836581508,Heilongjiang,128.806264882898,48.6750875329488
3708,20.526154762588,1,427.128768382008,8,6155.50673486354,20,8654.23285925352,357.66940106212,0,858.95890037655,33.0375834095367,271.447351228016,3438.03963495534,2286.11728479249,1408.96270342947,Heilongjiang,129.459893987039,48.5660989844462
3709,6.13633460840061,1,638.929859738819,6,1812.38964210812,17,7504.72586084381,0,638.929859738819,220.02904063773,17.6848638910834,137.475089064304,153.703481085682,5975.22992639421,361.673600031978,Heilongjiang,130.111365895829,48.4542804891132
3710,20.0765937345048,2,858.95890037655,3,873.887991578309,15,6534.69992742651,0,0,0,4.37849940351607,253.066624047267,271.447351228016,5644.13385271574,361.673600031978,Heilongjiang,130.760635449158,48.3396500599639
3711,57.7173838239374,0,0,3,3036.02058209355,19,4892.48740104335,0,303.403486395002,694.575842579569,1057.136421102,2832.99315156326,4.37849940351607,0,0,Heilongjiang,133.334824137906,47.8533770773242
3712,37.6761369781345,1,694.575842579569,3,3036.02058209355,20,5481.2159381232,0,694.575842579569,0,0,3683.90621130083,799.330397847804,0,303.403486395002,Heilongjiang,133.972441863398,47.7249647615629
3713,27.9603980390218,1,694.575842579569,2,997.979328974571,17,4703.30768485003,0,0,0,0,1057.136421102,2648.19193477346,0,997.979328974571,Heilongjiang,134.607608792953,47.5938529189907
3714,172.442377358426,0,0,0,0,1,1237.73421055936,1237.73421055936,0,0,0,0,0,0,0,Inner Mongolia,119.556941500326,50.3457592172998
3715,167.152858011246,0,0,0,0,3,2087.71456806201,1237.73421055936,0,849.980357502644,0,0,0,0,0,Inner Mongolia,120.240032204978,50.2774797074618
3716,136.550469254152,0,0,0,0,4,3176.41063231442,1237.73421055936,1088.69606425241,849.980357502644,0,0,0,0,0,Inner Mongolia,120.92167165829,50.2061256994382
3717,87.8275099446022,0,0,1,842.270530020691,5,4840.39846320558,2752.68389514357,7.7098274819525,842.270530020691,0,0,0,0,1237.73421055936,Inner Mongolia,121.601800426992,50.1317107026571
3718,42.2055962240048,1,842.270530020691,2,849.980357502644,5,4930.31567458482,2752.68389514357,2177.63177944125,0,0,0,0,0,0,Inner Mongolia,122.280359908034,50.0542486949511
3719,29.136801508876,1,842.270530020691,2,849.980357502644,5,4930.31567458482,2760.39372262552,1327.65142193861,0,0,0,0,0,842.270530020691,Inner Mongolia,122.957292354851,49.9737541070632
3720,70.1184287596026,0,0,2,849.980357502644,6,5418.0753196185,0,1815.41106697229,0,0,0,0,842.270530020691,2760.39372262552,Inner Mongolia,123.632540902491,49.8902418068425
3721,83.1695813807782,0,0,1,1327.65142193861,8,5833.98324040863,3630.87103222401,487.759645033683,615.808503771405,249.563701876881,0,0,842.270530020691,7.7098274819525,Inner Mongolia,124.306049591621,49.803727083163
3722,91.7539980525038,0,0,1,1327.65142193861,11,5965.96648958459,2790.97925531909,2.10273004723679,745.689022900135,0,249.563701876881,0,849.980357502644,1327.65142193861,Inner Mongolia,124.977763391362,49.7142256295998
3723,78.2283253938848,0,0,1,600.79168760875,11,6136.71160329962,2790.97925531909,17.1195462098917,746.0050702316,1005.39260772355,249.563701876881,0,0,1327.65142193861,Heilongjiang,125.647628220951,49.6217535278979
3724,29.3299903891289,1,600.79168760875,4,745.689022900135,17,9388.8768574631,487.759645033683,17.1195462098917,2848.01743623103,4458.76510617301,249.563701876881,0,0,1327.65142193861,Heilongjiang,126.315590970218,49.5263272312675
3725,24.5117477655341,2,707.535540583052,6,1766.4144941178,17,8488.3542039065,17.1195462098917,129.880519128729,2544.47399787556,3453.37249844946,1005.39260772355,249.563701876881,0,1088.55133264243,Heilongjiang,126.981599518867,49.4279635475379
3726,31.1063327407911,2,129.880519128729,9,3883.75972361136,18,8750.16338417742,23.1366661544274,0,2902.14339893768,3573.13074508007,1039.33784217862,0,600.79168760875,611.623044217876,Heilongjiang,127.645602754551,49.3266796222049
3727,10.7565759675602,3,2117.34522949355,10,6109.1146444928,18,8901.33359888255,954.693069923176,4.00419896985856,996.599260800939,1739.48021006821,3438.03963495534,1020.72547121767,707.535540583052,40.2562123643191,Heilongjiang,128.307550589741,49.2224929214027
3728,31.4719204387064,2,1162.65215957038,8,6321.57066293207,20,9136.29173072204,0,0,357.66940106212,1301.01675996032,3573.13074508007,2197.98580277913,1700.38209282331,6.10692901709535,Heilongjiang,128.967393977378,49.1154212148316
3729,9.05102128757511,2,784.798169444128,5,2586.38018875332,17,8518.3804969034,0,0,357.66940106212,873.887991578309,153.703481085682,4885.89387455501,2243.22154965242,4.00419896985856,Heilongjiang,129.625084925324,49.0054825586736
3730,22.6972448977485,2,997.979328974571,2,997.979328974571,4,3272.02037457464,0,0,0,694.575842579569,2274.04104560007,0,303.403486395002,0,Heilongjiang,134.164849004942,48.1572064017195
3731,124.643118798763,0,0,0,0,1,1237.73421055936,1237.73421055936,0,0,0,0,0,0,0,Inner Mongolia,119.658627570674,50.7982021477272
3732,117.216088896475,0,0,0,0,4,3176.41063231442,1237.73421055936,1088.69606425241,849.980357502644,0,0,0,0,0,Inner Mongolia,120.34634105852,50.7292721777387
3733,130.166493109746,0,0,0,0,5,4840.39846320558,0,2752.68389514357,849.980357502644,0,0,0,0,1237.73421055936,Inner Mongolia,121.032573204497,50.6572411444594
3734,83.6202352973766,0,0,2,849.980357502644,6,5509.51790499386,1757.8155060407,1663.98783089116,849.980357502644,0,0,0,0,1237.73421055936,Inner Mongolia,121.717263435983,50.5821230286107
3735,33.8648382803171,2,849.980357502644,2,849.980357502644,6,6168.04988514418,2752.68389514357,0,1335.36124942056,842.270530020691,0,0,0,1237.73421055936,Inner Mongolia,122.400352038842,50.503932292979
3736,17.3583061474911,2,849.980357502644,2,849.980357502644,6,7233.53528487023,1663.98783089116,2303.21961028541,1327.65142193861,0,0,842.270530020691,7.7098274819525,1088.69606425241,Inner Mongolia,123.081780184435,50.4226838661103
3737,66.7517364033738,0,0,3,2177.63177944125,7,7721.29492990391,0,4118.6306772577,0,0,0,0,849.980357502644,2752.68389514357,Inner Mongolia,123.761489955456,50.3383931256855
3738,34.0640933642131,1,1327.65142193861,1,1327.65142193861,10,9384.79419955204,3630.87103222401,1535.4504109104,615.808503771405,0,0,0,849.980357502644,2752.68389514357,Inner Mongolia,124.439424370579,50.2510758816135
3739,51.5943732231724,0,0,2,1815.41106697229,12,7013.65725546131,3350.91037616213,487.759645033683,747.791752947371,0,249.563701876881,0,849.980357502644,1327.65142193861,Inner Mongolia,125.115527407887,50.1607483588791
3740,77.7465878312865,0,0,4,2431.2195707437,12,7184.40236917634,1535.4504109104,2.10273004723679,144.897335291384,1621.51715882642,249.563701876881,0,1327.65142193861,2303.21961028541,Heilongjiang,125.789744027076,50.0674271801814
3741,41.985590404094,2,615.808503771405,6,1235.55139798105,15,9301.74759866989,0,2.10273004723679,2155.49871181063,1728.26101180072,249.563701876881,0,1327.65142193861,3838.67002119581,Heilongjiang,126.462020190418,49.9711293484013
3742,8.14376446738777,4,745.689022900135,5,747.791752947371,16,9139.31315558622,2.10273004723679,0,958.697268893034,4723.28860721776,1024.00497868449,600.79168760875,1342.66823810126,487.759645033683,Heilongjiang,127.132302882474,49.8718722289311
3743,67.3731775341514,0,0,1,1237.73421055936,6,5509.51790499386,1237.73421055936,3421.80333693185,849.980357502644,0,0,0,0,0,Inner Mongolia,120.45413139235,51.1821794391867
3744,87.9934627307406,0,0,1,1237.73421055936,7,6342.01041701545,669.119441788285,3585.17640716516,7.7098274819525,842.270530020691,0,0,0,1237.73421055936,Inner Mongolia,121.145016808306,51.109451959126
3745,83.0169722231879,0,0,2,1096.40589173437,7,6342.01041701545,1501.61195380988,2752.68389514357,0,849.980357502644,0,0,0,1237.73421055936,Inner Mongolia,121.834328221216,51.033610636136
3746,55.8718896642509,0,0,4,3602.66425264621,8,7669.66183895406,4254.29584895345,0,1327.65142193861,849.980357502644,0,0,0,1237.73421055936,Inner Mongolia,122.522004778839,50.9546704408448
3747,47.7090303319319,1,7.7098274819525,4,3602.66425264621,8,8735.14723868011,2496.48034291275,2303.21961028541,1327.65142193861,0,849.980357502644,0,0,1757.8155060407,Inner Mongolia,123.207986544621,50.8726468229112
3748,62.4654204726775,0,0,2,1335.36124942056,9,9601.47820780223,0,3350.91037616213,1815.41106697229,0,0,849.980357502644,0,3585.17640716516,Inner Mongolia,123.892214524256,50.787555693525
3749,20.0884455942901,1,1327.65142193861,2,3630.87103222401,12,12135.0145486921,2748.11761909282,3350.91037616213,504.879191243574,1928.44310954736,0,842.270530020691,7.7098274819525,2752.68389514357,Inner Mongolia,124.57463069099,50.6994134076207
3750,43.6481676358252,1,1327.65142193861,3,4118.6306772577,12,11153.062337414,6099.02799525495,487.759645033683,17.1195462098917,707.535540583052,0,2169.9219519593,7.7098274819525,1663.98783089116,Inner Mongolia,125.255178009662,50.6082367458425
3751,27.7584084707292,1,487.759645033683,4,4120.73340730493,10,8662.23081517461,4283.56803000323,0,2.10273004723679,745.689022900135,0,0,1327.65142193861,2303.21961028541,Heilongjiang,125.933800459464,50.5140428963009
3752,50.4460433866239,0,0,4,1105.67087885232,13,9636.26094756177,0,0,6.10692901709535,1114.92326870868,600.79168760875,0,1327.65142193861,6586.78764028863,Heilongjiang,126.610443055395,50.4168494361589
3753,11.0781328828733,2,17.1195462098917,5,747.791752947371,14,9052.18389679301,2.10273004723679,0,0,2140.48189564798,1743.27782796338,0,1815.41106697229,3350.91037616213,Heilongjiang,127.285051868419,50.3166743130869
3754,18.4032227044113,1,1237.73421055936,1,1237.73421055936,5,5492.03005951281,1237.73421055936,1501.61195380988,2752.68389514357,0,0,0,0,0,Inner Mongolia,120.563434132271,51.6362640156925
3755,59.5179219916964,0,0,2,2326.43027481178,7,6342.01041701545,0,1501.61195380988,2752.68389514357,849.980357502644,0,0,1237.73421055936,0,Inner Mongolia,121.25903456318,51.5628198190748
3756,49.6913853154697,1,1088.69606425241,3,3421.80333693185,7,6342.01041701545,669.119441788285,1921.18857627401,1663.98783089116,849.980357502644,0,0,1237.73421055936,0,Inner Mongolia,121.953028014385,51.4862343281079
3757,19.6746935637166,2,2752.68389514357,2,2752.68389514357,9,9972.88144923947,1921.18857627401,1663.98783089116,2303.21961028541,1327.65142193861,849.980357502644,0,1237.73421055936,669.119441788285,Inner Mongolia,122.645352467751,51.4065230456173
3758,40.2892520732319,1,1663.98783089116,3,2760.39372262552,9,9782.83800455683,0,0,3350.91037616213,1327.65142193861,849.980357502644,0,1088.69606425241,3165.59978470104,Heilongjiang,123.33594685225,51.3237019671657
3759,83.6405705624443,0,0,3,5294.85886311517,11,13018.7152686833,0,3795.80838496955,2790.97925531909,1327.65142193861,0,849.980357502644,2752.68389514357,1501.61195380988,Inner Mongolia,124.024751071259,51.2377875626202
3760,51.2611848753921,0,0,2,3630.87103222401,10,12349.5958268951,0,6099.02799525495,487.759645033683,0,1327.65142193861,849.980357502644,2752.68389514357,832.492512021594,Inner Mongolia,124.711706028555,51.1487967574276
3761,28.4648966167604,1,2303.21961028541,4,5166.32144313442,10,10204.047954419,5051.33722937823,1047.69076587672,2.10273004723679,1103.56814880509,0,1335.36124942056,1663.98783089116,0,Inner Mongolia,125.396753652978,51.0567469136393
3762,22.2828759869287,1,487.759645033683,3,3838.67002119581,10,8662.23081517461,3795.80838496955,0,2.10273004723679,745.689022900135,487.759645033683,1327.65142193861,0,2303.21961028541,Heilongjiang,126.079836921752,50.9616558107279
3763,55.6554514192925,0,0,3,1537.55314095764,10,8662.23081517461,0,0,0,147.000065338621,600.79168760875,1815.41106697229,2303.21961028541,3795.80838496955,Heilongjiang,126.760899882451,50.8635416262377
3764,65.8932211465839,0,0,2,1906.85365234765,6,5499.73988699476,0,1501.61195380988,2752.68389514357,7.7098274819525,0,1237.73421055936,0,0,Inner Mongolia,121.374659450879,52.0174091196674
3765,45.3334966373207,1,669.119441788285,4,4254.29584895345,7,6342.01041701545,669.119441788285,832.492512021594,1663.98783089116,1938.67642175506,0,0,1237.73421055936,0,Inner Mongolia,122.073396963279,51.9400575712491
3766,30.4246773250139,2,2752.68389514357,4,4254.29584895345,9,9972.88144923947,832.492512021594,0,2303.21961028541,2991.63925282977,1938.67642175506,0,1237.73421055936,669.119441788285,Heilongjiang,122.770430387968,51.8595526211604
3767,36.030295609684,1,1663.98783089116,3,3585.17640716516,12,14270.175321666,0,4487.33731710917,3350.91037616213,1327.65142193861,849.980357502644,2752.68389514357,0,1501.61195380988,Heilongjiang,123.465697492138,51.7759108372607
3768,81.6743742743889,0,0,2,3967.20744117656,13,14757.9349666997,1739.21969801635,2748.11761909282,3350.91037616213,1815.41106697229,842.270530020691,7.7098274819525,3421.80333693185,832.492512021594,Heilongjiang,124.159137050856,51.689149274873
3769,48.6236753490127,1,2303.21961028541,3,6099.02799525495,11,13246.5449948907,1739.21969801635,2748.11761909282,1047.69076587672,2790.97925531909,1327.65142193861,7.7098274819525,3585.17640716516,0,Heilongjiang,124.850688873762,51.599285457058
3770,23.3838206677209,2,3350.91037616213,4,6586.78764028863,9,11319.749321182,4487.33731710917,0,1047.69076587672,489.862375080919,3630.87103222401,0,1663.98783089116,0,Heilongjiang,125.540293830372,51.5063373546362
3771,22.7313297761582,1,1047.69076587672,4,6586.78764028863,9,9670.77830645348,0,0,0,17.1195462098917,487.759645033683,1327.65142193861,2303.21961028541,5535.02808298589,Heilongjiang,126.227893873978,51.4103233660035
3772,70.9740546124627,0,0,2,1535.4504109104,10,8662.23081517461,0,0,0,25.2393962016642,722.552356745707,1815.41106697229,3350.91037616213,2748.11761909282,Heilongjiang,126.913432064126,51.3112622967851
3773,93.4560928101052,0,0,1,1237.73421055936,2,1906.85365234765,0,0,669.119441788285,1237.73421055936,0,0,0,0,Inner Mongolia,120.079874046707,52.6199569048577
3774,83.293131263218,0,0,1,1237.73421055936,5,5492.03005951281,0,0,1501.61195380988,2752.68389514357,1237.73421055936,0,0,0,Inner Mongolia,120.786704859888,52.5482292753788
3775,53.3968133707546,0,0,1,669.119441788285,5,5492.03005951281,0,0,1501.61195380988,2752.68389514357,0,1237.73421055936,0,0,Inner Mongolia,121.491925372103,52.4732871658179
3776,5.74121168117928,1,669.119441788285,3,2590.30801806229,5,5492.03005951281,0,0,832.492512021594,3421.80333693185,0,1237.73421055936,0,0,Inner Mongolia,122.195470163224,52.3951466812818
3777,6.04546063288868,2,1501.61195380988,4,4254.29584895345,8,7238.95958501111,832.492512021594,1739.21969801635,0,0,2760.39372262552,1237.73421055936,669.119441788285,0,Heilongjiang,122.897274796723,52.3138244685376
3778,50.3110453258541,0,0,4,4254.29584895345,10,12100.2533697067,0,1739.21969801635,3795.80838496955,2303.21961028541,1671.69765837311,1088.69606425241,1501.61195380988,0,Heilongjiang,123.597275849945,52.2293376958664
3779,100.129191394416,0,0,0,0,11,13907.954609197,1739.21969801635,0,3795.80838496955,2790.97925531909,1327.65142193861,2752.68389514357,1501.61195380988,0,Heilongjiang,124.29541094295,52.1417040325676
3780,62.9470765143551,0,0,3,6099.02799525495,11,13907.954609197,1739.21969801635,0,2748.11761909282,3838.67002119581,1327.65142193861,2752.68389514357,1501.61195380988,0,Heilongjiang,124.991618765934,52.0509416281619
3781,23.3692657786698,2,3795.80838496955,3,6099.02799525495,8,11317.6465911347,0,2748.11761909282,0,1047.69076587672,4118.6306772577,0,1663.98783089116,1739.21969801635,Heilongjiang,125.685839105187,51.9570690913437
3782,44.4456707334197,2,3795.80838496955,3,6099.02799525495,8,9655.76149029082,0,0,0,2.10273004723679,487.759645033683,4678.56179810074,0,4487.33731710917,Heilongjiang,126.378012867587,51.8601054687294
3783,116.821716469726,0,0,0,0,4,3828.04222862166,0,0,832.492512021594,1757.8155060407,1237.73421055936,0,0,0,Inner Mongolia,120.900739116048,53.0062496724692
3784,76.3482499626199,0,0,1,669.119441788285,5,5492.03005951281,0,0,0,4254.29584895345,0,1237.73421055936,0,0,Inner Mongolia,121.610867178395,52.9305243782644
3785,54.8707308660052,0,0,2,1501.61195380988,5,5492.03005951281,0,0,0,2496.48034291275,1757.8155060407,1237.73421055936,0,0,Heilongjiang,122.319283689806,52.8515710240353
3786,43.9548082868807,1,832.492512021594,2,1501.61195380988,6,5993.5155469698,0,1739.21969801635,0,0,3585.17640716516,669.119441788285,0,0,Heilongjiang,123.025922959583,52.7694068718773
3787,66.5332913589375,0,0,1,832.492512021594,8,11044.852776348,0,1739.21969801635,2748.11761909282,2303.21961028541,1663.98783089116,2590.30801806229,0,0,Heilongjiang,123.730720346365,52.6840497204968
3788,73.3438088634269,0,0,2,1739.21969801635,9,12092.5435422247,0,1739.21969801635,2748.11761909282,3350.91037616213,0,3585.17640716516,669.119441788285,0,Heilongjiang,124.433612287788,52.5955178835745
3789,60.5452242783733,0,0,3,4487.33731710917,8,10822.4876812177,1739.21969801635,0,0,4283.56803000323,2303.21961028541,1663.98783089116,832.492512021594,0,Heilongjiang,125.13453632864,52.503830167825
3790,29.9380968876551,1,2748.11761909282,4,5535.02808298589,6,8326.00733830498,0,0,0,0,6586.78764028863,0,0,1739.21969801635,Heilongjiang,125.833431147497,52.4090058508052
3791,104.826679332948,0,0,0,0,6,5993.5155469698,0,0,1739.21969801635,2496.48034291275,1757.8155060407,0,0,0,Heilongjiang,122.444874632953,53.309403234223
3792,93.9547909837988,0,0,1,832.492512021594,6,5993.5155469698,0,0,1739.21969801635,0,3585.17640716516,669.119441788285,0,0,Heilongjiang,123.156413185312,53.2263713113521
3793,92.6804825272253,0,0,2,1739.21969801635,7,8741.63316606262,0,0,1739.21969801635,2748.11761909282,2752.68389514357,1501.61195380988,0,0,Heilongjiang,123.866070472712,53.1401172106221
3794,43.3137590819314,2,1739.21969801635,2,1739.21969801635,8,11003.8474779723,0,0,1739.21969801635,6099.02799525495,0,3165.59978470104,0,0,Heilongjiang,124.573781722203,53.0506599225448
3795,12.7472197018504,2,1739.21969801635,3,4487.33731710917,6,8670.74020529289,0,0,0,3795.80838496955,2303.21961028541,832.492512021594,0,1739.21969801635,Heilongjiang,125.279483306533,52.9580189438063
