unit_id,share,n_species,province,unit_nm,prov_cn,area_km2,cum_cl,frac_pa,rank_in_prov,n_unit_prov
341802,0.0689740759877638,250,Anhui,宣州区,安徽省,2598.74785952442,21,0.941505873415431,1,105
341823,0.0621465210114876,250,Anhui,泾县,安徽省,2034.83434993672,12,0.977544313096362,2,105
341003,0.0391522795043719,250,Anhui,黄山区,安徽省,1743.86316851369,139,0.0118173937108229,3,105
341721,0.0366651331761537,250,Anhui,东至县,安徽省,3249.32581187068,38,0.0770308867771077,4,105
341022,0.0318640495022731,250,Anhui,休宁县,安徽省,2141.59581145338,37,0,5,105
341882,0.031711234183097,250,Anhui,广德市,安徽省,2115.87156505179,3,0.983886847592886,6,105
341881,0.0289650864332375,250,Anhui,宁国市,安徽省,2454.296034716,58,0.0824440896851817,7,105
341821,0.0281303472222717,250,Anhui,郎溪县,安徽省,1099.0001807665,5,0.983250045277035,8,105
340124,0.0243904832389183,250,Anhui,庐江县,安徽省,2343.57160943703,58,0,9,105
340122,0.0230779942119831,250,Anhui,肥东县,安徽省,2204.33556996884,119,0,10,105
341702,0.021314431993614,250,Anhui,贵池区,安徽省,2509.62487599359,21,0.0337410542943002,11,105
341024,0.0208914348874566,250,Anhui,祁门县,安徽省,2216.53253560337,15,0.0153041896285971,12,105
340123,0.0196443857349046,250,Anhui,肥西县,安徽省,1696.48264126314,76,0,13,105
341023,0.019372771169781,250,Anhui,黟县,安徽省,857.893842862502,43,0,14,105
341021,0.0193339058395263,250,Anhui,歙县,安徽省,2125.44558261765,17,0.0123474569441991,15,105
341524,0.019021973429883,250,Anhui,金寨县,安徽省,3918.38531652127,18,0.072081977996764,16,105
340826,0.0189753535074011,250,Anhui,宿松县,安徽省,2367.3165189573,16,0.000540486833211645,17,105
340882,0.018747987115395,250,Anhui,潜山市,安徽省,1691.69487660442,27,0,18,105
341525,0.0186466723662819,250,Anhui,霍山县,安徽省,2045.3389591606,37,0.00183904735273453,19,105
340104,0.0183740090378779,250,Anhui,蜀山区,安徽省,651.75725413931,188,0,20,105
340111,0.0165028450991896,250,Anhui,包河区,安徽省,299.789166639558,286,0,21,105
340223,0.0146081835997592,250,Anhui,南陵县,安徽省,1260.65949837816,0,0.917233992710594,22,105
340181,0.0145982761979927,250,Anhui,巢湖市,安徽省,2030.3996159715,29,0,23,105
341002,0.0144196759993778,250,Anhui,屯溪区,安徽省,155.864449361727,94,0,24,105
341523,0.0136865254567048,250,Anhui,舒城县,安徽省,2110.1050904764,15,0,25,105
341723,0.0136508600001977,250,Anhui,青阳县,安徽省,1197.09210142991,12,0.119774961306248,26,105
340722,0.0136201941574239,250,Anhui,枞阳县,安徽省,1796.15902998875,13,0,27,105
341722,0.0132765365106808,250,Anhui,石台县,安徽省,1411.69676030792,10,0.0250903358321127,28,105
340828,0.013141188120952,250,Anhui,岳西县,安徽省,2369.95056692102,9,0.0527845789076437,29,105
341824,0.0129697670672007,250,Anhui,绩溪县,安徽省,1102.79585843746,15,0.0393110897287226,30,105
341004,0.0123597585163019,250,Anhui,徽州区,安徽省,437.019692373557,25,0,31,105
340881,0.0123308898812945,250,Anhui,桐城市,安徽省,1547.22682842682,12,0,32,105
341503,0.0110332316818926,250,Anhui,裕安区,安徽省,1908.0470556763,16,0,33,105
340827,0.0104867548592996,250,Anhui,望江县,安徽省,1341.50948482167,6,0,34,105
340281,0.0104082521678962,250,Anhui,无为市,安徽省,2018.94348608385,9,0,35,105
340825,0.00936764844850107,250,Anhui,太湖县,安徽省,2038.11777480572,3,0,36,105
340706,0.0082599644915344,250,Anhui,义安区,安徽省,904.385406724921,10,0,37,105
340121,0.00814232051651226,250,Anhui,长丰县,安徽省,1838.69635712432,13,0,38,105
341502,0.00793686596309483,250,Anhui,金安区,安徽省,1668.57894643649,7,0,39,105
341125,0.00737766585522964,250,Anhui,定远县,安徽省,3003.59178214964,7,0,40,105
341522,0.00700100883264566,250,Anhui,霍邱县,安徽省,3239.50074222563,4,0,41,105
340521,0.00603915002080671,250,Anhui,当涂县,安徽省,1009.10106782524,8,0,42,105
340811,0.00575376026610674,250,Anhui,宜秀区,安徽省,418.301459011547,6,0,43,105
340207,0.0056145813555301,250,Anhui,鸠江区,安徽省,870.481490398231,6,0,44,105
341103,0.00548794542174266,250,Anhui,南谯区,安徽省,1178.27790022918,9,0,45,105
341825,0.00529111267023328,250,Anhui,旌德县,安徽省,907.451472318863,1,0.0656839172750396,46,105
341226,0.00514777155139657,250,Anhui,颍上县,安徽省,1988.21823382533,4,0,47,105
340221,0.00510912769670013,250,Anhui,芜湖县,安徽省,649.283385076293,4,0.0819676761961481,48,105
340802,0.00495263618771145,250,Anhui,迎江区,安徽省,202.02534477605,8,0.00154822064738269,49,105
340103,0.00478516616476074,250,Anhui,庐阳区,安徽省,138.005488604989,38,0,50,105
341302,0.00464279145229657,250,Anhui,埇桥区,安徽省,2902.13733044232,3,0,51,105
340222,0.00455978953974606,250,Anhui,繁昌县,安徽省,583.742171462985,3,0.0589526202074682,52,105
340422,0.00449279536387681,250,Anhui,寿县,安徽省,2949.76303979241,1,0,53,105
340822,0.00444378151012139,250,Anhui,怀宁县,安徽省,1338.85609650822,0,0,54,105
341182,0.00442081190374781,250,Anhui,明光市,安徽省,2351.42137751126,3,0,55,105
341126,0.00434018918367995,250,Anhui,凤阳县,安徽省,1936.02186752403,3,0,56,105
341122,0.00425291181384533,250,Anhui,来安县,安徽省,1497.84800554539,4,0,57,105
341322,0.00373547695781953,250,Anhui,萧县,安徽省,1856.21422308884,3,0,58,105
340621,0.00368490210717963,250,Anhui,濉溪县,安徽省,1982.3109248488,2,0,59,105
341181,0.00360448022031485,250,Anhui,天长市,安徽省,1756.71216579304,2,0,60,105
340523,0.00341765736273555,250,Anhui,和县,安徽省,1318.27085814633,1,0,61,105
340321,0.00327775130340679,250,Anhui,怀远县,安徽省,2239.36418546227,1,0,62,105
341622,0.00321832256826074,250,Anhui,蒙城县,安徽省,2143.21627205305,1,0,63,105
341602,0.00317450326872759,250,Anhui,谯城区,安徽省,2265.94993807159,0,0,64,105
340421,0.00308245092131553,250,Anhui,凤台县,安徽省,1091.17838216741,2,0,65,105
341221,0.00289126760706654,250,Anhui,临泉县,安徽省,1836.77265417263,0,0,66,105
340208,0.00281510283054073,250,Anhui,三山区,安徽省,335.141425265132,2,0,67,105
340406,0.00279885438413476,250,Anhui,潘集区,安徽省,597.318589308541,3,0,68,105
341225,0.00274472199328817,250,Anhui,阜南县,安徽省,1800.24507825493,0,0,69,105
340522,0.00267030715691613,250,Anhui,含山县,安徽省,1043.13064130309,0,0,70,105
341222,0.00266537611922974,250,Anhui,太和县,安徽省,1867.28382789431,0,0,71,105
340322,0.00261420458803305,250,Anhui,五河县,安徽省,1429.39744694404,1,0,72,105
340402,0.00260273366533688,250,Anhui,大通区,安徽省,304.023040658028,5,0,73,105
341124,0.00257861260005107,250,Anhui,全椒县,安徽省,1568.31652313957,0,0,74,105
340403,0.00257703450051818,250,Anhui,田家庵区,安徽省,251.221003175305,6,0,75,105
341621,0.00249907366366343,250,Anhui,涡阳县,安徽省,2106.54021303018,0,0,76,105
340504,0.00248785956018876,250,Anhui,雨山区,安徽省,174.659167458574,5,0,77,105
341623,0.00248250499334196,250,Anhui,利辛县,安徽省,2007.93247045345,0,0,78,105
340311,0.00237320532328426,250,Anhui,淮上区,安徽省,402.879534187613,4,0,79,105
341323,0.0022509849002019,250,Anhui,灵璧县,安徽省,2127.35779817764,0,0,80,105
340102,0.00219116873999819,250,Anhui,瑶海区,安徽省,221.832536149517,3,0,81,105
340604,0.00217167094624021,250,Anhui,烈山区,安徽省,386.864319995881,4,0,82,105
341324,0.00210254919135768,250,Anhui,泗县,安徽省,1858.74565576443,0,0,83,105
340203,0.00209275924311175,250,Anhui,弋江区,安徽省,168.614995837298,2,0,84,105
341504,0.00203413009992183,250,Anhui,叶集区,安徽省,563.036045902145,0,0,85,105
340711,0.00201084146806955,250,Anhui,郊区,安徽省,269.062002824053,0,0,86,105
340803,0.001988446181844,250,Anhui,大观区,安徽省,192.882978359952,0,0,87,105
340323,0.00192554208312119,250,Anhui,固镇县,安徽省,1361.25516010922,0,0,88,105
341282,0.00190121240931956,250,Anhui,界首市,安徽省,667.754927885289,0,0,89,105
340603,0.00186988183388849,250,Anhui,相山区,安徽省,140.452411194804,8,0,90,105
341321,0.00181306308083682,250,Anhui,砀山县,安徽省,1196.30113200965,0,0,91,105
341202,0.00174216882497223,250,Anhui,颍州区,安徽省,622.92283894633,0,0,92,105
341204,0.00172740760644677,250,Anhui,颍泉区,安徽省,652.045736589445,0,0,93,105
341203,0.00166105308937158,250,Anhui,颍东区,安徽省,683.00442141218,0,0,94,105
340404,0.00157917720823068,250,Anhui,谢家集区,安徽省,270.270465974229,1,0,95,105
340202,0.00156925942619408,250,Anhui,镜湖区,安徽省,115.180476562236,1,0.0404503611022485,96,105
340506,0.00150504706760691,250,Anhui,博望区,安徽省,338.790022209987,0,0,97,105
340304,0.00143738344770354,250,Anhui,禹会区,安徽省,283.091691665992,1,0,98,105
340503,0.00118026858919175,250,Anhui,花山区,安徽省,181.124068577887,0,0,99,105
340302,0.00108126801431344,250,Anhui,龙子湖区,安徽省,146.727481141476,1,0,100,105
341102,0.00104106883650953,250,Anhui,琅琊区,安徽省,225.328416234553,0,0,101,105
340602,0.000891682060735963,250,Anhui,杜集区,安徽省,232.675069040817,0,0,102,105
340303,0.000869637683493366,250,Anhui,蚌山区,安徽省,90.4331475115424,1,0,103,105
340705,0.000798965827485476,250,Anhui,铜官区,安徽省,29.9492376180128,0,0,104,105
340405,0.00065409336481631,250,Anhui,八公山区,安徽省,67.2829175203468,0,0,105,105
110114,0.11781078892522,148,Beijing,昌平区,北京市,1343.64087542283,4488,0,1,16
110105,0.0969880214353527,148,Beijing,朝阳区,北京市,465.189249895765,4975,0,2,16
110108,0.0961476627812043,148,Beijing,海淀区,北京市,428.927576751439,6331,0,3,16
110109,0.0925645463759967,148,Beijing,门头沟区,北京市,1450.08396524875,1726,0.156541694909337,4,16
110119,0.0911195630563343,148,Beijing,延庆区,北京市,1997.32951084964,1989,0.0204097873648772,5,16
110118,0.0731295647785552,148,Beijing,密云区,北京市,2223.95658886712,982,0.000219589886885367,6,16
110116,0.0728549863166691,148,Beijing,怀柔区,北京市,2119.86045162634,1163,0,7,16
110112,0.0726916191432084,148,Beijing,通州区,北京市,904.40221998673,1551,0,8,16
110111,0.0679290731359172,148,Beijing,房山区,北京市,1997.89873874669,865,0.00531710765091953,9,16
110113,0.0625564598127648,148,Beijing,顺义区,北京市,1009.16767093865,1048,0,10,16
110115,0.0489265965378934,148,Beijing,大兴区,北京市,1033.97732662941,494,0,11,16
110106,0.0358701380140728,148,Beijing,丰台区,北京市,305.981206213473,695,0,12,16
110101,0.0235161269361099,148,Beijing,东城区,北京市,41.9329265201364,1853,0,13,16
110117,0.0202441010153211,148,Beijing,平谷区,北京市,947.502728025713,75,0.000497490940328977,14,16
110102,0.018558714643912,148,Beijing,西城区,北京市,50.3558278344066,888,0,15,16
110107,0.00909203709146809,148,Beijing,石景山区,北京市,84.3029469312723,98,0,16,16
500116,0.0830730406987023,278,Chongqing,江津区,重庆市,3217.08669529412,107,0.0608116389383154,1,38
500119,0.0573597630332896,278,Chongqing,南川区,重庆市,2585.86992960671,43,0.161763058893454,2,38
500237,0.0565516620718527,278,Chongqing,巫山县,重庆市,2952.3022356698,44,0.120861711087868,3,38
500112,0.0492447841169024,278,Chongqing,渝北区,重庆市,1457.24888971457,80,0,4,38
500109,0.0429380746987826,278,Chongqing,北碚区,重庆市,749.856035715622,78,0.0880859311848332,5,38
500230,0.0417021019636274,278,Chongqing,丰都县,重庆市,2903.47689912494,31,0,6,38
500233,0.0405421897200119,278,Chongqing,忠县,重庆市,2181.19819015644,29,0.0213258295282201,7,38
500236,0.0399650211811438,278,Chongqing,奉节县,重庆市,4097.9422742598,23,0,8,38
500117,0.0332530066121863,278,Chongqing,合川区,重庆市,2346.6619800086,20,0,9,38
500113,0.0327528452290106,278,Chongqing,巴南区,重庆市,1821.16451559908,25,0,10,38
500108,0.0303732757483715,278,Chongqing,南岸区,重庆市,261.973821342955,95,0.0570602214280806,11,38
500154,0.0302372606985076,278,Chongqing,开州区,重庆市,3962.47433328462,7,0.0623478224345092,12,38
500106,0.030192407797249,278,Chongqing,沙坪坝区,重庆市,397.670574027966,75,0.00138717055353902,13,38
500118,0.0279422143127151,278,Chongqing,永川区,重庆市,1573.9068033359,15,0.00609288281125243,14,38
500102,0.0263907712678818,278,Chongqing,涪陵区,重庆市,2943.65995039148,9,0,15,38
500229,0.0257752843460821,278,Chongqing,城口县,重庆市,3289.76513384445,6,0.256600616384359,16,38
500238,0.0251233336605322,278,Chongqing,巫溪县,重庆市,4018.98601236849,6,0.057768102358911,17,38
500105,0.0249764409404673,278,Chongqing,江北区,重庆市,221.068599987486,91,0,18,38
500107,0.0242202752524336,278,Chongqing,九龙坡区,重庆市,431.631777172888,40,0.0324143707694857,19,38
500235,0.0215722293051159,278,Chongqing,云阳县,重庆市,3637.67356337991,3,0.000134026449289844,20,38
500101,0.0208096233925019,278,Chongqing,万州区,重庆市,3457.5659420267,3,0,21,38
500115,0.0194451502422967,278,Chongqing,长寿区,重庆市,1419.44326274689,9,0,22,38
500242,0.0192148748868033,278,Chongqing,酉阳土家族苗族自治县,重庆市,5167.02725087438,1,0,23,38
500156,0.0191119115946934,278,Chongqing,武隆区,重庆市,2890.91562487531,7,0.000163242247617464,24,38
500111,0.0179035265128123,278,Chongqing,大足区,重庆市,1435.67760707462,7,0,25,38
500240,0.0176615078034652,278,Chongqing,石柱土家族自治县,重庆市,3015.4248977728,3,0,26,38
500120,0.0165446991369476,278,Chongqing,璧山区,重庆市,913.912714813995,8,0.0237230786914423,27,38
500241,0.0146355558704746,278,Chongqing,秀山土家族苗族自治县,重庆市,2452.81303276634,1,7.57165607500535e-06,28,38
500152,0.0143137824647826,278,Chongqing,潼南区,重庆市,1587.29995221147,3,0,29,38
500155,0.0141993117377033,278,Chongqing,梁平区,重庆市,1889.62246018561,2,0,30,38
500153,0.0138390262607964,278,Chongqing,荣昌区,重庆市,1073.85686049197,4,0,31,38
500114,0.0124740209759094,278,Chongqing,黔江区,重庆市,2390.97003580203,1,0.00576824146097444,32,38
500110,0.0121217735323871,278,Chongqing,綦江区,重庆市,2749.53464163281,1,0.000791225628208088,33,38
500231,0.0108428268524852,278,Chongqing,垫江县,重庆市,1515.68541463726,1,0,34,38
500243,0.0108168608769382,278,Chongqing,彭水苗族土家族自治县,重庆市,3894.06200570358,0,0,35,38
500151,0.0100724242564066,278,Chongqing,铜梁区,重庆市,1338.83295984949,1,0,36,38
500103,0.00830954874723264,278,Chongqing,渝中区,重庆市,23.8619276836147,57,0,37,38
500104,0.00349759220049789,278,Chongqing,大渡口区,重庆市,102.246632492875,1,0,38,38
350782,0.0671174779622305,274,Fujian,武夷山市,福建省,2803.3958419902,197,0.0884756805491562,1,84
350429,0.063412895669489,274,Fujian,泰宁县,福建省,1529.67603705599,534,0.00329385905057989,2,84
350421,0.0589421326607957,274,Fujian,明溪县,福建省,1730.49726023564,270,0.127327770879253,3,84
350111,0.0305338647065483,274,Fujian,晋安区,福建省,564.081536361504,437,0,4,84
350427,0.0233176130580531,274,Fujian,沙县,福建省,1798.18849715108,43,0.00796775505985507,5,84
350428,0.0232697332812946,274,Fujian,将乐县,福建省,2238.13070162965,26,0.0688955114613411,6,84
350121,0.0227497099782462,274,Fujian,闽侯县,福建省,2128.01023875028,59,0,7,84
350781,0.021632556345012,274,Fujian,邵武市,福建省,2861.83326209264,19,0.000173123861493885,8,84
350783,0.0208782467178311,274,Fujian,建瓯市,福建省,4195.43587648351,13,0.000448683046662195,9,84
350702,0.0199640253297832,274,Fujian,延平区,福建省,2656.35610314835,18,3.24331148327599e-05,10,84
350627,0.0195944179471893,274,Fujian,南靖县,福建省,1962.39122762261,17,0.196523951138154,11,84
350423,0.0191970273927178,274,Fujian,清流县,福建省,1808.52032057808,33,0,12,84
350802,0.0181954545020457,274,Fujian,新罗区,福建省,2672.63370581298,19,0.0127418521611564,13,84
350525,0.0181502049985847,274,Fujian,永春县,福建省,1457.58883324461,53,0,14,84
350481,0.018071546754448,274,Fujian,永安市,福建省,2933.02733836681,17,0.0348328723766954,15,84
350112,0.0156706151100446,274,Fujian,长乐区,福建省,682.878789705482,59,0.0658902065035104,16,84
350424,0.0150997736989965,274,Fujian,宁化县,福建省,2406.97167553672,12,0.0012104185005008,17,84
350803,0.0144018002456089,274,Fujian,永定区,福建省,2225.38453124258,12,0.000688574884845392,18,84
350923,0.0136926458916924,274,Fujian,屏南县,福建省,1483.7264480918,17,0,19,84
350426,0.0136476948493966,274,Fujian,尤溪县,福建省,3419.48906825833,8,0,20,84
350902,0.0134429331620989,274,Fujian,蕉城区,福建省,1412.39826675111,17,0.0240568695202033,21,84
350703,0.0132349808559111,274,Fujian,建阳区,福建省,3387.14634196794,3,0.0373568273531276,22,84
350213,0.0130498381961391,274,Fujian,翔安区,福建省,358.725973941065,124,0,23,84
350203,0.0128782524173926,274,Fujian,思明区,福建省,75.6027812419979,398,0,24,84
350982,0.0127133145905369,274,Fujian,福鼎市,福建省,1483.76437488038,21,0,25,84
350125,0.0126848749016924,274,Fujian,永泰县,福建省,2230.70247743461,16,0,26,84
350181,0.012602599570931,274,Fujian,福清市,福建省,1645.29392767465,20,0,27,84
350623,0.0125945112332086,274,Fujian,漳浦县,福建省,2013.26096144464,14,0,28,84
350212,0.0123445458095956,274,Fujian,同安区,福建省,650.378275030687,53,0,29,84
350921,0.012057429356141,274,Fujian,霞浦县,福建省,1517.61715885153,14,0,30,84
350122,0.0120209554788938,274,Fujian,连江县,福建省,1139.69553926622,23,0,31,84
350583,0.0119135965726393,274,Fujian,南安市,福建省,2004.34914920159,15,0,32,84
350205,0.0119063720771065,274,Fujian,海沧区,福建省,174.418196984793,141,0,33,84
350823,0.0115734182948868,274,Fujian,上杭县,福建省,2852.64514798999,4,0.0298471443766228,34,84
350681,0.0107829508979708,274,Fujian,龙海市,福建省,1266.02885119874,15,0,35,84
350981,0.0107052553012378,274,Fujian,福安市,福建省,1773.29399130664,9,0.000654924522908221,36,84
350881,0.0105459527719124,274,Fujian,漳平市,福建省,2955.89575953326,5,0,37,84
350825,0.0105136380010477,274,Fujian,连城县,福建省,2579.73149487942,4,0.0438468381020435,38,84
350526,0.0103058763584444,274,Fujian,德化县,福建省,2202.87533012626,7,0.0660927371782651,39,84
350211,0.0102261198791367,274,Fujian,集美区,福建省,253.547340650344,73,0,40,84
350524,0.00983351788104923,274,Fujian,安溪县,福建省,2994.3235517157,5,0,41,84
350123,0.00978603846443392,274,Fujian,罗源县,福建省,1067.21219844719,11,0.0117091987513719,42,84
350628,0.0092912870125817,274,Fujian,平和县,福建省,2311.26559768136,4,0,43,84
350425,0.00885788620930702,274,Fujian,大田县,福建省,2229.94158527168,4,0.0105486656513532,44,84
350206,0.00848392164292162,274,Fujian,湖里区,福建省,67.2234240752807,135,0.0398057998549238,45,84
350824,0.0082153273929738,274,Fujian,武平县,福建省,2636.42952655479,1,0.0657407922209975,46,84
350821,0.00808808335387695,274,Fujian,长汀县,福建省,3103.2220669906,1,0.0327181266328759,47,84
350124,0.00792520921806553,274,Fujian,闽清县,福建省,1492.45185513222,4,0.082343544132064,48,84
350402,0.00759430764897874,274,Fujian,梅列区,福建省,353.354121190532,14,0.000244790139706255,49,84
350582,0.00736113990451464,274,Fujian,晋江市,福建省,668.136941265014,17,0,50,84
350104,0.0071815783643752,274,Fujian,仓山区,福建省,146.471346879322,55,0,51,84
350105,0.00714635058028339,274,Fujian,马尾区,福建省,228.779426079278,33,0,52,84
350622,0.00693242990974033,274,Fujian,云霄县,福建省,1024.40429020165,4,0.00832246065489475,53,84
350723,0.00686144182491087,274,Fujian,光泽县,福建省,2239.31999395823,0,0.0849181595282485,54,84
350725,0.00684468995543323,274,Fujian,政和县,福建省,1745.60830155679,2,0,55,84
350722,0.00672060786313891,274,Fujian,浦城县,福建省,3375.55137840441,0,0.00183578791595277,56,84
350922,0.00638413304475801,274,Fujian,古田县,福建省,2371.628607626,1,0.000597460538488632,57,84
350403,0.00622579260706062,274,Fujian,三元区,福建省,798.795251087124,3,0.011633552664247,58,84
350305,0.00616726545652499,274,Fujian,秀屿区,福建省,559.470316223582,10,0,59,84
350925,0.0061098396369885,274,Fujian,周宁县,福建省,1038.26979481482,3,0,60,84
350303,0.00588894294381846,274,Fujian,涵江区,福建省,751.0278025918,7,0,61,84
350626,0.00551237511441445,274,Fujian,东山县,福建省,221.718871229223,12,0,62,84
350430,0.00531787680325464,274,Fujian,建宁县,福建省,1717.27531843251,0,0.0766691471080766,63,84
350624,0.00528138787675025,274,Fujian,诏安县,福建省,1267.87387327719,1,0,64,84
350721,0.0051985524166041,274,Fujian,顺昌县,福建省,1981.77503841034,0,0,65,84
350302,0.00500282966907018,274,Fujian,城厢区,福建省,480.260474233411,7,0,66,84
350581,0.00488362838707625,274,Fujian,石狮市,福建省,158.321732466178,25,0,67,84
350521,0.00484714130034564,274,Fujian,惠安县,福建省,727.138298325505,4,0,68,84
350322,0.00471847301109018,274,Fujian,仙游县,福建省,1840.80976458927,1,0,69,84
350128,0.00441023963127853,274,Fujian,平潭县,福建省,318.516083126215,6,0.0418935311837535,70,84
350102,0.00409704625207496,274,Fujian,鼓楼区,福建省,35.1879909795256,56,0,71,84
350724,0.00366515458048862,274,Fujian,松溪县,福建省,1041.72730586372,0,0,72,84
350503,0.00364416232847012,274,Fujian,丰泽区,福建省,113.340995784724,16,0,73,84
350625,0.00363481488238496,274,Fujian,长泰县,福建省,898.231833262576,1,0,74,84
350924,0.00361998188053598,274,Fujian,寿宁县,福建省,1429.46463945608,0,0.000373534446019669,75,84
350304,0.00353296880294712,274,Fujian,荔城区,福建省,278.462243955622,5,0.000715309951537527,76,84
350629,0.00342732376143979,274,Fujian,华安县,福建省,1277.65946765318,0,0.00865455989550697,77,84
350602,0.00311060502558259,274,Fujian,芗城区,福建省,250.827263807712,3,0,78,84
350603,0.0025658852728892,274,Fujian,龙文区,福建省,126.925880639328,4,0,79,84
350504,0.00241200176885234,274,Fujian,洛江区,福建省,370.692871597395,1,0,80,84
350926,0.00234833200682153,274,Fujian,柘荣县,福建省,538.764193085662,0,0,81,84
350502,0.00194377348378742,274,Fujian,鲤城区,福建省,51.4501336189895,8,0,82,84
350505,0.00172634659415516,274,Fujian,泉港区,福建省,297.202789960116,0,0,83,84
350103,0.00156245540701879,274,Fujian,台江区,福建省,17.3651377383382,11,0,84,84
623026,0.0603763231697544,242,Gansu,碌曲县,甘肃省,4343.0095679761,80,0.575820060347462,1,87
621222,0.0521396820955262,242,Gansu,文县,甘肃省,5006.37529355828,3,0.40032603001115,2,87
620982,0.0512447366842208,242,Gansu,敦煌市,甘肃省,26717.9150528566,57,0.307200932326787,3,87
623024,0.0486220298464595,242,Gansu,迭部县,甘肃省,4706.97687502023,29,0.425563786067327,4,87
623027,0.0386048446995496,242,Gansu,夏河县,甘肃省,6267.47770104661,243,0.000699763684709941,5,87
623022,0.0369611477961294,242,Gansu,卓尼县,甘肃省,5121.41502376932,21,0.498677715215852,6,87
621225,0.0342044103122158,242,Gansu,西和县,甘肃省,1858.39523129822,36,0,7,87
620503,0.0331698817162284,242,Gansu,麦积区,甘肃省,3484.72396579106,22,8.77834404740664e-06,8,87
620123,0.0315955669044129,242,Gansu,榆中县,甘肃省,3295.08721439344,158,0.0916036846759538,9,87
621202,0.0293537485072355,242,Gansu,武都区,甘肃省,4653.16070677122,2,0.147968877372998,10,87
623021,0.0273485385075437,242,Gansu,临潭县,甘肃省,1521.20326289662,137,0.144169769206091,11,87
620721,0.0260120025716239,242,Gansu,肃南裕固族自治县,甘肃省,20180.4985303045,22,0.522177047629254,12,87
620922,0.0220160811270911,242,Gansu,瓜州县,甘肃省,23573.1604873747,15,0.248000031741047,13,87
623025,0.0197989826812068,242,Gansu,玛曲县,甘肃省,9631.50319914209,10,0.200951637844539,14,87
620121,0.0185558933766099,242,Gansu,永登县,甘肃省,5616.61232322827,31,0.0482524844061591,15,87
620621,0.0169015040572482,242,Gansu,民勤县,甘肃省,15840.5874578282,0,0.761530319611944,16,87
621227,0.0158877593189177,242,Gansu,徽县,甘肃省,2700.19767881787,1,0.052413968497681,17,87
620502,0.015113110185817,242,Gansu,秦州区,甘肃省,2373.11339886064,6,0.0118118728649728,18,87
620923,0.0143323216270583,242,Gansu,肃北蒙古族自治县,甘肃省,55257.6367785926,5,0.244024761299182,19,87
621224,0.0143002464118282,242,Gansu,康县,甘肃省,2958.89984737291,0,0.0225003741178397,20,87
621221,0.0141250586467416,242,Gansu,成县,甘肃省,1678.95821787893,2,0,21,87
620602,0.0122856892296782,242,Gansu,凉州区,甘肃省,4907.97170647598,4,0.484773037438195,22,87
621226,0.0117909373007515,242,Gansu,礼县,甘肃省,4265.87844083529,1,0.0260155358784428,23,87
621223,0.0110929463068073,242,Gansu,宕昌县,甘肃省,3316.25642415112,3,0,24,87
622922,0.0106493771260347,242,Gansu,康乐县,甘肃省,955.118266408702,17,0.201003820888611,25,87
620702,0.0104895017251392,242,Gansu,甘州区,甘肃省,3661.60996414524,22,0.0576132040706789,26,87
621228,0.0102300725298617,242,Gansu,两当县,甘肃省,1407.15312708748,0,0.125223319402092,27,87
620122,0.00956493074089872,242,Gansu,皋兰县,甘肃省,2473.59971581936,14,0,28,87
623023,0.00953851407134336,242,Gansu,舟曲县,甘肃省,3013.78395233178,0,0.0960124495849504,29,87
620622,0.00945129116314753,242,Gansu,古浪县,甘肃省,5045.39036130021,0,0.708115961598011,30,87
620924,0.00917511357123214,242,Gansu,阿克塞哈萨克族自治县,甘肃省,29199.2269077356,7,0.135240739019829,31,87
622925,0.00871061699651879,242,Gansu,和政县,甘肃省,1024.52315035154,4,0.413756295674242,32,87
620623,0.00855743590554035,242,Gansu,天祝藏族自治县,甘肃省,6789.82894648102,3,0.431543011906473,33,87
623001,0.00837679823408119,242,Gansu,合作市,甘肃省,2090.24145906571,16,0.0227510697931891,34,87
620102,0.00831481476436874,242,Gansu,城关区,甘肃省,208.378040133173,113,0,35,87
621102,0.00830934663177992,242,Gansu,安定区,甘肃省,3646.06863943073,6,0,36,87
621022,0.00817837352326878,242,Gansu,环县,甘肃省,9213.36323312939,1,0,37,87
620423,0.0074523342667619,242,Gansu,景泰县,甘肃省,5484.27187287624,1,0.257214948837527,38,87
621124,0.00741372551239017,242,Gansu,临洮县,甘肃省,2855.56279348762,4,0.00171904580890075,39,87
620725,0.00724385326164032,242,Gansu,山丹县,甘肃省,5433.37727273482,4,0.261350226926856,40,87
622923,0.0071501549789295,242,Gansu,永靖县,甘肃省,1901.64586519234,6,0.0078712187635108,41,87
620802,0.00699054141168281,242,Gansu,崆峒区,甘肃省,1931.61210683319,2,0.0924570916514924,42,87
620724,0.0062923884400124,242,Gansu,高台县,甘肃省,4345.50737184564,8,0.0732978842980085,43,87
621021,0.00599863183083399,242,Gansu,庆城县,甘肃省,2690.0253657565,1,0,44,87
622921,0.0057811716864509,242,Gansu,临夏县,甘肃省,1171.43501732885,4,0.182593307001051,45,87
620821,0.00573967873887028,242,Gansu,泾川县,甘肃省,1459.0856801411,1,0,46,87
620981,0.00571190430697508,242,Gansu,玉门市,甘肃省,13309.3761763942,2,0.000500608376996078,47,87
620521,0.0055956444422155,242,Gansu,清水县,甘肃省,1982.67955080044,0,0,48,87
620822,0.00539427952145617,242,Gansu,灵台县,甘肃省,1976.85065809115,0,0,49,87
620825,0.00536820905821999,242,Gansu,庄浪县,甘肃省,1513.86264266505,2,0.00107248781597649,50,87
620723,0.00531119673275265,242,Gansu,临泽县,甘肃省,2729.65953395163,7,0.0252348450072618,51,87
620921,0.00526715892114858,242,Gansu,金塔县,甘肃省,16249.1730181148,1,0,52,87
621026,0.00515915129789402,242,Gansu,宁县,甘肃省,2652.42739062842,0,0.000125600629485517,53,87
621027,0.00512660800274568,242,Gansu,镇原县,甘肃省,3505.87247251434,0,0,54,87
622926,0.00504277984447323,242,Gansu,东乡族自治县,甘肃省,1509.91217780346,3,0,55,87
621126,0.00500264864967264,242,Gansu,岷县,甘肃省,3574.21439333608,0,2.96397574634938e-05,56,87
621123,0.00483286917831064,242,Gansu,渭源县,甘肃省,2053.75078262223,2,0.00119294924595872,57,87
621023,0.00468764537880501,242,Gansu,华池县,甘肃省,3792.10131323377,0,0,58,87
620881,0.00465766930362017,242,Gansu,华亭市,甘肃省,1200.7388774468,1,0.00278470852303611,59,87
621024,0.00463578455255105,242,Gansu,合水县,甘肃省,2935.75938344711,0,0.000177893919630632,60,87
620522,0.00462723887897076,242,Gansu,秦安县,甘肃省,1604.16519294729,0,0,61,87
620422,0.00459544932788532,242,Gansu,会宁县,甘肃省,5655.09543409566,0,0,62,87
621002,0.00452546443224639,242,Gansu,西峰区,甘肃省,1001.14959273165,1,0,63,87
621025,0.00449502089505347,242,Gansu,正宁县,甘肃省,1333.06637842972,0,0,64,87
620103,0.00448775343570558,242,Gansu,七里河区,甘肃省,394.361207224788,18,0.00119856044319732,65,87
620200,0.004285607431019,242,Gansu,嘉峪关市,甘肃省,1229.52553212275,15,0,66,87
620524,0.00411135819997284,242,Gansu,武山县,甘肃省,1997.28495085034,0,0.00172395244036907,67,87
620421,0.00403347004142717,242,Gansu,靖远县,甘肃省,5612.29813166902,0,0,68,87
620523,0.00402088979487225,242,Gansu,甘谷县,甘肃省,1580.88005313596,0,0,69,87
621121,0.0040028117893724,242,Gansu,通渭县,甘肃省,2909.363542722,0,0,70,87
620722,0.00390870679569715,242,Gansu,民乐县,甘肃省,2231.2370060942,3,0.153399067704334,71,87
621125,0.0038714266620399,242,Gansu,漳县,甘肃省,2166.17299338076,0,0.0298087632272685,72,87
620525,0.00386654141585998,242,Gansu,张家川回族自治县,甘肃省,1253.94032379766,0,0.00089821791592643,73,87
620105,0.00373524355830882,242,Gansu,安宁区,甘肃省,82.623533567257,37,0,74,87
620826,0.00359583055951747,242,Gansu,静宁县,甘肃省,2190.06311798158,0,0,75,87
621122,0.0035732083663322,242,Gansu,陇西县,甘肃省,2406.588338389,0,0.00215599916073718,76,87
620823,0.00327806695396973,242,Gansu,崇信县,甘肃省,847.764378895077,0,0,77,87
622927,0.00320446863254945,242,Gansu,积石山保安族东乡族撒拉族自治县,甘肃省,901.89970702242,1,0.0190889686753584,78,87
620321,0.00308993463422248,242,Gansu,永昌县,甘肃省,4508.23104666005,0,0.142663354457352,79,87
620302,0.00283985276407178,242,Gansu,金川区,甘肃省,3057.36001190705,1,0,80,87
620403,0.00270234914822185,242,Gansu,平川区,甘肃省,1992.98727548033,0,0,81,87
620104,0.00242894466747444,242,Gansu,西固区,甘肃省,358.122118842129,2,0,82,87
620111,0.00238096689703683,242,Gansu,红古区,甘肃省,532.01064076782,1,0,83,87
620402,0.00218671460676176,242,Gansu,白银区,甘肃省,1350.37739909657,0,0,84,87
620902,0.00193063816629804,242,Gansu,肃州区,甘肃省,3349.00302802581,0,0.000248676062385266,85,87
622924,0.00187847407167061,242,Gansu,广河县,甘肃省,534.902576496456,0,0,86,87
622901,0.00110790849115855,242,Gansu,临夏市,甘肃省,88.8823132140343,1,0,87,87
441900,0.0316573754606129,244,Guangdong,东莞市,广东省,2449.56911028003,270,0.0031815771726738,1,119
440882,0.0296788709659309,244,Guangdong,雷州市,广东省,3501.47511880875,124,0.00587449216886735,2,119
440232,0.0293600954573567,244,Guangdong,乳源瑶族自治县,广东省,2293.99760639502,245,0.144116968274741,3,119
442000,0.0290524519729049,244,Guangdong,中山市,广东省,1744.11694664872,264,0,4,119
440402,0.0286219090614662,244,Guangdong,香洲区,广东省,484.5694370997,376,0.00890625453399687,5,119
440404,0.0260916864672785,244,Guangdong,金湾区,广东省,490.385547579787,127,0,6,119
440117,0.0224833382268629,244,Guangdong,从化区,广东省,1984.86686847259,181,0,7,119
440781,0.0193731012504021,244,Guangdong,台山市,广东省,3160.98793418742,36,0,8,119
440811,0.0193714571421246,244,Guangdong,麻章区,广东省,729.072191975352,59,0.0439611388369608,9,119
440111,0.0185070203843899,244,Guangdong,白云区,广东省,666.732765153544,335,0,10,119
440307,0.0180026473078311,244,Guangdong,龙岗区,广东省,675.92410180914,205,0.039280223558922,11,119
441323,0.0178320551261241,244,Guangdong,惠东县,广东省,3505.41428246859,57,0.00199134002352339,12,119
440606,0.0176348427154698,244,Guangdong,顺德区,广东省,806.722366261793,199,0,13,119
441881,0.0172561199093702,244,Guangdong,英德市,广东省,5634.75617733788,18,0.0651592462415781,14,119
441721,0.0160684561421932,244,Guangdong,阳西县,广东省,1377.92224643772,42,0,15,119
440115,0.0159745456678639,244,Guangdong,南沙区,广东省,661.129878589998,177,0,16,119
440605,0.0158148104739871,244,Guangdong,南海区,广东省,1071.32755063653,139,0,17,119
440113,0.0155305533444082,244,Guangdong,番禺区,广东省,515.978249001347,270,0,18,119
440118,0.0151935155690286,244,Guangdong,增城区,广东省,1614.02556805112,62,0.0015664635086987,19,119
440705,0.0150160556129957,244,Guangdong,新会区,广东省,1345.22320097306,59,0.00519202734818299,20,119
440112,0.014147506981959,244,Guangdong,黄埔区,广东省,481.791875814648,229,0,21,119
440825,0.0136525298263931,244,Guangdong,徐闻县,广东省,1794.42259129906,24,0.00699276961934011,22,119
440105,0.0134878127638985,244,Guangdong,海珠区,广东省,92.0333028877194,1107,0,23,119
441324,0.0127499539176819,244,Guangdong,龙门县,广东省,2266.8477518393,35,0.00658701465597702,24,119
441521,0.012724328199577,244,Guangdong,海丰县,广东省,1763.20131143022,58,0,25,119
440881,0.0124813870650713,244,Guangdong,廉江市,广东省,2784.56341437343,21,0.001764892886866,26,119
441322,0.012094290331464,244,Guangdong,博罗县,广东省,2858.48270931941,20,0.0446655048897655,27,119
441225,0.0115770405777909,244,Guangdong,封开县,广东省,2725.15205465911,22,0,28,119
440106,0.0111546429392586,244,Guangdong,天河区,广东省,136.15593281447,457,0,29,119
440981,0.0111081859692135,244,Guangdong,高州市,广东省,3272.23014724355,12,0.00961427549918419,30,119
440403,0.0109446961886995,244,Guangdong,斗门区,广东省,604.517062607646,52,0.0153634830184628,31,119
440904,0.0109119519987588,244,Guangdong,电白区,广东省,2034.27367211712,13,0,32,119
441203,0.0109090172375628,244,Guangdong,鼎湖区,广东省,553.037077648534,93,0,33,119
441303,0.0104620657320432,244,Guangdong,惠阳区,广东省,1199.41072904514,39,0,34,119
440114,0.00998485565183642,244,Guangdong,花都区,广东省,966.479052991309,47,0,35,119
440608,0.00990591966044553,244,Guangdong,高明区,广东省,937.437975132851,37,0.00682745854953105,36,119
440306,0.00982785509971412,244,Guangdong,宝安区,广东省,373.588122397905,113,0,37,119
440205,0.0097066989985455,244,Guangdong,曲江区,广东省,1622.1325266207,23,0.108024146134696,38,119
445222,0.00959487398129684,244,Guangdong,揭西县,广东省,1346.91505639197,51,0,39,119
440222,0.0092392153095346,244,Guangdong,始兴县,广东省,2134.11218486357,27,0.0306064595289454,40,119
440783,0.00907106513151611,244,Guangdong,开平市,广东省,1656.1370262202,13,0,41,119
441882,0.00899049009995086,244,Guangdong,连州市,广东省,2677.31578850022,17,0.0206653382582979,42,119
440607,0.00850692350101245,244,Guangdong,三水区,广东省,826.844511132202,39,0,43,119
441781,0.00831530643333482,244,Guangdong,阳春市,广东省,4038.22201391253,3,0.000365664982553665,44,119
441302,0.00801056392178968,244,Guangdong,惠城区,广东省,1489.0153678874,15,0.00802150683534889,45,119
441702,0.00792706489050637,244,Guangdong,江城区,广东省,709.860883827662,14,0,46,119
440983,0.0078691263961035,244,Guangdong,信宜市,广东省,3082.32645531249,6,0.0311147808665348,47,119
440224,0.00783931507229026,244,Guangdong,仁化县,广东省,2223.1384240529,23,0.02564805796021,48,119
440902,0.00713529218400681,244,Guangdong,茂南区,广东省,596.364456280262,20,0,49,119
441823,0.00700362889715993,244,Guangdong,阳山县,广东省,3328.52820522836,5,0.0611534978496711,50,119
441625,0.00671053659550568,244,Guangdong,东源县,广东省,4007.14499338031,3,0.0236010837289847,51,119
440883,0.00663358307135701,244,Guangdong,吴川市,广东省,852.549562070568,11,0,52,119
440982,0.00651806213327252,244,Guangdong,化州市,广东省,2356.41301786067,4,0,53,119
440104,0.00650368382886692,244,Guangdong,越秀区,广东省,33.6729535300484,515,0,54,119
440229,0.00630535577271944,244,Guangdong,翁源县,广东省,2174.88354766483,7,0,55,119
441704,0.00625870786689734,244,Guangdong,阳东区,广东省,1689.36095546103,3,0,56,119
445281,0.00625468985554346,244,Guangdong,普宁市,广东省,1618.78624630871,16,0,57,119
441204,0.00606765269825201,244,Guangdong,高要区,广东省,2186.91080222604,5,4.06877114409489e-05,58,119
440823,0.00605141622103204,244,Guangdong,遂溪县,广东省,2012.16489009827,4,0.000801389434853114,59,119
440515,0.00595165421987044,244,Guangdong,澄海区,广东省,352.290719904837,73,0,60,119
441502,0.00594155776434175,244,Guangdong,城区,广东省,377.573712324587,6,0,61,119
441803,0.00591595281508782,244,Guangdong,清新区,广东省,2351.6700980179,4,0,62,119
445321,0.00589580903224535,244,Guangdong,新兴县,广东省,1522.28792833542,4,0,63,119
445103,0.00561778287253739,244,Guangdong,潮安区,广东省,1087.33539694865,19,0.00158385160981829,64,119
440233,0.00557129256503974,244,Guangdong,新丰县,广东省,1968.23547123617,5,0,65,119
441581,0.00553063810319173,244,Guangdong,陆丰市,广东省,1691.36074747673,11,0,66,119
440282,0.00549082624415657,244,Guangdong,南雄市,广东省,2326.54001411285,7,0,67,119
445122,0.00528891494529221,244,Guangdong,饶平县,广东省,1699.22459475036,11,0,68,119
440310,0.0052656181319787,244,Guangdong,坪山区,广东省,167.277129278578,54,0,69,119
441621,0.00515528215901143,244,Guangdong,紫金县,广东省,3637.92088606191,2,0.00639177109974823,70,119
440309,0.00511644146707275,244,Guangdong,龙华区,广东省,175.59812090681,50,0,71,119
440784,0.00494916191285244,244,Guangdong,鹤山市,广东省,1083.50290520308,5,0,72,119
441423,0.00491375508576302,244,Guangdong,丰顺县,广东省,2709.76854965287,5,0,73,119
445224,0.00479523706154757,244,Guangdong,惠来县,广东省,1245.7830844844,12,0,74,119
440203,0.00478686714404368,244,Guangdong,武江区,广东省,675.682919111397,12,0.0177723707157406,75,119
445381,0.004532930637095,244,Guangdong,罗定市,广东省,2332.43235864391,1,0,76,119
440703,0.00450672469473659,244,Guangdong,蓬江区,广东省,320.588174505297,15,0,77,119
440785,0.00448862542912215,244,Guangdong,恩平市,广东省,1690.63035223032,1,0,78,119
441802,0.00436776136213962,244,Guangdong,清城区,广东省,1297.20071670803,4,0,79,119
441622,0.004361619899362,244,Guangdong,龙川县,广东省,3081.67191671864,2,0.00553393978324821,80,119
440311,0.00406361562928076,244,Guangdong,光明区,广东省,155.669303076731,32,0,81,119
441202,0.00387030265733927,244,Guangdong,端州区,广东省,153.343547707316,27,0,82,119
440507,0.00384219177506942,244,Guangdong,龙湖区,广东省,131.317503543609,70,0,83,119
445102,0.0038126461829968,244,Guangdong,湘桥区,广东省,326.642902299265,25,0,84,119
441223,0.00381200826297947,244,Guangdong,广宁县,广东省,2455.72082907342,1,0.0019788976213553,85,119
440511,0.0037709215281992,244,Guangdong,金平区,广东省,149.604536709207,56,0.000198653218333986,86,119
441226,0.00375698081425243,244,Guangdong,德庆县,广东省,2004.24922930549,1,0,87,119
441825,0.00371523261797601,244,Guangdong,连山壮族瑶族自治县,广东省,1216.03012339005,3,0,88,119
440804,0.0036438283201278,244,Guangdong,坡头区,广东省,501.053121884094,4,0.00161285859320914,89,119
441623,0.00362844837036486,244,Guangdong,连平县,广东省,2274.06462469222,1,0.000458833027506193,90,119
441424,0.00360117226519719,244,Guangdong,五华县,广东省,3237.24087316344,1,0,91,119
440604,0.0035852247568451,244,Guangdong,禅城区,广东省,153.299802275698,28,0,92,119
440281,0.00357060024861801,244,Guangdong,乐昌市,广东省,2423.39640925711,3,0.00263598624495401,93,119
441481,0.00348695938666174,244,Guangdong,兴宁市,广东省,2076.01646237862,2,0.0047956474812672,94,119
441224,0.00335699022930006,244,Guangdong,怀集县,广东省,3556.58257536886,0,5.58387376553405e-05,95,119
441403,0.00301045271211618,244,Guangdong,梅县区,广东省,2475.21098863234,1,0,96,119
440802,0.002859526379862,244,Guangdong,赤坎区,广东省,62.1186078482522,23,0,97,119
445322,0.00282946703930489,244,Guangdong,郁南县,广东省,1961.49164683129,0,0,98,119
441427,0.00282302862871268,244,Guangdong,蕉岭县,广东省,961.947234425747,3,0,99,119
445302,0.00274392829877031,244,Guangdong,云城区,广东省,786.563146655037,1,0,100,119
441422,0.00266220373621607,244,Guangdong,大埔县,广东省,2461.01124714619,1,0.00049125874180374,101,119
440204,0.00262026616763752,244,Guangdong,浈江区,广东省,569.443158164215,4,0,102,119
441826,0.00260749004953037,244,Guangdong,连南瑶族自治县,广东省,1242.07130950794,1,0,103,119
441624,0.00252709256824982,244,Guangdong,和平县,广东省,2291.48630436952,0,0,104,119
441426,0.00246262854447451,244,Guangdong,平远县,广东省,1373.29116923802,1,0.0186104085112909,105,119
445303,0.00236276513874874,244,Guangdong,云安区,广东省,1180.42147274104,0,0,106,119
441602,0.0023516839647612,244,Guangdong,源城区,广东省,362.730533650183,2,0,107,119
441284,0.0022011748504563,244,Guangdong,四会市,广东省,1263.67774205886,0,0.00212675461116658,108,119
440103,0.00217963165164234,244,Guangdong,荔湾区,广东省,62.3995392591192,20,0,109,119
441821,0.00212627465031871,244,Guangdong,佛冈县,广东省,1294.03483861038,0,0,110,119
440514,0.00196671071804085,244,Guangdong,潮南区,广东省,597.871017765713,2,0,111,119
440803,0.00191369818938492,244,Guangdong,霞山区,广东省,100.392336881833,5,0.00107113665704474,112,119
440523,0.00183148678359598,244,Guangdong,南澳县,广东省,107.358863159784,16,0.00761502841211801,113,119
440513,0.00170686329784307,244,Guangdong,潮阳区,广东省,667.929206610782,1,0,114,119
441402,0.00158976442579766,244,Guangdong,梅江区,广东省,570.014563326097,1,0,115,119
441523,0.00157316192681411,244,Guangdong,陆河县,广东省,984.413294227383,0,0,116,119
445203,0.00142616589078946,244,Guangdong,揭东区,广东省,708.738564477121,0,0,117,119
445202,0.00130567002988626,244,Guangdong,榕城区,广东省,337.728847767741,1,0,118,119
440704,0.0011990865048862,244,Guangdong,江海区,广东省,108.896810430642,1,0,119,119
451002,0.0755611988652342,261,Guangxi,右江区,广西壮族自治区,3715.23156140334,1253,0.0100464154852751,1,111
451423,0.0631009896789976,261,Guangxi,龙州县,广西壮族自治区,2311.10467576685,732,0.111777395435257,2,111
450503,0.035857255555833,261,Guangxi,银海区,广西壮族自治区,458.474660823398,245,0.4288677412364,3,111
451402,0.0315671453295494,261,Guangxi,江州区,广西壮族自治区,2915.68185447146,75,0.150392366496192,4,111
450621,0.0302127822715071,261,Guangxi,上思县,广西壮族自治区,2814.41631377059,45,0.139263055050038,5,111
450321,0.0293442451259015,261,Guangxi,阳朔县,广西壮族自治区,1435.93523319608,265,0,6,111
451026,0.0284960345240386,261,Guangxi,那坡县,广西壮族自治区,2222.56134680613,185,0,7,111
451421,0.0264780949657247,261,Guangxi,扶绥县,广西壮族自治区,2842.05360156064,73,0.0372481156776985,8,111
450521,0.0207797108695155,261,Guangxi,合浦县,广西壮族自治区,2417.62544536148,35,0.198658070954804,9,111
451081,0.0206234573356502,261,Guangxi,靖西市,广西壮族自治区,3324.04684098782,56,0.0248627187567427,10,111
450602,0.0191228662320084,261,Guangxi,港口区,广西壮族自治区,306.304250473145,24,0,11,111
450603,0.0169789624805266,261,Guangxi,防城区,广西壮族自治区,2363.59085837114,13,0.127605944615816,12,111
451424,0.0165604817785213,261,Guangxi,大新县,广西壮族自治区,2748.46571088264,25,0.0681149716483118,13,111
451324,0.0163292379541664,261,Guangxi,金秀瑶族自治县,广西壮族自治区,2472.09161292159,33,0.103838794794819,14,111
450312,0.0155629040441415,261,Guangxi,临桂区,广西壮族自治区,2246.86627721428,44,0.0297828648469106,15,111
451422,0.015273079239792,261,Guangxi,宁明县,广西壮族自治区,3704.18341535847,17,0.00800562823732179,16,111
450702,0.0151314038586052,261,Guangxi,钦南区,广西壮族自治区,2375.98785815537,28,0,17,111
450502,0.0150180706690248,261,Guangxi,海城区,广西壮族自治区,118.054069621389,69,0.199225047374108,18,111
451102,0.0139119823018409,261,Guangxi,八步区,广西壮族自治区,3663.64504140078,21,0.0104050514175311,19,111
450325,0.0139111519964637,261,Guangxi,兴安县,广西壮族自治区,2332.28916966402,44,0.0417424072752149,20,111
450107,0.0133518268694577,261,Guangxi,西乡塘区,广西壮族自治区,1077.64692705593,61,0,21,111
450103,0.0130492967786294,261,Guangxi,青秀区,广西壮族自治区,864.072873889407,96,0,22,111
450328,0.0127827681930088,261,Guangxi,龙胜各族自治县,广西壮族自治区,2451.97933370342,43,0.0314105731884474,23,111
451029,0.0122637847594016,261,Guangxi,田林县,广西壮族自治区,5515.65405330212,10,0.0299975716003343,24,111
450110,0.0117924848630574,261,Guangxi,武鸣区,广西壮族自治区,3387.59808798158,9,0.021260918010912,25,111
450223,0.0110557041618474,261,Guangxi,鹿寨县,广西壮族自治区,2973.92253641649,9,0.0315312077186319,26,111
451323,0.0110050543878651,261,Guangxi,武宣县,广西壮族自治区,1702.19993603376,39,0,27,111
450105,0.00981746952840527,261,Guangxi,江南区,广西壮族自治区,1181.67098941165,27,0.00107886965680838,28,111
450481,0.00885037319666951,261,Guangxi,岑溪市,广西壮族自治区,2769.92088131901,6,0,29,111
450923,0.00882976325250127,261,Guangxi,博白县,广西壮族自治区,3829.14561556821,6,0,30,111
450323,0.00872441965702982,261,Guangxi,灵川县,广西壮族自治区,2303.9902376631,13,0,31,111
450123,0.00862407084661781,261,Guangxi,隆安县,广西壮族自治区,2307.65989142466,7,0.0202880608644119,32,111
450681,0.00845314136550227,261,Guangxi,东兴市,广西壮族自治区,500.267510475353,16,0,33,111
450981,0.00831709412269623,261,Guangxi,北流市,广西壮族自治区,2452.32107473219,7,3.24632616866734e-05,34,111
451225,0.00822562196226155,261,Guangxi,罗城仫佬族自治县,广西壮族自治区,2652.11121280443,8,0.0312936303038347,35,111
451031,0.00820326540316643,261,Guangxi,隆林各族自治县,广西壮族自治区,3520.36913046173,3,0.0484236059226568,36,111
450422,0.00785555678614725,261,Guangxi,藤县,广西壮族自治区,3942.1785066449,4,0,37,111
450324,0.00770216001801954,261,Guangxi,全州县,广西壮族自治区,3974.91024973021,8,0.00932350998243775,38,111
450423,0.0071178120530374,261,Guangxi,蒙山县,广西壮族自治区,1278.83496233822,11,0.000537843764349349,39,111
450821,0.0070388266092147,261,Guangxi,平南县,广西壮族自治区,2987.3658093437,5,0.00032277460941037,40,111
451203,0.00700385911671224,261,Guangxi,宜州区,广西壮族自治区,3853.71428596781,3,0,41,111
450225,0.00696867216757208,261,Guangxi,融水苗族自治县,广西壮族自治区,4639.91446372617,3,0.0341560836522428,42,111
450125,0.00691672372947973,261,Guangxi,上林县,广西壮族自治区,1869.66671428165,4,0.048887255285646,43,111
451030,0.00688381358162413,261,Guangxi,西林县,广西壮族自治区,2997.8020084228,1,0.181006689438385,44,111
450127,0.00676786045114829,261,Guangxi,横县,广西壮族自治区,3448.66432404432,4,1.44281855621223e-05,45,111
450102,0.00649054513587709,261,Guangxi,兴宁区,广西壮族自治区,724.039045993689,20,0,46,111
451003,0.00643009443320125,261,Guangxi,田阳区,广西壮族自治区,2372.42258176195,3,0,47,111
451121,0.00633474502750125,261,Guangxi,昭平县,广西壮族自治区,3227.21987047709,3,0.0391853825491749,48,111
450881,0.00631239325839998,261,Guangxi,桂平市,广西壮族自治区,4071.9987250236,3,0,49,111
450108,0.00612501259730957,261,Guangxi,良庆区,广西壮族自治区,1370.91200755794,7,0,50,111
451322,0.00608019570009908,261,Guangxi,象州县,广西壮族自治区,1919.96864534106,5,6.22060041166429e-05,51,111
450326,0.00592833424914098,261,Guangxi,永福县,广西壮族自治区,2793.18951420882,2,0,52,111
450421,0.00574400161134541,261,Guangxi,苍梧县,广西壮族自治区,2778.80118089482,2,0,53,111
451028,0.00542556083513441,261,Guangxi,乐业县,广西壮族自治区,2634.18649464501,3,0.0858986984617009,54,111
450311,0.00534725890567889,261,Guangxi,雁山区,广西壮族自治区,303.455231465585,20,0.000820122804443172,55,111
451302,0.00517683815130515,261,Guangxi,兴宾区,广西壮族自治区,4404.50065900956,1,0,56,111
450124,0.00502229683160011,261,Guangxi,马山县,广西壮族自治区,2340.91764199463,1,0.00626003076882048,57,111
451226,0.00500328010531553,261,Guangxi,环江毛南族自治县,广西壮族自治区,4554.42406710564,1,0.042089060562001,58,111
450126,0.00493116373256602,261,Guangxi,宾阳县,广西壮族自治区,2298.48133031711,2,0,59,111
450512,0.00484322097208933,261,Guangxi,铁山港区,广西壮族自治区,404.801337824384,11,0,60,111
450921,0.00480380037744343,261,Guangxi,容县,广西壮族自治区,2254.75187832682,2,0,61,111
450205,0.00480065255438493,261,Guangxi,柳北区,广西壮族自治区,310.429921907403,17,0,62,111
450381,0.00466271406419341,261,Guangxi,荔浦市,广西壮族自治区,1754.57511620166,1,0.00349792113261224,63,111
451321,0.00455657180225739,261,Guangxi,忻城县,广西壮族自治区,2522.49761776206,1,0,64,111
451103,0.00445295497001008,261,Guangxi,平桂区,广西壮族自治区,1853.13588897351,2,0,65,111
450203,0.00443244768770925,261,Guangxi,鱼峰区,广西壮族自治区,460.635364894933,9,0,66,111
450222,0.00424786521742521,261,Guangxi,柳城县,广西壮族自治区,2114.51180181503,1,0,67,111
451481,0.00420602728832329,261,Guangxi,凭祥市,广西壮族自治区,644.887726510652,6,0,68,111
451228,0.00404829073350088,261,Guangxi,都安瑶族自治县,广西壮族自治区,4070.33661891593,0,0,69,111
451022,0.0040212664692419,261,Guangxi,田东县,广西壮族自治区,2809.99996534133,0,0,70,111
450803,0.00398554144493613,261,Guangxi,港南区,广西壮族自治区,1099.59122621974,4,0,71,111
450902,0.00397941159285873,261,Guangxi,玉州区,广西壮族自治区,436.087067950735,9,0,72,111
450305,0.00397753413921778,261,Guangxi,七星区,广西壮族自治区,70.3032402156614,53,0,73,111
450721,0.00384718325749623,261,Guangxi,灵山县,广西壮族自治区,3558.43528007643,0,0,74,111
450922,0.003828968485278,261,Guangxi,陆川县,广西壮族自治区,1553.46582917694,1,0,75,111
451024,0.00373365367968309,261,Guangxi,德保县,广西壮族自治区,2577.68700955289,0,0.0375413145354843,76,111
450329,0.00366876463275789,261,Guangxi,资源县,广西壮族自治区,1941.82060194925,3,0.053369962064713,77,111
450109,0.00364943806061689,261,Guangxi,邕宁区,广西壮族自治区,1228.32758095408,2,0,78,111
450226,0.00362482020957788,261,Guangxi,三江侗族自治县,广西壮族自治区,2418.3786219314,1,0,79,111
451229,0.00362316430214295,261,Guangxi,大化瑶族自治县,广西壮族自治区,2782.0916310776,0,0,80,111
451082,0.00362122308530882,261,Guangxi,平果市,广西壮族自治区,2456.06114687592,0,0,81,111
451222,0.00361435833474247,261,Guangxi,天峨县,广西壮族自治区,3184.66429673972,0,0.150940261530487,82,111
451425,0.00353206261719959,261,Guangxi,天等县,广西壮族自治区,2165.07657139236,0,0.00595670726552055,83,111
450703,0.00351831402352712,261,Guangxi,钦北区,广西壮族自治区,2218.87066079837,0,0.000256433490510211,84,111
451027,0.00351557908728622,261,Guangxi,凌云县,广西壮族自治区,2051.11443618648,1,0.0136956719112758,85,111
450224,0.00345317877173918,261,Guangxi,融安县,广西壮族自治区,2900.28183322434,0,0.0164578383867395,86,111
450206,0.00324136940820278,261,Guangxi,柳江区,广西壮族自治区,2537.79032714424,0,0,87,111
450304,0.00321550097867956,261,Guangxi,象山区,广西壮族自治区,89.6511048581653,19,0,88,111
450802,0.00319410864435783,261,Guangxi,港北区,广西壮族自治区,1096.7669406313,2,0,89,111
450330,0.00315228945201617,261,Guangxi,平乐县,广西壮族自治区,1892.69918164803,0,0.0082164931917173,90,111
450722,0.00315192217443155,261,Guangxi,浦北县,广西壮族自治区,2528.6805414937,0,0,91,111
451221,0.00313728931805147,261,Guangxi,南丹县,广西壮族自治区,3904.8913929951,0,0.00846694070677501,92,111
450924,0.00312971090475108,261,Guangxi,兴业县,广西壮族自治区,1466.99408617166,1,0,93,111
451202,0.00294851518022416,261,Guangxi,金城江区,广西壮族自治区,2346.044349712,0,0,94,111
450405,0.00292791696482697,261,Guangxi,长洲区,广西壮族自治区,374.951325695536,3,0,95,111
451122,0.00280859198992598,261,Guangxi,钟山县,广西壮族自治区,1470.80114103042,0,0,96,111
451224,0.00279013740452318,261,Guangxi,东兰县,广西壮族自治区,2423.50303608678,0,0,97,111
450403,0.00275435137525711,261,Guangxi,万秀区,广西壮族自治区,448.205951009373,2,0,98,111
451227,0.00273954691711081,261,Guangxi,巴马瑶族自治县,广西壮族自治区,1980.35920919374,0,0,99,111
450332,0.00256656945295758,261,Guangxi,恭城瑶族自治县,广西壮族自治区,2140.18175945342,0,0,100,111
450202,0.00254744830486355,261,Guangxi,城中区,广西壮族自治区,84.6483721284856,14,0,101,111
450327,0.00250384320912901,261,Guangxi,灌阳县,广西壮族自治区,1836.78786253546,0,0.0679997210507999,102,111
451123,0.00248166259397575,261,Guangxi,富川瑶族自治县,广西壮族自治区,1537.79936416509,0,0,103,111
450406,0.00240459556524385,261,Guangxi,龙圩区,广西壮族自治区,972.042021803621,0,0,104,111
451223,0.00237412192771708,261,Guangxi,凤山县,广西壮族自治区,1727.98299015488,0,0,105,111
450804,0.00220836850378729,261,Guangxi,覃塘区,广西壮族自治区,1351.6359427378,0,0,106,111
450903,0.0020455027470689,261,Guangxi,福绵区,广西壮族自治区,830.369741377497,0,0,107,111
450204,0.00193777286743873,261,Guangxi,柳南区,广西壮族自治区,162.977815054308,3,0,108,111
451381,0.0016079033628662,261,Guangxi,合山市,广西壮族自治区,365.309912687885,0,0,109,111
450302,0.00151074127165671,261,Guangxi,秀峰区,广西壮族自治区,42.3006009407456,8,0,110,111
450303,0.000597012107398375,261,Guangxi,叠彩区,广西壮族自治区,50.5190176560588,0,0,111,111
520323,0.0430512246757878,272,Guizhou,绥阳县,贵州省,2547.48486493148,131,0.102514419410494,1,88
520111,0.0361649862598056,272,Guizhou,花溪区,贵州省,963.26720457614,289,0,2,88
522722,0.0349697707281745,272,Guizhou,荔波县,贵州省,2413.9460485134,32,0.0938790758657492,3,88
520526,0.0327622538251068,272,Guizhou,威宁彝族回族苗族自治县,贵州省,6299.88447974855,50,0.0160366161568539,4,88
520381,0.0291893826982118,272,Guizhou,赤水市,贵州省,1851.79648754095,26,0.211183686650937,5,88
522301,0.0256051038100666,272,Guizhou,兴义市,贵州省,2905.5285800201,12,6.09713645090234e-05,6,88
520625,0.0249829545938256,272,Guizhou,印江土家族苗族自治县,贵州省,1966.95275143122,44,0.0663337462559696,7,88
522631,0.0246437806360066,272,Guizhou,黎平县,贵州省,4419.1835591193,14,0,8,88
522727,0.0242386716833689,272,Guizhou,平塘县,贵州省,2804.15083155825,26,0,9,88
520330,0.0241891491298218,272,Guizhou,习水县,贵州省,3073.85755200022,18,0.167712075594517,10,88
520281,0.0236954489327365,272,Guizhou,盘州市,贵州省,4041.17552182103,15,0,11,88
522634,0.0217111333165513,272,Guizhou,雷山县,贵州省,1206.13114842842,21,0.273352967081601,12,88
520626,0.0203193674605379,272,Guizhou,德江县,贵州省,2071.71001924289,27,0.000294082074110634,13,88
520221,0.0191422712871472,272,Guizhou,水城县,贵州省,3608.98063121804,14,0,14,88
522327,0.0188869634991699,272,Guizhou,册亨县,贵州省,2596.01857180849,5,0.0199461737944985,15,88
520424,0.018866565721342,272,Guizhou,关岭布依族苗族自治县,贵州省,1464.30625246455,23,0,16,88
520624,0.0172024342795388,272,Guizhou,思南县,贵州省,2214.43975032423,19,0,17,88
520621,0.0168467366848202,272,Guizhou,江口县,贵州省,1877.18866985154,12,0.141069522427658,18,88
520627,0.016328778977751,272,Guizhou,沿河土家族自治县,贵州省,2484.25273270379,7,0.0858640162409308,19,88
522632,0.0142222794932075,272,Guizhou,榕江县,贵州省,3298.43632118399,5,0.01397445361984,20,88
520115,0.0134801183849742,272,Guizhou,观山湖区,贵州省,306.589560069653,88,0,21,88
520402,0.0133787617702544,272,Guizhou,西秀区,贵州省,1728.88647703366,11,0,22,88
520403,0.0133144284590757,272,Guizhou,平坝区,贵州省,987.855085716057,25,0,23,88
520303,0.0125902701972591,272,Guizhou,汇川区,贵州省,1518.35822510302,18,0,24,88
522701,0.0121915220518943,272,Guizhou,都匀市,贵州省,2286.96494102491,6,0,25,88
522326,0.0121544382346236,272,Guizhou,望谟县,贵州省,3019.51634297129,1,0.0628480039140098,26,88
522731,0.0119881088975424,272,Guizhou,惠水县,贵州省,2467.67824093005,5,0,27,88
522328,0.0119533225553257,272,Guizhou,安龙县,贵州省,2232.65055862721,2,0,28,88
520322,0.0119353642086091,272,Guizhou,桐梓县,贵州省,3208.051781429,5,0.0230649915588575,29,88
520328,0.0117862217401783,272,Guizhou,湄潭县,贵州省,1867.0010185395,10,0,30,88
522601,0.011457674353265,272,Guizhou,凯里市,贵州省,1570.65056769753,11,0,31,88
520181,0.0108906595307918,272,Guizhou,清镇市,贵州省,1385.86156552788,11,0,32,88
520524,0.0105162272670853,272,Guizhou,织金县,贵州省,2864.41462040477,5,0,33,88
520382,0.0104846827609109,272,Guizhou,仁怀市,贵州省,1788.43623720897,7,0.0803273501707031,34,88
522732,0.0104125929174371,272,Guizhou,三都水族自治县,贵州省,2373.20449678227,2,0,35,88
522625,0.0100910409358594,272,Guizhou,镇远县,贵州省,1889.19310460504,7,0,36,88
520102,0.0100088147019788,272,Guizhou,南明区,贵州省,212.317517765767,62,0,37,88
520112,0.00995411012432667,272,Guizhou,乌当区,贵州省,682.342696906553,19,0,38,88
522728,0.00993126634879442,272,Guizhou,罗甸县,贵州省,3010.80492933505,1,0.000158316908544846,39,88
522633,0.00985626636131232,272,Guizhou,从江县,贵州省,3220.17487811615,1,0.0012963133129682,40,88
520425,0.00972229450467646,272,Guizhou,紫云苗族布依族自治县,贵州省,2255.34241781185,2,0.000221177461583734,41,88
520113,0.00960667637142128,272,Guizhou,白云区,贵州省,269.499945797913,45,0,42,88
520302,0.00927705704980243,272,Guizhou,红花岗区,贵州省,1397.96774472621,8,0,43,88
522325,0.00880346427904982,272,Guizhou,贞丰县,贵州省,1508.91816558223,2,0,44,88
522629,0.00847503837425495,272,Guizhou,剑河县,贵州省,2187.32975962456,3,0.0195953847447136,45,88
522730,0.00840998807696689,272,Guizhou,龙里县,贵州省,1519.40612329373,5,0,46,88
522726,0.008277335428857,272,Guizhou,独山县,贵州省,2478.00277084369,1,0,47,88
520103,0.00805786396913168,272,Guizhou,云岩区,贵州省,88.5887939717903,88,0,48,88
522627,0.00794544559679945,272,Guizhou,天柱县,贵州省,2175.3936029312,2,0,49,88
520326,0.00788818499736078,272,Guizhou,务川仡佬族苗族自治县,贵州省,2775.68147771425,1,0.0397094913249218,50,88
520121,0.0078510218715227,272,Guizhou,开阳县,贵州省,2024.08087454991,3,0,51,88
520602,0.00752634135093363,272,Guizhou,碧江区,贵州省,1011.71401500272,4,0,52,88
520623,0.00691015719295354,272,Guizhou,石阡县,贵州省,2167.88123967229,2,0,53,88
520325,0.00690435234584924,272,Guizhou,道真仡佬族苗族自治县,贵州省,2156.61255850675,2,0.00160310776096434,54,88
520525,0.00666400547825063,272,Guizhou,纳雍县,贵州省,2454.47255316762,2,0,55,88
520203,0.00664971040703374,272,Guizhou,六枝特区,贵州省,1797.14983725583,1,0,56,88
520304,0.00660598685170039,272,Guizhou,播州区,贵州省,2487.79695017867,1,0,57,88
520521,0.00649221143886887,272,Guizhou,大方县,贵州省,3498.49060688758,1,0,58,88
522729,0.00631180344903926,272,Guizhou,长顺县,贵州省,1549.72228757685,1,0,59,88
522628,0.00604435221358036,272,Guizhou,锦屏县,贵州省,1617.30861864878,1,0,60,88
520628,0.00603500642594261,272,Guizhou,松桃苗族自治县,贵州省,2856.25932460015,0,0.00945632830826781,61,88
520123,0.00595882946296019,272,Guizhou,修文县,贵州省,1073.19673258926,3,0,62,88
522302,0.00594454937245192,272,Guizhou,兴仁市,贵州省,1777.98277203777,0,0,63,88
522323,0.00588145082351736,272,Guizhou,普安县,贵州省,1452.22281129215,0,0.0256006781265978,64,88
522725,0.00584127574229201,272,Guizhou,瓮安县,贵州省,1964.50985262045,1,0,65,88
522723,0.00556944093751458,272,Guizhou,贵定县,贵州省,1628.25076937699,1,0,66,88
522622,0.00548102116720778,272,Guizhou,黄平县,贵州省,1668.51339461942,1,0,67,88
522702,0.00531081560076703,272,Guizhou,福泉市,贵州省,1691.55084747549,1,0,68,88
520423,0.00522392779296539,272,Guizhou,镇宁布依族苗族自治县,贵州省,1716.81671820348,0,0,69,88
522324,0.00510865557863722,272,Guizhou,晴隆县,贵州省,1309.0073231097,0,1.95913223459555e-05,70,88
522630,0.0051079270302725,272,Guizhou,台江县,贵州省,1076.91638714902,1,0.0404469871110484,71,88
520502,0.00501006342847177,272,Guizhou,七星关区,贵州省,3412.69830573397,0,0.0339320952602347,72,88
520522,0.00480196831585669,272,Guizhou,黔西县,贵州省,2554.24028797326,0,0,73,88
520324,0.004730104288646,272,Guizhou,正安县,贵州省,2588.52568485884,0,9.11834287880075e-05,74,88
520523,0.00472646501000104,272,Guizhou,金沙县,贵州省,2520.9615779414,0,0.0156410773822625,75,88
520122,0.00445312227516126,272,Guizhou,息烽县,贵州省,1037.65104200057,1,0,76,88
520201,0.00437179718088673,272,Guizhou,钟山区,贵州省,468.03211275367,4,0,77,88
520527,0.00417888560196402,272,Guizhou,赫章县,贵州省,3241.62928497978,0,0,78,88
520327,0.00412673238470652,272,Guizhou,凤冈县,贵州省,1883.28071033055,0,0,79,88
522626,0.00399481637039655,272,Guizhou,岑巩县,贵州省,1490.19131454836,0,0,80,88
520329,0.00395541061067776,272,Guizhou,余庆县,贵州省,1622.55668527316,0,6.14081255427153e-05,81,88
522636,0.00389675251131303,272,Guizhou,丹寨县,贵州省,942.88457960445,0,0,82,88
522623,0.00378487314965628,272,Guizhou,施秉县,贵州省,1528.81575168969,0,0,83,88
520422,0.0036388777437173,272,Guizhou,普定县,贵州省,1081.38748391645,0,0,84,88
520603,0.00350919574419668,272,Guizhou,万山区,贵州省,839.922882318765,0,0,85,88
522635,0.00339423482191807,272,Guizhou,麻江县,贵州省,958.793978856084,0,0,86,88
522624,0.00329620850732736,272,Guizhou,三穗县,贵州省,1030.16934977865,0,0,87,88
520622,0.00284915137804425,272,Guizhou,玉屏侗族自治县,贵州省,521.056375397462,0,0,88,88
469027,0.140884188988027,191,Hainan,乐东黎族自治县,海南省,2761.18837965685,897,0.0357966383462846,1,24
460400,0.123814643172398,191,Hainan,儋州市,海南省,3260.16848149723,279,0.0787104130555322,2,24
469026,0.065119925537783,191,Hainan,昌江黎族自治县,海南省,1594.00246110688,181,0.133170391304119,3,24
460108,0.0530562537406683,191,Hainan,美兰区,海南省,509.658365612084,213,0,4,24
469023,0.0479836463188025,191,Hainan,澄迈县,海南省,2054.11797114736,46,0.00238163815224198,5,24
469007,0.0475781356119221,191,Hainan,东方市,海南省,2257.75188829521,84,0.0731799378826035,6,24
469006,0.0475746222728692,191,Hainan,万宁市,海南省,1883.22949051323,60,0.0279607216213629,7,24
460105,0.0458435565592407,191,Hainan,秀英区,海南省,492.548333189852,139,0.0299216475399451,8,24
469025,0.0425509687732036,191,Hainan,白沙黎族自治县,海南省,2117.48600171171,51,0.0553725178672818,9,24
460203,0.0389259712894591,191,Hainan,吉阳区,海南省,366.759033943435,211,0.0634849407606255,10,24
469030,0.0384569052356788,191,Hainan,琼中黎族苗族自治县,海南省,2705.4382718313,23,0.0543410745767674,11,24
469005,0.038350459271922,191,Hainan,文昌市,海南省,2366.76289477599,22,0.0228299368217369,12,24
469028,0.0373905287898473,191,Hainan,陵水黎族自治县,海南省,1088.57807277242,39,0.131320996859323,13,24
460107,0.0326403898454858,191,Hainan,琼山区,海南省,929.927746354868,41,0,14,24
460106,0.0317972027899512,191,Hainan,龙华区,海南省,300.285864223559,71,0.116040525983184,15,24
460204,0.0281418645872972,191,Hainan,天涯区,海南省,940.135890145173,51,0.000364857419533813,16,24
469001,0.0247771037321196,191,Hainan,五指山市,海南省,1143.8264520826,24,0.0279582755907023,17,24
469024,0.0241278932088017,191,Hainan,临高县,海南省,1299.19500100152,13,0.00304398173181759,18,24
469029,0.0208167220111276,191,Hainan,保亭黎族苗族自治县,海南省,1152.98861315155,15,0.0165155488238317,19,24
469002,0.0198747016529378,191,Hainan,琼海市,海南省,1687.67482456083,6,0.0251552288005732,20,24
460205,0.0143484882710771,191,Hainan,崖州区,海南省,345.274336996933,32,0,21,24
460202,0.0124163034383596,191,Hainan,海棠区,海南省,248.622771813595,22,0,22,24
469022,0.0117663027843267,191,Hainan,屯昌县,海南省,1223.49666333862,2,0,23,24
469021,0.0117632221166946,191,Hainan,定安县,海南省,1196.55761388133,2,0,24,24
130209,0.08217619186678,201,Hebei,曹妃甸区,河北省,1435.14371130482,2317,0,1,168
130224,0.0542179838451249,201,Hebei,滦南县,河北省,1145.00504493756,1192,0,2,168
130225,0.0430240037468805,201,Hebei,乐亭县,河北省,1461.81363021287,518,0,3,168
130822,0.0423323275552505,201,Hebei,兴隆县,河北省,3119.31738135535,278,0.0445461495751052,4,168
130730,0.0384782682836078,201,Hebei,怀来县,河北省,1771.61946242471,458,0.00126109736599646,5,168
130828,0.0256176538656099,201,Hebei,围场满族蒙古族自治县,河北省,9037.56517769748,65,0.0791517326377483,6,168
130321,0.0229797524582893,201,Hebei,青龙满族自治县,河北省,3507.62511483277,82,0.00270075346412357,7,168
130824,0.0195597085968001,201,Hebei,滦平县,河北省,2993.69135036516,56,0,8,168
130304,0.0174888158886828,201,Hebei,北戴河区,河北省,125.499687168651,707,0,9,168
130322,0.0171489338113738,201,Hebei,昌黎县,河北省,1204.06779534061,65,0,10,168
130983,0.014913000924731,201,Hebei,黄骅市,河北省,2230.1555245803,18,0.0615601894849775,11,168
131102,0.0145577949349194,201,Hebei,桃城区,河北省,590.700034906379,64,0.104468920137211,12,168
130826,0.0142604337160707,201,Hebei,丰宁满族自治县,河北省,8737.54590144379,18,0,13,168
130306,0.0136665701538342,201,Hebei,抚宁区,河北省,1099.46642289976,48,0,14,168
131103,0.0127601185784189,201,Hebei,冀州区,河北省,917.064263896195,26,0.125306483681994,15,168
130131,0.0126472108737482,201,Hebei,平山县,河北省,2647.28578008841,15,0.0806496732738033,16,168
130207,0.0124145744610851,201,Hebei,丰南区,河北省,1383.99862002325,25,0,17,168
130110,0.0117729503866752,201,Hebei,鹿泉区,河北省,617.026968472147,40,0,18,168
130731,0.0110775064310373,201,Hebei,涿鹿县,河北省,2796.4019273374,20,0.0537422716332375,19,168
130709,0.0106973627653061,201,Hebei,崇礼区,河北省,2339.40536396336,45,0,20,168
130104,0.00965050523021445,201,Hebei,桥西区,河北省,66.3083003785489,226,0,21,168
131082,0.00935648923179119,201,Hebei,三河市,河北省,634.317732045903,29,0,22,168
130102,0.00926122311046196,201,Hebei,长安区,河北省,144.054562947783,98,0,23,168
130303,0.00842531839801459,201,Hebei,山海关区,河北省,192.013519023271,81,0,24,168
130302,0.00800509471444819,201,Hebei,海港区,河北省,707.375017066746,22,0,25,168
130481,0.00786600427682622,201,Hebei,武安市,河北省,1810.54511013537,2,0.0834784020989078,26,168
130623,0.0078627344277057,201,Hebei,涞水县,河北省,1652.07561384732,10,0.00260772109650075,27,168
130108,0.00780418951453059,201,Hebei,裕华区,河北省,107.160664538018,98,0,28,168
130732,0.00772223024278504,201,Hebei,赤城县,河北省,5271.35560707881,5,0.024832865355676,29,168
130705,0.00727239596031394,201,Hebei,宣化区,河北省,2016.49403027682,14,0,30,168
130726,0.00724725531653223,201,Hebei,蔚县,河北省,3196.44719196003,8,0.0401132713748255,31,168
130722,0.00716054276190191,201,Hebei,张北县,河北省,4190.24329166809,10,0,32,168
130105,0.00710639026655217,201,Hebei,新华区,河北省,90.6037889919452,80,0,33,168
130633,0.00692084253894451,201,Hebei,易县,河北省,2537.24821935194,4,0,34,168
130123,0.00687650338061452,201,Hebei,正定县,河北省,476.95728505353,15,0,35,168
130825,0.00676773358793196,201,Hebei,隆化县,河北省,5473.22522941649,2,0.0737557838741906,36,168
130881,0.00665015824600542,201,Hebei,平泉市,河北省,3294.9881083191,2,0.101142135797025,37,168
130403,0.00647995507815346,201,Hebei,丛台区,河北省,401.30944457554,13,0,38,168
130802,0.0064293235283249,201,Hebei,双桥区,河北省,653.89304130484,16,0,39,168
130229,0.00614701599330461,201,Hebei,玉田县,河北省,1168.30445990838,5,0,40,168
130121,0.00607721337577818,201,Hebei,井陉县,河北省,1375.83014807466,3,0,41,168
130632,0.00576714565439017,201,Hebei,安新县,河北省,726.008366631353,7,0,42,168
130922,0.00540325637663785,201,Hebei,青县,河北省,990.847394768766,4,0,43,168
130521,0.00520667190504311,201,Hebei,邢台县,河北省,1961.63300075725,1,0.000402763559406587,44,168
130821,0.00508843692225156,201,Hebei,承德县,河北省,3646.87518020998,1,0.0030457560854351,45,168
130283,0.0050119717932612,201,Hebei,迁安市,河北省,1225.16099749905,3,0,46,168
130630,0.00491145940041049,201,Hebei,涞源县,河北省,2442.37003738642,4,0,47,168
130724,0.00491001999581675,201,Hebei,沽源县,河北省,3596.24580531932,5,0,48,168
131022,0.00483270772135539,201,Hebei,固安县,河北省,702.94932296432,4,0,49,168
130827,0.0048119416550512,201,Hebei,宽城满族自治县,河北省,1936.27203373886,3,0,50,168
130681,0.00480526272003688,201,Hebei,涿州市,河北省,749.98747962273,3,0,51,168
130281,0.00466076433153273,201,Hebei,遵化市,河北省,1515.60557883003,2,5.67086363094716e-05,52,168
130227,0.00443528690385719,201,Hebei,迁西县,河北省,1456.94173185697,2,0,53,168
130284,0.00431675276521693,201,Hebei,滦州市,河北省,1028.59348748211,2,0,54,168
130921,0.00431458368924228,201,Hebei,沧县,河北省,1537.43103230397,1,0,55,168
130402,0.00419635098371698,201,Hebei,邯山区,河北省,425.100932886166,3,0,56,168
131126,0.00412616183793383,201,Hebei,故城县,河北省,938.839569118198,2,0,57,168
130723,0.00410802915817842,201,Hebei,康保县,河北省,3366.14083934353,3,0,58,168
130324,0.00408343370555467,201,Hebei,卢龙县,河北省,955.623575543396,2,0.00486103982733106,59,168
131002,0.00404609278137824,201,Hebei,安次区,河北省,579.695748889443,3,0,60,168
130607,0.00381222006573113,201,Hebei,满城区,河北省,659.768538673279,2,0,61,168
131182,0.00378685445662372,201,Hebei,深州市,河北省,1251.94341408023,1,0,62,168
130128,0.00377904230340896,201,Hebei,深泽县,河北省,296.148023760645,7,0,63,168
131122,0.00377742830026967,201,Hebei,武邑县,河北省,831.807404850188,2,0,64,168
131003,0.00373203804850288,201,Hebei,广阳区,河北省,383.504004480667,4,0,65,168
130725,0.0036409124725963,201,Hebei,尚义县,河北省,2615.21694318951,2,0,66,168
130426,0.0036294621674943,201,Hebei,涉县,河北省,1500.36563347882,0,0,67,168
131081,0.00359943325745768,201,Hebei,霸州市,河北省,802.132956089873,1,0,68,168
130109,0.00348637687239953,201,Hebei,藁城区,河北省,812.93697746912,1,0,69,168
130181,0.00344650927328589,201,Hebei,辛集市,河北省,951.798669100621,1,0,70,168
130626,0.003393312615466,201,Hebei,定兴县,河北省,715.314345776624,1,0,71,168
131024,0.00336622539209081,201,Hebei,香河县,河北省,447.896248957074,2,0,72,168
130133,0.00331208109768298,201,Hebei,赵县,河北省,674.336606980683,1,0,73,168
130582,0.00324285221649526,201,Hebei,沙河市,河北省,963.273300308924,0,5.00898613693452e-05,74,168
130682,0.00308826286753206,201,Hebei,定州市,河北省,1279.78366751322,0,0,75,168
130125,0.00304899371541186,201,Hebei,行唐县,河北省,961.057658935255,0,0,76,168
130425,0.00304245946610871,201,Hebei,大名县,河北省,1054.40275357487,0,0,77,168
130427,0.00302552902428906,201,Hebei,磁县,河北省,713.186481612851,0,0,78,168
130111,0.00299003801694774,201,Hebei,栾城区,河北省,350.306372625041,2,0,79,168
130984,0.00294466982261633,201,Hebei,河间市,河北省,1325.24742639705,0,0,80,168
130528,0.00291982805511769,201,Hebei,宁晋县,河北省,1110.97071349046,0,0,81,168
130183,0.00291497508712956,201,Hebei,晋州市,河北省,602.343527387454,1,0,82,168
130434,0.00291218731538915,201,Hebei,魏县,河北省,862.137298055375,0,0,83,168
130208,0.0029057560575478,201,Hebei,丰润区,河北省,1215.39448653369,0,0,84,168
130624,0.00288817950859082,201,Hebei,阜平县,河北省,2495.16321588688,0,0.000255700979365137,85,168
130708,0.00286740466365126,201,Hebei,万全区,河北省,1158.0573610644,1,0,86,168
130423,0.00285386771911674,201,Hebei,临漳县,河北省,746.26324650711,0,0,87,168
131026,0.0028512977501728,201,Hebei,文安县,河北省,1031.80198172325,0,0,88,168
131127,0.00284937558590076,201,Hebei,景县,河北省,1186.06941204249,0,0,89,168
130533,0.00284704036937395,201,Hebei,威县,河北省,1012.67438970771,0,0,90,168
130627,0.00284395973183903,201,Hebei,唐县,河北省,1415.81021077662,0,0,91,168
130129,0.00280353720455314,201,Hebei,赞皇县,河北省,837.355984141454,0,0,92,168
130982,0.00277760948264342,201,Hebei,任丘市,河北省,1039.57729422554,0,0,93,168
130523,0.00277496729962857,201,Hebei,内丘县,河北省,788.477833140823,0,0.00366604633182662,94,168
130929,0.00276804190244223,201,Hebei,献县,河北省,1170.4337786555,0,0,95,168
130408,0.00273963421600987,201,Hebei,永年区,河北省,757.291492021614,0,0,96,168
130525,0.0026764023699908,201,Hebei,隆尧县,河北省,745.795558522761,0,0,97,168
130634,0.00266958433955943,201,Hebei,曲阳县,河北省,1074.63437493956,0,0,98,168
130126,0.00266658626342565,201,Hebei,灵寿县,河北省,1054.40166845415,0,0.00340508265753626,99,168
130924,0.00265998291120451,201,Hebei,海兴县,河北省,857.387058037308,0,0,100,168
130581,0.00264136464650376,201,Hebei,南宫市,河北省,864.719971853186,0,0,101,168
131121,0.0026253637641014,201,Hebei,枣强县,河北省,914.226015074756,0,0,102,168
130981,0.00262077781410577,201,Hebei,泊头市,河北省,1011.90184497343,0,0,103,168
130522,0.00261557130251913,201,Hebei,临城县,河北省,783.157927555523,0,0.00140755020179755,104,168
131025,0.0026054934418745,201,Hebei,大城县,河北省,895.875676970761,0,0,105,168
130608,0.00258261090009918,201,Hebei,清苑区,河北省,860.856171730747,0,0,106,168
130404,0.00257255898629029,201,Hebei,复兴区,河北省,258.390797375003,1,0,107,168
130435,0.00253936745282409,201,Hebei,曲周县,河北省,674.876127321923,0,0,108,168
131023,0.00253068809004348,201,Hebei,永清县,河北省,760.693339043071,0,0,109,168
130609,0.00252429711024999,201,Hebei,徐水区,河北省,723.01501191184,0,0,110,168
130132,0.00252162388895097,201,Hebei,元氏县,河北省,674.286026338357,0,0,111,168
130925,0.00247049390309645,201,Hebei,盐山县,河北省,795.393024260392,0,0,112,168
130684,0.00243542225023365,201,Hebei,高碑店市,河北省,674.873276151781,0,0,113,168
130927,0.00241070355512703,201,Hebei,南皮县,河北省,791.819507822829,0,0,114,168
130529,0.00240681610456651,201,Hebei,巨鹿县,河北省,633.88314594369,0,0,115,168
130424,0.00234107331784746,201,Hebei,成安县,河北省,480.51232464791,0,0,116,168
130407,0.00230833676852455,201,Hebei,肥乡区,河北省,503.595980364192,0,0,117,168
130636,0.00230820399726365,201,Hebei,顺平县,河北省,709.048509855313,0,0,118,168
130923,0.00227350940049133,201,Hebei,东光县,河北省,710.047094799518,0,0,119,168
130637,0.0022661905054374,201,Hebei,博野县,河北省,330.291130733697,1,0,120,168
130635,0.00224190941005049,201,Hebei,蠡县,河北省,650.762444730438,0,0,121,168
131128,0.00224138978221479,201,Hebei,阜城县,河北省,692.435908417493,0,0,122,168
130184,0.00223639669254821,201,Hebei,新乐市,河北省,524.195822470673,0,0,123,168
130606,0.00219310732923185,201,Hebei,莲池区,河北省,177.759237605623,2,0,124,168
130406,0.00219163582596358,201,Hebei,峰峰矿区,河北省,325.507371102076,0,0,125,168
130535,0.00218652294392524,201,Hebei,临西县,河北省,549.857696562226,0,0,126,168
130928,0.00218575708678307,201,Hebei,吴桥县,河北省,582.518651060023,0,0,127,168
130531,0.00215343184297495,201,Hebei,广宗县,河北省,500.908568886922,0,0,128,168
130727,0.00214364904089346,201,Hebei,阳原县,河北省,1846.80397001263,0,0.0054893660591282,129,168
130526,0.00213884893350953,201,Hebei,任县,河北省,433.162535394114,0,0,130,168
130803,0.00212916597305652,201,Hebei,双滦区,河北省,450.93271697487,1,0,131,168
130638,0.00211379935383911,201,Hebei,雄县,河北省,517.51638300345,0,0,132,168
130130,0.00211007754886092,201,Hebei,无极县,河北省,500.749568075276,0,0,133,168
130433,0.0020932354412021,201,Hebei,馆陶县,河北省,455.247540265235,0,0,134,168
130602,0.00207146063223866,201,Hebei,竞秀区,河北省,151.38521172588,2,0,135,168
130527,0.00206940642497237,201,Hebei,南和县,河北省,406.532203255281,0,0,136,168
130628,0.00206839859169715,201,Hebei,高阳县,河北省,498.159895217021,0,0,137,168
130534,0.00206506837810643,201,Hebei,清河县,河北省,498.702218383082,0,0,138,168
130430,0.00205171640189092,201,Hebei,邱县,河北省,451.053404192963,0,0,139,168
131124,0.00203661122038413,201,Hebei,饶阳县,河北省,572.129197323048,0,0,140,168
130532,0.00200922940546738,201,Hebei,平乡县,河北省,403.325202700074,0,0,141,168
130683,0.00199887560315165,201,Hebei,安国市,河北省,486.405249640264,0,0,142,168
130926,0.00199074046070111,201,Hebei,肃宁县,河北省,516.141260863583,0,0,143,168
130728,0.00195980831236452,201,Hebei,怀安县,河北省,1691.84042476256,0,0,144,168
131125,0.00195691299673948,201,Hebei,安平县,河北省,494.609620323043,0,0,145,168
130706,0.00191823585103111,201,Hebei,下花园区,河北省,316.86779596789,2,0,146,168
130431,0.00188789792838914,201,Hebei,鸡泽县,河北省,336.845811310624,0,0,147,168
130432,0.00186278138300611,201,Hebei,广平县,河北省,313.480072726473,0,0,148,168
130930,0.00184396720062334,201,Hebei,孟村回族自治县,河北省,388.119070027562,0,0,149,168
130702,0.00182921038266727,201,Hebei,桥东区,河北省,402.278256300341,2,0,150,168
130631,0.00182094277141714,201,Hebei,望都县,河北省,361.578901880684,0,0,151,168
131123,0.00179789624495467,201,Hebei,武强县,河北省,443.936080664996,0,0,152,168
130202,0.00178583957130584,201,Hebei,路南区,河北省,111.612558225189,2,0,153,168
130203,0.00178560737187239,201,Hebei,路北区,河北省,165.939278184873,1,0,154,168
130530,0.00178317243080983,201,Hebei,新河县,河北省,360.74956416165,0,0,155,168
130629,0.00174421388810114,201,Hebei,容城县,河北省,309.772342744014,0,0,156,168
130524,0.00169607868471113,201,Hebei,柏乡县,河北省,260.181366216244,0,0,157,168
130127,0.00157949044828914,201,Hebei,高邑县,河北省,222.049054899697,0,0,158,168
130205,0.00157667348074991,201,Hebei,开平区,河北省,247.279076297606,0,0,159,168
130703,0.00152099517141581,201,Hebei,桥西区,河北省,211.725909284349,2,0,160,168
130204,0.00150784918912019,201,Hebei,古冶区,河北省,247.611939458923,0,0,161,168
131028,0.00135537581100739,201,Hebei,大厂回族自治县,河北省,175.824027907029,0,0,162,168
130503,0.00120899291380689,201,Hebei,桥西区,河北省,99.5446911814297,0,0,163,168
130903,0.00109926076189791,201,Hebei,运河区,河北省,119.389805481178,0,0,164,168
130107,0.00104046044045685,201,Hebei,井陉矿区,河北省,70.8250966684479,0,0,165,168
130502,0.000987041754311813,201,Hebei,桥东区,河北省,64.4331444524504,0,0,166,168
130804,0.000979369914675073,201,Hebei,鹰手营子矿区,河北省,147.062542006969,0,0,167,168
130902,0.000899491660536287,201,Hebei,新华区,河北省,74.0797171988489,0,0,168,168
232701,0.0375309145140575,160,Heilongjiang,漠河市,黑龙江省,18428.6149325271,17,0.0405729424298411,1,121
230882,0.0352327541754942,160,Heilongjiang,富锦市,黑龙江省,8228.35304906095,21,0.118584487743249,2,121
230921,0.0325784186918841,160,Heilongjiang,勃利县,黑龙江省,2386.92988777647,92,0,3,121
230382,0.0284829286755199,160,Heilongjiang,密山市,黑龙江省,7720.67072142376,14,0,4,121
230183,0.0260355936583766,160,Heilongjiang,尚志市,黑龙江省,8891.2893480144,11,0.023802993579317,5,121
230523,0.0239330466778494,160,Heilongjiang,宝清县,黑龙江省,9993.21958929464,7,0.0543434649267517,6,121
231182,0.0236571327742254,160,Heilongjiang,五大连池市,黑龙江省,8750.64431793913,18,0.0699700580721226,7,121
230524,0.0225177349468504,160,Heilongjiang,饶河县,黑龙江省,6590.78185593169,8,0.122644266217068,8,121
230381,0.0216750708136572,160,Heilongjiang,虎林市,黑龙江省,9327.22714745391,3,0.132927046683662,9,121
230224,0.0190346421445464,160,Heilongjiang,泰来县,黑龙江省,3910.25317233814,10,0.00030344314594862,10,121
230883,0.018766173358083,160,Heilongjiang,抚远市,黑龙江省,6273.36019281631,5,0.0993743493413111,11,121
231183,0.0187243758318577,160,Heilongjiang,嫩江市,黑龙江省,15208.0373948112,7,0.0317141895512833,12,121
231084,0.0177926660957432,160,Heilongjiang,宁安市,黑龙江省,7227.46305512775,2,0.169702242763574,13,121
230221,0.0173034719549581,160,Heilongjiang,龙江县,黑龙江省,5884.29612805041,6,0,14,121
230204,0.0163278811202231,160,Heilongjiang,铁锋区,黑龙江省,751.490703221953,42,0.0367830558781656,15,121
230109,0.016312349022437,160,Heilongjiang,松北区,黑龙江省,755.935262789996,46,0,16,121
232721,0.016304668696717,160,Heilongjiang,呼玛县,黑龙江省,32280.4183436213,1,0.144603716191126,17,121
230624,0.0156214233550535,160,Heilongjiang,杜尔伯特蒙古族自治县,黑龙江省,6047.54156316911,3,0.057414479333432,18,121
230623,0.0145924004846541,160,Heilongjiang,林甸县,黑龙江省,3495.96194793032,9,0.00102377930823562,19,121
230128,0.0145379159404354,160,Heilongjiang,通河县,黑龙江省,5660.47881861773,6,0,20,121
230881,0.0142477484683967,160,Heilongjiang,同江市,黑龙江省,6231.13877555787,3,0.0516333043629737,21,121
231281,0.0141577537758691,160,Heilongjiang,安达市,黑龙江省,3619.98212825619,7,0.00184328282466901,22,121
231085,0.0129986075425976,160,Heilongjiang,穆棱市,黑龙江省,6001.36124705443,2,0.051529724888268,23,121
230421,0.0121981493024466,160,Heilongjiang,萝北县,黑龙江省,6769.29840221801,2,0.0325039653393975,24,121
231123,0.0118356419069622,160,Heilongjiang,逊克县,黑龙江省,17029.7865215421,0,0.223702527585266,25,121
231083,0.0114497305174205,160,Heilongjiang,海林市,黑龙江省,8712.63172897684,1,0,26,121
230102,0.0111941756365301,160,Heilongjiang,道里区,黑龙江省,463.728132840085,29,0,27,121
230225,0.0103936808680471,160,Heilongjiang,甘南县,黑龙江省,4785.91027085101,2,0,28,121
231282,0.0102783584823806,160,Heilongjiang,肇东市,黑龙江省,4330.95236706762,2,0,29,121
232722,0.0102535589498851,160,Heilongjiang,塔河县,黑龙江省,14058.2791652696,0,0.121982568070525,30,121
231086,0.00996670959779996,160,Heilongjiang,东宁市,黑龙江省,7106.15566953672,0,0.0978340166165504,31,121
230202,0.00979266707292969,160,Heilongjiang,龙沙区,黑龙江省,122.125399026111,8,0.574855705241544,32,121
230112,0.009700332474698,160,Heilongjiang,阿城区,黑龙江省,2445.80660232648,3,0.0303740309025629,33,121
230725,0.00954033220719647,160,Heilongjiang,大箐山县,黑龙江省,3750.53198284063,3,0.0313939117653272,34,121
230184,0.0089684403141104,160,Heilongjiang,五常市,黑龙江省,7501.59458675752,0,0.0329182733443742,35,121
230208,0.00861675757044901,160,Heilongjiang,梅里斯达斡尔族区,黑龙江省,2074.27813510278,3,0.00324658213006743,36,121
230811,0.00844977266328038,160,Heilongjiang,郊区,黑龙江省,1666.27956684568,5,0,37,121
230722,0.00825709756178847,160,Heilongjiang,嘉荫县,黑龙江省,6743.43158713262,0,0.147788147313986,38,121
231102,0.0077991066692249,160,Heilongjiang,爱辉区,黑龙江省,14375.6579836242,0,0.0426399359993553,39,121
230227,0.00770289427554812,160,Heilongjiang,富裕县,黑龙江省,4003.38646627582,0,0.155205342762644,40,121
231025,0.00758552680003018,160,Heilongjiang,林口县,黑龙江省,6642.76564606132,0,0,41,121
230110,0.00725970541895745,160,Heilongjiang,香坊区,黑龙江省,339.588253926187,14,0,42,121
230606,0.00720867273912734,160,Heilongjiang,大同区,黑龙江省,2337.24243199226,1,0,43,121
230281,0.00712893430240883,160,Heilongjiang,讷河市,黑龙江省,6670.45462570217,0,0.0374132972759127,44,121
230321,0.00709935157162811,160,Heilongjiang,鸡东县,黑龙江省,3219.81774484176,0,0.082506344015438,45,121
230622,0.00707325652039387,160,Heilongjiang,肇源县,黑龙江省,4148.88578475688,0,0.000728652674433127,46,121
230603,0.00686372067012095,160,Heilongjiang,龙凤区,黑龙江省,399.02306748823,11,0,47,121
230104,0.00674322616620253,160,Heilongjiang,道外区,黑龙江省,614.513700133647,6,0,48,121
230521,0.00662389041336272,160,Heilongjiang,集贤县,黑龙江省,2247.47922019348,1,0,49,121
231181,0.00655899210590793,160,Heilongjiang,北安市,黑龙江省,7190.2259355999,0,0.0572663795174069,50,121
230103,0.00651845107998304,160,Heilongjiang,南岗区,黑龙江省,170.687168532328,21,0,51,121
230822,0.00650512392401108,160,Heilongjiang,桦南县,黑龙江省,4421.42479645081,0,0,52,121
230717,0.00628759363400417,160,Heilongjiang,伊美区,黑龙江省,3646.60475818708,1,0,53,121
230123,0.00622164359264654,160,Heilongjiang,依兰县,黑龙江省,4606.76075667312,0,0.00461976279155054,54,121
230604,0.00615513508002806,160,Heilongjiang,让胡路区,黑龙江省,1189.46218458132,2,0,55,121
231224,0.00612725585294951,160,Heilongjiang,庆安县,黑龙江省,5468.6914895438,0,0,56,121
230724,0.00610816546257145,160,Heilongjiang,丰林县,黑龙江省,3030.79277065908,1,0.0466242613705709,57,121
230113,0.00605557749842269,160,Heilongjiang,双城区,黑龙江省,3113.77311030793,0,0,58,121
230125,0.00603807890503704,160,Heilongjiang,宾县,黑龙江省,3847.82956570365,0,0,59,121
231225,0.00585266072094258,160,Heilongjiang,明水县,黑龙江省,2295.16825489515,0,0.132541276942395,60,121
230406,0.00573397120674856,160,Heilongjiang,东山区,黑龙江省,4347.38093984328,0,0.0034340425668558,61,121
230422,0.00564883012494154,160,Heilongjiang,绥滨县,黑龙江省,3345.19251723761,0,0,62,121
230203,0.00564021084066938,160,Heilongjiang,建华区,黑龙江省,111.61985769254,19,0.0770919037425198,63,121
231283,0.00554277718059575,160,Heilongjiang,海伦市,黑龙江省,4642.50036176267,0,0,64,121
230129,0.00552597864126112,160,Heilongjiang,延寿县,黑龙江省,3091.86051464401,0,0.00873352665945673,65,121
230621,0.00545069365431821,160,Heilongjiang,肇州县,黑龙江省,2446.60785792879,0,0,66,121
230126,0.0054023276274696,160,Heilongjiang,巴彦县,黑龙江省,3140.5964844674,0,0,67,121
230781,0.00539954175088993,160,Heilongjiang,铁力市,黑龙江省,3702.67002965524,0,0,68,121
230127,0.00538054349146776,160,Heilongjiang,木兰县,黑龙江省,3171.62215498625,0,0,69,121
230223,0.00526363389483542,160,Heilongjiang,依安县,黑龙江省,3678.64310807141,0,3.818839993269e-05,70,121
230828,0.00523648128422454,160,Heilongjiang,汤原县,黑龙江省,3419.95935679771,0,0.00140414759920028,71,121
231226,0.00521749227557534,160,Heilongjiang,绥棱县,黑龙江省,4312.49772739428,0,0.00367464972376192,72,121
230205,0.00521716137896536,160,Heilongjiang,昂昂溪区,黑龙江省,728.50192462048,2,0.00842622770024767,73,121
230124,0.00511963271786813,160,Heilongjiang,方正县,黑龙江省,2979.11019467257,0,0.000345766313155658,74,121
230231,0.00501148226266826,160,Heilongjiang,拜泉县,黑龙江省,3592.99710059953,0,0,75,121
231222,0.00497401985872302,160,Heilongjiang,兰西县,黑龙江省,2485.23384748377,0,0.000547387323597039,76,121
231202,0.00496995742956234,160,Heilongjiang,北林区,黑龙江省,2754.51596691327,0,0,77,121
230719,0.00491246913230618,160,Heilongjiang,友好区,黑龙江省,2977.91926881655,0,0.0928975816279721,78,121
231124,0.00489972547464024,160,Heilongjiang,孙吴县,黑龙江省,4315.27952563496,0,0.0309649179361464,79,121
230826,0.00486047828852636,160,Heilongjiang,桦川县,黑龙江省,2223.67939020552,0,0.00598394019667445,80,121
231223,0.00486032568699215,160,Heilongjiang,青冈县,黑龙江省,2679.19571262083,0,0.00112027344848228,81,121
230723,0.00485121048849096,160,Heilongjiang,汤旺县,黑龙江省,2068.52196481493,0,0.134535027266391,82,121
230902,0.00484464071034509,160,Heilongjiang,新兴区,黑龙江省,2161.46695085249,0,0,83,121
230111,0.00479985569571329,160,Heilongjiang,呼兰区,黑龙江省,2181.49961533672,0,0.00156813584076774,84,121
231221,0.00478830817024934,160,Heilongjiang,望奎县,黑龙江省,2316.6650798929,0,0.0174768369844303,85,121
230229,0.00468660413528202,160,Heilongjiang,克山县,黑龙江省,3189.7842958058,0,0,86,121
230726,0.00455820026684817,160,Heilongjiang,南岔县,黑龙江省,2979.17229336445,0,0,87,121
231002,0.00448319078424339,160,Heilongjiang,东安区,黑龙江省,581.114536949931,1,0.107577044420268,88,121
230522,0.00443222764519171,160,Heilongjiang,友谊县,黑龙江省,1683.34252246732,0,0.00153659593390537,89,121
230904,0.00434719093417607,160,Heilongjiang,茄子河区,黑龙江省,1564.29123045129,0,0,90,121
231003,0.00411339791881724,160,Heilongjiang,阳明区,黑龙江省,1323.68198701723,0,0,91,121
230751,0.00399666137307776,160,Heilongjiang,金林区,黑龙江省,2333.40642378493,0,0,92,121
230605,0.00399393639804847,160,Heilongjiang,红岗区,黑龙江省,636.467554156625,1,0,93,121
230230,0.00386396217405243,160,Heilongjiang,克东县,黑龙江省,2085.78598975974,0,0,94,121
230602,0.00344052270598594,160,Heilongjiang,萨尔图区,黑龙江省,492.060851507673,1,0,95,121
230718,0.00330535829178073,160,Heilongjiang,乌翠区,黑龙江省,1559.07018170161,0,0,96,121
231081,0.00303648519956483,160,Heilongjiang,绥芬河市,黑龙江省,413.656940226671,0,0.00626166520440413,97,121
230503,0.00299095125466047,160,Heilongjiang,岭东区,黑龙江省,739.83333314202,0,0,98,121
230805,0.00290335183528855,160,Heilongjiang,东风区,黑龙江省,162.829221582305,3,0,99,121
230303,0.00288481518973773,160,Heilongjiang,恒山区,黑龙江省,548.303297623629,0,0,100,121
230506,0.00270972256380133,160,Heilongjiang,宝山区,黑龙江省,501.27640604575,0,0,101,121
230304,0.00268839586352829,160,Heilongjiang,滴道区,黑龙江省,500.215564198765,0,0,102,121
231004,0.00262369051249032,160,Heilongjiang,爱民区,黑龙江省,436.554457625201,0,0,103,121
230206,0.00255693766159934,160,Heilongjiang,富拉尔基区,黑龙江省,368.327302556692,0,0,104,121
230307,0.00255488683452897,160,Heilongjiang,麻山区,黑龙江省,416.865289849725,0,0,105,121
231005,0.00251431342410252,160,Heilongjiang,西安区,黑龙江省,350.237843943174,0,0,106,121
230305,0.00249436441066615,160,Heilongjiang,梨树区,黑龙江省,409.228260603429,0,0,107,121
230306,0.00236937422404774,160,Heilongjiang,城子河区,黑龙江省,176.5894400681,1,0,108,121
230207,0.00217405418180025,160,Heilongjiang,碾子山区,黑龙江省,301.051108682387,0,0,109,121
230108,0.00189138603771397,160,Heilongjiang,平房区,黑龙江省,98.8692247509446,1,0,110,121
230302,0.00169710260059425,160,Heilongjiang,鸡冠区,黑龙江省,147.289004862857,0,0,111,121
230505,0.00169225499779937,160,Heilongjiang,四方台区,黑龙江省,168.724852414276,0,0,112,121
230502,0.00144319289450039,160,Heilongjiang,尖山区,黑龙江省,118.178729508678,0,0,113,121
230405,0.001419570760674,160,Heilongjiang,兴安区,黑龙江省,125.814460521138,0,0,114,121
230803,0.00127212550129611,160,Heilongjiang,向阳区,黑龙江省,48.8856366052689,1,0,115,121
230903,0.00123059130284155,160,Heilongjiang,桃山区,黑龙江省,76.10084936254,0,0,116,121
230404,0.000817502696144092,160,Heilongjiang,南山区,黑龙江省,31.0274846383576,0,0,117,121
230804,0.00074737310558297,160,Heilongjiang,前进区,黑龙江省,26.5075471882806,0,0,118,121
230407,0.000744211364639391,160,Heilongjiang,兴山区,黑龙江省,28.3150866103836,0,0,119,121
230403,0.000544808401588736,160,Heilongjiang,工农区,黑龙江省,12.1283265993357,0,0,120,121
230402,0.000447494036336744,160,Heilongjiang,向阳区,黑龙江省,8.30713936203864,0,0,121,121
411521,0.166024995567377,225,Henan,罗山县,河南省,2069.91717940984,871,0.228617393384888,1,158
411326,0.0299381746996363,225,Henan,淅川县,河南省,2822.15201521893,6,0.297599223168122,2,158
411502,0.0234885419790639,225,Henan,浉河区,河南省,1786.86608646186,23,0.00245483138534605,3,158
410423,0.021372651776109,225,Henan,鲁山县,河南省,2409.02395886265,29,0.00414997494568032,4,158
411524,0.0195848823953257,225,Henan,商城县,河南省,2113.07553504039,6,0.0495182718599241,5,158
410311,0.0195809311916816,225,Henan,洛龙区,河南省,591.99667590935,132,0,6,158
411323,0.0195743209820991,225,Henan,西峡县,河南省,3444.73361937261,0,0.611693035035524,7,158
411503,0.0185466147734356,225,Henan,平桥区,河南省,1887.85410759665,14,0.000590061133745302,8,158
411523,0.0179524795079493,225,Henan,新县,河南省,1552.79064009167,6,0.0814587372322021,9,158
410122,0.0160383105317542,225,Henan,中牟县,河南省,1420.58621748344,51,0,10,158
410325,0.014064212544291,225,Henan,嵩县,河南省,3007.62308765022,8,0.0408540610289814,11,158
411282,0.014008516248402,225,Henan,灵宝市,河南省,2995.81426303479,0,0.611995326003184,12,158
410323,0.0129964631667296,225,Henan,新安县,河南省,1165.10761963228,20,0.0251374327956022,13,158
410185,0.0120797284444195,225,Henan,登封市,河南省,1218.48314398526,21,0,14,158
410482,0.010943995171919,225,Henan,汝州市,河南省,1572.76337162243,10,0,15,158
410184,0.0108204792556765,225,Henan,新郑市,河南省,886.034465117857,25,0,16,158
410322,0.0107016675021404,225,Henan,孟津县,河南省,729.661496395861,16,0.109384729433944,17,158
410324,0.0101868201520081,225,Henan,栾川县,河南省,2475.51254313668,5,0.0452449357417302,18,158
411725,0.0098894911627128,225,Henan,确山县,河南省,1623.89207146862,4,0,19,158
410105,0.00987952639578107,225,Henan,金水区,河南省,242.006448256218,87,0,20,158
410727,0.00971087531646057,225,Henan,封丘县,河南省,1225.37473175775,11,0.156332185189632,21,158
410181,0.00965356984445798,225,Henan,巩义市,河南省,1039.92494037975,15,2.10967957696719e-05,22,158
411224,0.00957073906716445,225,Henan,卢氏县,河南省,3661.87112400829,0,0.197831829084024,23,158
411381,0.00946437563644657,225,Henan,邓州市,河南省,2361.69052097421,1,0,24,158
411203,0.00924990416387224,225,Henan,陕州区,河南省,1612.20280922074,6,0.0193079261152338,25,158
411302,0.00917422203429016,225,Henan,宛城区,河南省,969.766737356642,5,0,26,158
411325,0.00901653731025053,225,Henan,内乡县,河南省,2301.60567819571,0,0.23737752307984,27,158
410783,0.00896630425514663,225,Henan,长垣市,河南省,1037.52129465819,18,0.0430049794788486,28,158
411328,0.008674175653761,225,Henan,唐河县,河南省,2496.94817010513,1,0,29,158
411303,0.00862328230294348,225,Henan,卧龙区,河南省,1018.23129315304,4,0,30,158
410182,0.00849422182110922,225,Henan,荥阳市,河南省,947.981569153404,15,0,31,158
411321,0.00833942962009387,225,Henan,南召县,河南省,2931.03459725677,1,0.0336716632038328,32,158
411681,0.00825552653809753,225,Henan,项城市,河南省,1081.17692194228,6,0,33,158
411525,0.00817979679923035,225,Henan,固始县,河南省,2940.89323386284,0,0,34,158
411202,0.00805942521479658,225,Henan,湖滨区,河南省,204.948201472246,25,0.102042626171659,35,158
411025,0.0080328650109741,225,Henan,襄城县,河南省,919.195305869245,8,0,36,158
411726,0.00789693395597852,225,Henan,泌阳县,河南省,2344.55480605669,1,0,37,158
419001,0.00732527345434431,225,Henan,济源市,河南省,1898.58850813023,2,0.194475330507494,38,158
411727,0.00723180219347857,225,Henan,汝南县,河南省,1504.53438791338,2,0,39,158
411324,0.00709959931680681,225,Henan,镇平县,河南省,1495.95804746945,1,0,40,158
411522,0.00677197031647893,225,Henan,光山县,河南省,1833.20932890637,0,0,41,158
410422,0.00651900054369531,225,Henan,叶县,河南省,1389.27806957304,2,0,42,158
411526,0.00618923360549675,225,Henan,潢川县,河南省,1634.73663902736,0,0,43,158
410581,0.00591615328040134,225,Henan,林州市,河南省,2052.80170919216,4,0,44,158
411528,0.00591399889909062,225,Henan,息县,河南省,1888.38584270941,0,0,45,158
410102,0.00590312151705097,225,Henan,中原区,河南省,197.805417531356,31,0,46,158
410725,0.00588262906754804,225,Henan,原阳县,河南省,1292.99403942238,5,0.00252161907612579,47,158
411702,0.00585455201021379,225,Henan,驿城区,河南省,1309.94773035674,1,0,48,158
411330,0.00580505612887725,225,Henan,桐柏县,河南省,1915.16686416513,0,0,49,158
411724,0.00569976310520042,225,Henan,正阳县,河南省,1903.84768035867,0,0,50,158
411322,0.00563684371305628,225,Henan,方城县,河南省,2543.71784855408,0,0,51,158
411081,0.00556957005092449,225,Henan,禹州市,河南省,1469.77550106333,2,0,52,158
410306,0.00543097818656689,225,Henan,吉利区,河南省,80.631183287988,8,0.402835549746769,53,158
410402,0.00503929197109052,225,Henan,新华区,河南省,196.55223109437,11,0,54,158
410108,0.0050304614328839,225,Henan,惠济区,河南省,222.146263891977,19,0,55,158
410328,0.00487900010667353,225,Henan,洛宁县,河南省,2304.99230375081,0,0,56,158
411527,0.00486403763712822,225,Henan,淮滨县,河南省,1208.25323439972,0,0,57,158
411329,0.00483472984221639,225,Henan,新野县,河南省,1060.54029257718,0,0,58,158
411624,0.00480235671499459,225,Henan,沈丘县,河南省,1083.66762576058,1,0,59,158
411729,0.00463220634131088,225,Henan,新蔡县,河南省,1439.76801185236,0,0,60,158
411327,0.00451171633694171,225,Henan,社旗县,河南省,1150.80326993106,0,0,61,158
411722,0.00425343161543062,225,Henan,上蔡县,河南省,1514.50224561406,0,0,62,158
410381,0.00418916871894091,225,Henan,偃师市,河南省,665.937060125747,2,0,63,158
411723,0.00418857091651901,225,Henan,平舆县,河南省,1281.91854562958,0,0,64,158
410202,0.00405092619650915,225,Henan,龙亭区,河南省,366.465799173961,6,0.0272895667018587,65,158
410327,0.00403023095632172,225,Henan,宜阳县,河南省,1616.5038961124,0,0,66,158
411103,0.00387552118167119,225,Henan,郾城区,河南省,453.390658080427,2,0,67,158
410103,0.00382509845429694,225,Henan,二七区,河南省,155.967909775939,13,0,68,158
411728,0.00380874565276963,225,Henan,遂平县,河南省,1064.24967494449,0,0,69,158
410183,0.00373936749380427,225,Henan,新密市,河南省,993.710663754566,1,0,70,158
411481,0.00373617997618905,225,Henan,永城市,河南省,2019.07877490664,0,0,71,158
411721,0.00373589223679205,225,Henan,西平县,河南省,1094.7353164794,0,0,72,158
411221,0.00373387836138926,225,Henan,渑池县,河南省,1357.0092485847,0,0.0318493876061689,73,158
411421,0.00372874881446625,225,Henan,民权县,河南省,1238.20091626368,1,0,74,158
411623,0.0036895663167222,225,Henan,商水县,河南省,1278.72443119288,0,0,75,158
410104,0.00368216382192342,225,Henan,管城回族区,河南省,199.334934770873,9,0,76,158
411625,0.00367817184019174,225,Henan,郸城县,河南省,1492.22468559244,0,0,77,158
410326,0.0036689873892182,225,Henan,汝阳县,河南省,1327.62233087805,0,0.00450805339760097,78,158
411627,0.00352286982729786,225,Henan,太康县,河南省,1762.48565382033,0,0,79,158
411622,0.00350958087098429,225,Henan,西华县,河南省,1203.18145864612,0,0,80,158
410225,0.00349775986374146,225,Henan,兰考县,河南省,1104.52843234507,1,0.0142394869758304,81,158
411603,0.00349249844901348,225,Henan,淮阳区,河南省,1328.69851986965,0,0,82,158
410329,0.0034362858339281,225,Henan,伊川县,河南省,1057.26227648985,0,0.00754824580072347,83,158
410522,0.0034047289394008,225,Henan,安阳县,河南省,1186.77511753269,1,0,84,158
410821,0.00330604340038395,225,Henan,修武县,河南省,620.446620399792,2,0.0311247585267579,85,158
411426,0.00323878973981708,225,Henan,夏邑县,河南省,1486.02295559121,0,0,86,158
411425,0.00321939788969734,225,Henan,虞城县,河南省,1544.51283855885,0,0,87,158
411628,0.00319330554038693,225,Henan,鹿邑县,河南省,1237.21371475749,0,0,88,158
411121,0.00317631547544909,225,Henan,舞阳县,河南省,774.595833251863,0,0,89,158
411104,0.00314176009576649,225,Henan,召陵区,河南省,435.645013165678,1,0,90,158
410523,0.0031392312185931,225,Henan,汤阴县,河南省,633.083747201851,2,0,91,158
410223,0.0031316310098092,225,Henan,尉氏县,河南省,1301.07004937038,0,0,92,158
411621,0.00305578113255263,225,Henan,扶沟县,河南省,1160.20172683683,0,0,93,158
410481,0.0030379639157868,225,Henan,舞钢市,河南省,629.098975191816,0,0,94,158
411003,0.00302223821452344,225,Henan,建安区,河南省,996.180487938408,0,0,95,158
411402,0.00301014504888439,225,Henan,梁园区,河南省,692.96094550053,1,0,96,158
410526,0.00299567415322067,225,Henan,滑县,河南省,1785.61743342173,0,0,97,158
410421,0.00298368846129288,225,Henan,宝丰县,河南省,729.390755116182,0,0,98,158
411122,0.00297818869357739,225,Henan,临颍县,河南省,803.258287385193,0,0,99,158
411024,0.00297539734547883,225,Henan,鄢陵县,河南省,869.28531961469,0,0,100,158
410305,0.00295544942792303,225,Henan,涧西区,河南省,79.1732473656992,9,0,101,158
410221,0.00294201546244372,225,Henan,杞县,河南省,1258.76713535033,0,0,102,158
410212,0.00286947623789107,225,Henan,祥符区,河南省,1247.12331069142,0,0.00521154008797767,103,158
411424,0.00283079714766014,225,Henan,柘城县,河南省,1042.90179637341,0,0,104,158
410425,0.00282127536306144,225,Henan,郏县,河南省,725.630574656376,0,0,105,158
410782,0.002806838185605,225,Henan,辉县市,河南省,1680.69732760571,0,0.0196575552074886,106,158
410883,0.00280024110591658,225,Henan,孟州市,河南省,505.702317204795,0,0.115696053277716,107,158
410882,0.00269382674758292,225,Henan,沁阳市,河南省,595.944425959897,0,0.0861920515261211,108,158
411403,0.00268214914261761,225,Henan,睢阳区,河南省,958.75871786218,0,0,109,158
410928,0.00267477928682203,225,Henan,濮阳县,河南省,1441.1510367444,0,0,110,158
411422,0.00253384282185962,225,Henan,睢县,河南省,916.615895841316,0,0,111,158
411082,0.00246668671646613,225,Henan,长葛市,河南省,640.611431975244,0,0,112,158
410611,0.0024539838278166,225,Henan,淇滨区,河南省,349.403294810856,2,0,113,158
410823,0.00244756504195788,225,Henan,武陟县,河南省,796.908166602976,0,0,114,158
411423,0.00240394455658777,225,Henan,宁陵县,河南省,800.217084153064,0,0,115,158
410527,0.00240080446048006,225,Henan,内黄县,河南省,1146.60601604141,0,0,116,158
410222,0.00239319223307225,225,Henan,通许县,河南省,768.618517345413,0,0,117,158
410781,0.00233755715458629,225,Henan,卫辉市,河南省,860.389910760762,0,0,118,158
410726,0.00233099408506784,225,Henan,延津县,河南省,887.099332054856,0,0,119,158
410621,0.00231950383461779,225,Henan,浚县,河南省,947.724179550612,0,0,120,158
410825,0.00227428572688577,225,Henan,温县,河南省,479.246493252344,0,0,121,158
410822,0.00221660578234624,225,Henan,博爱县,河南省,427.63073331578,0,0.0497249218894944,122,158
410503,0.00217733099343963,225,Henan,北关区,河南省,56.048839823948,13,0,123,158
410506,0.00209016006013716,225,Henan,龙安区,河南省,240.594472862505,2,0,124,158
410502,0.00207287604449603,225,Henan,文峰区,河南省,178.380050658299,3,0,125,158
410922,0.00204002278284059,225,Henan,清丰县,河南省,827.487624796574,0,0,126,158
411602,0.00199401050450299,225,Henan,川汇区,河南省,331.826387902724,0,0,127,158
410622,0.00199230469167203,225,Henan,淇县,河南省,576.538425370177,0,0,128,158
411002,0.00194988248458954,225,Henan,魏都区,河南省,89.7020523063827,3,0,129,158
410724,0.00189953700807382,225,Henan,获嘉县,河南省,470.417855556026,0,0,130,158
411102,0.00188817314506488,225,Henan,源汇区,河南省,228.177711296441,0,0,131,158
410403,0.00188144173381791,225,Henan,卫东区,河南省,109.105314499045,1,0,132,158
410926,0.00183409708948252,225,Henan,范县,河南省,616.781061804578,0,0,133,158
410702,0.00182917135473412,225,Henan,红旗区,河南省,153.355274285094,2,0,134,158
410902,0.00181104810270315,225,Henan,华龙区,河南省,308.708762815076,1,0,135,158
410923,0.00177786334908285,225,Henan,南乐县,河南省,627.743262718328,0,0,136,158
410721,0.00170583666989925,225,Henan,新乡县,河南省,385.898920899861,0,0,137,158
410303,0.00164623159063149,225,Henan,西工区,河南省,53.4606308112994,3,0,138,158
410927,0.00161297434909551,225,Henan,台前县,河南省,447.216078002825,0,0,139,158
410811,0.00152559789673484,225,Henan,山阳区,河南省,234.384916640822,0,0,140,158
410411,0.00139424898562254,225,Henan,湛河区,河南省,113.806364527348,0,0,141,158
410505,0.00137590117355832,225,Henan,殷都区,河南省,65.8891628183774,3,0,142,158
410711,0.00127985424473457,225,Henan,牧野区,河南省,97.5586088388328,1,0,143,158
410803,0.00122167609465473,225,Henan,中站区,河南省,125.079851003909,0,0.0288750795752044,144,158
410804,0.00120191547943857,225,Henan,马村区,河南省,120.397392834895,0,0,145,158
411281,0.00116012284017066,225,Henan,义马市,河南省,100.588155274346,0,0,146,158
410204,0.00113918309221223,225,Henan,鼓楼区,河南省,62.8668023154465,1,0,147,158
410304,0.00110368832743657,225,Henan,瀍河回族区,河南省,25.6186533568348,2,0,148,158
410704,0.00103773682910043,225,Henan,凤泉区,河南省,117.49463611223,0,0,149,158
410602,0.00103497881487208,225,Henan,鹤山区,河南省,132.442396610562,0,0,150,158
410603,0.00103165551942115,225,Henan,山城区,河南省,132.848339507396,0,0,151,158
410802,0.000955360547306734,225,Henan,解放区,河南省,67.7892245595747,0,0,152,158
410302,0.000924866645394991,225,Henan,老城区,河南省,53.3020249667281,0,0,153,158
410203,0.000888329981311797,225,Henan,顺河回族区,河南省,72.5016191085575,0,0,154,158
410703,0.000869758168481953,225,Henan,卫滨区,河南省,68.286014676295,0,0,155,158
410404,0.000858922580090335,225,Henan,石龙区,河南省,34.4918187512093,0,0,156,158
410106,0.000841198239222351,225,Henan,上街区,河南省,56.8170238221208,0,0,157,158
410205,0.000833969407906158,225,Henan,禹王台区,河南省,60.2147844426995,0,0,158,158
429021,0.070446598045899,258,Hubei,神农架林区,湖北省,3234.3488209887,239,0.241436101398236,1,103
420506,0.0394770842946131,258,Hubei,夷陵区,湖北省,3406.68039117169,131,0.00105344237184248,2,103
420115,0.0367958352456251,258,Hubei,江夏区,湖北省,2017.57445243267,170,0,3,103
420111,0.0338629551956296,258,Hubei,洪山区,湖北省,566.093444334031,577,0,4,103
420116,0.0296392482073766,258,Hubei,黄陂区,湖北省,2247.8783408788,136,7.0046859522343e-05,5,103
420882,0.0281045156173034,258,Hubei,京山市,湖北省,3520.70697103268,103,0,6,103
422823,0.0279791951886771,258,Hubei,巴东县,湖北省,3352.48120992865,36,0.00127565250247128,7,103
420114,0.0233196078439594,258,Hubei,蔡甸区,湖北省,1094.767346572,126,0,8,103
422802,0.0212105447334317,258,Hubei,利川市,湖北省,4605.87574176563,5,0.0984888221720002,9,103
422801,0.0211181944891048,258,Hubei,恩施市,湖北省,3961.28246833915,9,0.0414763254912366,10,103
421087,0.0200243377957954,258,Hubei,松滋市,湖北省,2175.69377599677,38,0,11,103
420117,0.0188693000358691,258,Hubei,新洲区,湖北省,1475.7599931621,59,0,12,103
422825,0.0173935242217948,258,Hubei,宣恩县,湖北省,2736.99554619182,6,0.134807556560455,13,103
421127,0.0172884180991506,258,Hubei,黄梅县,湖北省,1706.43850070997,12,0.114325528646922,14,103
429004,0.0165052224984739,258,Hubei,仙桃市,湖北省,2519.58391746012,24,0,15,103
420527,0.0163180483428879,258,Hubei,秭归县,湖北省,2274.08459937187,19,0,16,103
422828,0.015162343055496,258,Hubei,鹤峰县,湖北省,2866.37821004778,7,0.0779081185755955,17,103
420222,0.0150978125952227,258,Hubei,阳新县,湖北省,2781.90975293054,9,0,18,103
420528,0.0143385889568854,258,Hubei,长阳土家族自治县,湖北省,3417.27891481679,7,0,19,103
420526,0.0142013669989879,258,Hubei,兴山县,湖北省,2310.62549706621,17,0,20,103
421122,0.0132481932955841,258,Hubei,红安县,湖北省,1792.45856246742,28,0,21,103
420112,0.0131408673891292,258,Hubei,东西湖区,湖北省,486.650245619563,55,0.0623817036653859,22,103
421083,0.011238582458081,258,Hubei,洪湖市,湖北省,2437.12322730412,4,0.1446479941943,23,103
420106,0.0108284864319777,258,Hubei,武昌区,湖北省,89.5770399104856,230,0,24,103
421123,0.0107916585685866,258,Hubei,罗田县,湖北省,2136.22906016358,8,0.00482672411394087,25,103
421281,0.0107829754945831,258,Hubei,赤壁市,湖北省,1708.35543458134,8,0.00527235002828208,26,103
420102,0.01078003775475,258,Hubei,江岸区,湖北省,79.8463570810591,250,0,27,103
429006,0.0107743388129543,258,Hubei,天门市,湖北省,2610.74336634391,11,0,28,103
421126,0.0101228236488035,258,Hubei,蕲春县,湖北省,2390.88183245195,4,0,29,103
422822,0.00991923762976311,258,Hubei,建始县,湖北省,2668.24617151804,2,0,30,103
421181,0.009825101293662,258,Hubei,麻城市,湖北省,3595.39831729674,5,0,31,103
421202,0.00938195899265239,258,Hubei,咸安区,湖北省,1502.844378954,6,0,32,103
421125,0.00936835579425377,258,Hubei,浠水县,湖北省,1960.13048161054,5,0,33,103
420922,0.00919892640632918,258,Hubei,大悟县,湖北省,1982.28705863522,11,0.000344680037988941,34,103
420881,0.0088704530523091,258,Hubei,钟祥市,湖北省,4414.97401619018,4,0,35,103
421003,0.00883012193586395,258,Hubei,荆州区,湖北省,1041.18377823772,14,0,36,103
421023,0.0087200686557722,258,Hubei,监利县,湖北省,3196.98285954817,2,0.0579065728907097,37,103
420381,0.00854376775258547,258,Hubei,丹江口市,湖北省,3131.91934658617,4,0.000607564015902456,38,103
422827,0.0085021321909784,258,Hubei,来凤县,湖北省,1340.93006055151,1,0,39,103
420802,0.00847798608405883,258,Hubei,东宝区,湖北省,1670.96520960327,9,0,40,103
420302,0.00845916098929859,258,Hubei,茅箭区,湖北省,535.667100431378,4,0.41224914146763,41,103
422826,0.00835192818263623,258,Hubei,咸丰县,湖北省,2526.93260880047,0,0.0364361457961935,42,103
421221,0.00785695040035777,258,Hubei,嘉鱼县,湖北省,1028.24568388395,7,0.00396459743460236,43,103
420529,0.00779879719657297,258,Hubei,五峰土家族自治县,湖北省,2366.02383014326,1,0.0441943986209451,44,103
421022,0.00735702680205633,258,Hubei,公安县,湖北省,2259.4062767211,3,0,45,103
421381,0.00718968108858872,258,Hubei,广水市,湖北省,2643.63442844452,5,0.00328542658240828,46,103
420902,0.00708130680006009,258,Hubei,孝南区,湖北省,1027.73522455774,9,0,47,103
421081,0.00674200735728746,258,Hubei,石首市,湖北省,1410.38207247585,3,0.0554047302343408,48,103
420281,0.00673938887038641,258,Hubei,大冶市,湖北省,1559.10017125295,2,0,49,103
421182,0.00668354204672309,258,Hubei,武穴市,湖北省,1240.30881325199,2,0,50,103
420583,0.00668092936356141,258,Hubei,枝江市,湖北省,1375.8732842045,4,0,51,103
420984,0.00666256861420808,258,Hubei,汉川市,湖北省,1656.27753488191,4,0,52,103
420323,0.00653024467319627,258,Hubei,竹山县,湖北省,3589.03184447399,0,0.122966045709447,53,103
429005,0.00641591994495441,258,Hubei,潜江市,湖北省,2000.00167781549,3,0,54,103
421224,0.00618061500296098,258,Hubei,通山县,湖北省,2421.56209090781,0,0.0722112158197278,55,103
420525,0.00614865754786052,258,Hubei,远安县,湖北省,1742.72141435888,3,0,56,103
420504,0.00598993461335283,258,Hubei,点军区,湖北省,536.140617212057,7,0,57,103
420324,0.00584977407553615,258,Hubei,竹溪县,湖北省,3305.54523482437,0,0.00216708584123906,58,103
420921,0.00581905395921617,258,Hubei,孝昌县,湖北省,1188.96229415454,5,0,59,103
420304,0.00564327819361184,258,Hubei,郧阳区,湖北省,3833.7035923596,0,0.0104526670198724,60,103
420303,0.00557160438604704,258,Hubei,张湾区,湖北省,658.072596357322,6,0.010424811098733,61,103
420626,0.00556753062396658,258,Hubei,保康县,湖北省,3219.71054213923,1,0.0266044259057369,62,103
421222,0.00541150175187689,258,Hubei,通城县,湖北省,1121.94068272194,1,0,63,103
420982,0.00535076016524718,258,Hubei,安陆市,湖北省,1354.64172010364,4,1.78722186407196e-05,64,103
420322,0.00527570996455408,258,Hubei,郧西县,湖北省,3507.2841775267,0,0,65,103
420105,0.00525119385470827,258,Hubei,汉阳区,湖北省,113.309290807945,34,0,66,103
420325,0.00523271110191377,258,Hubei,房县,湖北省,5125.34527401306,0,0.00337190608321647,67,103
420704,0.00499068805166172,258,Hubei,鄂城区,湖北省,605.136935828768,3,0,68,103
421223,0.00495229467808627,258,Hubei,崇阳县,湖北省,1975.05165404616,0,0,69,103
420502,0.00490530120358066,258,Hubei,西陵区,湖北省,80.4367046784386,30,0,70,103
421124,0.00486551818499193,258,Hubei,英山县,湖北省,1442.83211634862,1,0.0022715859965467,71,103
420822,0.004860948069184,258,Hubei,沙洋县,湖北省,2186.81540012507,1,0,72,103
420113,0.00485316347348026,258,Hubei,汉南区,湖北省,287.880167704878,9,0,73,103
421102,0.00484310280657069,258,Hubei,黄州区,湖北省,358.289362247265,6,0,74,103
421002,0.004550598119633,258,Hubei,沙市区,湖北省,516.958486246165,5,0,75,103
420703,0.00450429575925229,258,Hubei,华容区,湖北省,493.582881581046,4,0,76,103
421024,0.00449458823288768,258,Hubei,江陵县,湖北省,1046.66041920975,2,0,77,103
420624,0.00447057655294703,258,Hubei,南漳县,湖北省,3855.68904863112,0,0,78,103
420702,0.00437779699511925,258,Hubei,梁子湖区,湖北省,486.245970136271,3,0,79,103
421321,0.00426991700380375,258,Hubei,随县,湖北省,5535.39369351403,0,0,80,103
420804,0.00424767082901678,258,Hubei,掇刀区,湖北省,548.231852809977,5,0,81,103
420503,0.00415244605594087,258,Hubei,伍家岗区,湖北省,83.0217844483267,19,0,82,103
420602,0.00402408429708191,258,Hubei,襄城区,湖北省,657.56141191427,4,0,83,103
420582,0.00381279841384106,258,Hubei,当阳市,湖北省,2149.59385870711,0,0,84,103
420581,0.00377316735270041,258,Hubei,宜都市,湖北省,1351.0664654818,0,0,85,103
420625,0.00373632029367533,258,Hubei,谷城县,湖北省,2544.26212898897,0,0,86,103
421303,0.00369055699623239,258,Hubei,曾都区,湖北省,1431.05314599789,1,0.031894722041729,87,103
420683,0.00365941035466098,258,Hubei,枣阳市,湖北省,3277.59877245226,0,0,88,103
420981,0.00350932504529773,258,Hubei,应城市,湖北省,1096.73494674319,1,0,89,103
420607,0.00337282540650165,258,Hubei,襄州区,湖北省,2520.08534633201,0,0,90,103
420923,0.00332689560604647,258,Hubei,云梦县,湖北省,606.602975398951,2,0,91,103
420684,0.00323129584936371,258,Hubei,宜城市,湖北省,2113.8995847819,0,0,92,103
421121,0.00294513908252976,258,Hubei,团风县,湖北省,824.479400892279,0,0,93,103
420682,0.0026300650436601,258,Hubei,老河口市,湖北省,1044.08500815925,0,0,94,103
420107,0.00249932608491222,258,Hubei,青山区,湖北省,47.8634036143255,12,0,95,103
420505,0.00242555523323288,258,Hubei,猇亭区,湖北省,120.540908293704,3,0,96,103
420204,0.00207810177284776,258,Hubei,下陆区,湖北省,61.9764800824145,3,0,97,103
420103,0.00204377480702892,258,Hubei,江汉区,湖北省,28.5705341935931,13,0,98,103
420203,0.00200567913655125,258,Hubei,西塞山区,湖北省,114.966875025044,1,0,99,103
420104,0.0019843385148841,258,Hubei,硚口区,湖北省,42.1897208339447,7,0.0327306039162138,100,103
420606,0.00185192603741084,258,Hubei,樊城区,湖北省,491.444380095708,0,0,101,103
420202,0.000891763257400783,258,Hubei,黄石港区,湖北省,28.071084541255,0,0,102,103
420205,0.000828152722382147,258,Hubei,铁山区,湖北省,28.9826506033138,0,0,103,103
430621,0.049055048758724,235,Hunan,岳阳县,湖南省,2812.44219500414,96,0.371115604454478,1,122
430726,0.0321064919310507,235,Hunan,石门县,湖南省,3971.2178853379,45,0.167016888618985,2,122
430611,0.0318182574210042,235,Hunan,君山区,湖南省,622.305937114242,32,0.787719023299043,3,122
430822,0.0276915536459459,235,Hunan,桑植县,湖南省,3475.58860870795,35,0.0763666006501168,4,122
430481,0.0270892761685946,235,Hunan,耒阳市,湖南省,2649.40582151674,48,0,5,122
431022,0.0238311226197513,235,Hunan,宜章县,湖南省,2118.7851746347,18,0.092297239744875,6,122
430181,0.0223816799371031,235,Hunan,浏阳市,湖南省,4997.20183663889,27,0.0181201866804264,7,122
430811,0.0219526992687232,235,Hunan,武陵源区,湖南省,398.068014226106,65,0.367107067166689,8,122
431221,0.021159394169777,235,Hunan,中方县,湖南省,1516.89746164424,55,0.0765046755504409,9,122
430602,0.0201277842609962,235,Hunan,岳阳楼区,湖南省,406.413029126362,84,0.353148247180422,10,122
430225,0.0198683537847108,235,Hunan,炎陵县,湖南省,2030.47348980764,18,0.125845804736038,11,122
431122,0.0197706863017651,235,Hunan,东安县,湖南省,2205.73838371895,27,0.0573235847646656,12,122
430802,0.0186296834582472,235,Hunan,永定区,湖南省,2170.96162461088,34,0.00645585372925682,13,122
430626,0.018054133824516,235,Hunan,平江县,湖南省,4113.79806550732,23,0.00121108927536813,14,122
431121,0.0153267770391649,235,Hunan,祁阳县,湖南省,2538.39204551604,13,0.0174171035511123,15,122
430104,0.0148981740849401,235,Hunan,岳麓区,湖南省,540.096150095905,104,0,16,122
431081,0.0138588812244849,235,Hunan,资兴市,湖南省,2723.23720307041,7,0.0143003981514515,17,122
430424,0.0134193190518881,235,Hunan,衡东县,湖南省,1927.69648477022,15,0,18,122
433123,0.0125472679859849,235,Hunan,凤凰县,湖南省,1733.0142918391,14,0,19,122
431202,0.0123145654587394,235,Hunan,鹤城区,湖南省,673.222810981622,43,0.00176891154083448,20,122
431003,0.012212979727635,235,Hunan,苏仙区,湖南省,1345.54152595936,9,0,21,122
430528,0.0117633166927698,235,Hunan,新宁县,湖南省,2755.56980925871,5,0.0583975947773584,22,122
430121,0.0115939934206427,235,Hunan,长沙县,湖南省,1756.81495640563,18,0,23,122
433127,0.0115127076918354,235,Hunan,永顺县,湖南省,3812.85827455597,3,0.0683953517527048,24,122
431124,0.0106611507963593,235,Hunan,道县,湖南省,2445.99897873398,2,0.0407186012602162,25,122
431027,0.0105817838699116,235,Hunan,桂东县,湖南省,1449.30779121523,6,0.0490849499651512,26,122
430922,0.0104601550393859,235,Hunan,桃江县,湖南省,2068.58445351994,12,0.0057798181721093,27,122
431222,0.00993252037420557,235,Hunan,沅陵县,湖南省,5832.88636477411,2,0.0184703663480181,28,122
430224,0.00992371765465171,235,Hunan,茶陵县,湖南省,2494.78177564157,4,0,29,122
430421,0.00969385662522768,235,Hunan,衡阳县,湖南省,2560.5707654073,5,0.00643077702464423,30,122
431021,0.00957116469460305,235,Hunan,桂阳县,湖南省,2961.11300061763,2,0,31,122
430981,0.00937362970813955,235,Hunan,沅江市,湖南省,2128.06992050609,1,0.431824981256494,32,122
430111,0.00905868638306953,235,Hunan,雨花区,湖南省,293.155628005443,57,0,33,122
431129,0.00861625184213804,235,Hunan,江华瑶族自治县,湖南省,3234.52835342961,0,0,34,122
430112,0.00856888219037548,235,Hunan,望城区,湖南省,950.548027959112,16,0,35,122
430903,0.00849514622565417,235,Hunan,赫山区,湖南省,1278.71135789082,12,0.00131055917999428,36,122
431127,0.00847298078269029,235,Hunan,蓝山县,湖南省,1791.21752611702,1,0,37,122
430412,0.00813062952782424,235,Hunan,南岳区,湖南省,180.327216027235,5,0.568821698165016,38,122
433130,0.00790946355544069,235,Hunan,龙山县,湖南省,3130.37236609334,1,0.0253199897010295,39,122
430482,0.00771264672955266,235,Hunan,常宁市,湖南省,2047.50715383301,2,0,40,122
430725,0.00764298814881579,235,Hunan,桃源县,湖南省,4440.89674793951,1,0.0832148816542065,41,122
430381,0.00757333023086504,235,Hunan,湘乡市,湖南省,2006.14177549555,4,0,42,122
430281,0.00740199599795753,235,Hunan,醴陵市,湖南省,2156.17060744464,3,0,43,122
433125,0.00713119701210586,235,Hunan,保靖县,湖南省,1753.97205785547,1,0.114607934481931,44,122
430423,0.00706656736410609,235,Hunan,衡山县,湖南省,933.43441411353,5,0.0558114139821991,45,122
431228,0.00692941029876678,235,Hunan,芷江侗族自治县,湖南省,2094.95819252862,3,0,46,122
433101,0.00686162000499052,235,Hunan,吉首市,湖南省,1078.52178908532,4,0,47,122
430721,0.00662580898693646,235,Hunan,安乡县,湖南省,1087.33423914908,10,0,48,122
431125,0.00656436091851201,235,Hunan,江永县,湖南省,1632.23762177619,0,0.061569800528254,49,122
430105,0.00646971700634711,235,Hunan,开福区,湖南省,189.116050234018,42,0,50,122
430821,0.0064145209299471,235,Hunan,慈利县,湖南省,3492.032942918,1,0.00171122841217806,51,122
431023,0.00625528503771563,235,Hunan,永兴县,湖南省,1980.41025995169,1,0,52,122
431322,0.0061296890484425,235,Hunan,新化县,湖南省,3616.29382938902,1,0,53,122
430682,0.00605914925269343,235,Hunan,临湘市,湖南省,1720.41330973265,2,0,54,122
431026,0.00594493683750334,235,Hunan,汝城县,湖南省,2401.8927551933,0,3.28922707413573e-05,55,122
430623,0.00588375419641215,235,Hunan,华容县,湖南省,1592.6001842557,3,0.0532394904834172,56,122
431126,0.00588150869369242,235,Hunan,宁远县,湖南省,2501.47777438946,0,0.000267151584540681,57,122
430703,0.00586485062842753,235,Hunan,鼎城区,湖南省,2339.93479260699,2,0.0171702186485355,58,122
430923,0.00560933008636821,235,Hunan,安化县,湖南省,4945.54455744242,0,0.0404721254912133,59,122
430624,0.00552994144702926,235,Hunan,湘阴县,湖南省,1541.76289165589,0,0.345956184786436,60,122
430523,0.0054267739189465,235,Hunan,邵阳县,湖南省,1999.47902884381,1,0,61,122
430426,0.00541984522207941,235,Hunan,祁东县,湖南省,1866.82963488427,1,0,62,122
430321,0.00539687350828368,235,Hunan,湘潭县,湖南省,2138.67426633364,1,0,63,122
431281,0.00534753724036591,235,Hunan,洪江市,湖南省,2289.64307271649,1,0.000182730627008503,64,122
430529,0.00533156624533899,235,Hunan,城步苗族自治县,湖南省,2589.53599122957,0,0.0855090605805827,65,122
431223,0.00519348834923238,235,Hunan,辰溪县,湖南省,1987.00514085026,1,0,66,122
430527,0.00517165269652983,235,Hunan,绥宁县,湖南省,2920.055256895,0,0.0521890023180693,67,122
431002,0.00513919109382841,235,Hunan,北湖区,湖南省,816.048503845435,1,0,68,122
431025,0.00506202372978072,235,Hunan,临武县,湖南省,1380.5906791116,0,0,69,122
431321,0.00506135348318938,235,Hunan,双峰县,湖南省,1707.34461947854,1,0,70,122
431123,0.00501679882308805,235,Hunan,双牌县,湖南省,1728.8313038811,0,0.0569568922580018,71,122
430422,0.00500458404275739,235,Hunan,衡南县,湖南省,2613.64349364088,0,0,72,122
430212,0.0049809549945063,235,Hunan,渌口区,湖南省,1054.6696400776,2,0,73,122
431230,0.00496569410183659,235,Hunan,通道侗族自治县,湖南省,2223.75906328038,0,0.00074269147177979,74,122
431102,0.00493321040279321,235,Hunan,零陵区,湖南省,1966.07422074348,0,0.00973760483959597,75,122
430223,0.0048873532822883,235,Hunan,攸县,湖南省,2649.23501874028,0,0,76,122
430302,0.00487630572282686,235,Hunan,雨湖区,湖南省,444.72956862953,8,0,77,122
433124,0.0048344158307543,235,Hunan,花垣县,湖南省,1109.39761826006,1,0,78,122
430681,0.00481710737180597,235,Hunan,汨罗市,湖南省,1668.24506917993,1,0.0478427578157728,79,122
430405,0.00475016544953019,235,Hunan,珠晖区,湖南省,219.260923207035,10,0,80,122
431225,0.00470152207353696,235,Hunan,会同县,湖南省,2250.86298669502,0,0.0699307139184047,81,122
433126,0.00468938935657516,235,Hunan,古丈县,湖南省,1285.04941768633,0,0.175314567757151,82,122
431227,0.00466459281980691,235,Hunan,新晃侗族自治县,湖南省,1503.01807240937,1,0,83,122
431224,0.00465067635100558,235,Hunan,溆浦县,湖南省,3429.39879387283,0,0.0024028403408156,84,122
431103,0.00463631526905673,235,Hunan,冷水滩区,湖南省,1219.28462658096,1,0,85,122
430103,0.00450885083109507,235,Hunan,天心区,湖南省,136.902581439325,22,0,86,122
430902,0.00445424959808585,235,Hunan,资阳区,湖南省,573.778385262804,1,0.280647677156042,87,122
430524,0.00439870037645445,235,Hunan,隆回县,湖南省,2864.10498937491,0,0,88,122
431229,0.00436457096993636,235,Hunan,靖州苗族侗族自治县,湖南省,2210.60100035783,0,0,89,122
430102,0.00426264555746903,235,Hunan,芙蓉区,湖南省,42.6248876732173,62,0,90,122
430723,0.00420558901366394,235,Hunan,澧县,湖南省,2074.60382199395,1,0,91,122
430182,0.00420520658243497,235,Hunan,宁乡市,湖南省,2910.30766003492,0,0,92,122
431028,0.00417272402256681,235,Hunan,安仁县,湖南省,1464.46082297139,0,0,93,122
430702,0.00409596496919911,235,Hunan,武陵区,湖南省,411.679275515256,6,0,94,122
430406,0.00406605806284031,235,Hunan,雁峰区,湖南省,82.6272520383375,18,0,95,122
430582,0.00384948991716629,235,Hunan,邵东市,湖南省,1776.74093533,0,0,96,122
431128,0.00383973072261975,235,Hunan,新田县,湖南省,998.415994687907,0,0,97,122
430525,0.003820765953546,235,Hunan,洞口县,湖南省,2173.15407178183,0,0,98,122
433122,0.00374146506158348,235,Hunan,泸溪县,湖南省,1566.98568896502,0,0,99,122
430581,0.00373774237733001,235,Hunan,武冈市,湖南省,1540.53979780827,0,0.015601434396645,100,122
431024,0.00367258790799473,235,Hunan,嘉禾县,湖南省,698.264911460746,0,0,101,122
431382,0.00365142730678816,235,Hunan,涟源市,湖南省,1914.61657435924,0,0,102,122
431226,0.00364398565605359,235,Hunan,麻阳苗族自治县,湖南省,1565.1001131193,0,0,103,122
430522,0.00356216608408,235,Hunan,新邵县,湖南省,1764.72508941572,0,0,104,122
430304,0.00346753100371308,235,Hunan,岳塘区,湖南省,206.808238309863,7,0,105,122
430722,0.00344768923192328,235,Hunan,汉寿县,湖南省,2092.12768483054,0,0,106,122
430382,0.00281207474047942,235,Hunan,韶山市,湖南省,209.359691470092,4,0,107,122
430921,0.00274849745030399,235,Hunan,南县,湖南省,1326.74288986146,0,0.00332099770962586,108,122
430724,0.00260134687075949,235,Hunan,临澧县,湖南省,1203.12555481822,0,0,109,122
430408,0.0023558004893446,235,Hunan,蒸湘区,湖南省,110.99281281367,3,0,110,122
430603,0.00231859427785922,235,Hunan,云溪区,湖南省,377.596321589113,0,0.18810208228024,111,122
431302,0.00205389151570506,235,Hunan,娄星区,湖南省,431.623381583384,0,0,112,122
430203,0.00202238079753584,235,Hunan,芦淞区,湖南省,220.072258614426,1,0,113,122
430202,0.00201940646175762,235,Hunan,荷塘区,湖南省,150.21881027917,2,0,114,122
431381,0.00201791155247187,235,Hunan,冷水江市,湖南省,438.329448715935,0,0,115,122
430407,0.00196198881518286,235,Hunan,石鼓区,湖南省,104.727231014556,2,0,116,122
430211,0.00195024454856557,235,Hunan,天元区,湖南省,325.433376898483,0,0,117,122
430781,0.0018335401292616,235,Hunan,津市市,湖南省,555.867391399278,0,0,118,122
430503,0.00153780856084054,235,Hunan,大祥区,湖南省,214.741733379545,0,0,119,122
430204,0.00133653394729472,235,Hunan,石峰区,湖南省,165.570797671071,0,0,120,122
430502,0.00126795288548617,235,Hunan,双清区,湖南省,135.559042929974,0,0,121,122
430511,0.00104671831500457,235,Hunan,北塔区,湖南省,85.2828606049263,0,0,122,122
152921,0.212130098545599,183,Inner Mongolia,阿拉善左旗,内蒙古自治区,79881.6432342151,171,0.507977464038409,1,103
150782,0.0447594500758144,183,Inner Mongolia,牙克石市,内蒙古自治区,27811.3402494474,406,0,2,103
150727,0.0338989279025806,183,Inner Mongolia,新巴尔虎右旗,内蒙古自治区,24872.6135583102,68,0.223303213760383,3,103
150723,0.0292697727376264,183,Inner Mongolia,鄂伦春自治旗,内蒙古自治区,54692.4239091417,39,0.0821997469729199,4,103
152522,0.0224249693131439,183,Inner Mongolia,阿巴嘎旗,内蒙古自治区,27494.9808882935,143,0,5,103
152923,0.0222045056068072,183,Inner Mongolia,额济纳旗,内蒙古自治区,88164.2432716522,9,0.00369894988854785,6,103
152922,0.0220407385502463,183,Inner Mongolia,阿拉善右旗,内蒙古自治区,71417.9357029084,4,0.0844111446136074,7,103
150425,0.0216164975884773,183,Inner Mongolia,克什克腾旗,内蒙古自治区,18912.4561288156,75,0.0473619855775672,8,103
152223,0.0213508318842611,183,Inner Mongolia,扎赉特旗,内蒙古自治区,11126.2955400352,39,0.0675558728431457,9,103
150725,0.020467567101275,183,Inner Mongolia,陈巴尔虎旗,内蒙古自治区,17454.8522272138,67,0,10,103
152502,0.0204077473486502,183,Inner Mongolia,锡林浩特市,内蒙古自治区,14780.3350135746,35,0.401722782002258,11,103
150626,0.0196339639229587,183,Inner Mongolia,乌审旗,内蒙古自治区,11664.1119915998,21,0,12,103
150726,0.0192989864776336,183,Inner Mongolia,新巴尔虎左旗,内蒙古自治区,20148.5687127168,40,0.106376719743739,13,103
152222,0.0190914290168807,183,Inner Mongolia,科尔沁右翼中旗,内蒙古自治区,12791.2435970594,21,0.180762956686637,14,103
150784,0.0174707166935653,183,Inner Mongolia,额尔古纳市,内蒙古自治区,28957.1977894895,23,0.0426366788520574,15,103
152221,0.015166821373341,183,Inner Mongolia,科尔沁右翼前旗,内蒙古自治区,18232.1957174884,24,0.0148453482328645,16,103
150785,0.0136929269383842,183,Inner Mongolia,根河市,内蒙古自治区,20010.5661719928,22,0.0888345120235259,17,103
150430,0.0133537090689326,183,Inner Mongolia,敖汉旗,内蒙古自治区,8238.38011352942,11,0.00191666562982838,18,103
150421,0.0132174299199505,183,Inner Mongolia,阿鲁科尔沁旗,内蒙古自治区,13234.2412387649,13,0.0730423792571077,19,103
150623,0.0119200871211487,183,Inner Mongolia,鄂托克前旗,内蒙古自治区,12213.2000398902,5,0.000243713053991251,20,103
150627,0.0117377276122078,183,Inner Mongolia,伊金霍洛旗,内蒙古自治区,5488.24216871502,18,0,21,103
150724,0.011086705431751,183,Inner Mongolia,鄂温克族自治旗,内蒙古自治区,18638.7607739303,23,0.0224450332840052,22,103
150624,0.0110727508778407,183,Inner Mongolia,鄂托克旗,内蒙古自治区,20365.2213074379,1,0.224942748311009,23,103
150823,0.0108669271486473,183,Inner Mongolia,乌拉特前旗,内蒙古自治区,7446.89416899804,17,0.0285116270444409,24,103
150822,0.0106830366138871,183,Inner Mongolia,磴口县,内蒙古自治区,3677.82368877888,8,0.33650491433086,25,103
150621,0.0102874974765364,183,Inner Mongolia,达拉特旗,内蒙古自治区,8242.3942278621,12,0,26,103
150625,0.00987283401814113,183,Inner Mongolia,杭锦旗,内蒙古自治区,18823.8202870751,4,0.000188283397373295,27,103
152523,0.00967948410484759,183,Inner Mongolia,苏尼特左旗,内蒙古自治区,34260.7731624405,12,0,28,103
150622,0.00898224248001678,183,Inner Mongolia,准格尔旗,内蒙古自治区,7556.58852057507,6,0.00264361482244011,29,103
152525,0.008963077835358,183,Inner Mongolia,东乌珠穆沁旗,内蒙古自治区,45539.4744484257,8,0,30,103
152530,0.00858793738774071,183,Inner Mongolia,正蓝旗,内蒙古自治区,10205.7543030689,18,0,31,103
150721,0.00818954232692771,183,Inner Mongolia,阿荣旗,内蒙古自治区,11073.1507553552,7,0,32,103
150426,0.0075834964727068,183,Inner Mongolia,翁牛特旗,内蒙古自治区,11905.6373391549,2,0.000671646407126011,33,103
150783,0.00743222052074239,183,Inner Mongolia,扎兰屯市,内蒙古自治区,16784.149146276,4,0.0118766502302515,34,103
152202,0.00702176645044788,183,Inner Mongolia,阿尔山市,内蒙古自治区,7415.98427286656,13,0.0597605015781573,35,103
150502,0.00667591242229607,183,Inner Mongolia,科尔沁区,内蒙古自治区,3505.87571537499,4,0,36,103
150223,0.00666541983514835,183,Inner Mongolia,达尔罕茂明安联合旗,内蒙古自治区,17530.259697113,4,0,37,103
150121,0.00653715205572022,183,Inner Mongolia,土默特左旗,内蒙古自治区,2766.56828557613,3,0.396105578557685,38,103
150522,0.00650053012471231,183,Inner Mongolia,科尔沁左翼后旗,内蒙古自治区,11511.5803164198,0,0.00771164750303046,39,103
150526,0.00647401285158668,183,Inner Mongolia,扎鲁特旗,内蒙古自治区,16490.9874600811,1,0.0539517020724116,40,103
152524,0.0062503118005321,183,Inner Mongolia,苏尼特右旗,内蒙古自治区,26325.4074895902,3,0,41,103
150825,0.00624275382038376,183,Inner Mongolia,乌拉特后旗,内蒙古自治区,24580.8527588776,1,0.0437786397509696,42,103
150521,0.00595642821816502,183,Inner Mongolia,科尔沁左翼中旗,内蒙古自治区,9575.73521319102,0,0,43,103
150702,0.00571657404246823,183,Inner Mongolia,海拉尔区,内蒙古自治区,1313.9658684498,60,0,44,103
150102,0.00565349697999578,183,Inner Mongolia,新城区,内蒙古自治区,660.31041523233,5,0.697278470941475,45,103
152531,0.00563291599282133,183,Inner Mongolia,多伦县,内蒙古自治区,3865.16132546023,11,0,46,103
150602,0.00558977163981717,183,Inner Mongolia,东胜区,内蒙古自治区,2205.04360498475,9,0,47,103
152526,0.00528787218315443,183,Inner Mongolia,西乌珠穆沁旗,内蒙古自治区,22462.8990250581,2,0.0718733679596715,48,103
150722,0.00509992139040131,183,Inner Mongolia,莫力达瓦达斡尔族自治旗,内蒙古自治区,10347.9874537034,1,0,49,103
150103,0.00493365751338433,183,Inner Mongolia,回民区,内蒙古自治区,194.858132117745,12,0.739063650158709,50,103
150429,0.00490828403651263,183,Inner Mongolia,宁城县,内蒙古自治区,4310.04785541582,0,0.0647265828619685,51,103
150929,0.00464575526371301,183,Inner Mongolia,四子王旗,内蒙古自治区,24022.4709812302,1,0.000443886835130147,52,103
150781,0.00451281692481052,183,Inner Mongolia,满洲里市,内蒙古自治区,479.021636680707,17,2.10386473138036e-05,53,103
150928,0.00450328368117295,183,Inner Mongolia,察哈尔右翼后旗,内蒙古自治区,3785.22201709919,8,0.000527953045701608,54,103
150523,0.00449159171198007,183,Inner Mongolia,开鲁县,内蒙古自治区,4356.82870395832,1,0,55,103
150925,0.00447523497505496,183,Inner Mongolia,凉城县,内蒙古自治区,3451.48232716792,4,0,56,103
150525,0.00447352785069425,183,Inner Mongolia,奈曼旗,内蒙古自治区,8130.11035116555,0,0,57,103
150123,0.00445274426021308,183,Inner Mongolia,和林格尔县,内蒙古自治区,3445.76254658818,4,0,58,103
150423,0.00435484049796385,183,Inner Mongolia,巴林右旗,内蒙古自治区,9974.9997189285,1,0.00365138395628836,59,103
152201,0.00427989768673506,183,Inner Mongolia,乌兰浩特市,内蒙古自治区,787.007036080866,14,0,60,103
150422,0.00425399881974562,183,Inner Mongolia,巴林左旗,内蒙古自治区,6471.90916373003,1,0.156324935337934,61,103
150207,0.00419040363451643,183,Inner Mongolia,九原区,内蒙古自治区,949.042262623628,9,0.0761218216157639,62,103
150924,0.00413056015903602,183,Inner Mongolia,兴和县,内蒙古自治区,3512.08257432673,2,0.00285846008202127,63,103
150125,0.00411297368879376,183,Inner Mongolia,武川县,内蒙古自治区,4681.27171754115,3,0.144894822128314,64,103
150824,0.00395388272630009,183,Inner Mongolia,乌拉特中旗,内蒙古自治区,22756.6053062502,0,0.0119276099339805,65,103
150524,0.00390567253768743,183,Inner Mongolia,库伦旗,内蒙古自治区,4706.6480332108,0,0.00136130879566714,66,103
150404,0.00367821625768392,183,Inner Mongolia,松山区,内蒙古自治区,5624.93393324938,0,0.00262962407780631,67,103
150921,0.00361979911353587,183,Inner Mongolia,卓资县,内蒙古自治区,3097.06222710649,1,0.179513230007798,68,103
150204,0.00356804647294132,183,Inner Mongolia,青山区,内蒙古自治区,280.419517448903,2,0.595257968729411,69,103
150203,0.00355043122898293,183,Inner Mongolia,昆都仑区,内蒙古自治区,288.72247373861,17,0.120133656352445,70,103
150922,0.0034810443561446,183,Inner Mongolia,化德县,内蒙古自治区,2534.54078346116,6,0,71,103
150428,0.00342409656740264,183,Inner Mongolia,喀喇沁旗,内蒙古自治区,3103.08327398066,0,0.000432309823604353,72,103
150981,0.00331644714383271,183,Inner Mongolia,丰镇市,内蒙古自治区,2720.44988268045,1,0,73,103
150703,0.00330006913877268,183,Inner Mongolia,扎赉诺尔区,内蒙古自治区,266.835405939398,15,0.109731772303167,74,103
150927,0.00321945939886619,183,Inner Mongolia,察哈尔右翼中旗,内蒙古自治区,4188.75940614791,3,2.40022485456761e-05,75,103
150802,0.00318860445081091,183,Inner Mongolia,临河区,内蒙古自治区,2359.06699375475,2,0,76,103
152224,0.00278034892627999,183,Inner Mongolia,突泉县,内蒙古自治区,4800.57836275034,0,0.0175892552454332,77,103
150205,0.00268515353943608,183,Inner Mongolia,石拐区,内蒙古自治区,643.82664659226,0,0.594329678052651,78,103
150926,0.00267861339465797,183,Inner Mongolia,察哈尔右翼前旗,内蒙古自治区,2735.24746471541,1,0.00155479213653711,79,103
150821,0.00265845900252107,183,Inner Mongolia,五原县,内蒙古自治区,2504.38000763666,1,0,80,103
150424,0.00262734899449595,183,Inner Mongolia,林西县,内蒙古自治区,3777.71024538171,1,0,81,103
150923,0.00253790756784797,183,Inner Mongolia,商都县,内蒙古自治区,4282.15225629802,1,0,82,103
150124,0.00252325148356655,183,Inner Mongolia,清水河县,内蒙古自治区,2814.78161993191,0,0,83,103
150221,0.00248982367469826,183,Inner Mongolia,土默特右旗,内蒙古自治区,2358.08379258524,0,0.173062138162421,84,103
150122,0.00225971344948154,183,Inner Mongolia,托克托县,内蒙古自治区,1407.2594466053,1,0,85,103
150222,0.00222689846870952,183,Inner Mongolia,固阳县,内蒙古自治区,4887.97593128164,0,0.0310417367187846,86,103
152529,0.00206452716611326,183,Inner Mongolia,正镶白旗,内蒙古自治区,6252.75066845298,0,0,87,103
152527,0.00204787350368645,183,Inner Mongolia,太仆寺旗,内蒙古自治区,3426.36948927985,0,0,88,103
150302,0.00198381023577358,183,Inner Mongolia,海勃湾区,内蒙古自治区,483.00715548588,2,0.0266305599805979,89,103
152528,0.0019609374631007,183,Inner Mongolia,镶黄旗,内蒙古自治区,5136.22150319667,0,0,90,103
150104,0.00195735312953484,183,Inner Mongolia,玉泉区,内蒙古自治区,205.348462730983,10,0,91,103
150105,0.00195063380684868,183,Inner Mongolia,赛罕区,内蒙古自治区,1002.99457627702,2,0.00779151397366053,92,103
150403,0.00194396905018444,183,Inner Mongolia,元宝山区,内蒙古自治区,876.852237539551,0,0.0187764356615909,93,103
150603,0.00175505967201772,183,Inner Mongolia,康巴什区,内蒙古自治区,324.929039300401,3,0,94,103
150826,0.00173557975790213,183,Inner Mongolia,杭锦后旗,内蒙古自治区,1745.91735141088,0,0.000421854141668459,95,103
150303,0.00160994848910398,183,Inner Mongolia,海南区,内蒙古自治区,965.834408103984,0,7.60172740157636e-05,96,103
150402,0.0015165355486296,183,Inner Mongolia,红山区,内蒙古自治区,488.632305405973,0,0.00311961706276879,97,103
150202,0.00143552372899021,183,Inner Mongolia,东河区,内蒙古自治区,467.078729804286,1,6.89211033760961e-05,98,103
152501,0.00117739571126029,183,Inner Mongolia,二连浩特市,内蒙古自治区,170.636479267379,11,0,99,103
150304,0.000834006750022428,183,Inner Mongolia,乌达区,内蒙古自治区,207.079227734451,0,0,100,103
150581,0.000704012893574574,183,Inner Mongolia,霍林郭勒市,内蒙古自治区,583.603025899439,0,0,101,103
150206,0.000667111197764472,183,Inner Mongolia,白云鄂博矿区,内蒙古自治区,331.588707096419,0,0,102,103
150902,0.000515365994231156,183,Inner Mongolia,集宁区,内蒙古自治区,114.217886770893,0,0,103,103
320506,0.0594883759189554,254,Jiangsu,吴中区,江苏省,2238.69514396299,595,0,1,96
320623,0.0505608975742997,254,Jiangsu,如东县,江苏省,2116.85271371835,815,0,2,96
320981,0.0462660758968041,254,Jiangsu,东台市,江苏省,2466.15261978044,521,0.0355606996771925,3,96
320581,0.0442020327490048,254,Jiangsu,常熟市,江苏省,1276.48160183902,725,0,4,96
320508,0.0431102572322995,254,Jiangsu,姑苏区,江苏省,356.489749966356,1416,0.0937118009549498,5,96
320924,0.0365477398969492,254,Jiangsu,射阳县,江苏省,2576.55263801984,266,0.134092627445491,6,96
320509,0.034334172585973,254,Jiangsu,吴江区,江苏省,1237.75157821727,287,0,7,96
320211,0.0326867071421668,254,Jiangsu,滨湖区,江苏省,632.788662156315,576,0,8,96
320111,0.0307560647263753,254,Jiangsu,浦口区,江苏省,910.818199526076,352,0,9,96
320583,0.0298690957904762,254,Jiangsu,昆山市,江苏省,931.626747819265,326,0,10,96
320115,0.0223452742382848,254,Jiangsu,江宁区,江苏省,1575.05854828988,88,0,11,96
320904,0.0208133140003608,254,Jiangsu,大丰区,江苏省,2690.78324623505,40,0.1676500148779,12,96
320481,0.0203484349468902,254,Jiangsu,溧阳市,江苏省,1533.35536045579,51,0.00659249442000315,13,96
320116,0.0195270905727131,254,Jiangsu,六合区,江苏省,1477.24122468485,96,0,14,96
320282,0.0182609369336011,254,Jiangsu,宜兴市,江苏省,1997.11863121005,34,0.00761009872122077,15,96
320113,0.0178354091116559,254,Jiangsu,栖霞区,江苏省,372.956362535637,248,8.02203045011276e-05,16,96
320582,0.0169280314559211,254,Jiangsu,张家港市,江苏省,988.957655170719,99,0,17,96
320413,0.0165721637146788,254,Jiangsu,金坛区,江苏省,976.718490029221,71,0,18,96
320507,0.0150575127907284,254,Jiangsu,相城区,江苏省,489.28592207491,125,1.95952543211537e-05,19,96
320102,0.0146986099050832,254,Jiangsu,玄武区,江苏省,75.899984389048,680,0,20,96
320412,0.0139025922912392,254,Jiangsu,武进区,江苏省,1064.50767917207,43,0,21,96
320117,0.0137821311943586,254,Jiangsu,溧水区,江苏省,1059.88319935366,34,0,22,96
320585,0.0130306067711575,254,Jiangsu,太仓市,江苏省,810.983171031876,59,0,23,96
320505,0.0129536372988719,254,Jiangsu,虎丘区,江苏省,334.047384589572,120,0.0048230045263507,24,96
320707,0.012327066131898,254,Jiangsu,赣榆区,江苏省,1429.13032883326,62,0,25,96
320703,0.0116756445905105,254,Jiangsu,连云区,江苏省,738.959151421026,101,0.0399991327957955,26,96
320902,0.0115661148078247,254,Jiangsu,亭湖区,江苏省,890.489151950991,72,0,27,96
320684,0.0110252099139463,254,Jiangsu,海门市,江苏省,1147.26109324138,34,0,28,96
321183,0.0104638327672142,254,Jiangsu,句容市,江苏省,1380.84763475875,17,0,29,96
320214,0.00969208826752958,254,Jiangsu,新吴区,江苏省,214.403127292843,101,0,30,96
320612,0.00946347426559211,254,Jiangsu,通州区,江苏省,1398.04931529943,20,0,31,96
320681,0.00897664161988856,254,Jiangsu,启东市,江苏省,1501.18438548491,16,0,32,96
320312,0.00873662329449171,254,Jiangsu,铜山区,江苏省,1928.9858541983,21,0,33,96
320281,0.00828794022286286,254,Jiangsu,江阴市,江苏省,984.640215697072,15,0,34,96
320213,0.00824505431379486,254,Jiangsu,梁溪区,江苏省,71.0182984574191,206,0,35,96
320685,0.00793723099695118,254,Jiangsu,海安市,江苏省,1170.24192581641,17,0,36,96
321003,0.00790296807504031,254,Jiangsu,邗江区,江苏省,640.861841199908,26,0,37,96
320813,0.00770930654153572,254,Jiangsu,洪泽区,江苏省,1280.94451167884,3,0.438186389538887,38,96
321324,0.00670322103558734,254,Jiangsu,泗洪县,江苏省,2694.37354612824,2,0.226671841902565,39,96
321204,0.00611551097553002,254,Jiangsu,姜堰区,江苏省,923.185783553024,11,0,40,96
321102,0.00611118508761117,254,Jiangsu,京口区,江苏省,346.078122494759,24,0,41,96
320903,0.00593172295242364,254,Jiangsu,盐都区,江苏省,1049.07339225123,11,0,42,96
320602,0.00584565855240216,254,Jiangsu,崇川区,江苏省,424.749074260451,18,0,43,96
320205,0.00584480140118337,254,Jiangsu,锡山区,江苏省,398.20898287124,16,0,44,96
321112,0.00583291841193811,254,Jiangsu,丹徒区,江苏省,617.468163442947,10,0,45,96
320830,0.00579555971954746,254,Jiangsu,盱眙县,江苏省,2493.08032397924,2,0.110365894798748,46,96
320921,0.00569633150458883,254,Jiangsu,响水县,江苏省,1361.05100534149,9,0.0790249574517933,47,96
320706,0.00563505947978965,254,Jiangsu,海州区,江苏省,699.44271661352,19,0.0171459851643605,48,96
321084,0.00555718990987976,254,Jiangsu,高邮市,江苏省,1921.85680480353,4,0,49,96
321012,0.00546641844989363,254,Jiangsu,江都区,江苏省,1328.36820735536,5,0,50,96
321281,0.00541100385859846,254,Jiangsu,兴化市,江苏省,2396.74054637501,3,0,51,96
320411,0.0053492417810712,254,Jiangsu,新北区,江苏省,508.155627142329,9,0,52,96
320402,0.005294302052814,254,Jiangsu,天宁区,江苏省,155.571754094838,30,0,53,96
321202,0.00509332199344514,254,Jiangsu,海陵区,江苏省,304.809043875572,21,0,54,96
320105,0.00505145831518562,254,Jiangsu,建邺区,江苏省,82.4812577010293,49,0,55,96
320106,0.00499069506518242,254,Jiangsu,鼓楼区,江苏省,52.8468597932831,75,0,56,96
321111,0.00487022613248572,254,Jiangsu,润州区,江苏省,124.50038886705,36,0,57,96
320321,0.0048137396257711,254,Jiangsu,丰县,江苏省,1451.70602326657,3,0,58,96
321023,0.00456066448103598,254,Jiangsu,宝应县,江苏省,1461.27381176141,4,0,59,96
320114,0.00451363906599199,254,Jiangsu,雨花台区,江苏省,135.723339501618,22,0,60,96
320682,0.00437438290358274,254,Jiangsu,如皋市,江苏省,1572.65072733949,2,0,61,96
320118,0.00423079066000651,254,Jiangsu,高淳区,江苏省,794.542546501367,1,0.0365882906241472,62,96
320831,0.00393851944288293,254,Jiangsu,金湖县,江苏省,1377.09715488086,2,0.0276727784052183,63,96
321181,0.00372524142286223,254,Jiangsu,丹阳市,江苏省,1047.78450685202,1,0,64,96
321002,0.00368402369393888,254,Jiangsu,广陵区,江苏省,336.018670506872,7,0,65,96
320104,0.00356808420380383,254,Jiangsu,秦淮区,江苏省,49.0214472613733,32,0,66,96
320311,0.00350386227275297,254,Jiangsu,泉山区,江苏省,103.744669425742,45,0,67,96
321203,0.00334197977690473,254,Jiangsu,高港区,江苏省,336.615819076764,6,0,68,96
320322,0.00330148623238329,254,Jiangsu,沛县,江苏省,1266.40865474568,2,0,69,96
320925,0.00323471793388604,254,Jiangsu,建湖县,江苏省,1156.95360726947,2,0,70,96
321081,0.0031051366479696,254,Jiangsu,仪征市,江苏省,898.237921110096,1,0,71,96
320804,0.0030757083794704,254,Jiangsu,淮阴区,江苏省,1309.79712497077,1,0.050888823129263,72,96
320922,0.00306217155420251,254,Jiangsu,滨海县,江苏省,1862.37378667693,1,0.0250409160144242,73,96
320302,0.00305677707321261,254,Jiangsu,鼓楼区,江苏省,217.771469399188,15,0,74,96
320812,0.00298161862997654,254,Jiangsu,清江浦区,江苏省,401.396367686483,6,0.0159379471161721,75,96
320803,0.0029611707113649,254,Jiangsu,淮安区,江苏省,1492.6262730055,1,0,76,96
320381,0.00295697463972115,254,Jiangsu,新沂市,江苏省,1589.70253418845,1,0,77,96
321282,0.00281152598677871,254,Jiangsu,靖江市,江苏省,659.122846347913,1,0,78,96
320723,0.00274746113812852,254,Jiangsu,灌云县,江苏省,1516.16927968341,1,0,79,96
321311,0.00271015832351107,254,Jiangsu,宿豫区,江苏省,1235.00596706583,1,0,80,96
321323,0.002633121146516,254,Jiangsu,泗阳县,江苏省,1374.92156013623,0,0.132056147836837,81,96
321322,0.00258856449924731,254,Jiangsu,沭阳县,江苏省,2302.32900543732,0,0,82,96
321302,0.002564949516214,254,Jiangsu,宿城区,江苏省,918.015531450792,1,0.0435051328369744,83,96
321283,0.00248435759618117,254,Jiangsu,泰兴市,江苏省,1168.22536290793,0,0.00244830393704101,84,96
320722,0.00248076260396468,254,Jiangsu,东海县,江苏省,2038.16806601305,0,0,85,96
320382,0.00244669754773904,254,Jiangsu,邳州市,江苏省,2083.49831808822,0,0,86,96
320324,0.002437061212083,254,Jiangsu,睢宁县,江苏省,1765.56008281085,0,0,87,96
320206,0.00226099557510369,254,Jiangsu,惠山区,江苏省,327.082870633977,1,0,88,96
320404,0.00223191467786378,254,Jiangsu,钟楼区,江苏省,132.446005607079,3,0,89,96
320826,0.00216587684178,254,Jiangsu,涟水县,江苏省,1678.16292741216,0,0,90,96
320923,0.00208350060408707,254,Jiangsu,阜宁县,江苏省,1438.76979461169,0,0,91,96
321182,0.00208018910747091,254,Jiangsu,扬中市,江苏省,325.415003923418,1,0,92,96
320303,0.00197188528434334,254,Jiangsu,云龙区,江苏省,118.106812337828,9,0,93,96
320611,0.00167930827523842,254,Jiangsu,港闸区,江苏省,152.756217719578,2,0,94,96
320724,0.00167286129158088,254,Jiangsu,灌南县,江苏省,1028.20452260111,0,0,95,96
320305,0.00147593219336036,254,Jiangsu,贾汪区,江苏省,620.332163268252,0,0,96,96
361130,0.0750521535504888,237,Jiangxi,婺源县,江西省,2968.88479589537,1044,0.00841697434171025,1,100
360425,0.0544434960136843,237,Jiangxi,永修县,江西省,1944.42510661981,583,0.137298838601451,2,100
360112,0.0500798177772954,237,Jiangxi,新建区,江西省,2223.45478057421,331,0.123730458167192,3,100
361127,0.0335985706816452,237,Jiangxi,余干县,江西省,2356.61830318896,165,0.00303723958640706,4,100
360727,0.0322929550868088,237,Jiangxi,龙南县,江西省,1646.18097470369,45,0.0783363635991875,5,100
360121,0.0315948483951085,237,Jiangxi,南昌县,江西省,1814.74660350006,203,0.00129936420374488,6,100
360733,0.0279684023399409,237,Jiangxi,会昌县,江西省,2710.84998057145,51,0,7,100
361104,0.0258646839857951,237,Jiangxi,广信区,江西省,2231.17975420593,50,0.000384549355580118,8,100
361002,0.0257021934588577,237,Jiangxi,临川区,江西省,2127.4434985853,74,0,9,100
361124,0.023692900863903,237,Jiangxi,铅山县,江西省,2179.15092224867,27,0.0702636618891534,10,100
361028,0.0214451454232593,237,Jiangxi,资溪县,江西省,1248.52621139275,32,0.109240878893946,11,100
360483,0.0188603988527314,237,Jiangxi,庐山市,江西省,664.643894162277,65,0.341999308468678,12,100
361003,0.016917762918277,237,Jiangxi,东乡区,江西省,1267.7507947777,42,0.000675853165756425,13,100
360822,0.0165988187626987,237,Jiangxi,吉水县,江西省,2506.42272202953,24,0,14,100
360681,0.0161925200126049,237,Jiangxi,贵溪市,江西省,2492.27672600837,9,0.0533600012798707,15,100
360404,0.0135005284562314,237,Jiangxi,柴桑区,江西省,914.633779037026,91,0.00845585968188765,16,100
361181,0.0134790006598258,237,Jiangxi,德兴市,江西省,2080.64724257963,19,0.00583436849530806,17,100
360428,0.0134117622134184,237,Jiangxi,都昌县,江西省,2228.18589029083,24,0.0393388736981807,18,100
361123,0.01267840175616,237,Jiangxi,玉山县,江西省,1731.12437085891,18,0,19,100
360725,0.0119127335740939,237,Jiangxi,崇义县,江西省,2196.80356445965,6,0.086593220198706,20,100
360781,0.0117184939048854,237,Jiangxi,瑞金市,江西省,2441.15641297426,5,0.022686214250587,21,100
360827,0.011716969420351,237,Jiangxi,遂川县,江西省,3100.17991496213,8,0.00879152479579632,22,100
360702,0.0116181174406588,237,Jiangxi,章贡区,江西省,591.333717459981,32,0,23,100
360430,0.011127817306157,237,Jiangxi,彭泽县,江西省,1540.71379919065,26,0.0329847284716839,24,100
360222,0.0109916145001548,237,Jiangxi,浮梁县,江西省,2859.41324849292,12,0,25,100
361022,0.0109455771629355,237,Jiangxi,黎川县,江西省,1707.99040997536,7,0,26,100
360502,0.0104067945306519,237,Jiangxi,渝水区,江西省,1780.52831000796,14,0.00296119657231206,27,100
360829,0.00991005030223302,237,Jiangxi,安福县,江西省,2793.73686850196,7,0.00392209962701841,28,100
360722,0.00969626151527959,237,Jiangxi,信丰县,江西省,2866.23955054347,2,0.00316597711730777,29,100
360402,0.00939055588123009,237,Jiangxi,濂溪区,江西省,503.168769598461,36,0.186056406977566,30,100
360704,0.00902341919204585,237,Jiangxi,赣县区,江西省,2989.71778767682,3,0,31,100
361128,0.00885679273297528,237,Jiangxi,鄱阳县,江西省,4125.25516574502,4,0,32,100
360424,0.00870728989385824,237,Jiangxi,修水县,江西省,4501.9767939527,5,0.000343954303328481,33,100
360731,0.00850707438827201,237,Jiangxi,于都县,江西省,2894.21723395244,2,0,34,100
360881,0.00825898403464187,237,Jiangxi,井冈山市,江西省,1289.46813609573,4,0.179967842013675,35,100
360124,0.008128535497679,237,Jiangxi,进贤县,江西省,1935.88448657702,6,0,36,100
360111,0.00805366577523114,237,Jiangxi,青山湖区,江西省,222.212925385912,58,0,37,100
360735,0.00797005877379628,237,Jiangxi,石城县,江西省,1567.45299419729,2,0.0670808007010814,38,100
360734,0.007811985083959,237,Jiangxi,寻乌县,江西省,2352.51981751966,1,0.0144364023939045,39,100
361023,0.00714396824043884,237,Jiangxi,南丰县,江西省,1911.85279020716,2,0.0020692424713046,40,100
361021,0.00710513924445679,237,Jiangxi,南城县,江西省,1712.31839696314,2,0,41,100
360113,0.00688692469192648,237,Jiangxi,红谷滩区,江西省,203.949348278722,45,0,42,100
361126,0.00688595786053155,237,Jiangxi,弋阳县,江西省,1573.6046481586,2,0,43,100
360423,0.0068684620269197,237,Jiangxi,武宁县,江西省,3504.5200583811,3,2.37829774685274e-05,44,100
360981,0.00674695998795022,237,Jiangxi,丰城市,江西省,2836.34436566662,2,0,45,100
360481,0.00669301787128135,237,Jiangxi,瑞昌市,江西省,1418.17542945808,10,0,46,100
360830,0.00657262787330487,237,Jiangxi,永新县,江西省,2181.62136558819,2,0,47,100
360521,0.00653732728293638,237,Jiangxi,分宜县,江西省,1378.56929792006,5,0.0156890471418171,48,100
360925,0.00642000191848758,237,Jiangxi,靖安县,江西省,1377.7736409229,5,0.0804389309050797,49,100
361102,0.00615689887581844,237,Jiangxi,信州区,江西省,316.122028028106,10,0,50,100
360902,0.00607798356311154,237,Jiangxi,袁州区,江西省,2536.9212623764,2,0.00804599106967114,51,100
360730,0.00595879026120666,237,Jiangxi,宁都县,江西省,4047.19792274688,0,0.000377242761814097,52,100
360281,0.00595585774266221,237,Jiangxi,乐平市,江西省,1978.81630370245,2,0,53,100
360724,0.00583987617543071,237,Jiangxi,上犹县,江西省,1541.41619793183,2,0.000371894386276662,54,100
360603,0.00581037990487086,237,Jiangxi,余江区,江西省,928.425781689303,3,1.02176169998586e-05,55,100
360826,0.00570434936657231,237,Jiangxi,泰和县,江西省,2659.52744458402,1,0,56,100
361129,0.00567728323228014,237,Jiangxi,万年县,江西省,1151.79297696801,3,0,57,100
360926,0.00560426608476849,237,Jiangxi,铜鼓县,江西省,1552.54339100974,4,0.040200994474109,58,100
360726,0.00554231436730019,237,Jiangxi,安远县,江西省,2348.69008385515,0,0.0133883876021061,59,100
360723,0.00546083214777616,237,Jiangxi,大余县,江西省,1355.87260697261,1,0,60,100
360729,0.00537555180356458,237,Jiangxi,全南县,江西省,1534.23171742832,0,0.0072887664960072,61,100
360703,0.00535092561969523,237,Jiangxi,南康区,江西省,1742.22122534894,1,0,62,100
361026,0.00528430696438568,237,Jiangxi,宜黄县,江西省,1938.98981787,0,0.128569918775789,63,100
360982,0.00527319924412687,237,Jiangxi,樟树市,江西省,1288.83463289055,3,0,64,100
360921,0.00517885275676701,237,Jiangxi,奉新县,江西省,1649.88580277853,3,0.00107492019935485,65,100
360732,0.00500055336763013,237,Jiangxi,兴国县,江西省,3214.7300499465,0,0,66,100
360321,0.0049672801738234,237,Jiangxi,莲花县,江西省,1070.90810905828,3,0,67,100
360728,0.0049454630675592,237,Jiangxi,定南县,江西省,1322.71677811979,0,0,68,100
360202,0.00493010147632819,237,Jiangxi,昌江区,江西省,406.598176902064,10,0,69,100
361024,0.00491752046976872,237,Jiangxi,崇仁县,江西省,1520.02591934677,1,0,70,100
360823,0.00487372634394127,237,Jiangxi,峡江县,江西省,1298.3687371726,2,0,71,100
360983,0.00483213494652986,237,Jiangxi,高安市,江西省,2426.81696282753,1,0,72,100
360803,0.00474494319268376,237,Jiangxi,青原区,江西省,918.05170998027,2,0.0144650950839406,73,100
360825,0.00464575090877822,237,Jiangxi,永丰县,江西省,2708.77633073993,0,0,74,100
361103,0.00457263802375593,237,Jiangxi,广丰区,江西省,1374.9916359382,0,0.0782323062983915,75,100
361025,0.00447955191759775,237,Jiangxi,乐安县,江西省,2410.56711222511,0,0.000303039116109871,76,100
360323,0.00432673169539486,237,Jiangxi,芦溪县,江西省,962.594402253479,3,0,77,100
361030,0.00414069644254145,237,Jiangxi,广昌县,江西省,1603.20187333019,0,0,78,100
360821,0.00392221313477524,237,Jiangxi,吉安县,江西省,2122.98406083828,0,0.0030968771640812,79,100
361027,0.00389596479003798,237,Jiangxi,金溪县,江西省,1352.55262892353,0,0,80,100
360828,0.00387596456955822,237,Jiangxi,万安县,江西省,2036.3231491008,0,0,81,100
360923,0.00375440920425809,237,Jiangxi,上高县,江西省,1346.38066094014,1,0.000227645748141333,82,100
360322,0.00351998721952733,237,Jiangxi,上栗县,江西省,728.85208821356,2,0,83,100
360429,0.00343283847628257,237,Jiangxi,湖口县,江西省,672.757605148787,3,0.0196553851647452,84,100
360482,0.00338011779742322,237,Jiangxi,共青城市,江西省,282.605297227032,7,0,85,100
360924,0.00330846209155981,237,Jiangxi,宜丰县,江西省,1937.09400905919,0,0.0264929884378529,86,100
360426,0.00318848038325329,237,Jiangxi,德安县,江西省,858.580785601221,2,0,87,100
360102,0.00313798692595948,237,Jiangxi,东湖区,江西省,55.7344376668306,23,0,88,100
360824,0.00309682439715868,237,Jiangxi,新干县,江西省,1243.55809755874,0,0,89,100
360922,0.0029396570616694,237,Jiangxi,万载县,江西省,1716.41646366224,0,0,90,100
361125,0.0028910620138381,237,Jiangxi,横峰县,江西省,654.387575363281,0,0,91,100
360802,0.00265610025252373,237,Jiangxi,吉州区,江西省,424.98818962433,1,0,92,100
360313,0.00258349841191858,237,Jiangxi,湘东区,江西省,857.536770002086,0,0,93,100
360602,0.00254348848948892,237,Jiangxi,月湖区,江西省,137.163260920891,1,0.116148063262369,94,100
360302,0.00215324541825316,237,Jiangxi,安源区,江西省,211.704487479013,2,0,95,100
360123,0.00207242856009498,237,Jiangxi,安义县,江西省,660.182579934942,0,0,96,100
360103,0.00190072685859913,237,Jiangxi,西湖区,江西省,35.328075067707,11,0,97,100
360403,0.00177090726989089,237,Jiangxi,浔阳区,江西省,48.7684779116744,13,0,98,100
360104,0.00154690545718187,237,Jiangxi,青云谱区,江西省,37.1603619411555,6,0,99,100
360203,0.000812431962020017,237,Jiangxi,珠山区,江西省,15.8054783226801,3,0,100,100
222404,0.121194167585363,174,Jilin,珲春市,吉林省,5105.16158800005,211,0.320150775360301,1,60
220822,0.093403244351082,174,Jilin,通榆县,吉林省,8475.29963075918,85,0.126853666283392,2,60
220821,0.0724628909577418,174,Jilin,镇赉县,吉林省,5066.44980428946,39,0.282957951113747,3,60
220621,0.0626706223854978,174,Jilin,抚松县,吉林省,6156.32553488575,49,0.206078184987601,4,60
220382,0.0484040495380558,174,Jilin,双辽市,吉林省,3092.98450745954,73,0,5,60
222426,0.0431218651905618,174,Jilin,安图县,吉林省,7439.39796462375,27,0.108738130408798,6,60
220882,0.029931552973957,174,Jilin,大安市,吉林省,4885.78176059797,14,0.0177591182048531,7,60
222424,0.0217771761299119,174,Jilin,汪清县,吉林省,8823.18439168966,5,0.0406023423490701,8,60
220881,0.0198567637741872,174,Jilin,洮南市,吉林省,5103.89555935246,5,0.000384446447586319,9,60
220582,0.0189231633559269,174,Jilin,集安市,吉林省,3290.34035737265,2,0.0426874855467256,10,60
220221,0.0174681344151889,174,Jilin,永吉县,吉林省,2630.54596383406,10,0,11,60
222401,0.0165261640799816,174,Jilin,延吉市,吉林省,1348.79077464465,18,0,12,60
220802,0.0155031917783449,174,Jilin,洮北区,吉林省,2224.40421078517,6,0,13,60
220622,0.0154397178810561,174,Jilin,靖宇县,吉林省,3084.16625705606,2,0.170944306488882,14,60
220102,0.0153496519484688,174,Jilin,南关区,吉林省,520.906907195796,36,0,15,60
220523,0.0139422718157148,174,Jilin,辉南县,吉林省,2276.77661234308,3,0.0665909381679177,16,60
220281,0.0135312652322581,174,Jilin,蛟河市,吉林省,6369.3295061765,2,0.0158953235233592,17,60
220721,0.0132869579211105,174,Jilin,前郭尔罗斯蒙古族自治县,吉林省,6023.81529456243,1,0.0746925096114542,18,60
220722,0.0129325991393767,174,Jilin,长岭县,吉林省,5737.69629285393,1,0.0122654361872304,19,60
220202,0.0127777637626979,174,Jilin,昌邑区,吉林省,858.218073074362,17,0,20,60
220623,0.0125178997305151,174,Jilin,长白朝鲜族自治县,吉林省,2494.79191565921,3,0.123635832957705,21,60
220303,0.0121055388513183,174,Jilin,铁东区,吉林省,923.616176200453,6,0.0116033331190837,22,60
222403,0.0117520505760248,174,Jilin,敦化市,吉林省,11786.8974543744,0,0.0654686136142246,23,60
220282,0.0116870387463224,174,Jilin,桦甸市,吉林省,6523.31314010515,0,0.124739226366701,24,60
220203,0.0115173523632109,174,Jilin,龙潭区,吉林省,1174.00787099239,9,0,25,60
220322,0.0114089759358333,174,Jilin,梨树县,吉林省,3603.67009371612,1,0,26,60
220211,0.0113853714575782,174,Jilin,丰满区,吉林省,1058.66645017557,9,0.00123380950842578,27,60
220581,0.0111221440442387,174,Jilin,梅河口市,吉林省,2178.379926275,2,0,28,60
220605,0.0107962858316837,174,Jilin,江源区,吉林省,1347.53820589691,4,0.0068810188718975,29,60
220284,0.0106644859048986,174,Jilin,磐石市,吉林省,3860.0775851684,1,0,30,60
220323,0.0106398419693078,174,Jilin,伊通满族自治县,吉林省,2523.47844505821,1,0.100550797956161,31,60
220521,0.0103363559437342,174,Jilin,通化县,吉林省,3723.06023630739,0,0.0106545615458893,32,60
220524,0.00993315770854782,174,Jilin,柳河县,吉林省,3345.25332051047,0,0.0765627625925878,33,60
222405,0.00967316203556686,174,Jilin,龙井市,吉林省,2577.51320095427,0,0.298706377282889,34,60
220122,0.00902302711753709,174,Jilin,农安县,吉林省,5235.16112741522,0,0.0498481609293143,35,60
220104,0.00882628887195654,174,Jilin,朝阳区,吉林省,294.717605720068,16,0,36,60
220723,0.00842663621587427,174,Jilin,乾安县,吉林省,3514.12265479897,0,0.0825780581707425,37,60
220103,0.00821176033879404,174,Jilin,宽城区,吉林省,929.370797901659,4,0,38,60
220381,0.00819186349990287,174,Jilin,公主岭市,吉林省,4172.08720938021,0,0,39,60
220681,0.00808988357660576,174,Jilin,临江市,吉林省,2995.12526005747,0,0.0414897681967992,40,60
220781,0.00798088706834531,174,Jilin,扶余市,吉林省,4343.18180365166,0,0,41,60
220283,0.00781307170203624,174,Jilin,舒兰市,吉林省,4558.32372737772,0,0,42,60
220182,0.00768515949344363,174,Jilin,榆树市,吉林省,4713.10323317392,0,0,43,60
220421,0.00736912747441944,174,Jilin,东丰县,吉林省,2523.07533020205,0,0,44,60
222406,0.0073229765089668,174,Jilin,和龙市,吉林省,5062.82224556093,0,0.0015536701287561,45,60
220112,0.00729271710273949,174,Jilin,双阳区,吉林省,1677.23074305086,1,0,46,60
220602,0.00693911791581971,174,Jilin,浑江区,吉林省,1356.49022536556,0,0.0588204304429672,47,60
220422,0.00687029161399193,174,Jilin,东辽县,吉林省,2189.46300989833,0,0,48,60
220183,0.00667767112404336,174,Jilin,德惠市,吉林省,3016.88650871306,0,0,49,60
220113,0.00637264572185851,174,Jilin,九台区,吉林省,2853.67178237083,0,0,50,60
222402,0.00634121132283188,174,Jilin,图们市,吉林省,1137.14422720748,1,0,51,60
220105,0.00576791964036603,174,Jilin,二道区,吉林省,1031.46567828114,1,0,52,60
220702,0.00538055330797638,174,Jilin,宁江区,吉林省,1541.65710122726,0,0,53,60
220204,0.00464086567091817,174,Jilin,船营区,吉林省,683.98257473948,1,0,54,60
220302,0.00422201117913178,174,Jilin,铁西区,吉林省,97.6769564138215,5,0,55,60
220503,0.00374025942890064,174,Jilin,二道江区,吉林省,371.477648448968,0,0,56,60
220502,0.00372699653000659,174,Jilin,东昌区,吉林省,373.815490357721,0,0.00384882581112223,57,60
220106,0.00352258843694489,174,Jilin,绿园区,吉林省,284.021405143009,1,0,58,60
220402,0.00289799819883667,174,Jilin,龙山区,吉林省,248.070202899629,0,0,59,60
220403,0.00262359562248769,174,Jilin,西安区,吉林省,178.457246444697,0,0,60,60
211103,0.0966229415197227,214,Liaoning,兴隆台区,辽宁省,679.173040874941,83,0.685119724389173,1,93
211104,0.0790831881623101,214,Liaoning,大洼区,辽宁省,1527.48639178993,587,0.176995745526805,2,93
210681,0.0510261606216364,214,Liaoning,东港市,辽宁省,2220.82285167291,88,0.135935910390001,3,93
210112,0.047221395774365,214,Liaoning,浑南区,辽宁省,915.476891634957,672,0,4,93
210283,0.0351394481453952,214,Liaoning,庄河市,辽宁省,3908.91344228363,47,0.0103845600858764,5,93
210281,0.0304116524097297,214,Liaoning,瓦房店市,辽宁省,3855.04487488298,22,0.151987265406199,6,93
210781,0.029420362329567,214,Liaoning,凌海市,辽宁省,2901.21303828339,59,0.0170312943301575,7,93
211324,0.0250589849864853,214,Liaoning,喀喇沁左翼蒙古族自治县,辽宁省,2231.187813689,54,0.00177807794209673,8,93
211382,0.0246052244691112,214,Liaoning,凌源市,辽宁省,3279.87059388684,26,0,9,93
211421,0.0223679348487897,214,Liaoning,绥中县,辽宁省,2757.37250444422,24,0,10,93
210114,0.0218174594097287,214,Liaoning,于洪区,辽宁省,778.060513435164,125,0,11,93
211422,0.0212533944415996,214,Liaoning,建昌县,辽宁省,3180.87895173249,17,0.0537898284436102,12,93
210214,0.0210933894191523,214,Liaoning,普兰店区,辽宁省,2839.80892520656,20,6.43868302670013e-06,13,93
210123,0.0184900591904404,214,Liaoning,康平县,辽宁省,2162.79143823605,34,0,14,93
210682,0.0181405162743122,214,Liaoning,凤城市,辽宁省,5515.75356539382,7,0.00445235905614928,15,93
210421,0.0177806881219253,214,Liaoning,抚顺县,辽宁省,2339.28457572357,21,0.0549157154244827,16,93
210624,0.0174086458915483,214,Liaoning,宽甸满族自治县,辽宁省,6098.28325230713,5,0.0123165531659967,17,93
210521,0.0167768504941971,214,Liaoning,本溪满族自治县,辽宁省,3343.29182160096,14,0,18,93
211122,0.0166305618618437,214,Liaoning,盘山县,辽宁省,1346.7500993711,34,0.00437263653057512,19,93
211381,0.0151468554488903,214,Liaoning,北票市,辽宁省,4531.0703422147,7,0.026792517386194,20,93
210124,0.01429617454614,214,Liaoning,法库县,辽宁省,2283.21927718185,17,0,21,93
210381,0.0140361359960443,214,Liaoning,海城市,辽宁省,2732.67690419281,9,0.00562269832174881,22,93
210921,0.0134926132990486,214,Liaoning,阜新蒙古族自治县,辽宁省,6223.72802770857,5,0.0199616979391006,23,93
210423,0.0124446728530906,214,Liaoning,清原满族自治县,辽宁省,3923.85027378894,7,0,24,93
210111,0.0123737413881293,214,Liaoning,苏家屯区,辽宁省,782.709093646944,31,0,25,93
210522,0.01062227446028,214,Liaoning,桓仁满族自治县,辽宁省,3552.93198833307,3,0.0355246837786542,26,93
210323,0.0105621580754322,214,Liaoning,岫岩满族自治县,辽宁省,4502.36225581717,2,0,27,93
211321,0.0104156740244376,214,Liaoning,朝阳县,辽宁省,4226.2785377719,3,0.0165525855565007,28,93
211081,0.00997732968306131,214,Liaoning,灯塔市,辽宁省,1334.03486159126,9,0,29,93
210311,0.0097603897124027,214,Liaoning,千山区,辽宁省,544.394922973714,22,0,30,93
210113,0.00974457985606956,214,Liaoning,沈北新区,辽宁省,856.746408806005,19,0,31,93
210604,0.00921966815557601,214,Liaoning,振安区,辽宁省,661.804225531725,5,0,32,93
211481,0.00889218821553238,214,Liaoning,兴城市,辽宁省,2087.97642052167,4,0,33,93
211221,0.00874381863524304,214,Liaoning,铁岭县,辽宁省,2242.32708181743,5,0,34,93
210115,0.00820705769475693,214,Liaoning,辽中区,辽宁省,1648.55607755342,5,0,35,93
211322,0.00807370000311952,214,Liaoning,建平县,辽宁省,4874.08179161564,1,0,36,93
211021,0.00804673274502383,214,Liaoning,辽阳县,辽宁省,2827.20846175873,2,0,37,93
210727,0.00788431045602793,214,Liaoning,义县,辽宁省,2477.67682516802,2,0.0386733202621931,38,93
210922,0.00730919580573134,214,Liaoning,彰武县,辽宁省,3619.71264797703,1,0.0494517233106309,39,93
211004,0.00730412400960837,214,Liaoning,宏伟区,辽宁省,72.5096579979501,80,0,40,93
211102,0.00672068223615879,214,Liaoning,双台子区,辽宁省,107.240309256622,47,0,41,93
210181,0.00660616354476084,214,Liaoning,新民市,辽宁省,3298.42911763034,1,0,42,93
210782,0.00603715556468056,214,Liaoning,北镇市,辽宁省,1693.96782077411,0,0.269894981592712,43,93
210504,0.00588313881708759,214,Liaoning,明山区,辽宁省,413.412391006182,8,0.0106428767234624,44,93
210422,0.00574555351429405,214,Liaoning,新宾满族自治县,辽宁省,4285.68790627753,0,0.0189846001382505,45,93
210711,0.00570727209473389,214,Liaoning,太和区,辽宁省,372.553544009344,9,0,46,93
211224,0.00569298682018451,214,Liaoning,昌图县,辽宁省,4324.05181876787,0,0.000684613410781207,47,93
210105,0.0055303809619025,214,Liaoning,皇姑区,辽宁省,30.6396416045862,109,0,48,93
211011,0.0054634335600379,214,Liaoning,太子河区,辽宁省,142.993921168732,20,0,49,93
210811,0.00542118055393509,214,Liaoning,老边区,辽宁省,348.203164308391,7,0,50,93
210881,0.00529152414093719,214,Liaoning,盖州市,辽宁省,2922.12261969638,0,0,51,93
210104,0.00500810662692318,214,Liaoning,大东区,辽宁省,34.3132613007615,77,0,52,93
210603,0.00494938825383644,214,Liaoning,振兴区,辽宁省,92.7482308973542,12,0,53,93
210505,0.00481523423122142,214,Liaoning,南芬区,辽宁省,615.427019968937,3,0,54,93
211223,0.00467893895409519,214,Liaoning,西丰县,辽宁省,2684.60953348146,0,0,55,93
210102,0.0046090499275533,214,Liaoning,和平区,辽宁省,21.2696892233152,99,0,56,93
211282,0.00452311313040473,214,Liaoning,开原市,辽宁省,2815.6046350639,0,0,57,93
210726,0.00446255367980492,214,Liaoning,黑山县,辽宁省,2495.09241795756,0,4.69730709196251e-05,58,93
210882,0.00417985058347349,214,Liaoning,大石桥市,辽宁省,1620.48316431897,0,0,59,93
211202,0.00407024495539509,214,Liaoning,银州区,辽宁省,172.158599769019,11,0,60,93
211402,0.00400691124697456,214,Liaoning,连山区,辽宁省,1654.29203182248,0,0,61,93
210321,0.00374482923684237,214,Liaoning,台安县,辽宁省,1390.65984389503,0,0.00939502615329353,62,93
210103,0.00314357505196645,214,Liaoning,沈河区,辽宁省,18.405216298372,46,0,63,93
210803,0.00309788011081063,214,Liaoning,西市区,辽宁省,37.1180661336212,18,0,64,93
210602,0.00299160133361886,214,Liaoning,元宝区,辽宁省,80.8350731154954,3,0,65,93
210411,0.0029816913127534,214,Liaoning,顺城区,辽宁省,277.28227196893,2,0.0473248868415661,66,93
210106,0.00291984930277707,214,Liaoning,铁西区,辽宁省,39.1507758903807,18,0,67,93
210502,0.00288410614689733,214,Liaoning,平山区,辽宁省,177.45589826698,3,0,68,93
211303,0.00278251396918002,214,Liaoning,龙城区,辽宁省,348.170932645084,1,0,69,93
210802,0.00271199887273818,214,Liaoning,站前区,辽宁省,131.252856379195,3,0,70,93
211005,0.00271170565637056,214,Liaoning,弓长岭区,辽宁省,289.510096486724,1,0,71,93
210404,0.00270135164439955,214,Liaoning,望花区,辽宁省,213.43549687885,2,0,72,93
211302,0.00263434375636913,214,Liaoning,双塔区,辽宁省,209.463915951043,2,0,73,93
210804,0.00262113037062687,214,Liaoning,鲅鱼圈区,辽宁省,272.221919955936,1,0,74,93
211404,0.00241730306839363,214,Liaoning,南票区,辽宁省,511.102494157469,0,0,75,93
211403,0.00225735662706779,214,Liaoning,龙港区,辽宁省,135.076923131066,2,0,76,93
211204,0.00221243775214526,214,Liaoning,清河区,辽宁省,479.639711360432,0,0,77,93
210503,0.00209748640024129,214,Liaoning,溪湖区,辽宁省,311.809993681597,0,0.0243734502218479,78,93
210703,0.0020286236708203,214,Liaoning,凌河区,辽宁省,36.1227702220321,7,0,79,93
210403,0.00193683772976729,214,Liaoning,东洲区,辽宁省,207.556138315722,0,0.100128986501791,80,93
210911,0.00177426537034539,214,Liaoning,细河区,辽宁省,288.438667930805,0,0,81,93
211281,0.00172508376489631,214,Liaoning,调兵山市,辽宁省,262.488357269412,0,0,82,93
210302,0.00136762914683769,214,Liaoning,铁东区,辽宁省,21.3145303434489,4,0,83,93
210905,0.00112170278495631,214,Liaoning,清河门区,辽宁省,93.5449958865561,0,0,84,93
211003,0.0009200200760411,214,Liaoning,文圣区,辽宁省,41.9477992117129,0,0,85,93
210304,0.000825454914681119,214,Liaoning,立山区,辽宁省,29.9058550776148,0,0,86,93
210303,0.000817159118369825,214,Liaoning,铁西区,辽宁省,31.4397369483446,0,0,87,93
210904,0.000760521800048033,214,Liaoning,太平区,辽宁省,37.5651308184073,0,0,88,93
210902,0.000752345343752162,214,Liaoning,海州区,辽宁省,36.5577735672602,0,0,89,93
211002,0.000731568889914069,214,Liaoning,白塔区,辽宁省,24.1081391340825,0,0,90,93
210402,0.000701394434722355,214,Liaoning,新抚区,辽宁省,27.6265367003191,0,0,91,93
210702,0.000664579088063733,214,Liaoning,古塔区,辽宁省,20.1300156871979,0,0,92,93
210903,0.000656536419685039,214,Liaoning,新邱区,辽宁省,24.3505489763049,0,0,93,93
640502,0.16492968731482,159,Ningxia,沙坡头区,宁夏回族自治区,5386.47307574675,49,0.261732173007629,1,22
640424,0.11680040247364,159,Ningxia,泾源县,宁夏回族自治区,1119.2489391024,17,0.514777013207012,2,22
640122,0.0849591966281488,159,Ningxia,贺兰县,宁夏回族自治区,1198.74497167141,92,0.252219079345157,3,22
640402,0.0615712764203498,159,Ningxia,原州区,宁夏回族自治区,2759.3210024893,15,0.0247480705076406,4,22
640181,0.0583626250709572,159,Ningxia,灵武市,宁夏回族自治区,3017.02858685299,10,0.255104034605028,5,22
640105,0.0552573488105245,159,Ningxia,西夏区,宁夏回族自治区,883.317793654176,26,0.327163799421134,6,22
640221,0.0466124755668495,159,Ningxia,平罗县,宁夏回族自治区,2065.4321776316,23,0.144893720196024,7,22
640323,0.0458272091571044,159,Ningxia,盐池县,宁夏回族自治区,6551.80553630445,3,0.129439804492945,8,22
640423,0.0388184167551301,159,Ningxia,隆德县,宁夏回族自治区,993.086064142586,7,0.0901125640137283,9,22
640303,0.0339391983557186,159,Ningxia,红寺堡区,宁夏回族自治区,2758.98355665174,5,0.0375003022743662,10,22
640202,0.0334814606713266,159,Ningxia,大武口区,宁夏回族自治区,946.172645836286,4,0.561417866912876,11,22
640104,0.0309090453365077,159,Ningxia,兴庆区,宁夏回族自治区,646.149866053299,35,7.20331164917289e-05,12,22
640521,0.0305367695873117,159,Ningxia,中宁县,宁夏回族自治区,3280.39580291352,2,0.0977136521463582,13,22
640422,0.0279978757263977,159,Ningxia,西吉县,宁夏回族自治区,3118.28586637198,1,0.0335271101819078,14,22
640324,0.0279570676239716,159,Ningxia,同心县,宁夏回族自治区,4425.14144202271,1,0.0499454132543741,15,22
640106,0.0254872765080171,159,Ningxia,金凤区,宁夏回族自治区,275.640856281568,48,0,16,22
640381,0.025377485565349,159,Ningxia,青铜峡市,宁夏回族自治区,1911.06755077518,3,0.0864540471378884,17,22
640522,0.0227662363636956,159,Ningxia,海原县,宁夏回族自治区,4992.35613454024,0,0.0402703205888803,18,22
640121,0.0200509473841323,159,Ningxia,永宁县,宁夏回族自治区,925.084867530297,4,0.111445007370582,19,22
640425,0.0195753356766067,159,Ningxia,彭阳县,宁夏回族自治区,2533.71764859103,0,0,20,22
640302,0.0157110906628322,159,Ningxia,利通区,宁夏回族自治区,1100.03134889346,2,0,21,22
640205,0.0130715723406098,159,Ningxia,惠农区,宁夏回族自治区,1072.30832281703,1,0.166697272263364,22,22
632521,0.105996190013659,201,Qinghai,共和县,青海省,16670.0280769454,995,0.187516919548405,1,45
632725,0.0711489991698976,201,Qinghai,囊谦县,青海省,12062.6718515393,446,0,2,45
632701,0.0670984891986,201,Qinghai,玉树市,青海省,15416.6042022171,533,0.00697254794635162,3,45
632724,0.0484511933706585,201,Qinghai,治多县,青海省,80662.3427407901,38,0.605252764704505,4,45
632801,0.047915407728838,201,Qinghai,格尔木市,青海省,119135.922448501,149,0.0559631089960308,5,45
632821,0.0430368867624663,201,Qinghai,乌兰县,青海省,12252.960083723,322,0.0723607998793295,6,45
632822,0.0422784947770003,201,Qinghai,都兰县,青海省,45268.9882615159,142,0.0282564568220045,7,45
632722,0.0398277328135348,201,Qinghai,杂多县,青海省,35539.8740115006,160,0,8,45
630121,0.0333286449595526,201,Qinghai,大通回族土族自治县,青海省,3159.61751467896,485,0,9,45
630223,0.0314577420808007,201,Qinghai,互助土族自治县,青海省,3351.89076758306,286,0.000764512922822856,10,45
632524,0.0295194411904293,201,Qinghai,兴海县,青海省,12184.483570018,189,0,11,45
632224,0.0255436625280175,201,Qinghai,刚察县,青海省,9646.74526560981,100,0.18581363580096,12,45
632223,0.0254338614265827,201,Qinghai,海晏县,青海省,4444.44997009587,111,0.230992456991097,13,45
632221,0.0252766657678004,201,Qinghai,门源回族自治县,青海省,6380.94449340745,210,0.0521225424091055,14,45
632802,0.0250867506571565,201,Qinghai,德令哈市,青海省,27764.9919580406,80,0.0602756988202307,15,45
632726,0.0239655955664105,201,Qinghai,曲麻莱县,青海省,46627.1604457716,78,0.000343768954624609,16,45
632626,0.0235838300208479,201,Qinghai,玛多县,青海省,24472.1384994445,101,0.00155145845826781,17,45
632523,0.0221508305977784,201,Qinghai,贵德县,青海省,3511.64361827909,109,0,18,45
632723,0.0191548634370565,201,Qinghai,称多县,青海省,14615.808863842,71,0.0030017073616394,19,45
632625,0.0174043703662884,201,Qinghai,久治县,青海省,8281.75959762795,21,0.000118632167495449,20,45
630122,0.0166319677350879,201,Qinghai,湟中区,青海省,2448.28475076495,76,0,21,45
632622,0.0164466941796471,201,Qinghai,班玛县,青海省,6402.59594649401,18,0.00681781483925461,22,45
632222,0.0151146303080666,201,Qinghai,祁连县,青海省,13917.4317120804,44,0.0702588235796315,23,45
632803,0.0140134669691542,201,Qinghai,茫崖市,青海省,48691.1959161465,10,0.0225015246667689,24,45
630224,0.0132808040018541,201,Qinghai,化隆回族自治县,青海省,2708.03298626412,32,0.00114486515007759,25,45
632321,0.0121596784632791,201,Qinghai,同仁县,青海省,3217.35974321375,21,0,26,45
630225,0.0116407666210856,201,Qinghai,循化撒拉族自治县,青海省,1815.9306999846,10,0.100959651535654,27,45
632800,0.0113945429491974,201,Qinghai,自治州直辖,青海省,22089.2994304893,17,0.00101789756857068,28,45
632525,0.0111526784245758,201,Qinghai,贵南县,青海省,6633.82626860715,12,0,29,45
632823,0.0106742057400945,201,Qinghai,天峻县,青海省,25620.235347761,17,0.0120954247537192,30,45
630222,0.0102288822047238,201,Qinghai,民和回族土族自治县,青海省,1898.85254477929,9,0.00609752375599618,31,45
630123,0.00944408278960616,201,Qinghai,湟源县,青海省,1504.79056293147,48,0,32,45
632322,0.00931216399746586,201,Qinghai,尖扎县,青海省,1554.83782172543,20,0,33,45
630102,0.00819736928205495,201,Qinghai,城东区,青海省,111.69285483614,231,0,34,45
630104,0.00755254031125497,201,Qinghai,城西区,青海省,72.1683731869169,285,0,35,45
632323,0.0069358671726747,201,Qinghai,泽库县,青海省,6552.30313099622,3,0,36,45
632624,0.00680848026441867,201,Qinghai,达日县,青海省,14511.4103218915,2,0.00258303723682794,37,45
630202,0.00667109291535479,201,Qinghai,乐都区,青海省,2480.19085491893,6,0.00471334070396028,38,45
630105,0.0062141408658663,201,Qinghai,城北区,青海省,129.620167214932,99,0,39,45
632324,0.00619783378609982,201,Qinghai,河南蒙古族自治县,青海省,6702.92035320391,1,0.00165022758443623,40,45
632621,0.00601508646953559,201,Qinghai,玛沁县,青海省,13451.958819549,3,0,41,45
632522,0.00524692972582865,201,Qinghai,同德县,青海省,4693.27561227042,3,0,42,45
630103,0.00405299219034901,201,Qinghai,城中区,青海省,137.962034917301,32,0,43,45
630203,0.0036359932052073,201,Qinghai,平安区,青海省,734.440044128287,8,0,44,45
632623,0.00331745699414102,201,Qinghai,甘德县,青海省,7129.79237756436,0,0,45,45
610723,0.125199378195899,241,Shaanxi,洋县,陕西省,3193.49105461556,426,0.210611093880174,1,107
610730,0.0534094709554691,241,Shaanxi,佛坪县,陕西省,1270.72617762097,151,0.338717536096861,2,107
610124,0.0331811426860108,241,Shaanxi,周至县,陕西省,2944.75542701249,36,0.235646596541923,3,107
611021,0.0281167289598914,241,Shaanxi,洛南县,陕西省,2832.0850027453,2,0.858085160713245,4,107
610116,0.0256032749721357,241,Shaanxi,长安区,陕西省,1591.96347196623,68,0.0456211219306633,5,107
610923,0.0252255291145758,241,Shaanxi,宁陕县,陕西省,3662.00125882835,16,0.136579113524522,6,107
610703,0.0248098295684488,241,Shaanxi,南郑区,陕西省,2807.76764121442,15,0.000855828917625702,7,107
610115,0.0241454522634451,241,Shaanxi,临潼区,陕西省,918.496460185587,158,0,8,107
610726,0.0232584968402677,241,Shaanxi,宁强县,陕西省,3256.58005035675,5,0.0294496288079143,9,107
610582,0.0232475348422547,241,Shaanxi,华阴市,陕西省,676.367972242634,27,0.641875811596168,10,107
610724,0.0232001882284397,241,Shaanxi,西乡县,陕西省,3229.44796280715,8,0.108970925070266,11,107
610728,0.0218141688947702,241,Shaanxi,镇巴县,陕西省,3407.0079738357,6,0.000312245110733025,12,107
611025,0.0199945588560017,241,Shaanxi,镇安县,陕西省,3486.51997431965,15,0.000212111433741848,13,107
611022,0.0184102028310744,241,Shaanxi,丹凤县,陕西省,2408.16495241077,2,0.471516968699527,14,107
610113,0.0167366788598293,241,Shaanxi,雁塔区,陕西省,152.33222528732,366,0,15,107
610722,0.0166919610473873,241,Shaanxi,城固县,陕西省,2217.93166109148,7,0.0202028797974124,16,107
610928,0.013848686094182,241,Shaanxi,旬阳县,陕西省,3539.91032856526,3,0,17,107
610118,0.0121030059913292,241,Shaanxi,鄠邑区,陕西省,1281.03949899679,16,0,18,107
610112,0.0119706899060285,241,Shaanxi,未央区,陕西省,263.257275905138,92,0,19,107
610725,0.011831174172834,241,Shaanxi,勉县,陕西省,2389.93834640898,2,0,20,107
610924,0.0117837904569618,241,Shaanxi,紫阳县,陕西省,2240.46163576039,1,0.00504230992661649,21,107
610526,0.0114663573722174,241,Shaanxi,蒲城县,陕西省,1583.0423945098,18,0,22,107
610881,0.0114032221477669,241,Shaanxi,神木市,陕西省,7444.31623713228,10,0,23,107
610927,0.011087827693336,241,Shaanxi,镇坪县,陕西省,1501.80723605216,1,0.164117849350602,24,107
610727,0.0110374753058786,241,Shaanxi,略阳县,陕西省,2825.59411655532,1,0.014098127139245,25,107
610326,0.01057752586417,241,Shaanxi,眉县,陕西省,857.769302030635,26,0.0600561795562022,26,107
610122,0.0102455599370613,241,Shaanxi,蓝田县,陕西省,2005.87865085708,8,0.000347965986478265,27,107
610581,0.00998714937461869,241,Shaanxi,韩城市,陕西省,1569.29763161344,3,0.312002597550519,28,107
610111,0.00990182003698276,241,Shaanxi,灞桥区,陕西省,325.068494881837,48,0,29,107
610702,0.00911044137553016,241,Shaanxi,汉台区,陕西省,544.253636181938,4,0,30,107
610926,0.00884250819160746,241,Shaanxi,平利县,陕西省,2649.20515983807,0,0.0196274136696331,31,107
611026,0.00853831794929365,241,Shaanxi,柞水县,陕西省,2367.88851885767,2,0.036601635377982,32,107
610729,0.0085261636717615,241,Shaanxi,留坝县,陕西省,1949.46291474735,2,0.072859384369331,33,107
610331,0.00849713516840573,241,Shaanxi,太白县,陕西省,2717.38220379216,1,0.25537792423722,34,107
610902,0.00834507355986057,241,Shaanxi,汉滨区,陕西省,3645.940609852,0,0,35,107
610925,0.00785451928369463,241,Shaanxi,岚皋县,陕西省,1957.64026564955,0,0.0182431810389602,36,107
611002,0.00739903204664754,241,Shaanxi,商州区,陕西省,2645.91356832852,0,0.246785868044924,37,107
610503,0.00738289471552784,241,Shaanxi,华州区,陕西省,1129.11520675096,2,0.361471784991222,38,107
610802,0.00727052316149229,241,Shaanxi,榆阳区,陕西省,6800.65315946221,4,0,39,107
610302,0.00725832225414069,241,Shaanxi,渭滨区,陕西省,844.124204473148,7,0,40,107
611024,0.00708643597752486,241,Shaanxi,山阳县,陕西省,3531.23917709217,0,0.0252433807114862,41,107
610404,0.00704458826695598,241,Shaanxi,渭城区,陕西省,267.626066909809,25,0,42,107
610602,0.00677806197726465,241,Shaanxi,宝塔区,陕西省,3536.02255442067,3,0,43,107
610527,0.00671254931295769,241,Shaanxi,白水县,陕西省,983.331121013815,11,0,44,107
610929,0.00635223006821011,241,Shaanxi,白河县,陕西省,1454.22897685067,0,0,45,107
610104,0.00634604682722854,241,Shaanxi,莲湖区,陕西省,38.4051165945212,124,0,46,107
610323,0.0063281606684293,241,Shaanxi,岐山县,陕西省,854.706673456081,5,0,47,107
610304,0.00619511791929867,241,Shaanxi,陈仓区,陕西省,2469.51838906041,1,0.000405998596000206,48,107
611023,0.0059320442769008,241,Shaanxi,商南县,陕西省,2312.44037686966,0,0.000603891760805658,49,107
610523,0.00590505507303417,241,Shaanxi,大荔县,陕西省,1694.55918323124,1,0.141219910022221,50,107
610921,0.00563534562144102,241,Shaanxi,汉阴县,陕西省,1364.28765391911,0,0,51,107
610922,0.00562825658292132,241,Shaanxi,石泉县,陕西省,1516.3432897319,0,0,52,107
610803,0.00562153163617,241,Shaanxi,横山区,陕西省,4310.2181918258,2,0,53,107
610330,0.0055162924574024,241,Shaanxi,凤县,陕西省,3150.38263674934,0,0.051339321620657,54,107
610424,0.0054381755550242,241,Shaanxi,乾县,陕西省,999.255701545202,3,0,55,107
610522,0.00540279678670999,241,Shaanxi,潼关县,陕西省,428.928298024058,0,0.74778430689799,56,107
610327,0.00500869793114313,241,Shaanxi,陇县,陕西省,2279.26554536711,1,0.0281296182921379,57,107
610402,0.00499433668017992,241,Shaanxi,秦都区,陕西省,259.664751959745,10,0,58,107
610322,0.00482768261011352,241,Shaanxi,凤翔县,陕西省,1232.59036857506,1,0,59,107
610103,0.0044480820640198,241,Shaanxi,碑林区,陕西省,22.9874164455616,99,0,60,107
610502,0.00437234949400224,241,Shaanxi,临渭区,陕西省,1261.33480306717,1,0,61,107
610524,0.00435331950799282,241,Shaanxi,合阳县,陕西省,1286.41469501204,1,0.089858847241481,62,107
610825,0.00427067328975468,241,Shaanxi,定边县,陕西省,6825.12371633243,0,0.00167585916387554,63,107
610117,0.00425455936241974,241,Shaanxi,高陵区,陕西省,287.445112050673,7,0,64,107
610528,0.0040808653173466,241,Shaanxi,富平县,陕西省,1247.00610399567,1,0,65,107
610114,0.00407353348822674,241,Shaanxi,阎良区,陕西省,242.208744200296,8,0,66,107
610204,0.00393722959601751,241,Shaanxi,耀州区,陕西省,1611.13647835801,1,0,67,107
610431,0.00393678121350815,241,Shaanxi,武功县,陕西省,392.681947550754,3,0,68,107
610628,0.00392134768214023,241,Shaanxi,富县,陕西省,4188.52143823917,0,0.0952927368199342,69,107
610328,0.00380666432445934,241,Shaanxi,千阳县,陕西省,996.97040814594,1,0,70,107
610102,0.00375040094831755,241,Shaanxi,新城区,陕西省,29.9210467607529,41,0,71,107
610403,0.00369931553434778,241,Shaanxi,杨陵区,陕西省,133.498504874854,10,0,72,107
610429,0.00362752836759036,241,Shaanxi,旬邑县,陕西省,1769.44100939947,1,0,73,107
610824,0.00362499536464289,241,Shaanxi,靖边县,陕西省,4938.86026848406,0,0,74,107
610324,0.00355549128231867,241,Shaanxi,扶风县,陕西省,703.155537413444,1,0,75,107
610822,0.00345582036370612,241,Shaanxi,府谷县,陕西省,3205.91984898097,1,0,76,107
610222,0.00331343467441216,241,Shaanxi,宜君县,陕西省,1512.71679905786,1,0,77,107
610329,0.00326817164822681,241,Shaanxi,麟游县,陕西省,1711.03878219461,0,0,78,107
610481,0.00317730074393716,241,Shaanxi,兴平市,陕西省,507.674183234374,1,0,79,107
610630,0.00314401101631534,241,Shaanxi,宜川县,陕西省,2939.3147252242,0,0.000159425205128768,80,107
610625,0.00310880003573635,241,Shaanxi,志丹县,陕西省,3788.62922788671,0,0,81,107
610626,0.00300694500253366,241,Shaanxi,吴起县,陕西省,3787.96982117405,0,0,82,107
610631,0.00295705645549212,241,Shaanxi,黄龙县,陕西省,2750.94707587969,0,0.000486903227424847,83,107
610303,0.00294480904317431,241,Shaanxi,金台区,陕西省,309.803450022155,1,0,84,107
610425,0.00285140914843571,241,Shaanxi,礼泉县,陕西省,1012.00536636651,0,0,85,107
610621,0.00284165044239378,241,Shaanxi,延长县,陕西省,2363.65032448705,0,0,86,107
610603,0.00283889691335443,241,Shaanxi,安塞区,陕西省,2960.25011661764,0,0,87,107
610629,0.00272710990806022,241,Shaanxi,洛川县,陕西省,1790.13745353522,0,0,88,107
610632,0.00271027286936099,241,Shaanxi,黄陵县,陕西省,2287.96657995656,0,0.00056641055807294,89,107
610525,0.00266217945462319,241,Shaanxi,澄城县,陕西省,1122.17254168175,0,0,90,107
610681,0.00266059643893774,241,Shaanxi,子长市,陕西省,2396.12892154064,0,0,91,107
610423,0.00264891335938936,241,Shaanxi,泾阳县,陕西省,777.705023084259,0,0,92,107
610622,0.00264467757651585,241,Shaanxi,延川县,陕西省,1982.79638450399,0,0,93,107
610830,0.00257671086686895,241,Shaanxi,清涧县,陕西省,1854.44661456941,0,0,94,107
610627,0.00255397141321711,241,Shaanxi,甘泉县,陕西省,2267.7153489881,0,0,95,107
610826,0.00253625050172053,241,Shaanxi,绥德县,陕西省,1852.7589553048,0,0,96,107
610831,0.00249597953248981,241,Shaanxi,子洲县,陕西省,2027.56514192251,0,0,97,107
610482,0.00249361602261612,241,Shaanxi,彬州市,陕西省,1181.61465668983,0,0,98,107
610430,0.00248161954102034,241,Shaanxi,淳化县,陕西省,983.645518136295,0,0,99,107
610426,0.00247844547563957,241,Shaanxi,永寿县,陕西省,887.365890286741,0,0,100,107
610428,0.00246411287893507,241,Shaanxi,长武县,陕西省,568.467366109651,1,0,101,107
610422,0.00237627771436035,241,Shaanxi,三原县,陕西省,577.518655301149,0,0,102,107
610828,0.00234276826906884,241,Shaanxi,佳县,陕西省,2041.2806468443,0,0,103,107
610203,0.00188948998411823,241,Shaanxi,印台区,陕西省,607.469013973757,0,0,104,107
610827,0.00187583193207874,241,Shaanxi,米脂县,陕西省,1166.73670613464,0,0,105,107
610829,0.00151730274306042,241,Shaanxi,吴堡县,陕西省,419.356004019554,0,0,106,107
610202,0.00117521211695624,241,Shaanxi,王益区,陕西省,154.582009048385,0,0,107,107
370212,0.0729819344114485,250,Shandong,崂山区,山东省,388.304173392501,209,0.837826546647355,1,136
371102,0.0398827294671526,250,Shandong,东港区,山东省,1243.69205209478,314,0,2,136
370505,0.0391182413131418,250,Shandong,垦利区,山东省,1882.72081204182,87,0.276375749639072,3,136
370214,0.0226665485153381,250,Shandong,城阳区,山东省,524.308882254292,123,0.168019415588868,4,136
370112,0.0212821735952453,250,Shandong,历城区,山东省,1301.76176801696,55,0.00455718159671546,5,136
370281,0.0209619802526349,250,Shandong,胶州市,山东省,1303.64684207546,81,0,6,136
370285,0.0175203196866197,250,Shandong,莱西市,山东省,1575.02187238508,51,0,7,136
370211,0.0172257798971007,250,Shandong,黄岛区,山东省,2051.24344559183,30,0,8,136
370826,0.0148995949866778,250,Shandong,微山县,山东省,1772.93712534924,14,0,9,136
370213,0.014128099827856,250,Shandong,李沧区,山东省,95.346851225303,103,0.358149088883269,10,136
371728,0.0140101981383368,250,Shandong,东明县,山东省,1306.78733987786,11,0.021770394191915,11,136
370782,0.0137469990881416,250,Shandong,诸城市,山东省,2151.27240007478,16,0,12,136
371122,0.0136178781593314,250,Shandong,莒县,山东省,1818.13860962139,16,0,13,136
370215,0.0135718196316267,250,Shandong,即墨区,山东省,1836.88565815705,21,6.9048549336192e-05,14,136
370902,0.0134879068685705,250,Shandong,泰山区,山东省,339.657184476382,18,0.377859332948199,15,136
370611,0.0133982247282925,250,Shandong,福山区,山东省,704.45554425046,55,0.0147371535249317,16,136
370503,0.0127675263982313,250,Shandong,河口区,山东省,1850.09414963382,11,0.0949315174922251,17,136
371324,0.0125351169011592,250,Shandong,兰陵县,山东省,1723.63171344444,10,0.00578844167537897,18,136
370683,0.0117779118785149,250,Shandong,莱州市,山东省,1869.48061630149,15,0,19,136
371082,0.0106647912146919,250,Shandong,荣成市,山东省,1473.22398247153,17,0.0187434589914829,20,136
371103,0.0102921189914138,250,Shandong,岚山区,山东省,773.613828580027,16,0,21,136
370502,0.0102581575355387,250,Shandong,东营区,山东省,1090.99078964379,16,0,22,136
370612,0.00999890997822826,250,Shandong,牟平区,山东省,1508.46353911048,10,0.0773387418858287,23,136
371312,0.00997840260540827,250,Shandong,河东区,山东省,796.34149431896,14,0,24,136
370881,0.00986973685260639,250,Shandong,曲阜市,山东省,816.763676922075,14,0,25,136
371311,0.00946987346435009,250,Shandong,罗庄区,山东省,570.400671820776,16,0,26,136
371121,0.00939215522069432,250,Shandong,五莲县,山东省,1496.4460008532,8,0,27,136
371302,0.00915546128436792,250,Shandong,兰山区,山东省,945.922693894379,9,0,28,136
370786,0.00893328959795661,250,Shandong,昌邑市,山东省,1449.33841673368,9,0,29,136
371328,0.00893066406299314,250,Shandong,蒙阴县,山东省,1604.4190812158,6,0,30,136
371321,0.00884437402765717,250,Shandong,沂南县,山东省,1721.13663837772,5,0,31,136
370911,0.00883047781194069,250,Shandong,岱岳区,山东省,1756.29283558988,4,0.0439514484416135,32,136
371083,0.0086097708920771,250,Shandong,乳山市,山东省,1628.32151366258,9,0,33,136
370116,0.0083885639606994,250,Shandong,莱芜区,山东省,1727.7788878253,5,0,34,136
371325,0.00837488495592994,250,Shandong,费县,山东省,1600.37353493767,4,0,35,136
370811,0.00826396171460414,250,Shandong,任城区,山东省,861.408593456373,7,0,36,136
370283,0.00819357763493476,250,Shandong,平度市,山东省,3174.5274952494,3,0,37,136
370202,0.00773580158404658,250,Shandong,市南区,山东省,28.8205930782245,249,0.0671152437586412,38,136
370883,0.00769741068989757,250,Shandong,邹城市,山东省,1615.21158755699,3,0,39,136
371721,0.007684769550512,250,Shandong,曹县,山东省,1967.12189462982,1,0,40,136
370114,0.00751042251730133,250,Shandong,章丘区,山东省,1716.20972620293,4,0,41,136
370685,0.00746762009338719,250,Shandong,招远市,山东省,1432.77087099291,7,0,42,136
371702,0.00736741299407294,250,Shandong,牡丹区,山东省,1426.75576981683,2,0,43,136
371322,0.00731960555475555,250,Shandong,郯城县,山东省,1198.76133216315,3,0,44,136
371003,0.00701901173201585,250,Shandong,文登区,山东省,1547.37267282988,5,0.0223584501511707,45,136
370102,0.00690629525158795,250,Shandong,历下区,山东省,99.7426633074641,44,0,46,136
370602,0.00690241604395816,250,Shandong,芝罘区,山东省,173.728324793993,49,0,47,136
370684,0.00678118387112396,250,Shandong,蓬莱市,山东省,1127.00894080946,7,0,48,136
371603,0.00674156315395216,250,Shandong,沾化区,山东省,1711.24101276382,3,0,49,136
370113,0.00641977459271017,250,Shandong,长清区,山东省,1206.49537757387,2,0.0482100400871078,50,136
370724,0.00624592300120623,250,Shandong,临朐县,山东省,1830.78705892544,2,0,51,136
370303,0.00605209068592792,250,Shandong,张店区,山东省,360.326548255233,11,0,52,136
371002,0.00604940217196572,250,Shandong,环翠区,山东省,976.871198480221,6,0,53,136
370105,0.00583384043114424,250,Shandong,天桥区,山东省,258.850099723911,11,0,54,136
370687,0.00580325488854666,250,Shandong,海阳市,山东省,1867.18072633994,2,0,55,136
370703,0.00578179884041069,250,Shandong,寒亭区,山东省,1253.84001361137,3,0,56,136
370406,0.00569724500569846,250,Shandong,山亭区,山东省,1019.73049162671,2,0,57,136
371723,0.00555681816773962,250,Shandong,成武县,山东省,989.728185027221,1,0,58,136
370812,0.0053605431318629,250,Shandong,兖州区,山东省,650.329283028729,3,0,59,136
370923,0.00527570701750105,250,Shandong,东平县,山东省,1338.56724673363,1,0,60,136
370103,0.00524309883926292,250,Shandong,市中区,山东省,284.356220841938,7,0,61,136
370523,0.00521173472149264,250,Shandong,广饶县,山东省,1147.81855928076,2,0,62,136
371722,0.00520078097506206,250,Shandong,单县,山东省,1646.47942299564,0,0,63,136
370829,0.00507752464259631,250,Shandong,嘉祥县,山东省,974.666373606466,1,0,64,136
370983,0.00507558359956346,250,Shandong,肥城市,山东省,1267.88273114329,1,0,65,136
370781,0.00506472526228528,250,Shandong,青州市,山东省,1559.06114312872,1,0,66,136
370784,0.00502376253590906,250,Shandong,安丘市,山东省,1708.15797647325,1,0,67,136
371623,0.00501517399541501,250,Shandong,无棣县,山东省,1956.71871492755,0,0.134998859787488,68,136
371327,0.00492696533312901,250,Shandong,莒南县,山东省,1751.70290851502,0,0,69,136
370682,0.00462244700652768,250,Shandong,莱阳市,山东省,1725.1354707754,1,0,70,136
370785,0.00460920372571826,250,Shandong,高密市,山东省,1521.09108981768,1,0,71,136
371525,0.00458421174739369,250,Shandong,冠县,山东省,1159.29463019128,1,0,72,136
371323,0.00456025932409806,250,Shandong,沂水县,山东省,2410.59637642977,0,0,73,136
371725,0.00452782504117938,250,Shandong,郓城县,山东省,1633.25647732136,0,0,74,136
370481,0.00439548134109123,250,Shandong,滕州市,山东省,1482.49912319025,0,0,75,136
371326,0.00439233405647553,250,Shandong,平邑县,山东省,1825.24915995357,0,0,76,136
370982,0.00438624921528217,250,Shandong,新泰市,山东省,1932.54043777611,0,0,77,136
370203,0.00436375176777785,250,Shandong,市北区,山东省,65.130196964807,26,0.0672478241752314,78,136
371724,0.00436272827083054,250,Shandong,巨野县,山东省,1298.87347904804,0,0,79,136
370725,0.00426911039591494,250,Shandong,昌乐县,山东省,1101.23787729047,1,0,80,136
370783,0.00419520785679951,250,Shandong,寿光市,山东省,1939.79734836139,0,0,81,136
370104,0.00418437751083725,250,Shandong,槐荫区,山东省,151.881019963705,8,0,82,136
371625,0.00403172447386177,250,Shandong,博兴县,山东省,897.748203313656,1,0.00333579401584393,83,136
370124,0.00398578360457456,250,Shandong,平阴县,山东省,714.986404089439,1,0,84,136
371522,0.00396509286322436,250,Shandong,莘县,山东省,1387.23416436084,0,0,85,136
371726,0.00393323518901854,250,Shandong,鄄城县,山东省,1038.44978496011,0,0,86,136
370403,0.00388149553129779,250,Shandong,薛城区,山东省,506.588390376871,1,0,87,136
371703,0.00387968235557729,250,Shandong,定陶区,山东省,845.584678290557,0,0,88,136
370405,0.00387582359563022,250,Shandong,台儿庄区,山东省,533.121545870884,1,0,89,136
370321,0.00386179649819427,250,Shandong,桓台县,山东省,503.536574457629,2,0,90,136
370323,0.0038048117148341,250,Shandong,沂源县,山东省,1638.24288218187,0,0,91,136
371502,0.00380049320900152,250,Shandong,东昌府区,山东省,1440.58511462797,0,0,92,136
371329,0.00379518226638967,250,Shandong,临沭县,山东省,1050.47693350905,0,0,93,136
370828,0.00378337798488089,250,Shandong,金乡县,山东省,885.314595499998,0,0,94,136
370704,0.00377135761668586,250,Shandong,坊子区,山东省,891.756591676509,1,0,95,136
371402,0.00376120037622448,250,Shandong,德城区,山东省,539.91138856237,2,0,96,136
371425,0.00372995300795532,250,Shandong,齐河县,山东省,1411.67008755042,0,0,97,136
370705,0.0036685475259527,250,Shandong,奎文区,山东省,190.575369480098,8,0,98,136
370921,0.00363304797522328,250,Shandong,宁阳县,山东省,1123.97125505813,0,0,99,136
370613,0.00363073408962515,250,Shandong,莱山区,山东省,325.304815294316,5,0,100,136
370686,0.00362787080763495,250,Shandong,栖霞市,山东省,2017.28119670781,0,0,101,136
370831,0.00360127595027344,250,Shandong,泗水县,山东省,1116.39489679602,0,0,102,136
370832,0.00352056126606857,250,Shandong,梁山县,山东省,961.735859299579,0,0,103,136
371621,0.00345786600985786,250,Shandong,惠民县,山东省,1363.85810093764,0,0,104,136
371681,0.00345107051682143,250,Shandong,邹平市,山东省,1249.50953062796,0,0,105,136
370306,0.00340947361459994,250,Shandong,周村区,山东省,304.751984330384,3,0,106,136
371521,0.00337422359778281,250,Shandong,阳谷县,山东省,1009.86752296739,0,0,107,136
370830,0.00336810309682227,250,Shandong,汶上县,山东省,889.193073865321,0,0,108,136
370115,0.00335966232326533,250,Shandong,济阳区,山东省,1098.48972367461,0,0,109,136
370522,0.00326676254628681,250,Shandong,利津县,山东省,1175.05256019551,0,0.00978246452097728,110,136
370827,0.00324832656171228,250,Shandong,鱼台县,山东省,651.411208464871,0,0,111,136
370117,0.00323011469167022,250,Shandong,钢城区,山东省,520.732223083286,1,0,112,136
371503,0.00318202579713919,250,Shandong,茌平区,山东省,1003.50835654285,0,0,113,136
370126,0.00317218353989474,250,Shandong,商河县,山东省,1162.18534358518,0,0,114,136
371403,0.00314939135598825,250,Shandong,陵城区,山东省,1210.49422691303,0,0,115,136
371426,0.00314645701574486,250,Shandong,平原县,山东省,1046.76389125008,0,0,116,136
371526,0.00311978138717413,250,Shandong,高唐县,山东省,948.321200091425,0,0,117,136
371481,0.00310330947108635,250,Shandong,乐陵市,山东省,1173.23314678165,0,0,118,136
370404,0.00309919641812503,250,Shandong,峄城区,山东省,634.744457261301,0,0,119,136
371602,0.00309831728887053,250,Shandong,滨城区,山东省,1043.39703409808,0,0,120,136
371482,0.00309441827014174,250,Shandong,禹城市,山东省,991.581915336996,0,0,121,136
371424,0.00306041666553858,250,Shandong,临邑县,山东省,1018.19247860472,0,0,122,136
370302,0.0030339692108855,250,Shandong,淄川区,山东省,961.957671070869,0,0,123,136
371524,0.00302493060647188,250,Shandong,东阿县,山东省,725.086866071666,0,0,124,136
371581,0.00301125074861266,250,Shandong,临清市,山东省,946.017444222023,0,0,125,136
370322,0.00291129861505419,250,Shandong,高青县,山东省,835.338464771852,0,0,126,136
370702,0.00287373253401636,250,Shandong,潍城区,山东省,287.505692262645,2,0,127,136
371427,0.00287353465117424,250,Shandong,夏津县,山东省,881.789216639057,0,0,128,136
371622,0.00274743739417167,250,Shandong,阳信县,山东省,799.10239295009,0,0,129,136
370305,0.00271478909663371,250,Shandong,临淄区,山东省,665.932658840953,0,0,130,136
371428,0.00268705963374624,250,Shandong,武城县,山东省,748.485810054021,0,0,131,136
371422,0.00267296853464226,250,Shandong,宁津县,山东省,833.080992813228,0,0,132,136
370304,0.00265274324262335,250,Shandong,博山区,山东省,696.555218824495,0,0,133,136
370681,0.00260683029692474,250,Shandong,龙口市,山东省,941.546066899075,0,0,134,136
370402,0.00249309177938384,250,Shandong,市中区,山东省,375.229228185958,0,0,135,136
371423,0.00222961189752823,250,Shandong,庆云县,山东省,501.11556394559,0,0,136,136
310115,0.294128918292454,210,Shanghai,浦东新区,上海市,1528.89045268332,6334,0.01318619366726,1,16
310151,0.161876058395369,210,Shanghai,崇明区,上海市,2446.31020832851,1082,0.0412464675724863,2,16
310118,0.0762144464396818,210,Shanghai,青浦区,上海市,669.066317227837,599,0,3,16
310112,0.0695309727468981,210,Shanghai,闵行区,上海市,372.8182599792,784,0,4,16
310117,0.0648845497919563,210,Shanghai,松江区,上海市,603.928902290582,411,0,5,16
310120,0.0596668884340405,210,Shanghai,奉贤区,上海市,714.713041037464,290,0,6,16
310104,0.0437973884638333,210,Shanghai,徐汇区,上海市,54.9036881606973,1731,0,7,16
310113,0.0436297049066234,210,Shanghai,宝山区,上海市,364.693017300215,310,0,8,16
310116,0.0383913175210228,210,Shanghai,金山区,上海市,607.196397872447,99,0,9,16
310114,0.0348802616344055,210,Shanghai,嘉定区,上海市,462.050789932735,145,0,10,16
310110,0.0265153341095721,210,Shanghai,杨浦区,上海市,60.3243957981458,514,0,11,16
310105,0.0225628462573117,210,Shanghai,长宁区,上海市,37.0387001892984,535,0,12,16
310107,0.0219154391128991,210,Shanghai,普陀区,上海市,55.9219339294018,341,0,13,16
310101,0.0193193266080848,210,Shanghai,黄浦区,上海市,20.3525536357199,692,0,14,16
310106,0.0147397942654775,210,Shanghai,静安区,上海市,36.8466560013031,202,0,15,16
310109,0.00794675302037096,210,Shanghai,虹口区,上海市,23.4457472872368,72,0,16,16
140431,0.0568695542019435,197,Shanxi,沁源县,山西省,2545.38133961798,221,0,1,117
140525,0.0363257095071564,197,Shanxi,泽州县,山西省,2024.31592683142,28,0.0395515352023207,2,117
141122,0.0335905986829299,197,Shanxi,交城县,山西省,1823.1234236217,105,0.0389381127979677,3,117
140881,0.0278710418853172,197,Shanxi,永济市,山西省,1211.79068394462,11,0.0301680666200053,4,117
140830,0.0267483229751352,197,Shanxi,芮城县,山西省,1177.30169647592,5,0.18446301587472,5,117
140829,0.0236669263373046,197,Shanxi,平陆县,山西省,1173.88809937273,9,0.000912094981379717,6,117
140521,0.0225033371212154,197,Shanxi,沁水县,山西省,2658.09395778353,10,0.00246013049676919,7,117
140802,0.0212808505811567,197,Shanxi,盐湖区,山西省,1206.76359401029,7,0,8,117
140922,0.0205467638287952,197,Shanxi,五台县,山西省,2862.21466804519,25,0.000668766447133024,9,117
140827,0.0165505582838148,197,Shanxi,垣曲县,山西省,1608.19222344955,3,0.0425624878502942,10,117
140108,0.016521212923597,197,Shanxi,尖草坪区,山西省,291.790422394453,89,0,11,117
140524,0.0147064279753277,197,Shanxi,陵川县,山西省,1702.3157701284,5,0.068140372254865,12,117
141022,0.0142548424317502,197,Shanxi,翼城县,山西省,1168.69250051216,4,0.0521405474560118,13,117
140728,0.0141115107514432,197,Shanxi,平遥县,山西省,1247.06321725923,19,0,14,117
140822,0.0136583498262003,197,Shanxi,万荣县,山西省,1114.25561857957,2,0.0382788818484108,15,117
140821,0.0130401032534276,197,Shanxi,临猗县,山西省,1377.17782912053,1,0.0194118951203728,16,117
140502,0.0118719609987229,197,Shanxi,城区,山西省,144.158263995435,36,0,17,117
140723,0.0117290524786175,197,Shanxi,和顺县,山西省,2193.70214274791,8,0,18,117
141024,0.0116776874427055,197,Shanxi,洪洞县,山西省,1496.82861032986,4,0,19,117
140110,0.011522484992903,197,Shanxi,晋源区,山西省,289.894381403269,37,0,20,117
140225,0.0108994416215356,197,Shanxi,浑源县,山西省,1963.90214775743,15,0,21,117
140925,0.0103947339285531,197,Shanxi,宁武县,山西省,1939.85187117662,10,0.0940349472196165,22,117
140122,0.0103644121526068,197,Shanxi,阳曲县,山西省,2084.66604858005,5,0,23,117
140215,0.00985930730412682,197,Shanxi,云州区,山西省,1480.80566223587,10,0,24,117
140214,0.00977529443599892,197,Shanxi,云冈区,山西省,743.683701226126,22,0,25,117
140902,0.00970503959360793,197,Shanxi,忻府区,山西省,1989.32318400831,4,0,26,117
140423,0.00912644771596378,197,Shanxi,襄垣县,山西省,1178.78361628001,3,0,27,117
140522,0.00909729380121632,197,Shanxi,阳城县,山西省,1916.39202391015,0,0.100127561981188,28,117
141082,0.00907152135281142,197,Shanxi,霍州市,山西省,768.489488742927,4,0,29,117
140981,0.00906935302351026,197,Shanxi,原平市,山西省,2552.0496412423,3,0,30,117
141002,0.00883805590725948,197,Shanxi,尧都区,山西省,1307.77655501174,2,0,31,117
140828,0.00867893324739779,197,Shanxi,夏县,山西省,1348.86463844329,0,0.00113848917715482,32,117
140321,0.00859853763572309,197,Shanxi,平定县,山西省,1397.2617033476,3,0,33,117
140724,0.00857465653754398,197,Shanxi,昔阳县,山西省,1944.20606664717,2,0,34,117
141125,0.00834514374556229,197,Shanxi,柳林县,山西省,1288.0210086313,2,0,35,117
141028,0.00825392439023425,197,Shanxi,吉县,山西省,1781.28909853096,1,0,36,117
140923,0.0082092910310943,197,Shanxi,代县,山西省,1727.16123458672,4,0,37,117
140725,0.00818080720365302,197,Shanxi,寿阳县,山西省,2114.22663499936,3,0,38,117
140729,0.00803844681496979,197,Shanxi,灵石县,山西省,1195.52778143455,2,0,39,117
140924,0.00801535233132726,197,Shanxi,繁峙县,山西省,2367.03866289314,3,0,40,117
141023,0.00792725700731734,197,Shanxi,襄汾县,山西省,1032.8179491331,1,0,41,117
140428,0.00787896866280588,197,Shanxi,长子县,山西省,1033.47778263271,2,0,42,117
140181,0.00785465648490718,197,Shanxi,古交市,山西省,1503.69521231458,4,0,43,117
140823,0.00766179736348411,197,Shanxi,闻喜县,山西省,1169.62605244419,0,0,44,117
140621,0.00764016753942436,197,Shanxi,山阴县,山西省,1641.30929405661,5,0,45,117
141029,0.00755349620506386,197,Shanxi,乡宁县,山西省,2025.59466062466,0,0,46,117
140123,0.00754284056602132,197,Shanxi,娄烦县,山西省,1287.04907289013,5,0,47,117
140622,0.00754243019907614,197,Shanxi,应县,山西省,1679.10286530784,4,0,48,117
141025,0.00753496920388915,197,Shanxi,古县,山西省,1197.63553571246,1,0,49,117
140105,0.00749369824130111,197,Shanxi,小店区,山西省,290.096790212495,13,0,50,117
140722,0.00744704421332749,197,Shanxi,左权县,山西省,2019.17124457548,1,0.00102374932136215,51,117
141031,0.00722589134260633,197,Shanxi,隰县,山西省,1419.82317770643,1,0.0318727105107573,52,117
140781,0.00666016978624241,197,Shanxi,介休市,山西省,737.801731356797,2,0,53,117
140403,0.0066176812405343,197,Shanxi,潞州区,山西省,344.289022766915,5,0,54,117
140826,0.00661512364503877,197,Shanxi,绛县,山西省,977.818851057875,0,0,55,117
140322,0.00657603982637085,197,Shanxi,盂县,山西省,2509.54033158262,1,0,56,117
140721,0.00634737855083298,197,Shanxi,榆社县,山西省,1698.18798226046,1,0,57,117
141123,0.00632925395114424,197,Shanxi,兴县,山西省,3162.39750289869,0,0.07939383741434,58,117
141124,0.00629710776650985,197,Shanxi,临县,山西省,2977.82501481234,0,0.000900895083572742,59,117
140930,0.00619529699307919,197,Shanxi,河曲县,山西省,1317.46278485975,2,0,60,117
141026,0.00618773812992654,197,Shanxi,安泽县,山西省,1955.87105048286,0,0,61,117
141033,0.00614388464412499,197,Shanxi,蒲县,山西省,1503.27050314175,0,0.103045191893365,62,117
140221,0.00604105379363829,197,Shanxi,阳高县,山西省,1679.82837930771,2,0,63,117
141121,0.00598714852754256,197,Shanxi,文水县,山西省,1072.39412436875,2,0,64,117
141021,0.00597508337019008,197,Shanxi,曲沃县,山西省,438.241659126708,1,0,65,117
140824,0.00577380971732442,197,Shanxi,稷山县,山西省,687.235156051661,0,0,66,117
140825,0.0055842428772711,197,Shanxi,新绛县,山西省,596.3144272211,0,0,67,117
141027,0.00556073917023383,197,Shanxi,浮山县,山西省,941.990546324076,0,0,68,117
141126,0.00549485929310516,197,Shanxi,石楼县,山西省,1729.9710266733,0,0,69,117
140121,0.00547610108415275,197,Shanxi,清徐县,山西省,606.62417258224,2,0,70,117
140921,0.00546710148128801,197,Shanxi,定襄县,山西省,851.190087548963,3,0,71,117
140224,0.00540890023690896,197,Shanxi,灵丘县,山西省,2734.66301837329,1,0,72,117
140106,0.00539446487387888,197,Shanxi,迎泽区,山西省,106.120963700524,16,0,73,117
140702,0.00538595599879443,197,Shanxi,榆次区,山西省,1320.85891285699,1,0,74,117
140581,0.00536990784813092,197,Shanxi,高平市,山西省,979.867063370212,0,0,75,117
140882,0.00526878863708936,197,Shanxi,河津市,山西省,584.359993707251,0,0.00289697008187378,76,117
140213,0.00513906453449421,197,Shanxi,平城区,山西省,237.920944885427,13,0,77,117
141032,0.00513493103326948,197,Shanxi,永和县,山西省,1218.20515421337,0,0,78,117
140425,0.00510355672698132,197,Shanxi,平顺县,山西省,1517.72493807102,0,0,79,117
140727,0.0050748387066183,197,Shanxi,祁县,山西省,853.47568207979,1,0,80,117
140429,0.00502855373110784,197,Shanxi,武乡县,山西省,1623.24523780143,0,0,81,117
140405,0.00498349747365726,197,Shanxi,屯留区,山西省,1186.45270697816,0,0,82,117
140602,0.00496483496925068,197,Shanxi,朔城区,山西省,1781.32509565997,1,0,83,117
140107,0.00495568774056125,197,Shanxi,杏花岭区,山西省,147.556998805969,9,0,84,117
141030,0.00490519473841295,197,Shanxi,大宁县,山西省,960.397896167684,0,0,85,117
140222,0.00475965204528627,197,Shanxi,天镇县,山西省,1629.55333486902,1,0,86,117
140426,0.00474106711039504,197,Shanxi,黎城县,山西省,1111.95167401216,0,0,87,117
140623,0.0046719608631786,197,Shanxi,右玉县,山西省,1979.26103739001,1,0,88,117
140212,0.00462745778103605,197,Shanxi,新荣区,山西省,1091.45320417824,2,0,89,117
141129,0.00459301858065526,197,Shanxi,中阳县,山西省,1442.29542709781,0,0,90,117
140430,0.00456243961708922,197,Shanxi,沁县,山西省,1317.70589875286,0,0,91,117
140931,0.00450142754172614,197,Shanxi,保德县,山西省,999.370778138203,1,0,92,117
141102,0.00444757237691441,197,Shanxi,离石区,山西省,1321.87837993167,0,0,93,117
140681,0.00437117117116591,197,Shanxi,怀仁市,山西省,1232.86854816984,1,0,94,117
141181,0.00421667041837668,197,Shanxi,孝义市,山西省,942.434448219318,0,0,95,117
140427,0.00418229879968994,197,Shanxi,壶关县,山西省,1010.08918282645,0,0,96,117
141130,0.00413591082075647,197,Shanxi,交口县,山西省,1266.83797557088,0,0,97,117
140926,0.0040926258023493,197,Shanxi,静乐县,山西省,2035.54470079704,0,0,98,117
141182,0.00404927776510818,197,Shanxi,汾阳市,山西省,1171.6185383701,0,0,99,117
140927,0.00401488352397015,197,Shanxi,神池县,山西省,1476.11592316176,1,0,100,117
141034,0.00400177398234175,197,Shanxi,汾西县,山西省,872.587708347893,0,0,101,117
140223,0.00393104606063357,197,Shanxi,广灵县,山西省,1201.51813242048,1,0,102,117
140703,0.00387702089076426,197,Shanxi,太谷区,山西省,1045.64231419581,0,0,103,117
140406,0.00380159934614084,197,Shanxi,潞城区,山西省,614.076466459431,0,0,104,117
141128,0.00378745236970537,197,Shanxi,方山县,山西省,1428.87997703941,0,0.0223299648486882,105,117
140932,0.00372248651962132,197,Shanxi,偏关县,山西省,1671.55995713439,0,0,106,117
140929,0.00370248471277717,197,Shanxi,岢岚县,山西省,1976.92244735185,0,0.00115157520375613,107,117
140404,0.00364812101470819,197,Shanxi,上党区,山西省,483.796694831862,0,0,108,117
140603,0.00364760471041143,197,Shanxi,平鲁区,山西省,2316.22346179341,0,0,109,117
141127,0.00362265030209861,197,Shanxi,岚县,山西省,1515.53022679158,0,0.00153799971669688,110,117
141081,0.00347945411834972,197,Shanxi,侯马市,山西省,220.113292022169,0,0,111,117
140311,0.0033609074438709,197,Shanxi,郊区,山西省,627.094326841219,0,0,112,117
140928,0.00308886873871558,197,Shanxi,五寨县,山西省,1382.3121379991,0,0.00735224502978105,113,117
140226,0.003029873004875,197,Shanxi,左云县,山西省,1295.75000396176,0,0,114,117
140109,0.00252807671363988,197,Shanxi,万柏林区,山西省,297.768876860868,0,0,115,117
140303,0.00111883145492499,197,Shanxi,矿区,山西省,12.8676674097692,2,0,116,117
140302,0.000789816017633456,197,Shanxi,城区,山西省,17.0342755863053,0,0,117,117
513221,0.0492356884812797,301,Sichuan,汶川县,四川省,4085.03332379151,1534,0.503951709018926,1,183
511822,0.0340812817977461,301,Sichuan,荥经县,四川省,1775.56548456086,960,0.171195471878988,2,183
511181,0.0304771188279632,301,Sichuan,峨眉山市,四川省,1179.62824594072,445,0,3,183
511423,0.0294002473844657,301,Sichuan,洪雅县,四川省,1897.20595550674,412,0.00256075603079048,4,183
510822,0.0253841978778062,301,Sichuan,青川县,四川省,3213.78950282525,515,0.156582733439029,5,183
513232,0.0236108633145116,301,Sichuan,若尔盖县,四川省,10322.9707750506,922,0.279316672535475,6,183
510727,0.0193896788475461,301,Sichuan,平武县,四川省,5947.467034486,334,0.218267913325931,7,183
513301,0.0173712129828339,301,Sichuan,康定市,四川省,11595.1353537302,154,0.444564598159868,8,183
511825,0.0172927775516107,301,Sichuan,天全县,四川省,2391.5557531918,264,0,9,183
513225,0.0169420170703929,301,Sichuan,九寨沟县,四川省,5286.58842789785,526,0.238063102648726,10,183
510181,0.0160945438201901,301,Sichuan,都江堰市,四川省,1206.84141838651,350,0.190762682714987,11,183
511802,0.0149098244702517,301,Sichuan,雨城区,四川省,1064.36115413675,143,0,12,183
513227,0.0137273831350919,301,Sichuan,小金县,四川省,5564.33166342945,548,0.152280734537767,13,183
510116,0.0135354481626222,301,Sichuan,双流区,四川省,1069.28847104273,253,0,14,183
510183,0.0130919473522238,301,Sichuan,邛崃市,四川省,1372.7567535225,91,0,15,183
511529,0.0128976978315012,301,Sichuan,屏山县,四川省,1502.12185884151,124,0.0410636436536951,16,183
510112,0.0123798418692519,301,Sichuan,龙泉驿区,四川省,557.708322425523,442,0,17,183
510182,0.0122591558845476,301,Sichuan,彭州市,四川省,1421.79366041497,107,0.213118959471674,18,183
513322,0.0120958403415623,301,Sichuan,泸定县,四川省,2165.0355437536,269,0.35821151159191,19,183
510185,0.0118604163599686,301,Sichuan,简阳市,四川省,2212.02491505961,88,0.0135177697130509,20,183
511102,0.01159806540885,301,Sichuan,市中区,四川省,836.507577322511,63,7.79703701662871e-05,21,183
513233,0.0108709714898264,301,Sichuan,红原县,四川省,8298.25399053471,284,0.159733976186176,22,183
511921,0.0107885266064925,301,Sichuan,通江县,四川省,4121.32445241693,29,0.0782737580604717,23,183
510129,0.0106241485339895,301,Sichuan,大邑县,四川省,1282.67027219169,75,0.00274156888893318,24,183
511923,0.00948641163455025,301,Sichuan,平昌县,四川省,2225.46216461915,16,0.225780796187755,25,183
513401,0.0089880757235109,301,Sichuan,西昌市,四川省,2657.50908999991,42,0,26,183
513201,0.00896151538228816,301,Sichuan,马尔康市,四川省,6622.97739288668,281,5.0272396727388e-06,27,183
511502,0.00863613764728234,301,Sichuan,翠屏区,四川省,1485.89292525741,24,0.0490940219840025,28,183
511827,0.0085851388975326,301,Sichuan,宝兴县,四川省,3115.45065973818,63,0.145192302644027,29,183
510107,0.00852005532977369,301,Sichuan,武侯区,四川省,123.744846028866,741,0,30,183
513423,0.00851758795438376,301,Sichuan,盐源县,四川省,8406.41165174511,14,0.000194218692641348,31,183
510726,0.0084512093031247,301,Sichuan,北川羌族自治县,四川省,3085.72218987223,40,0.146026439825544,32,183
513224,0.00827946739847609,301,Sichuan,松潘县,四川省,8342.39588488005,213,0.000958712987159011,33,183
511781,0.00814605641870735,301,Sichuan,万源市,四川省,4053.78348633569,9,0.120039740782751,34,183
510422,0.00789081685179968,301,Sichuan,盐边县,四川省,3273.19627255978,3,0.225344669401653,35,183
510603,0.00759776419298391,301,Sichuan,旌阳区,四川省,646.760171208337,139,0,36,183
511133,0.007590112822311,301,Sichuan,马边彝族自治县,四川省,2293.45315158633,16,0.127652642757677,37,183
513337,0.00733172024650264,301,Sichuan,稻城县,四川省,7083.64474510979,66,0.217030348124579,38,183
510781,0.00726684601496721,301,Sichuan,江油市,四川省,2721.34089016788,35,9.54422968253836e-09,39,183
510114,0.00717920233748092,301,Sichuan,新都区,四川省,493.519928587704,143,0,40,183
511504,0.00697587067231456,301,Sichuan,叙州区,四川省,2577.99234935106,7,0.0639096529157724,41,183
513422,0.00685287226771596,301,Sichuan,木里藏族自治县,四川省,13217.3712461745,16,0.0469912716965621,42,183
512002,0.00668498467923509,301,Sichuan,雁江区,四川省,1634.79419885408,25,0,43,183
513437,0.00616638217111953,301,Sichuan,雷波县,四川省,2839.19183332617,18,0.0829900228374985,44,183
510184,0.00607577964232215,301,Sichuan,崇州市,四川省,1090.1067536869,40,0.00365764790667969,45,183
511402,0.00598371485820004,301,Sichuan,东坡区,四川省,1329.93561906799,13,0,46,183
510108,0.00591117356039241,301,Sichuan,成华区,四川省,109.456635609308,352,0,47,183
510802,0.00585282256137172,301,Sichuan,利州区,四川省,1536.11940798059,35,0.00096540968950067,48,183
510411,0.00579315086075286,301,Sichuan,仁和区,四川省,1729.48932077616,4,0.00124906686702488,49,183
510823,0.00571744801063445,301,Sichuan,剑阁县,四川省,3202.61226799506,8,0.129661906913686,50,183
511524,0.00563439850206085,301,Sichuan,长宁县,四川省,975.76950266612,4,0.383833151772829,51,183
511322,0.00562580227583061,301,Sichuan,营山县,四川省,1634.84633645624,16,0,52,183
513332,0.00540825645609031,301,Sichuan,石渠县,四川省,22380.748892317,43,0.297662525470853,53,183
510681,0.00535908805213758,301,Sichuan,广汉市,四川省,547.432474527534,70,0,54,183
511823,0.00522353737289098,301,Sichuan,汉源县,四川省,2215.46612841212,15,0.000507873925071927,55,183
513334,0.00516143432796834,301,Sichuan,理塘县,四川省,14005.8949012515,18,0.247440317620451,56,183
511403,0.00512360798034528,301,Sichuan,彭山区,四川省,467.729642535262,35,0,57,183
510704,0.00503664020003455,301,Sichuan,游仙区,四川省,1018.71501869932,30,0,58,183
511722,0.00486592565284547,301,Sichuan,宣汉县,四川省,4272.11527689749,2,0,59,183
511803,0.00482319292707318,301,Sichuan,名山区,四川省,619.313143241299,10,0,60,183
511083,0.00481365807965831,301,Sichuan,隆昌市,四川省,794.983453353816,17,0,61,183
510106,0.00478352018935115,301,Sichuan,金牛区,四川省,106.737921106836,221,0,62,183
510703,0.00470835005026595,301,Sichuan,涪城区,四川省,553.49131193544,50,0,63,183
510105,0.00458336913496116,301,Sichuan,青羊区,四川省,64.5278306951717,315,0,64,183
511421,0.0045545200678085,301,Sichuan,仁寿县,四川省,2607.3673592153,4,0,65,183
513223,0.00438267002519857,301,Sichuan,茂县,四川省,3894.46086234516,33,0.0115526735580964,66,183
513436,0.00435490760633322,301,Sichuan,美姑县,四川省,2512.32269456035,5,0.259660967810888,67,183
511824,0.00433210170485118,301,Sichuan,石棉县,四川省,2677.31881057652,10,0.0196826153452182,68,183
510131,0.00431655753876839,301,Sichuan,蒲江县,四川省,581.944112737141,10,0,69,183
510132,0.00429815232568628,301,Sichuan,新津县,四川省,329.536553154247,51,0,70,183
511132,0.00423656244495487,301,Sichuan,峨边彝族自治县,四川省,2379.82905069599,6,0.127110543042255,71,183
513325,0.0042049943604676,301,Sichuan,雅江县,四川省,7565.70237799313,24,0.136014805147156,72,183
511124,0.00410885087713523,301,Sichuan,井研县,四川省,842.841633114875,5,0,73,183
510117,0.00407124891594876,301,Sichuan,郫都区,四川省,439.549218859425,37,0,74,183
511123,0.00405957698226953,301,Sichuan,犍为县,四川省,1368.34247423398,2,5.32168399737387e-05,75,183
513433,0.00400450939690872,301,Sichuan,冕宁县,四川省,4419.15560225475,6,0.0577087475486618,76,183
513435,0.00399705660616062,301,Sichuan,甘洛县,四川省,2153.50541398467,8,0.124196191293922,77,183
510104,0.00381618321000174,301,Sichuan,锦江区,四川省,60.4111257395996,222,0,78,183
513231,0.00380662732564423,301,Sichuan,阿坝县,四川省,10123.3289897641,7,0.4268147829193,79,183
510981,0.00373239260005589,301,Sichuan,射洪市,四川省,1497.82913885819,9,0,80,183
511113,0.00372079246654611,301,Sichuan,金口河区,四川省,597.950780599853,9,0.171676910088165,81,183
511826,0.00370615922643073,301,Sichuan,芦山县,四川省,1190.07131818348,9,0.0132245086734416,82,183
510722,0.00370263858817506,301,Sichuan,三台县,四川省,2658.69801284027,1,0.283683337042387,83,183
511526,0.00369479535397169,301,Sichuan,珙县,四川省,1144.13249458158,7,0.0022670167701288,84,183
511129,0.00369251578077334,301,Sichuan,沐川县,四川省,1408.47709057472,4,0,85,183
513425,0.00364015046378649,301,Sichuan,会理县,四川省,4532.82464172837,0,0,86,183
510525,0.00358813363769825,301,Sichuan,古蔺县,四川省,3183.64001525952,1,0.0406814620673214,87,183
513430,0.00356624239821935,301,Sichuan,金阳县,四川省,1586.07674197257,7,7.29109349323974e-05,88,183
510705,0.00356549920678889,301,Sichuan,安州区,四川省,1182.78409119795,11,9.89313895349351e-05,89,183
513326,0.00356118511923137,301,Sichuan,道孚县,四川省,7021.88361543711,19,0.207193584599967,90,183
511011,0.00353195453942667,301,Sichuan,东兴区,四川省,1181.75839707774,6,0,91,183
511381,0.0035128683796934,301,Sichuan,阆中市,四川省,1876.45901831009,5,0,92,183
511111,0.00344908294480084,301,Sichuan,沙湾区,四川省,605.899295109245,11,0,93,183
513428,0.00344718673522061,301,Sichuan,普格县,四川省,1905.48582139451,10,0,94,183
510682,0.00338519065018434,301,Sichuan,什邡市,四川省,820.407141708272,12,0.237620551629219,95,183
510115,0.00333977623617,301,Sichuan,温江区,四川省,276.541636622755,32,0,96,183
513222,0.00332108051239752,301,Sichuan,理县,四川省,4319.93393014808,33,0.000999804877446405,97,183
512021,0.00332070233754453,301,Sichuan,安岳县,四川省,2686.78244108231,2,0,98,183
511922,0.00331822642736961,301,Sichuan,南江县,四川省,3387.28415634958,3,0.0204508433780005,99,183
510121,0.00326866187648449,301,Sichuan,金堂县,四川省,1156.08670004343,9,0,100,183
511025,0.00324519641385353,301,Sichuan,资中县,四川省,1731.96295111235,3,0,101,183
510522,0.00324068162509461,301,Sichuan,合江县,四川省,2415.56096913616,1,0.085042278658121,102,183
513323,0.00317697195547665,301,Sichuan,丹巴县,四川省,4506.22990801726,37,4.16845743938221e-05,103,183
510304,0.00316645752731829,301,Sichuan,大安区,四川省,401.590978072534,11,0,104,183
513426,0.00292019405118256,301,Sichuan,会东县,四川省,3220.91705250004,0,0,105,183
510321,0.00280836519643804,301,Sichuan,荣县,四川省,1606.03615909827,1,0.000592451968470078,106,183
513432,0.00276340795146415,301,Sichuan,喜德县,四川省,2204.70084334929,3,0,107,183
510524,0.00270078648265918,301,Sichuan,叙永县,四川省,2972.0469746434,0,0.106879062249505,108,183
510421,0.00269859272808082,301,Sichuan,米易县,四川省,2109.70951645128,0,0.00396069490698174,109,183
511324,0.00266285512021567,301,Sichuan,仪陇县,四川省,1789.18340328705,2,0,110,183
510903,0.00264368560958827,301,Sichuan,船山区,四川省,606.164705240783,7,0,111,183
511126,0.0026342568030367,301,Sichuan,夹江县,四川省,744.563923944446,1,0,112,183
510904,0.00262875747549298,301,Sichuan,安居区,四川省,1267.5474564403,3,0,113,183
511525,0.00261826514506254,301,Sichuan,高县,四川省,1322.76057214845,1,0.00353177812999933,114,183
511503,0.00254732783024024,301,Sichuan,南溪区,四川省,704.109857205499,2,0.0638742395594822,115,183
510502,0.00251505480866925,301,Sichuan,江阳区,四川省,648.521232031957,1,0.169969988233996,116,183
513427,0.0024483061055276,301,Sichuan,宁南县,四川省,1674.37399036114,2,0,117,183
511425,0.00243674986582859,301,Sichuan,青神县,四川省,387.116866591791,3,0,118,183
510812,0.0023407249520078,301,Sichuan,朝天区,四川省,1612.29549051207,1,0.248204400660282,119,183
513329,0.00233920315628268,301,Sichuan,新龙县,四川省,9254.50190491435,7,0.0800085371534407,120,183
511112,0.00233367621051804,301,Sichuan,五通桥区,四川省,464.675716558459,1,0.0439233762891969,121,183
511528,0.00233168144734474,301,Sichuan,兴文县,四川省,1380.65904973299,1,0.00235333446491529,122,183
511321,0.00228295022790801,301,Sichuan,南部县,四川省,2215.57436315367,1,0.000363869753468033,123,183
513330,0.00227468803652214,301,Sichuan,德格县,四川省,11437.0553138171,15,0,124,183
511703,0.00227386927600885,301,Sichuan,达川区,四川省,2246.21639100836,0,0.000947425539452574,125,183
510623,0.00224681611400866,301,Sichuan,中江县,四川省,2200.90021611109,1,0.00166103206963049,126,183
513333,0.00222718462134519,301,Sichuan,色达县,四川省,8728.35810663871,13,0.0796310130261396,127,183
511724,0.00218200607482435,301,Sichuan,大竹县,四川省,2078.86577778448,0,0,128,183
510403,0.00211242506548242,301,Sichuan,西区,四川省,121.316207869274,2,0.0978124289112792,129,183
511725,0.00208433607509272,301,Sichuan,渠县,四川省,2019.65388817893,0,0,130,183
510311,0.00200663281449724,301,Sichuan,沿滩区,四川省,469.276603129359,2,0,131,183
511623,0.00199555717004579,301,Sichuan,邻水县,四川省,1911.22646239037,0,0,132,183
511723,0.0019646266444664,301,Sichuan,开江县,四川省,1030.01413052773,0,0,133,183
510322,0.00195786148799327,301,Sichuan,富顺县,四川省,1343.06052666934,0,0,134,183
513424,0.00193050836653597,301,Sichuan,德昌县,四川省,2297.82482266117,0,0,135,183
513431,0.00192348350042394,301,Sichuan,昭觉县,四川省,2699.78245868774,1,0,136,183
510824,0.00191491102924002,301,Sichuan,苍溪县,四川省,2333.74947954971,0,0.0414896076420104,137,183
510683,0.00191007367078968,301,Sichuan,绵竹市,四川省,1246.17309343976,1,0.281891459020945,138,183
510503,0.00190989266871397,301,Sichuan,纳溪区,四川省,1152.01704696822,0,0.050927192490418,139,183
510521,0.00190520886207836,301,Sichuan,泸县,四川省,1527.80618851879,0,0.00110013195706617,140,183
510921,0.00190313724926006,301,Sichuan,蓬溪县,四川省,1249.82635283163,1,0,141,183
510821,0.00183903928574352,301,Sichuan,旺苍县,四川省,2988.78809726285,0,0.0774819050049089,142,183
511302,0.0018249390620146,301,Sichuan,顺庆区,四川省,542.234220008136,3,0,143,183
510302,0.00181976640288445,301,Sichuan,自流井区,四川省,154.945628697259,6,0,144,183
513328,0.00181440058394129,301,Sichuan,甘孜县,四川省,6861.85825655064,11,0.00273974816765627,145,183
511523,0.0017935589539522,301,Sichuan,江安县,四川省,911.333507071494,0,0.0923678803089479,146,183
513331,0.00176342399127884,301,Sichuan,白玉县,四川省,10258.3793344061,2,0.15278127017626,147,183
513338,0.00175039589300562,301,Sichuan,得荣县,四川省,2910.32130461717,2,0.0835858992871168,148,183
511621,0.00171940638586396,301,Sichuan,岳池县,四川省,1480.29007402996,0,0,149,183
511304,0.00171729534632734,301,Sichuan,嘉陵区,四川省,1178.23461540541,0,0.0922330975883334,150,183
511024,0.00168222094536373,301,Sichuan,威远县,四川省,1287.63076962714,0,0,151,183
513429,0.00164649969814445,301,Sichuan,布拖县,四川省,1685.25052833307,0,0,152,183
511527,0.00164197909216768,301,Sichuan,筠连县,四川省,1254.5216025879,0,0.00123601150795341,153,183
510723,0.00164152511355121,301,Sichuan,盐亭县,四川省,1646.5300506599,0,0.0820115337997415,154,183
511002,0.00163214152267959,301,Sichuan,市中区,四川省,386.859218194614,2,0,155,183
511323,0.0016290685367863,301,Sichuan,蓬安县,四川省,1332.93780595768,0,0.0382891863049095,156,183
511902,0.00161957075809248,301,Sichuan,巴州区,四川省,1406.79463159689,0,0.00181974173047047,157,183
513336,0.00159905386320403,301,Sichuan,乡城县,四川省,4943.05955701513,4,0.0838508520818994,158,183
513335,0.00159311639158851,301,Sichuan,巴塘县,四川省,7662.84297951837,5,0.056287634040144,159,183
511424,0.00158474471406844,301,Sichuan,丹棱县,四川省,448.323952644429,0,0,160,183
510402,0.00157823992797599,301,Sichuan,东区,四川省,165.525232306887,2,0,161,183
512022,0.00152671544044009,301,Sichuan,乐至县,四川省,1423.72516641975,0,0.0161786926520366,162,183
511602,0.00146018052268296,301,Sichuan,广安区,四川省,1026.12278463844,0,0,163,183
511702,0.00145608721871964,301,Sichuan,通川区,四川省,886.709131903616,0,0.000206912533969192,164,183
511622,0.00144778678428055,301,Sichuan,武胜县,四川省,956.605754159758,0,0,165,183
511681,0.00144495700211244,301,Sichuan,华蓥市,四川省,461.112399453495,1,0,166,183
511903,0.00138569908160432,301,Sichuan,恩阳区,四川省,1154.08793845928,0,0,167,183
510725,0.00134342809309511,301,Sichuan,梓潼县,四川省,1442.77290441163,0,9.98867640907172e-05,168,183
511325,0.00132024404556419,301,Sichuan,西充县,四川省,1105.86874000483,0,0.000120366726703001,169,183
510811,0.00130901296468144,301,Sichuan,昭化区,四川省,1430.50371315498,0,0,170,183
511303,0.00124007903790331,301,Sichuan,高坪区,四川省,806.500527297282,0,0,171,183
510303,0.00123275021958405,301,Sichuan,贡井区,四川省,406.63367036326,0,0,172,183
513327,0.00118610354092383,301,Sichuan,炉霍县,四川省,4477.08707271265,2,0.000214964985377366,173,183
511603,0.00116360706255492,301,Sichuan,前锋区,四川省,505.572894295008,0,0,174,183
513228,0.00116072238830537,301,Sichuan,黑水县,四川省,4142.22137738864,1,0.162498038738716,175,183
513226,0.00113530524814465,301,Sichuan,金川县,四川省,5358.61914453813,3,0.000513451502118381,176,183
510504,0.00113058164391481,301,Sichuan,龙马潭区,四川省,334.050078884232,0,0.0613732112350946,177,183
510604,0.00112984027718375,301,Sichuan,罗江区,四川省,449.457155705261,1,0,178,183
513324,0.00112186342561808,301,Sichuan,九龙县,四川省,6763.24795024129,0,0.0349729571680378,179,183
510923,0.00109162039849035,301,Sichuan,大英县,四川省,701.333138954066,0,0,180,183
513434,0.000961155104108095,301,Sichuan,越西县,四川省,2255.98525471692,0,0.00186936221792188,181,183
510113,0.000766782026663895,301,Sichuan,青白江区,四川省,378.429404303269,0,0,182,183
513230,0.000765975675290334,301,Sichuan,壤塘县,四川省,6695.94803879589,0,0.00835842886070619,183,183
120116,0.256534013238296,156,Tianjin,滨海新区,天津市,2392.04919371692,614,0.00388828914552694,1,16
120119,0.143158259631496,156,Tianjin,蓟州区,天津市,1593.56468771477,177,0.0564041067454069,2,16
120111,0.121430917581825,156,Tianjin,西青区,天津市,566.632927466578,419,0,3,16
120112,0.0781058548822595,156,Tianjin,津南区,天津市,387.537335468636,211,0,4,16
120114,0.0589076061901065,156,Tianjin,武清区,天津市,1575.37208759892,24,0,5,16
120117,0.0586067876651631,156,Tianjin,宁河区,天津市,1296.37207275315,11,0.241122189489736,6,16
120110,0.0540567015067488,156,Tianjin,东丽区,天津市,477.925612766107,69,0,7,16
120118,0.0431438798116726,156,Tianjin,静海区,天津市,1474.28899515613,13,0,8,16
120104,0.0415756826638698,156,Tianjin,南开区,天津市,38.4297609704628,448,0,9,16
120115,0.0381792715093211,156,Tianjin,宝坻区,天津市,1507.94320766166,8,0.014353722184884,10,16
120102,0.0329978871137497,156,Tianjin,河东区,天津市,39.839196863649,250,0,11,16
120113,0.0323242355175372,156,Tianjin,北辰区,天津市,475.963639532993,19,0,12,16
120103,0.0180175849471645,156,Tianjin,河西区,天津市,37.7781264839015,62,0,13,16
120105,0.00849554813035187,156,Tianjin,河北区,天津市,29.3323923983182,12,0,14,16
120101,0.00778062934139545,156,Tianjin,和平区,天津市,10.0127573309467,30,0,15,16
120106,0.00668514026904351,156,Tianjin,红桥区,天津市,21.2981645142685,9,0,16,16
540423,0.437790877741132,236,Tibet,墨脱县,西藏自治区,31001.7210511836,665,0.217354734570184,1,74
540530,0.11543387129547,236,Tibet,错那县,西藏自治区,35147.1926431669,65,0,2,74
540223,0.0443319553093448,236,Tibet,定日县,西藏自治区,13862.1868730133,104,0.921593535903953,3,74
540234,0.0369647231666817,236,Tibet,吉隆县,西藏自治区,9017.1697350366,121,0.802663495203643,4,74
540424,0.0251051691083425,236,Tibet,波密县,西藏自治区,16753.5962610167,201,0.067074379508207,5,74
540402,0.022246412927296,236,Tibet,巴宜区,西藏自治区,8560.66716150903,205,0.14692623952036,6,74
540425,0.0206023549880433,236,Tibet,察隅县,西藏自治区,31314.9148241051,9,0.0310795278081042,7,74
540235,0.0196954347486708,236,Tibet,聂拉木县,西藏自治区,7864.84815851312,39,0.996631905676766,8,74
540422,0.0162713757350293,236,Tibet,米林县,西藏自治区,9503.11914236479,92,0.116028532729171,9,74
540231,0.0150292631084541,236,Tibet,定结县,西藏自治区,5833.98020224679,25,0.819375893061843,10,74
542526,0.0108226073934489,236,Tibet,改则县,西藏自治区,135591.614765437,3,0.769465002341979,11,74
540630,0.0104951739330361,236,Tibet,双湖县,西藏自治区,116452.118026349,2,0.858465455189131,12,74
540531,0.00898951081297219,236,Tibet,浪卡子县,西藏自治区,7965.14724505942,63,0.214773446776619,13,74
540328,0.00897035530684321,236,Tibet,芒康县,西藏自治区,11578.8307206515,6,0.162738628299115,14,74
540629,0.00810169686368972,236,Tibet,尼玛县,西藏自治区,73306.3834913352,8,0.452852192245196,15,74
540624,0.00764705971821798,236,Tibet,安多县,西藏自治区,43529.7088350436,12,0.485783813138506,16,74
540202,0.00719591361900187,236,Tibet,桑珠孜区,西藏自治区,3667.71001979541,65,0.188021863472345,17,74
540421,0.00705206616021198,236,Tibet,工布江达县,西藏自治区,12960.5480787329,43,0,18,74
540122,0.00643285293903399,236,Tibet,当雄县,西藏自治区,10237.7519366759,64,0.0807692631012287,19,74
540102,0.00636647913839307,236,Tibet,城关区,西藏自治区,519.952574342163,379,0.0522450784099986,20,74
542524,0.0061936924194453,236,Tibet,日土县,西藏自治区,77095.4411035999,6,0.51435625182969,21,74
540225,0.00599163635243981,236,Tibet,拉孜县,西藏自治区,4490.48824322345,16,0.262694527070644,22,74
540124,0.00572566402338556,236,Tibet,曲水县,西藏自治区,1627.13733159985,111,0,23,74
540104,0.00561983291331761,236,Tibet,达孜区,西藏自治区,1361.88992332875,40,0.305793110954707,24,74
540121,0.00549562556283043,236,Tibet,林周县,西藏自治区,4469.15274446265,33,0.237795054851164,25,74
542521,0.00526466740457659,236,Tibet,普兰县,西藏自治区,13188.1757986924,43,0,26,74
540522,0.00521468276585306,236,Tibet,贡嘎县,西藏自治区,2381.71057098984,33,0.0547967244637137,27,74
542522,0.00497322300497612,236,Tibet,札达县,西藏自治区,24622.6343838369,10,0,28,74
540326,0.00482595579508207,236,Tibet,八宿县,西藏自治区,12332.1222093825,7,0,29,74
540233,0.00472675958514885,236,Tibet,亚东县,西藏自治区,4248.91751876941,47,0,30,74
540527,0.00470959658999917,236,Tibet,洛扎县,西藏自治区,5023.30465204895,32,0,31,74
540529,0.00466555707938739,236,Tibet,隆子县,西藏自治区,10003.6608760343,4,0,32,74
540321,0.004384225379008,236,Tibet,江达县,西藏自治区,13161.0264769583,4,0,33,74
540327,0.00422911121417498,236,Tibet,左贡县,西藏自治区,11837.4952543919,2,0,34,74
540625,0.00422669317513752,236,Tibet,申扎县,西藏自治区,25649.5421839958,2,0.399633092467987,35,74
540323,0.00412882396089053,236,Tibet,类乌齐县,西藏自治区,6338.52074276156,5,0.194830837555672,36,74
540127,0.00411841380091874,236,Tibet,墨竹工卡县,西藏自治区,5494.13522852833,28,0.035252713508578,37,74
540602,0.00390974306541202,236,Tibet,色尼区,西藏自治区,16191.7990077001,6,0.240214460371739,38,74
540232,0.00366033047430588,236,Tibet,仲巴县,西藏自治区,43586.9646774668,8,0,39,74
540324,0.00360496109570774,236,Tibet,丁青县,西藏自治区,12363.0026272466,9,0.000648429827229858,40,74
540103,0.00354660894859359,236,Tibet,堆龙德庆区,西藏自治区,2670.09059458885,35,0.000379581443907459,41,74
540222,0.00350989773549686,236,Tibet,江孜县,西藏自治区,3847.56799175359,29,0,42,74
540325,0.00336621577990999,236,Tibet,察雅县,西藏自治区,8260.54656453196,2,0,43,74
540329,0.00311467004001059,236,Tibet,洛隆县,西藏自治区,8067.14303421835,4,0,44,74
540302,0.00307843765134117,236,Tibet,卡若区,西藏自治区,10792.1312200293,2,0,45,74
542525,0.00305042032317503,236,Tibet,革吉县,西藏自治区,45705.3110432731,4,0.192808609698597,46,74
540628,0.00303157768209199,236,Tibet,巴青县,西藏自治区,9823.82644255095,12,0,47,74
540226,0.00301001362114312,236,Tibet,昂仁县,西藏自治区,27461.6899372046,5,0.00226868668296869,48,74
540627,0.00259803777566748,236,Tibet,班戈县,西藏自治区,28426.4060217182,1,0.170269624266144,49,74
540626,0.00255465492888187,236,Tibet,索县,西藏自治区,5858.45112110647,8,0,50,74
540521,0.00250127770879367,236,Tibet,扎囊县,西藏自治区,2142.91324058597,5,0,51,74
540330,0.00229256384484311,236,Tibet,边坝县,西藏自治区,8774.16077767594,4,0,52,74
540526,0.00222645147298443,236,Tibet,措美县,西藏自治区,4176.98292216381,10,0,53,74
540236,0.00211131994652961,236,Tibet,萨嘎县,西藏自治区,12418.2861516358,4,0.00362656598392851,54,74
540237,0.00209227953754909,236,Tibet,岗巴县,西藏自治区,3939.11346909989,8,0.0258499001160459,55,74
540622,0.00193301592274474,236,Tibet,比如县,西藏自治区,11682.3220201286,3,0,56,74
540322,0.0019255619404609,236,Tibet,贡觉县,西藏自治区,6324.5374440693,0,0,57,74
542523,0.00189418068573931,236,Tibet,噶尔县,西藏自治区,18037.4792550394,5,0,58,74
540230,0.00189315539621891,236,Tibet,康马县,西藏自治区,6158.90397427208,9,0,59,74
540621,0.00188019818049452,236,Tibet,嘉黎县,西藏自治区,13062.7561171144,2,0,60,74
540502,0.00170997613522664,236,Tibet,乃东区,西藏自治区,2188.3813592516,12,0,61,74
540221,0.00166198669370482,236,Tibet,南木林县,西藏自治区,8105.36873010586,2,0.0536501641671925,62,74
540224,0.00155008395732126,236,Tibet,萨迦县,西藏自治区,5745.51921869768,3,0.00644234502682746,63,74
540523,0.00149045166360896,236,Tibet,桑日县,西藏自治区,2630.98046556776,6,0,64,74
540426,0.0013952394842923,236,Tibet,朗县,西藏自治区,4103.70132989771,0,0,65,74
540623,0.00133194507798935,236,Tibet,聂荣县,西藏自治区,8989.34528905084,3,0,66,74
540229,0.00132532486366457,236,Tibet,仁布县,西藏自治区,2124.70057680343,4,0,67,74
540227,0.00121869642757581,236,Tibet,谢通门县,西藏自治区,13965.2459274706,0,0.0219466244351713,68,74
540528,0.00108290691190246,236,Tibet,加查县,西藏自治区,4389.89227589418,0,0,69,74
540525,0.000966342450845863,236,Tibet,曲松县,西藏自治区,2071.69264107956,2,0,70,74
542527,0.00092732368612917,236,Tibet,措勤县,西藏自治区,22892.8763600017,0,0,71,74
540524,0.000923059455836975,236,Tibet,琼结县,西藏自治区,1028.94224927514,2,0,72,74
540123,0.000803474269711026,236,Tibet,尼木县,西藏自治区,3274.35846733903,1,0,73,74
540228,0.000788300124209308,236,Tibet,白朗县,西藏自治区,2805.1468543652,1,0,74,74
652824,0.0573662929233634,248,Xinjiang,若羌县,新疆维吾尔自治区,198324.737254807,27,0.407225347395454,1,106
654301,0.0380359786669871,248,Xinjiang,阿勒泰市,新疆维吾尔自治区,10798.125231144,317,0.367033288557909,2,106
652823,0.0336362043928195,248,Xinjiang,尉犁县,新疆维吾尔自治区,59182.3747783861,39,0.0605001477978007,3,106
650502,0.0332117606272496,248,Xinjiang,伊州区,新疆维吾尔自治区,80775.526372104,26,0.186007448444878,4,106
654321,0.0325706013090485,248,Xinjiang,布尔津县,新疆维吾尔自治区,10380.9324628504,378,0.243943934290135,5,106
654323,0.032431245856253,248,Xinjiang,福海县,新疆维吾尔自治区,32509.5530287173,160,0.105259687585852,6,106
654226,0.0227134033935516,248,Xinjiang,和布克赛尔蒙古自治县,新疆维吾尔自治区,28801.9743508259,78,0,7,106
652825,0.0222221287040922,248,Xinjiang,且末县,新疆维吾尔自治区,138657.659115946,8,0.212735550413939,8,106
654324,0.0214612612095987,248,Xinjiang,哈巴河县,新疆维吾尔自治区,8168.18391401299,78,0.312271090218404,9,106
653131,0.0212481352625647,248,Xinjiang,塔什库尔干塔吉克自治县,新疆维吾尔自治区,23621.745381296,32,0.656886225529343,10,106
652324,0.0192870231532003,248,Xinjiang,玛纳斯县,新疆维吾尔自治区,9167.52500052608,164,0,11,106
654223,0.0180069259864986,248,Xinjiang,沙湾县,新疆维吾尔自治区,12459.1297654219,117,0,12,106
652822,0.0177929348813379,248,Xinjiang,轮台县,新疆维吾尔自治区,14178.9605398683,55,0.0256652960014528,13,106
652302,0.0168567414024481,248,Xinjiang,阜康市,新疆维吾尔自治区,8530.73063689541,117,0.084292811263087,14,106
654322,0.0162000491475443,248,Xinjiang,富蕴县,新疆维吾尔自治区,32280.2703582748,23,0.290205180938257,15,106
650203,0.0157842555277917,248,Xinjiang,克拉玛依区,新疆维吾尔自治区,3474.83152176474,177,0,16,106
654221,0.0141014436817823,248,Xinjiang,额敏县,新疆维吾尔自治区,9143.65351399629,100,0,17,106
652722,0.0136880164898358,248,Xinjiang,精河县,新疆维吾尔自治区,10391.714671241,18,0.247316984716404,18,106
650402,0.0132839028894152,248,Xinjiang,高昌区,新疆维吾尔自治区,13641.5395529233,35,0.000864413645459328,19,106
654224,0.0128057635598913,248,Xinjiang,托里县,新疆维吾尔自治区,19979.3624344084,24,0.00791447666483865,20,106
652901,0.0127928851535887,248,Xinjiang,阿克苏市,新疆维吾尔自治区,14410.9044786644,17,0,21,106
650421,0.0126394673053446,248,Xinjiang,鄯善县,新疆维吾尔自治区,39558.1160000679,7,0.0436167053413156,22,106
650205,0.0123244932142135,248,Xinjiang,乌尔禾区,新疆维吾尔自治区,2228.79814397973,148,0,23,106
650121,0.0120813017576674,248,Xinjiang,乌鲁木齐县,新疆维吾尔自治区,4219.98643150989,235,0,24,106
654326,0.0120416678732851,248,Xinjiang,吉木乃县,新疆维吾尔自治区,7129.26258858704,80,0,25,106
654325,0.0120251001176342,248,Xinjiang,青河县,新疆维吾尔自治区,15724.1525583141,32,0.222366595176011,26,106
652801,0.0117666452287015,248,Xinjiang,库尔勒市,新疆维吾尔自治区,6776.16536941118,34,0.0016635048445391,27,106
654202,0.0115894068268426,248,Xinjiang,乌苏市,新疆维吾尔自治区,14195.9379964337,37,0.0225244622879489,28,106
652922,0.0114684153056408,248,Xinjiang,温宿县,新疆维吾尔自治区,14313.5574882724,14,0.168048575979081,29,106
653022,0.0113481632483684,248,Xinjiang,阿克陶县,新疆维吾尔自治区,24059.5935923221,57,0,30,106
654022,0.0113154378400779,248,Xinjiang,察布查尔锡伯自治县,新疆维吾尔自治区,4121.23121235647,36,0,31,106
652902,0.0106337515216385,248,Xinjiang,库车市,新疆维吾尔自治区,14520.0385918106,18,0,32,106
654023,0.0105956807890119,248,Xinjiang,霍城县,新疆维吾尔自治区,2869.96961990814,50,0,33,106
652701,0.0105914602285724,248,Xinjiang,博乐市,新疆维吾尔自治区,6617.11340378309,36,0.0021938200236674,34,106
652827,0.0102673629465474,248,Xinjiang,和静县,新疆维吾尔自治区,34958.7053276131,42,0.0401310346761412,35,106
652828,0.00942315055595595,248,Xinjiang,和硕县,新疆维吾尔自治区,12762.4371952754,21,0,36,106
653224,0.00939162308969122,248,Xinjiang,洛浦县,新疆维吾尔自治区,14114.0508970135,7,0,37,106
653125,0.00928420305272148,248,Xinjiang,莎车县,新疆维吾尔自治区,8934.96260135587,13,0,38,106
654026,0.00924975263129287,248,Xinjiang,昭苏县,新疆维吾尔自治区,10435.5810727242,38,0,39,106
652328,0.00917620580752696,248,Xinjiang,木垒哈萨克自治县,新疆维吾尔自治区,13509.1897713043,31,0,40,106
653130,0.00913165917051172,248,Xinjiang,巴楚县,新疆维吾尔自治区,18369.9088026186,4,0,41,106
654025,0.008366291308033,248,Xinjiang,新源县,新疆维吾尔自治区,7576.98314730132,50,7.62603794227581e-05,42,106
652928,0.00831689459872394,248,Xinjiang,阿瓦提县,新疆维吾尔自治区,13018.2617990737,5,0,43,106
653223,0.00796713752170974,248,Xinjiang,皮山县,新疆维吾尔自治区,39285.0982734771,5,0,44,106
654225,0.00791901360745191,248,Xinjiang,裕民县,新疆维吾尔自治区,6079.85984175922,14,0.165115989348018,45,106
650422,0.00781872608405144,248,Xinjiang,托克逊县,新疆维吾尔自治区,16560.8048666401,7,0,46,106
652325,0.00775268005329083,248,Xinjiang,奇台县,新疆维吾尔自治区,16635.855992242,15,0,47,106
654027,0.00772259540714773,248,Xinjiang,特克斯县,新疆维吾尔自治区,8066.79685659072,29,0,48,106
652829,0.00757508600564844,248,Xinjiang,博湖县,新疆维吾尔自治区,3587.95065510205,23,0,49,106
650107,0.00734352628576039,248,Xinjiang,达坂城区,新疆维吾尔自治区,4769.93379839022,38,0.19178820375123,50,106
652924,0.00730685192992256,248,Xinjiang,沙雅县,新疆维吾尔自治区,31847.7074663181,1,0,51,106
653001,0.00729096599635265,248,Xinjiang,阿图什市,新疆维吾尔自治区,15506.2203510973,7,0,52,106
654201,0.00722808822399341,248,Xinjiang,塔城市,新疆维吾尔自治区,3989.17638836702,35,0,53,106
653227,0.00694578003549092,248,Xinjiang,民丰县,新疆维吾尔自治区,56705.3854750404,2,0.0244479572949299,54,106
653129,0.00690305046941425,248,Xinjiang,伽师县,新疆维吾尔自治区,6528.03826568354,5,0,55,106
659002,0.00667921991455083,248,Xinjiang,阿拉尔市,新疆维吾尔自治区,3926.95598104797,12,0,56,106
653126,0.00666792769800005,248,Xinjiang,叶城县,新疆维吾尔自治区,28634.8959747387,8,0.00368936185848381,57,106
654028,0.00634689983769339,248,Xinjiang,尼勒克县,新疆维吾尔自治区,10137.3823157861,21,0,58,106
653101,0.00625475429761852,248,Xinjiang,喀什市,新疆维吾尔自治区,736.95704942023,43,0,59,106
653226,0.00597972513005828,248,Xinjiang,于田县,新疆维吾尔自治区,38880.2550131592,1,0,60,106
652301,0.00562436372089581,248,Xinjiang,昌吉市,新疆维吾尔自治区,7976.72988826115,10,0,61,106
653123,0.00558838498943785,248,Xinjiang,英吉沙县,新疆维吾尔自治区,3423.41472161568,7,0,62,106
659010,0.00555644694451401,248,Xinjiang,胡杨河市,新疆维吾尔自治区,937.505391182023,47,0,63,106
652926,0.00550523837946756,248,Xinjiang,拜城县,新疆维吾尔自治区,15880.4357730901,5,6.23462807800441e-05,64,106
650521,0.00540385148076156,248,Xinjiang,巴里坤哈萨克自治县,新疆维吾尔自治区,36900.3247569773,2,0,65,106
652323,0.00523858613536088,248,Xinjiang,呼图壁县,新疆维吾尔自治区,9523.94827969023,7,0,66,106
653127,0.00520038631587667,248,Xinjiang,麦盖提县,新疆维吾尔自治区,10901.0679238868,1,0,67,106
653222,0.00510813600020871,248,Xinjiang,墨玉县,新疆维吾尔自治区,25237.5671970769,0,0,68,106
653221,0.00510623668628135,248,Xinjiang,和田县,新疆维吾尔自治区,40675.6635966886,8,0.00123746805417438,69,106
654003,0.00500182146139442,248,Xinjiang,奎屯市,新疆维吾尔自治区,788.580389605893,48,0,70,106
654021,0.00470386147446809,248,Xinjiang,伊宁县,新疆维吾尔自治区,4472.84554484021,6,0.000460956793108618,71,106
654024,0.0046618188114891,248,Xinjiang,巩留县,新疆维吾尔自治区,4117.41202153096,10,0.0744140025972471,72,106
653225,0.00463854534117889,248,Xinjiang,策勒县,新疆维吾尔自治区,31563.1921379601,1,0,73,106
652327,0.00449852533198659,248,Xinjiang,吉木萨尔县,新疆维吾尔自治区,8139.91107412209,7,0.0438108307436294,74,106
652702,0.00447323267909944,248,Xinjiang,阿拉山口市,新疆维吾尔自治区,1255.30100929467,1,0.588385899955844,75,106
653121,0.00445877433329342,248,Xinjiang,疏附县,新疆维吾尔自治区,2974.29464217496,7,0,76,106
650109,0.00443989695931245,248,Xinjiang,米东区,新疆维吾尔自治区,3397.9089073773,10,0.0151045463662539,77,106
654002,0.00437544245079548,248,Xinjiang,伊宁市,新疆维吾尔自治区,635.71758443379,25,0,78,106
652925,0.00406432834160125,248,Xinjiang,新和县,新疆维吾尔自治区,5823.26276308459,1,0,79,106
659005,0.0040583827788806,248,Xinjiang,北屯市,新疆维吾尔自治区,815.271463562226,47,0,80,106
650522,0.00382765832636554,248,Xinjiang,伊吾县,新疆维吾尔自治区,19531.8196986,1,0,81,106
659001,0.00367843411242983,248,Xinjiang,石河子市,新疆维吾尔自治区,458.974406024068,43,0,82,106
652929,0.00365741873411791,248,Xinjiang,柯坪县,新疆维吾尔自治区,8911.86134502011,1,0,83,106
653128,0.00337644806858923,248,Xinjiang,岳普湖县,新疆维吾尔自治区,3127.65722141321,1,0,84,106
653024,0.00328094931084375,248,Xinjiang,乌恰县,新疆维吾尔自治区,18737.7375617899,2,0,85,106
650204,0.00316155072057499,248,Xinjiang,白碱滩区,新疆维吾尔自治区,1266.61492646679,8,0,86,106
650104,0.00309585743138145,248,Xinjiang,新市区,新疆维吾尔自治区,261.060928693717,55,0,87,106
653201,0.00284714920459765,248,Xinjiang,和田市,新疆维吾尔自治区,465.511741794265,8,0,88,106
652723,0.00278978251580372,248,Xinjiang,温泉县,新疆维吾尔自治区,5912.95709039783,2,0.00117532699853766,89,106
659004,0.00271933054730737,248,Xinjiang,五家渠市,新疆维吾尔自治区,739.12947639369,14,0,90,106
653122,0.00271314277445742,248,Xinjiang,疏勒县,新疆维吾尔自治区,2104.50298793768,1,0,91,106
652826,0.00248421968907634,248,Xinjiang,焉耆回族自治县,新疆维吾尔自治区,2426.99186717058,3,0,92,106
650103,0.00243083211616404,248,Xinjiang,沙依巴克区,新疆维吾尔自治区,420.155484299537,28,0,93,106
659003,0.00242963029362588,248,Xinjiang,图木舒克市,新疆维吾尔自治区,1997.40901971231,1,0,94,106
652927,0.00242074570836089,248,Xinjiang,乌什县,新疆维吾尔自治区,9049.856858505,0,0,95,106
659008,0.0020456800487161,248,Xinjiang,可克达拉市,新疆维吾尔自治区,1035.32782481733,1,0,96,106
650102,0.00191852414350373,248,Xinjiang,天山区,新疆维吾尔自治区,172.902478541001,42,0,97,106
650105,0.00179018378123349,248,Xinjiang,水磨沟区,新疆维吾尔自治区,279.333933316763,28,0,98,106
654004,0.00177423303011959,248,Xinjiang,霍尔果斯市,新疆维吾尔自治区,1897.22142441528,1,0,99,106
659006,0.00165732128827137,248,Xinjiang,铁门关市,新疆维吾尔自治区,607.789568527252,2,0,100,106
659009,0.00164089244226608,248,Xinjiang,昆玉市,新疆维吾尔自治区,1109.44200443991,0,0,101,106
653023,0.00160417756391438,248,Xinjiang,阿合奇县,新疆维吾尔自治区,11435.9012416001,0,0,102,106
653124,0.00137862858874734,248,Xinjiang,泽普县,新疆维吾尔自治区,1005.80670253649,0,0,103,106
650106,0.00123546593137266,248,Xinjiang,头屯河区,新疆维吾尔自治区,271.782335040191,5,0,104,106
659007,0.00110996869367911,248,Xinjiang,双河市,新疆维吾尔自治区,741.530740411036,0,0.000175380916795559,105,106
650202,0.000998397183155021,248,Xinjiang,独山子区,新疆维吾尔自治区,403.313485234875,2,0,106,106
532823,0.11539034503581,270,Yunnan,勐腊县,云南省,6862.19375346972,1304,0.223710737316261,1,129
533123,0.0827976142475154,270,Yunnan,盈江县,云南省,4325.77577179579,3162,0,2,129
532801,0.0672114349715425,270,Yunnan,景洪市,云南省,6865.01888307762,439,0.195438034065606,3,129
530581,0.0537956515392302,270,Yunnan,腾冲市,云南省,5698.0217554751,908,0.126046135916498,4,129
530502,0.0435574661927772,270,Yunnan,隆阳区,云南省,4844.24375512618,1748,0.0187873036544718,5,129
532901,0.0267911073304184,270,Yunnan,大理市,云南省,1738.44873529289,970,0.361592078977767,6,129
533102,0.0246065647429424,270,Yunnan,瑞丽市,云南省,942.196292402666,648,0,7,129
530721,0.0195652770104371,270,Yunnan,玉龙纳西族自治县,云南省,6198.6839150415,435,0.0103385829375132,8,129
530112,0.0192929395790619,270,Yunnan,西山区,云南省,911.869820299342,480,0.530947476158622,9,129
530802,0.0178403736784136,270,Yunnan,思茅区,云南省,3873.26182016685,91,0,10,129
533124,0.0161501803847421,270,Yunnan,陇川县,云南省,1867.82099052935,142,0,11,129
533301,0.0159889751008539,270,Yunnan,泸水市,云南省,3093.84581201372,153,0.153147428377265,12,129
533103,0.015670397106581,270,Yunnan,芒市,云南省,2903.26902036933,99,0,13,129
532523,0.0155733390222347,270,Yunnan,屏边苗族自治县,云南省,1843.23589678783,99,0.0846039945513871,14,129
532301,0.0148329649833115,270,Yunnan,楚雄市,云南省,4433.76557246038,230,0,15,129
533401,0.0144308900578831,270,Yunnan,香格里拉市,云南省,11421.3883718407,533,4.70400795718496e-05,16,129
533422,0.0126797417879647,270,Yunnan,德钦县,云南省,7300.86974037245,161,0.30890343844109,17,129
530102,0.012241935981332,270,Yunnan,五华区,云南省,347.152758657714,577,0.42681802079411,18,129
530103,0.0121640003840103,270,Yunnan,盘龙区,云南省,326.320687102024,331,0.60477458943381,19,129
530114,0.0111837007148977,270,Yunnan,呈贡区,云南省,509.29748238774,101,0.713264171961749,20,129
530427,0.011024111659541,270,Yunnan,新平彝族傣族自治县,云南省,4265.40985698101,60,0.000235217642949972,21,129
532532,0.0103897469998051,270,Yunnan,河口瑶族自治县,云南省,1329.72642334539,14,0.217829641282299,22,129
530828,0.010378424805721,270,Yunnan,澜沧拉祜族自治县,云南省,8729.84887114879,14,0,23,129
530111,0.0101097884095487,270,Yunnan,官渡区,云南省,649.547469650462,113,0.601057857936142,24,129
530702,0.00979619734127646,270,Yunnan,古城区,云南省,1265.26369334468,244,0.000360781628882035,25,129
530823,0.0095383392392051,270,Yunnan,景东彝族自治县,云南省,4456.08190766472,45,0,26,129
532822,0.00949305205186491,270,Yunnan,勐海县,云南省,5369.24978514999,14,0.0177252666694613,27,129
533324,0.00910563895073035,270,Yunnan,贡山独龙族怒族自治县,云南省,4383.65538655701,130,0,28,129
532626,0.00826418501957463,270,Yunnan,丘北县,云南省,5053.92153663577,39,0,29,129
533423,0.00744969445740345,270,Yunnan,维西傈僳族自治县,云南省,4473.30669621039,60,0.134820307505297,30,129
532932,0.0070290998634555,270,Yunnan,鹤庆县,云南省,2363.31825677066,68,0,31,129
530724,0.00675471386102662,270,Yunnan,宁蒗彝族自治县,云南省,6025.0874738365,32,0.013268175819708,32,129
532929,0.00668957972349016,270,Yunnan,云龙县,云南省,4370.50125167392,31,0.0331067215646964,33,129
530523,0.00654903772868308,270,Yunnan,龙陵县,云南省,2794.32183455477,12,0,34,129
532322,0.00621243933475629,270,Yunnan,双柏县,云南省,3891.80549617013,23,0,35,129
530825,0.00613335602235688,270,Yunnan,镇沅彝族哈尼族拉祜族自治县,云南省,4144.84278450496,13,0,36,129
530821,0.00600111376787666,270,Yunnan,宁洱哈尼族彝族自治县,云南省,3668.76491304164,10,0,37,129
532530,0.00577394717061108,270,Yunnan,金平苗族瑶族傣族自治县,云南省,3612.52830099138,6,0.00497540989936004,38,129
532624,0.00564974334400294,270,Yunnan,麻栗坡县,云南省,2358.14355675658,11,0.0286780599123708,39,129
530128,0.00560815225572748,270,Yunnan,禄劝彝族苗族自治县,云南省,4234.68525811732,40,0.0162184727678416,40,129
532930,0.00558623999464392,270,Yunnan,洱源县,云南省,2530.68273339067,70,0.00571371603439764,41,129
533122,0.00537322613302461,270,Yunnan,梁河县,云南省,1138.53493069588,20,0,42,129
530826,0.0052923565422181,270,Yunnan,江城哈尼族彝族自治县,云南省,3428.51175815057,5,0.000447136178164098,43,129
532601,0.00527801768845153,270,Yunnan,文山市,云南省,2967.31045544903,10,0.0716787649699509,44,129
532931,0.00517283465138102,270,Yunnan,剑川县,云南省,2236.13514345872,61,0.0119333104359967,45,129
530115,0.0050338218535296,270,Yunnan,晋宁区,云南省,1334.12310170572,15,0.478212836694033,46,129
530521,0.00482014568797412,270,Yunnan,施甸县,云南省,1955.82770146254,9,0,47,129
532926,0.00481259777622399,270,Yunnan,南涧彝族自治县,云南省,1740.3778225198,32,0,48,129
533323,0.00459259455734558,270,Yunnan,福贡县,云南省,2747.91872952471,11,0,49,129
532503,0.00429841331320505,270,Yunnan,蒙自市,云南省,2172.64575150186,11,0,50,129
530921,0.00429695994239239,270,Yunnan,凤庆县,云南省,3324.33868331366,13,0,51,129
530927,0.00421383986105341,270,Yunnan,沧源佤族自治县,云南省,2445.33574715259,4,0.0498452273097161,52,129
532524,0.0042105681526736,270,Yunnan,建水县,云南省,3782.78919171801,8,0,53,129
532528,0.00407280221122627,270,Yunnan,元阳县,云南省,2212.35713101593,5,0.0478143863552209,54,129
530827,0.00404653261396541,270,Yunnan,孟连傣族拉祜族佤族自治县,云南省,1893.72310399786,5,0,55,129
530126,0.00399555684417914,270,Yunnan,石林彝族自治县,云南省,1680.22306987962,41,0,56,129
532627,0.00398423487616205,270,Yunnan,广南县,云南省,7728.76305381924,2,0.000495838311371256,57,129
530326,0.003860191770708,270,Yunnan,会泽县,云南省,5884.38268313579,8,0.0261003174920849,58,129
532628,0.00378071264550487,270,Yunnan,富宁县,云南省,5292.53166325773,1,0.000119796239320031,59,129
530381,0.00364781935970012,270,Yunnan,宣威市,云南省,6049.6456253239,7,0,60,129
532525,0.00362936497608472,270,Yunnan,石屏县,云南省,3041.62634267617,7,4.57925599669295e-05,61,129
530481,0.0035791639302195,270,Yunnan,澄江市,云南省,756.55089778615,59,0.0287928519333663,62,129
530428,0.00351660641227659,270,Yunnan,元江哈尼族彝族傣族自治县,云南省,2718.32538639992,4,0.0884080381630241,63,129
532922,0.00350198434045975,270,Yunnan,漾濞彝族自治县,云南省,1858.97946786659,22,0.00442845026085206,64,129
530602,0.00334214095759864,270,Yunnan,昭阳区,云南省,2163.21770162806,11,0.0864038793026703,65,129
530324,0.00332428053062451,270,Yunnan,罗平县,云南省,3012.30355735857,7,0,66,129
532504,0.00331777519197195,270,Yunnan,弥勒市,云南省,3911.82761747052,8,0,67,129
530125,0.00325632985285857,270,Yunnan,宜良县,云南省,1911.79311631501,22,0,68,129
530822,0.00316635392346109,270,Yunnan,墨江哈尼族自治县,云南省,5290.07117837869,1,0,69,129
530824,0.00311062517566971,270,Yunnan,景谷傣族彝族自治县,云南省,7519.03590872685,0,0,70,129
530922,0.0031032647369959,270,Yunnan,云县,云南省,3658.56214026352,4,0,71,129
532623,0.00300330276034801,270,Yunnan,西畴县,云南省,1491.1828824281,4,0.0265024403450302,72,129
532531,0.00276985564785374,270,Yunnan,绿春县,云南省,3093.42127523691,0,0.19972102569894,73,129
532331,0.0027608239358391,270,Yunnan,禄丰县,云南省,3545.04550163059,6,0.00136489507350659,74,129
532928,0.00275867274483669,270,Yunnan,永平县,云南省,2790.72401957309,4,0,75,129
532622,0.00271401242418396,270,Yunnan,砚山县,云南省,3867.93322261802,2,0,76,129
532924,0.00265402017648105,270,Yunnan,宾川县,云南省,2532.47986185111,5,0.0310741871698713,77,129
530923,0.00265389098767351,270,Yunnan,永德县,云南省,3220.15415874062,2,0.0764326730178446,78,129
532927,0.00263966919673159,270,Yunnan,巍山彝族回族自治县,云南省,2177.20883613833,6,0.0147020756679159,79,129
532625,0.00253125341967182,270,Yunnan,马关县,云南省,2664.87799227269,0,0.0201287648506383,80,129
530926,0.0024061173048322,270,Yunnan,耿马傣族佤族自治县,云南省,3726.29486692956,0,0,81,129
530426,0.00231531136564292,270,Yunnan,峨山彝族自治县,云南省,1929.45331474455,5,0,82,129
532324,0.0023081685216159,270,Yunnan,南华县,云南省,2265.28978298978,7,0,83,129
530925,0.00230199324552318,270,Yunnan,双江拉祜族佤族布朗族傣族自治县,云南省,2160.7709931242,1,0,84,129
530722,0.00227562563600346,270,Yunnan,永胜县,云南省,4927.47440757886,1,0,85,129
530113,0.00225553031954495,270,Yunnan,东川区,云南省,1869.73387852074,7,0.0518045016108216,86,129
532923,0.00221559285881475,270,Yunnan,祥云县,云南省,2430.21872920064,6,0,87,129
530129,0.00216924984564596,270,Yunnan,寻甸回族彝族自治县,云南省,3585.19328628367,5,2.5128826419529e-05,88,129
530325,0.00208179476947234,270,Yunnan,富源县,云南省,3255.99695781289,2,0.0175736287955275,89,129
533325,0.00206556308061767,270,Yunnan,兰坪白族普米族自治县,云南省,4372.73861129112,2,0.000248002964964285,90,129
530924,0.00205130123192768,270,Yunnan,镇康县,云南省,2529.94295735326,0,0,91,129
532329,0.00200646478626701,270,Yunnan,武定县,云南省,2947.05825736694,3,0.00393829775106961,92,129
530902,0.00196200171065021,270,Yunnan,临翔区,云南省,2558.60392634363,1,0,93,129
532501,0.00196191567225102,270,Yunnan,个旧市,云南省,1558.0644279529,2,0,94,129
532925,0.0018935611121295,270,Yunnan,弥渡县,云南省,1528.82657060773,3,0.00469018621562687,95,129
532502,0.00187465933362068,270,Yunnan,开远市,云南省,1939.93692219197,2,0,96,129
530181,0.0018718337794623,270,Yunnan,安宁市,云南省,1305.71171218612,6,0.0934837729926824,97,129
532328,0.00183498657887405,270,Yunnan,元谋县,云南省,2023.57290178164,3,0.00980279756714987,98,129
530127,0.00174268287900537,270,Yunnan,嵩明县,云南省,1349.18303952184,8,0,99,129
530403,0.00173709382414581,270,Yunnan,江川区,云南省,809.438799733876,10,0,100,129
530723,0.00170912082725379,270,Yunnan,华坪县,云南省,2141.49488682031,1,0,101,129
530524,0.00169749545872366,270,Yunnan,昌宁县,云南省,3767.12870268208,0,0,102,129
530623,0.00167821088320056,270,Yunnan,盐津县,云南省,2027.34736492794,0,0.0211863085189956,103,129
530627,0.00166131715854644,270,Yunnan,镇雄县,云南省,3696.96041029688,0,0.0971890672463769,104,129
530402,0.00160919067993742,270,Yunnan,红塔区,云南省,948.33130042421,6,0,105,129
530323,0.00160870503159452,270,Yunnan,师宗县,云南省,2768.48915949354,1,0.00108965661146218,106,129
530425,0.00150720954564649,270,Yunnan,易门县,云南省,1527.79817973356,3,0.00651687564186971,107,129
530622,0.00146364117277294,270,Yunnan,巧家县,云南省,3197.26356147138,0,0.0673530521958054,108,129
532529,0.00145110955164506,270,Yunnan,红河县,云南省,2028.52186511428,0,2.61981755841915e-05,109,129
530624,0.00144791078158004,270,Yunnan,大关县,云南省,1721.04633892539,0,0.0539853232750964,110,129
530304,0.00143700901262127,270,Yunnan,马龙区,云南省,1600.19891489546,3,0,111,129
532327,0.00143625361559947,270,Yunnan,永仁县,云南省,2151.03307853391,1,0,112,129
530303,0.00140933432283086,270,Yunnan,沾益区,云南省,2816.25190339426,1,0.00400994611925918,113,129
530625,0.00140537575263121,270,Yunnan,永善县,云南省,2776.780388791,0,0.0138478974426592,114,129
530628,0.00140348039030364,270,Yunnan,彝良县,云南省,2796.60864671847,0,0.038129863019251,115,129
532326,0.00133467278352656,270,Yunnan,大姚县,云南省,4027.22274239557,0,0,116,129
530829,0.00131856076316819,270,Yunnan,西盟佤族自治县,云南省,1262.16421780954,0,0,117,129
530629,0.00124074572619856,270,Yunnan,威信县,云南省,1393.26618148534,0,0.116730579143278,118,129
530621,0.00121609264083639,270,Yunnan,鲁甸县,云南省,1483.7401173651,1,0.00192368120249047,119,129
530322,0.00120102776264695,270,Yunnan,陆良县,云南省,1990.87047804599,1,0,120,129
530124,0.00119072405749353,270,Yunnan,富民县,云南省,996.338475361,3,0,121,129
530626,0.00101620905155764,270,Yunnan,绥江县,云南省,748.747172442449,0,0,122,129
530681,0.000968269376708633,270,Yunnan,水富市,云南省,438.377086634812,0,0.0106385497699687,123,129
532527,0.000899802097736519,270,Yunnan,泸西县,云南省,1645.33929954093,0,0,124,129
530302,0.000872444713319838,270,Yunnan,麒麟区,云南省,1543.72146841253,0,0.00137386951983036,125,129
532325,0.000816979440037426,270,Yunnan,姚安县,云南省,1699.22444926437,0,0,126,129
532323,0.000800752769444052,270,Yunnan,牟定县,云南省,1452.41803964239,0,0,127,129
530424,0.000760422828974065,270,Yunnan,华宁县,云南省,1246.56589523288,0,0,128,129
530423,0.000688364291397533,270,Yunnan,通海县,云南省,739.690614392431,0,0,129,129
330112,0.0435956872554436,267,Zhejiang,临安区,浙江省,3121.99751574982,1202,0.0301748827287897,1,88
330110,0.0326030156331165,267,Zhejiang,余杭区,浙江省,1227.15851972799,2195,0,2,88
331181,0.0311853567794747,267,Zhejiang,龙泉市,浙江省,3044.84030980119,140,0.00151069983354918,3,88
330127,0.0294560095561833,267,Zhejiang,淳安县,浙江省,4416.47149557992,220,8.80651061647339e-06,4,88
330106,0.0260798579026542,267,Zhejiang,西湖区,浙江省,309.515282869055,4463,0,5,88
331102,0.0257329590973147,267,Zhejiang,莲都区,浙江省,1492.06164826047,410,0,6,88
331123,0.0236666015240729,267,Zhejiang,遂昌县,浙江省,2540.19975457743,93,0.0218596055918585,7,88
330381,0.0229845377595332,267,Zhejiang,瑞安市,浙江省,1262.42718771389,288,0,8,88
330824,0.0224864154387921,267,Zhejiang,开化县,浙江省,2231.05966130568,99,0.0633553117112998,9,88
331126,0.0223478797861951,267,Zhejiang,庆元县,浙江省,1898.63236595635,74,0.0537606981684981,10,88
330803,0.0219712826096616,267,Zhejiang,衢江区,浙江省,1748.06990902865,184,0,11,88
330109,0.0208704600404369,267,Zhejiang,萧山区,浙江省,1412.36983331053,636,0,12,88
331124,0.0205679229719716,267,Zhejiang,松阳县,浙江省,1398.88026588053,171,0,13,88
330881,0.0203945924891872,267,Zhejiang,江山市,浙江省,2019.18553288457,77,0,14,88
330329,0.0188793925234584,267,Zhejiang,泰顺县,浙江省,1766.89740738936,61,0.109496263281203,15,88
330424,0.0183282345805986,267,Zhejiang,海盐县,浙江省,1089.05886220116,473,0,16,88
330326,0.0170704011073207,267,Zhejiang,平阳县,浙江省,965.125004775069,182,0,17,88
330523,0.0167773962215048,267,Zhejiang,安吉县,浙江省,1886.39647820377,295,0.0163027679359324,18,88
331125,0.0164090849352357,267,Zhejiang,云和县,浙江省,990.744974709155,134,0,19,88
330604,0.0159138529375857,267,Zhejiang,上虞区,浙江省,1401.6869720313,393,0,20,88
330282,0.0158669821698886,267,Zhejiang,慈溪市,浙江省,1382.23101172796,425,0,21,88
330702,0.0157593304614215,267,Zhejiang,婺城区,浙江省,1390.21983792782,149,0,22,88
331127,0.0136385381149965,267,Zhejiang,景宁畲族自治县,浙江省,1939.77988014703,40,0.00215151046055696,23,88
330522,0.0124746867214645,267,Zhejiang,长兴县,浙江省,1429.6120797994,179,0.0890865268211084,24,88
330328,0.0122473593497737,267,Zhejiang,文成县,浙江省,1297.19702672163,52,0.00113670795707117,25,88
331121,0.0120769405518117,267,Zhejiang,青田县,浙江省,2476.9159940248,38,0,26,88
330825,0.0120023189363206,267,Zhejiang,龙游县,浙江省,1141.03165463703,76,0,27,88
330111,0.0117818960243773,267,Zhejiang,富阳区,浙江省,1819.57956182115,102,0.000383434359686569,28,88
331003,0.0117040893055589,267,Zhejiang,黄岩区,浙江省,988.67160103291,141,0,29,88
330382,0.0113686652853097,267,Zhejiang,乐清市,浙江省,1284.73393188753,80,0,30,88
330122,0.0113337881763341,267,Zhejiang,桐庐县,浙江省,1831.31967263302,83,0,31,88
330781,0.0112696497105876,267,Zhejiang,兰溪市,浙江省,1313.15549844365,83,0,32,88
330324,0.0112637413555509,267,Zhejiang,永嘉县,浙江省,2677.57496169884,39,0,33,88
330481,0.0111931403693938,267,Zhejiang,海宁市,浙江省,864.946707097664,277,0,34,88
330482,0.0111370022524878,267,Zhejiang,平湖市,浙江省,745.069359740635,458,0,35,88
331081,0.0110869731368977,267,Zhejiang,温岭市,浙江省,972.115656311753,130,0,36,88
330212,0.0109359915264637,267,Zhejiang,鄞州区,浙江省,798.321536279343,301,0,37,88
330225,0.0107718784736943,267,Zhejiang,象山县,浙江省,1223.08841214302,161,0.00561156262456181,38,88
330281,0.0106708291827932,267,Zhejiang,余姚市,浙江省,1537.80738089514,153,0,39,88
330681,0.0104817033974452,267,Zhejiang,诸暨市,浙江省,2311.52807793879,63,0,40,88
330304,0.0103391707036031,267,Zhejiang,瓯海区,浙江省,466.394117225624,138,0,41,88
330902,0.0096669290123651,267,Zhejiang,定海区,浙江省,563.44947274814,344,0.000371451389950763,42,88
330703,0.00962442745162979,267,Zhejiang,金东区,浙江省,659.086788061186,116,0,43,88
330802,0.00961170150183906,267,Zhejiang,柯城区,浙江省,607.533347869343,68,0,44,88
331082,0.00945979609804503,267,Zhejiang,临海市,浙江省,2184.89089675834,46,0,45,88
331083,0.00901015636828451,267,Zhejiang,玉环市,浙江省,427.150182862355,114,0,46,88
331024,0.00897838461657416,267,Zhejiang,仙居县,浙江省,1999.83367221099,39,0,47,88
330723,0.0089552982453816,267,Zhejiang,武义县,浙江省,1569.86736065014,32,0,48,88
330521,0.00874719628129263,267,Zhejiang,德清县,浙江省,936.379925919949,127,0,49,88
330327,0.00856250073339397,267,Zhejiang,苍南县,浙江省,1036.5121621382,27,0,50,88
330683,0.00852283448003925,267,Zhejiang,嵊州市,浙江省,1787.55223314738,59,0,51,88
330502,0.00835739336093304,267,Zhejiang,吴兴区,浙江省,861.818913649596,159,0,52,88
330782,0.00823894649271289,267,Zhejiang,义乌市,浙江省,1105.10380633507,60,0,53,88
330213,0.00796422251547382,267,Zhejiang,奉化区,浙江省,1252.78844309047,86,0,54,88
330784,0.00763805395757012,267,Zhejiang,永康市,浙江省,1047.62498812571,46,0,55,88
330783,0.00752986351298817,267,Zhejiang,东阳市,浙江省,1746.93267617714,34,0,56,88
331122,0.00716047517195275,267,Zhejiang,缙云县,浙江省,1493.26192904785,24,0,57,88
330822,0.00689744464260814,267,Zhejiang,常山县,浙江省,1096.78332470889,13,0,58,88
330383,0.00685584849006563,267,Zhejiang,龙港市,浙江省,148.429634889404,134,0,59,88
330903,0.00683170266836394,267,Zhejiang,普陀区,浙江省,401.296644980506,175,0,60,88
330182,0.00679818576235239,267,Zhejiang,建德市,浙江省,2311.64484382019,14,0,61,88
330305,0.006781224653042,267,Zhejiang,洞头区,浙江省,173.432100757744,146,0,62,88
330603,0.00633401896484792,267,Zhejiang,柯桥区,浙江省,1068.65209781097,48,0,63,88
331002,0.00614552040483339,267,Zhejiang,椒江区,浙江省,334.667635149229,112,0,64,88
331023,0.0061436032678333,267,Zhejiang,天台县,浙江省,1432.15167478053,29,0,65,88
330302,0.00602888822059611,267,Zhejiang,鹿城区,浙江省,293.360523299101,59,0,66,88
330226,0.00592508161135459,267,Zhejiang,宁海县,浙江省,1711.18960296213,27,0,67,88
330104,0.00581595028539287,267,Zhejiang,江干区,浙江省,200.270844249641,213,0,68,88
330602,0.00552253812996837,267,Zhejiang,越城区,浙江省,491.684055894265,78,0,69,88
330203,0.00498648659757159,267,Zhejiang,海曙区,浙江省,595.203100291215,64,0,70,88
331022,0.0047594007826183,267,Zhejiang,三门县,浙江省,1012.50569895545,21,0,71,88
330624,0.00469821738982117,267,Zhejiang,新昌县,浙江省,1213.78608978174,21,0,72,88
330105,0.00459309791794962,267,Zhejiang,拱墅区,浙江省,69.2310368905044,334,0,73,88
330483,0.0045102507828408,267,Zhejiang,桐乡市,浙江省,727.805635750542,40,0,74,88
330102,0.00430155205292425,267,Zhejiang,上城区,浙江省,26.5743600946478,718,0,75,88
330108,0.00405902745905255,267,Zhejiang,滨江区,浙江省,71.4442920613532,214,0,76,88
330211,0.00399156415305617,267,Zhejiang,镇海区,浙江省,243.96783538271,89,0,77,88
330727,0.00371337839738477,267,Zhejiang,磐安县,浙江省,1196.22449566075,7,0.0483152135447229,78,88
331004,0.00348828671761265,267,Zhejiang,路桥区,浙江省,311.238082236507,24,0,79,88
330206,0.00344993698668959,267,Zhejiang,北仑区,浙江省,592.037741951139,25,0,80,88
330303,0.00344381883483594,267,Zhejiang,龙湾区,浙江省,225.734875724545,20,0,81,88
330411,0.00334006096295797,267,Zhejiang,秀洲区,浙江省,547.813102313447,34,0,82,88
330402,0.00316734594391352,267,Zhejiang,南湖区,浙江省,439.17001029973,37,0,83,88
330726,0.00311009595169484,267,Zhejiang,浦江县,浙江省,917.691416869896,7,0,84,88
330205,0.00299949885522153,267,Zhejiang,江北区,浙江省,208.920445873711,54,0,85,88
330503,0.00283830836536633,267,Zhejiang,南浔区,浙江省,701.762153855123,17,0,86,88
330421,0.00213730193900158,267,Zhejiang,嘉善县,浙江省,506.949522385868,12,0,87,88
330103,0.00157856665183661,267,Zhejiang,下城区,浙江省,29.3473416822838,62,0,88,88
