grid_id,species,province,year,date_source,disc_year,pub_year,lag,longitude,latitude,in_pa,in_pa_national,nearest_pa_name,nearest_pa_level,nearest_pa_type,nearest_pa_year,dist_to_pa_km,ax,ay,prov_geo,grid_id2,in_pa_b0,in_pa_b1_1,in_pa_b3,in_pa_b5,method,cause,method_grp,bio1,bio12,elev,warming_rate,climate_velocity,climate_exposure,unit_county,provgeo_county,unit_prefecture,provgeo_prefecture,valid_county,valid_prefecture
,Abroscopus albogularis,Hebei,2024,discovery_date,2024,2024,0,118.28,39.26,FALSE,FALSE,天津古海岸与湿地国家级自然保护区,national,海洋海岸,1992,54.7561025809148,1122934.13408717,4291491.09672106,Hebei,,FALSE,FALSE,FALSE,FALSE,观察拍摄,分布变化,birdwatching,,,,,,,130209,Hebei,130200,Hebei,TRUE,TRUE
,Abroscopus albogularis,Shanghai,2013,discovery_date,2013,2018,5,121.97,30.88,FALSE,FALSE,上海九段沙湿地国家级自然保护区,national,湿地生态,2000,24.3707625014144,1593127.00795219,3406942.27116725,"",,FALSE,FALSE,FALSE,FALSE,观察拍摄,分布变化,birdwatching,,,,,,,,,,,FALSE,FALSE
,Accipiter trivirgatus,Liaoning,2017,discovery_date,2017,2021,4,121.14,38.73,TRUE,TRUE,蛇岛老铁山,national,野生动物,1980,0,1372520.86964502,4268198.51099927,Liaoning,,TRUE,TRUE,TRUE,TRUE,"","",unknown,,,,,,,210212,Liaoning,210200,Liaoning,TRUE,TRUE
,Alaudala cheleensis,Fujian,2019,discovery_date,2019,2024,5,117.2,23.66,FALSE,FALSE,南澎列岛,national,海洋海岸,1991,29.8596428864163,1246649.54542518,2542547.50882702,Fujian,,FALSE,FALSE,FALSE,FALSE,观察和拍摄,"",birdwatching,,,,,,,350624,Fujian,350600,Fujian,TRUE,TRUE
,Aquila fasciata,Liaoning,2015,discovery_date,2015,2021,6,121.14,38.73,TRUE,TRUE,蛇岛老铁山,national,野生动物,1980,0,1372520.86964502,4268198.51099927,Liaoning,,TRUE,TRUE,TRUE,TRUE,"","",unknown,,,,,,,210212,Liaoning,210200,Liaoning,TRUE,TRUE
,Asio flammeus,Guangxi,2004,discovery_date,2004,2005,1,107.08,22.14,FALSE,FALSE,广西弄岗,national,森林生态,1978,9.92547046909489,216566.620623879,2300917.49843676,Guangxi,,FALSE,FALSE,FALSE,FALSE,"","",unknown,,,,,,,451422,Guangxi,451400,Guangxi,TRUE,TRUE
,Certhia familiaris,Jiangsu,2024,discovery_date,2024,2024,0,120.69,33.37,TRUE,FALSE,大洞山,local,森林生态,2001,0,1429881.20390348,3664043.41704423,"",,TRUE,TRUE,TRUE,TRUE,"","",unknown,,,,,,,320904,Jiangsu,320900,Jiangsu,TRUE,TRUE
,Cygnus cygnus,Guangxi,2016,discovery_date,2016,2017,1,108.16,21.58,FALSE,FALSE,广西防城金花茶国家级自然保护区,national,野生植物,1986,17.3760941159484,330936.23817804,2242544.80267786,Guangxi,,FALSE,FALSE,FALSE,FALSE,"","",unknown,,,,,,,,,,,FALSE,FALSE
,Dendrocitta formosae,Shanghai,2012,discovery_date,2012,2018,6,121.97,30.93,FALSE,FALSE,上海九段沙湿地国家级自然保护区,national,湿地生态,2000,19.4267886013402,1592171.1945236,3412479.56305388,"",,FALSE,FALSE,FALSE,FALSE,观察拍摄,分布变化,birdwatching,,,,,,,,,,,FALSE,FALSE
,Egretta eulophotes,Tianjin,2004,discovery_date,2004,2006,2,117.81,39.26,FALSE,FALSE,天津古海岸与湿地国家级自然保护区,national,海洋海岸,1992,15.0400348331203,1083416.611745,4286268.5967879,Tianjin,,FALSE,FALSE,FALSE,FALSE,整理照片时发现，观察拍摄,分布变化,birdwatching,,,,,,,120116,Tianjin,120000,Tianjin,TRUE,TRUE
,Elanus caeruleus,Liaoning,2019,discovery_date,2019,2021,2,121.14,38.73,TRUE,TRUE,蛇岛老铁山,national,野生动物,1980,0,1372520.86964502,4268198.51099927,Liaoning,,TRUE,TRUE,TRUE,TRUE,"","",unknown,,,,,,,210212,Liaoning,210200,Liaoning,TRUE,TRUE
,Gracupica nigricollis,Shandong,2021,discovery_date,2021,2022,1,122.69,37.4,FALSE,FALSE,山东荣成大天鹅,national,野生动物,1992,10.1313139107035,1529640.35691798,4142689.43073959,"",,FALSE,FALSE,FALSE,FALSE,"","",unknown,,,,,,,371082,Shandong,371000,Shandong,TRUE,TRUE
,Grus japonensis,Fujian,2024,discovery_date,2024,2024,0,120.17,26.97,FALSE,FALSE,浙江乌岩岭,national,森林生态,1974,57.455468682848,1492149.24384776,2947054.31922027,Fujian,,FALSE,FALSE,FALSE,FALSE,观察拍摄,分布变化,birdwatching,,,,,,,350921,Fujian,350900,Fujian,TRUE,TRUE
,Halcyon coromanda,Shandong,2007,discovery_date,2007,2008,1,119.55,35.47,FALSE,FALSE,江苏云台山森林,provincial,森林生态,1981,89.0294364940549,1292141.82277306,3882761.71771172,Shandong,,FALSE,FALSE,FALSE,FALSE,"","",unknown,,,,,,,371102,Shandong,371100,Shandong,TRUE,TRUE
,Halcyon smyrnensis,Shandong,2022,discovery_date,2022,2024,2,119.71,35.62,FALSE,FALSE,山东青岛崂山,provincial,森林生态,2000,80.3415177402505,1303745.32686198,3901618.61261748,Shandong,,FALSE,FALSE,FALSE,FALSE,"","",unknown,,,,,,,370211,Shandong,370200,Shandong,TRUE,TRUE
,Harpactes wardi,Tibet,2019,discovery_date,2019,2020,1,89.01,27.31,FALSE,FALSE,西藏珠穆朗玛峰,national,森林生态,1988,101.087053625739,-1566048.59703143,2997112.92856974,Tibet,,FALSE,FALSE,FALSE,FALSE,观察和拍摄,"",birdwatching,,,,,,,540233,Tibet,540200,Tibet,TRUE,TRUE
,Hemixos castanonotus,Shandong,2020,discovery_date,2020,2023,3,119.39,35.68,FALSE,FALSE,山东青岛崂山,provincial,森林生态,2000,100.229662519417,1274605.63304258,3904170.5867816,Shandong,,FALSE,FALSE,FALSE,FALSE,"","",unknown,,,,,,,371121,Shandong,371100,Shandong,TRUE,TRUE
,Hieraaetus pennatus,Hainan,2022,discovery_date,2022,2022,0,110.35,18.67,FALSE,FALSE,礼纪青皮林,provincial,森林生态,1980,9.91550552807662,577171.284189847,1936090.39898123,Hainan,,FALSE,FALSE,FALSE,FALSE,"","",unknown,,,,,,,,,,,FALSE,FALSE
,Hirundo rustica,Hainan,2018,discovery_date,2018,2022,4,112.34,16.84,FALSE,FALSE,海南大洲岛国家级自然保护区,national,野生动物,1987,280.731289027114,806083.972871709,1753165.26220574,"",,FALSE,FALSE,FALSE,FALSE,"","",unknown,,,,,,,460300,Hainan,460300,Hainan,TRUE,TRUE
,Larus crassirostris,Hainan,2006,discovery_date,2006,2006,0,109.69,19.91,FALSE,FALSE,新英湾红树林,local,海洋海岸,1992,13.6041454162952,499673.702354414,2066849.56712322,Hainan,,FALSE,FALSE,FALSE,FALSE,"","",unknown,,,,,,,469024,Hainan,469024,Hainan,TRUE,TRUE
,Melanitta fusca,Guangdong,2023,discovery_date,2023,2025,2,113.75,22.53,FALSE,FALSE,广东内伶仃福田,national,湿地生态,1984,12.4749745210071,906156.446035939,2381421.73147484,"",,FALSE,FALSE,FALSE,FALSE,"","",unknown,,,,,,,,,,,FALSE,FALSE
,Melanitta fusca,Shanghai,2019,discovery_date,2019,2021,2,121.94,30.91,FALSE,FALSE,上海九段沙湿地国家级自然保护区,national,湿地生态,2000,22.7545123304532,1589765.57269122,3409783.78142907,"",,FALSE,FALSE,FALSE,FALSE,观察和拍摄,"",birdwatching,,,,,,,310115,Shanghai,310000,Shanghai,TRUE,TRUE
,Muscicapa muttui,Shanghai,2013,discovery_date,2013,2018,5,121.97,30.88,FALSE,FALSE,上海九段沙湿地国家级自然保护区,national,湿地生态,2000,24.3707625014144,1593127.00795219,3406942.27116725,"",,FALSE,FALSE,FALSE,FALSE,观察拍摄,分布变化,birdwatching,,,,,,,,,,,FALSE,FALSE
,Mycerobas affinis,Shandong,2009,discovery_date,2009,2009,0,119.22,37.27,FALSE,FALSE,山东黄河三角洲,national,海洋海岸,1990,39.0635440949006,1233998.27759056,4079879.04172569,"",,FALSE,FALSE,FALSE,FALSE,"","",unknown,,,,,,,,,,,FALSE,FALSE
,Netta rufina,Liaoning,2012,discovery_date,2012,2022,10,123.02,39.66,FALSE,FALSE,辽宁庄河仙人洞,national,森林生态,1981,35.308457579249,1511759.60174927,4399036.47508355,"",,FALSE,FALSE,FALSE,FALSE,"","",unknown,,,,,,,,,,,FALSE,FALSE
,Netta rufina,Shanghai,2012,discovery_date,2012,2018,6,121.9,31.05,FALSE,FALSE,上海九段沙湿地国家级自然保护区,national,湿地生态,2000,10.6270260436928,1583382.37546575,3424652.35253338,"",,FALSE,FALSE,FALSE,FALSE,观察拍摄,分布变化,birdwatching,,,,,,,310115,Shanghai,310000,Shanghai,TRUE,TRUE
,Oenanthe deserti,Zhejiang,2021,discovery_date,2021,2022,1,120.89,27.86,FALSE,FALSE,浙江乌岩岭,national,森林生态,1974,103.627122536519,1546558.20902724,3056126.29035244,"",,FALSE,FALSE,FALSE,FALSE,"","",unknown,,,,,,,,,,,FALSE,FALSE
,Onychoprion anaethetus,Guangxi,2013,discovery_date,2013,2013,0,109.2,20.92,FALSE,FALSE,涠州岛鸟类,provincial,野生动物,1982,13.6399622476008,442846.934187115,2174483.0434016,"",,FALSE,FALSE,FALSE,FALSE,"","",unknown,,,,,,,,,,,FALSE,FALSE
,Onychoprion anaethetus,Shandong,2018,discovery_date,2018,2019,1,120.68,36.01,FALSE,FALSE,山东青岛崂山,provincial,森林生态,2000,13.4677015598351,1382090.90555529,3958297.48752295,"",,FALSE,FALSE,FALSE,FALSE,"","",unknown,,,,,,,,,,,FALSE,FALSE
,Passer domesticus,Hainan,2017,discovery_date,2017,2022,5,112.34,16.84,FALSE,FALSE,海南大洲岛国家级自然保护区,national,野生动物,1987,280.731289027114,806083.972871709,1753165.26220574,"",,FALSE,FALSE,FALSE,FALSE,"","",unknown,,,,,,,460300,Hainan,460300,Hainan,TRUE,TRUE
,Passer domesticus,Zhejiang,2021,discovery_date,2021,2023,2,120.72,27.73,FALSE,FALSE,浙江乌岩岭,national,森林生态,1974,86.932265812319,1532439.98328931,3039160.30978761,"",,FALSE,FALSE,FALSE,FALSE,"","",unknown,,,,,,,330381,Zhejiang,330300,Zhejiang,TRUE,TRUE
,Pericrocotus cantonensis,Tianjin,2020,discovery_date,2020,2023,3,118,39.24,FALSE,FALSE,天津古海岸与湿地国家级自然保护区,national,海洋海岸,1992,31.2983166854651,1099689.78926732,4286117.00795802,Hebei,,FALSE,FALSE,FALSE,FALSE,观察和拍摄,"",birdwatching,,,,,,,120116,Tianjin,120000,Tianjin,TRUE,TRUE
,Phoenicurus ochruros,Jiangsu,2014,discovery_date,2014,2025,11,121.04,32.56,FALSE,FALSE,大洞山,local,森林生态,2001,28.9196128751743,1476191.46116131,3579016.63461775,"",,FALSE,FALSE,FALSE,FALSE,"","",unknown,,,,,,,320623,Jiangsu,320600,Jiangsu,TRUE,TRUE
,Phoenicurus ochruros,Shanghai,2011,discovery_date,2011,2013,2,121.97,30.88,FALSE,FALSE,上海九段沙湿地国家级自然保护区,national,湿地生态,2000,24.3707625014144,1593127.00795219,3406942.27116725,"",,FALSE,FALSE,FALSE,FALSE,观察拍摄,分布变化,birdwatching,,,,,,,,,,,FALSE,FALSE
,Phoenicurus ochruros,Zhejiang,2019,discovery_date,2019,2020,1,122.19,29.43,TRUE,TRUE,韭山列岛,national,海洋海岸,1998,0,1641609.73197753,3250201.72760093,Zhejiang,,TRUE,TRUE,TRUE,TRUE,"","",unknown,,,,,,,,,,,FALSE,FALSE
,Phylloscopus cantator,Guangxi,2014,discovery_date,2014,2014,0,105.79,23.02,FALSE,FALSE,邦亮长臂猿,provincial,野生动物,2009,61.5521101673844,81489.4062428195,2395667.36178745,"",,FALSE,FALSE,FALSE,FALSE,"","",unknown,,,,,,,451026,Guangxi,451000,Guangxi,TRUE,TRUE
,Phylloscopus claudiae,Shanghai,2013,discovery_date,2013,2018,5,121.97,30.91,FALSE,FALSE,上海九段沙湿地国家级自然保护区,national,湿地生态,2000,21.4078403694391,1592553.52999465,3410264.58778935,"",,FALSE,FALSE,FALSE,FALSE,观察拍摄,分类变动或误认,birdwatching,,,,,,,310115,Shanghai,310000,Shanghai,TRUE,TRUE
,Phylloscopus intermedius,Shanghai,2013,discovery_date,2013,2018,5,121.97,30.91,FALSE,FALSE,上海九段沙湿地国家级自然保护区,national,湿地生态,2000,21.4078403694391,1592553.52999465,3410264.58778935,"",,FALSE,FALSE,FALSE,FALSE,观察拍摄,分布变化,birdwatching,,,,,,,310115,Shanghai,310000,Shanghai,TRUE,TRUE
,Phylloscopus soror,Shanghai,2011,discovery_date,2011,2013,2,121.97,30.88,FALSE,FALSE,上海九段沙湿地国家级自然保护区,national,湿地生态,2000,24.3707625014144,1593127.00795219,3406942.27116725,"",,FALSE,FALSE,FALSE,FALSE,观察拍摄,分布变化,birdwatching,,,,,,,,,,,FALSE,FALSE
,Phylloscopus tephrocephalus,Tianjin,2020,discovery_date,2020,2023,3,118,39.24,FALSE,FALSE,天津古海岸与湿地国家级自然保护区,national,海洋海岸,1992,31.2983166854651,1099689.78926732,4286117.00795802,Hebei,,FALSE,FALSE,FALSE,FALSE,观察和拍摄,"",birdwatching,,,,,,,120116,Tianjin,120000,Tianjin,TRUE,TRUE
,Prinia flaviventris,Jiangsu,2022,discovery_date,2022,2025,3,121.44,32.34,FALSE,FALSE,大洞山,local,森林生态,2001,62.6143368010029,1516756.62375457,3560592.30192932,"",,FALSE,FALSE,FALSE,FALSE,"","",unknown,,,,,,,,,,,FALSE,FALSE
,Prunella montanella,Jiangsu,2014,discovery_date,2014,2025,11,121.04,32.56,FALSE,FALSE,大洞山,local,森林生态,2001,28.9196128751743,1476191.46116131,3579016.63461775,"",,FALSE,FALSE,FALSE,FALSE,"","",unknown,,,,,,,320623,Jiangsu,320600,Jiangsu,TRUE,TRUE
,Pycnonotus sinensis,Liaoning,2004,discovery_date,2004,2006,2,121.59,38.92,FALSE,FALSE,老偏岛－玉皇顶,local,野生动物,2000,3.59380556388683,1406864.99415494,4295677.88236551,Liaoning,,FALSE,FALSE,FALSE,TRUE,"","",unknown,,,,,,,210204,Liaoning,210200,Liaoning,TRUE,TRUE
,Pycnonotus xanthorrhous,Shanghai,2008,discovery_date,2008,2018,10,121.96,30.88,FALSE,FALSE,上海九段沙湿地国家级自然保护区,national,湿地生态,2000,24.8102984626411,1592197.37035395,3406781.85102909,"",,FALSE,FALSE,FALSE,FALSE,观察拍摄,分布变化,birdwatching,,,,,,,310115,Shanghai,310000,Shanghai,TRUE,TRUE
,Sittiparus varius,Shanghai,2012,discovery_date,2012,2013,1,121.97,30.88,FALSE,FALSE,上海九段沙湿地国家级自然保护区,national,湿地生态,2000,24.3707625014144,1593127.00795219,3406942.27116725,"",,FALSE,FALSE,FALSE,FALSE,观察拍摄,分布变化,birdwatching,,,,,,,,,,,FALSE,FALSE
,Spilornis cheela,Shanghai,2015,discovery_date,2015,2018,3,121.97,30.89,FALSE,FALSE,上海九段沙湿地国家级自然保护区,national,湿地生态,2000,23.3731302409304,1592935.8520057,3408049.69050232,"",,FALSE,FALSE,FALSE,FALSE,观察拍摄,分布变化,birdwatching,,,,,,,310115,Shanghai,310000,Shanghai,TRUE,TRUE
,Spizixos semitorques,Shandong,2011,discovery_date,2011,2017,6,119.55,35.5,FALSE,FALSE,江苏云台山森林,provincial,森林生态,1981,92.3328247986643,1291646.83103319,3886115.03608122,Shandong,,FALSE,FALSE,FALSE,FALSE,"","",unknown,,,,,,,371102,Shandong,371100,Shandong,TRUE,TRUE
,Thalasseus bergii,Shanghai,2011,discovery_date,2011,2013,2,121.98,31.29,FALSE,FALSE,上海九段沙湿地国家级自然保护区,national,湿地生态,2000,7.09159159510648,1586211.94323045,3452521.93092821,"",,FALSE,FALSE,FALSE,FALSE,观察拍摄,分布变化或缺乏调查,birdwatching,,,,,,,,,,,FALSE,FALSE
3,Charadrius placidus,Hainan,2004,discovery_date,2004,2006,2,109.51,18.25,FALSE,FALSE,大东海火岭,local,野生动物,1996,2.19371125558881,488679.719526979,1886239.13684845,Hainan,3,FALSE,FALSE,TRUE,TRUE,"","",unknown,2.5050594329834,1426,124,0.172162696920853,0.0227746414362233,0.0529328433991583,460203,Hainan,460200,Hainan,TRUE,TRUE
4,Pericrocotus divaricatus,Hainan,2017,discovery_date,2017,2020,3,108.82,18.7,FALSE,FALSE,海南尖峰岭,national,森林生态,1976,2.42427541553285,412084.018164727,1931710.13457409,Hainan,4,FALSE,FALSE,TRUE,TRUE,"","",unknown,2.52847232818604,1174,22,0.172162696920853,0.0227746414362233,0.0529328433991583,469027,Hainan,469027,Hainan,TRUE,TRUE
6,Eumyias thalassinus,Hainan,2018,discovery_date,2018,2019,1,109.68,18.86,FALSE,FALSE,海南五指山,national,森林生态,1985,0.208384063336821,503978.377345519,1952980.56505613,Hainan,6,FALSE,TRUE,TRUE,TRUE,"","",unknown,2.46555004119873,1487,144,0.172162696920853,0.0227746414362233,0.0529328433991583,469001,Hainan,469001,Hainan,TRUE,TRUE
9,Cisticola exilis,Hainan,2007,discovery_date,2007,2007,0,109.11,19.01,FALSE,FALSE,海南霸王岭,national,野生动物,1980,1.54794710823131,441961.503612473,1966496.18048989,Hainan,9,FALSE,FALSE,TRUE,TRUE,"","",unknown,2.22906665802002,1461,503,0.172162696920853,0.0227746414362233,0.0529328433991583,469026,Hainan,469026,Hainan,TRUE,TRUE
16,Curruca curruca,Hainan,2021,discovery_date,2021,2022,1,110.33,20.07,FALSE,FALSE,永兴鸟类,local,野生动物,1988,17.288221693536,566863.811140337,2087672.02184332,"",16,FALSE,FALSE,FALSE,FALSE,"","",unknown,2.4360294342041,1686,2,0.172162696920853,0.0227746414362233,0.0529328433991583,460108,Hainan,460100,Hainan,TRUE,TRUE
16,Larvivora cyane,Hainan,2006,discovery_date,2006,2009,3,110.31,20.04,FALSE,FALSE,永兴鸟类,local,野生动物,1988,13.9020967899855,564913.300773824,2084298.0557609,"",16,FALSE,FALSE,FALSE,FALSE,"","",unknown,2.4360294342041,1686,2,0.172162696920853,0.0227746414362233,0.0529328433991583,460106,Hainan,460100,Hainan,TRUE,TRUE
16,Phylloscopus intermedius,Hainan,2018,discovery_date,2018,2019,1,110.34,20.07,FALSE,FALSE,永兴鸟类,local,野生动物,1988,17.4464360436716,567926.320646841,2087729.17244027,"",16,FALSE,FALSE,FALSE,FALSE,"","",unknown,2.4360294342041,1686,2,0.172162696920853,0.0227746414362233,0.0529328433991583,460108,Hainan,460100,Hainan,TRUE,TRUE
16,Pycnonotus jocosus,Hainan,2010,discovery_date,2010,2011,1,110.33,20,FALSE,FALSE,永兴鸟类,local,野生动物,1988,9.76684960603301,567272.537183574,2080066.09115642,Hainan,16,FALSE,FALSE,FALSE,FALSE,"","",unknown,2.4360294342041,1686,2,0.172162696920853,0.0227746414362233,0.0529328433991583,460106,Hainan,460100,Hainan,TRUE,TRUE
17,Anser anser,Hainan,2007,discovery_date,2007,2009,2,110.58,19.9,FALSE,FALSE,名人山鸟类,local,野生动物,1997,14.264897678754,594463.713559178,2070667.68109964,Hainan,17,FALSE,FALSE,FALSE,FALSE,"","",unknown,2.42029991149902,1731,5,0.172162696920853,0.0227746414362233,0.0529328433991583,460108,Hainan,460100,Hainan,TRUE,TRUE
17,Gracupica nigricollis,Hainan,2005,discovery_date,2005,2006,1,110.59,19.97,FALSE,FALSE,名人山鸟类,local,野生动物,1997,12.1934551005328,595099.467739183,2078329.33454234,"",17,FALSE,FALSE,FALSE,FALSE,"","",unknown,2.42029991149902,1731,5,0.172162696920853,0.0227746414362233,0.0529328433991583,,,,,FALSE,FALSE
21,Circaetus gallicus,Guangxi,2015,discovery_date,2015,2021,6,109.05,21.45,FALSE,FALSE,合浦营盘港－英罗港儒艮,national,野生动物,1986,15.161457671544,424677.205713611,2231712.48826626,"",21,FALSE,FALSE,FALSE,FALSE,"","",unknown,2.2825439453125,1632,3,0.233121858022171,0.0366689971097029,0.0800731827586212,450503,Guangxi,450500,Guangxi,TRUE,TRUE
21,Gyps himalayensis,Guangxi,2013,discovery_date,2013,2013,0,109.08,21.44,FALSE,FALSE,合浦营盘港－英罗港儒艮,national,野生动物,1986,15.8442041871064,427866.152453536,2230748.01113415,Guangxi,21,FALSE,FALSE,FALSE,FALSE,"","",unknown,2.2825439453125,1632,3,0.233121858022171,0.0366689971097029,0.0800731827586212,450503,Guangxi,450500,Guangxi,TRUE,TRUE
37,Aviceda jerdoni,Guangdong,2014,discovery_date,2014,2023,9,111.44,21.83,FALSE,FALSE,广东云开山,national,森林生态,2010,45.7841667992617,672305.684780884,2286472.39756354,Guangdong,37,FALSE,FALSE,FALSE,FALSE,观察和拍摄,"",birdwatching,2.30165004730225,1953,47,0.162594727376706,0.0242739372407283,0.0586741474778168,441721,Guangdong,441700,Guangdong,TRUE,TRUE
37,Temnurus temnurus,Guangdong,2020,discovery_date,2020,2022,2,111.43,21.79,FALSE,FALSE,广东云开山,national,森林生态,2010,50.0864951671745,671546.853325978,2282031.07775317,Guangdong,37,FALSE,FALSE,FALSE,FALSE,"","",unknown,2.30165004730225,1953,47,0.162594727376706,0.0242739372407283,0.0586741474778168,441721,Guangdong,441700,Guangdong,TRUE,TRUE
45,Bubo nipalensis,Guangxi,2013,discovery_date,2013,2014,1,106.88,22.35,FALSE,FALSE,龙州青龙山,local,森林生态,1982,10.4172181364798,195309.132779299,2323545.01611495,Guangxi,45,FALSE,FALSE,FALSE,FALSE,"","",unknown,2.2046667098999,1363,247,0.233121858022171,0.0366689971097029,0.0800731827586212,451423,Guangxi,451400,Guangxi,TRUE,TRUE
45,Locustella davidi,Guangxi,2023,discovery_date,2023,2024,1,106.97,22.5,FALSE,FALSE,广西弄岗,national,森林生态,1978,3.13718548247141,204330.993362296,2340195.9481595,Guangxi,45,FALSE,FALSE,FALSE,TRUE,"","",unknown,2.2046667098999,1363,247,0.233121858022171,0.0366689971097029,0.0800731827586212,451423,Guangxi,451400,Guangxi,TRUE,TRUE
45,Mixornis gularis,Guangxi,2005,discovery_date,2005,2005,0,106.96,22.47,FALSE,FALSE,广西弄岗,national,森林生态,1978,0.706473438356655,203358.966739931,2336880.76966412,Guangxi,45,FALSE,TRUE,TRUE,TRUE,"","",unknown,2.2046667098999,1363,247,0.233121858022171,0.0366689971097029,0.0800731827586212,451423,Guangxi,451400,Guangxi,TRUE,TRUE
45,Pellorneum tickelli,Guangxi,2005,discovery_date,2005,2006,1,106.88,22.35,FALSE,FALSE,龙州青龙山,local,森林生态,1982,10.4172181364798,195309.132779299,2323545.01611495,Guangxi,45,FALSE,FALSE,FALSE,FALSE,"","",unknown,2.2046667098999,1363,247,0.233121858022171,0.0366689971097029,0.0800731827586212,451423,Guangxi,451400,Guangxi,TRUE,TRUE
48,Remiz consobrinus,Guangxi,2012,discovery_date,2012,2015,3,108.32,22.58,FALSE,FALSE,广西崇左白头叶猴,national,野生动物,1980,34.3630565592797,344019.327748153,2352710.45603852,Guangxi,48,FALSE,FALSE,FALSE,FALSE,"","",unknown,2.14773330688477,1626,137,0.233121858022171,0.0366689971097029,0.0800731827586212,450108,Guangxi,450100,Guangxi,TRUE,TRUE
62,Passer domesticus,Yunnan,2014,discovery_date,2014,2015,1,100.98,22.79,FALSE,FALSE,云南西双版纳,national,森林生态,1958,48.8826912056411,-415582.904032597,2378456.29415875,Yunnan,62,FALSE,FALSE,FALSE,FALSE,观察拍摄,分布变化,birdwatching,1.79829998016357,1443,1518,0.203671072863646,0.0414938965274204,0.0642392426901583,530802,Yunnan,530800,Yunnan,TRUE,TRUE
69,Syrmaticus humiae,Yunnan,2017,discovery_date,2017,2022,5,104.37,23.1,FALSE,FALSE,麻栗坡老君山,provincial,森林生态,1981,23.6808526749353,-64929.5968415414,2404354.54758204,Yunnan,69,FALSE,FALSE,FALSE,FALSE,"","",unknown,1.71666660308838,1669,1312,0.203671072863646,0.0414938965274204,0.0642392426901583,532625,Yunnan,532600,Yunnan,TRUE,TRUE
70,Cephalopyrus flammiceps,Guangxi,2012,discovery_date,2012,2013,1,106.72,22.8,FALSE,FALSE,广西下雷,provincial,森林生态,1982,5.70790709627619,177832.241201809,2372681.53204248,"",70,FALSE,FALSE,FALSE,FALSE,"","",unknown,2.10294990539551,1511,508,0.233121858022171,0.0366689971097029,0.0800731827586212,,,,,FALSE,FALSE
73,Copsychus saularis,Guangxi,2005,discovery_date,2005,2006,1,108.3,22.85,FALSE,FALSE,广西崇左白头叶猴,national,野生动物,1980,48.2231934275549,340961.264720558,2382307.02581215,Guangxi,73,FALSE,FALSE,FALSE,FALSE,"","",unknown,2.17256660461426,1415,107,0.233121858022171,0.0366689971097029,0.0800731827586212,450107,Guangxi,450100,Guangxi,TRUE,TRUE
92,Onychoprion anaethetus,Yunnan,2024,discovery_date,2024,2024,0,103.16,23.35,FALSE,FALSE,云南元阳观音山,provincial,森林生态,1994,44.5297489377242,-189115.823234913,2433433.67468177,Yunnan,92,FALSE,FALSE,FALSE,FALSE,"","",unknown,1.6400333404541,1181,1564,0.203671072863646,0.0414938965274204,0.0642392426901583,532501,Yunnan,532500,Yunnan,TRUE,TRUE
93,Leptoptilos javanicus,Yunnan,2013,discovery_date,2013,2014,1,103.38,23.42,FALSE,FALSE,云南大围山,national,森林生态,1986,41.7675577185875,-166380.435331379,2440752.01135557,Yunnan,93,FALSE,FALSE,FALSE,FALSE,"","",unknown,1.56086664199829,1319,1719,0.203671072863646,0.0414938965274204,0.0642392426901583,532503,Yunnan,532500,Yunnan,TRUE,TRUE
98,Parus monticolus,Guangxi,2004,discovery_date,2004,2006,2,106.09,23.36,FALSE,FALSE,黄连山-兴旺,provincial,森林生态,1982,16.157518451607,112022.635759222,2433397.90461306,Guangxi,98,FALSE,FALSE,FALSE,FALSE,"","",unknown,1.86078338623047,1411,1067,0.233121858022171,0.0366689971097029,0.0800731827586212,451026,Guangxi,451000,Guangxi,TRUE,TRUE
99,Phylloscopus intermedius,Guangxi,2006,discovery_date,2006,2008,2,106.42,23.13,FALSE,FALSE,邦亮长臂猿,provincial,野生动物,2009,17.5783101431948,146298.006510878,2408497.45139677,Guangxi,99,FALSE,FALSE,FALSE,FALSE,"","",unknown,1.9267333984375,1462,941,0.233121858022171,0.0366689971097029,0.0800731827586212,451081,Guangxi,451000,Guangxi,TRUE,TRUE
99,Picumnus innominatus,Guangxi,2005,discovery_date,2005,2006,1,106.42,23.13,FALSE,FALSE,邦亮长臂猿,provincial,野生动物,2009,17.5783101431948,146298.006510878,2408497.45139677,Guangxi,99,FALSE,FALSE,FALSE,FALSE,"","",unknown,1.9267333984375,1462,941,0.233121858022171,0.0366689971097029,0.0800731827586212,451081,Guangxi,451000,Guangxi,TRUE,TRUE
112,Treron curvirostra,Guangdong,2022,discovery_date,2022,2023,1,112.55,23.17,FALSE,FALSE,广东四会绥江鼋,local,野生动物,1990,23.3652531538391,776794.456784423,2441405.96028544,Guangdong,112,FALSE,FALSE,FALSE,FALSE,"","",unknown,2.20904998779297,1756,3,0.162594727376706,0.0242739372407283,0.0586741474778168,441203,Guangdong,441200,Guangdong,TRUE,TRUE
112,Treron sphenurus,Guangdong,2022,discovery_date,2022,2023,1,112.55,23.17,FALSE,FALSE,广东四会绥江鼋,local,野生动物,1990,23.3652531538391,776794.456784423,2441405.96028544,Guangdong,112,FALSE,FALSE,FALSE,FALSE,"","",unknown,2.20904998779297,1756,3,0.162594727376706,0.0242739372407283,0.0586741474778168,441203,Guangdong,441200,Guangdong,TRUE,TRUE
115,Lophura nycthemera,Guangdong,2022,discovery_date,2022,2024,2,114.23,22.9,FALSE,FALSE,广东东莞莲花山,local,森林生态,2000,4.61782904017934,951949.94744028,2426422.37145028,Guangdong,115,FALSE,FALSE,FALSE,TRUE,"","",unknown,2.12783336639404,1920,214,0.162594727376706,0.0242739372407283,0.0586741474778168,441900,Guangdong,441900,Guangdong,TRUE,TRUE
127,Mergus serrator,Yunnan,2016,discovery_date,2016,2017,1,103.3,23.59,FALSE,FALSE,云南文山,national,森林生态,1980,59.5412402079609,-174275.093575293,2459626.81300096,Yunnan,127,FALSE,FALSE,FALSE,FALSE,"","",unknown,1.63786659240723,1056,1595,0.203671072863646,0.0414938965274204,0.0642392426901583,532502,Yunnan,532500,Yunnan,TRUE,TRUE
144,Sasia ochracea,Guangdong,2013,discovery_date,2013,2014,1,111.88,23.45,FALSE,FALSE,广东广宁鼋,local,野生动物,1990,66.5984452466122,705840.309068241,2467167.45544118,Guangdong,144,FALSE,FALSE,FALSE,FALSE,"","",unknown,2.14303340911865,1632,89,0.162594727376706,0.0242739372407283,0.0586741474778168,441225,Guangdong,441200,Guangdong,TRUE,TRUE
154,Zoothera monticola,Yunnan,2007,discovery_date,2007,2007,0,97.83,24.02,FALSE,FALSE,德党后山水源林,local,森林生态,1984,130.913902310892,-731004.146484586,2531992.05739897,Yunnan,154,FALSE,FALSE,FALSE,FALSE,"","",unknown,1.95443325042725,1565,1050,0.203671072863646,0.0414938965274204,0.0642392426901583,533102,Yunnan,533100,Yunnan,TRUE,TRUE
161,Charadrius veredus,Yunnan,2016,discovery_date,2016,2024,8,101.82,24.03,FALSE,FALSE,云南元江,provincial,森林生态,1989,29.9200100044655,-324402.197207125,2511884.30209577,Yunnan,161,FALSE,FALSE,FALSE,FALSE,观察和拍摄,"",birdwatching,1.72318325042725,950,1618,0.203671072863646,0.0414938965274204,0.0642392426901583,530427,Yunnan,530400,Yunnan,TRUE,TRUE
194,Hydrophasianus chirurgus,Yunnan,2024,discovery_date,2024,2025,1,98.53,24.4,FALSE,FALSE,德党后山水源林,local,森林生态,1984,69.5105671872963,-657009.092632326,2568988.21093215,Yunnan,194,FALSE,FALSE,FALSE,FALSE,标本采集（死亡）,"",professional_survey,1.75319995880127,1494,1440,0.203671072863646,0.0414938965274204,0.0642392426901583,533103,Yunnan,533100,Yunnan,TRUE,TRUE
202,Chlidonias leucopterus,Yunnan,2006,discovery_date,2006,2008,2,102.69,24.81,TRUE,FALSE,滇池,provincial,湿地生态,1981,0,-233663.184382257,2595651.50706731,Yunnan,202,TRUE,TRUE,TRUE,TRUE,"","",unknown,1.43251667022705,925,2086,0.203671072863646,0.0414938965274204,0.0642392426901583,530112,Yunnan,530100,Yunnan,TRUE,TRUE
203,Lanius sphenocercus,Yunnan,2017,discovery_date,2017,2019,2,103.22,24.6,FALSE,FALSE,帽天山,provincial,古生物遗迹,1997,26.9301247433833,-180475.413048573,2571310.06342442,Yunnan,203,FALSE,FALSE,FALSE,FALSE,"","",unknown,1.52930002212524,920,1873,0.203671072863646,0.0414938965274204,0.0642392426901583,530126,Yunnan,530100,Yunnan,TRUE,TRUE
210,Niltava grandis,Guangxi,2002,discovery_date,2002,2003,1,106.35,24.52,FALSE,FALSE,广西岑王老山,national,森林生态,1982,3.51612703256764,137000.866601235,2561774.02256258,Guangxi,210,FALSE,FALSE,FALSE,TRUE,"","",unknown,1.66383323669434,1270,1121,0.233121858022171,0.0366689971097029,0.0800731827586212,451029,Guangxi,451000,Guangxi,TRUE,TRUE
210,Syrmaticus reevesii,Guangxi,2020,discovery_date,2020,2021,1,106.28,24.8,TRUE,TRUE,广西雅长兰科植物,national,野生植物,2005,0,129498.072354699,2592660.76862547,Guangxi,210,TRUE,TRUE,TRUE,TRUE,"","",unknown,1.66383323669434,1270,1121,0.233121858022171,0.0366689971097029,0.0800731827586212,451028,Guangxi,451000,Guangxi,TRUE,TRUE
226,Chalcophaps indica,Jiangxi,2004,discovery_date,2004,2011,7,114.38,24.49,FALSE,FALSE,江西九连山,national,森林生态,1981,2.17920452401146,950829.083801873,2602474.95346034,Guangdong,226,FALSE,FALSE,TRUE,TRUE,"","",unknown,1.90653343200684,1812,479,0.162594727376706,0.0242739372407283,0.0586741474778168,441623,Guangdong,441600,Guangdong,FALSE,FALSE
226,Dicaeum cruentatum,Jiangxi,2008,discovery_date,2008,2011,3,114.38,24.49,FALSE,FALSE,江西九连山,national,森林生态,1981,2.17920452401146,950829.083801873,2602474.95346034,Guangdong,226,FALSE,FALSE,TRUE,TRUE,"","",unknown,1.90653343200684,1812,479,0.162594727376706,0.0242739372407283,0.0586741474778168,441623,Guangdong,441600,Guangdong,FALSE,FALSE
226,Dicaeum minullum,Jiangxi,2003,discovery_date,2003,2011,8,114.38,24.49,FALSE,FALSE,江西九连山,national,森林生态,1981,2.17920452401146,950829.083801873,2602474.95346034,Guangdong,226,FALSE,FALSE,TRUE,TRUE,"","",unknown,1.90653343200684,1812,479,0.162594727376706,0.0242739372407283,0.0586741474778168,441623,Guangdong,441600,Guangdong,FALSE,FALSE
226,Otus spilocephalus,Jiangxi,2004,discovery_date,2004,2011,7,114.38,24.49,FALSE,FALSE,江西九连山,national,森林生态,1981,2.17920452401146,950829.083801873,2602474.95346034,Guangdong,226,FALSE,FALSE,TRUE,TRUE,"","",unknown,1.90653343200684,1812,479,0.162594727376706,0.0242739372407283,0.0586741474778168,441623,Guangdong,441600,Guangdong,FALSE,FALSE
226,Timalia pileata,Jiangxi,2003,discovery_date,2003,2011,8,114.38,24.49,FALSE,FALSE,江西九连山,national,森林生态,1981,2.17920452401146,950829.083801873,2602474.95346034,Guangdong,226,FALSE,FALSE,TRUE,TRUE,"","",unknown,1.90653343200684,1812,479,0.162594727376706,0.0242739372407283,0.0586741474778168,441623,Guangdong,441600,Guangdong,FALSE,FALSE
226,Treron sieboldii,Jiangxi,2004,discovery_date,2004,2011,7,114.38,24.49,FALSE,FALSE,江西九连山,national,森林生态,1981,2.17920452401146,950829.083801873,2602474.95346034,Guangdong,226,FALSE,FALSE,TRUE,TRUE,"","",unknown,1.90653343200684,1812,479,0.162594727376706,0.0242739372407283,0.0586741474778168,441623,Guangdong,441600,Guangdong,FALSE,FALSE
239,Crex crex,Yunnan,2011,discovery_date,2011,2012,1,100.33,24.9,FALSE,FALSE,青华绿孔雀,provincial,野生动物,1988,25.0234358331065,-471783.874663403,2613996.1022545,Yunnan,239,FALSE,FALSE,FALSE,FALSE,"","",unknown,1.86616668701172,891,1482,0.203671072863646,0.0414938965274204,0.0642392426901583,532926,Yunnan,532900,Yunnan,TRUE,TRUE
248,Chloris ambigua,Guangxi,2004,discovery_date,2004,2006,2,105.2,24.97,FALSE,FALSE,广西金钟山,provincial,野生动物,1982,42.8595473825605,20196.6986132794,2610670.97041147,Guangxi,248,FALSE,FALSE,FALSE,FALSE,"","",unknown,1.68446674346924,1266,1275,0.144323990786465,0.0298168180438408,0.0560273132062786,451031,Guangxi,451000,Guangxi,TRUE,TRUE
248,Ficedula erithacus,Guizhou,2021,discovery_date,2021,2024,3,104.9,25.09,FALSE,FALSE,云南富源十八连山,provincial,野生植物,1985,19.5920102130498,-10084.9641366569,2623949.68343311,Guizhou,248,FALSE,FALSE,FALSE,FALSE,"","",unknown,1.68446674346924,1266,1275,0.144323990786465,0.0298168180438408,0.0560273132062786,522301,Guizhou,522300,Guizhou,TRUE,TRUE
254,Artamus fuscus,Guizhou,2014,discovery_date,2014,2015,1,108.02,25.23,TRUE,TRUE,贵州茂兰,national,森林生态,1986,0,304047.100816263,2644085.17276314,Guizhou,254,TRUE,TRUE,TRUE,TRUE,"","",unknown,1.74080009460449,1388,649,0.233121858022171,0.0366689971097029,0.0800731827586212,522722,Guizhou,522700,Guizhou,TRUE,TRUE
261,Hemitesia pallidipes,Hunan,2023,discovery_date,2023,2024,1,111.48,24.84,FALSE,FALSE,永州都庞岭,national,森林生态,1982,57.4882968765522,654847.927340286,2617632.78404029,Hunan,261,FALSE,FALSE,FALSE,FALSE,"","",unknown,1.87583332061768,1582,342,0.103357874200594,0.0189702283469961,0.0347710350255269,431129,Hunan,431100,Hunan,TRUE,TRUE
268,Artamus fuscus,Jiangxi,2020,discovery_date,2020,2021,1,114.78,24.94,FALSE,FALSE,江西九连山,national,森林生态,1981,43.3629123508434,986349.492880631,2655949.17386891,Jiangxi,268,FALSE,FALSE,FALSE,FALSE,"","",unknown,1.83193340301514,1763,579,0.316090936826047,0.0555181677950237,0.0727307499262645,360727,Jiangxi,360700,Jiangxi,TRUE,TRUE
275,Fringilla coelebs,Yunnan,2016,discovery_date,2016,2017,1,98.74,25.27,TRUE,TRUE,云南高黎贡山,national,森林生态,1983,0,-629643.522676757,2663751.9646757,Yunnan,275,TRUE,TRUE,TRUE,TRUE,观察拍摄,"",birdwatching,1.49828338623047,1423,1953,0.203671072863646,0.0414938965274204,0.0642392426901583,530502,Yunnan,530500,Yunnan,TRUE,TRUE
279,Coturnicops exquisitus,Yunnan,2003,discovery_date,2003,2004,1,100.35,25.3,FALSE,FALSE,巍宝山,local,森林生态,1988,7.29168900831351,-467689.686094754,2658175.4152692,Yunnan,279,FALSE,FALSE,FALSE,FALSE,"","",unknown,1.48689994812012,818,2197,0.203671072863646,0.0414938965274204,0.0642392426901583,532925,Yunnan,532900,Yunnan,TRUE,TRUE
301,Artamus fuscus,Hunan,2022,discovery_date,2022,2025,3,111.56,25.57,FALSE,FALSE,永州都庞岭,national,森林生态,1982,15.9947353596484,657578.194747165,2698901.92173995,Hunan,301,FALSE,FALSE,FALSE,FALSE,"","",unknown,1.87530002593994,1520,222,0.103357874200594,0.0189702283469961,0.0347710350255269,431124,Hunan,431100,Hunan,TRUE,TRUE
338,Sasia ochracea,Hunan,2017,discovery_date,2017,2018,1,109.83,26.07,FALSE,FALSE,湖南黄桑,national,森林生态,1982,27.1906188513483,481623.245856829,2744410.01798159,Hunan,338,FALSE,FALSE,FALSE,FALSE,"","",unknown,1.57251663208008,1576,745,0.233121858022171,0.0366689971097029,0.0800731827586212,431230,Hunan,431200,Hunan,TRUE,TRUE
339,Phylloscopus affinis,Guangxi,2009,discovery_date,2009,2010,1,110.42,25.86,TRUE,TRUE,广西猫儿山,national,森林生态,1976,0,541672.788526239,2724152.0486241,Guangxi,339,TRUE,TRUE,TRUE,TRUE,"","",unknown,1.27808332443237,1682,1388,0.233121858022171,0.0366689971097029,0.0800731827586212,450325,Guangxi,450300,Guangxi,TRUE,TRUE
341,Chalcophaps indica,Hunan,2017,discovery_date,2017,2018,1,111.59,25.95,FALSE,FALSE,湖南阳明山,national,森林生态,1984,30.2061213615372,657782.585266944,2741198.31899498,Hunan,341,FALSE,FALSE,FALSE,FALSE,"","",unknown,1.58293333053589,1555,720,0.103357874200594,0.0189702283469961,0.0347710350255269,431102,Hunan,431100,Hunan,TRUE,TRUE
345,Phylloscopus tephrocephalus,Hunan,2015,discovery_date,2015,2016,1,113.63,25.9,FALSE,FALSE,湖南八面山,national,森林生态,1982,0.590794880381946,861435.594200649,2751269.16839667,Hunan,345,FALSE,TRUE,TRUE,TRUE,"","",unknown,1.72388324737549,1483,448,0.103357874200594,0.0189702283469961,0.0347710350255269,431027,Hunan,431000,Hunan,TRUE,TRUE
346,Rallina eurizonoides,Jiangxi,2006,discovery_date,2006,2009,3,114.08,25.9,FALSE,FALSE,江西齐云山,provincial,森林生态,1997,0.309554203025399,906231.826444251,2755275.24302289,Jiangxi,346,FALSE,TRUE,TRUE,TRUE,环志捕获,分布变化,professional_survey,1.61243324279785,1619,753,0.316090936826047,0.0555181677950237,0.0727307499262645,360725,Jiangxi,360700,Jiangxi,TRUE,TRUE
359,Falco cherrug,Yunnan,2016,discovery_date,2016,2018,2,99.92,26.47,FALSE,FALSE,石宝山,local,森林生态,1988,14.3246923405754,-504256.008283392,2790071.86760051,Yunnan,359,FALSE,FALSE,FALSE,FALSE,"","",unknown,1.16473331451416,850,2708,0.203671072863646,0.0414938965274204,0.0642392426901583,532931,Yunnan,532900,Yunnan,TRUE,TRUE
362,Lanius collurioides,Sichuan,2014,discovery_date,2014,2017,3,101.53,26.65,FALSE,FALSE,四川攀枝花苏铁,national,野生植物,1983,1.86678850627195,-343822.832811267,2803207.70776289,Sichuan,362,FALSE,FALSE,TRUE,TRUE,"","",unknown,2.04623336791992,743,1227,0.203671072863646,0.0414938965274204,0.0642392426901583,510403,Sichuan,510400,Sichuan,TRUE,TRUE
363,Elanus caeruleus,Sichuan,2015,discovery_date,2015,2016,1,101.89,26.47,FALSE,FALSE,四川攀枝花苏铁,national,野生植物,1983,33.1947156719109,-308792.152536799,2782005.0549967,Sichuan,363,FALSE,FALSE,FALSE,FALSE,"","",unknown,1.54448337554932,852,2100,0.172594181637433,0.0614651285579834,0.0502349422385811,510422,Sichuan,510400,Sichuan,TRUE,TRUE
372,Acridotheres tristis,Guizhou,2017,discovery_date,2017,2018,1,106.52,26.68,FALSE,FALSE,贵州金沙冷水河,local,森林生态,1992,95.5307167371564,150581.931836075,2801690.65100531,Guizhou,372,FALSE,FALSE,FALSE,FALSE,"","",unknown,1.44686670303345,1132,1297,0.144323990786465,0.0298168180438408,0.0560273132062786,520115,Guizhou,520100,Guizhou,TRUE,TRUE
372,Charadrius atrifrons,Guizhou,2024,discovery_date,2024,2024,0,106.63,26.63,FALSE,FALSE,贵州金沙冷水河,local,森林生态,1992,103.943123831995,161569.732438097,2796298.82288508,Guizhou,372,FALSE,FALSE,FALSE,FALSE,"","",unknown,1.44686670303345,1132,1297,0.144323990786465,0.0298168180438408,0.0560273132062786,520115,Guizhou,520100,Guizhou,TRUE,TRUE
372,Dendrocygna javanica,Guizhou,2020,discovery_date,2020,2021,1,106.65,26.51,FALSE,FALSE,贵州金沙冷水河,local,森林生态,1992,117.248852445083,163773.928412071,2782979.44567201,Guizhou,372,FALSE,FALSE,FALSE,FALSE,"","",unknown,1.44686670303345,1132,1297,0.144323990786465,0.0298168180438408,0.0560273132062786,520111,Guizhou,520100,Guizhou,TRUE,TRUE
372,Emberiza rustica,Guizhou,2023,discovery_date,2023,2024,1,106.63,26.64,FALSE,FALSE,贵州金沙冷水河,local,森林生态,1992,102.890174427268,161551.459425165,2797411.70283198,Guizhou,372,FALSE,FALSE,FALSE,FALSE,"","",unknown,1.44686670303345,1132,1297,0.144323990786465,0.0298168180438408,0.0560273132062786,520115,Guizhou,520100,Guizhou,TRUE,TRUE
372,Ficedula mugimaki,Guizhou,2017,discovery_date,2017,2019,2,106.68,26.54,FALSE,FALSE,贵州金沙冷水河,local,森林生态,1992,115.032020931001,166694.87120043,2786366.98329662,Guizhou,372,FALSE,FALSE,FALSE,FALSE,"","",unknown,1.44686670303345,1132,1297,0.144323990786465,0.0298168180438408,0.0560273132062786,520102,Guizhou,520100,Guizhou,TRUE,TRUE
372,Mergus serrator,Guizhou,2023,discovery_date,2023,2024,1,106.48,26.44,FALSE,FALSE,乐宽苏铁,local,野生植物,2000,118.950672000782,147017.662403878,2774926.55633735,Guizhou,372,FALSE,FALSE,FALSE,FALSE,"","",unknown,1.44686670303345,1132,1297,0.144323990786465,0.0298168180438408,0.0560273132062786,520111,Guizhou,520100,Guizhou,TRUE,TRUE
372,Tarsiger chrysaeus,Guizhou,2019,discovery_date,2019,2020,1,106.57,26.29,FALSE,FALSE,乐宽苏铁,local,野生植物,2000,103.462474251606,156221.010720717,2758383.02184731,Guizhou,372,FALSE,FALSE,FALSE,FALSE,"","",unknown,1.44686670303345,1132,1297,0.144323990786465,0.0298168180438408,0.0560273132062786,520111,Guizhou,520100,Guizhou,TRUE,TRUE
373,Caprimulgus macrurus,Guizhou,2018,discovery_date,2018,2019,1,106.8,26.54,FALSE,FALSE,贵州金沙冷水河,local,森林生态,1992,119.530967669469,178600.386548022,2786575.66152114,Guizhou,373,FALSE,FALSE,FALSE,FALSE,"","",unknown,1.46169996261597,1140,1159,0.144323990786465,0.0298168180438408,0.0560273132062786,520102,Guizhou,520100,Guizhou,TRUE,TRUE
376,Prinia atrogularis,Guizhou,2016,discovery_date,2016,2016,0,108.34,26.35,TRUE,TRUE,贵州雷公山,national,森林生态,1982,0,332069.521866909,2769406.3795456,Guizhou,376,TRUE,TRUE,TRUE,TRUE,"","",unknown,1.5429666519165,1200,765,0.144323990786465,0.0298168180438408,0.0560273132062786,522632,Guizhou,522600,Guizhou,TRUE,TRUE
377,Acrocephalus bistrigiceps,Guizhou,2015,discovery_date,2015,2017,2,108.81,26.39,FALSE,FALSE,剑河鹅掌楸,local,野生植物,1986,34.9851564914808,378605.65480606,2775534.54696542,Guizhou,377,FALSE,FALSE,FALSE,FALSE,"","",unknown,1.55930004119873,1267,701,0.144323990786465,0.0298168180438408,0.0560273132062786,522631,Guizhou,522600,Guizhou,TRUE,TRUE
386,Prinia atrogularis,Hunan,2015,discovery_date,2015,2016,1,113.73,26.01,TRUE,TRUE,湖南八面山,national,森林生态,1982,0,870318.73301803,2764314.53622049,Hunan,386,TRUE,TRUE,TRUE,TRUE,"","",unknown,1.57194995880127,1595,710,0.103357874200594,0.0189702283469961,0.0347710350255269,431027,Hunan,431000,Hunan,TRUE,TRUE
387,Turdus boulboul,Jiangxi,2017,discovery_date,2017,2018,1,114.04,26.3,FALSE,FALSE,湖南炎陵桃源洞,national,森林生态,1982,1.01423829112128,898208.473348163,2799181.20315679,Jiangxi,387,FALSE,TRUE,TRUE,TRUE,"","",unknown,1.23218336105347,1860,1453,0.103357874200594,0.0189702283469961,0.0347710350255269,360827,Jiangxi,360800,Jiangxi,TRUE,TRUE
388,Lanius schach,Jiangxi,2008,discovery_date,2008,2009,1,114.4,26.25,FALSE,FALSE,江西白水仙,local,森林生态,2002,28.8933963079976,934398.545120783,2796968.17135544,Jiangxi,388,FALSE,FALSE,FALSE,FALSE,观察和拍摄,分布变化,birdwatching,1.72498340606689,1542,447,0.316090936826047,0.0555181677950237,0.0727307499262645,360827,Jiangxi,360800,Jiangxi,TRUE,TRUE
410,Emberiza pallasi,Guizhou,2014,discovery_date,2014,2014,0,104.25,26.85,TRUE,TRUE,贵州草海,national,湿地生态,1985,0,-74159.5024892757,2819746.25044297,Guizhou,410,TRUE,TRUE,TRUE,TRUE,"","",unknown,0.951833343505859,977,2430,0.144323990786465,0.0298168180438408,0.0560273132062786,520526,Guizhou,520500,Guizhou,TRUE,TRUE
410,Pelecanus crispus,Guizhou,2023,discovery_date,2023,2024,1,104.26,26.82,TRUE,TRUE,贵州草海,national,湿地生态,1985,0,-73195.6291729174,2816398.014706,Guizhou,410,TRUE,TRUE,TRUE,TRUE,"","",unknown,0.951833343505859,977,2430,0.144323990786465,0.0298168180438408,0.0560273132062786,520526,Guizhou,520500,Guizhou,TRUE,TRUE
414,Remiz consobrinus,Guizhou,2023,discovery_date,2023,2024,1,106.66,26.73,FALSE,FALSE,贵州金沙冷水河,local,森林生态,1992,94.5803778736955,164357.018002477,2807478.20909883,Guizhou,414,FALSE,FALSE,FALSE,FALSE,"","",unknown,1.43613328933716,1094,1253,0.144323990786465,0.0298168180438408,0.0560273132062786,520113,Guizhou,520100,Guizhou,TRUE,TRUE
429,Ficedula elisae,Jiangxi,2010,discovery_date,2010,2012,2,114.16,26.57,TRUE,TRUE,江西井冈山,national,森林生态,1981,0,907330.741203709,2830181.46848987,Jiangxi,429,TRUE,TRUE,TRUE,TRUE,观察拍摄,缺乏调查,birdwatching,1.45830001831055,1680,840,0.316090936826047,0.0555181677950237,0.0727307499262645,360881,Jiangxi,360800,Jiangxi,TRUE,TRUE
429,Phylloscopus yunnanensis,Jiangxi,2011,discovery_date,2011,2012,1,114.16,26.57,TRUE,TRUE,江西井冈山,national,森林生态,1981,0,907330.741203709,2830181.46848987,Jiangxi,429,TRUE,TRUE,TRUE,TRUE,网捕,缺乏调查,professional_survey,1.45830001831055,1680,840,0.316090936826047,0.0555181677950237,0.0727307499262645,360881,Jiangxi,360800,Jiangxi,TRUE,TRUE
432,Acridotheres tristis,Jiangxi,2019,discovery_date,2019,2022,3,115.35,26.3,FALSE,FALSE,江西白云山-螺滩,local,森林生态,2007,52.9912541734883,1027927.33734946,2811888.98418541,Jiangxi,432,FALSE,FALSE,FALSE,FALSE,"","",unknown,1.76336669921875,1628,365,0.316090936826047,0.0555181677950237,0.0727307499262645,360732,Jiangxi,360700,Jiangxi,TRUE,TRUE
440,Aythya nyroca,Fujian,2004,discovery_date,2004,2006,2,119.52,25.96,FALSE,FALSE,长乐海蚌,provincial,野生动物,1985,9.43553911615711,1445055.55070731,2826330.12654826,Fujian,440,FALSE,FALSE,FALSE,FALSE,观察,分布变化,birdwatching,1.89680004119873,1378,213,0.21065370838633,0.0363119075403054,0.0768936195034331,350112,Fujian,350100,Fujian,TRUE,TRUE
450,Charadrius atrifrons,Yunnan,2024,discovery_date,2024,2025,1,103.32,27.44,TRUE,TRUE,云南大山包,national,湿地生态,1990,0,-164998.240982222,2886620.87604795,Yunnan,450,TRUE,TRUE,TRUE,TRUE,"","",unknown,1.10511665344238,900,2267,0.203671072863646,0.0414938965274204,0.0642392426901583,530602,Yunnan,530600,Yunnan,TRUE,TRUE
454,Curruca curruca,Guizhou,2024,discovery_date,2024,2024,0,105.29,27.29,FALSE,FALSE,长江上游珍稀、特有鱼类,national,野生动物,1997,21.5188588187799,28532.0205001637,2868538.53245368,Guizhou,454,FALSE,FALSE,FALSE,FALSE,"","",unknown,1.27046670913696,1043,1594,0.144323990786465,0.0298168180438408,0.0560273132062786,520502,Guizhou,520500,Guizhou,TRUE,TRUE
477,Alcedo hercules,Fujian,2006,discovery_date,2006,2006,0,117.3,26.51,TRUE,TRUE,福建龙栖山,national,森林生态,1984,0,1217795.48198065,2857152.17774779,Fujian,477,TRUE,TRUE,TRUE,TRUE,观察,分布变化,birdwatching,1.73334999084473,1749,525,0.21065370838633,0.0363119075403054,0.0768936195034331,350428,Fujian,350400,Fujian,TRUE,TRUE
479,Psilopogon faber,Fujian,2014,discovery_date,2014,2014,0,118.16,26.68,FALSE,FALSE,福建建瓯万木林,provincial,森林生态,1957,40.5653023808627,1299958.82625617,2886821.31496321,Fujian,479,FALSE,FALSE,FALSE,FALSE,"","",unknown,1.93929996490479,1669,257,0.21065370838633,0.0363119075403054,0.0768936195034331,350702,Fujian,350700,Fujian,TRUE,TRUE
489,Gavia arctica,Yunnan,2021,discovery_date,2021,2023,2,99.76,27.59,FALSE,FALSE,云南白马雪山,national,森林生态,1984,34.4418309107948,-513540.191473615,2915514.59715664,Yunnan,489,FALSE,FALSE,FALSE,FALSE,观察和拍摄,"",birdwatching,0.310899996757507,730,3902,0.203671072863646,0.0414938965274204,0.0642392426901583,533401,Yunnan,533400,Yunnan,TRUE,TRUE
489,Haliaeetus leucoryphus,Yunnan,2009,discovery_date,2009,2010,1,99.95,27.91,FALSE,FALSE,云南白马雪山,national,森林生态,1984,58.9690935651802,-493119.616303718,2950224.61650078,Yunnan,489,FALSE,FALSE,FALSE,FALSE,"","",unknown,0.310899996757507,730,3902,0.203671072863646,0.0414938965274204,0.0642392426901583,533401,Yunnan,533400,Yunnan,TRUE,TRUE
489,Recurvirostra avosetta,Yunnan,2007,discovery_date,2007,2010,3,99.64,27.9,FALSE,FALSE,云南白马雪山,national,森林生态,1984,28.8806913365886,-523422.021517379,2950696.48776354,Yunnan,489,FALSE,FALSE,FALSE,FALSE,"","",unknown,0.310899996757507,730,3902,0.203671072863646,0.0414938965274204,0.0642392426901583,533401,Yunnan,533400,Yunnan,TRUE,TRUE
541,Perdix hodgsoniae,Yunnan,2011,discovery_date,2011,2013,2,99.95,28.04,FALSE,FALSE,四川恰郎多吉,local,野生动物,2006,53.355776982345,-492381.370588471,2964725.67014501,Yunnan,541,FALSE,FALSE,FALSE,FALSE,"","",unknown,0.187950003147125,691,4091,0.203671072863646,0.0414938965274204,0.0642392426901583,533401,Yunnan,533400,Yunnan,TRUE,TRUE
547,Anastomus oscitans,Sichuan,2012,discovery_date,2012,2018,6,103.09,28.41,FALSE,FALSE,四川美姑大风顶,national,野生动物,1978,13.2665044117042,-185500.77640841,2995335.33034029,Sichuan,547,FALSE,FALSE,FALSE,FALSE,"","",unknown,1.12653331756592,931,2195,0.172594181637433,0.0614651285579834,0.0502349422385811,513436,Sichuan,513400,Sichuan,TRUE,TRUE
552,Melanitta stejnegeri,Guizhou,2023,discovery_date,2023,2025,2,105.7,28.52,TRUE,TRUE,长江上游珍稀、特有鱼类,national,野生动物,1997,0,67901.4821854732,3006090.71365323,Guizhou,552,TRUE,TRUE,TRUE,TRUE,"","",unknown,1.75051670074463,1082,423,0.172594181637433,0.0614651285579834,0.0502349422385811,520381,Guizhou,520300,Guizhou,TRUE,TRUE
553,Enicurus maculatus,Guizhou,2020,discovery_date,2020,2024,4,105.93,28.33,FALSE,FALSE,长江上游珍稀、特有鱼类,national,野生动物,1997,2.4722807148495,90410.3969000484,2985030.59431943,Guizhou,553,FALSE,FALSE,TRUE,TRUE,"","",unknown,1.59204998016357,1060,800,0.144323990786465,0.0298168180438408,0.0560273132062786,520381,Guizhou,520300,Guizhou,TRUE,TRUE
553,Nisaetus nipalensis,Guizhou,2017,discovery_date,2017,2018,1,105.83,28.12,FALSE,FALSE,习水中亚热带常绿阔叶林,national,森林生态,1994,3.41616706168054,80885.2932587064,2961475.93980568,Sichuan,553,FALSE,FALSE,FALSE,TRUE,"","",unknown,1.59204998016357,1060,800,0.144323990786465,0.0298168180438408,0.0560273132062786,510525,Sichuan,510500,Sichuan,FALSE,FALSE
553,Pteruthius xanthochlorus,Guizhou,2017,discovery_date,2017,2018,1,106.19,28.34,FALSE,FALSE,习水中亚热带常绿阔叶林,national,森林生态,1994,7.22912697295622,115671.944787886,2986418.25876738,Guizhou,553,FALSE,FALSE,FALSE,FALSE,"","",unknown,1.59204998016357,1060,800,0.144323990786465,0.0298168180438408,0.0560273132062786,520330,Guizhou,520300,Guizhou,TRUE,TRUE
555,Locustella mandelli,Guizhou,2009,discovery_date,2009,2010,1,107.13,28.18,FALSE,FALSE,贵州绥阳宽阔水,national,森林生态,1989,0.368916908694922,207415.77079757,2970067.21084391,Guizhou,555,FALSE,TRUE,TRUE,TRUE,"","",unknown,1.49596662521362,1092,912,0.144323990786465,0.0298168180438408,0.0560273132062786,520323,Guizhou,520300,Guizhou,TRUE,TRUE
555,Phylloscopus tephrocephalus,Guizhou,2011,discovery_date,2011,2012,1,107.17,28.22,TRUE,TRUE,贵州绥阳宽阔水,national,森林生态,1989,0,211212.592353976,2974620.57303968,Guizhou,555,TRUE,TRUE,TRUE,TRUE,"","",unknown,1.49596662521362,1092,912,0.144323990786465,0.0298168180438408,0.0560273132062786,520323,Guizhou,520300,Guizhou,TRUE,TRUE
555,Prunella strophiata,Guizhou,2009,discovery_date,2009,2010,1,107.13,28.18,FALSE,FALSE,贵州绥阳宽阔水,national,森林生态,1989,0.368916908694922,207415.77079757,2970067.21084391,Guizhou,555,FALSE,TRUE,TRUE,TRUE,"","",unknown,1.49596662521362,1092,912,0.144323990786465,0.0298168180438408,0.0560273132062786,520323,Guizhou,520300,Guizhou,TRUE,TRUE
555,Turdus feae,Guizhou,2015,discovery_date,2015,2016,1,107.15,28.2,TRUE,TRUE,贵州绥阳宽阔水,national,森林生态,1989,0,209314.637124196,2972343.65202652,Guizhou,555,TRUE,TRUE,TRUE,TRUE,"","",unknown,1.49596662521362,1092,912,0.144323990786465,0.0298168180438408,0.0560273132062786,520323,Guizhou,520300,Guizhou,TRUE,TRUE
566,Muscicapa ferruginea,Hunan,2020,discovery_date,2020,2024,4,112.93,28.18,FALSE,FALSE,湖南东洞庭湖,national,湿地生态,1984,53.3350298386947,771448.221189775,2998668.07196992,Hunan,566,FALSE,FALSE,FALSE,FALSE,观察和拍摄,"",birdwatching,1.73083324432373,1397,124,0.103357874200594,0.0189702283469961,0.0347710350255269,430104,Hunan,430100,Hunan,TRUE,TRUE
566,Phylloscopus pulcher,Hunan,2021,discovery_date,2021,2022,1,112.92,28.17,FALSE,FALSE,湖南东洞庭湖,national,湿地生态,1984,54.3449249700731,770566.513468589,2997476.51843407,Hunan,566,FALSE,FALSE,FALSE,FALSE,"","",unknown,1.73083324432373,1397,124,0.103357874200594,0.0189702283469961,0.0347710350255269,430104,Hunan,430100,Hunan,TRUE,TRUE
567,Anastomus oscitans,Hunan,2024,publication_minus_median_lag,,2025,1,113.24,28.23,FALSE,FALSE,湖南东洞庭湖,national,湿地生态,1984,59.2046514483977,801074.519414183,3006692.29707894,Hunan,567,FALSE,FALSE,FALSE,FALSE,"","",unknown,1.73678340911865,1421,81,0.103357874200594,0.0189702283469961,0.0347710350255269,430121,Hunan,430100,Hunan,TRUE,TRUE
567,Calandrella brachydactyla,Hunan,2023,discovery_date,2023,2024,1,113.25,28.23,FALSE,FALSE,湖南东洞庭湖,national,湿地生态,1984,59.7895224971184,802044.459854651,3006773.03377562,Hunan,567,FALSE,FALSE,FALSE,FALSE,"","",unknown,1.73678340911865,1421,81,0.103357874200594,0.0189702283469961,0.0347710350255269,430121,Hunan,430100,Hunan,TRUE,TRUE
567,Ficedula elisae,Hunan,2019,discovery_date,2019,2021,2,113,28.21,FALSE,FALSE,湖南东洞庭湖,national,湿地生态,1984,51.1642850604904,777973.445675048,3002556.03387291,Hunan,567,FALSE,FALSE,FALSE,FALSE,"","",unknown,1.73678340911865,1421,81,0.103357874200594,0.0189702283469961,0.0347710350255269,430105,Hunan,430100,Hunan,TRUE,TRUE
567,Gelochelidon nilotica,Hunan,2020,discovery_date,2020,2020,0,113.24,28.18,FALSE,FALSE,湖南东洞庭湖,national,湿地生态,1984,63.7795896587046,801537.746576851,3001123.8669955,Hunan,567,FALSE,FALSE,FALSE,FALSE,"","",unknown,1.73678340911865,1421,81,0.103357874200594,0.0189702283469961,0.0347710350255269,430121,Hunan,430100,Hunan,TRUE,TRUE
567,Larvivora cyane,Hunan,2006,discovery_date,2006,2007,1,113.21,28.2,FALSE,FALSE,湖南东洞庭湖,national,湿地生态,1984,60.3137403407592,798441.582711514,3003109.45121287,Hunan,567,FALSE,FALSE,FALSE,FALSE,"","",unknown,1.73678340911865,1421,81,0.103357874200594,0.0189702283469961,0.0347710350255269,430121,Hunan,430100,Hunan,TRUE,TRUE
567,Regulus regulus,Hunan,2012,discovery_date,2012,2023,11,112.99,28.21,FALSE,FALSE,湖南东洞庭湖,national,湿地生态,1984,50.9442325939507,777003.080601386,3002477.72173903,Hunan,567,FALSE,FALSE,FALSE,FALSE,"","",unknown,1.73678340911865,1421,81,0.103357874200594,0.0189702283469961,0.0347710350255269,430105,Hunan,430100,Hunan,TRUE,TRUE
584,Turdus boulboul,Tibet,2019,discovery_date,2019,2020,1,91.96,27.99,FALSE,FALSE,西藏雅鲁藏布江中游河谷黑颈鹤,national,野生动物,1993,118.831099007201,-1269042.29244578,3030076.22293268,Tibet,584,FALSE,FALSE,FALSE,FALSE,红外相机拍摄,分布变化,professional_survey,-0.260500001907349,381,5138,-0.0559222994950152,0.042174245586323,0.0244374209082694,540530,Tibet,540500,Tibet,TRUE,TRUE
584,Zoothera monticola,Tibet,2019,discovery_date,2019,2020,1,91.96,27.99,FALSE,FALSE,西藏雅鲁藏布江中游河谷黑颈鹤,national,野生动物,1993,118.831099007201,-1269042.29244578,3030076.22293268,Tibet,584,FALSE,FALSE,FALSE,FALSE,红外相机拍摄,分布变化,professional_survey,-0.260500001907349,381,5138,-0.0559222994950152,0.042174245586323,0.0244374209082694,540530,Tibet,540500,Tibet,TRUE,TRUE
596,Emberiza elegans,Tibet,2023,discovery_date,2023,2024,1,98.29,28.56,FALSE,FALSE,西藏芒康滇金丝猴,national,野生动物,1993,56.3829968328999,-650092.054382375,3032301.9775258,Tibet,596,FALSE,FALSE,FALSE,FALSE,观察拍摄,分布变化,birdwatching,0.534466648101807,832,3221,-0.0559222994950152,0.042174245586323,0.0244374209082694,540425,Tibet,540400,Tibet,TRUE,TRUE
596,Moupinia poecilotis,Tibet,2019,discovery_date,2019,2022,3,98.43,28.37,FALSE,FALSE,云南白马雪山,national,森林生态,1984,51.1435882371394,-637953.26481018,3010195.11923246,Tibet,596,FALSE,FALSE,FALSE,FALSE,观察拍摄,"",birdwatching,0.534466648101807,832,3221,-0.0559222994950152,0.042174245586323,0.0244374209082694,540425,Tibet,540400,Tibet,TRUE,TRUE
597,Leptopoecile elegans,Yunnan,2010,discovery_date,2010,2011,1,98.82,28.4,FALSE,FALSE,云南白马雪山,national,森林生态,1984,14.5313052701584,-599925.71792929,3011110.89014508,Yunnan,597,FALSE,FALSE,FALSE,FALSE,"","",unknown,0.218700003623962,638,3989,0.203671072863646,0.0414938965274204,0.0642392426901583,533422,Yunnan,533400,Yunnan,TRUE,TRUE
614,Bubo nipalensis,Chongqing,2018,discovery_date,2018,2019,1,107.33,28.83,FALSE,FALSE,重庆金佛山,national,野生植物,1979,7.63929489808253,225182.196295408,3043175.4960621,Chongqing,614,FALSE,FALSE,FALSE,FALSE,观察和拍摄,"",birdwatching,1.35714998245239,1225,1084,0.144323990786465,0.0298168180438408,0.0560273132062786,500119,Chongqing,5e+05,Chongqing,TRUE,TRUE
620,Turdus boulboul,Hunan,2009,publication_minus_median_lag,2011,2010,1,110.65,28.8,FALSE,FALSE,湖南小溪,national,森林生态,1982,28.6869757200409,545989.033804985,3052715.77052416,Hunan,620,FALSE,FALSE,FALSE,FALSE,记录鸣声，观察，捡到尸体,分布变化,birdwatching,1.6816333770752,1387,171,0.103357874200594,0.0189702283469961,0.0347710350255269,431222,Hunan,431200,Hunan,TRUE,TRUE
621,Motacilla citreola,Hunan,2010,discovery_date,2010,2011,1,111.35,28.7,FALSE,FALSE,湖南乌云界国家级自然保护区,national,森林生态,1998,4.43190371469291,614261.716545101,3045636.89051025,Hunan,621,FALSE,FALSE,FALSE,TRUE,"","",unknown,1.61936664581299,1394,334,0.103357874200594,0.0189702283469961,0.0347710350255269,430725,Hunan,430700,Hunan,TRUE,TRUE
624,Emberiza yessoensis,Hunan,2014,discovery_date,2014,2016,2,112.9,28.32,FALSE,FALSE,湖南东洞庭湖,national,湿地生态,1984,37.470759129568,767292.161130137,3014033.03129396,Hunan,624,FALSE,FALSE,FALSE,FALSE,"","",unknown,1.75321674346924,1352,30,0.103357874200594,0.0189702283469961,0.0347710350255269,430112,Hunan,430100,Hunan,TRUE,TRUE
627,Mergus serrator,Hunan,2020,discovery_date,2020,2022,2,114.13,28.17,FALSE,FALSE,浏阳大围山,provincial,森林生态,1982,23.6459663176892,887981.980266619,3007583.56206828,Jiangxi,627,FALSE,FALSE,FALSE,FALSE,"","",unknown,1.47078332901001,1649,644,0.316090936826047,0.0555181677950237,0.0727307499262645,360922,Jiangxi,360900,Jiangxi,FALSE,FALSE
634,Geokichla citrina,Jiangxi,2017,discovery_date,2017,2018,1,117.66,27.84,FALSE,FALSE,江西武夷山,national,森林生态,1981,0.202154019654364,1234394.97876022,3008674.1236755,Jiangxi,634,FALSE,TRUE,TRUE,TRUE,"","",unknown,1.71494998931885,1817,404,0.316090936826047,0.0555181677950237,0.0727307499262645,350723,Fujian,350700,Fujian,FALSE,FALSE
634,Phylloscopus ricketti,Jiangxi,2009,discovery_date,2009,2010,1,117.73,27.85,TRUE,TRUE,江西武夷山,national,森林生态,1981,0,1241040.11056393,3010654.24045264,Jiangxi,634,TRUE,TRUE,TRUE,TRUE,"","",unknown,1.71494998931885,1817,404,0.316090936826047,0.0555181677950237,0.0727307499262645,361124,Jiangxi,361100,Jiangxi,TRUE,TRUE
634,Turdus boulboul,Fujian,2019,discovery_date,2019,2020,1,117.78,27.86,TRUE,TRUE,江西武夷山,national,森林生态,1981,0,1245744.34392162,3012387.8192256,Jiangxi,634,TRUE,TRUE,TRUE,TRUE,红外相机拍摄,分布变化,professional_survey,1.71494998931885,1817,404,0.316090936826047,0.0555181677950237,0.0727307499262645,361124,Jiangxi,361100,Jiangxi,FALSE,FALSE
636,Ardenna pacifica,Zhejiang,2018,discovery_date,2018,2019,1,119.12,28.05,FALSE,FALSE,浙江凤阳山-百山祖,national,森林生态,1975,23.5113120725986,1372514.77894947,3051083.8182425,Zhejiang,636,FALSE,FALSE,FALSE,FALSE,"","",unknown,1.58983335494995,1778,653,0.24517462933645,0.0470920804650966,0.0850920271159029,331181,Zhejiang,331100,Zhejiang,TRUE,TRUE
637,Macropygia unchall,Zhejiang,2014,discovery_date,2014,2016,2,119.19,27.91,FALSE,FALSE,浙江凤阳山-百山祖,national,森林生态,1975,7.4013214431655,1381500.10521042,3036576.4346499,Zhejiang,637,FALSE,FALSE,FALSE,FALSE,"","",unknown,1.56161670684814,1742,643,0.24517462933645,0.0470920804650966,0.0850920271159029,331181,Zhejiang,331100,Zhejiang,TRUE,TRUE
637,Melanochlora sultanea,Zhejiang,2017,discovery_date,2017,2018,1,119.15,27.9,FALSE,FALSE,浙江凤阳山-百山祖,national,森林生态,1975,6.54793332081365,1377790.87763937,3034915.21464987,Zhejiang,637,FALSE,FALSE,FALSE,FALSE,"","",unknown,1.56161670684814,1742,643,0.24517462933645,0.0470920804650966,0.0850920271159029,331181,Zhejiang,331100,Zhejiang,TRUE,TRUE
637,Niltava davidi,Zhejiang,2017,discovery_date,2017,2018,1,119.15,27.9,FALSE,FALSE,浙江凤阳山-百山祖,national,森林生态,1975,6.54793332081365,1377790.87763937,3034915.21464987,Zhejiang,637,FALSE,FALSE,FALSE,FALSE,"","",unknown,1.56161670684814,1742,643,0.24517462933645,0.0470920804650966,0.0850920271159029,331181,Zhejiang,331100,Zhejiang,TRUE,TRUE
638,Enicurus maculatus,Zhejiang,2018,discovery_date,2018,2018,0,119.67,27.71,TRUE,TRUE,浙江乌岩岭,national,森林生态,1974,0,1431184.05133512,3021282.06332291,Zhejiang,638,TRUE,TRUE,TRUE,TRUE,"","",unknown,1.56426668167114,1706,580,0.24517462933645,0.0470920804650966,0.0850920271159029,330329,Zhejiang,330300,Zhejiang,TRUE,TRUE
638,Tephrodornis virgatus,Zhejiang,2019,discovery_date,2019,2020,1,119.87,27.75,FALSE,FALSE,浙江乌岩岭,national,森林生态,1974,4.140089447132,1449884.38513306,3028599.62241884,Zhejiang,638,FALSE,FALSE,FALSE,TRUE,"","",unknown,1.56426668167114,1706,580,0.24517462933645,0.0470920804650966,0.0850920271159029,330328,Zhejiang,330300,Zhejiang,TRUE,TRUE
638,Treron sieboldii,Zhejiang,2020,discovery_date,2020,2021,1,119.67,27.71,TRUE,TRUE,浙江乌岩岭,national,森林生态,1974,0,1431184.05133512,3021282.06332291,Zhejiang,638,TRUE,TRUE,TRUE,TRUE,"","",unknown,1.56426668167114,1706,580,0.24517462933645,0.0470920804650966,0.0850920271159029,330329,Zhejiang,330300,Zhejiang,TRUE,TRUE
639,Chalcophaps indica,Zhejiang,2018,discovery_date,2018,2019,1,120.14,27.52,FALSE,FALSE,浙江乌岩岭,national,森林生态,1974,38.7904228617865,1479906.93346074,3007208.84956429,Zhejiang,639,FALSE,FALSE,FALSE,FALSE,"","",unknown,1.65273342132568,1586,333,0.24517462933645,0.0470920804650966,0.0850920271159029,330327,Zhejiang,330300,Zhejiang,TRUE,TRUE
639,Circus macrourus,Zhejiang,2021,discovery_date,2021,2023,2,120.63,27.86,FALSE,FALSE,浙江乌岩岭,national,森林生态,1974,78.2664966625357,1521463.8367706,3052108.96234611,Zhejiang,639,FALSE,FALSE,FALSE,FALSE,"","",unknown,1.65273342132568,1586,333,0.24517462933645,0.0470920804650966,0.0850920271159029,330381,Zhejiang,330300,Zhejiang,TRUE,TRUE
659,Halcyon pileata,Tibet,2017,discovery_date,2017,2018,1,97.49,28.82,FALSE,FALSE,西藏察隅慈巴沟,national,森林生态,1985,34.1236782024599,-725261.007711262,3066857.80115916,Tibet,659,FALSE,FALSE,FALSE,FALSE,观察和拍摄,"",birdwatching,0.0992666661739349,713,4207,-0.0559222994950152,0.042174245586323,0.0244374209082694,540425,Tibet,540400,Tibet,TRUE,TRUE
660,Parayuhina diademata,Tibet,2013,discovery_date,2013,2014,1,98.47,28.84,FALSE,FALSE,西藏芒康滇金丝猴,national,野生动物,1993,21.1150025258649,-630619.425868573,3062398.5472393,Tibet,660,FALSE,FALSE,FALSE,FALSE,观察拍摄,分布变化,birdwatching,-0.0485333323478699,648,4474,-0.0559222994950152,0.042174245586323,0.0244374209082694,540327,Tibet,540300,Tibet,TRUE,TRUE
669,Indicator xanthonotus,Sichuan,2021,discovery_date,2021,2022,1,103.02,29.17,FALSE,FALSE,四川金口河八月林,unknown,野生动物,2006,0.161682478427129,-190602.312591752,3080499.48484905,Sichuan,669,FALSE,TRUE,TRUE,TRUE,"","",unknown,1.2764666557312,1066,1641,0.172594181637433,0.0614651285579834,0.0502349422385811,511113,Sichuan,511100,Sichuan,TRUE,TRUE
673,Cyornis hainanus,Sichuan,2023,discovery_date,2023,2023,0,104.87,28.99,FALSE,FALSE,长江上游珍稀、特有鱼类,national,野生动物,1997,19.437694892051,-12541.5119911897,3058450.94884252,Sichuan,673,FALSE,FALSE,FALSE,FALSE,"","",unknown,1.80321674346924,1139,297,0.172594181637433,0.0614651285579834,0.0502349422385811,511503,Sichuan,511500,Sichuan,TRUE,TRUE
674,Remiz consobrinus,Sichuan,2020,discovery_date,2020,2021,1,105.38,29.15,FALSE,FALSE,长江上游珍稀、特有鱼类,national,野生动物,1997,22.9214534083155,36591.1509859986,3076428.86089874,Sichuan,674,FALSE,FALSE,FALSE,FALSE,"","",unknown,1.78950004577637,1106,310,0.172594181637433,0.0614651285579834,0.0502349422385811,510521,Sichuan,510500,Sichuan,TRUE,TRUE
678,Grandala coelicolor,Chongqing,2007,discovery_date,2007,2009,2,107.57,29.27,FALSE,FALSE,重庆金佛山,national,野生植物,1979,18.2306239583129,247096.796269673,3092998.39038145,Chongqing,678,FALSE,FALSE,FALSE,FALSE,观察和拍摄,分布变化,birdwatching,1.01418333053589,1347,1702,0.0101790158016724,0.0019952400259006,0.00710953190322487,500156,Chongqing,5e+05,Chongqing,TRUE,TRUE
679,Gypaetus barbatus,Chongqing,2007,discovery_date,2007,2010,3,107.86,28.98,FALSE,FALSE,贵州沿河麻阳河,national,野生动物,1987,32.9201382528957,275907.429409635,3061297.52860965,Guizhou,679,FALSE,FALSE,FALSE,FALSE,检查照片，村民拍摄,分布变化,birdwatching,1.58676662445068,1280,635,0.0101790158016724,0.0019952400259006,0.00710953190322487,500243,Chongqing,5e+05,Chongqing,TRUE,TRUE
680,Ficedula hyperythra,Chongqing,2007,discovery_date,2007,2009,2,108.89,29.32,FALSE,FALSE,黔江小南海湿地,local,湿地生态,2011,34.1212521701289,373736.976791139,3102724.31918056,Chongqing,680,FALSE,FALSE,FALSE,FALSE,观察和拍摄,分布变化,birdwatching,1.44141664505005,1376,911,0.0101790158016724,0.0019952400259006,0.00710953190322487,500114,Chongqing,5e+05,Chongqing,TRUE,TRUE
683,Phoenicurus ochruros,Hunan,2021,discovery_date,2021,2021,0,110.44,29.1,FALSE,FALSE,张家界大鲵国家级自然保护区,national,野生动物,1996,17.0115002248009,523877.070783117,3085115.66655976,Hunan,683,FALSE,FALSE,FALSE,FALSE,"","",unknown,1.61958332061768,1415,420,0.103357874200594,0.0189702283469961,0.0347710350255269,430802,Hunan,430800,Hunan,TRUE,TRUE
690,Myiomela leucura,Jiangxi,2016,discovery_date,2016,2018,2,113.99,29.01,FALSE,FALSE,湖南仙姑山,local,野生动物,1983,31.9447870852528,865906.805609899,3099913.22787031,Jiangxi,690,FALSE,FALSE,FALSE,FALSE,"","",unknown,1.58795003890991,1503,387,0.103357874200594,0.0189702283469961,0.0347710350255269,360424,Jiangxi,360400,Jiangxi,TRUE,TRUE
695,Emberiza siemsseni,Jiangxi,2011,discovery_date,2011,2013,2,116.25,28.75,FALSE,FALSE,江西鄱阳湖南矶湿地,national,湿地生态,1997,14.5758046229228,1086039.68833878,3093178.80595,Jiangxi,695,FALSE,FALSE,FALSE,FALSE,"","",unknown,1.77343330383301,1606,19,0.316090936826047,0.0555181677950237,0.0727307499262645,360121,Jiangxi,360100,Jiangxi,TRUE,TRUE
700,Psilopogon faber,Zhejiang,2016,discovery_date,2016,2018,2,119.13,28.35,FALSE,FALSE,浙江九龙山,national,森林生态,1983,20.6800359580422,1368724.8543906,3084408.69525221,Zhejiang,700,FALSE,FALSE,FALSE,FALSE,"","",unknown,1.40818328857422,1884,918,0.24517462933645,0.0470920804650966,0.0850920271159029,331123,Zhejiang,331100,Zhejiang,TRUE,TRUE
705,Cyanoderma pyrrhops,Tibet,2010,discovery_date,2010,2010,0,85.98,28,TRUE,TRUE,西藏珠穆朗玛峰,national,森林生态,1988,0,-1844796.74899507,3124985.86815531,Tibet,705,TRUE,TRUE,TRUE,TRUE,观察拍摄,分布变化,birdwatching,-0.114816665649414,471,4834,-0.0559222994950152,0.042174245586323,0.0244374209082694,540235,Tibet,540200,Tibet,TRUE,TRUE
705,Pnoepyga immaculata,Tibet,2010,discovery_date,2010,2010,0,85.97,27.98,TRUE,TRUE,西藏珠穆朗玛峰,national,森林生态,1988,0,-1846180.34361676,3122978.74196561,Tibet,705,TRUE,TRUE,TRUE,TRUE,观察和拍摄，记录鸣声回放,前人错记其为其他物种,birdwatching,-0.114816665649414,471,4834,-0.0559222994950152,0.042174245586323,0.0244374209082694,540235,Tibet,540200,Tibet,TRUE,TRUE
723,Acrocephalus bistrigiceps,Tibet,2023,discovery_date,2023,2024,1,95.33,29.33,TRUE,TRUE,西藏雅鲁藏布大峡谷,national,森林生态,1985,0,-927718.394072103,3141737.82923552,Tibet,723,TRUE,TRUE,TRUE,TRUE,观察拍摄,分布变化或缺乏调查,birdwatching,1.6420166015625,1610,1265,-0.0559222994950152,0.042174245586323,0.0244374209082694,540423,Tibet,540400,Tibet,TRUE,TRUE
723,Acrocephalus orientalis,Tibet,2023,discovery_date,2023,2024,1,95.33,29.33,TRUE,TRUE,西藏雅鲁藏布大峡谷,national,森林生态,1985,0,-927718.394072103,3141737.82923552,Tibet,723,TRUE,TRUE,TRUE,TRUE,观察拍摄,分布变化或缺乏调查,birdwatching,1.6420166015625,1610,1265,-0.0559222994950152,0.042174245586323,0.0244374209082694,540423,Tibet,540400,Tibet,TRUE,TRUE
723,Centropus bengalensis,Tibet,2022,discovery_date,2022,2024,2,95.34,29.34,TRUE,TRUE,西藏雅鲁藏布大峡谷,national,森林生态,1985,0,-926653.204428367,3142759.5336772,Tibet,723,TRUE,TRUE,TRUE,TRUE,观察和拍摄,"",birdwatching,1.6420166015625,1610,1265,-0.0559222994950152,0.042174245586323,0.0244374209082694,540423,Tibet,540400,Tibet,TRUE,TRUE
723,Dicrurus remifer,Tibet,2019,discovery_date,2019,2019,0,95.34,29.3,TRUE,TRUE,西藏雅鲁藏布大峡谷,national,森林生态,1985,0,-927088.561778274,3138299.27573291,Tibet,723,TRUE,TRUE,TRUE,TRUE,观察和拍摄,"",birdwatching,1.6420166015625,1610,1265,-0.0559222994950152,0.042174245586323,0.0244374209082694,540423,Tibet,540400,Tibet,TRUE,TRUE
723,Elachura formosa,Tibet,2019,discovery_date,2019,2019,0,95.28,29.32,TRUE,TRUE,西藏雅鲁藏布大峡谷,national,森林生态,1985,0,-932609.501140571,3141091.24281442,Tibet,723,TRUE,TRUE,TRUE,TRUE,记录鸣唱，回放鸣唱诱导其中一只从林中跳出,"",birdwatching,1.6420166015625,1610,1265,-0.0559222994950152,0.042174245586323,0.0244374209082694,540423,Tibet,540400,Tibet,TRUE,TRUE
723,Erpornis zantholeuca,Tibet,2019,discovery_date,2019,2019,0,95.34,29.3,TRUE,TRUE,西藏雅鲁藏布大峡谷,national,森林生态,1985,0,-927088.561778274,3138299.27573291,Tibet,723,TRUE,TRUE,TRUE,TRUE,观察和拍摄,"",birdwatching,1.6420166015625,1610,1265,-0.0559222994950152,0.042174245586323,0.0244374209082694,540423,Tibet,540400,Tibet,TRUE,TRUE
723,Falco severus,Tibet,2013,discovery_date,2013,2014,1,95.28,29.32,TRUE,TRUE,西藏雅鲁藏布大峡谷,national,森林生态,1985,0,-932609.501140571,3141091.24281442,Tibet,723,TRUE,TRUE,TRUE,TRUE,观察拍摄,分布变化,birdwatching,1.6420166015625,1610,1265,-0.0559222994950152,0.042174245586323,0.0244374209082694,540423,Tibet,540400,Tibet,TRUE,TRUE
723,Ficedula albicilla,Tibet,2016,discovery_date,2016,2017,1,95.16,29.25,TRUE,TRUE,西藏雅鲁藏布大峡谷,national,森林生态,1985,0,-944861.671382213,3134421.9469688,Tibet,723,TRUE,TRUE,TRUE,TRUE,观察拍摄,"",birdwatching,1.6420166015625,1610,1265,-0.0559222994950152,0.042174245586323,0.0244374209082694,540423,Tibet,540400,Tibet,TRUE,TRUE
723,Halcyon smyrnensis,Tibet,2013,discovery_date,2013,2014,1,95.32,29.33,TRUE,TRUE,西藏雅鲁藏布大峡谷,national,森林生态,1985,0,-928674.731473463,3141831.32139089,Tibet,723,TRUE,TRUE,TRUE,TRUE,观察拍摄,"",birdwatching,1.6420166015625,1610,1265,-0.0559222994950152,0.042174245586323,0.0244374209082694,540423,Tibet,540400,Tibet,TRUE,TRUE
723,Helopsaltes certhiola,Tibet,2023,discovery_date,2023,2024,1,95.33,29.33,TRUE,TRUE,西藏雅鲁藏布大峡谷,national,森林生态,1985,0,-927718.394072103,3141737.82923552,Tibet,723,TRUE,TRUE,TRUE,TRUE,观察拍摄,分布变化或缺乏调查,birdwatching,1.6420166015625,1610,1265,-0.0559222994950152,0.042174245586323,0.0244374209082694,540423,Tibet,540400,Tibet,TRUE,TRUE
723,Lonchura striata,Tibet,2003,discovery_date,2003,2006,3,95.15,29.23,TRUE,TRUE,西藏雅鲁藏布大峡谷,national,森林生态,1985,0,-946040.653643641,3132287.84097155,Tibet,723,TRUE,TRUE,TRUE,TRUE,网捕,分布变化,professional_survey,1.6420166015625,1610,1265,-0.0559222994950152,0.042174245586323,0.0244374209082694,540423,Tibet,540400,Tibet,TRUE,TRUE
723,Megaceryle lugubris,Tibet,2019,discovery_date,2019,2019,0,95.2,29.25,TRUE,TRUE,西藏雅鲁藏布大峡谷,national,森林生态,1985,0,-941033.278806472,3134042.03522813,Tibet,723,TRUE,TRUE,TRUE,TRUE,观察和拍摄,"",birdwatching,1.6420166015625,1610,1265,-0.0559222994950152,0.042174245586323,0.0244374209082694,540423,Tibet,540400,Tibet,TRUE,TRUE
723,Melanochlora sultanea,Tibet,2019,discovery_date,2019,2019,0,95.26,29.29,TRUE,TRUE,西藏雅鲁藏布大峡谷,national,森林生态,1985,0,-934851.499551764,3137934.48695317,Tibet,723,TRUE,TRUE,TRUE,TRUE,观察和拍摄,"",birdwatching,1.6420166015625,1610,1265,-0.0559222994950152,0.042174245586323,0.0244374209082694,540423,Tibet,540400,Tibet,TRUE,TRUE
723,Phylloscopus cantator,Tibet,2016,discovery_date,2016,2017,1,95.14,29.23,TRUE,TRUE,西藏雅鲁藏布大峡谷,national,森林生态,1985,0,-946997.94279761,3132383.1786757,Tibet,723,TRUE,TRUE,TRUE,TRUE,观察拍摄,"",birdwatching,1.6420166015625,1610,1265,-0.0559222994950152,0.042174245586323,0.0244374209082694,540423,Tibet,540400,Tibet,TRUE,TRUE
723,Picus chlorolophus,Tibet,2019,discovery_date,2019,2019,0,95.35,29.33,TRUE,TRUE,西藏雅鲁藏布大峡谷,national,森林生态,1985,0,-925805.69104278,3141551.13390705,Tibet,723,TRUE,TRUE,TRUE,TRUE,观察和拍摄,"",birdwatching,1.6420166015625,1610,1265,-0.0559222994950152,0.042174245586323,0.0244374209082694,540423,Tibet,540400,Tibet,TRUE,TRUE
723,Pomatorhinus schisticeps,Tibet,2015,discovery_date,2015,2016,1,95.35,29.33,TRUE,TRUE,西藏雅鲁藏布大峡谷,national,森林生态,1985,0,-925805.69104278,3141551.13390705,Tibet,723,TRUE,TRUE,TRUE,TRUE,观察拍摄,"",birdwatching,1.6420166015625,1610,1265,-0.0559222994950152,0.042174245586323,0.0244374209082694,540423,Tibet,540400,Tibet,TRUE,TRUE
723,Psarisomus dalhousiae,Tibet,2015,discovery_date,2015,2016,1,95.32,29.34,TRUE,TRUE,西藏雅鲁藏布大峡谷,national,森林生态,1985,0,-928565.664009517,3142946.39971192,Tibet,723,TRUE,TRUE,TRUE,TRUE,观察拍摄,"",birdwatching,1.6420166015625,1610,1265,-0.0559222994950152,0.042174245586323,0.0244374209082694,540423,Tibet,540400,Tibet,TRUE,TRUE
723,Pteruthius rufiventer,Tibet,2019,discovery_date,2019,2019,0,95.26,29.29,TRUE,TRUE,西藏雅鲁藏布大峡谷,national,森林生态,1985,0,-934851.499551764,3137934.48695317,Tibet,723,TRUE,TRUE,TRUE,TRUE,观察和拍摄,"",birdwatching,1.6420166015625,1610,1265,-0.0559222994950152,0.042174245586323,0.0244374209082694,540423,Tibet,540400,Tibet,TRUE,TRUE
724,Abroscopus albogularis,Tibet,2016,discovery_date,2016,2017,1,95.39,29.41,TRUE,TRUE,西藏雅鲁藏布大峡谷,national,森林生态,1985,0,-921113.857927303,3150100.8041356,Tibet,724,TRUE,TRUE,TRUE,TRUE,观察拍摄,"",birdwatching,0.414900016784668,799,3626,-0.0559222994950152,0.042174245586323,0.0244374209082694,540423,Tibet,540400,Tibet,TRUE,TRUE
724,Anser fabalis,Tibet,2016,discovery_date,2016,2016,0,95.83,29.27,FALSE,FALSE,西藏雅鲁藏布大峡谷,national,森林生态,1985,1.17127407193957,-880509.70686514,3130492.81647401,Tibet,724,FALSE,FALSE,TRUE,TRUE,观察拍摄,"",birdwatching,0.414900016784668,799,3626,-0.0559222994950152,0.042174245586323,0.0244374209082694,540423,Tibet,540400,Tibet,TRUE,TRUE
724,Lophotriorchis kienerii,Tibet,2019,discovery_date,2019,2019,0,95.35,29.45,TRUE,TRUE,西藏雅鲁藏布大峡谷,national,森林生态,1985,0,-924500.772199093,3154934.03471083,Tibet,724,TRUE,TRUE,TRUE,TRUE,观察和拍摄,"",birdwatching,0.414900016784668,799,3626,-0.0559222994950152,0.042174245586323,0.0244374209082694,540423,Tibet,540400,Tibet,TRUE,TRUE
724,Sitta cinnamoventris,Tibet,2016,discovery_date,2016,2017,1,95.4,29.41,TRUE,TRUE,西藏雅鲁藏布大峡谷,national,森林生态,1985,0,-920158.353503993,3150008.07350366,Tibet,724,TRUE,TRUE,TRUE,TRUE,观察拍摄,"",birdwatching,0.414900016784668,799,3626,-0.0559222994950152,0.042174245586323,0.0244374209082694,540423,Tibet,540400,Tibet,TRUE,TRUE
724,Sitta formosa,Tibet,2019,discovery_date,2019,2019,0,95.36,29.33,TRUE,TRUE,西藏雅鲁藏布大峡谷,national,森林生态,1985,0,-924849.325434223,3141457.93073583,Tibet,724,TRUE,TRUE,TRUE,TRUE,观察和拍摄,"",birdwatching,0.414900016784668,799,3626,-0.0559222994950152,0.042174245586323,0.0244374209082694,540423,Tibet,540400,Tibet,TRUE,TRUE
728,Podiceps nigricollis,Tibet,2013,discovery_date,2013,2014,1,97.8,29.3,FALSE,FALSE,西藏芒康滇金丝猴,national,野生动物,1993,59.7434647479445,-691482.699619197,3118245.58222373,Tibet,728,FALSE,FALSE,FALSE,FALSE,观察拍摄,分布变化,birdwatching,0.0238333344459534,650,4505,-0.0559222994950152,0.042174245586323,0.0244374209082694,540327,Tibet,540300,Tibet,TRUE,TRUE
730,Ciconia nigra,Tibet,2020,discovery_date,2020,2021,1,98.87,29.55,FALSE,FALSE,西藏芒康滇金丝猴,national,野生动物,1993,23.3254025792573,-587134.048721981,3139307.98856979,Tibet,730,FALSE,FALSE,FALSE,FALSE,"","",unknown,0.320466661453247,572,3962,-0.0559222994950152,0.042174245586323,0.0244374209082694,540328,Tibet,540300,Tibet,TRUE,TRUE
736,Heteroxenicus stellatus,Sichuan,2015,discovery_date,2015,2018,3,101.99,29.57,TRUE,TRUE,四川贡嘎山,national,森林生态,1996,0,-288370.212980505,3127789.8008729,Sichuan,736,TRUE,TRUE,TRUE,TRUE,"","",unknown,-0.737683296203613,843,5523,0.172594181637433,0.0614651285579834,0.0502349422385811,513322,Sichuan,513300,Sichuan,TRUE,TRUE
745,Acridotheres tristis,Chongqing,2010,discovery_date,2010,2010,0,106.53,29.45,FALSE,FALSE,白市驿,local,野生动物,1998,6.37072704025424,146804.127537466,3111099.48697617,Chongqing,745,FALSE,FALSE,FALSE,FALSE,"","",unknown,1.81695003509521,1164,324,0.0101790158016724,0.0019952400259006,0.00710953190322487,500113,Chongqing,5e+05,Chongqing,TRUE,TRUE
745,Anser indicus,Chongqing,2006,discovery_date,2006,2007,1,106.43,29.84,FALSE,FALSE,重庆缙云山,national,森林生态,1979,0.836875200756305,136580.012006212,3154675.89812808,Chongqing,745,FALSE,TRUE,TRUE,TRUE,观察和拍摄,分布变化,birdwatching,1.81695003509521,1164,324,0.0101790158016724,0.0019952400259006,0.00710953190322487,500109,Chongqing,5e+05,Chongqing,TRUE,TRUE
745,Gracupica nigricollis,Chongqing,2006,discovery_date,2006,2006,0,106.5,29.51,FALSE,FALSE,白市驿,local,野生动物,1998,4.0677524812887,143824.24255372,3117779.25821798,Chongqing,745,FALSE,FALSE,FALSE,TRUE,观察,分布变化,birdwatching,1.81695003509521,1164,324,0.0101790158016724,0.0019952400259006,0.00710953190322487,500107,Chongqing,5e+05,Chongqing,TRUE,TRUE
745,Vanellus indicus,Chongqing,2017,discovery_date,2017,2019,2,106.68,29.74,FALSE,FALSE,白市驿,local,野生动物,1998,23.6344558903939,160645.288574444,3143836.86758064,Chongqing,745,FALSE,FALSE,FALSE,FALSE,观察和拍摄,"",birdwatching,1.81695003509521,1164,324,0.0101790158016724,0.0019952400259006,0.00710953190322487,500112,Chongqing,5e+05,Chongqing,TRUE,TRUE
752,Niltava sundara,Hunan,2014,discovery_date,2014,2015,1,110.38,29.3,FALSE,FALSE,张家界大鲵国家级自然保护区,national,野生动物,1996,4.17034439899314,516891.36615919,3107169.39809912,Hunan,752,FALSE,FALSE,FALSE,TRUE,"","",unknown,1.57268333435059,1410,541,0.103357874200594,0.0189702283469961,0.0347710350255269,430802,Hunan,430800,Hunan,TRUE,TRUE
753,Tarsiger chrysaeus,Hunan,2022,discovery_date,2022,2025,3,110.56,29.34,TRUE,TRUE,张家界大鲵国家级自然保护区,national,野生动物,1996,0,533916.496110643,3112596.63381795,Hunan,753,TRUE,TRUE,TRUE,TRUE,"","",unknown,1.56908330917358,1365,493,0.103357874200594,0.0189702283469961,0.0347710350255269,430811,Hunan,430800,Hunan,TRUE,TRUE
754,Fringilla coelebs,Hunan,2017,discovery_date,2017,2023,6,111.18,29.5,FALSE,FALSE,张家界大鲵国家级自然保护区,national,野生动物,1996,55.7245523233202,592265.535011296,3134011.49190212,Hunan,754,FALSE,FALSE,FALSE,FALSE,观察和拍摄,"",birdwatching,1.60496673583984,1300,315,0.103357874200594,0.0189702283469961,0.0347710350255269,430821,Hunan,430800,Hunan,TRUE,TRUE
755,Ninox japonica,Hunan,2018,discovery_date,2018,2023,5,111.63,29.53,FALSE,FALSE,花岩溪,provincial,森林生态,1997,53.5917169946525,635105.338276818,3140148.58219363,Hunan,755,FALSE,FALSE,FALSE,FALSE,鸣声频谱分析，观察和拍摄,"",birdwatching,1.67946662902832,1241,93,0.103357874200594,0.0189702283469961,0.0347710350255269,430724,Hunan,430700,Hunan,TRUE,TRUE
759,Elachura formosa,Hubei,2017,discovery_date,2017,2019,2,113.85,29.32,FALSE,FALSE,湖北九宫山,national,森林生态,1981,52.3302658908261,849367.328854815,3133283.43158333,Hubei,759,FALSE,FALSE,FALSE,FALSE,"","",unknown,1.71828327178955,1394,103,0.217144813451741,0.0431056373179286,0.0631284864935155,421223,Hubei,421200,Hubei,TRUE,TRUE
759,Ptyonoprogne rupestris,Hubei,2017,discovery_date,2017,2025,8,113.69,29.4,FALSE,FALSE,湖南东洞庭湖,national,湿地生态,1984,43.501484522723,833267.548198521,3140856.29854899,Hubei,759,FALSE,FALSE,FALSE,FALSE,"","",unknown,1.71828327178955,1394,103,0.217144813451741,0.0431056373179286,0.0631284864935155,430682,Hunan,430600,Hunan,FALSE,FALSE
762,Phoenicurus frontalis,Jiangxi,2019,discovery_date,2019,2019,0,115.56,29.02,FALSE,FALSE,江西永修泡桐,local,森林生态,2000,10.6404171944658,1016480.50254008,3115911.57208815,Jiangxi,762,FALSE,FALSE,FALSE,FALSE,"","",unknown,1.62835006713867,1540,285,0.316090936826047,0.0555181677950237,0.0727307499262645,360425,Jiangxi,360400,Jiangxi,TRUE,TRUE
762,Turdus rubrocanus,Jiangxi,2017,discovery_date,2017,2018,1,115.28,29.01,TRUE,TRUE,江西九岭山,national,森林生态,1997,0,989741.802928678,3111969.04859093,Jiangxi,762,TRUE,TRUE,TRUE,TRUE,"","",unknown,1.62835006713867,1540,285,0.316090936826047,0.0555181677950237,0.0727307499262645,360925,Jiangxi,360900,Jiangxi,TRUE,TRUE
763,Passer domesticus,Jiangxi,2019,discovery_date,2019,2023,4,116.08,29.06,FALSE,FALSE,江西鄱阳湖候鸟,national,野生动物,1988,1.8987199741259,1065832.58947969,3125816.997061,Jiangxi,763,FALSE,FALSE,TRUE,TRUE,观察和拍摄,"",birdwatching,1.75803337097168,1487,16,0.316090936826047,0.0555181677950237,0.0727307499262645,360112,Jiangxi,360100,Jiangxi,TRUE,TRUE
771,Hydrocoloeus minutus,Zhejiang,2017,discovery_date,2017,2017,0,119.95,28.48,FALSE,FALSE,夹溪,local,森林生态,1994,75.5894154495045,1445390.3409257,3110409.91523003,Zhejiang,771,FALSE,FALSE,FALSE,FALSE,"","",unknown,1.62158336639404,1507,336,0.24517462933645,0.0470920804650966,0.0850920271159029,331102,Zhejiang,331100,Zhejiang,TRUE,TRUE
774,Iduna caligata,Zhejiang,2021,discovery_date,2021,2022,1,121.53,28.62,FALSE,FALSE,韭山列岛,national,海洋海岸,1998,95.0664301774368,1594206.50617464,3150059.52225331,"",774,FALSE,FALSE,FALSE,FALSE,"","",unknown,1.73029766082764,1436,4,0.24517462933645,0.0470920804650966,0.0850920271159029,331002,Zhejiang,331000,Zhejiang,TRUE,TRUE
774,Lanius isabellinus,Zhejiang,2022,discovery_date,2022,2022,0,121.54,28.34,FALSE,FALSE,夹溪,local,森林生态,1994,119.111555898469,1600354.30941291,3119342.40642858,Zhejiang,774,FALSE,FALSE,FALSE,FALSE,"","",unknown,1.73029766082764,1436,4,0.24517462933645,0.0470920804650966,0.0850920271159029,331081,Zhejiang,331000,Zhejiang,TRUE,TRUE
775,Hieraaetus pennatus,Tibet,2012,discovery_date,2012,2016,4,85.35,28.35,TRUE,TRUE,西藏珠穆朗玛峰,national,森林生态,1988,0,-1897424.54598172,3175230.94264854,Tibet,775,TRUE,TRUE,TRUE,TRUE,观察拍摄,"",birdwatching,0.917533397674561,861,3012,-0.0559222994950152,0.042174245586323,0.0244374209082694,540234,Tibet,540200,Tibet,TRUE,TRUE
786,Nycticorax nycticorax,Tibet,2014,discovery_date,2014,2014,0,91.09,29.28,FALSE,FALSE,西藏雅鲁藏布江中游河谷黑颈鹤,national,野生动物,1993,29.5288098008739,-1333020.55899398,3184456.62588583,Tibet,786,FALSE,FALSE,FALSE,FALSE,观察拍摄,分布变化,birdwatching,0.51118335723877,357,4068,-0.0559222994950152,0.042174245586323,0.0244374209082694,540522,Tibet,540500,Tibet,TRUE,TRUE
792,Macropygia unchall,Tibet,2016,discovery_date,2016,2017,1,93.8,29.38,FALSE,FALSE,西藏雅鲁藏布大峡谷,national,森林生态,1985,94.4618678292009,-1073292.1264177,3162728.2591727,Tibet,792,FALSE,FALSE,FALSE,FALSE,观察拍摄,"",birdwatching,-0.192066669464111,569,4801,-0.0559222994950152,0.042174245586323,0.0244374209082694,540422,Tibet,540400,Tibet,TRUE,TRUE
795,Anthus richardi,Tibet,2016,discovery_date,2016,2017,1,95.49,29.66,TRUE,TRUE,西藏雅鲁藏布大峡谷,national,森林生态,1985,0,-908878.315415862,3177071.18510376,Tibet,795,TRUE,TRUE,TRUE,TRUE,观察拍摄,"",birdwatching,0.332750010490418,727,3730,-0.0559222994950152,0.042174245586323,0.0244374209082694,540423,Tibet,540400,Tibet,TRUE,TRUE
795,Stachyris humei,Tibet,2014,discovery_date,2014,2015,1,95.47,29.6,TRUE,TRUE,西藏雅鲁藏布大峡谷,national,森林生态,1985,0,-911428.558583368,3170558.8680581,Tibet,795,TRUE,TRUE,TRUE,TRUE,观察拍摄,调查扩大,birdwatching,0.332750010490418,727,3730,-0.0559222994950152,0.042174245586323,0.0244374209082694,540423,Tibet,540400,Tibet,TRUE,TRUE
799,Emberiza pusilla,Tibet,2013,discovery_date,2013,2014,1,97.83,29.69,FALSE,FALSE,西藏芒康滇金丝猴,national,野生动物,1993,49.7967637250681,-685452.548803326,3161633.462001,Tibet,799,FALSE,FALSE,FALSE,FALSE,观察拍摄,分布变化,birdwatching,0.107200002670288,611,4472,-0.0559222994950152,0.042174245586323,0.0244374209082694,540327,Tibet,540300,Tibet,TRUE,TRUE
799,Lanius borealis,Tibet,2020,discovery_date,2020,2022,2,97.84,29.67,FALSE,FALSE,西藏芒康滇金丝猴,national,野生动物,1993,48.4202353728776,-684659.787623078,3159327.87674853,Tibet,799,FALSE,FALSE,FALSE,FALSE,观察拍摄,分布变化,birdwatching,0.107200002670288,611,4472,-0.0559222994950152,0.042174245586323,0.0244374209082694,540327,Tibet,540300,Tibet,TRUE,TRUE
805,Oenanthe deserti,Sichuan,2012,discovery_date,2012,2012,0,100.78,30.17,FALSE,FALSE,四川格西沟,national,野生动物,1995,11.4561982214364,-401373.609895219,3199248.05000916,Sichuan,805,FALSE,FALSE,FALSE,FALSE,"","",unknown,0.137933325767517,679,4269,0.172594181637433,0.0614651285579834,0.0502349422385811,513334,Sichuan,513300,Sichuan,TRUE,TRUE
809,Bucanetes mongolicus,Sichuan,2014,discovery_date,2014,2015,1,102.75,30.06,FALSE,FALSE,四川蜂桶寨,national,野生动物,1975,36.44034550971,-214328.377598663,3180801.12214696,Sichuan,809,FALSE,FALSE,FALSE,FALSE,"","",unknown,1.59400005340576,1451,828,0.172594181637433,0.0614651285579834,0.0502349422385811,511825,Sichuan,511800,Sichuan,TRUE,TRUE
822,Zoothera dixoni,Hubei,2019,discovery_date,2019,2020,1,109.71,29.99,TRUE,TRUE,湖北七姊妹山,national,森林生态,1990,0,448903.312636481,3181168.69011368,Hubei,822,TRUE,TRUE,TRUE,TRUE,"","",unknown,1.19704999923706,1485,1338,0.217144813451741,0.0431056373179286,0.0631284864935155,422825,Hubei,422800,Hubei,TRUE,TRUE
823,Fringilla coelebs,Hubei,2021,discovery_date,2021,2025,4,110.49,29.9,FALSE,FALSE,湖南壶瓶山,national,森林生态,1982,8.8872262212983,523731.608367982,3174906.40344161,Hubei,823,FALSE,FALSE,FALSE,FALSE,"","",unknown,1.1654167175293,1480,1389,0.217144813451741,0.0431056373179286,0.0631284864935155,422828,Hubei,422800,Hubei,TRUE,TRUE
823,Zoothera dixoni,Hunan,2015,discovery_date,2015,2016,1,110.1,29.78,TRUE,TRUE,湖南八大公山,national,森林生态,1986,0,487251.688811373,3159480.90510343,Hubei,823,TRUE,TRUE,TRUE,TRUE,红外相机拍摄,分布变化,professional_survey,1.1654167175293,1480,1389,0.217144813451741,0.0431056373179286,0.0631284864935155,430822,Hunan,430800,Hunan,TRUE,TRUE
824,Aegithalos fuliginosus,Hunan,2009,publication_minus_median_lag,2011,2010,1,110.6,30.05,TRUE,TRUE,湖南壶瓶山,national,森林生态,1982,0,533265.595681865,3192293.90511788,Hunan,824,TRUE,TRUE,TRUE,TRUE,观察拍摄，标本采集,分布变化,professional_survey,1.57089996337891,1298,413,0.103357874200594,0.0189702283469961,0.0347710350255269,430726,Hunan,430700,Hunan,TRUE,TRUE
824,Aethopyga christinae,Hubei,2003,discovery_date,2003,2004,1,110.54,30.07,TRUE,TRUE,五峰后河,national,森林生态,1985,0,527432.838574836,3194213.99377792,Hubei,824,TRUE,TRUE,TRUE,TRUE,"","",unknown,1.57089996337891,1298,413,0.103357874200594,0.0189702283469961,0.0347710350255269,420529,Hubei,420500,Hubei,TRUE,TRUE
824,Aquila heliaca,Hunan,2021,discovery_date,2021,2023,2,110.87,29.98,TRUE,TRUE,湖南壶瓶山,national,森林生态,1982,0,559411.424744811,3185939.02630248,Hunan,824,TRUE,TRUE,TRUE,TRUE,救助，观察拍摄,分布变化,professional_survey,1.57089996337891,1298,413,0.103357874200594,0.0189702283469961,0.0347710350255269,430726,Hunan,430700,Hunan,TRUE,TRUE
824,Aviceda jerdoni,Hunan,2017,discovery_date,2017,2018,1,110.88,29.98,TRUE,TRUE,湖南壶瓶山,national,森林生态,1982,0,560363.311870039,3185995.42069018,Hunan,824,TRUE,TRUE,TRUE,TRUE,观察和拍摄,"",birdwatching,1.57089996337891,1298,413,0.103357874200594,0.0189702283469961,0.0347710350255269,430726,Hunan,430700,Hunan,TRUE,TRUE
824,Circaetus gallicus,Hunan,2022,discovery_date,2022,2023,1,110.87,29.97,TRUE,TRUE,湖南壶瓶山,national,森林生态,1982,0,559477.717521067,3184819.10783096,Hunan,824,TRUE,TRUE,TRUE,TRUE,观察和拍摄,"",birdwatching,1.57089996337891,1298,413,0.103357874200594,0.0189702283469961,0.0347710350255269,430726,Hunan,430700,Hunan,TRUE,TRUE
824,Cyornis rubeculoides,Hunan,2009,publication_minus_median_lag,2011,2010,1,110.67,30.07,FALSE,FALSE,湖南壶瓶山,national,森林生态,1982,0.392504221231119,539796.117021114,3194912.7187008,Hubei,824,FALSE,TRUE,TRUE,TRUE,观察拍摄,分布变化,birdwatching,1.57089996337891,1298,413,0.103357874200594,0.0189702283469961,0.0347710350255269,420529,Hubei,420500,Hubei,FALSE,FALSE
824,Emberiza godlewskii,Hunan,2009,publication_minus_median_lag,2012,2010,1,110.72,30.03,TRUE,TRUE,湖南壶瓶山,national,森林生态,1982,0,544809.41975465,3190705.03591492,Hunan,824,TRUE,TRUE,TRUE,TRUE,观察拍摄,分布变化,birdwatching,1.57089996337891,1298,413,0.103357874200594,0.0189702283469961,0.0347710350255269,430726,Hunan,430700,Hunan,TRUE,TRUE
824,Ficedula hyperythra,Hunan,2017,discovery_date,2017,2022,5,110.57,30.05,TRUE,TRUE,湖南壶瓶山,national,森林生态,1982,0,530411.821762033,3192133.1975172,Hunan,824,TRUE,TRUE,TRUE,TRUE,"","",unknown,1.57089996337891,1298,413,0.103357874200594,0.0189702283469961,0.0347710350255269,430726,Hunan,430700,Hunan,TRUE,TRUE
824,Ficedula tricolor,Hunan,2012,discovery_date,2012,2014,2,110.65,30.07,TRUE,TRUE,湖南壶瓶山,national,森林生态,1982,0,537894.133893665,3194804.16886484,Hubei,824,TRUE,TRUE,TRUE,TRUE,观察拍摄，记录鸣声，网捕,分布变化,professional_survey,1.57089996337891,1298,413,0.103357874200594,0.0189702283469961,0.0347710350255269,430726,Hunan,430700,Hunan,TRUE,TRUE
824,Hieraaetus pennatus,Hunan,2020,discovery_date,2020,2021,1,110.87,29.97,TRUE,TRUE,湖南壶瓶山,national,森林生态,1982,0,559477.717521067,3184819.10783096,Hunan,824,TRUE,TRUE,TRUE,TRUE,"","",unknown,1.57089996337891,1298,413,0.103357874200594,0.0189702283469961,0.0347710350255269,430726,Hunan,430700,Hunan,TRUE,TRUE
824,Hirundapus caudacutus,Hunan,2013,discovery_date,2013,2014,1,110.65,30.07,TRUE,TRUE,湖南壶瓶山,national,森林生态,1982,0,537894.133893665,3194804.16886484,Hubei,824,TRUE,TRUE,TRUE,TRUE,观察拍摄,分布变化,birdwatching,1.57089996337891,1298,413,0.103357874200594,0.0189702283469961,0.0347710350255269,430726,Hunan,430700,Hunan,TRUE,TRUE
824,Locustella mandelli,Hunan,2011,discovery_date,2011,2014,3,110.63,30.02,TRUE,TRUE,湖南壶瓶山,national,森林生态,1982,0,536310.09947801,3189094.84975186,Hunan,824,TRUE,TRUE,TRUE,TRUE,观察拍摄，记录到繁殖期发出的摩擦声,分布变化,birdwatching,1.57089996337891,1298,413,0.103357874200594,0.0189702283469961,0.0347710350255269,430726,Hunan,430700,Hunan,TRUE,TRUE
824,Paradoxornis guttaticollis,Hunan,2010,discovery_date,2010,2014,4,110.77,29.97,TRUE,TRUE,湖南壶瓶山,national,森林生态,1982,0,549957.407645489,3184260.37116929,Hunan,824,TRUE,TRUE,TRUE,TRUE,观察拍摄,分布变化,birdwatching,1.57089996337891,1298,413,0.103357874200594,0.0189702283469961,0.0347710350255269,430726,Hunan,430700,Hunan,TRUE,TRUE
824,Pericrocotus ethologus,Hunan,2011,discovery_date,2011,2014,3,110.54,30.06,TRUE,TRUE,五峰后河,national,森林生态,1985,0,527495.419607908,3193093.6620079,Hubei,824,TRUE,TRUE,TRUE,TRUE,观察拍摄,分布变化,birdwatching,1.57089996337891,1298,413,0.103357874200594,0.0189702283469961,0.0347710350255269,430726,Hunan,430700,Hunan,TRUE,TRUE
824,Phylloscopus emeiensis,Hunan,2018,discovery_date,2018,2019,1,110.75,30.05,TRUE,TRUE,湖南壶瓶山,national,森林生态,1982,0,547533.729691553,3193110.37774045,Hunan,824,TRUE,TRUE,TRUE,TRUE,观察和拍摄,"",birdwatching,1.57089996337891,1298,413,0.103357874200594,0.0189702283469961,0.0347710350255269,430726,Hunan,430700,Hunan,TRUE,TRUE
824,Phylloscopus intermedius,Hunan,2017,discovery_date,2017,2022,5,110.57,30.05,TRUE,TRUE,湖南壶瓶山,national,森林生态,1982,0,530411.821762033,3192133.1975172,Hunan,824,TRUE,TRUE,TRUE,TRUE,"","",unknown,1.57089996337891,1298,413,0.103357874200594,0.0189702283469961,0.0347710350255269,430726,Hunan,430700,Hunan,TRUE,TRUE
824,Phylloscopus magnirostris,Hunan,2012,discovery_date,2012,2014,2,110.65,30.05,TRUE,TRUE,湖南壶瓶山,national,森林生态,1982,0,538021.777215409,3192563.6673955,Hunan,824,TRUE,TRUE,TRUE,TRUE,"观察拍摄, 记录鸣声",分布变化,birdwatching,1.57089996337891,1298,413,0.103357874200594,0.0189702283469961,0.0347710350255269,430726,Hunan,430700,Hunan,TRUE,TRUE
824,Phylloscopus omeiensis,Hunan,2015,discovery_date,2015,2023,8,110.6,30.05,TRUE,TRUE,湖南壶瓶山,national,森林生态,1982,0,533265.595681865,3192293.90511788,Hunan,824,TRUE,TRUE,TRUE,TRUE,观察拍摄,分布变化或缺乏调查,birdwatching,1.57089996337891,1298,413,0.103357874200594,0.0189702283469961,0.0347710350255269,430726,Hunan,430700,Hunan,TRUE,TRUE
824,Phylloscopus soror,Hunan,2015,discovery_date,2015,2023,8,110.6,30.05,TRUE,TRUE,湖南壶瓶山,national,森林生态,1982,0,533265.595681865,3192293.90511788,Hunan,824,TRUE,TRUE,TRUE,TRUE,观察拍摄，记录鸣声,分布变化或缺乏调查,birdwatching,1.57089996337891,1298,413,0.103357874200594,0.0189702283469961,0.0347710350255269,430726,Hunan,430700,Hunan,TRUE,TRUE
824,Prunella collaris,Hunan,2020,discovery_date,2020,2022,2,110.78,30.1,TRUE,TRUE,湖南壶瓶山,national,森林生态,1982,0,550060.755526674,3198877.25498144,Hunan,824,TRUE,TRUE,TRUE,TRUE,"","",unknown,1.57089996337891,1298,413,0.103357874200594,0.0189702283469961,0.0347710350255269,430726,Hunan,430700,Hunan,TRUE,TRUE
824,Pteruthius xanthochlorus,Hunan,2011,discovery_date,2011,2014,3,110.68,29.98,TRUE,TRUE,湖南壶瓶山,national,森林生态,1982,0,541324.502035996,3184885.7505283,Hunan,824,TRUE,TRUE,TRUE,TRUE,观察拍摄，记录鸣声,分布变化,birdwatching,1.57089996337891,1298,413,0.103357874200594,0.0189702283469961,0.0347710350255269,430726,Hunan,430700,Hunan,TRUE,TRUE
824,Pyrrhula erythaca,Hunan,2011,discovery_date,2011,2011,0,110.65,30.03,TRUE,TRUE,湖南壶瓶山,national,森林生态,1982,0,538149.415513255,3190323.25410978,Hunan,824,TRUE,TRUE,TRUE,TRUE,观察拍摄,分布变化,birdwatching,1.57089996337891,1298,413,0.103357874200594,0.0189702283469961,0.0347710350255269,430726,Hunan,430700,Hunan,TRUE,TRUE
824,Pyrrhula nipalensis,Hunan,2010,discovery_date,2010,2011,1,110.67,30.05,TRUE,TRUE,湖南壶瓶山,national,森林生态,1982,0,539924.211687145,3192672.24299055,Hunan,824,TRUE,TRUE,TRUE,TRUE,观察拍摄,分布变化,birdwatching,1.57089996337891,1298,413,0.103357874200594,0.0189702283469961,0.0347710350255269,430726,Hunan,430700,Hunan,TRUE,TRUE
824,Zoothera mollissima,Hunan,2012,discovery_date,2012,2014,2,110.74,29.87,TRUE,TRUE,湖南壶瓶山,national,森林生态,1982,0,547749.397121714,3172895.80527119,Hunan,824,TRUE,TRUE,TRUE,TRUE,观察拍摄,分布变化,birdwatching,1.57089996337891,1298,413,0.103357874200594,0.0189702283469961,0.0347710350255269,430726,Hunan,430700,Hunan,TRUE,TRUE
825,Muscicapa muttui,Hunan,2013,discovery_date,2013,2015,2,111.07,29.88,FALSE,FALSE,湖南壶瓶山,national,森林生态,1982,18.9254312629648,579133.501633642,3175888.30810649,Hunan,825,FALSE,FALSE,FALSE,FALSE,观察拍摄,分布变化,birdwatching,1.60336666107178,1234,312,0.103357874200594,0.0189702283469961,0.0347710350255269,430726,Hunan,430700,Hunan,TRUE,TRUE
830,Prinia flaviventris,Hubei,2019,discovery_date,2019,2022,3,114.04,29.57,FALSE,FALSE,湖北九宫山,national,森林生态,1981,42.3052111634834,865004.922578434,3162826.77996787,Hubei,830,FALSE,FALSE,FALSE,FALSE,"","",unknown,1.71469993591309,1324,71,0.217144813451741,0.0431056373179286,0.0631284864935155,421223,Hubei,421200,Hubei,TRUE,TRUE
834,Charadrius dealbatus,Jiangxi,2024,discovery_date,2024,2024,0,115.82,29.69,FALSE,FALSE,江西庐山,national,森林生态,1981,15.8478311278197,1033244.31737714,3193230.49404244,Jiangxi,834,FALSE,FALSE,FALSE,FALSE,"","",unknown,1.23998336791992,1817,1087,0.316090936826047,0.0555181677950237,0.0727307499262645,360404,Jiangxi,360400,Jiangxi,TRUE,TRUE
838,Tragopan caboti,Anhui,2018,discovery_date,2018,2022,4,118.23,29.43,FALSE,FALSE,浙江古田山,national,野生动物,1975,18.899983564,1266018.111847,3192205.89207568,Zhejiang,838,FALSE,FALSE,FALSE,FALSE,"","",unknown,1.65648326873779,1677,216,0.316090936826047,0.0555181677950237,0.0727307499262645,341022,Anhui,341000,Anhui,TRUE,TRUE
844,Turnix suscitator,Zhejiang,2021,discovery_date,2021,2023,2,121.02,28.86,FALSE,FALSE,夹溪,local,森林生态,1994,47.1440110891556,1541140.53693204,3168500.82255274,Zhejiang,844,FALSE,FALSE,FALSE,FALSE,"","",unknown,1.63169994354248,1389,147,0.24517462933645,0.0470920804650966,0.0850920271159029,331082,Zhejiang,331000,Zhejiang,TRUE,TRUE
859,Aix galericulata,Tibet,2021,discovery_date,2021,2021,0,91.18,29.65,FALSE,FALSE,西藏拉鲁湿地,provincial,湿地生态,1999,7.01102728334994,-1318698.13807167,3224317.16955455,Tibet,859,FALSE,FALSE,FALSE,FALSE,观察拍摄,分布变化,birdwatching,0.320266675949097,372,4308,-0.0559222994950152,0.042174245586323,0.0244374209082694,540102,Tibet,540100,Tibet,TRUE,TRUE
859,Spodiopsar cineraceus,Tibet,2016,discovery_date,2016,2018,2,91.56,29.84,TRUE,TRUE,西藏雅鲁藏布江中游河谷黑颈鹤,national,野生动物,1993,0,-1279788.19357954,3240449.66112116,Tibet,859,TRUE,TRUE,TRUE,TRUE,观察和拍摄,"",birdwatching,0.320266675949097,372,4308,-0.0559222994950152,0.042174245586323,0.0244374209082694,540104,Tibet,540100,Tibet,TRUE,TRUE
866,Agropsar sturninus,Tibet,2020,discovery_date,2020,2023,3,94.81,29.96,TRUE,TRUE,西藏雅鲁藏布大峡谷,national,森林生态,1985,0,-970198.520055016,3216986.30230052,Tibet,866,TRUE,TRUE,TRUE,TRUE,观察和拍摄,"",birdwatching,0.522249984741211,696,3449,-0.0559222994950152,0.042174245586323,0.0244374209082694,540402,Tibet,540400,Tibet,TRUE,TRUE
871,Egretta garzetta,Tibet,2013,discovery_date,2013,2015,2,97.82,30.17,FALSE,FALSE,西藏芒康滇金丝猴,national,野生动物,1993,78.7644638104407,-682516.178285051,3215407.0405983,Tibet,871,FALSE,FALSE,FALSE,FALSE,观察拍摄,分布变化,birdwatching,-0.0997166693210602,598,4761,-0.0559222994950152,0.042174245586323,0.0244374209082694,540327,Tibet,540300,Tibet,TRUE,TRUE
883,Turdus feae,Sichuan,2012,discovery_date,2012,2012,0,104.07,30.64,FALSE,FALSE,四川龙泉湖,provincial,湿地生态,1998,59.7686606314829,-87985.3921960604,3243900.59083559,Sichuan,883,FALSE,FALSE,FALSE,FALSE,"","",unknown,1.64375,1039,515,0.172594181637433,0.0614651285579834,0.0502349422385811,510107,Sichuan,510100,Sichuan,TRUE,TRUE
884,Pycnonotus jocosus,Sichuan,2011,discovery_date,2011,2018,7,104.67,30.63,FALSE,FALSE,四川龙泉湖,provincial,湿地生态,1998,27.066959745596,-31224.7558544022,3242417.09406106,Sichuan,884,FALSE,FALSE,FALSE,FALSE,"","",unknown,1.66044998168945,995,438,0.172594181637433,0.0614651285579834,0.0502349422385811,510121,Sichuan,510100,Sichuan,TRUE,TRUE
892,Cecropis daurica,Chongqing,2021,discovery_date,2021,2025,4,108.79,30.69,FALSE,FALSE,澎溪河湿地,unknown,---,2008,50.6768032284412,358267.919298793,3255944.45343798,Chongqing,892,FALSE,FALSE,FALSE,FALSE,"","",unknown,1.26741666793823,1362,1299,0.217144813451741,0.0431056373179286,0.0631284864935155,500235,Chongqing,5e+05,Chongqing,TRUE,TRUE
893,Geokichla citrina,Chongqing,2008,discovery_date,2008,2009,1,109,30.67,FALSE,FALSE,湖北星斗山,national,森林生态,1981,53.5232580310938,378199.213103745,3254478.30707603,Chongqing,893,FALSE,FALSE,FALSE,FALSE,观察和拍摄,分布变化,birdwatching,1.10170001983643,1419,1533,0.217144813451741,0.0431056373179286,0.0631284864935155,500235,Chongqing,5e+05,Chongqing,TRUE,TRUE
895,Heterophasia desgodinsi,Hubei,2011,discovery_date,2011,2012,1,110.13,30.45,FALSE,FALSE,湖北木林子,national,森林生态,1983,32.3137577352865,486232.058739251,3234714.49854411,Hubei,895,FALSE,FALSE,FALSE,FALSE,"","",unknown,1.41548328399658,1348,843,0.217144813451741,0.0431056373179286,0.0631284864935155,422823,Hubei,422800,Hubei,TRUE,TRUE
899,Emberiza yessoensis,Hubei,2014,discovery_date,2014,2014,0,112.36,30.37,FALSE,FALSE,湖北天鹅洲故道白暨豚国家级自然保护区,national,野生动物,1992,66.7480003695613,697932.836598752,3239048.77425492,Hubei,899,FALSE,FALSE,FALSE,FALSE,"","",unknown,1.66889991760254,1092,29,0.217144813451741,0.0431056373179286,0.0631284864935155,421002,Hubei,421000,Hubei,TRUE,TRUE
900,Anthus gustavi,Hubei,2014,discovery_date,2014,2015,1,112.72,30.44,FALSE,FALSE,湖北洪湖湿地,provincial,湿地生态,1996,74.1478439083922,731393.083675307,3249477.24786084,Hubei,900,FALSE,FALSE,FALSE,FALSE,"","",unknown,1.6711332321167,1134,32,0.217144813451741,0.0431056373179286,0.0631284864935155,429005,Hubei,429005,Hubei,TRUE,TRUE
908,Phylloscopus ricketti,Anhui,2016,discovery_date,2016,2017,1,117.29,30.01,FALSE,FALSE,安徽牯牛降,national,森林生态,1982,11.5559469340585,1168514.1763945,3245180.23677489,Anhui,908,FALSE,FALSE,FALSE,FALSE,"","",unknown,1.5731499671936,1640,311,0.22778909196967,0.0441725398814915,0.0682618595424368,341722,Anhui,341700,Anhui,TRUE,TRUE
909,Aethopyga christinae,Anhui,2017,discovery_date,2017,2018,1,117.48,30,FALSE,FALSE,古牛绛,national,森林生态,1982,1.75416515127222,1186625.22324138,3246320.60264793,Anhui,909,FALSE,FALSE,TRUE,TRUE,"","",unknown,1.59630002975464,1632,232,0.22778909196967,0.0441725398814915,0.0682618595424368,341024,Anhui,341000,Anhui,TRUE,TRUE
909,Hemixos castanonotus,Anhui,2007,discovery_date,2007,2010,3,117.45,30,FALSE,FALSE,古牛绛,national,森林生态,1982,2.08628902830124,1183787.74493242,3245962.46457478,Anhui,909,FALSE,FALSE,TRUE,TRUE,"","",unknown,1.59630002975464,1632,232,0.22778909196967,0.0441725398814915,0.0682618595424368,341024,Anhui,341000,Anhui,TRUE,TRUE
909,Ictinaetus malaiensis,Anhui,2005,discovery_date,2005,2010,5,117.45,30,FALSE,FALSE,古牛绛,national,森林生态,1982,2.08628902830124,1183787.74493242,3245962.46457478,Anhui,909,FALSE,FALSE,TRUE,TRUE,"","",unknown,1.59630002975464,1632,232,0.22778909196967,0.0441725398814915,0.0682618595424368,341024,Anhui,341000,Anhui,TRUE,TRUE
909,Pericrocotus solaris,Anhui,2007,discovery_date,2007,2010,3,117.72,29.85,FALSE,FALSE,古牛绛,national,森林生态,1982,23.2401936334545,1211471.0725022,3232527.98358671,Anhui,909,FALSE,FALSE,FALSE,FALSE,"","",unknown,1.59630002975464,1632,232,0.22778909196967,0.0441725398814915,0.0682618595424368,341024,Anhui,341000,Anhui,TRUE,TRUE
910,Enicurus schistaceus,Anhui,2020,discovery_date,2020,2024,4,118.2,29.87,FALSE,FALSE,盘台,local,森林生态,2006,57.1234728176159,1256624.8320354,3240718.50445357,Anhui,910,FALSE,FALSE,FALSE,FALSE,观察和拍摄,"",birdwatching,1.59701671600342,1622,230,0.22778909196967,0.0441725398814915,0.0682618595424368,341022,Anhui,341000,Anhui,TRUE,TRUE
911,Pteruthius xanthochlorus,Anhui,2015,discovery_date,2015,2016,1,118.53,29.57,FALSE,FALSE,浙江古田山,national,野生动物,1975,49.6511221264744,1292418.27977126,3211620.16385864,Zhejiang,911,FALSE,FALSE,FALSE,FALSE,"","",unknown,1.52588329315186,1624,379,0.22778909196967,0.0441725398814915,0.0682618595424368,330127,Zhejiang,330100,Zhejiang,FALSE,FALSE
917,Muscicapa ferruginea,Zhejiang,2013,discovery_date,2013,2013,0,121.93,29.2,FALSE,FALSE,韭山列岛,national,海洋海岸,1998,21.4068438601853,1621396.16263153,3220540.48543204,"",917,FALSE,FALSE,FALSE,FALSE,"","",unknown,1.63156661987305,1275,121,0.24517462933645,0.0470920804650966,0.0850920271159029,330225,Zhejiang,330200,Zhejiang,TRUE,TRUE
938,Dicrurus annectens,Tibet,2014,discovery_date,2014,2015,1,94.85,30.35,TRUE,TRUE,西藏雅鲁藏布大峡谷,national,森林生态,1985,0,-961936.473017917,3260136.32080963,Tibet,938,TRUE,TRUE,TRUE,TRUE,发现尸体、制成标本,分布变化（游荡）,professional_survey,-0.359299993515015,684,4849,-0.0559222994950152,0.042174245586323,0.0244374209082694,540424,Tibet,540400,Tibet,TRUE,TRUE
953,Passer hispaniolensis,Sichuan,2016,discovery_date,2016,2019,3,102.98,30.9,TRUE,TRUE,四川卧龙,national,野生动物,1963,0,-190503.334562156,3274639.28525516,Sichuan,953,TRUE,TRUE,TRUE,TRUE,"","",unknown,0.213883328437805,737,3790,0.172594181637433,0.0614651285579834,0.0502349422385811,513221,Sichuan,513200,Sichuan,TRUE,TRUE
965,Pericrocotus solaris,Chongqing,2007,discovery_date,2007,2009,2,109.08,31.12,FALSE,FALSE,澎溪河湿地,unknown,---,2008,46.94497928084,383681.293961072,3305315.03077012,Chongqing,965,FALSE,FALSE,FALSE,FALSE,观察和拍摄,分布变化,birdwatching,1.48388338088989,1333,862,0.0101790158016724,0.0019952400259006,0.00710953190322487,500235,Chongqing,5e+05,Chongqing,TRUE,TRUE
968,Pitta nympha,Hubei,2009,discovery_date,2009,2011,2,110.9,30.85,FALSE,FALSE,西陵峡震旦纪地质剖面,provincial,地质遗迹,1986,52.524075141774,556465.266386882,3283621.84096919,Hubei,968,FALSE,FALSE,FALSE,FALSE,"","",unknown,1.41928329467773,1215,720,0.217144813451741,0.0431056373179286,0.0631284864935155,420527,Hubei,420500,Hubei,TRUE,TRUE
969,Passer domesticus,Hubei,2023,discovery_date,2023,2024,1,111.26,30.69,FALSE,FALSE,西陵峡震旦纪地质剖面,provincial,地质遗迹,1986,36.7874644644078,591508.13271997,3267759.78165153,Hubei,969,FALSE,FALSE,FALSE,FALSE,"","",unknown,1.66428337097168,1073,122,0.217144813451741,0.0431056373179286,0.0631284864935155,420504,Hubei,420500,Hubei,TRUE,TRUE
975,Acrocephalus tangorum,Hubei,2020,discovery_date,2020,2020,0,114.41,30.44,FALSE,FALSE,木兰湖岛湿地,local,湿地生态,1998,29.46322470541,891067.232192032,3263286.70145669,Hubei,975,FALSE,FALSE,FALSE,FALSE,"","",unknown,1.69268341064453,1268,22,0.217144813451741,0.0431056373179286,0.0631284864935155,420115,Hubei,420100,Hubei,TRUE,TRUE
975,Chlidonias niger,Hubei,2020,discovery_date,2020,2021,1,114.41,30.45,FALSE,FALSE,木兰湖岛湿地,local,湿地生态,1998,28.6605135557251,890960.961324037,3264404.55819329,Hubei,975,FALSE,FALSE,FALSE,FALSE,"","",unknown,1.69268341064453,1268,22,0.217144813451741,0.0431056373179286,0.0631284864935155,420115,Hubei,420100,Hubei,TRUE,TRUE
975,Gelochelidon nilotica,Hubei,2018,discovery_date,2018,2021,3,114.36,30.65,FALSE,FALSE,木兰湖岛湿地,local,湿地生态,1998,12.6189402538308,884126.345971724,3286319.60041405,Hubei,975,FALSE,FALSE,FALSE,FALSE,"","",unknown,1.69268341064453,1268,22,0.217144813451741,0.0431056373179286,0.0631284864935155,420111,Hubei,420100,Hubei,TRUE,TRUE
975,Hydroprogne caspia,Hubei,2020,discovery_date,2020,2021,1,114.47,30.71,FALSE,FALSE,木兰湖岛湿地,local,湿地生态,1998,22.8896504639845,893843.415387126,3294014.58636274,Hubei,975,FALSE,FALSE,FALSE,FALSE,"","",unknown,1.69268341064453,1268,22,0.217144813451741,0.0431056373179286,0.0631284864935155,420116,Hubei,420100,Hubei,TRUE,TRUE
980,Gracupica nigricollis,Anhui,2007,discovery_date,2007,2010,3,117.22,30.37,FALSE,FALSE,安徽升金湖,national,湿地生态,1986,1.47482164549765,1156931.75752002,3284457.6174658,Anhui,980,FALSE,FALSE,TRUE,TRUE,"","",unknown,1.65186672210693,1507,51,0.22778909196967,0.0441725398814915,0.0682618595424368,341702,Anhui,341700,Anhui,TRUE,TRUE
980,Platalea minor,Anhui,2016,discovery_date,2016,2017,1,116.91,30.51,FALSE,FALSE,安徽升金湖,national,湿地生态,1986,13.1350553482488,1125843.85115604,3296498.16262943,Anhui,980,FALSE,FALSE,FALSE,FALSE,"","",unknown,1.65186672210693,1507,51,0.22778909196967,0.0441725398814915,0.0682618595424368,340803,Anhui,340800,Anhui,TRUE,TRUE
980,Turnix suscitator,Anhui,2023,discovery_date,2023,2025,2,117.09,30.26,FALSE,FALSE,安徽升金湖,national,湿地生态,1986,2.83463602201901,1146185.27831096,3270693.34626843,Anhui,980,FALSE,FALSE,TRUE,TRUE,观察和拍摄,"",birdwatching,1.65186672210693,1507,51,0.22778909196967,0.0441725398814915,0.0682618595424368,341721,Anhui,341700,Anhui,TRUE,TRUE
981,Accipiter trivirgatus,Anhui,2006,discovery_date,2006,2010,4,117.82,30.23,FALSE,FALSE,古牛绛,national,森林生态,1982,31.7867611093113,1215452.07451153,3276034.8444707,Anhui,981,FALSE,FALSE,FALSE,FALSE,"","",unknown,1.55430002212524,1563,254,0.22778909196967,0.0441725398814915,0.0682618595424368,341722,Anhui,341700,Anhui,TRUE,TRUE
982,Otus spilocephalus,Anhui,2022,discovery_date,2022,2023,1,118.15,30.09,FALSE,FALSE,盘台,local,森林生态,2006,34.1235470457465,1248633.22024219,3264552.21198344,Anhui,982,FALSE,FALSE,FALSE,FALSE,"","",unknown,1.52173337936401,1545,286,0.22778909196967,0.0441725398814915,0.0682618595424368,341003,Anhui,341000,Anhui,TRUE,TRUE
983,Phylloscopus castaniceps,Anhui,2015,discovery_date,2015,2017,2,118.76,30.1,FALSE,FALSE,安徽歙县清凉峰,national,森林生态,1982,2.70920880154609,1306036.53405523,3273512.29242207,Anhui,983,FALSE,FALSE,TRUE,TRUE,"","",unknown,1.48431663513184,1520,386,0.22778909196967,0.0441725398814915,0.0682618595424368,341824,Anhui,341800,Anhui,TRUE,TRUE
984,Otus semitorques,Zhejiang,2014,discovery_date,2014,2015,1,119.12,30.3,FALSE,FALSE,浙江清凉峰,national,森林生态,1985,24.9086673328476,1336796.57052908,3300530.44797063,Zhejiang,984,FALSE,FALSE,FALSE,FALSE,"","",unknown,1.57398328781128,1405,151,0.24517462933645,0.0470920804650966,0.0850920271159029,330112,Zhejiang,330100,Zhejiang,TRUE,TRUE
985,Acrocephalus tangorum,Zhejiang,2023,discovery_date,2023,2024,1,119.75,30.24,FALSE,FALSE,杏梅尖,local,森林生态,1991,24.3227655017104,1397008.12464507,3302540.23812488,Zhejiang,985,FALSE,FALSE,FALSE,FALSE,"","",unknown,1.57731666564941,1378,157,0.24517462933645,0.0470920804650966,0.0850920271159029,330112,Zhejiang,330100,Zhejiang,TRUE,TRUE
985,Anthus roseatus,Zhejiang,2020,discovery_date,2020,2021,1,119.9,30.25,FALSE,FALSE,杏梅尖,local,森林生态,1991,21.9934653510703,1410940.87702774,3305771.43850262,Zhejiang,985,FALSE,FALSE,FALSE,FALSE,"","",unknown,1.57731666564941,1378,157,0.24517462933645,0.0470920804650966,0.0850920271159029,330110,Zhejiang,330100,Zhejiang,TRUE,TRUE
985,Turdus boulboul,Zhejiang,2021,discovery_date,2021,2022,1,119.72,30.25,FALSE,FALSE,浙江天目山,national,野生植物,1986,25.9832503974319,1394021.80909291,3303228.68106914,Zhejiang,985,FALSE,FALSE,FALSE,FALSE,"","",unknown,1.57731666564941,1378,157,0.24517462933645,0.0470920804650966,0.0850920271159029,330112,Zhejiang,330100,Zhejiang,TRUE,TRUE
986,Centropus bengalensis,Zhejiang,2002,discovery_date,2002,2003,1,120.27,30.18,FALSE,FALSE,杏梅尖,local,森林生态,1991,38.7729860696567,1446908.00772179,3303330.43578091,Zhejiang,986,FALSE,FALSE,FALSE,FALSE,"","",unknown,1.6511999130249,1323,28,0.24517462933645,0.0470920804650966,0.0850920271159029,330109,Zhejiang,330100,Zhejiang,TRUE,TRUE
1031,Oxyura leucocephala,Sichuan,2020,discovery_date,2020,2022,2,104.81,31.37,FALSE,FALSE,四川三台水禽及湿地,unknown,---,1998,16.3214770780271,-17818.7302175978,3325559.47830045,Sichuan,1031,FALSE,FALSE,FALSE,FALSE,"","",unknown,1.63673324584961,954,477,0.172594181637433,0.0614651285579834,0.0502349422385811,510703,Sichuan,510700,Sichuan,TRUE,TRUE
1041,Calliope obscura,Hubei,2021,discovery_date,2021,2021,0,110.36,31.46,TRUE,TRUE,湖北神农架,national,森林生态,1986,0,501885.630855987,3349216.99619837,Hubei,1041,TRUE,TRUE,TRUE,TRUE,"","",unknown,1.36809997558594,1202,846,0.217144813451741,0.0431056373179286,0.0631284864935155,429021,Hubei,429021,Hubei,TRUE,TRUE
1041,Cephalopyrus flammiceps,Hubei,2017,discovery_date,2017,2019,2,110.45,31.52,FALSE,FALSE,湖北神农架,national,森林生态,1986,0.610130481348529,509934.081416503,3356415.29781907,Hubei,1041,FALSE,TRUE,TRUE,TRUE,"","",unknown,1.36809997558594,1202,846,0.217144813451741,0.0431056373179286,0.0631284864935155,429021,Hubei,429021,Hubei,TRUE,TRUE
1041,Cettia castaneocoronata,Hubei,2020,discovery_date,2020,2021,1,110.29,31.46,TRUE,TRUE,湖北神农架,national,森林生态,1986,0,495337.399564827,3348865.4393374,Hubei,1041,TRUE,TRUE,TRUE,TRUE,"","",unknown,1.36809997558594,1202,846,0.217144813451741,0.0431056373179286,0.0631284864935155,429021,Hubei,429021,Hubei,TRUE,TRUE
1041,Garrulax monileger,Hubei,2015,discovery_date,2015,2016,1,110.48,31.32,FALSE,FALSE,湖北神农架,national,森林生态,1986,7.85334673692884,513979.31743531,3334107.69565908,Hubei,1041,FALSE,FALSE,FALSE,FALSE,"","",unknown,1.36809997558594,1202,846,0.217144813451741,0.0431056373179286,0.0631284864935155,420526,Hubei,420500,Hubei,TRUE,TRUE
1041,Lanius tephronotus,Hubei,2011,discovery_date,2011,2013,2,110.13,31.45,TRUE,TRUE,湖北神农架,national,森林生态,1986,0,480427.193074528,3346955.83654479,Hubei,1041,TRUE,TRUE,TRUE,TRUE,"","",unknown,1.36809997558594,1202,846,0.217144813451741,0.0431056373179286,0.0631284864935155,429021,Hubei,429021,Hubei,TRUE,TRUE
1041,Suthora fulvifrons,Hubei,2017,discovery_date,2017,2017,0,110.19,31.45,TRUE,TRUE,湖北神农架,national,森林生态,1986,0,486041.134738048,3347247.87773528,Hubei,1041,TRUE,TRUE,TRUE,TRUE,"","",unknown,1.36809997558594,1202,846,0.217144813451741,0.0431056373179286,0.0631284864935155,429021,Hubei,429021,Hubei,TRUE,TRUE
1053,Ibidorhyncha struthersii,Anhui,2021,discovery_date,2021,2023,2,116.49,30.66,FALSE,FALSE,安徽鹞落坪国家级自然保护区,national,森林生态,1991,49.597431651368,1084376.73801125,3308554.07071746,Anhui,1053,FALSE,FALSE,FALSE,FALSE,"","",unknown,1.6304500579834,1468,74,0.22778909196967,0.0441725398814915,0.0682618595424368,340882,Anhui,340800,Anhui,TRUE,TRUE
1059,Athene noctua,Zhejiang,2022,discovery_date,2022,2023,1,119.69,30.63,FALSE,FALSE,盘台,local,森林生态,2006,21.4313866716546,1384910.94891212,3345011.24674169,Zhejiang,1059,FALSE,FALSE,FALSE,FALSE,"","",unknown,1.55458335876465,1306,139,0.24517462933645,0.0470920804650966,0.0850920271159029,330523,Zhejiang,330500,Zhejiang,TRUE,TRUE
1061,Branta canadensis,Zhejiang,2016,discovery_date,2016,2019,3,120.71,30.2,FALSE,FALSE,杏梅尖,local,森林生态,1991,79.6879935161056,1487902.83907455,3312051.25262022,"",1061,FALSE,FALSE,FALSE,FALSE,"","",unknown,1.60640621185303,1175,68,0.24517462933645,0.0470920804650966,0.0850920271159029,330604,Zhejiang,330600,Zhejiang,TRUE,TRUE
1070,Eudynamys scolopaceus,Tibet,2015,discovery_date,2015,2016,1,86.6,30.53,FALSE,FALSE,西藏色林错黑颈鹤,national,野生动物,1993,139.839109696245,-1733139.85952632,3392198.81929279,Tibet,1070,FALSE,FALSE,FALSE,FALSE,"观察并拍摄, 听到过叫声","",birdwatching,-0.0437999993562698,183,5005,-0.0559222994950152,0.042174245586323,0.0244374209082694,540629,Tibet,540600,Tibet,TRUE,TRUE
1113,Pyrrhula nipalensis,Shaanxi,2010,discovery_date,2010,2010,0,109.51,31.95,FALSE,FALSE,陕西化龙山,national,森林生态,2001,1.28531634980211,419851.457863687,3400344.73107788,Shaanxi,1113,FALSE,FALSE,TRUE,TRUE,观察拍摄,分布变化,birdwatching,0.797300004959106,1204,2022,0.192968737556714,0.0548750555002221,0.0571667460837103,610927,Shaanxi,610900,Shaanxi,TRUE,TRUE
1115,Ficedula superciliaris,Hubei,2019,discovery_date,2019,2020,1,110.45,31.72,FALSE,FALSE,湖北神农架,national,森林生态,1986,21.0126764689331,508699.368662167,3378885.01820912,Hubei,1115,FALSE,FALSE,FALSE,FALSE,"","",unknown,1.11496667861938,1161,1365,0.217144813451741,0.0431056373179286,0.0631284864935155,429021,Hubei,429021,Hubei,TRUE,TRUE
1125,Turdus boulboul,Anhui,2022,discovery_date,2022,2023,1,115.68,31.27,FALSE,FALSE,金寨天马,national,森林生态,1982,0.640206240504117,1000877.6377693,3368182.16378319,Anhui,1125,FALSE,TRUE,TRUE,TRUE,"","",unknown,1.40404996871948,1349,486,0.22778909196967,0.0441725398814915,0.0682618595424368,341524,Anhui,341500,Anhui,TRUE,TRUE
1127,Butastur indicus,Anhui,2011,discovery_date,2011,2013,2,116.82,31.47,FALSE,FALSE,安徽鹞落坪国家级自然保护区,national,森林生态,1991,74.4754736025965,1104560.35357547,3402620.87786573,Anhui,1127,FALSE,FALSE,FALSE,FALSE,"","",unknown,1.60060005187988,1321,70,0.22778909196967,0.0441725398814915,0.0682618595424368,341523,Anhui,341500,Anhui,TRUE,TRUE
1128,Rallus aquaticus,Anhui,2022,discovery_date,2022,2022,0,117.35,31.2,FALSE,FALSE,盘台,local,森林生态,2006,73.4802514803788,1157605.43329564,3378517.79612982,Anhui,1128,FALSE,FALSE,FALSE,FALSE,"","",unknown,1.62648334503174,1336,17,0.22778909196967,0.0441725398814915,0.0682618595424368,340124,Anhui,340100,Anhui,TRUE,TRUE
1187,Heterophasia desgodinsi,Shaanxi,2011,discovery_date,2011,2012,1,109.26,32.09,FALSE,FALSE,陕西化龙山,national,森林生态,2001,4.77545696077461,395916.672572494,3415064.47989781,Shaanxi,1187,FALSE,FALSE,FALSE,TRUE,观察拍摄,分布变化,birdwatching,1.24534997940063,1058,1091,0.192968737556714,0.0548750555002221,0.0571667460837103,610926,Shaanxi,610900,Shaanxi,TRUE,TRUE
1189,Loxia curvirostra,Hubei,2019,discovery_date,2019,2024,5,110.58,32.1,FALSE,FALSE,湖北赛武当,national,森林生态,1987,34.8125828906326,518417.92102829,3422267.53898292,Hubei,1189,FALSE,FALSE,FALSE,FALSE,"","",unknown,1.39184999465942,1029,726,0.217144813451741,0.0431056373179286,0.0631284864935155,420325,Hubei,420300,Hubei,TRUE,TRUE
1196,Accipiter trivirgatus,Henan,2008,discovery_date,2008,2008,0,114.25,31.95,TRUE,TRUE,河南董寨鸟类,national,野生动物,1982,0,860164.913732805,3430906.71850623,Henan,1196,TRUE,TRUE,TRUE,TRUE,"","",unknown,1.53155002593994,1092,127,0.213808908135841,0.0439882479651097,0.0594135815288783,411521,Henan,411500,Henan,TRUE,TRUE
1196,Otus semitorques,Henan,2011,discovery_date,2011,2012,1,114.25,31.95,TRUE,TRUE,河南董寨鸟类,national,野生动物,1982,0,860164.913732805,3430906.71850623,Henan,1196,TRUE,TRUE,TRUE,TRUE,"","",unknown,1.53155002593994,1092,127,0.213808908135841,0.0439882479651097,0.0594135815288783,411521,Henan,411500,Henan,TRUE,TRUE
1196,Phylloscopus tenellipes,Henan,2011,discovery_date,2011,2011,0,114.25,31.97,TRUE,TRUE,河南董寨鸟类,national,野生动物,1982,0,859955.440446214,3433148.49591835,Henan,1196,TRUE,TRUE,TRUE,TRUE,"","",unknown,1.53155002593994,1092,127,0.213808908135841,0.0439882479651097,0.0594135815288783,411521,Henan,411500,Henan,TRUE,TRUE
1196,Turdus rubrocanus,Henan,2019,discovery_date,2019,2020,1,114.25,31.94,TRUE,TRUE,河南董寨鸟类,national,野生动物,1982,0,860269.648018449,3429785.85503169,Henan,1196,TRUE,TRUE,TRUE,TRUE,"","",unknown,1.53155002593994,1092,127,0.213808908135841,0.0439882479651097,0.0594135815288783,411521,Henan,411500,Henan,TRUE,TRUE
1197,Cyornis glaucicomans,Henan,2019,discovery_date,2019,2021,2,114.4,31.81,TRUE,TRUE,河南董寨鸟类,national,野生动物,1982,0,875562.002697085,3416528.50899639,Henan,1197,TRUE,TRUE,TRUE,TRUE,"","",unknown,1.56991662979126,1103,76,0.213808908135841,0.0439882479651097,0.0594135815288783,411521,Henan,411500,Henan,TRUE,TRUE
1197,Phylloscopus intermedius,Henan,2022,discovery_date,2022,2022,0,114.4,31.81,TRUE,TRUE,河南董寨鸟类,national,野生动物,1982,0,875562.002697085,3416528.50899639,Henan,1197,TRUE,TRUE,TRUE,TRUE,"","",unknown,1.56991662979126,1103,76,0.213808908135841,0.0439882479651097,0.0594135815288783,411521,Henan,411500,Henan,TRUE,TRUE
1198,Pterorhinus sannio,Henan,2014,discovery_date,2014,2017,3,115.27,31.72,FALSE,FALSE,上涉湖湿地,local,湿地生态,2006,4.99798772809384,957367.025358005,3414480.19977678,Henan,1198,FALSE,FALSE,FALSE,TRUE,"","",unknown,1.57969999313355,1127,73,0.213808908135841,0.0439882479651097,0.0594135815288783,411524,Henan,411500,Henan,TRUE,TRUE
1202,Accipiter virgatus,Anhui,2011,discovery_date,2011,2012,1,117.12,31.77,FALSE,FALSE,安徽鹞落坪国家级自然保护区,national,森林生态,1991,117.235863897106,1128346.64268288,3439504.91143607,Anhui,1202,FALSE,FALSE,FALSE,FALSE,"","",unknown,1.59158334732056,1137,6,0.22778909196967,0.0441725398814915,0.0682618595424368,340123,Anhui,340100,Anhui,TRUE,TRUE
1202,Anthus gustavi,Anhui,2020,discovery_date,2020,2024,4,117.26,31.66,FALSE,FALSE,盘台,local,森林生态,2006,114.80549247433,1142839.17146626,3428820.60706694,Anhui,1202,FALSE,FALSE,FALSE,FALSE,观察和拍摄,"",birdwatching,1.59158334732056,1137,6,0.22778909196967,0.0441725398814915,0.0682618595424368,340111,Anhui,340100,Anhui,TRUE,TRUE
1202,Phylloscopus tephrocephalus,Anhui,2022,discovery_date,2022,2024,2,117.27,31.84,FALSE,FALSE,盘台,local,森林生态,2006,127.653181271096,1141269.36995825,3449038.64231783,Anhui,1202,FALSE,FALSE,FALSE,FALSE,听到鸣叫，观察和拍摄,"",birdwatching,1.59158334732056,1137,6,0.22778909196967,0.0441725398814915,0.0682618595424368,340111,Anhui,340100,Anhui,TRUE,TRUE
1202,Regulus regulus,Anhui,2011,discovery_date,2011,2011,0,117.19,31.88,FALSE,FALSE,安徽鹞落坪国家级自然保护区,national,森林生态,1991,130.287812106174,1133314.45352034,3452590.50366213,Anhui,1202,FALSE,FALSE,FALSE,FALSE,"","",unknown,1.59158334732056,1137,6,0.22778909196967,0.0441725398814915,0.0682618595424368,340103,Anhui,340100,Anhui,TRUE,TRUE
1202,Turdus feae,Anhui,2022,discovery_date,2022,2024,2,117.27,31.83,FALSE,FALSE,盘台,local,森林生态,2006,126.851848228697,1141408.12271148,3447921.66914165,Anhui,1202,FALSE,FALSE,FALSE,FALSE,观察和拍摄,"",birdwatching,1.59158334732056,1137,6,0.22778909196967,0.0441725398814915,0.0682618595424368,340111,Anhui,340100,Anhui,TRUE,TRUE
1203,Chalcophaps indica,Anhui,2023,discovery_date,2023,2023,0,117.91,31.64,FALSE,FALSE,盘台,local,森林生态,2006,71.2592624091484,1203388.74306737,3434268.69702008,Anhui,1203,FALSE,FALSE,FALSE,FALSE,"","",unknown,1.61205005645752,1166,12,0.22778909196967,0.0441725398814915,0.0682618595424368,340181,Anhui,340100,Anhui,TRUE,TRUE
1204,Urosphena squameiceps,Anhui,2013,discovery_date,2013,2017,4,118.5,31.69,FALSE,FALSE,盘台,local,森林生态,2006,47.0606967263073,1257290.22018107,3447156.952178,Anhui,1204,FALSE,FALSE,FALSE,FALSE,"","",unknown,1.59596662521362,1114,5,0.22778909196967,0.0441725398814915,0.0682618595424368,340503,Anhui,340500,Anhui,TRUE,TRUE
1205,Emberiza siemsseni,Jiangsu,2023,discovery_date,2023,2024,1,118.83,31.64,FALSE,FALSE,固城湖,local,野生动物,1987,36.3696055077894,1288608.54608652,3445815.0205124,Anhui,1205,FALSE,FALSE,FALSE,FALSE,"","",unknown,1.56988334655762,1101,4,0.108386098725391,0.0217271318036011,0.0534683116468678,320115,Jiangsu,320100,Jiangsu,TRUE,TRUE
1206,Lophura nycthemera,Jiangsu,2016,discovery_date,2016,2017,1,119.58,31.23,FALSE,FALSE,盘台,local,森林生态,2006,9.79033267511222,1364748.16940768,3410189.53939896,Jiangsu,1206,FALSE,FALSE,FALSE,FALSE,"","",unknown,1.58118333816528,1130,12,0.108386098725391,0.0217271318036011,0.0534683116468678,320282,Jiangsu,320200,Jiangsu,TRUE,TRUE
1206,Turdus ruficollis,Jiangsu,2013,discovery_date,2013,2021,8,119.49,31.55,FALSE,FALSE,盘台,local,森林生态,2006,32.2008441481925,1351149.43152065,3444565.90379279,Jiangsu,1206,FALSE,FALSE,FALSE,FALSE,"","",unknown,1.58118333816528,1130,12,0.108386098725391,0.0217271318036011,0.0534683116468678,320481,Jiangsu,320400,Jiangsu,TRUE,TRUE
1207,Cyornis glaucicomans,Jiangsu,2023,discovery_date,2023,2024,1,120.24,31.51,FALSE,FALSE,江苏吴县光福,provincial,森林生态,1981,34.2649566447549,1421236.28096879,3450587.9613126,Jiangsu,1207,FALSE,FALSE,FALSE,FALSE,"","",unknown,1.56893329620361,1047,0,0.108386098725391,0.0217271318036011,0.0534683116468678,320211,Jiangsu,320200,Jiangsu,TRUE,TRUE
1207,Fringilla coelebs,Jiangsu,2023,discovery_date,2023,2024,1,120.24,31.51,FALSE,FALSE,江苏吴县光福,provincial,森林生态,1981,34.2649566447549,1421236.28096879,3450587.9613126,Jiangsu,1207,FALSE,FALSE,FALSE,FALSE,"","",unknown,1.56893329620361,1047,0,0.108386098725391,0.0217271318036011,0.0534683116468678,320211,Jiangsu,320200,Jiangsu,TRUE,TRUE
1208,Ptyonoprogne rupestris,Jiangsu,2021,discovery_date,2021,2024,3,120.48,31.3,FALSE,FALSE,江苏吴县光福,provincial,森林生态,1981,7.44253732505062,1447105.76450933,3430716.40969476,Jiangsu,1208,FALSE,FALSE,FALSE,FALSE,"","",unknown,1.62291660308838,953,8,0.108386098725391,0.0217271318036011,0.0534683116468678,320505,Jiangsu,320500,Jiangsu,TRUE,TRUE
1209,Ardenna pacifica,Shanghai,2012,discovery_date,2012,2013,1,121.32,31.35,FALSE,FALSE,上海九段沙湿地国家级自然保护区,national,湿地生态,2000,42.9043160474186,1524020.56842465,3448836.93272526,Shanghai,1209,FALSE,FALSE,FALSE,FALSE,救助,分布变化,professional_survey,1.58934993743896,1014,5,0.108386098725391,0.0217271318036011,0.0534683116468678,310114,Shanghai,310000,Shanghai,TRUE,TRUE
1209,Halcyon smyrnensis,Shanghai,2009,discovery_date,2009,2009,0,121,31.07,FALSE,FALSE,江苏吴县光福,provincial,森林生态,1981,45.1291971871164,1499451.58441046,3412896.50336845,Shanghai,1209,FALSE,FALSE,FALSE,FALSE,观察,分布变化,birdwatching,1.58934993743896,1014,5,0.108386098725391,0.0217271318036011,0.0534683116468678,310118,Shanghai,310000,Shanghai,TRUE,TRUE
1209,Phylloscopus castaniceps,Shanghai,2011,discovery_date,2011,2013,2,121.15,31.08,FALSE,FALSE,上海金山三岛,provincial,海洋海岸,1991,47.7422474192956,1513203.25122414,3416281.83069679,Shanghai,1209,FALSE,FALSE,FALSE,FALSE,观察拍摄,分布变化,birdwatching,1.58934993743896,1014,5,0.108386098725391,0.0217271318036011,0.0534683116468678,310117,Shanghai,310000,Shanghai,TRUE,TRUE
1240,Anastomus oscitans,Qinghai,2023,discovery_date,2023,2024,1,96.57,32.58,FALSE,FALSE,青海玉树隆宝,national,湿地生态,1986,61.0782018318921,-778087.152724033,3494815.59460106,Qinghai,1240,FALSE,FALSE,FALSE,FALSE,"","",unknown,0.209300017356873,533,4028,0.025943770905657,0.0199916177277117,0.019640334825541,632701,Qinghai,632700,Qinghai,TRUE,TRUE
1249,Amaurornis phoenicurus,Qinghai,2013,discovery_date,2013,2015,2,101.07,32.68,FALSE,FALSE,四川严波也则山,local,野生动物,2001,5.20144373140344,-362633.608274428,3480208.43817795,Qinghai,1249,FALSE,FALSE,FALSE,FALSE,观察拍摄,分布变化,birdwatching,-0.19174998998642,747,4329,0.025943770905657,0.0199916177277117,0.019640334825541,513230,Sichuan,513200,Sichuan,FALSE,FALSE
1249,Certhia himalayana,Qinghai,2013,discovery_date,2013,2014,1,101.05,32.7,FALSE,FALSE,四川严波也则山,local,野生动物,2001,7.99554559502543,-364388.451910024,3482533.74733384,Qinghai,1249,FALSE,FALSE,FALSE,FALSE,观察拍摄,分布变化或缺乏调查,birdwatching,-0.19174998998642,747,4329,0.025943770905657,0.0199916177277117,0.019640334825541,632622,Qinghai,632600,Qinghai,TRUE,TRUE
1249,Dendrocopos hyperythrus,Qinghai,2013,discovery_date,2013,2015,2,101.03,32.68,FALSE,FALSE,四川严波也则山,local,野生动物,2001,8.50940965479549,-366322.5780167,3480355.28570706,Qinghai,1249,FALSE,FALSE,FALSE,FALSE,"","",unknown,-0.19174998998642,747,4329,0.025943770905657,0.0199916177277117,0.019640334825541,632622,Qinghai,632600,Qinghai,TRUE,TRUE
1255,Lonchura striata,Gansu,2009,discovery_date,2009,2011,2,104.69,32.95,FALSE,FALSE,甘肃白水江,national,野生动物,1963,8.89849206611875,-28517.0895068378,3503506.58955014,Gansu,1255,FALSE,FALSE,FALSE,FALSE,"","",unknown,0.210350012779236,810,3346,0.170586572735392,0.0823993028940886,0.0604800763272079,621222,Gansu,621200,Gansu,TRUE,TRUE
1255,Nisaetus nipalensis,Gansu,2006,discovery_date,2006,2007,1,104.71,32.93,FALSE,FALSE,甘肃白水江,national,野生动物,1963,6.98027820542264,-26683.8683256321,3501246.46383269,Gansu,1255,FALSE,FALSE,FALSE,FALSE,"","",unknown,0.210350012779236,810,3346,0.170586572735392,0.0823993028940886,0.0604800763272079,621222,Gansu,621200,Gansu,TRUE,TRUE
1256,Monticola gularis,Sichuan,2011,discovery_date,2011,2013,2,104.76,32.58,TRUE,TRUE,四川唐家河,national,野生动物,1986,0,-22178.5668779687,3461788.54942884,Sichuan,1256,TRUE,TRUE,TRUE,TRUE,"","",unknown,1.11561670303345,723,1575,0.170586572735392,0.0823993028940886,0.0604800763272079,510822,Sichuan,510800,Sichuan,TRUE,TRUE
1256,Otus lettia,Gansu,2023,discovery_date,2023,2024,1,105.16,32.64,TRUE,TRUE,甘肃白水江,national,野生动物,1963,0,14774.8235247372,3468534.49668012,Sichuan,1256,TRUE,TRUE,TRUE,TRUE,"","",unknown,1.11561670303345,723,1575,0.170586572735392,0.0823993028940886,0.0604800763272079,621222,Gansu,621200,Gansu,TRUE,TRUE
1257,Accipiter trivirgatus,Gansu,2020,discovery_date,2020,2022,2,105.32,32.85,TRUE,FALSE,裕河金丝猴,provincial,野生动物,2002,0,29473.3251705305,3492237.25305554,Gansu,1257,TRUE,TRUE,TRUE,TRUE,"","",unknown,1.33133335113525,779,1130,0.172594181637433,0.0614651285579834,0.0502349422385811,621202,Gansu,621200,Gansu,TRUE,TRUE
1257,Eumyias thalassinus,Gansu,2019,discovery_date,2019,2020,1,105.38,32.87,TRUE,FALSE,裕河金丝猴,provincial,野生动物,2002,0,34990.9202120126,3494511.06766298,Gansu,1257,TRUE,TRUE,TRUE,TRUE,观察拍摄,分布变化,birdwatching,1.33133335113525,779,1130,0.172594181637433,0.0614651285579834,0.0502349422385811,621202,Gansu,621200,Gansu,TRUE,TRUE
1257,Grus japonensis,Sichuan,2023,discovery_date,2023,2024,1,105.48,32.67,FALSE,FALSE,甘肃白水江,national,野生动物,1963,8.90833156316544,44307.9725686053,3472010.32737003,Sichuan,1257,FALSE,FALSE,FALSE,FALSE,"","",unknown,1.33133335113525,779,1130,0.172594181637433,0.0614651285579834,0.0502349422385811,510822,Sichuan,510800,Sichuan,TRUE,TRUE
1257,Ixos mcclellandii,Gansu,2016,discovery_date,2016,2016,0,105.57,32.94,TRUE,FALSE,裕河金丝猴,provincial,野生动物,2002,0,52440.9176901044,3502485.31266783,Shaanxi,1257,TRUE,TRUE,TRUE,TRUE,"","",unknown,1.33133335113525,779,1130,0.172594181637433,0.0614651285579834,0.0502349422385811,621202,Gansu,621200,Gansu,TRUE,TRUE
1257,Psilopogon virens,Gansu,2016,discovery_date,2016,2017,1,105.51,32.97,TRUE,FALSE,裕河金丝猴,provincial,野生动物,2002,0,46903.4997870676,3505837.1705424,Shaanxi,1257,TRUE,TRUE,TRUE,TRUE,"","",unknown,1.33133335113525,779,1130,0.172594181637433,0.0614651285579834,0.0502349422385811,621202,Gansu,621200,Gansu,TRUE,TRUE
1257,Staphida torqueola,Gansu,2021,discovery_date,2021,2022,1,105.47,32.88,FALSE,FALSE,陕西青木川,national,野生动物,2003,1.61652383767108,43272.851252844,3495673.72728596,Sichuan,1257,FALSE,FALSE,TRUE,TRUE,"","",unknown,1.33133335113525,779,1130,0.172594181637433,0.0614651285579834,0.0502349422385811,510822,Sichuan,510800,Sichuan,FALSE,FALSE
1257,Yuhina nigrimenta,Gansu,2016,discovery_date,2016,2017,1,105.38,32.88,FALSE,FALSE,裕河金丝猴,provincial,野生动物,2002,0.0211095522388142,34986.6058440844,3495638.25537463,Gansu,1257,FALSE,TRUE,TRUE,TRUE,"","",unknown,1.33133335113525,779,1130,0.172594181637433,0.0614651285579834,0.0502349422385811,621202,Gansu,621200,Gansu,TRUE,TRUE
1260,Podiceps nigricollis,Shaanxi,2002,discovery_date,2002,2007,5,106.9,32.95,FALSE,FALSE,四川大小兰沟,provincial,野生植物,1991,25.357549575751,174771.776691382,3505134.48017087,Shaanxi,1260,FALSE,FALSE,FALSE,FALSE,观察,分布变化,birdwatching,1,941,1593,0.192968737556714,0.0548750555002221,0.0571667460837103,610703,Shaanxi,610700,Shaanxi,TRUE,TRUE
1260,Yuhina nigrimenta,Shaanxi,2006,discovery_date,2006,2007,1,107.25,32.55,FALSE,FALSE,陕西龙池,provincial,森林生态,2002,9.19661878903636,207983.068150756,3460738.38422765,Shaanxi,1260,FALSE,FALSE,FALSE,FALSE,观察,分布变化,birdwatching,1,941,1593,0.192968737556714,0.0548750555002221,0.0571667460837103,610703,Shaanxi,610700,Shaanxi,TRUE,TRUE
1263,Garrulax monileger,Shaanxi,2020,discovery_date,2020,2020,0,108.71,32.67,FALSE,FALSE,重庆大巴山,national,野生植物,1979,55.9513120804461,342385.339825206,3478301.22637873,Shaanxi,1263,FALSE,FALSE,FALSE,FALSE,观察拍摄,分布变化,birdwatching,1.35325002670288,949,782,0.192968737556714,0.0548750555002221,0.0571667460837103,610902,Shaanxi,610900,Shaanxi,TRUE,TRUE
1263,Melanitta stejnegeri,Shaanxi,2016,discovery_date,2016,2017,1,109.04,32.71,FALSE,FALSE,陕西化龙山,national,森林生态,2001,70.0596175692664,372640.595504411,3483993.85080375,Shaanxi,1263,FALSE,FALSE,FALSE,FALSE,"","",unknown,1.35325002670288,949,782,0.192968737556714,0.0548750555002221,0.0571667460837103,610902,Shaanxi,610900,Shaanxi,TRUE,TRUE
1263,Podiceps auritus,Shaanxi,2016,discovery_date,2016,2017,1,109.03,32.71,FALSE,FALSE,陕西化龙山,national,森林生态,2001,70.4130013839721,371718.725080881,3483956.36318526,Shaanxi,1263,FALSE,FALSE,FALSE,FALSE,"","",unknown,1.35325002670288,949,782,0.192968737556714,0.0548750555002221,0.0571667460837103,610902,Shaanxi,610900,Shaanxi,TRUE,TRUE
1263,Prinia inornata,Shaanxi,2023,discovery_date,2023,2023,0,108.7,32.75,FALSE,FALSE,重庆大巴山,national,野生植物,1979,64.6505928326795,341126.977860297,3487276.1807285,Shaanxi,1263,FALSE,FALSE,FALSE,FALSE,"","",unknown,1.35325002670288,949,782,0.192968737556714,0.0548750555002221,0.0571667460837103,610902,Shaanxi,610900,Shaanxi,TRUE,TRUE
1265,Aquila fasciata,Shaanxi,2020,discovery_date,2020,2020,0,110.01,32.85,FALSE,FALSE,湖北赛武当,national,森林生态,1987,65.8066227673699,461246.726216111,3503830.16779491,Hubei,1265,FALSE,FALSE,FALSE,FALSE,救助,分布变化,professional_survey,1.38826665878296,951,761,0.192968737556714,0.0548750555002221,0.0571667460837103,610929,Shaanxi,610900,Shaanxi,TRUE,TRUE
1279,Emberiza yessoensis,Anhui,2016,discovery_date,2016,2017,1,117.44,32.29,FALSE,FALSE,铁山寺,local,森林生态,1990,111.538754550242,1150667.20341457,3501276.60388799,Anhui,1279,FALSE,FALSE,FALSE,FALSE,"","",unknown,1.54674997329712,1018,66,0.22778909196967,0.0441725398814915,0.0682618595424368,341125,Anhui,341100,Anhui,TRUE,TRUE
1281,Abroscopus albogularis,Jiangsu,2017,discovery_date,2017,2019,2,118.55,32.06,FALSE,FALSE,雨花台,local,地质遗迹,1984,59.8272172190843,1256251.37576985,3489052.16137533,Jiangsu,1281,FALSE,FALSE,FALSE,FALSE,"","",unknown,1.55205001831055,1019,28,0.108386098725391,0.0217271318036011,0.0534683116468678,320111,Jiangsu,320100,Jiangsu,TRUE,TRUE
1281,Halcyon smyrnensis,Jiangsu,2006,discovery_date,2006,2010,4,118.62,32.12,FALSE,FALSE,雨花台,local,地质遗迹,1984,51.550641127562,1261776.65625512,3496632.63798062,Jiangsu,1281,FALSE,FALSE,FALSE,FALSE,"","",unknown,1.55205001831055,1019,28,0.108386098725391,0.0217271318036011,0.0534683116468678,320111,Jiangsu,320100,Jiangsu,TRUE,TRUE
1282,Garrulax monileger,Jiangsu,2007,discovery_date,2007,2009,2,118.84,32.07,FALSE,FALSE,雨花台,local,地质遗迹,1984,35.0947942954255,1282808.93831972,3493875.72866149,Jiangsu,1282,FALSE,FALSE,FALSE,FALSE,"","",unknown,1.54846668243408,1050,33,0.108386098725391,0.0217271318036011,0.0534683116468678,320102,Jiangsu,320100,Jiangsu,TRUE,TRUE
1282,Pterorhinus berthemyi,Jiangsu,2007,discovery_date,2007,2009,2,118.86,32.06,FALSE,FALSE,雨花台,local,地质遗迹,1984,34.2248280300766,1284807.33549438,3493019.3419292,Jiangsu,1282,FALSE,FALSE,FALSE,FALSE,"","",unknown,1.54846668243408,1050,33,0.108386098725391,0.0217271318036011,0.0534683116468678,320102,Jiangsu,320100,Jiangsu,TRUE,TRUE
1282,Pterorhinus pectoralis,Jiangsu,2007,discovery_date,2007,2009,2,118.85,32.07,FALSE,FALSE,雨花台,local,地质遗迹,1984,34.3240249581974,1283729.8049982,3494004.9853559,Jiangsu,1282,FALSE,FALSE,FALSE,FALSE,"","",unknown,1.54846668243408,1050,33,0.108386098725391,0.0217271318036011,0.0534683116468678,320102,Jiangsu,320100,Jiangsu,TRUE,TRUE
1285,Eumyias thalassinus,Jiangsu,2016,discovery_date,2016,2019,3,120.4,31.99,FALSE,FALSE,镇江长江豚类,provincial,野生动物,2002,45.2520529307699,1427692.43396743,3506261.35474511,"",1285,FALSE,FALSE,FALSE,FALSE,"","",unknown,1.55939998626709,980,6,0.108386098725391,0.0217271318036011,0.0534683116468678,320582,Jiangsu,320500,Jiangsu,TRUE,TRUE
1285,Macropygia unchall,Jiangsu,2021,discovery_date,2021,2024,3,120.73,31.65,FALSE,FALSE,江苏吴县光福,provincial,森林生态,1981,35.8165295035615,1464069.98028639,3473268.56715547,Jiangsu,1285,FALSE,FALSE,FALSE,FALSE,"","",unknown,1.55939998626709,980,6,0.108386098725391,0.0217271318036011,0.0534683116468678,320581,Jiangsu,320500,Jiangsu,TRUE,TRUE
1285,Oenanthe oenanthe,Jiangsu,2023,discovery_date,2023,2024,1,120.83,31.79,FALSE,FALSE,江苏吴县光福,provincial,森林生态,1981,54.058654697012,1470797.26687407,3490303.05703569,"",1285,FALSE,FALSE,FALSE,FALSE,"","",unknown,1.55939998626709,980,6,0.108386098725391,0.0217271318036011,0.0534683116468678,320581,Jiangsu,320500,Jiangsu,TRUE,TRUE
1285,Onychoprion anaethetus,Jiangsu,2021,discovery_date,2021,2025,4,120.82,31.87,FALSE,FALSE,江苏吴县光福,provincial,森林生态,1981,61.8891057588176,1468447.27429703,3499045.28007388,"",1285,FALSE,FALSE,FALSE,FALSE,"","",unknown,1.55939998626709,980,6,0.108386098725391,0.0217271318036011,0.0534683116468678,320582,Jiangsu,320500,Jiangsu,TRUE,TRUE
1285,Pericrocotus ethologus,Jiangsu,2022,discovery_date,2022,2024,2,120.82,31.85,FALSE,FALSE,江苏吴县光福,provincial,森林生态,1981,59.8081868842853,1468804.47871247,3496822.59754734,"",1285,FALSE,FALSE,FALSE,FALSE,"","",unknown,1.55939998626709,980,6,0.108386098725391,0.0217271318036011,0.0534683116468678,320582,Jiangsu,320500,Jiangsu,TRUE,TRUE
1287,Acrocephalus concinens,Shanghai,2005,discovery_date,2005,2006,1,121.4,31.62,FALSE,FALSE,上海崇明东滩鸟类,national,野生动物,1998,42.5382637324477,1526428.82482636,3480027.81397732,Shanghai,1287,FALSE,FALSE,FALSE,FALSE,网捕,分布变化或缺乏调查,professional_survey,1.55761671066284,1025,4,0.0536895101930057,0.0101659534813005,0.0342461633537944,310151,Shanghai,310000,Shanghai,TRUE,TRUE
1287,Ficedula elisae,Shanghai,2013,discovery_date,2013,2018,5,121.48,31.72,FALSE,FALSE,上海崇明东滩鸟类,national,野生动物,1998,40.452799228092,1531947.15773724,3492358.80487252,Jiangsu,1287,FALSE,FALSE,FALSE,FALSE,观察拍摄,分布变化,birdwatching,1.55761671066284,1025,4,0.0536895101930057,0.0101659534813005,0.0342461633537944,310151,Shanghai,310000,Shanghai,TRUE,TRUE
1287,Helopsaltes pryeri,Shanghai,2004,discovery_date,2004,2006,2,121.4,31.62,FALSE,FALSE,上海崇明东滩鸟类,national,野生动物,1998,42.5382637324477,1526428.82482636,3480027.81397732,Shanghai,1287,FALSE,FALSE,FALSE,FALSE,网捕,分布变化或缺乏调查,professional_survey,1.55761671066284,1025,4,0.0536895101930057,0.0101659534813005,0.0342461633537944,310151,Shanghai,310000,Shanghai,TRUE,TRUE
1287,Oenanthe deserti,Shanghai,2014,discovery_date,2014,2018,4,121.75,31.38,FALSE,FALSE,上海崇明东滩鸟类,national,野生动物,1998,7.13781525861777,1563232.19794786,3458850.09991799,"",1287,FALSE,FALSE,FALSE,FALSE,观察拍摄,分布变化,birdwatching,1.55761671066284,1025,4,0.0536895101930057,0.0101659534813005,0.0342461633537944,310151,Shanghai,310000,Shanghai,TRUE,TRUE
1287,Urile pelagicus,Jiangsu,2023,discovery_date,2023,2024,1,121.54,31.77,FALSE,FALSE,上海崇明东滩鸟类,national,野生动物,1998,37.7363984540172,1536539.9133138,3498835.40437121,Jiangsu,1287,FALSE,FALSE,FALSE,FALSE,"","",unknown,1.55761671066284,1025,4,0.0536895101930057,0.0101659534813005,0.0342461633537944,320681,Jiangsu,320600,Jiangsu,TRUE,TRUE
1334,Ciconia boyciana,Gansu,2023,discovery_date,2023,2024,1,105.02,33.35,FALSE,FALSE,裕河金丝猴,provincial,野生动物,2002,41.7105028338576,1830.72924954362,3548565.24073452,Gansu,1334,FALSE,FALSE,FALSE,FALSE,"","",unknown,1.04316663742065,653,1666,0.170586572735392,0.0823993028940886,0.0604800763272079,621202,Gansu,621200,Gansu,TRUE,TRUE
1335,Butastur indicus,Gansu,2022,discovery_date,2022,2024,2,105.5,32.98,TRUE,FALSE,裕河金丝猴,provincial,野生动物,2002,0,45978.1536739241,3506959.81520845,Gansu,1335,TRUE,TRUE,TRUE,TRUE,"","",unknown,1.00089998245239,720,1692,0.170586572735392,0.0823993028940886,0.0604800763272079,621202,Gansu,621200,Gansu,TRUE,TRUE
1335,Hypsipetes leucocephalus,Gansu,2020,discovery_date,2020,2021,1,105.75,32.99,FALSE,FALSE,龙神沟,local,野生动物,1986,1.17852198574772,68958.349772442,3508231.85631321,Gansu,1335,FALSE,FALSE,TRUE,TRUE,"","",unknown,1.00089998245239,720,1692,0.170586572735392,0.0823993028940886,0.0604800763272079,621224,Gansu,621200,Gansu,TRUE,TRUE
1335,Phylloscopus tephrocephalus,Gansu,2016,discovery_date,2016,2016,0,105.41,33.14,TRUE,FALSE,裕河金丝猴,provincial,野生动物,2002,0,37627.6415756631,3524960.99992378,Gansu,1335,TRUE,TRUE,TRUE,TRUE,"","",unknown,1.00089998245239,720,1692,0.170586572735392,0.0823993028940886,0.0604800763272079,621202,Gansu,621200,Gansu,TRUE,TRUE
1335,Spodiopsar sericeus,Gansu,2015,discovery_date,2015,2015,0,105.49,33,TRUE,FALSE,裕河金丝猴,provincial,野生动物,2002,0,45047.4700352751,3509209.918678,Gansu,1335,TRUE,TRUE,TRUE,TRUE,"","",unknown,1.00089998245239,720,1692,0.170586572735392,0.0823993028940886,0.0604800763272079,621202,Gansu,621200,Gansu,TRUE,TRUE
1339,Anastomus oscitans,Shaanxi,2020,discovery_date,2020,2021,1,107.53,33.23,FALSE,FALSE,陕西汉中朱鹮,national,野生动物,1983,0.803240054675869,231907.018859385,3537986.95369945,Shaanxi,1339,FALSE,TRUE,TRUE,TRUE,观察拍摄,分布变化,birdwatching,1.38514995574951,828,584,0.192968737556714,0.0548750555002221,0.0571667460837103,610723,Shaanxi,610700,Shaanxi,TRUE,TRUE
1345,Merops philippinus,Henan,2022,discovery_date,2022,2023,1,111.24,33.06,TRUE,FALSE,白龟山湿地,provincial,湿地生态,2007,0,572865.560797154,3533872.06313743,Henan,1345,TRUE,TRUE,TRUE,TRUE,"","",unknown,1.56680002212524,857,362,0.217144813451741,0.0431056373179286,0.0631284864935155,411326,Henan,411300,Henan,TRUE,TRUE
1346,Treron sieboldii,Henan,2022,discovery_date,2022,2024,2,111.3,33.04,TRUE,FALSE,白龟山湿地,provincial,湿地生态,2007,0,578509.514072159,3531969.59180248,Henan,1346,TRUE,TRUE,TRUE,TRUE,"","",unknown,1.57426662445068,898,269,0.213808908135841,0.0439882479651097,0.0594135815288783,411326,Henan,411300,Henan,TRUE,TRUE
1360,Aviceda leuphotes,Jiangsu,2006,discovery_date,2006,2010,4,119.07,32.25,FALSE,FALSE,雨花台,local,地质遗迹,1984,7.94189568560821,1301122.53521766,3516938.73526783,Jiangsu,1360,FALSE,FALSE,FALSE,FALSE,"","",unknown,1.52519998550415,980,42,0.108386098725391,0.0217271318036011,0.0534683116468678,320116,Jiangsu,320100,Jiangsu,TRUE,TRUE
1360,Circaetus gallicus,Jiangsu,2024,discovery_date,2024,2025,1,118.95,32.5,FALSE,FALSE,雨花台,local,地质遗迹,1984,34.6398738207726,1286155.04790005,3543256.36222063,Jiangsu,1360,FALSE,FALSE,FALSE,FALSE,"","",unknown,1.52519998550415,980,42,0.108386098725391,0.0217271318036011,0.0534683116468678,320116,Jiangsu,320100,Jiangsu,TRUE,TRUE
1414,Aviceda leuphotes,Gansu,2018,discovery_date,2018,2019,1,105.63,33.55,FALSE,FALSE,裕河金丝猴,provincial,野生动物,2002,47.8303357579656,57524.4322532264,3571306.89234799,Gansu,1414,FALSE,FALSE,FALSE,FALSE,"","",unknown,1.17453336715698,644,1343,0.170586572735392,0.0823993028940886,0.0604800763272079,621221,Gansu,621200,Gansu,TRUE,TRUE
1415,Accipiter soloensis,Gansu,2012,discovery_date,2012,2015,3,106.2,33.7,FALSE,FALSE,甘肃小陇山,national,野生动物,1982,3.55708853558078,109363.875618556,3588708.04130319,Gansu,1415,FALSE,FALSE,FALSE,TRUE,"","",unknown,1.19879999160767,711,1247,0.170586572735392,0.0823993028940886,0.0604800763272079,621227,Gansu,621200,Gansu,TRUE,TRUE
1418,Anthus godlewskii,Shaanxi,2005,discovery_date,2005,2007,2,107.98,33.53,FALSE,FALSE,陕西佛坪,national,野生动物,1978,5.14781778241233,272128.375276974,3572952.61717597,Shaanxi,1418,FALSE,FALSE,FALSE,FALSE,观察,分布变化,birdwatching,0.81676664352417,823,1736,0.192968737556714,0.0548750555002221,0.0571667460837103,610730,Shaanxi,610700,Shaanxi,TRUE,TRUE
1418,Cacomantis merulinus,Shaanxi,2015,discovery_date,2015,2016,1,107.5,33.65,TRUE,TRUE,陕西长青,national,野生动物,1994,0,227964.913832852,3585276.2483461,Shaanxi,1418,TRUE,TRUE,TRUE,TRUE,"","",unknown,0.81676664352417,823,1736,0.192968737556714,0.0548750555002221,0.0571667460837103,610723,Shaanxi,610700,Shaanxi,TRUE,TRUE
1418,Ficedula hyperythra,Shaanxi,2006,discovery_date,2006,2007,1,107.98,33.53,FALSE,FALSE,陕西佛坪,national,野生动物,1978,5.14781778241233,272128.375276974,3572952.61717597,Shaanxi,1418,FALSE,FALSE,FALSE,FALSE,观察,分布变化,birdwatching,0.81676664352417,823,1736,0.192968737556714,0.0548750555002221,0.0571667460837103,610730,Shaanxi,610700,Shaanxi,TRUE,TRUE
1418,Hierococcyx nisicolor,Shaanxi,2014,discovery_date,2014,2016,2,107.5,33.65,TRUE,TRUE,陕西长青,national,野生动物,1994,0,227964.913832852,3585276.2483461,Shaanxi,1418,TRUE,TRUE,TRUE,TRUE,"","",unknown,0.81676664352417,823,1736,0.192968737556714,0.0548750555002221,0.0571667460837103,610723,Shaanxi,610700,Shaanxi,TRUE,TRUE
1418,Monticola rufiventris,Shaanxi,2005,discovery_date,2005,2007,2,107.76,33.6,TRUE,TRUE,陕西佛坪,national,野生动物,1978,0,251824.2416198,3580265.56039335,Shaanxi,1418,TRUE,TRUE,TRUE,TRUE,观察,分布变化,birdwatching,0.81676664352417,823,1736,0.192968737556714,0.0548750555002221,0.0571667460837103,610730,Shaanxi,610700,Shaanxi,TRUE,TRUE
1418,Rallus aquaticus,Shaanxi,2018,discovery_date,2018,2025,7,107.53,33.61,FALSE,FALSE,陕西长青,national,野生动物,1994,2.42379487475124,230814.891461909,3580834.26163041,Shaanxi,1418,FALSE,FALSE,TRUE,TRUE,"","",unknown,0.81676664352417,823,1736,0.192968737556714,0.0548750555002221,0.0571667460837103,610723,Shaanxi,610700,Shaanxi,TRUE,TRUE
1418,Tarsiger indicus,Shaanxi,2015,discovery_date,2015,2018,3,107.83,33.67,TRUE,TRUE,陕西佛坪,national,野生动物,1978,0,257984.295868986,3588339.51171378,Shaanxi,1418,TRUE,TRUE,TRUE,TRUE,"","",unknown,0.81676664352417,823,1736,0.192968737556714,0.0548750555002221,0.0571667460837103,610730,Shaanxi,610700,Shaanxi,TRUE,TRUE
1418,Turdus boulboul,Shaanxi,2006,discovery_date,2006,2007,1,107.98,33.53,FALSE,FALSE,陕西佛坪,national,野生动物,1978,5.14781778241233,272128.375276974,3572952.61717597,Shaanxi,1418,FALSE,FALSE,FALSE,FALSE,观察,分布变化,birdwatching,0.81676664352417,823,1736,0.192968737556714,0.0548750555002221,0.0571667460837103,610730,Shaanxi,610700,Shaanxi,TRUE,TRUE
1421,Mergus serrator,Shaanxi,2016,discovery_date,2016,2017,1,109.17,33.42,FALSE,FALSE,东秦岭地质剖面,provincial,地质遗迹,1990,31.8961664665751,381263.310515338,3564468.35833587,Shaanxi,1421,FALSE,FALSE,FALSE,FALSE,观察拍摄,分布变化,birdwatching,1.19204998016357,760,938,0.192968737556714,0.0548750555002221,0.0571667460837103,611025,Shaanxi,611000,Shaanxi,TRUE,TRUE
1426,Alcippe morrisonia,Henan,2015,discovery_date,2015,2016,1,111.82,33.25,FALSE,FALSE,河南南阳恐龙蛋化石群国家级自然保护区,national,古生物遗迹,1998,0.722531286751675,624561.917055998,3558747.61475859,Henan,1426,FALSE,TRUE,TRUE,TRUE,"","",unknown,1.31653337478638,846,708,0.213808908135841,0.0439882479651097,0.0594135815288783,411325,Henan,411300,Henan,TRUE,TRUE
1426,Delichon dasypus,Henan,2016,discovery_date,2016,2018,2,111.88,33.48,FALSE,FALSE,河南南阳恐龙蛋化石群国家级自然保护区,national,古生物遗迹,1998,1.31677430211392,628251.621692579,3585005.19929937,Henan,1426,FALSE,FALSE,TRUE,TRUE,"","",unknown,1.31653337478638,846,708,0.213808908135841,0.0439882479651097,0.0594135815288783,411325,Henan,411300,Henan,TRUE,TRUE
1426,Pyrrhula nipalensis,Henan,2023,discovery_date,2023,2024,1,111.93,33.5,TRUE,TRUE,河南内乡宝天曼,national,森林生态,1980,0,632652.664925101,3587573.28799688,Henan,1426,TRUE,TRUE,TRUE,TRUE,"","",unknown,1.31653337478638,846,708,0.213808908135841,0.0439882479651097,0.0594135815288783,411325,Henan,411300,Henan,TRUE,TRUE
1426,Turdus boulboul,Henan,2016,discovery_date,2016,2020,4,111.92,33.5,TRUE,TRUE,河南内乡宝天曼,national,森林生态,1980,0,631741.226171907,3587509.61026156,Henan,1426,TRUE,TRUE,TRUE,TRUE,"","",unknown,1.31653337478638,846,708,0.213808908135841,0.0439882479651097,0.0594135815288783,411325,Henan,411300,Henan,TRUE,TRUE
1429,Elanus caeruleus,Henan,2013,discovery_date,2013,2014,1,113.74,33.54,FALSE,FALSE,河南伏牛山,national,森林生态,1982,134.424704237913,797111.512364389,3605105.12098771,Henan,1429,FALSE,FALSE,FALSE,FALSE,"","",unknown,1.50231666564941,832,81,0.213808908135841,0.0439882479651097,0.0594135815288783,411121,Henan,411100,Henan,TRUE,TRUE
1432,Emberiza leucocephalos,Anhui,2012,discovery_date,2012,2013,1,115.6,33.25,FALSE,FALSE,上涉湖湿地,local,湿地生态,2006,163.833311703928,969645.92736833,3589100.11210193,Anhui,1432,FALSE,FALSE,FALSE,FALSE,"","",unknown,1.52214994430542,843,38,0.22778909196967,0.0441725398814915,0.0682618595424368,341222,Anhui,341200,Anhui,TRUE,TRUE
1435,Paradoxornis heudei,Anhui,2006,discovery_date,2006,2010,4,117.17,33.17,FALSE,FALSE,洪泽湖东部湿地,provincial,湿地生态,2004,94.6475308472445,1113693.03439585,3596610.87354501,Anhui,1435,FALSE,FALSE,FALSE,FALSE,"","",unknown,1.53273334503174,786,23,0.22778909196967,0.0441725398814915,0.0682618595424368,340321,Anhui,340300,Anhui,TRUE,TRUE
1442,Anthus trivialis,Jiangsu,2023,discovery_date,2023,2024,1,120.96,32.76,FALSE,FALSE,大洞山,local,森林生态,2001,12.0540178745828,1465285.11833791,3600077.12536158,"",1442,FALSE,FALSE,FALSE,FALSE,"","",unknown,1.49484996795654,1017,4,0.108386098725391,0.0217271318036011,0.0534683116468678,,,,,FALSE,FALSE
1496,Aegithalos bonvaloti,Shaanxi,2006,discovery_date,2006,2007,1,107.75,34.16,FALSE,FALSE,陕西太白山,national,森林生态,1965,8.2433869346847,249161.850913306,3643410.56490774,Shaanxi,1496,FALSE,FALSE,FALSE,FALSE,观察，雾网捕获，标本采集,分布变化,professional_survey,0.679616641998291,744,1922,0.192968737556714,0.0548750555002221,0.0571667460837103,610326,Shaanxi,610300,Shaanxi,TRUE,TRUE
1496,Certhia tianquanensis,Shaanxi,2004,discovery_date,2004,2005,1,107.8,34.02,FALSE,FALSE,陕西太白山,national,森林生态,1965,2.16433333326812,254136.475947799,3627741.56520978,Shaanxi,1496,FALSE,FALSE,TRUE,TRUE,录音回放和捕捉辨认,重新认定为独立物种,birdwatching,0.679616641998291,744,1922,0.192968737556714,0.0548750555002221,0.0571667460837103,610326,Shaanxi,610300,Shaanxi,TRUE,TRUE
1496,Cettia brunnifrons,Shaanxi,2018,discovery_date,2018,2018,0,107.8,33.99,TRUE,TRUE,陕西太白山,national,森林生态,1965,0,254231.953959903,3624357.06181994,Shaanxi,1496,TRUE,TRUE,TRUE,TRUE,"","",unknown,0.679616641998291,744,1922,0.192968737556714,0.0548750555002221,0.0571667460837103,610124,Shaanxi,610100,Shaanxi,TRUE,TRUE
1496,Mycerobas affinis,Shaanxi,2014,discovery_date,2014,2014,0,107.78,33.93,TRUE,TRUE,陕西太白山,national,森林生态,1965,0,252606.071912417,3617537.2802924,Shaanxi,1496,TRUE,TRUE,TRUE,TRUE,"","",unknown,0.679616641998291,744,1922,0.192968737556714,0.0548750555002221,0.0571667460837103,610124,Shaanxi,610100,Shaanxi,TRUE,TRUE
1496,Phylloscopus ogilviegranti,Shaanxi,2011,discovery_date,2011,2012,1,107.78,34.06,FALSE,FALSE,陕西太白山,national,森林生态,1965,2.30916112346824,252195.29239348,3632203.40056728,Shaanxi,1496,FALSE,FALSE,TRUE,TRUE,观察拍摄，回放鸣声,分布变化,birdwatching,0.679616641998291,744,1922,0.192968737556714,0.0548750555002221,0.0571667460837103,610326,Shaanxi,610300,Shaanxi,TRUE,TRUE
1496,Prunella immaculata,Shaanxi,2007,discovery_date,2007,2007,0,107.77,33.92,TRUE,TRUE,陕西太白山,national,森林生态,1965,0,251729.135842532,3616383.7929671,Shaanxi,1496,TRUE,TRUE,TRUE,TRUE,标本采集,分布变化,professional_survey,0.679616641998291,744,1922,0.192968737556714,0.0548750555002221,0.0571667460837103,610124,Shaanxi,610100,Shaanxi,TRUE,TRUE
1496,Zoothera mollissima,Shaanxi,2004,discovery_date,2004,2007,3,107.89,34.1,FALSE,FALSE,陕西太白山,national,森林生态,1965,13.1175377818022,262040.073555383,3637001.22850555,Shaanxi,1496,FALSE,FALSE,FALSE,FALSE,观察,分布变化,birdwatching,0.679616641998291,744,1922,0.192968737556714,0.0548750555002221,0.0571667460837103,610326,Shaanxi,610300,Shaanxi,TRUE,TRUE
1498,Turdus pilaris,Shaanxi,2022,discovery_date,2022,2023,1,108.75,34.14,FALSE,FALSE,陕西牛背梁,national,野生动物,1988,29.4687751286407,339814.067280286,3644120.44463487,Shaanxi,1498,FALSE,FALSE,FALSE,FALSE,"","",unknown,1.07790002822876,684,1047,0.192968737556714,0.0548750555002221,0.0571667460837103,610116,Shaanxi,610100,Shaanxi,TRUE,TRUE
1502,Aethopyga gouldiae,Henan,2016,discovery_date,2016,2017,1,111.32,33.96,FALSE,FALSE,河南伏牛山,national,森林生态,1982,16.7843327843769,573741.766177215,3635653.80444425,Henan,1502,FALSE,FALSE,FALSE,FALSE,"","",unknown,1.25574998855591,718,965,0.213808908135841,0.0439882479651097,0.0594135815288783,410324,Henan,410300,Henan,TRUE,TRUE
1502,Prunella strophiata,Henan,2016,discovery_date,2016,2017,1,111.32,33.96,FALSE,FALSE,河南伏牛山,national,森林生态,1982,16.7843327843769,573741.766177215,3635653.80444425,Henan,1502,FALSE,FALSE,FALSE,FALSE,"","",unknown,1.25574998855591,718,965,0.213808908135841,0.0439882479651097,0.0594135815288783,410324,Henan,410300,Henan,TRUE,TRUE
1502,Pterorhinus lanceolatus,Henan,2016,discovery_date,2016,2017,1,111.32,33.96,FALSE,FALSE,河南伏牛山,national,森林生态,1982,16.7843327843769,573741.766177215,3635653.80444425,Henan,1502,FALSE,FALSE,FALSE,FALSE,"","",unknown,1.25574998855591,718,965,0.213808908135841,0.0439882479651097,0.0594135815288783,410324,Henan,410300,Henan,TRUE,TRUE
1503,Dicaeum ignipectus,Henan,2013,discovery_date,2013,2016,3,111.64,33.76,FALSE,FALSE,河南伏牛山,national,森林生态,1982,2.18205071737794,604258.021881116,3615031.1832649,Henan,1503,FALSE,FALSE,TRUE,TRUE,"","",unknown,1.01828336715698,799,1407,0.213808908135841,0.0439882479651097,0.0594135815288783,410324,Henan,410300,Henan,TRUE,TRUE
1515,Netta rufina,Anhui,2016,discovery_date,2016,2017,1,117.93,33.22,FALSE,FALSE,洪泽湖东部湿地,provincial,湿地生态,2004,24.7568761246925,1182127.42061702,3610991.48029868,Anhui,1515,FALSE,FALSE,FALSE,FALSE,"","",unknown,1.50768337249756,778,16,0.108386098725391,0.0217271318036011,0.0534683116468678,340322,Anhui,340300,Anhui,TRUE,TRUE
1520,Histrionicus histrionicus,Jiangsu,2022,discovery_date,2022,2022,0,120.85,33.12,TRUE,FALSE,大洞山,local,森林生态,2001,0,1448820.87127007,3638525.41482742,"",1520,TRUE,TRUE,TRUE,TRUE,"","",unknown,1.50150003433228,1003,1,0.108386098725391,0.0217271318036011,0.0534683116468678,320904,Jiangsu,320900,Jiangsu,TRUE,TRUE
1520,Hypothymis azurea,Jiangsu,2019,discovery_date,2019,2020,1,120.85,33.07,TRUE,FALSE,大洞山,local,森林生态,2001,0,1449717.07241588,3632959.59424359,"",1520,TRUE,TRUE,TRUE,TRUE,"","",unknown,1.50150003433228,1003,1,0.108386098725391,0.0217271318036011,0.0534683116468678,320904,Jiangsu,320900,Jiangsu,TRUE,TRUE
1520,Larvivora brunnea,Jiangsu,2019,discovery_date,2019,2020,1,120.85,33.07,TRUE,FALSE,大洞山,local,森林生态,2001,0,1449717.07241588,3632959.59424359,"",1520,TRUE,TRUE,TRUE,TRUE,"","",unknown,1.50150003433228,1003,1,0.108386098725391,0.0217271318036011,0.0534683116468678,320904,Jiangsu,320900,Jiangsu,TRUE,TRUE
1520,Muscicapa muttui,Jiangsu,2023,discovery_date,2023,2024,1,120.83,33.19,FALSE,FALSE,大洞山,local,森林生态,2001,5.17632732362941,1445755.03311374,3646026.69538994,"",1520,FALSE,FALSE,FALSE,FALSE,"","",unknown,1.50150003433228,1003,1,0.108386098725391,0.0217271318036011,0.0534683116468678,320904,Jiangsu,320900,Jiangsu,TRUE,TRUE
1520,Phylloscopus soror,Jiangsu,2021,discovery_date,2021,2021,0,120.86,33.07,TRUE,FALSE,大洞山,local,森林生态,2001,0,1450623.92909181,3633105.6619745,"",1520,TRUE,TRUE,TRUE,TRUE,"","",unknown,1.50150003433228,1003,1,0.108386098725391,0.0217271318036011,0.0534683116468678,320904,Jiangsu,320900,Jiangsu,TRUE,TRUE
1522,Bucanetes mongolicus,Tibet,2012,discovery_date,2012,2014,2,79.71,31.71,FALSE,FALSE,西藏羌塘,national,荒漠生态,1993,210.038156876717,-2336562.42086041,3663012.39077373,Tibet,1522,FALSE,FALSE,FALSE,FALSE,观察拍摄,分布变化,birdwatching,0.123266673088074,396,4213,-0.0559222994950152,0.042174245586323,0.0244374209082694,542522,Tibet,542500,Tibet,TRUE,TRUE
1571,Nipponia nippon,Gansu,2021,discovery_date,2021,2024,3,106.37,34.32,FALSE,FALSE,秦州珍稀水生野生动物,unknown,野生动物,2010,37.2157478877439,123890.606538422,3658876.17344412,Gansu,1571,FALSE,FALSE,FALSE,FALSE,"","",unknown,1.07721662521362,617,1274,0.170586572735392,0.0823993028940886,0.0604800763272079,620503,Gansu,620500,Gansu,TRUE,TRUE
1574,Cygnus olor,Shaanxi,2015,discovery_date,2015,2016,1,107.66,34.31,FALSE,FALSE,陕西太白山,national,森林生态,1965,25.1442394091235,240555.823845593,3660115.18716043,Shaanxi,1574,FALSE,FALSE,FALSE,FALSE,观察拍摄,分布变化,birdwatching,1.1949333190918,664,763,0.192968737556714,0.0548750555002221,0.0571667460837103,610323,Shaanxi,610300,Shaanxi,TRUE,TRUE
1576,Ceryle rudis,Shaanxi,2019,discovery_date,2019,2020,1,109.01,34.42,FALSE,FALSE,陕西牛背梁,national,野生动物,1988,55.7090375403716,362085.742674731,3676624.70226637,Shaanxi,1576,FALSE,FALSE,FALSE,FALSE,"","",unknown,1.30500001907349,617,429,0.192968737556714,0.0548750555002221,0.0571667460837103,610111,Shaanxi,610100,Shaanxi,TRUE,TRUE
1576,Elanus caeruleus,Shaanxi,2016,discovery_date,2016,2016,0,109.06,34.44,FALSE,FALSE,陕西牛背梁,national,野生动物,1988,58.0658615130678,366505.708547155,3679064.40719412,Shaanxi,1576,FALSE,FALSE,FALSE,FALSE,观察拍摄,分布变化,birdwatching,1.30500001907349,617,429,0.192968737556714,0.0548750555002221,0.0571667460837103,610111,Shaanxi,610100,Shaanxi,TRUE,TRUE
1576,Hieraaetus pennatus,Shaanxi,2020,discovery_date,2020,2021,1,109.06,34.31,FALSE,FALSE,陕西牛背梁,national,野生动物,1988,43.4255169241919,367105.743582149,3664399.70763127,Shaanxi,1576,FALSE,FALSE,FALSE,FALSE,观察拍摄,分布变化,birdwatching,1.30500001907349,617,429,0.192968737556714,0.0548750555002221,0.0571667460837103,610111,Shaanxi,610100,Shaanxi,TRUE,TRUE
1576,Ixobrychus eurhythmus,Shaanxi,2014,discovery_date,2014,2015,1,108.73,34.42,FALSE,FALSE,陕西牛背梁,national,野生动物,1988,59.4886541999877,336815.291395242,3675639.15099508,Shaanxi,1576,FALSE,FALSE,FALSE,FALSE,捡到尸体，标本采集,分布变化,professional_survey,1.30500001907349,617,429,0.192968737556714,0.0548750555002221,0.0571667460837103,610404,Shaanxi,610400,Shaanxi,TRUE,TRUE
1576,Passer domesticus,Shaanxi,2009,discovery_date,2009,2009,0,108.76,34.35,FALSE,FALSE,陕西牛背梁,national,野生动物,1988,51.1454654832354,339822.207640859,3667843.95074985,Shaanxi,1576,FALSE,FALSE,FALSE,FALSE,观察拍摄,分布变化,birdwatching,1.30500001907349,617,429,0.192968737556714,0.0548750555002221,0.0571667460837103,610404,Shaanxi,610400,Shaanxi,TRUE,TRUE
1576,Turdus cardis,Shaanxi,2019,discovery_date,2019,2019,0,109.05,34.32,FALSE,FALSE,陕西牛背梁,national,野生动物,1988,44.488000623224,366156.003958188,3665490.77634573,Shaanxi,1576,FALSE,FALSE,FALSE,FALSE,观察拍摄,分布变化,birdwatching,1.30500001907349,617,429,0.192968737556714,0.0548750555002221,0.0571667460837103,610111,Shaanxi,610100,Shaanxi,TRUE,TRUE
1577,Gavia arctica,Shaanxi,2017,discovery_date,2017,2018,1,109.15,34.43,FALSE,FALSE,陕西黄龙铺－石门地质剖面,provincial,地质遗迹,1987,56.4236719928598,374672.719710226,3678272.26309802,Shaanxi,1577,FALSE,FALSE,FALSE,FALSE,观察拍摄,分布变化,birdwatching,1.30729999542236,608,528,0.192968737556714,0.0548750555002221,0.0571667460837103,610115,Shaanxi,610100,Shaanxi,TRUE,TRUE
1579,Mycerobas carnipes,Henan,2017,discovery_date,2017,2021,4,110.38,34.38,TRUE,TRUE,陕西延安黄龙山褐马鸡,national,野生动物,2001,0,485929.777611459,3677964.64112748,Shaanxi,1579,TRUE,TRUE,TRUE,TRUE,"","",unknown,0.780850028991699,725,1772,0.213808908135841,0.0439882479651097,0.0594135815288783,611021,Shaanxi,611000,Shaanxi,FALSE,FALSE
1579,Tragopan temminckii,Henan,2017,discovery_date,2017,2021,4,110.38,34.38,TRUE,TRUE,陕西延安黄龙山褐马鸡,national,野生动物,2001,0,485929.777611459,3677964.64112748,Shaanxi,1579,TRUE,TRUE,TRUE,TRUE,"","",unknown,0.780850028991699,725,1772,0.213808908135841,0.0439882479651097,0.0594135815288783,611021,Shaanxi,611000,Shaanxi,FALSE,FALSE
1581,Muscicapa muttui,Henan,2019,discovery_date,2019,2020,1,111.84,34.26,FALSE,FALSE,河南伏牛山,national,森林生态,1982,42.1763227456817,618545.41344032,3672563.82906425,Henan,1581,FALSE,FALSE,FALSE,FALSE,"","",unknown,1.41741666793823,632,363,0.213808908135841,0.0439882479651097,0.0594135815288783,410325,Henan,410300,Henan,TRUE,TRUE
1596,Sturnia sinensis,Jiangsu,2018,discovery_date,2018,2019,1,119.78,33.86,FALSE,FALSE,大洞山,local,森林生态,2001,53.8490352488847,1339383.33663506,3705983.02123101,Jiangsu,1596,FALSE,FALSE,FALSE,FALSE,"","",unknown,1.42223329544067,834,-2,0.108386098725391,0.0217271318036011,0.0534683116468678,320923,Jiangsu,320900,Jiangsu,TRUE,TRUE
1654,Limnodromus semipalmatus,Shaanxi,2019,discovery_date,2019,2020,1,109.42,34.8,FALSE,FALSE,陕西延安黄龙山褐马鸡,national,野生动物,2001,53.9173141950594,397173.909053183,3721064.10666892,Shaanxi,1654,FALSE,FALSE,FALSE,FALSE,"","",unknown,1.32613334655762,583,442,0.192968737556714,0.0548750555002221,0.0571667460837103,610526,Shaanxi,610500,Shaanxi,TRUE,TRUE
1654,Oxyura leucocephala,Shaanxi,2018,discovery_date,2018,2019,1,109.54,34.81,FALSE,FALSE,陕西延安黄龙山褐马鸡,national,野生动物,2001,46.8661568322927,407897.865564406,3722678.8878626,Shaanxi,1654,FALSE,FALSE,FALSE,FALSE,观察拍摄,分布变化,birdwatching,1.32613334655762,583,442,0.192968737556714,0.0548750555002221,0.0571667460837103,610526,Shaanxi,610500,Shaanxi,TRUE,TRUE
1654,Remiz consobrinus,Shaanxi,2015,discovery_date,2015,2015,0,109.44,34.8,FALSE,FALSE,陕西延安黄龙山褐马鸡,national,野生动物,2001,52.5303846668276,398969.880475116,3721144.29787199,Shaanxi,1654,FALSE,FALSE,FALSE,FALSE,"","",unknown,1.32613334655762,583,442,0.192968737556714,0.0548750555002221,0.0571667460837103,610526,Shaanxi,610500,Shaanxi,TRUE,TRUE
1654,Sturnus vulgaris,Shaanxi,2012,discovery_date,2012,2013,1,109.54,34.81,FALSE,FALSE,陕西延安黄龙山褐马鸡,national,野生动物,2001,46.8661568322927,407897.865564406,3722678.8878626,Shaanxi,1654,FALSE,FALSE,FALSE,FALSE,观察拍摄,分布变化,birdwatching,1.32613334655762,583,442,0.192968737556714,0.0548750555002221,0.0571667460837103,610526,Shaanxi,610500,Shaanxi,TRUE,TRUE
1657,Anser indicus,Henan,2019,discovery_date,2019,2019,0,111.13,34.77,TRUE,TRUE,河南黄河湿地,national,湿地生态,1995,0,550872.714764124,3725845.37853561,Shanxi,1657,TRUE,TRUE,TRUE,TRUE,"","",unknown,1.37550001144409,575,450,0.0564238582203988,0.0200895135714721,0.0300524363560955,411203,Henan,411200,Henan,TRUE,TRUE
1657,Aviceda leuphotes,Shanxi,2018,discovery_date,2018,2023,5,111.38,35.01,FALSE,FALSE,河南黄河湿地,national,湿地生态,1995,20.3208292539932,571567.892178198,3754311.80830581,Shanxi,1657,FALSE,FALSE,FALSE,FALSE,观察和拍摄,"",birdwatching,1.37550001144409,575,450,0.0564238582203988,0.0200895135714721,0.0300524363560955,140828,Shanxi,140800,Shanxi,TRUE,TRUE
1657,Chrysolophus pictus,Shanxi,2006,discovery_date,2006,2007,1,111.32,34.97,FALSE,FALSE,河南黄河湿地,national,湿地生态,1995,15.9439083003115,566487.364545657,3749459.00594103,Shanxi,1657,FALSE,FALSE,FALSE,FALSE,观察，标本采集,分布变化,professional_survey,1.37550001144409,575,450,0.0564238582203988,0.0200895135714721,0.0300524363560955,140829,Shanxi,140800,Shanxi,TRUE,TRUE
1659,Hieraaetus pennatus,Henan,2011,discovery_date,2011,2012,1,112.38,34.6,FALSE,FALSE,栾川大鲵,local,野生动物,1995,18.2257710375371,664440.359258232,3714342.42414558,Henan,1659,FALSE,FALSE,FALSE,FALSE,"","",unknown,1.43688335418701,595,288,0.213808908135841,0.0439882479651097,0.0594135815288783,410311,Henan,410300,Henan,TRUE,TRUE
1660,Panurus biarmicus,Henan,2021,discovery_date,2021,2024,3,112.97,34.72,FALSE,FALSE,河南黄河湿地,national,湿地生态,1995,17.8135917875359,716362.971043821,3731956.05683951,Henan,1660,FALSE,FALSE,FALSE,FALSE,"","",unknown,1.4893500328064,614,139,0.213808908135841,0.0439882479651097,0.0594135815288783,410181,Henan,410100,Henan,TRUE,TRUE
1660,Paradoxornis heudei,Henan,2006,discovery_date,2006,2008,2,112.64,34.85,TRUE,TRUE,河南黄河湿地,national,湿地生态,1995,0,685632.907343952,3744262.49401456,Henan,1660,TRUE,TRUE,TRUE,TRUE,"","",unknown,1.4893500328064,614,139,0.213808908135841,0.0439882479651097,0.0594135815288783,410322,Henan,410300,Henan,TRUE,TRUE
1660,Phylloscopus ricketti,Henan,2016,discovery_date,2016,2016,0,112.61,34.9,FALSE,FALSE,河南黄河湿地,national,湿地生态,1995,1.51441558798608,682513.472784271,3749686.36653531,Henan,1660,FALSE,FALSE,TRUE,TRUE,"","",unknown,1.4893500328064,614,139,0.213808908135841,0.0439882479651097,0.0594135815288783,410306,Henan,410300,Henan,TRUE,TRUE
1662,Pycnonotus jocosus,Henan,2010,discovery_date,2010,2013,3,113.7,34.71,FALSE,FALSE,河南豫北黄河故道湿地鸟类国家级自然保护区,national,湿地生态,1996,53.0817264149637,781915.015558959,3736339.07730114,Henan,1662,FALSE,FALSE,FALSE,FALSE,"","",unknown,1.44305000305176,620,103,0.213808908135841,0.0439882479651097,0.0594135815288783,410104,Henan,410100,Henan,TRUE,TRUE
1723,Aviceda leuphotes,Ningxia,2002,discovery_date,2002,2024,22,106.31,35.35,TRUE,TRUE,六盘山,national,森林生态,1982,0,116930.168343278,3775120.89616088,Ningxia,1723,TRUE,TRUE,TRUE,TRUE,"","",unknown,0.636100006103516,544,1983,0.106306392115411,0.0390005142637616,0.0480386607642616,640424,Ningxia,640400,Ningxia,TRUE,TRUE
1723,Ianthocincla lunulata,Ningxia,2017,discovery_date,2017,2018,1,106.33,35.38,TRUE,TRUE,六盘山,national,森林生态,1982,0,118669.851172171,3778533.75130068,Ningxia,1723,TRUE,TRUE,TRUE,TRUE,"","",unknown,0.636100006103516,544,1983,0.106306392115411,0.0390005142637616,0.0480386607642616,640424,Ningxia,640400,Ningxia,TRUE,TRUE
1723,Ixos mcclellandii,Ningxia,2021,discovery_date,2021,2024,3,106.33,35.37,TRUE,TRUE,六盘山,national,森林生态,1982,0,118684.98612428,3777404.03807461,Ningxia,1723,TRUE,TRUE,TRUE,TRUE,"","",unknown,0.636100006103516,544,1983,0.106306392115411,0.0390005142637616,0.0480386607642616,640424,Ningxia,640400,Ningxia,TRUE,TRUE
1723,Pycnonotus xanthorrhous,Ningxia,2019,discovery_date,2019,2019,0,106.39,35.41,FALSE,FALSE,六盘山,national,森林生态,1982,3.00887191686599,123975.58242523,3781996.23753283,Ningxia,1723,FALSE,FALSE,FALSE,TRUE,"","",unknown,0.636100006103516,544,1983,0.106306392115411,0.0390005142637616,0.0480386607642616,640424,Ningxia,640400,Ningxia,TRUE,TRUE
1723,Turdus boulboul,Ningxia,2018,discovery_date,2018,2019,1,106.35,35.27,TRUE,TRUE,六盘山,national,森林生态,1982,0,120623.233882995,3766131.39318693,Gansu,1723,TRUE,TRUE,TRUE,TRUE,"","",unknown,0.636100006103516,544,1983,0.106306392115411,0.0390005142637616,0.0480386607642616,640424,Ningxia,640400,Ningxia,TRUE,TRUE
1724,Elanus caeruleus,Gansu,2022,discovery_date,2022,2025,3,106.71,35.55,FALSE,FALSE,甘肃太统-崆峒山,national,森林生态,1982,11.0039340280756,152241.725423697,3798257.82316906,Gansu,1724,FALSE,FALSE,FALSE,FALSE,"","",unknown,0.688150024414063,560,1892,0.170586572735392,0.0823993028940886,0.0604800763272079,620802,Gansu,620800,Gansu,TRUE,TRUE
1726,Hydrophasianus chirurgus,Gansu,2022,discovery_date,2022,2023,1,107.92,35.5,FALSE,FALSE,陕西子午岭,national,森林生态,1999,60.756914364451,260109.838049016,3795122.53899929,Gansu,1726,FALSE,FALSE,FALSE,FALSE,"","",unknown,0.965783309936523,583,1151,0.170586572735392,0.0823993028940886,0.0604800763272079,621026,Gansu,621000,Gansu,TRUE,TRUE
1733,Aegithalos fuliginosus,Shanxi,2016,discovery_date,2016,2016,0,111.75,35.27,FALSE,FALSE,山西历山,national,森林生态,1983,16.2692054980184,602670.197075773,3785806.65806096,Shanxi,1733,FALSE,FALSE,FALSE,FALSE,"","",unknown,1.33858337402344,554,463,0.0564238582203988,0.0200895135714721,0.0300524363560955,140827,Shanxi,140800,Shanxi,TRUE,TRUE
1733,Cyornis glaucicomans,Shanxi,2019,discovery_date,2019,2020,1,111.9,35.38,TRUE,TRUE,山西历山,national,森林生态,1983,0,615178.511340845,3799124.90506045,Shanxi,1733,TRUE,TRUE,TRUE,TRUE,"","",unknown,1.33858337402344,554,463,0.0564238582203988,0.0200895135714721,0.0300524363560955,140827,Shanxi,140800,Shanxi,TRUE,TRUE
1733,Eudynamys scolopaceus,Shanxi,2019,discovery_date,2019,2020,1,111.92,35.42,TRUE,TRUE,山西历山,national,森林生态,1983,0,616644.005015351,3803757.3615785,Shanxi,1733,TRUE,TRUE,TRUE,TRUE,"","",unknown,1.33858337402344,554,463,0.0564238582203988,0.0200895135714721,0.0300524363560955,141022,Shanxi,141000,Shanxi,TRUE,TRUE
1734,Crossoptilon mantchuricum,Henan,2022,discovery_date,2022,2024,2,112.2,35.22,TRUE,TRUE,河南太行山猕猴,national,野生动物,1982,0,643189.244366763,3782995.44468345,Henan,1734,TRUE,TRUE,TRUE,TRUE,"","",unknown,1.07839994430542,625,1008,0.213808908135841,0.0439882479651097,0.0594135815288783,419001,Henan,419001,Henan,TRUE,TRUE
1737,Tarsiger chrysaeus,Henan,2023,discovery_date,2023,2023,0,113.9,35.32,FALSE,FALSE,河南太行山猕猴,national,野生动物,1982,42.0823011139835,793673.941511477,3806558.30263831,Henan,1737,FALSE,FALSE,FALSE,FALSE,"","",unknown,1.41488332748413,568,77,0.213808908135841,0.0439882479651097,0.0594135815288783,410711,Henan,410700,Henan,TRUE,TRUE
1747,Gorsachius melanolophus,Jiangsu,2019,discovery_date,2019,2019,0,119.37,34.75,FALSE,FALSE,江苏云台山森林,provincial,森林生态,1981,6.21787448406946,1288000.19651907,3799951.07927252,Jiangsu,1747,FALSE,FALSE,FALSE,FALSE,"","",unknown,1.38411664962769,815,0,0.108386098725391,0.0217271318036011,0.0534683116468678,320703,Jiangsu,320700,Jiangsu,TRUE,TRUE
1769,Emberiza buchanani,Qinghai,2014,discovery_date,2014,2017,3,90.85,35.25,TRUE,TRUE,青海可可西里,national,野生动物,1995,0,-1260393.89808117,3853023.10020321,Qinghai,1769,TRUE,TRUE,TRUE,TRUE,观察拍摄,"",birdwatching,-0.689933347702026,258,4976,0.025943770905657,0.0199916177277117,0.019640334825541,632724,Qinghai,632700,Qinghai,TRUE,TRUE
1769,Emberiza citrinella,Qinghai,2014,discovery_date,2014,2017,3,90.86,35.26,TRUE,TRUE,青海可可西里,national,野生动物,1995,0,-1259348.83519232,3854014.4867319,Qinghai,1769,TRUE,TRUE,TRUE,TRUE,观察拍摄,"",birdwatching,-0.689933347702026,258,4976,0.025943770905657,0.0199916177277117,0.019640334825541,632724,Qinghai,632700,Qinghai,TRUE,TRUE
1790,Emberiza elegans,Qinghai,2014,discovery_date,2014,2017,3,102.67,35.8,TRUE,TRUE,青海循化孟达,national,森林生态,1980,0,-206768.762627438,3827623.02657228,Qinghai,1790,TRUE,TRUE,TRUE,TRUE,观察拍摄,"",birdwatching,0.735166645050049,437,2053,0.025943770905657,0.0199916177277117,0.019640334825541,630225,Qinghai,630200,Qinghai,TRUE,TRUE
1790,Eumyias thalassinus,Qinghai,2017,discovery_date,2017,2019,2,102.68,35.81,TRUE,TRUE,青海循化孟达,national,森林生态,1980,0,-205855.099815238,3828732.00353085,Qinghai,1790,TRUE,TRUE,TRUE,TRUE,"","",unknown,0.735166645050049,437,2053,0.025943770905657,0.0199916177277117,0.019640334825541,630225,Qinghai,630200,Qinghai,TRUE,TRUE
1790,Ficedula tricolor,Qinghai,2017,discovery_date,2017,2019,2,102.68,35.8,TRUE,TRUE,青海循化孟达,national,森林生态,1980,0,-205881.504929811,3827602.24457175,Qinghai,1790,TRUE,TRUE,TRUE,TRUE,"","",unknown,0.735166645050049,437,2053,0.025943770905657,0.0199916177277117,0.019640334825541,630225,Qinghai,630200,Qinghai,TRUE,TRUE
1790,Monticola solitarius,Qinghai,2017,discovery_date,2017,2019,2,102.66,35.83,TRUE,TRUE,青海循化孟达,national,森林生态,1980,0,-207576.119754253,3831033.17424793,Qinghai,1790,TRUE,TRUE,TRUE,TRUE,"","",unknown,0.735166645050049,437,2053,0.025943770905657,0.0199916177277117,0.019640334825541,630225,Qinghai,630200,Qinghai,TRUE,TRUE
1790,Pardaliparus venustulus,Qinghai,2013,discovery_date,2013,2014,1,102.67,35.8,TRUE,TRUE,青海循化孟达,national,森林生态,1980,0,-206768.762627438,3827623.02657228,Qinghai,1790,TRUE,TRUE,TRUE,TRUE,"","",unknown,0.735166645050049,437,2053,0.025943770905657,0.0199916177277117,0.019640334825541,630225,Qinghai,630200,Qinghai,TRUE,TRUE
1790,Turdus boulboul,Qinghai,2024,discovery_date,2024,2025,1,102.68,35.81,TRUE,TRUE,青海循化孟达,national,森林生态,1980,0,-205855.099815238,3828732.00353085,Qinghai,1790,TRUE,TRUE,TRUE,TRUE,"","",unknown,0.735166645050049,437,2053,0.025943770905657,0.0199916177277117,0.019640334825541,630225,Qinghai,630200,Qinghai,TRUE,TRUE
1790,Zosterops erythropleurus,Qinghai,2017,discovery_date,2017,2019,2,102.67,35.8,TRUE,TRUE,青海循化孟达,national,森林生态,1980,0,-206768.762627438,3827623.02657228,Qinghai,1790,TRUE,TRUE,TRUE,TRUE,"","",unknown,0.735166645050049,437,2053,0.025943770905657,0.0199916177277117,0.019640334825541,630225,Qinghai,630200,Qinghai,TRUE,TRUE
1792,Clanga clanga,Gansu,2014,discovery_date,2014,2023,9,104.08,35.82,FALSE,FALSE,甘肃兴隆山,national,森林生态,1986,0.760437903990999,-81627.9844257261,3827834.9585017,Gansu,1792,FALSE,TRUE,TRUE,TRUE,"","",unknown,0.494966650009155,425,2393,0.170586572735392,0.0823993028940886,0.0604800763272079,620123,Gansu,620100,Gansu,TRUE,TRUE
1793,Bombycilla japonica,Gansu,2019,discovery_date,2019,2019,0,104.16,35.94,FALSE,FALSE,甘肃兴隆山,national,森林生态,1986,13.8525590241756,-74415.3376902559,3841332.82006415,Gansu,1793,FALSE,FALSE,FALSE,FALSE,"","",unknown,0.632483339309692,389,2091,0.170586572735392,0.0823993028940886,0.0604800763272079,620123,Gansu,620100,Gansu,TRUE,TRUE
1796,Abroscopus albogularis,Ningxia,2021,discovery_date,2021,2024,3,106.18,35.67,TRUE,TRUE,六盘山,national,森林生态,1982,0,104897.256738845,3811129.59904815,Ningxia,1796,TRUE,TRUE,TRUE,TRUE,"","",unknown,0.506150007247925,466,2181,0.106306392115411,0.0390005142637616,0.0480386607642616,640423,Ningxia,640400,Ningxia,TRUE,TRUE
1799,Aegithalos concinnus,Gansu,2017,discovery_date,2017,2020,3,107.67,35.73,FALSE,FALSE,陕西子午岭,national,森林生态,1999,74.7979706433608,237146.927535582,3820475.32275444,Gansu,1799,FALSE,FALSE,FALSE,FALSE,"",分布变化,unknown,0.918533325195312,546,1286,0.170586572735392,0.0823993028940886,0.0604800763272079,621002,Gansu,621000,Gansu,TRUE,TRUE
1806,Ketupa flavipes,Shanxi,2024,discovery_date,2024,2024,0,111.86,35.59,FALSE,FALSE,山西历山,national,森林生态,1983,15.2215969643067,609979.752748738,3822548.72083074,Shanxi,1806,FALSE,FALSE,FALSE,FALSE,观察拍摄,分布变化,birdwatching,1.25476665496826,530,586,0.0564238582203988,0.0200895135714721,0.0300524363560955,141022,Shanxi,141000,Shanxi,TRUE,TRUE
1847,Oriolus oriolus,Qinghai,2015,discovery_date,2015,2017,2,93.9,35.62,TRUE,TRUE,青海可可西里,national,野生动物,1995,0,-985344.46771472,3859996.59720946,Qinghai,1847,TRUE,TRUE,TRUE,TRUE,观察拍摄,"",birdwatching,-0.83663330078125,287,5083,0.025943770905657,0.0199916177277117,0.019640334825541,632724,Qinghai,632700,Qinghai,TRUE,TRUE
1863,Megaceryle lugubris,Qinghai,2017,discovery_date,2017,2019,2,102.66,36.41,FALSE,FALSE,甘肃连城,national,森林生态,2001,19.942960762471,-206031.228584506,3896567.13050268,Qinghai,1863,FALSE,FALSE,FALSE,FALSE,"","",unknown,0.670133352279663,375,2135,0.025943770905657,0.0199916177277117,0.019640334825541,630202,Qinghai,630200,Qinghai,TRUE,TRUE
1873,Gallicrex cinerea,Gansu,2017,discovery_date,2017,2020,3,108.53,36.08,FALSE,FALSE,陕西子午岭,national,森林生态,1999,15.4902967385773,312096.984687708,3862389.34743677,Gansu,1873,FALSE,FALSE,FALSE,FALSE,救助标本采集,缺乏调查,professional_survey,0.832450008392334,495,1380,0.170586572735392,0.0823993028940886,0.0604800763272079,621024,Gansu,621000,Gansu,TRUE,TRUE
1888,Phoenicurus frontalis,Shandong,2017,discovery_date,2017,2017,0,117,35.8,FALSE,FALSE,山东泰山,provincial,森林生态,2006,44.5447533017893,1062409.97907352,3889481.33152868,Shandong,1888,FALSE,FALSE,FALSE,FALSE,"","",unknown,1.34846668243408,695,71,0.231115717790218,0.0517345386028746,0.0617252986181039,370881,Shandong,370800,Shandong,TRUE,TRUE
1933,Dicrurus hottentottus,Qinghai,2013,discovery_date,2013,2015,2,100.81,36.63,FALSE,FALSE,青海湖,national,野生动物,1975,0.0629592016170444,-367794.611708459,3926769.0225045,Qinghai,1933,FALSE,TRUE,TRUE,TRUE,观察拍摄,分布变化,birdwatching,-0.0333833307027817,469,3405,0.025943770905657,0.0199916177277117,0.019640334825541,632521,Qinghai,632500,Qinghai,TRUE,TRUE
1934,Bombycilla japonica,Qinghai,2012,publication_minus_median_lag,2014,2013,1,101.75,36.66,FALSE,FALSE,甘肃连城,national,森林生态,2001,74.4815314641969,-285204.96670585,3927066.48010118,Qinghai,1934,FALSE,FALSE,FALSE,FALSE,"","",unknown,0.407816648483276,422,2596,0.025943770905657,0.0199916177277117,0.019640334825541,630105,Qinghai,630100,Qinghai,TRUE,TRUE
1934,Emberiza siemsseni,Qinghai,2014,discovery_date,2014,2017,3,101.78,36.6,FALSE,FALSE,甘肃连城,national,森林生态,2001,72.7306833264661,-282793.166500938,3920201.97053567,Qinghai,1934,FALSE,FALSE,FALSE,FALSE,观察拍摄,"",birdwatching,0.407816648483276,422,2596,0.025943770905657,0.0199916177277117,0.019640334825541,630103,Qinghai,630100,Qinghai,TRUE,TRUE
1934,Pycnonotus sinensis,Qinghai,2006,discovery_date,2006,2006,0,101.75,36.63,FALSE,FALSE,甘肃连城,national,森林生态,2001,74.8285055589801,-285315.958006757,3923677.13965334,Qinghai,1934,FALSE,FALSE,FALSE,FALSE,观察和拍照，采集标本,分布变化,professional_survey,0.407816648483276,422,2596,0.025943770905657,0.0199916177277117,0.019640334825541,630104,Qinghai,630100,Qinghai,TRUE,TRUE
1935,Ixobrychus cinnamomeus,Qinghai,2018,discovery_date,2018,2019,1,101.89,36.56,FALSE,FALSE,甘肃连城,national,森林生态,2001,64.2941258002138,-273277.36003318,3915374.73429879,Qinghai,1935,FALSE,FALSE,FALSE,FALSE,观察拍摄,分布变化,birdwatching,0.33381667137146,421,2715,0.025943770905657,0.0199916177277117,0.019640334825541,630102,Qinghai,630100,Qinghai,TRUE,TRUE
1961,Carpodacus vinaceus,Shandong,2020,discovery_date,2020,2022,2,117.1,36.26,TRUE,FALSE,山东泰山,provincial,森林生态,2006,0,1064899.25474023,3942158.1909752,Shandong,1961,TRUE,TRUE,TRUE,TRUE,"","",unknown,1.30626668930054,708,166,0.231115717790218,0.0517345386028746,0.0617252986181039,370902,Shandong,370900,Shandong,TRUE,TRUE
1961,Phoenicurus schisticeps,Shandong,2009,publication_minus_median_lag,2019,2010,1,117.12,36.25,TRUE,FALSE,山东泰山,provincial,森林生态,2006,0,1066788.31185603,3941251.03484301,Shandong,1961,TRUE,TRUE,TRUE,TRUE,"","",unknown,1.30626668930054,708,166,0.231115717790218,0.0517345386028746,0.0617252986181039,370902,Shandong,370900,Shandong,TRUE,TRUE
1961,Picumnus innominatus,Shandong,2015,discovery_date,2015,2017,2,117.06,36.28,TRUE,FALSE,山东泰山,provincial,森林生态,2006,0,1061122.36563147,3943973.73859379,Shandong,1961,TRUE,TRUE,TRUE,TRUE,"","",unknown,1.30626668930054,708,166,0.231115717790218,0.0517345386028746,0.0617252986181039,370911,Shandong,370900,Shandong,TRUE,TRUE
1961,Prunella himalayana,Shandong,2009,publication_minus_median_lag,2019,2010,1,117.12,36.25,TRUE,FALSE,山东泰山,provincial,森林生态,2006,0,1066788.31185603,3941251.03484301,Shandong,1961,TRUE,TRUE,TRUE,TRUE,"","",unknown,1.30626668930054,708,166,0.231115717790218,0.0517345386028746,0.0617252986181039,370902,Shandong,370900,Shandong,TRUE,TRUE
1961,Rallina eurizonoides,Shandong,2020,discovery_date,2020,2022,2,117.05,36.22,TRUE,FALSE,山东泰山,provincial,森林生态,2006,0,1061067.90605991,3937135.19947436,Shandong,1961,TRUE,TRUE,TRUE,TRUE,"","",unknown,1.30626668930054,708,166,0.231115717790218,0.0517345386028746,0.0617252986181039,370911,Shandong,370900,Shandong,TRUE,TRUE
1964,Ictinaetus malaiensis,Shandong,2021,discovery_date,2021,2023,2,118.62,36.2,FALSE,FALSE,引黄济清渠首鸟类,local,野生动物,1992,123.502578133799,1198806.13708702,3952762.40667343,Shandong,1964,FALSE,FALSE,FALSE,FALSE,"","",unknown,1.20036668777466,785,304,0.231115717790218,0.0517345386028746,0.0617252986181039,370724,Shandong,370700,Shandong,TRUE,TRUE
2008,Fringilla coelebs,Qinghai,2015,discovery_date,2015,2017,2,102.23,37.16,FALSE,FALSE,甘肃祁连山,national,森林生态,1987,22.4930515255806,-241517.476013882,3982289.04375095,Qinghai,2008,FALSE,FALSE,FALSE,FALSE,观察拍摄,"",birdwatching,-0.0186999931931496,458,3088,0.025943770905657,0.0199916177277117,0.019640334825541,632221,Qinghai,632200,Qinghai,TRUE,TRUE
2014,Ciconia boyciana,Ningxia,2017,discovery_date,2017,2018,1,105.72,37.25,FALSE,FALSE,宁夏罗山,national,森林生态,1982,38.3362500743444,62710.9165993847,3989321.15804356,Ningxia,2014,FALSE,FALSE,FALSE,FALSE,"","",unknown,0.782966661453247,249,1730,0.106306392115411,0.0390005142637616,0.0480386607642616,640521,Ningxia,640500,Ningxia,TRUE,TRUE
2015,Turdus mandarinus,Ningxia,2016,discovery_date,2016,2021,5,106.22,37.35,FALSE,FALSE,宁夏罗山,national,森林生态,1982,1.4177808110932,106119.508511068,4001050.47207447,Ningxia,2015,FALSE,FALSE,TRUE,TRUE,"","",unknown,0.784466695785523,288,1678,0.106306392115411,0.0390005142637616,0.0480386607642616,640303,Ningxia,640300,Ningxia,TRUE,TRUE
2022,Gypaetus barbatus,Shaanxi,2023,discovery_date,2023,2024,1,109.94,36.87,FALSE,FALSE,山西五鹿山,national,野生动物,1993,109.547175334539,432229.392585178,3956892.17655087,Shaanxi,2022,FALSE,FALSE,FALSE,FALSE,救助,分布变化,professional_survey,0.985933303833008,483,975,0.192968737556714,0.0548750555002221,0.0571667460837103,610622,Shaanxi,610600,Shaanxi,TRUE,TRUE
2037,Gorsachius melanolophus,Shandong,2018,discovery_date,2018,2019,1,118.45,36.68,FALSE,FALSE,引黄济清渠首鸟类,local,野生动物,1992,67.3186051792863,1176607.50523257,4004480.95459265,Shandong,2037,FALSE,FALSE,FALSE,FALSE,"","",unknown,1.22443332672119,739,260,0.231115717790218,0.0517345386028746,0.0617252986181039,370781,Shandong,370700,Shandong,TRUE,TRUE
2059,Accipiter gularis,Xinjiang,2010,discovery_date,2010,2013,3,88.36,36.47,FALSE,FALSE,新疆阿尔金山国家级自然保护区,national,野生动物,1983,1.04886545272989,-1457264.66774756,4023330.52086095,Tibet,2059,FALSE,TRUE,TRUE,TRUE,"","",unknown,-0.914433288574219,193,5154,0.138596983544164,0.0491553825225537,0.0365092249655955,652824,Xinjiang,652800,Xinjiang,TRUE,TRUE
2063,Carpodacus roborowskii,Xinjiang,2015,discovery_date,2015,2016,1,90.55,36.65,TRUE,TRUE,新疆阿尔金山国家级自然保护区,national,野生动物,1983,0,-1263982.4554559,4013414.62878513,Xinjiang,2063,TRUE,TRUE,TRUE,TRUE,"","",unknown,-0.594199991226196,167,4592,0.138596983544164,0.0491553825225537,0.0365092249655955,652824,Xinjiang,652800,Xinjiang,TRUE,TRUE
2073,Hieraaetus pennatus,Qinghai,2013,discovery_date,2013,2017,4,96.37,37.43,FALSE,FALSE,青海柴达木梭梭林,national,荒漠生态,2000,12.3471552814751,-748953.795906959,4042014.20445809,Qinghai,2073,FALSE,FALSE,FALSE,FALSE,观察拍摄,"",birdwatching,-0.0165500074625015,148,3819,0.025943770905657,0.0199916177277117,0.019640334825541,632802,Qinghai,632800,Qinghai,TRUE,TRUE
2075,Coracias garrulus,Qinghai,2021,discovery_date,2021,2022,1,97.29,37.19,FALSE,FALSE,青海柴达木梭梭林,national,荒漠生态,2000,10.8192509455012,-671386.712687096,4008393.55285462,Qinghai,2075,FALSE,FALSE,FALSE,FALSE,观察拍摄,分布变化,birdwatching,0.186133348941803,198,3393,0.025943770905657,0.0199916177277117,0.019640334825541,632802,Qinghai,632800,Qinghai,TRUE,TRUE
2088,Hydroprogne caspia,Ningxia,2020,discovery_date,2020,2024,4,105.12,37.58,TRUE,TRUE,宁夏沙坡头国家级自然保护区,national,荒漠生态,1984,0,10406.8177185545,4026405.43088162,Ningxia,2088,TRUE,TRUE,TRUE,TRUE,"","",unknown,0.943200016021729,186,1286,0.0422685521945524,0.025231014378407,0.0107402151845823,640502,Ningxia,640500,Ningxia,TRUE,TRUE
2088,Spodiopsar sericeus,Ningxia,2016,discovery_date,2016,2024,8,105.05,37.47,TRUE,TRUE,宁夏沙坡头国家级自然保护区,national,荒漠生态,1984,0,4342.43751217605,4013965.14892764,Ningxia,2088,TRUE,TRUE,TRUE,TRUE,"","",unknown,0.943200016021729,186,1286,0.0422685521945524,0.025231014378407,0.0107402151845823,640502,Ningxia,640500,Ningxia,TRUE,TRUE
2090,Grus monacha,Ningxia,2021,discovery_date,2021,2021,0,105.91,37.76,FALSE,FALSE,巴丹吉林沙漠湖泊,provincial,湿地生态,1999,1.77965330896721,78730.7753800363,4047108.04427587,Ningxia,2090,FALSE,FALSE,TRUE,TRUE,"","",unknown,0.90426664352417,241,1383,0.106306392115411,0.0390005142637616,0.0480386607642616,640381,Ningxia,640300,Ningxia,TRUE,TRUE
2100,Turdus rubrocanus,Shanxi,2016,discovery_date,2016,2018,2,111.92,37.65,FALSE,FALSE,山西庞泉沟,national,野生动物,1980,41.8524110063729,599089.708549882,4055199.47117231,Shanxi,2100,FALSE,FALSE,FALSE,FALSE,红外相机拍摄，环志时观测，拍摄并记录鸣声,"",professional_survey,0.72083330154419,491,1394,0.0564238582203988,0.0200895135714721,0.0300524363560955,141122,Shanxi,141100,Shanxi,TRUE,TRUE
2104,Spizixos semitorques,Hebei,2019,discovery_date,2019,2020,1,114.01,37.14,FALSE,FALSE,河北都山,provincial,森林生态,2001,18.4706558922287,784814.508896198,4012295.16469374,Hebei,2104,FALSE,FALSE,FALSE,FALSE,"","",unknown,1.09983329772949,575,649,0.325590305177595,0.0981936742313489,0.0923150000809967,130521,Hebei,130500,Hebei,TRUE,TRUE
2116,Acridotheres tristis,Shandong,2022,discovery_date,2022,2025,3,121.01,36.6,FALSE,FALSE,山东青岛崂山,provincial,森林生态,2000,47.5470833523664,1400221.01517927,4028760.70275461,"",2116,FALSE,FALSE,FALSE,FALSE,"","",unknown,1.24975690841675,718,5,0.231115717790218,0.0517345386028746,0.0617252986181039,370687,Shandong,370600,Shandong,TRUE,TRUE
2158,Mareca falcata,Gansu,2018,discovery_date,2018,2019,1,101.65,37.98,TRUE,TRUE,甘肃祁连山,national,森林生态,1987,0,-288943.140579486,4076491.74790453,Gansu,2158,TRUE,TRUE,TRUE,TRUE,"","",unknown,-0.0786499977111816,436,3149,0.170586572735392,0.0823993028940886,0.0604800763272079,620721,Gansu,620700,Gansu,TRUE,TRUE
2165,Accipiter soloensis,Inner Mongolia,2020,discovery_date,2020,2023,3,105.66,38.11,FALSE,FALSE,巴丹吉林沙漠湖泊,provincial,湿地生态,1999,26.5883135292869,56838.8071338977,4086500.2952262,Inner Mongolia,2165,FALSE,FALSE,FALSE,FALSE,观察拍摄,分布变化,birdwatching,0.814700031280518,201,1514,0.0422685521945524,0.025231014378407,0.0107402151845823,152921,Inner Mongolia,152900,Inner Mongolia,TRUE,TRUE
2166,Rallus aquaticus,Ningxia,2009,discovery_date,2009,2023,14,106.27,38.2,FALSE,FALSE,宁夏灵武白芨滩,national,荒漠生态,1985,7.36153029882999,109239.335145303,4097183.2301302,Ningxia,2166,FALSE,FALSE,FALSE,FALSE,"","",unknown,0.92368335723877,205,1122,0.106306392115411,0.0390005142637616,0.0480386607642616,640181,Ningxia,640100,Ningxia,TRUE,TRUE
2171,Enicurus leschenaulti,Inner Mongolia,2014,discovery_date,2014,2015,1,108.85,38.2,FALSE,FALSE,宁夏盐池哈巴湖,national,湿地生态,1998,109.674622452147,331084.65039108,4102904.88570356,Inner Mongolia,2171,FALSE,FALSE,FALSE,FALSE,观察拍摄,分布变化,birdwatching,0.890299987792969,377,1118,0.192968737556714,0.0548750555002221,0.0571667460837103,150626,Inner Mongolia,150600,Inner Mongolia,TRUE,TRUE
2182,Aegithalos concinnus,Hebei,2022,discovery_date,2022,2025,3,115.66,37.74,FALSE,FALSE,河北衡水湖湿地和鸟类,national,湿地生态,2000,6.14460680172575,920758.874200816,4093965.90716329,Hebei,2182,FALSE,FALSE,FALSE,FALSE,"","",unknown,1.32901668548584,450,25,0.325590305177595,0.0981936742313489,0.0923150000809967,131102,Hebei,131100,Hebei,TRUE,TRUE
2193,Niltava macgrigoriae,Shandong,2023,discovery_date,2023,2023,0,122.43,36.88,FALSE,FALSE,桑沟湾,local,野生动物,1987,11.4405251562405,1517658.89129114,4080832.46946212,Shandong,2193,FALSE,FALSE,FALSE,FALSE,"","",unknown,1.1809666633606,710,36,0.231115717790218,0.0517345386028746,0.0617252986181039,371082,Shandong,371000,Shandong,TRUE,TRUE
2240,Turdus rubrocanus,Inner Mongolia,2021,discovery_date,2021,2023,2,103.7,38.3,TRUE,FALSE,巴丹吉林沙漠湖泊,provincial,湿地生态,1999,0,-111671.643889725,4108518.87676548,Inner Mongolia,2240,TRUE,TRUE,TRUE,TRUE,观察拍摄,分布变化,birdwatching,0.875349998474121,132,1364,0.0422685521945524,0.025231014378407,0.0107402151845823,152921,Inner Mongolia,152900,Inner Mongolia,TRUE,TRUE
2243,Amaurornis phoenicurus,Inner Mongolia,2018,discovery_date,2018,2023,5,105.81,38.66,FALSE,FALSE,内蒙古贺兰山,national,森林生态,1992,0.488205100518178,69249.2798052349,4148758.71960064,Inner Mongolia,2243,FALSE,TRUE,TRUE,TRUE,观察拍摄,分布变化,birdwatching,0.877550029754639,187,1294,0.0422685521945524,0.025231014378407,0.0107402151845823,152921,Inner Mongolia,152900,Inner Mongolia,TRUE,TRUE
2243,Eumyias thalassinus,Inner Mongolia,2019,discovery_date,2019,2023,4,105.81,38.66,FALSE,FALSE,内蒙古贺兰山,national,森林生态,1992,0.488205100518178,69249.2798052349,4148758.71960064,Inner Mongolia,2243,FALSE,TRUE,TRUE,TRUE,观察拍摄,分布变化,birdwatching,0.877550029754639,187,1294,0.0422685521945524,0.025231014378407,0.0107402151845823,152921,Inner Mongolia,152900,Inner Mongolia,TRUE,TRUE
2244,Bombycilla japonica,Ningxia,2019,discovery_date,2019,2022,3,106.27,38.48,FALSE,FALSE,宁夏灵武白芨滩,national,荒漠生态,1985,19.5307122751196,108834.502987655,4128828.76035506,Ningxia,2244,FALSE,FALSE,FALSE,FALSE,"","",unknown,0.891216659545898,190,1111,0.106306392115411,0.0390005142637616,0.0480386607642616,640104,Ningxia,640100,Ningxia,TRUE,TRUE
2244,Recurvirostra avosetta,Ningxia,2010,discovery_date,2010,2011,1,106.39,38.38,FALSE,FALSE,宁夏灵武白芨滩,national,荒漠生态,1985,4.61852651799954,119275.674024026,4117665.05579022,Ningxia,2244,FALSE,FALSE,FALSE,TRUE,"","",unknown,0.891216659545898,190,1111,0.106306392115411,0.0390005142637616,0.0480386607642616,640104,Ningxia,640100,Ningxia,TRUE,TRUE
2245,Aquila heliaca,Ningxia,2019,discovery_date,2019,2021,2,106.51,38.55,FALSE,FALSE,宁夏灵武白芨滩,national,荒漠生态,1985,25.2435460834555,129279.867785236,4137027.36002046,Ningxia,2245,FALSE,FALSE,FALSE,FALSE,"","",unknown,0.812049961090088,228,1298,0.0422685521945524,0.025231014378407,0.0107402151845823,640122,Ningxia,640100,Ningxia,TRUE,TRUE
2245,Fringilla montifringilla,Ningxia,2010,discovery_date,2010,2011,1,106.63,38.55,FALSE,FALSE,宁夏灵武白芨滩,national,荒漠生态,1985,30.3846223012492,139552.87540782,4137189.82833789,Ningxia,2245,FALSE,FALSE,FALSE,FALSE,"","",unknown,0.812049961090088,228,1298,0.0422685521945524,0.025231014378407,0.0107402151845823,640104,Ningxia,640100,Ningxia,TRUE,TRUE
2247,Passer hispaniolensis,Inner Mongolia,2014,discovery_date,2014,2015,1,107.8,38.4,FALSE,FALSE,内蒙古毛乌素沙地柏,provincial,荒漠生态,2000,29.542732352553,240179.797784382,4122477.71978997,Inner Mongolia,2247,FALSE,FALSE,FALSE,FALSE,观察拍摄,分布变化,birdwatching,0.740733337402344,301,1415,0.0422685521945524,0.025231014378407,0.0107402151845823,150623,Inner Mongolia,150600,Inner Mongolia,TRUE,TRUE
2250,Rhodospiza obsoleta,Shaanxi,2010,discovery_date,2010,2010,0,109.74,38.25,FALSE,FALSE,山西黑茶山,provincial,野生动物,2002,124.974237180643,407298.678498536,4111860.93778229,Shaanxi,2250,FALSE,FALSE,FALSE,FALSE,观察和拍摄,分布变化,birdwatching,0.818916702270508,386,1141,0.192968737556714,0.0548750555002221,0.0571667460837103,610802,Shaanxi,610800,Shaanxi,TRUE,TRUE
2258,Anastomus oscitans,Hebei,2021,discovery_date,2021,2023,2,114.16,38.24,FALSE,FALSE,河北驼梁,national,森林生态,2001,45.9254140371866,786386.984586541,4137309.07850454,Hebei,2258,FALSE,FALSE,FALSE,FALSE,"","",unknown,1.30246667861938,495,117,0.325590305177595,0.0981936742313489,0.0923150000809967,130131,Hebei,130100,Hebei,TRUE,TRUE
2282,Aix galericulata,Xinjiang,2015,discovery_date,2015,2015,0,82.94,37.26,FALSE,FALSE,新疆中昆仑,provincial,野生动物,2001,172.448077917851,-1905388.84048277,4202786.58061111,Xinjiang,2282,FALSE,FALSE,FALSE,FALSE,"","",unknown,1.1621000289917,32,1438,0.138596983544164,0.0491553825225537,0.0365092249655955,653227,Xinjiang,653200,Xinjiang,TRUE,TRUE
2296,Eudynamys scolopaceus,Qinghai,2023,discovery_date,2023,2024,1,90.86,38.25,FALSE,FALSE,新疆罗布泊野骆驼国家级自然保护区,national,荒漠生态,1986,45.6100523333982,-1211378.385864,4188547.25695739,Qinghai,2296,FALSE,FALSE,FALSE,FALSE,"","",unknown,0.0150166645646095,67,3333,0.025943770905657,0.0199916177277117,0.019640334825541,632803,Qinghai,632800,Qinghai,TRUE,TRUE
2312,Chlidonias niger,Gansu,2021,discovery_date,2021,2022,1,100.44,38.98,TRUE,TRUE,甘肃黑河,provincial,野生动物,1982,0,-388054.694163778,4193551.98296284,Gansu,2312,TRUE,TRUE,TRUE,TRUE,"","",unknown,0.589966678619385,228,1601,0.170586572735392,0.0823993028940886,0.0604800763272079,620702,Gansu,620700,Gansu,TRUE,TRUE
2312,Podiceps auritus,Gansu,2020,discovery_date,2020,2021,1,100.44,38.97,FALSE,FALSE,甘肃黑河,provincial,野生动物,1982,0.103375559781045,-388106.576824111,4192423.18392132,Gansu,2312,FALSE,TRUE,TRUE,TRUE,"","",unknown,0.589966678619385,228,1601,0.170586572735392,0.0823993028940886,0.0604800763272079,620702,Gansu,620700,Gansu,TRUE,TRUE
2313,Podiceps grisegena,Gansu,2007,discovery_date,2007,2008,1,101.1,38.86,FALSE,FALSE,甘肃祁连山,national,森林生态,1987,13.254031503074,-332452.76836175,4177609.03480111,Gansu,2313,FALSE,FALSE,FALSE,FALSE,"","",unknown,0.517283344268799,245,2058,0.170586572735392,0.0823993028940886,0.0604800763272079,620725,Gansu,620700,Gansu,TRUE,TRUE
2315,Alauda gulgula,Inner Mongolia,2020,discovery_date,2020,2023,3,101.9,38.99,FALSE,FALSE,民勤连古城,national,荒漠生态,1982,51.221908485964,-263823.731884646,4189887.8807573,Inner Mongolia,2315,FALSE,FALSE,FALSE,FALSE,观察拍摄,分布变化,birdwatching,0.75053334236145,127,1339,0.170586572735392,0.0823993028940886,0.0604800763272079,152922,Inner Mongolia,152900,Inner Mongolia,TRUE,TRUE
2317,Remiz coronatus,Gansu,2021,discovery_date,2021,2022,1,103.45,38.97,FALSE,FALSE,民勤连古城,national,荒漠生态,1982,0.0355382538341737,-131963.225919564,4184538.82072958,Gansu,2317,FALSE,TRUE,TRUE,TRUE,"","",unknown,0.848200035095215,112,1332,0.170586572735392,0.0823993028940886,0.0604800763272079,620621,Gansu,620600,Gansu,TRUE,TRUE
2321,Phylloscopus subaffinis,Inner Mongolia,2019,discovery_date,2019,2023,4,105.66,38.83,FALSE,FALSE,巴丹吉林沙漠湖泊,provincial,湿地生态,1999,6.12975635718837,56297.8326862299,4167875.33296707,Inner Mongolia,2321,FALSE,FALSE,FALSE,FALSE,观察拍摄,分布变化,birdwatching,0.82693338394165,178,1395,0.0422685521945524,0.025231014378407,0.0107402151845823,152921,Inner Mongolia,152900,Inner Mongolia,TRUE,TRUE
2321,Rallus aquaticus,Inner Mongolia,2009,discovery_date,2009,2023,14,105.67,38.83,FALSE,FALSE,巴丹吉林沙漠湖泊,provincial,湿地生态,1999,6.98266979757227,57150.8172984665,4167881.0464976,Inner Mongolia,2321,FALSE,FALSE,FALSE,FALSE,观察拍摄,分布变化或独立成种,birdwatching,0.82693338394165,178,1395,0.0422685521945524,0.025231014378407,0.0107402151845823,152921,Inner Mongolia,152900,Inner Mongolia,TRUE,TRUE
2322,Linaria cannabina,Inner Mongolia,2019,discovery_date,2019,2023,4,105.88,38.98,TRUE,TRUE,内蒙古贺兰山,national,森林生态,1992,0,74913.1040619388,4184970.67373807,Inner Mongolia,2322,TRUE,TRUE,TRUE,TRUE,观察拍摄,分布变化,birdwatching,0.628433322906494,205,1675,0.106306392115411,0.0390005142637616,0.0480386607642616,152921,Inner Mongolia,152900,Inner Mongolia,TRUE,TRUE
2322,Turdus viscivorus,Ningxia,2021,discovery_date,2021,2023,2,106.02,38.75,TRUE,TRUE,宁夏贺兰山,national,森林生态,1982,0,87097.7337728419,4159094.87583647,Ningxia,2322,TRUE,TRUE,TRUE,TRUE,"","",unknown,0.628433322906494,205,1675,0.106306392115411,0.0390005142637616,0.0480386607642616,640122,Ningxia,640100,Ningxia,TRUE,TRUE
2323,Limosa limosa,Ningxia,2011,discovery_date,2011,2011,0,106.46,38.87,FALSE,FALSE,宁夏贺兰山,national,森林生态,1982,20.1470142489265,124467.587087092,4173123.66290289,Ningxia,2323,FALSE,FALSE,FALSE,FALSE,"","",unknown,0.774866676330566,197,1096,0.106306392115411,0.0390005142637616,0.0480386607642616,640221,Ningxia,640200,Ningxia,TRUE,TRUE
2323,Pycnonotus sinensis,Ningxia,2010,discovery_date,2010,2011,1,106.73,38.75,FALSE,FALSE,鄂托克恐龙遗迹化石,national,古生物遗迹,1998,41.7709399528472,147719.710572372,4159934.52097337,Inner Mongolia,2323,FALSE,FALSE,FALSE,FALSE,"","",unknown,0.774866676330566,197,1096,0.106306392115411,0.0390005142637616,0.0480386607642616,640221,Ningxia,640200,Ningxia,TRUE,TRUE
2326,Emberiza hortulana,Inner Mongolia,2010,discovery_date,2010,2023,13,108.57,38.98,FALSE,FALSE,内蒙古西鄂尔多斯,national,野生植物,1986,98.5023096508344,303847.331908876,4190102.22507861,Inner Mongolia,2326,FALSE,FALSE,FALSE,FALSE,观察拍摄,分布变化,birdwatching,0.725349998474121,315,1393,0.0422685521945524,0.025231014378407,0.0107402151845823,150626,Inner Mongolia,150600,Inner Mongolia,TRUE,TRUE
2328,Panurus biarmicus,Shaanxi,2018,discovery_date,2018,2020,2,109.89,39.07,FALSE,FALSE,准格尔地质遗迹,provincial,古生物遗迹,1999,126.007651384633,415614.957440311,4205045.79124867,Shaanxi,2328,FALSE,FALSE,FALSE,FALSE,观察拍摄,分布变化,birdwatching,0.725566673278809,374,1297,0.192968737556714,0.0548750555002221,0.0571667460837103,610881,Shaanxi,610800,Shaanxi,TRUE,TRUE
2335,Ficedula erithacus,Hebei,2015,discovery_date,2015,2016,1,113.83,38.75,TRUE,TRUE,河北驼梁,national,森林生态,2001,0,753012.717409988,4192155.92908746,Hebei,2335,TRUE,TRUE,TRUE,TRUE,"","",unknown,0.758916664123535,447,1071,0.325590305177595,0.0981936742313489,0.0923150000809967,130624,Hebei,130600,Hebei,TRUE,TRUE
2341,Tyto longimembris,Hebei,2004,discovery_date,2004,2005,1,117.5,38.15,FALSE,FALSE,河北黄骅古贝壳堤,provincial,古生物遗迹,1995,23.0080517000072,1073090.81465642,4158476.28146604,Hebei,2341,FALSE,FALSE,FALSE,FALSE,环志网捕,分布变化,professional_survey,1.31321668624878,524,4,0.325590305177595,0.0981936742313489,0.0923150000809967,130924,Hebei,130900,Hebei,TRUE,TRUE
2342,Aegithalos caudatus,Shandong,2023,discovery_date,2023,2024,1,117.87,38.26,TRUE,TRUE,山东滨州贝壳堤岛与湿地国家级自然保护区,national,海洋海岸,1999,0,1103071.45925944,4174863.71893711,"",2342,TRUE,TRUE,TRUE,TRUE,"","",unknown,1.30437498092651,579,2,0.325590305177595,0.0981936742313489,0.0923150000809967,371623,Shandong,371600,Shandong,TRUE,TRUE
2342,Sitta villosa,Shandong,2023,discovery_date,2023,2024,1,117.87,38.26,TRUE,TRUE,山东滨州贝壳堤岛与湿地国家级自然保护区,national,海洋海岸,1999,0,1103071.45925944,4174863.71893711,"",2342,TRUE,TRUE,TRUE,TRUE,"","",unknown,1.30437498092651,579,2,0.325590305177595,0.0981936742313489,0.0923150000809967,371623,Shandong,371600,Shandong,TRUE,TRUE
2381,Fringilla coelebs,Gansu,2020,discovery_date,2020,2024,4,98.17,39.07,FALSE,FALSE,甘肃祁连山,national,森林生态,1987,1.01795192555275,-580277.866637254,4214776.25126797,Gansu,2381,FALSE,TRUE,TRUE,TRUE,"","",unknown,-0.40203332901001,306,4098,0.170586572735392,0.0823993028940886,0.0604800763272079,620721,Gansu,620700,Gansu,TRUE,TRUE
2386,Pseudopodoces humilis,Inner Mongolia,2020,discovery_date,2020,2023,3,100.87,39.18,FALSE,FALSE,甘肃祁连山,national,森林生态,1987,20.0810635951867,-350544.21771212,4214529.42284089,Inner Mongolia,2386,FALSE,FALSE,FALSE,FALSE,观察拍摄,分布变化,birdwatching,0.691133308410645,172,1653,0.0422685521945524,0.025231014378407,0.0107402151845823,152922,Inner Mongolia,152900,Inner Mongolia,TRUE,TRUE
2387,Remiz coronatus,Inner Mongolia,2021,discovery_date,2021,2022,1,101.65,39.21,FALSE,FALSE,甘肃祁连山,national,森林生态,1987,69.5799248543639,-284253.445028685,4215422.93867031,Inner Mongolia,2387,FALSE,FALSE,FALSE,FALSE,观察拍摄,分布变化,birdwatching,0.733699989318848,128,1538,0.0422685521945524,0.025231014378407,0.0107402151845823,152922,Inner Mongolia,152900,Inner Mongolia,TRUE,TRUE
2414,Eumyias thalassinus,Tianjin,2018,discovery_date,2018,2018,0,117.47,38.71,FALSE,FALSE,河北南大港湿地和鸟类,provincial,湿地生态,1995,16.8067122970505,1062599.89129422,4220947.95155963,Tianjin,2414,FALSE,FALSE,FALSE,FALSE,观察和拍摄,"",birdwatching,1.27321662902832,533,3,0.101836937794206,0.0236811882055906,0.0626627916789563,120116,Tianjin,120000,Tianjin,TRUE,TRUE
2414,Phylloscopus burkii,Tianjin,2002,discovery_date,2002,2002,0,117.21,38.96,FALSE,FALSE,天津古海岸与湿地国家级自然保护区,national,海洋海岸,1992,38.7737627495757,1037091.87838178,4246232.36859041,Tianjin,2414,FALSE,FALSE,FALSE,FALSE,标本采集,分布变化,professional_survey,1.27321662902832,533,3,0.101836937794206,0.0236811882055906,0.0626627916789563,120111,Tianjin,120000,Tianjin,TRUE,TRUE
2414,Turdus ruficollis,Tianjin,2005,discovery_date,2005,2006,1,117.1,38.91,FALSE,FALSE,天津古海岸与湿地国家级自然保护区,national,海洋海岸,1992,48.2309122991897,1028482.13529981,4239480.29302823,Tianjin,2414,FALSE,FALSE,FALSE,FALSE,"","",unknown,1.27321662902832,533,3,0.101836937794206,0.0236811882055906,0.0626627916789563,120118,Tianjin,120000,Tianjin,TRUE,TRUE
2454,Ixobrychus minutus,Gansu,2019,discovery_date,2019,2020,1,98.55,39.73,FALSE,FALSE,甘肃祁连山,national,森林生态,1987,25.7211542786381,-543199.218533113,4287019.74960078,Gansu,2454,FALSE,FALSE,FALSE,FALSE,"","",unknown,0.676433324813843,106,1556,0.170586572735392,0.0823993028940886,0.0604800763272079,620902,Gansu,620900,Gansu,TRUE,TRUE
2454,Phoenicurus erythronotus,Gansu,2019,discovery_date,2019,2020,1,98.53,39.75,FALSE,FALSE,甘肃祁连山,national,森林生态,1987,26.7240302420585,-544734.073010744,4289383.40819474,Gansu,2454,FALSE,FALSE,FALSE,FALSE,"","",unknown,0.676433324813843,106,1556,0.170586572735392,0.0823993028940886,0.0604800763272079,620902,Gansu,620900,Gansu,TRUE,TRUE
2454,Turdus viscivorus,Gansu,2018,discovery_date,2018,2019,1,98.53,39.75,FALSE,FALSE,甘肃祁连山,national,森林生态,1987,26.7240302420585,-544734.073010744,4289383.40819474,Gansu,2454,FALSE,FALSE,FALSE,FALSE,"","",unknown,0.676433324813843,106,1556,0.170586572735392,0.0823993028940886,0.0604800763272079,620902,Gansu,620900,Gansu,TRUE,TRUE
2468,Elanus caeruleus,Inner Mongolia,2022,discovery_date,2022,2023,1,106.78,39.73,FALSE,FALSE,内蒙古西鄂尔多斯,national,野生植物,1986,19.0152248674018,150003.608969834,4270713.18356539,Inner Mongolia,2468,FALSE,FALSE,FALSE,FALSE,观察拍摄,分布变化,birdwatching,0.812899971008301,157,1082,0.0422685521945524,0.025231014378407,0.0107402151845823,150302,Inner Mongolia,150300,Inner Mongolia,TRUE,TRUE
2486,Aegithalos caudatus,Tianjin,2016,discovery_date,2016,2020,4,117.59,39.3,TRUE,TRUE,天津古海岸与湿地国家级自然保护区,national,海洋海岸,1992,0,1064339.1000684,4288371.19841486,Tianjin,2486,TRUE,TRUE,TRUE,TRUE,观察和拍摄,"",birdwatching,1.25108337402344,559,5,0.101836937794206,0.0236811882055906,0.0626627916789563,120117,Tianjin,120000,Tianjin,TRUE,TRUE
2486,Branta canadensis,Tianjin,2014,discovery_date,2014,2017,3,117.43,39.26,FALSE,FALSE,天津古海岸与湿地国家级自然保护区,national,海洋海岸,1992,1.32157691218013,1051448.48157967,4282182.95973706,Tianjin,2486,FALSE,FALSE,TRUE,TRUE,观察拍摄,"",birdwatching,1.25108337402344,559,5,0.101836937794206,0.0236811882055906,0.0626627916789563,120117,Tianjin,120000,Tianjin,TRUE,TRUE
2486,Elanus caeruleus,Tianjin,2004,discovery_date,2004,2006,2,117.11,39.17,FALSE,FALSE,天津古海岸与湿地国家级自然保护区,national,海洋海岸,1992,27.325539295273,1025753.24328825,4268744.3579543,Tianjin,2486,FALSE,FALSE,FALSE,FALSE,整理照片时发现，观察拍摄,分布变化,birdwatching,1.25108337402344,559,5,0.101836937794206,0.0236811882055906,0.0626627916789563,120111,Tianjin,120000,Tianjin,TRUE,TRUE
2486,Hydrophasianus chirurgus,Tianjin,2014,discovery_date,2014,2015,1,117.32,39.12,FALSE,FALSE,天津古海岸与湿地国家级自然保护区,national,海洋海岸,1992,18.4552905344509,1044149.51260791,4265326.78121791,Tianjin,2486,FALSE,FALSE,FALSE,FALSE,观察拍摄,分布变化,birdwatching,1.25108337402344,559,5,0.101836937794206,0.0236811882055906,0.0626627916789563,120110,Tianjin,120000,Tianjin,TRUE,TRUE
2486,Saxicola ferreus,Tianjin,2019,discovery_date,2019,2019,0,117.63,39.07,FALSE,FALSE,天津古海岸与湿地国家级自然保护区,national,海洋海岸,1992,9.41734087339818,1070999.39910178,4263023.96713508,Tianjin,2486,FALSE,FALSE,FALSE,FALSE,观察和拍摄,"",birdwatching,1.25108337402344,559,5,0.101836937794206,0.0236811882055906,0.0626627916789563,120116,Tianjin,120000,Tianjin,TRUE,TRUE
2510,Cecropis daurica,Xinjiang,2010,discovery_date,2010,2013,3,88.16,39.03,FALSE,FALSE,新疆罗布泊野骆驼国家级自然保护区,national,荒漠生态,1986,75.7378192186878,-1425765.04800932,4311498.48176005,Xinjiang,2510,FALSE,FALSE,FALSE,FALSE,"","",unknown,1.084850025177,30,811,0.138596983544164,0.0491553825225537,0.0365092249655955,652824,Xinjiang,652800,Xinjiang,TRUE,TRUE
2510,Phylloscopus coronatus,Xinjiang,2010,discovery_date,2010,2013,3,88.16,39.05,FALSE,FALSE,新疆罗布泊野骆驼国家级自然保护区,national,荒漠生态,1986,75.1989533302221,-1425383.55848762,4313725.95295332,Xinjiang,2510,FALSE,FALSE,FALSE,FALSE,"","",unknown,1.084850025177,30,811,0.138596983544164,0.0491553825225537,0.0365092249655955,652824,Xinjiang,652800,Xinjiang,TRUE,TRUE
2520,Hieraaetus pennatus,Gansu,2013,discovery_date,2013,2014,1,94.12,39.88,TRUE,TRUE,敦煌阳关,national,湿地生态,1994,0,-913238.12853582,4336399.23354536,Gansu,2520,TRUE,TRUE,TRUE,TRUE,"","",unknown,0.863049983978272,32,1428,0.170586572735392,0.0823993028940886,0.0604800763272079,620982,Gansu,620900,Gansu,TRUE,TRUE
2527,Columba oenas,Gansu,2021,discovery_date,2021,2022,1,98.44,39.91,FALSE,FALSE,甘肃祁连山,national,森林生态,1987,38.3598284155286,-551107.48005883,4307910.77713226,Gansu,2527,FALSE,FALSE,FALSE,FALSE,"","",unknown,0.764433336257935,74,1292,0.170586572735392,0.0823993028940886,0.0604800763272079,620200,Gansu,620200,Gansu,TRUE,TRUE
2555,Phylloscopus soror,Beijing,2011,discovery_date,2011,2013,2,115.43,40,FALSE,FALSE,北京百花山,national,森林生态,1985,0.715326954742217,874187.422596462,4345821.38433782,Beijing,2555,FALSE,TRUE,TRUE,TRUE,记录鸣唱，回放鸣声，网捕,分布变化,professional_survey,0.448999977111816,496,1511,0.325590305177595,0.0981936742313489,0.0923150000809967,130731,Hebei,130700,Hebei,FALSE,FALSE
2556,Passer cinnamomeus,Beijing,2004,discovery_date,2004,2004,0,115.48,39.77,FALSE,FALSE,北京百花山,national,森林生态,1985,7.53183831535383,881099.306304202,4320433.46464961,Beijing,2556,FALSE,FALSE,FALSE,FALSE,观察拍摄,分布变化,birdwatching,0.848600006103516,524,879,0.157096469842086,0.0434172833091068,0.0512745911076958,110111,Beijing,110000,Beijing,TRUE,TRUE
2557,Accipiter trivirgatus,Beijing,2013,discovery_date,2013,2013,0,116.17,39.99,FALSE,FALSE,北京百花山,national,森林生态,1985,39.4641603747012,936083.885109144,4351445.42334276,Beijing,2557,FALSE,FALSE,FALSE,FALSE,观察拍摄,分布变化,birdwatching,1.23383331298828,579,48,0.157096469842086,0.0434172833091068,0.0512745911076958,110108,Beijing,110000,Beijing,TRUE,TRUE
2557,Elanus caeruleus,Beijing,2013,discovery_date,2013,2013,0,116.17,39.99,FALSE,FALSE,北京百花山,national,森林生态,1985,39.4641603747012,936083.885109144,4351445.42334276,Beijing,2557,FALSE,FALSE,FALSE,FALSE,观察拍摄,分布变化,birdwatching,1.23383331298828,579,48,0.157096469842086,0.0434172833091068,0.0512745911076958,110108,Beijing,110000,Beijing,TRUE,TRUE
2557,Ficedula strophiata,Beijing,2015,discovery_date,2015,2017,2,116.4,39.95,FALSE,FALSE,北京百花山,national,森林生态,1985,57.8880112203743,955792.252582835,4349149.12718674,Beijing,2557,FALSE,FALSE,FALSE,FALSE,观察拍摄,"",birdwatching,1.23383331298828,579,48,0.157096469842086,0.0434172833091068,0.0512745911076958,110101,Beijing,110000,Beijing,TRUE,TRUE
2557,Glaucidium cuculoides,Beijing,2006,discovery_date,2006,2008,2,116.37,39.91,FALSE,FALSE,北京百花山,national,森林生态,1985,55.1793864013369,953804.206242261,4344373.26293183,Beijing,2557,FALSE,FALSE,FALSE,FALSE,救助，市民发现的受困野生动物,分布变化,professional_survey,1.23383331298828,579,48,0.157096469842086,0.0434172833091068,0.0512745911076958,110102,Beijing,110000,Beijing,TRUE,TRUE
2557,Histrionicus histrionicus,Beijing,2017,discovery_date,2017,2017,0,116.4,39.98,FALSE,FALSE,北京百花山,national,森林生态,1985,58.2577621469508,955404.115317178,4352514.4804296,Beijing,2557,FALSE,FALSE,FALSE,FALSE,观察拍摄,"",birdwatching,1.23383331298828,579,48,0.157096469842086,0.0434172833091068,0.0512745911076958,110105,Beijing,110000,Beijing,TRUE,TRUE
2557,Spizixos semitorques,Beijing,2019,discovery_date,2019,2022,3,116.33,39.94,FALSE,FALSE,北京百花山,national,森林生态,1985,51.9380136749735,950077.522526656,4347355.39058905,Beijing,2557,FALSE,FALSE,FALSE,FALSE,观察拍摄,"",birdwatching,1.23383331298828,579,48,0.157096469842086,0.0434172833091068,0.0512745911076958,110102,Beijing,110000,Beijing,TRUE,TRUE
2557,Turdus cardis,Beijing,2013,discovery_date,2013,2014,1,116.33,40,FALSE,FALSE,北京百花山,national,森林生态,1985,52.8357873297846,949305.997157936,4354086.61359374,Beijing,2557,FALSE,FALSE,FALSE,FALSE,观察拍摄,分布变化,birdwatching,1.23383331298828,579,48,0.157096469842086,0.0434172833091068,0.0512745911076958,110108,Beijing,110000,Beijing,TRUE,TRUE
2557,Turdus mandarinus,Beijing,2007,discovery_date,2007,2011,4,116.29,40,FALSE,FALSE,北京百花山,national,森林生态,1985,49.5463267209673,945969.004771311,4353704.81225059,Beijing,2557,FALSE,FALSE,FALSE,FALSE,观察和拍摄,分布变化，调查不足,birdwatching,1.23383331298828,579,48,0.157096469842086,0.0434172833091068,0.0512745911076958,110108,Beijing,110000,Beijing,TRUE,TRUE
2564,Lanius tephronotus,Xinjiang,2004,discovery_date,2004,2004,0,75.4,37.37,FALSE,FALSE,塔什库尔干野生动物,provincial,野生动物,1984,4.11490345727438,-2536127.39834837,4383551.36056481,Xinjiang,2564,FALSE,FALSE,FALSE,TRUE,"","",unknown,-0.448716688156128,98,4462,0.138596983544164,0.0491553825225537,0.0365092249655955,653131,Xinjiang,653100,Xinjiang,TRUE,TRUE
2596,Podoces biddulphi,Gansu,2008,discovery_date,2008,2009,1,93.47,40.28,TRUE,TRUE,敦煌西湖,national,野生动物,1992,0,-962325.469664281,4387416.0667945,Gansu,2596,TRUE,TRUE,TRUE,TRUE,"","",unknown,1.00468339920044,23,1010,0.170586572735392,0.0823993028940886,0.0604800763272079,620982,Gansu,620900,Gansu,TRUE,TRUE
2602,Spilopelia senegalensis,Gansu,2020,discovery_date,2020,2023,3,97.11,40.47,FALSE,FALSE,甘肃安西极旱荒漠国家级自然保护区,national,荒漠生态,1987,76.2646030821408,-657606.544093199,4379064.4766791,Gansu,2602,FALSE,FALSE,FALSE,FALSE,"","",unknown,0.745766687393189,75,1367,0.170586572735392,0.0823993028940886,0.0604800763272079,620981,Gansu,620900,Gansu,TRUE,TRUE
2624,Grus nigricollis,Inner Mongolia,2023,discovery_date,2023,2023,0,110.34,40.49,FALSE,FALSE,内蒙古大青山,national,森林生态,1996,24.1222074076998,445204.795673912,4367153.49679267,Inner Mongolia,2624,FALSE,FALSE,FALSE,FALSE,观察拍摄,分布变化,birdwatching,0.496916675567627,321,1379,0.0422685521945524,0.025231014378407,0.0107402151845823,150221,Inner Mongolia,150200,Inner Mongolia,TRUE,TRUE
2625,Pericrocotus ethologus,Inner Mongolia,2013,discovery_date,2013,2014,1,111.28,40.55,FALSE,FALSE,内蒙古大青山,national,森林生态,1996,20.4565023100085,523049.404100311,4378497.51872903,Inner Mongolia,2625,FALSE,FALSE,FALSE,FALSE,观察拍摄,分布变化,birdwatching,0.599616670608521,302,989,0.0422685521945524,0.025231014378407,0.0107402151845823,150122,Inner Mongolia,150100,Inner Mongolia,TRUE,TRUE
2634,Ceryle rudis,Beijing,2005,discovery_date,2005,2011,6,116.23,40.27,FALSE,FALSE,北京松山,national,森林生态,1986,43.2386552748687,937522.383310539,4383424.15058461,Beijing,2634,FALSE,FALSE,FALSE,FALSE,观察和拍摄,分布变化，调查不足,birdwatching,1.14731664657593,514,83,0.157096469842086,0.0434172833091068,0.0512745911076958,110114,Beijing,110000,Beijing,TRUE,TRUE
2634,Pycnonotus sinensis,Beijing,2002,discovery_date,2002,2003,1,116.62,40.36,FALSE,FALSE,天津八仙山,national,森林生态,1984,59.1031711399951,968748.346597854,4397260.85725625,Beijing,2634,FALSE,FALSE,FALSE,FALSE,观察拍摄,分布变化,birdwatching,1.14731664657593,514,83,0.157096469842086,0.0434172833091068,0.0512745911076958,110116,Beijing,110000,Beijing,TRUE,TRUE
2642,Phoenicurus leucocephalus,Xinjiang,2009,discovery_date,2009,2010,1,75.21,37.8,FALSE,FALSE,塔什库尔干野生动物,provincial,野生动物,1984,48.0119134829349,-2537548.8821707,4434857.68885687,Xinjiang,2642,FALSE,FALSE,FALSE,FALSE,"","",unknown,-0.478283309936523,91,4272,0.138596983544164,0.0491553825225537,0.0365092249655955,653131,Xinjiang,653100,Xinjiang,TRUE,TRUE
2670,Spinus spinus,Xinjiang,2010,discovery_date,2010,2010,0,91.25,40.63,FALSE,FALSE,新疆罗布泊野骆驼国家级自然保护区,national,荒漠生态,1986,63.6427224268132,-1141069.31856045,4450121.00549488,Xinjiang,2670,FALSE,FALSE,FALSE,FALSE,"","",unknown,1.11459999084473,18,791,0.138596983544164,0.0491553825225537,0.0365092249655955,652824,Xinjiang,652800,Xinjiang,TRUE,TRUE
2703,Otus semitorques,Inner Mongolia,2022,discovery_date,2022,2022,0,110.82,40.85,TRUE,TRUE,内蒙古大青山,national,森林生态,1996,0,482799.17588919,4409956.60230765,Inner Mongolia,2703,TRUE,TRUE,TRUE,TRUE,"","",unknown,0.182683324813843,324,1980,0.0422685521945524,0.025231014378407,0.0107402151845823,150125,Inner Mongolia,150100,Inner Mongolia,TRUE,TRUE
2704,Spilopelia chinensis,Inner Mongolia,2004,discovery_date,2004,2006,2,111.72,40.81,FALSE,FALSE,内蒙古大青山,national,森林生态,1996,8.99021200278149,557657.674917173,4410168.61962514,Inner Mongolia,2704,FALSE,FALSE,FALSE,FALSE,观察拍摄,分布变化,birdwatching,0.258800005912781,305,1764,0.0422685521945524,0.025231014378407,0.0107402151845823,150105,Inner Mongolia,150100,Inner Mongolia,TRUE,TRUE
2711,Lanius schach,Beijing,2009,discovery_date,2009,2011,2,115.91,40.52,FALSE,FALSE,北京松山,national,森林生态,1986,7.61904234137669,907822.015279491,4408494.18331685,Beijing,2711,FALSE,FALSE,FALSE,FALSE,观察和拍摄,分布变化，调查不足,birdwatching,0.732616662979126,442,962,0.325590305177595,0.0981936742313489,0.0923150000809967,110119,Beijing,110000,Beijing,TRUE,TRUE
2721,Branta canadensis,Liaoning,2020,discovery_date,2020,2022,2,123.8,39.83,TRUE,TRUE,辽宁鸭绿江口湿地国家级自然保护区,national,海洋海岸,1997,0,1572814.88033253,4430024.7240469,"",2721,TRUE,TRUE,TRUE,TRUE,"","",unknown,0.972633361816406,837,2,0.241593679938866,0.0863163654593768,0.0709852748416341,,,,,FALSE,FALSE
2721,Cisticola juncidis,Liaoning,2006,discovery_date,2006,2006,0,123.62,39.93,TRUE,TRUE,辽宁鸭绿江口湿地国家级自然保护区,national,海洋海岸,1997,0,1555828.2637229,4438281.61575502,Liaoning,2721,TRUE,TRUE,TRUE,TRUE,"","",unknown,0.972633361816406,837,2,0.241593679938866,0.0863163654593768,0.0709852748416341,210681,Liaoning,210600,Liaoning,TRUE,TRUE
2721,Clamator coromandus,Liaoning,2015,discovery_date,2015,2022,7,123.63,39.85,TRUE,TRUE,辽宁鸭绿江口湿地国家级自然保护区,national,海洋海岸,1997,0,1558339.36371886,4429562.62546166,"",2721,TRUE,TRUE,TRUE,TRUE,"","",unknown,0.972633361816406,837,2,0.241593679938866,0.0863163654593768,0.0709852748416341,210681,Liaoning,210600,Liaoning,TRUE,TRUE
2722,Ardea intermedia,Liaoning,2004,discovery_date,2004,2006,2,124.19,39.97,FALSE,FALSE,丹东鸭绿江口湿地,national,海洋海岸,1987,16.779080772491,1602002.3648807,4451781.97802215,Liaoning,2722,FALSE,FALSE,FALSE,FALSE,"","",unknown,0.930000019073486,918,3,0.241593679938866,0.0863163654593768,0.0709852748416341,210681,Liaoning,210600,Liaoning,TRUE,TRUE
2722,Lalage melaschistos,Liaoning,2012,discovery_date,2012,2014,2,124.21,39.88,FALSE,FALSE,丹东鸭绿江口湿地,national,海洋海岸,1987,10.4153836509852,1605605.38272828,4442131.19575732,"",2722,FALSE,FALSE,FALSE,FALSE,"","",unknown,0.930000019073486,918,3,0.241593679938866,0.0863163654593768,0.0709852748416341,210681,Liaoning,210600,Liaoning,TRUE,TRUE
2722,Spodiopsar sericeus,Liaoning,2007,discovery_date,2007,2014,7,124.15,39.97,FALSE,FALSE,丹东鸭绿江口湿地,national,海洋海岸,1987,15.5598470987885,1598704.68079354,4451137.19863772,Liaoning,2722,FALSE,FALSE,FALSE,FALSE,"","",unknown,0.930000019073486,918,3,0.241593679938866,0.0863163654593768,0.0709852748416341,210681,Liaoning,210600,Liaoning,TRUE,TRUE
2755,Anthus gustavi,Xinjiang,2010,discovery_date,2010,2010,0,93.48,41.22,TRUE,TRUE,新疆罗布泊野骆驼国家级自然保护区,national,荒漠生态,1986,0,-949215.262981119,4492668.49269768,Xinjiang,2755,TRUE,TRUE,TRUE,TRUE,"","",unknown,0.836499977111816,36,1248,0.138596983544164,0.0491553825225537,0.0365092249655955,650502,Xinjiang,650500,Xinjiang,TRUE,TRUE
2799,Eudynamys scolopaceus,Liaoning,2017,discovery_date,2017,2018,1,120.38,40.55,FALSE,FALSE,辽宁葫芦岛市白狼山,national,森林生态,2001,41.873978063763,1276705.12311902,4461037.44835189,Liaoning,2799,FALSE,FALSE,FALSE,FALSE,"","",unknown,0.878400039672852,563,51,0.241593679938866,0.0863163654593768,0.0709852748416341,211481,Liaoning,211400,Liaoning,TRUE,TRUE
2849,Acrocephalus agricola,Inner Mongolia,2020,discovery_date,2020,2023,3,101.12,42.06,TRUE,TRUE,内蒙古额济纳胡杨林,national,荒漠生态,1986,0,-316639.074716939,4538394.11800726,Inner Mongolia,2849,TRUE,TRUE,TRUE,TRUE,观察拍摄,分布变化,birdwatching,0.919016647338867,34,930,0.0422685521945524,0.025231014378407,0.0107402151845823,152923,Inner Mongolia,152900,Inner Mongolia,TRUE,TRUE
2849,Columba oenas,Inner Mongolia,2014,discovery_date,2014,2017,3,101.15,42.05,TRUE,TRUE,内蒙古额济纳胡杨林,national,荒漠生态,1986,0,-314235.733197649,4537173.33289024,Inner Mongolia,2849,TRUE,TRUE,TRUE,TRUE,观察和拍摄,分布变化,birdwatching,0.919016647338867,34,930,0.0422685521945524,0.025231014378407,0.0107402151845823,152923,Inner Mongolia,152900,Inner Mongolia,TRUE,TRUE
2849,Turdus viscivorus,Inner Mongolia,2019,discovery_date,2019,2023,4,101.07,42.13,FALSE,FALSE,内蒙古额济纳胡杨林,national,荒漠生态,1986,5.45549260424817,-320405.362998603,4546432.17483217,Inner Mongolia,2849,FALSE,FALSE,FALSE,FALSE,观察拍摄,分布变化,birdwatching,0.919016647338867,34,930,0.0422685521945524,0.025231014378407,0.0107402151845823,152923,Inner Mongolia,152900,Inner Mongolia,TRUE,TRUE
2872,Passer cinnamomeus,Inner Mongolia,2017,discovery_date,2017,2017,0,118.47,41.41,TRUE,TRUE,内蒙古黑里河,national,森林生态,1996,0,1106076.85017126,4534108.49077193,Inner Mongolia,2872,TRUE,TRUE,TRUE,TRUE,"","",unknown,0.524916648864746,493,1086,0.0422685521945524,0.025231014378407,0.0107402151845823,150429,Inner Mongolia,150400,Inner Mongolia,TRUE,TRUE
3016,Gyps himalayensis,Liaoning,2002,discovery_date,2002,2003,1,121.02,42.05,FALSE,FALSE,辽宁北票大黑山,provincial,森林生态,2000,33.4950649912467,1302206.70469968,4636370.74420693,Liaoning,3016,FALSE,FALSE,FALSE,FALSE,"","",unknown,0.814883327484131,472,209,0.241593679938866,0.0863163654593768,0.0709852748416341,211381,Liaoning,211300,Liaoning,TRUE,TRUE
3019,Hydrophasianus chirurgus,Liaoning,2011,discovery_date,2011,2024,13,122.92,41.74,FALSE,FALSE,西平,local,森林生态,1984,50.5228438169668,1461329.81509673,4628397.96861157,Liaoning,3019,FALSE,FALSE,FALSE,FALSE,"","",unknown,0.826749992370606,608,23,0.241593679938866,0.0863163654593768,0.0709852748416341,210181,Liaoning,210100,Liaoning,TRUE,TRUE
3020,Gavia arctica,Liaoning,2022,discovery_date,2022,2023,1,123.33,41.83,FALSE,FALSE,大伙房水库水源,provincial,森林生态,1990,54.9822682091954,1492526.09188323,4644469.92039873,Liaoning,3020,FALSE,FALSE,FALSE,FALSE,鸟类野外观测,分布变化,birdwatching,0.829749965667725,665,41,0.241593679938866,0.0863163654593768,0.0709852748416341,210106,Liaoning,210100,Liaoning,TRUE,TRUE
3073,Megaceryle lugubris,Inner Mongolia,2014,discovery_date,2014,2015,1,117.23,42.95,FALSE,FALSE,内蒙古达里诺尔国家级自然保护区,national,野生动物,1987,43.0768666138701,983489.38062963,4693023.47782203,Inner Mongolia,3073,FALSE,FALSE,FALSE,FALSE,观察拍摄,分布变化,birdwatching,0.0756333410739899,421,1582,0.0422685521945524,0.025231014378407,0.0107402151845823,150425,Inner Mongolia,150400,Inner Mongolia,TRUE,TRUE
3083,Ceryle rudis,Liaoning,2022,discovery_date,2022,2025,3,123.52,41.98,FALSE,FALSE,大伙房水库水源,provincial,森林生态,1990,38.4063377771886,1504683.8823144,4663946.5695001,Liaoning,3083,FALSE,FALSE,FALSE,FALSE,"","",unknown,0.762449979782105,620,47,0.241593679938866,0.0863163654593768,0.0709852748416341,210113,Liaoning,210100,Liaoning,TRUE,TRUE
3084,Centropus bengalensis,Liaoning,2012,discovery_date,2012,2022,10,124.02,41.87,FALSE,FALSE,大伙房水库水源,provincial,森林生态,1990,1.82937375283036,1547175.10687188,4659460.18601462,Liaoning,3084,FALSE,FALSE,TRUE,TRUE,"","",unknown,0.639116668701172,736,349,0.241593679938866,0.0863163654593768,0.0709852748416341,210403,Liaoning,210400,Liaoning,TRUE,TRUE
3219,Charadrius veredus,Xinjiang,2010,discovery_date,2010,2010,0,90.8,43.9,FALSE,FALSE,新疆西天山,national,森林生态,1983,147.471591856459,-1125690.54880554,4819734.67024209,Xinjiang,3219,FALSE,FALSE,FALSE,FALSE,"","",unknown,0.62868332862854,87,1189,0.138596983544164,0.0491553825225537,0.0365092249655955,652328,Xinjiang,652300,Xinjiang,TRUE,TRUE
3236,Ficedula tricolor,Inner Mongolia,2007,discovery_date,2007,2009,2,118.72,44.22,FALSE,FALSE,乌兰坝—石棚沟,provincial,森林生态,1997,4.90937424980032,1082940.84488771,4849938.62426232,Inner Mongolia,3236,FALSE,FALSE,FALSE,TRUE,观察和拍摄,分布变化,birdwatching,0.247583317756653,398,1212,0.0422685521945524,0.025231014378407,0.0107402151845823,150423,Inner Mongolia,150400,Inner Mongolia,TRUE,TRUE
3236,Histrionicus histrionicus,Inner Mongolia,2014,discovery_date,2014,2014,0,118.72,44.22,FALSE,FALSE,乌兰坝—石棚沟,provincial,森林生态,1997,4.90937424980032,1082940.84488771,4849938.62426232,Inner Mongolia,3236,FALSE,FALSE,FALSE,TRUE,观察拍摄,分布变化,birdwatching,0.247583317756653,398,1212,0.0422685521945524,0.025231014378407,0.0107402151845823,150423,Inner Mongolia,150400,Inner Mongolia,TRUE,TRUE
3265,Prunella montanella,Xinjiang,2008,discovery_date,2008,2008,0,87.54,44.18,FALSE,FALSE,天池,provincial,森林生态,1980,47.9847647910198,-1376210.33388581,4891832.18482502,Xinjiang,3265,FALSE,FALSE,FALSE,FALSE,"","",unknown,0.793966674804688,181,550,0.138596983544164,0.0491553825225537,0.0365092249655955,659004,Xinjiang,659004,Xinjiang,TRUE,TRUE
3266,Mareca falcata,Xinjiang,2022,discovery_date,2022,2023,1,87.63,44.18,FALSE,FALSE,天池,provincial,森林生态,1980,42.6660519635776,-1369189.18715508,4890587.80399236,Xinjiang,3266,FALSE,FALSE,FALSE,FALSE,"","",unknown,0.758366680145264,180,545,0.138596983544164,0.0491553825225537,0.0365092249655955,650109,Xinjiang,650100,Xinjiang,TRUE,TRUE
3295,Cyanistes cyanus,Jilin,2019,discovery_date,2019,2023,4,125.35,43.83,FALSE,FALSE,吉林伊通火山群国家级自然保护区,national,地质遗迹,1983,46.6703558215015,1609026.81901271,4896722.32851177,Jilin,3295,FALSE,FALSE,FALSE,FALSE,"","",unknown,0.492066669464111,597,219,0.114589651661273,0.073517564422611,0.022873542755,220102,Jilin,220100,Jilin,TRUE,TRUE
3295,Netta rufina,Jilin,2020,discovery_date,2020,2023,3,125.35,43.88,FALSE,FALSE,吉林伊通火山群国家级自然保护区,national,地质遗迹,1983,51.7260505719094,1607884.60387551,4902216.54438433,Jilin,3295,FALSE,FALSE,FALSE,FALSE,"","",unknown,0.492066669464111,597,219,0.114589651661273,0.073517564422611,0.022873542755,220105,Jilin,220100,Jilin,TRUE,TRUE
3295,Pycnonotus sinensis,Jilin,2018,discovery_date,2018,2020,2,125.41,43.81,FALSE,FALSE,吉林伊通火山群国家级自然保护区,national,地质遗迹,1983,47.1533798273266,1614162.20913855,4895498.56385378,Jilin,3295,FALSE,FALSE,FALSE,FALSE,"","",unknown,0.492066669464111,597,219,0.114589651661273,0.073517564422611,0.022873542755,220102,Jilin,220100,Jilin,TRUE,TRUE
3295,Spilopelia chinensis,Jilin,2016,discovery_date,2016,2022,6,125.4,43.81,FALSE,FALSE,吉林伊通火山群国家级自然保护区,national,地质遗迹,1983,46.7169468739311,1613382.50555469,4895336.01740402,Jilin,3295,FALSE,FALSE,FALSE,FALSE,"","",unknown,0.492066669464111,597,219,0.114589651661273,0.073517564422611,0.022873542755,220102,Jilin,220100,Jilin,TRUE,TRUE
3296,Acridotheres cristatellus,Jilin,2016,discovery_date,2016,2023,7,125.55,43.8,FALSE,FALSE,吉林伊通火山群国家级自然保护区,national,地质遗迹,1983,53.3300881970432,1625307.01915673,4896683.95119156,Jilin,3296,FALSE,FALSE,FALSE,FALSE,观察和拍摄,"",birdwatching,0.441300010681152,651,217,0.114589651661273,0.073517564422611,0.022873542755,220102,Jilin,220100,Jilin,TRUE,TRUE
3336,Spodiopsar sericeus,Jilin,2019,discovery_date,2019,2025,6,123.79,44.23,FALSE,FALSE,腰井子羊草草原,provincial,草原草甸,1986,44.9487694566975,1478777.48913241,4916469.60659426,Jilin,3336,FALSE,FALSE,FALSE,FALSE,"","",unknown,0.568083333969116,463,195,0.114589651661273,0.073517564422611,0.022873542755,220722,Jilin,220700,Jilin,TRUE,TRUE
3338,Ardea intermedia,Jilin,2020,discovery_date,2020,2023,3,125.37,43.96,FALSE,FALSE,波罗湖,national,湿地生态,2004,53.5484076699489,1607613.57268524,4911329.64426805,Jilin,3338,FALSE,FALSE,FALSE,FALSE,"","",unknown,0.495483350753784,560,182,0.114589651661273,0.073517564422611,0.022873542755,220103,Jilin,220100,Jilin,TRUE,TRUE
3339,Pitta nympha,Jilin,2019,discovery_date,2019,2020,1,126.07,44.07,FALSE,FALSE,波罗湖,national,湿地生态,2004,91.5194335719492,1659440.73881793,4934920.55691161,Jilin,3339,FALSE,FALSE,FALSE,FALSE,"","",unknown,0.40455002784729,621,266,0.114589651661273,0.073517564422611,0.022873542755,220202,Jilin,220200,Jilin,TRUE,TRUE
3355,Limnodromus semipalmatus,Xinjiang,2010,discovery_date,2010,2011,1,84.92,44.48,FALSE,FALSE,新疆艾比湖湿地,national,湿地生态,2000,87.2704105668698,-1573328.58289608,4963788.17451584,Xinjiang,3355,FALSE,FALSE,FALSE,FALSE,"","",unknown,0.853783321380615,141,349,0.138596983544164,0.0491553825225537,0.0365092249655955,654003,Xinjiang,654000,Xinjiang,TRUE,TRUE
3361,Muscicapa dauurica,Xinjiang,2010,discovery_date,2010,2011,1,89,45,FALSE,FALSE,新疆西天山,national,森林生态,1983,124.991529547633,-1247435.6969099,4963104.21495631,Xinjiang,3361,FALSE,FALSE,FALSE,FALSE,"","",unknown,0.683383321762085,155,708,0.138596983544164,0.0491553825225537,0.0365092249655955,652327,Xinjiang,652300,Xinjiang,TRUE,TRUE
3372,Pycnonotus sinensis,Inner Mongolia,2024,discovery_date,2024,2024,0,121.95,45.15,TRUE,TRUE,内蒙古阿鲁科尔沁国家级自然保护区,national,草原草甸,1998,0,1317950.37950733,4991929.74215194,Inner Mongolia,3372,TRUE,TRUE,TRUE,TRUE,"","",unknown,0.591666650772095,422,259,0.0422685521945524,0.025231014378407,0.0107402151845823,152222,Inner Mongolia,152200,Inner Mongolia,TRUE,TRUE
3373,Cygnus olor,Jilin,2009,discovery_date,2009,2010,1,122.55,44.96,TRUE,TRUE,吉林向海,national,湿地生态,1981,0,1367863.29517844,4979107.27651108,Jilin,3373,TRUE,TRUE,TRUE,TRUE,"","",unknown,0.60683331489563,400,165,0.114589651661273,0.073517564422611,0.022873542755,220822,Jilin,220800,Jilin,TRUE,TRUE
3455,Charadrius veredus,Jilin,2006,discovery_date,2006,2010,4,122.96,46.05,FALSE,FALSE,内蒙古图牧吉,national,野生动物,1996,15.3467654464742,1377561.58414248,5104625.13041643,Jilin,3455,FALSE,FALSE,FALSE,FALSE,"","",unknown,0.559083318710327,422,138,0.114589651661273,0.073517564422611,0.022873542755,220821,Jilin,220800,Jilin,TRUE,TRUE
3456,Paradoxornis heudei,Jilin,2021,discovery_date,2021,2022,1,123.58,45.93,TRUE,TRUE,吉林莫莫格,national,湿地生态,1981,0,1427060.45410225,5100220.52762781,Jilin,3456,TRUE,TRUE,TRUE,TRUE,"","",unknown,0.521199989318848,427,126,0.114589651661273,0.073517564422611,0.022873542755,220821,Jilin,220800,Jilin,TRUE,TRUE
3456,Pardaliparus venustulus,Jilin,2010,discovery_date,2010,2012,2,123.57,45.93,TRUE,TRUE,吉林莫莫格,national,湿地生态,1981,0,1426301.37198946,5100076.8258744,Jilin,3456,TRUE,TRUE,TRUE,TRUE,"","",unknown,0.521199989318848,427,126,0.114589651661273,0.073517564422611,0.022873542755,220821,Jilin,220800,Jilin,TRUE,TRUE
3487,Aythya nyroca,Jilin,2010,discovery_date,2010,2012,2,123.88,46.01,FALSE,FALSE,吉林莫莫格,national,湿地生态,1981,1.08522821896814,1448138.94760281,5113332.09236224,Jilin,3487,FALSE,TRUE,TRUE,TRUE,"","",unknown,0.483316659927368,405,131,0.114589651661273,0.073517564422611,0.022873542755,220821,Jilin,220800,Jilin,TRUE,TRUE
3491,Dicrurus hottentottus,Heilongjiang,2009,discovery_date,2009,2010,1,126.66,45.74,FALSE,FALSE,团山子,local,森林生态,1998,58.5980467840502,1664721.70375343,5127406.11114788,Heilongjiang,3491,FALSE,FALSE,FALSE,FALSE,环志网捕,分布变化,professional_survey,0.424233341217041,518,118,0.11804982044742,0.12331782628698,0.0238698217419419,230110,Heilongjiang,230100,Heilongjiang,TRUE,TRUE
3491,Sitta villosa,Heilongjiang,2005,discovery_date,2005,2006,1,126.66,45.74,FALSE,FALSE,团山子,local,森林生态,1998,58.5980467840502,1664721.70375343,5127406.11114788,Heilongjiang,3491,FALSE,FALSE,FALSE,FALSE,环志捕获,分布变化,professional_survey,0.424233341217041,518,118,0.11804982044742,0.12331782628698,0.0238698217419419,230110,Heilongjiang,230100,Heilongjiang,TRUE,TRUE
3525,Clamator coromandus,Heilongjiang,2012,discovery_date,2012,2013,1,128.85,45.97,FALSE,FALSE,黑龙江方正莲花湖,local,野生植物,1998,22.3120209474864,1823833.14148777,5190885.72586751,Heilongjiang,3525,FALSE,FALSE,FALSE,FALSE,环志网捕,分布变化,professional_survey,0.28788332939148,562,102,0.11804982044742,0.12331782628698,0.0238698217419419,230128,Heilongjiang,230100,Heilongjiang,TRUE,TRUE
3525,Emberiza elegans,Heilongjiang,2021,discovery_date,2021,2025,4,128.57,46.13,FALSE,FALSE,黑龙江方正莲花湖,local,野生植物,1998,38.4803071748206,1798630.18165806,5203118.07609253,Heilongjiang,3525,FALSE,FALSE,FALSE,FALSE,观察和拍摄,"",birdwatching,0.28788332939148,562,102,0.11804982044742,0.12331782628698,0.0238698217419419,230128,Heilongjiang,230100,Heilongjiang,TRUE,TRUE
3554,Branta canadensis,Heilongjiang,2023,discovery_date,2023,2024,1,124.39,47.03,FALSE,FALSE,沙田山竹,local,野生植物,1986,34.8716027798008,1464721.15533231,5232301.17848804,Heilongjiang,3554,FALSE,FALSE,FALSE,FALSE,观察拍摄,"",birdwatching,0.380583333969116,419,142,0.11804982044742,0.12331782628698,0.0238698217419419,230624,Heilongjiang,230600,Heilongjiang,TRUE,TRUE
3554,Sturnus vulgaris,Heilongjiang,2007,discovery_date,2007,2008,1,124.22,47.2,FALSE,FALSE,傲宝山水禽湿地,local,野生动物,1989,17.3921775039368,1448406.58813117,5248341.87730787,Heilongjiang,3554,FALSE,FALSE,FALSE,FALSE,观察和拍摄,分布变化,birdwatching,0.380583333969116,419,142,0.11804982044742,0.12331782628698,0.0238698217419419,230204,Heilongjiang,230200,Heilongjiang,TRUE,TRUE
3555,Amaurornis phoenicurus,Heilongjiang,2008,discovery_date,2008,2010,2,125.12,46.81,FALSE,FALSE,明水湿地,provincial,湿地生态,2007,28.0942602276785,1524046.49049799,5219306.95586471,Heilongjiang,3555,FALSE,FALSE,FALSE,FALSE,观察拍摄,分布变化,birdwatching,0.354199981689453,445,150,0.11804982044742,0.12331782628698,0.0238698217419419,230602,Heilongjiang,230600,Heilongjiang,TRUE,TRUE
3555,Galerida cristata,Heilongjiang,2006,discovery_date,2006,2010,4,124.65,47.02,FALSE,FALSE,明水湿地,provincial,湿地生态,2007,48.0965106494462,1484324.738463,5235072.52870591,Heilongjiang,3555,FALSE,FALSE,FALSE,FALSE,观察拍摄,分布变化,birdwatching,0.354199981689453,445,150,0.11804982044742,0.12331782628698,0.0238698217419419,230623,Heilongjiang,230600,Heilongjiang,TRUE,TRUE
3555,Spilornis cheela,Heilongjiang,2010,discovery_date,2010,2011,1,124.56,47.08,FALSE,FALSE,傲宝山水禽湿地,local,野生动物,1989,46.4324206945342,1476309.27937587,5240269.97816807,Heilongjiang,3555,FALSE,FALSE,FALSE,FALSE,标本采集,分布变化,professional_survey,0.354199981689453,445,150,0.11804982044742,0.12331782628698,0.0238698217419419,230623,Heilongjiang,230600,Heilongjiang,TRUE,TRUE
3560,Bucanetes mongolicus,Heilongjiang,2002,discovery_date,2002,2006,4,128.27,46.43,FALSE,FALSE,黑龙江方正莲花湖,local,野生植物,1998,77.9023169637486,1768394.9992744,5230240.1311317,Heilongjiang,3560,FALSE,FALSE,FALSE,FALSE,环志捕获，标本采集,分布变化,professional_survey,0.21729998588562,590,360,0.11804982044742,0.12331782628698,0.0238698217419419,230128,Heilongjiang,230100,Heilongjiang,TRUE,TRUE
3572,Circus spilonotus,Xinjiang,2015,discovery_date,2015,2015,0,86.82,47.78,FALSE,FALSE,新疆阿勒泰科克苏湿地,provincial,湿地生态,2001,60.3082295768912,-1359217.41049575,5296855.07884701,Xinjiang,3572,FALSE,FALSE,FALSE,FALSE,"","",unknown,0.567283344268799,183,478,0.138596983544164,0.0491553825225537,0.0365092249655955,654321,Xinjiang,654300,Xinjiang,TRUE,TRUE
3702,Accipiter soloensis,Heilongjiang,2018,discovery_date,2018,2020,2,125.25,49.09,FALSE,FALSE,茂山林场,local,野生动物,1992,67.3624144286867,1482615.72719973,5468556.14648736,Heilongjiang,3702,FALSE,FALSE,FALSE,FALSE,观察拍摄,"",birdwatching,0.0100500009953976,504,354,0.11804982044742,0.12331782628698,0.0238698217419419,231183,Heilongjiang,231100,Heilongjiang,TRUE,TRUE
3702,Emberiza godlewskii,Heilongjiang,2015,discovery_date,2015,2016,1,125.25,49.09,FALSE,FALSE,茂山林场,local,野生动物,1992,67.3624144286867,1482615.72719973,5468556.14648736,Heilongjiang,3702,FALSE,FALSE,FALSE,FALSE,环志点捕获,"",professional_survey,0.0100500009953976,504,354,0.11804982044742,0.12331782628698,0.0238698217419419,231183,Heilongjiang,231100,Heilongjiang,TRUE,TRUE
3702,Phylloscopus affinis,Heilongjiang,2010,discovery_date,2010,2011,1,125.25,49.09,FALSE,FALSE,茂山林场,local,野生动物,1992,67.3624144286867,1482615.72719973,5468556.14648736,Heilongjiang,3702,FALSE,FALSE,FALSE,FALSE,环志捕捉,分布变化,professional_survey,0.0100500009953976,504,354,0.11804982044742,0.12331782628698,0.0238698217419419,231183,Heilongjiang,231100,Heilongjiang,TRUE,TRUE
3702,Phylloscopus castaniceps,Heilongjiang,2002,discovery_date,2002,2003,1,125.25,49.09,FALSE,FALSE,茂山林场,local,野生动物,1992,67.3624144286867,1482615.72719973,5468556.14648736,Heilongjiang,3702,FALSE,FALSE,FALSE,FALSE,环志雾网捕捉,分布变化,professional_survey,0.0100500009953976,504,354,0.11804982044742,0.12331782628698,0.0238698217419419,231183,Heilongjiang,231100,Heilongjiang,TRUE,TRUE
3702,Streptopelia decaocto,Heilongjiang,2005,discovery_date,2005,2006,1,125.26,49.1,FALSE,FALSE,茂山林场,local,野生动物,1992,68.4998258150478,1483114.42114759,5469784.39996217,Heilongjiang,3702,FALSE,FALSE,FALSE,FALSE,环志时捕获,分布变化,professional_survey,0.0100500009953976,504,354,0.11804982044742,0.12331782628698,0.0238698217419419,231183,Heilongjiang,231100,Heilongjiang,TRUE,TRUE
3743,Hemiprocne coronata,Inner Mongolia,2011,discovery_date,2011,2018,7,120.72,51.28,FALSE,FALSE,内蒙古额尔古纳,national,森林生态,2003,42.9906264088665,1116304.96305928,5645288.02078499,Inner Mongolia,3743,FALSE,FALSE,FALSE,FALSE,观察拍摄,分布变化或缺乏调查,birdwatching,-0.452850008010864,483,1004,0.0422685521945524,0.025231014378407,0.0107402151845823,150784,Inner Mongolia,150700,Inner Mongolia,TRUE,TRUE
3755,Sturnus vulgaris,Inner Mongolia,2013,discovery_date,2013,2014,1,121.5,51.33,FALSE,FALSE,内蒙古大兴安岭汗马,national,森林生态,1979,68.9226196903776,1170295.1629559,5659641.0670791,Inner Mongolia,3755,FALSE,FALSE,FALSE,FALSE,拍摄,分布变化,birdwatching,-0.420983362197876,481,779,0.0422685521945524,0.025231014378407,0.0107402151845823,150785,Inner Mongolia,150700,Inner Mongolia,TRUE,TRUE
3761,Turdus pilaris,Heilongjiang,2010,discovery_date,2010,2012,2,125.14,51.14,TRUE,TRUE,黑龙江南瓮河,national,湿地生态,1999,0,1429412.38925289,5686962.83679352,Inner Mongolia,3761,TRUE,TRUE,TRUE,TRUE,环志捕捉,分布变化,professional_survey,-0.176116669178009,513,430,0.0422685521945524,0.025231014378407,0.0107402151845823,150723,Inner Mongolia,150700,Inner Mongolia,FALSE,FALSE
