unit_id,unit_nm,province,prov_cn,area_km2,pa_km2,frac_pa,bio1,bio12,elev,warming_rate,cx,cy
110101,东城区,Beijing,北京市,41.9329265201364,0,0,1.23383331298828,579,48,0.363405801314937,957173.20485649,4344981.11401506
110102,西城区,Beijing,北京市,50.3558278344066,0,0,1.23383331298828,579,48,0.363405801314937,952926.978207984,4344349.26195766
110105,朝阳区,Beijing,北京市,465.189249895765,0,0,1.21265238939856,563.122884134372,55.3429201789946,0.359355503353659,964898.745261694,4350469.92021596
110106,丰台区,Beijing,北京市,305.981206213473,0,0,1.23383331298828,579,48,0.363405801314937,944241.34639803,4334682.04709606
110107,石景山区,Beijing,北京市,84.3029469312723,0,0,1.23383331298828,579,48,0.363405801314937,936838.551930262,4344960.40955291
110108,海淀区,Beijing,北京市,428.927576751439,0,0,1.19132028833289,547.059950559935,65.1984881600349,0.355680022902096,940397.208432658,4355976.03098522
110109,门头沟区,Beijing,北京市,1450.08396524875,226.998601680892,0.156541694909337,0.917091782449405,519.243128303671,711.543428426089,0.320231439181201,903960.838710591,4348220.21727569
110111,房山区,Beijing,北京市,1997.89873874669,10.6230426695525,0.00531710765091953,1.00275392245576,544.472507076795,548.091437014473,0.327491225965523,912527.845126879,4317891.51783517
110112,通州区,Beijing,北京市,904.40221998673,0,0,1.18387007796976,543.314729695508,23.2375908210927,0.347347262654088,985032.076833205,4335749.12794544
110113,顺义区,Beijing,北京市,1009.16767093865,0,0,1.13867483891264,521.201508051023,65.9782536975827,0.352722139517007,979673.804804919,4374614.28779051
110114,昌平区,Beijing,北京市,1343.64087542283,0,0,1.09892549883142,499.8573147275,198.622655034828,0.341036386158803,936137.966442022,4376921.89149524
110115,大兴区,Beijing,北京市,1033.97732662941,0,0,1.22659450994338,569.755288416973,39.1104043748563,0.360946357057371,960808.153384366,4315203.22334571
110116,怀柔区,Beijing,北京市,2119.86045162634,0,0,0.938294608745067,488.342418593334,428.677366075845,0.34880500055093,961906.170372479,4426860.92429264
110117,平谷区,Beijing,北京市,947.502728025713,0.471374023129783,0.000497490940328977,1.12013370958393,528.798256373386,78.6208439715803,0.36076591222285,1013890.29575473,4385347.43489997
110118,密云区,Beijing,北京市,2223.95658886712,0.488358375787298,0.000219589886885367,0.954573435700821,509.539952383701,344.61742645843,0.351789122882355,997044.718672305,4419401.71408079
110119,延庆区,Beijing,北京市,1997.32951084964,40.7650706140354,0.0204097873648772,0.902252849699001,470.282763276561,561.015842253866,0.342125247017108,928080.022900197,4412833.91735945
120101,和平区,Tianjin,天津市,10.0127573309467,0,0,1.25108337402344,559,5,0.380215200860189,1033200.55259147,4263742.55995854
120102,河东区,Tianjin,天津市,39.839196863649,0,0,1.25108337402344,559,5,0.380215200860189,1038160.40600896,4264527.52542672
120103,河西区,Tianjin,天津市,37.7781264839015,0,0,1.25118725972866,558.877965155362,4.99061270425864,0.379988403047819,1036506.80019665,4259693.01715824
120104,南开区,Tianjin,天津市,38.4297609704628,0,0,1.25108337402344,559,5,0.380215200860189,1029940.10047292,4262419.31032473
120105,河北区,Tianjin,天津市,29.3323923983182,0,0,1.25108337402344,559,5,0.380215200860189,1034042.22430537,4269321.64413001
120106,红桥区,Tianjin,天津市,21.2981645142685,0,0,1.25108337402344,559,5,0.380215200860189,1029149.69993385,4268428.0353529
120110,东丽区,Tianjin,天津市,477.925612766107,0,0,1.25193306915695,558.001860618039,4.92322004754146,0.378360191096859,1050939.02075905,4267622.28783351
120111,西青区,Tianjin,天津市,566.632927466578,0,0,1.26478749296409,532.228054406906,6.45363799619845,0.337553182671698,1027994.46836107,4252823.22635362
120112,津南区,Tianjin,天津市,387.537335468636,0,0,1.27202230032503,534.402981453866,3.10792165029739,0.334502437315838,1051364.46051059,4248409.50330579
120113,北辰区,Tianjin,天津市,475.963639532993,0,0,1.24757743506093,551.568088578655,7.90813925183062,0.365499245872221,1029400.38663838,4278530.78672673
120114,武清区,Tianjin,天津市,1575.37208759892,0,0,1.22315102401596,542.479711452267,13.3558094693278,0.348169101141692,1014538.81442847,4299267.97381018
120115,宝坻区,Tianjin,天津市,1507.94320766166,21.6445978733584,0.014353722184884,1.18794266415997,559.31517421591,4.57129359381657,0.388498749591449,1043976.69165807,4320869.51140037
120116,滨海新区,Tianjin,天津市,2392.04919371692,9.30097891549597,0.00388828914552694,1.27121426396748,536.614541386074,3.33427746802798,0.339378153344308,1068031.49477569,4243712.78893744
120117,宁河区,Tianjin,天津市,1296.37207275315,312.584072575586,0.241122189489736,1.2253258719181,570.348568145544,8.50371034735133,0.376052676866445,1068291.39463416,4297551.67306514
120118,静海区,Tianjin,天津市,1474.28899515613,0,0,1.28469865415368,513.28785690222,5.03993696063887,0.336010823112639,1017431.26677586,4231837.67676039
120119,蓟州区,Tianjin,天津市,1593.56468771477,89.8835927515751,0.0564041067454069,1.0838804338508,551.920931029516,139.389067131496,0.388883710282713,1040874.52224775,4365300.96572306
130102,长安区,Hebei,河北省,144.054562947783,0,0,1.30661808932695,467.867539857187,87.1987732857624,0.341672306076921,823994.153186296,4122725.88365216
130104,桥西区,Hebei,河北省,66.3083003785489,0,0,1.30246667861938,495,117,0.340700482746743,812919.918880617,4115322.19905043
130105,新华区,Hebei,河北省,90.6037889919452,0,0,1.30246667861938,495,117,0.340700482746743,811981.017052587,4123720.55041894
130107,井陉矿区,Hebei,河北省,70.8250966684479,0,0,1.27649390224165,491.269805478912,167.901612735675,0.345028926658801,777577.390061097,4117522.09682312
130108,裕华区,Hebei,河北省,107.160664538018,0,0,1.30750937629925,462.042337304256,80.8005999899202,0.341880951651785,824680.623154277,4114678.98601101
130109,藁城区,Hebei,河北省,812.93697746912,0,0,1.31339996258378,438.907629607516,48.5636206026783,0.344589893848615,843721.845950159,4121054.22287178
130110,鹿泉区,Hebei,河北省,617.026968472147,0,0,1.28737194281739,500.37710605485,162.346927729234,0.351362597095014,803206.08348222,4120317.44123621
130111,栾城区,Hebei,河北省,350.306372625041,0,0,1.30780790509578,476.892190155541,88.1412229583102,0.360128284000703,830321.119117797,4101951.43929711
130121,井陉县,Hebei,河北省,1375.83014807466,0,0,1.18609627112087,496.349295009352,384.159233773572,0.379244359754224,781187.243760193,4107969.38479704
130123,正定县,Hebei,河北省,476.95728505353,0,0,1.3055999538852,474.521788554603,94.5075382484984,0.341433965945031,820344.399103063,4138501.5449367
130125,行唐县,Hebei,河北省,961.057658935255,0,0,1.24759253320135,456.471843471434,213.513208936253,0.343948972018849,807507.10883877,4173265.71188986
130126,灵寿县,Hebei,河北省,1054.40166845415,3.59032483533054,0.00340508265753626,1.11910884304609,463.227701205464,440.391201391847,0.340974397556518,784837.518966083,4167207.44907118
130127,高邑县,Hebei,河北省,222.049054899697,0,0,1.31193555736113,481.187555193239,79.0853664831047,0.362454433531567,830398.251849392,4070572.40986602
130128,深泽县,Hebei,河北省,296.148023760645,0,0,1.3103557174211,421.334644245096,36.0014489024744,0.33983342438665,877574.554654467,4140239.83657274
130129,赞皇县,Hebei,河北省,837.355984141454,0,0,1.20774228970388,529.436747378557,394.75705037235,0.400923187011196,802861.933883933,4068610.28739597
130130,无极县,Hebei,河北省,500.749568075276,0,0,1.31180000305176,434,50,0.342885364723123,853755.416976838,4136817.49658196
130131,平山县,Hebei,河北省,2647.28578008841,213.502733226516,0.0806496732738033,0.966314393906125,455.653020191282,737.01417452678,0.363747739888077,759153.740400586,4153195.30838027
130132,元氏县,Hebei,河北省,674.286026338357,0,0,1.23595465435452,516.720339610294,315.023055012353,0.393056029070236,813117.447391363,4089944.23221175
130133,赵县,Hebei,河北省,674.336606980683,0,0,1.32516660690308,475,38,0.357125578377008,848132.865205669,4088995.16027626
130181,辛集市,Hebei,河北省,951.798669100621,0,0,1.31755752439291,429.4272768828,27.4225284741503,0.345742805760384,886513.079813304,4110285.91738077
130183,晋州市,Hebei,河北省,602.343527387454,0,0,1.31468535319112,441.164600062615,44.9420494980746,0.345671997168397,867908.423676357,4116152.20992747
130184,新乐市,Hebei,河北省,524.195822470673,0,0,1.30306983040864,449.571707166507,63.1491699240766,0.344434973436916,835147.734764682,4156815.66728758
130202,路南区,Hebei,河北省,111.612558225189,0,0,1.16296663284302,615,23,0.353381644046857,1110952.41840599,4324518.35998964
130203,路北区,Hebei,河北省,165.939278184873,0,0,1.16296663284302,615,23,0.353381644046857,1103572.32464935,4335402.92718612
130204,古冶区,Hebei,河北省,247.611939458923,0,0,1.11324825459936,622.524644796305,23.8360716440339,0.380406182320209,1128688.51881464,4343953.05880215
130205,开平区,Hebei,河北省,247.279076297606,0,0,1.16293553062222,615.004707176142,23.0005230195714,0.353398549730149,1115567.63059888,4340651.15510229
130207,丰南区,Hebei,河北省,1383.99862002325,0,0,1.15135816230209,616.756887906134,23.1952097673482,0.359691454775015,1107401.76410012,4309815.25827222
130208,丰润区,Hebei,河北省,1215.39448653369,0,0,1.10557766929483,600.29406128135,99.7089807671855,0.356479520810287,1097636.73605429,4351579.47058253
130209,曹妃甸区,Hebei,河北省,1435.14371130482,0,0,1.15614644095395,616.032204251643,23.1146893612936,0.357088774955964,1134725.47877682,4285260.26422474
130224,滦南县,Hebei,河北省,1145.00504493756,0,0,1.10349998474121,624,24,0.385704876710225,1146116.34639201,4316679.52810187
130225,乐亭县,Hebei,河北省,1461.81363021287,0,0,1.09083832426145,618.620529180094,11.4479014202194,0.37972636993287,1176534.93941559,4307854.37228719
130227,迁西县,Hebei,河北省,1456.94173185697,0,0,0.974967728386154,569.20777610586,284.938654781388,0.365444064728385,1114926.28023671,4401092.21925588
130229,玉田县,Hebei,河北省,1168.30445990838,0,0,1.13799073351283,571.037677105575,59.0870580478191,0.381583050995541,1068120.6426338,4347146.74460782
130281,遵化市,Hebei,河北省,1515.60557883003,0.0859479255584785,5.67086363094716e-05,1.02457375651253,570.31284098284,213.055909383863,0.370086044107296,1081904.19511003,4385278.33595877
130283,迁安市,Hebei,河北省,1225.16099749905,0,0,1.0753999710083,596,55,0.355621437338043,1144176.33521876,4382545.20347175
130284,滦州市,Hebei,河北省,1028.59348748211,0,0,1.08961615457917,610.400957700362,54.9045322470263,0.372576931153316,1139716.25001271,4352821.5649707
130302,海港区,Hebei,河北省,707.375017066746,0,0,0.985654018632703,598.244790927056,148.095996211401,0.367905976402465,1219204.14217496,4398147.38572162
130303,山海关区,Hebei,河北省,192.013519023271,0,0,1.04838333129883,606,38,0.375702673371359,1232369.69529832,4393707.84347546
130304,北戴河区,Hebei,河北省,125.499687168651,0,0,1.04838333129883,606,38,0.375702673371359,1209200.9841742,4369560.07102724
130306,抚宁区,Hebei,河北省,1099.46642289976,0,0,1.04847427469397,606.024120532564,37.9061979289179,0.375702673371359,1195102.26262639,4381100.35645943
130321,青龙满族自治县,Hebei,河北省,3507.62511483277,9.47323067973143,0.00270075346412357,0.781962356136388,589.453586593713,610.98630379468,0.355307598781261,1176734.52807318,4422896.1371024
130322,昌黎县,Hebei,河北省,1204.06779534061,0,0,1.08475315035001,616.303182387051,8.81147251763048,0.377645852143538,1185198.07308977,4341848.86087325
130324,卢龙县,Hebei,河北省,955.623575543396,4.64532426065296,0.00486103982733106,1.07025198504279,602.256499578949,45.762643370673,0.365166621475874,1170808.1371405,4373012.74270192
130402,邯山区,Hebei,河北省,425.100932886166,0,0,1.34524244362268,541.207115761504,87.7680574712741,0.409746485416571,832228.156389994,3944460.46157135
130403,丛台区,Hebei,河北省,401.30944457554,0,0,1.31692660627123,534.410391405289,73.577794230865,0.387216394811809,838829.07906055,3963104.01308958
130404,复兴区,Hebei,河北省,258.390797375003,0,0,1.32755274442967,571.398457004967,239.617769065208,0.41153293413126,820672.150927605,3951163.06203837
130406,峰峰矿区,Hebei,河北省,325.507371102076,0,0,1.33463335037231,579,273,0.415799319236117,806345.628852945,3938082.91787194
130407,肥乡区,Hebei,河北省,503.595980364192,0,0,1.33561598862924,531.531729764085,54.2613732758674,0.398735453739166,861979.124981571,3955020.9893624
130408,永年区,Hebei,河北省,757.291492021614,0,0,1.31517264491241,534.636260364166,75.682791416016,0.386181034728406,841265.658977197,3977388.0518696
130423,临漳县,Hebei,河北省,746.26324650711,0,0,1.34936311198194,536.600040687683,62.6807684395337,0.409392492654239,843353.903444187,3917998.78541446
130424,成安县,Hebei,河北省,480.51232464791,0,0,1.3470666885376,536,62,0.409200712406928,852160.333581273,3937236.09811506
130425,大名县,Hebei,河北省,1054.40275357487,0,0,1.33634207447651,524.251672331583,43.0605526513387,0.393743811988417,901086.051512845,3928542.18548122
130426,涉县,Hebei,河北省,1500.36563347882,0,0,1.02970826074119,604.04079587557,864.7117423168,0.417674111777932,765993.702936715,3948345.63733218
130427,磁县,Hebei,河北省,713.186481612851,0,0,1.33571427006682,575.261700096463,254.656249310551,0.415225654787907,806611.208591732,3926071.61021671
130430,邱县,Hebei,河北省,451.053404192963,0,0,1.31735000610352,508,38,0.382378111822064,891852.820463706,3982735.92516048
130431,鸡泽县,Hebei,河北省,336.845811310624,0,0,1.31815004348755,528,44,0.383146691146287,861514.060103573,3988505.86243126
130432,广平县,Hebei,河北省,313.480072726473,0,0,1.33607049792314,524.731976662782,47.5543864491807,0.396180828088562,878642.40774845,3949203.34543148
130433,馆陶县,Hebei,河北省,455.247540265235,0,0,1.32340615803903,513.172520358132,39.6164126119162,0.386023386243337,901760.275896789,3963555.4341308
130434,魏县,Hebei,河北省,862.137298055375,0,0,1.34507466678185,532.60752285864,52.5604233755472,0.402051714388517,874207.591403521,3919197.67671825
130435,曲周县,Hebei,河北省,674.876127321923,0,0,1.31763316311625,515.078594535336,40.1235783606006,0.382650134892285,877549.348383409,3976460.59190149
130481,武安市,Hebei,河北省,1810.54511013537,151.141412722092,0.0834784020989078,1.26295527213321,587.423367781887,395.516027091819,0.413177904190027,792041.108788736,3967812.73833802
130502,桥东区,Hebei,河北省,64.4331444524504,0,0,1.32425453832238,526.417154605359,40.5177401317898,0.376466345244177,831012.365726714,4005017.80087371
130503,桥西区,Hebei,河北省,99.5446911814297,0,0,1.25397876000978,559.553204293608,298.927115538217,0.395412351629959,823660.355058508,4005570.59973688
130521,邢台县,Hebei,河北省,1961.63300075725,0.790074289634414,0.000402763559406587,1.12713889702871,573.031643144423,592.200367079341,0.405619842211179,797001.058468488,4014191.93067818
130522,临城县,Hebei,河北省,783.157927555523,1.10233409897013,0.00140755020179755,1.16405050204748,554.779945778225,483.631537026585,0.397015016351365,812971.926201589,4050909.58575853
130523,内丘县,Hebei,河北省,788.477833140823,2.89059626791251,0.00366604633182662,1.17027667318722,559.583102271012,466.369057671989,0.394717787610692,812108.196140298,4034323.86160506
130524,柏乡县,Hebei,河北省,260.181366216244,0,0,1.32931437590067,491.230314957481,36.309342191929,0.358788773295479,840366.984458113,4059685.74080141
130525,隆尧县,Hebei,河北省,745.795558522761,0,0,1.3368863373511,520.85957330281,33.2229611142907,0.361825019483376,849210.657812987,4043128.46399656
130526,任县,Hebei,河北省,433.162535394114,0,0,1.33743333816528,523,33,0.362044358837877,849671.625739621,4021532.5446991
130527,南和县,Hebei,河北省,406.532203255281,0,0,1.32461520317047,526.323637171197,40.3120017766341,0.376071658049715,849825.082023362,4003823.13897659
130528,宁晋县,Hebei,河北省,1110.97071349046,0,0,1.32686413096945,473.306162810283,34.8440671275683,0.357368903479151,866221.191025442,4072882.21217937
130529,巨鹿县,Hebei,河北省,633.88314594369,0,0,1.33422520800039,514.549351831176,32.0610390923528,0.361910338550812,873291.377790899,4035669.34859402
130530,新河县,Hebei,河北省,360.74956416165,0,0,1.32920452541699,456.390767000521,25.7120147339058,0.357067149542789,887717.386233198,4062462.76745756
130531,广宗县,Hebei,河北省,500.908568886922,0,0,1.32675273648896,505.871075009361,33.0325083551764,0.367745855596202,887575.534114468,4015241.87288991
130532,平乡县,Hebei,河北省,403.325202700074,0,0,1.32897757476676,518.441025797334,35.755871635375,0.369434560648267,871390.175857132,4010020.04843848
130533,威县,Hebei,河北省,1012.67438970771,0,0,1.32685015564328,505.849017791543,32.981041513599,0.367594254734653,904134.310616811,4016034.41064214
130534,清河县,Hebei,河北省,498.702218383082,0,0,1.30519394224989,508.305650334548,31.4686803703604,0.3739402710201,931034.718061261,4014859.17664984
130535,临西县,Hebei,河北省,549.857696562226,0,0,1.31300485945053,510.587675049124,36.7061624754378,0.380694763528736,919168.968501018,3992796.47975082
130581,南宫市,Hebei,河北省,864.719971853186,0,0,1.32497060324992,505.274013781467,30.9723040446087,0.364280762338752,909612.456808434,4040463.36401445
130582,沙河市,Hebei,河北省,963.273300308924,0.0482502260732656,5.00898613693452e-05,1.29737590183797,573.168982665879,260.597000724788,0.403807343440254,809472.14718015,3990995.73535581
130602,竞秀区,Hebei,河北省,151.38521172588,0,0,1.28571662902832,514,18,0.338416782283454,885594.070426415,4220297.21915649
130606,莲池区,Hebei,河北省,177.759237605623,0,0,1.28571662902832,514,18,0.338416782283454,894253.976994131,4217795.88303737
130607,满城区,Hebei,河北省,659.768538673279,0,0,1.21762614323201,492.784330506973,204.748281784539,0.340561627355731,871083.733556622,4228558.33002907
130608,清苑区,Hebei,河北省,860.856171730747,0,0,1.30592182050253,467.485274750558,20.5573707149155,0.338510485893461,893323.248782565,4202142.76778703
130609,徐水区,Hebei,河北省,723.01501191184,0,0,1.28571662902832,514,18,0.338416782283454,897399.86373852,4238764.03133686
130623,涞水县,Hebei,河北省,1652.07561384732,4.30815243124409,0.00260772109650075,0.933856047658867,530.0473848219,653.485009421965,0.322932274977296,878989.933292797,4301830.40165003
130624,阜平县,Hebei,河北省,2495.16321588688,0.638015677978141,0.000255700979365137,0.785795812702093,463.799772963477,1028.9015451636,0.347003162518449,778932.908090231,4210075.17672445
130626,定兴县,Hebei,河北省,715.314345776624,0,0,1.2593116291336,548.260299606322,33.8147949514143,0.332615579189131,909946.638045339,4259320.64970598
130627,唐县,Hebei,河北省,1415.81021077662,0,0,1.05930385672662,472.274923545496,522.765486601305,0.345505399823205,833354.431423945,4216368.18186294
130628,高阳县,Hebei,河北省,498.159895217021,0,0,1.30341777656739,446.320694852272,15.1004578207212,0.341678663130745,923606.547804513,4199662.22690039
130629,容城县,Hebei,河北省,309.772342744014,0,0,1.28328356761706,500.982233354633,13.8157178639893,0.33598193692726,924767.120926158,4243591.19173802
130630,涞源县,Hebei,河北省,2442.37003738642,0,0,0.600312877687975,494.847279719261,1296.07889652251,0.330885943694643,821713.817037933,4267745.65208329
130631,望都县,Hebei,河北省,361.578901880684,0,0,1.29774073302872,451.392920182295,55.7072735998163,0.344912429249787,867449.101363654,4194120.09875165
130632,安新县,Hebei,河北省,726.008366631353,0,0,1.28303474631588,498.176737944714,13.0755542763934,0.335539583071218,925073.875470628,4223239.35329351
130633,易县,Hebei,河北省,2537.24821935194,0,0,1.0222497852849,507.236013726746,532.165452925649,0.331992751369972,866371.593538781,4266585.14285373
130634,曲阳县,Hebei,河北省,1074.63437493956,0,0,1.14898160567598,460.235365992687,360.205231469891,0.346102618457294,823150.244023126,4193005.86183069
130635,蠡县,Hebei,河北省,650.762444730438,0,0,1.31455687859135,447.838567137153,20.9192835685766,0.338478817369008,910978.97332126,4181835.56341369
130636,顺平县,Hebei,河北省,709.048509855313,0,0,1.16016849496562,476.030573659574,361.018637671734,0.342506395624411,855642.076636697,4221344.83216316
130637,博野县,Hebei,河北省,330.291130733697,0,0,1.31466665267944,448,21,0.338416782283454,896407.765311722,4172322.73820854
130638,雄县,Hebei,河北省,517.51638300345,0,0,1.27920797443597,487.680745783842,9.31213850271351,0.3338550549558,948115.118778272,4244532.27781014
130681,涿州市,Hebei,河北省,749.98747962273,0,0,1.23392339254386,562.687876691361,31.4417082701566,0.347854041803353,927294.76532586,4292011.62363042
130682,定州市,Hebei,河北省,1279.78366751322,0,0,1.29868141907359,447.976478557751,57.5132500818872,0.345837954765339,859575.823256233,4169379.19436777
130683,安国市,Hebei,河北省,486.405249640264,0,0,1.31334631912101,441.032927959387,23.2087940217272,0.338501251266261,884167.101113122,4163363.02169076
130684,高碑店市,Hebei,河北省,674.873276151781,0,0,1.23567901256064,551.312904595649,24.4821078787903,0.352825266595717,933379.783526573,4268034.01052784
130702,桥东区,Hebei,河北省,402.278256300341,0,0,0.603657368082256,417.060975176627,1272.21062537712,0.319269944307006,833197.360952406,4427493.45718661
130703,桥西区,Hebei,河北省,211.725909284349,0,0,0.709835320959218,363.654090916067,1050.19057795108,0.320317053719629,817408.24260075,4429106.59857023
130705,宣化区,Hebei,河北省,2016.49403027682,0,0,0.685353516996948,408.556226489853,1093.48756493936,0.314287663165765,835911.652267991,4401551.37984165
130706,下花园区,Hebei,河北省,316.86779596789,0,0,0.808226903362601,408.27142235238,870.287128255316,0.313348699169647,857502.407609621,4405380.96838819
130708,万全区,Hebei,河北省,1158.0573610644,0,0,0.71710000038147,360,1035,0.320388696786731,795620.758073571,4433042.50021728
130709,崇礼区,Hebei,河北省,2339.40536396336,0,0,0.400327962602855,434.18029140645,1540.86015108069,0.333065991646348,843840.630081706,4458158.89804405
130722,张北县,Hebei,河北省,4190.24329166809,0,0,0.408363389447721,378.480669571293,1435.0895102839,0.340634082663402,803937.555962471,4484462.58217141
130723,康保县,Hebei,河北省,3366.14083934353,0,0,0.378433040146634,342.223553847645,1382.20040093957,0.331997811649081,784940.895858603,4538075.98822185
130724,沽源县,Hebei,河北省,3596.24580531932,0,0,0.309166430979225,414.046196191471,1477.31835241482,0.338140254931397,871530.087125461,4523829.10389562
130725,尚义县,Hebei,河北省,2615.21694318951,0,0,0.499908323590316,335.383953614688,1293.42810235419,0.315099550441881,754766.204861107,4461346.15120115
130726,蔚县,Hebei,河北省,3196.44719196003,128.219953646392,0.0401132713748255,0.572577310148033,454.266489462064,1300.20711123149,0.316206551044877,814481.109993905,4325235.15961983
130727,阳原县,Hebei,河北省,1846.80397001263,10.1377830308505,0.0054893660591282,0.633666893905354,395.166058902745,1159.10503421451,0.314126049713982,785058.614245528,4351782.98420236
130728,怀安县,Hebei,河北省,1691.84042476256,0,0,0.549257570017012,385.489553131153,1312.22082282542,0.312368904316237,789778.087727242,4399887.89515363
130730,怀来县,Hebei,河北省,1771.61946242471,2.23418463761187,0.00126109736599646,0.942570881848577,446.397108181059,573.587251003203,0.320461444346408,886181.709156026,4385744.9700678
130731,涿鹿县,Hebei,河北省,2796.4019273374,150.284991974675,0.0537422716332375,0.712489586977622,446.053570065697,1026.04266644646,0.311887008200381,854920.439878643,4354486.71907631
130732,赤城县,Hebei,河北省,5271.35560707881,130.902864032476,0.024832865355676,0.55376118667634,455.578918558885,1230.73169633735,0.346827536163333,900032.740019875,4456209.29951281
130802,双桥区,Hebei,河北省,653.89304130484,0,0,0.854459193816956,492.187442306966,536.163403471283,0.388608731675034,1072387.98953365,4474463.74757522
130803,双滦区,Hebei,河北省,450.93271697487,0,0,0.848283290863037,488,569,0.394861673778369,1056471.27480823,4478061.72988149
130804,鹰手营子矿区,Hebei,河北省,147.062542006969,0,0,0.850250053405762,533,550,0.392193681709747,1058323.36697382,4429589.36567882
130821,承德县,Hebei,河北省,3646.87518020998,11.1074922729468,0.0030457560854351,0.79184410700433,502.877008272447,622.652797450667,0.376501091410127,1084517.77095163,4481151.62341843
130822,兴隆县,Hebei,河北省,3119.31738135535,138.953578642081,0.0445461495751052,0.914616060314106,537.690538340203,419.032241281325,0.385871703864017,1058288.25352991,4418157.07851206
130824,滦平县,Hebei,河北省,2993.69135036516,0,0,0.834834278572138,492.122648203504,566.173076685431,0.371391670353413,1019653.7415691,4466717.97348922
130825,隆化县,Hebei,河北省,5473.22522941649,403.68201711561,0.0737557838741906,0.641429341059004,457.646486634078,874.925260382333,0.37224371613738,1030147.7212019,4535472.74718498
130826,丰宁满族自治县,Hebei,河北省,8737.54590144379,0,0,0.516871931300802,451.544056722059,1067.92304394519,0.348373316394289,954285.652733054,4515468.92813978
130827,宽城满族自治县,Hebei,河北省,1936.27203373886,0,0,0.754346382399701,566.0496106932,719.02109435085,0.365588146648516,1131490.00703137,4441997.1621859
130828,围场满族蒙古族自治县,Hebei,河北省,9037.56517769748,715.338942641335,0.0791517326377483,0.397014264765887,434.211509274789,1217.04861085418,0.35420341200797,1019862.50198091,4601361.12855946
130881,平泉市,Hebei,河北省,3294.9881083191,333.262134701193,0.101142135797025,0.747474929192799,498.025579487843,697.455673844518,0.370909860339188,1132306.36305838,4498553.31792185
130902,新华区,Hebei,河北省,74.0797171988489,0,0,1.29783334732056,471,9,0.336879686188635,1019722.10940399,4169994.85374258
130903,运河区,Hebei,河北省,119.389805481178,0,0,1.29783334732056,471,9,0.336879686188635,1013002.88632587,4169904.4524759
130921,沧县,Hebei,河北省,1537.43103230397,0,0,1.30330299682573,491.008548739101,7.8176791440812,0.334129956604004,1015657.44044355,4167833.40241858
130922,青县,Hebei,河北省,990.847394768766,0,0,1.29699668095027,483.436454948591,7.84212276006182,0.337022824772224,1011312.36356569,4197465.27789642
130923,东光县,Hebei,河北省,710.047094799518,0,0,1.30035503541454,459.826392161063,12.2186746791643,0.349820642665214,1005190.30704059,4119638.02605717
130924,海兴县,Hebei,河北省,857.387058037308,0,0,1.30737519286788,552.568462269248,5.21375813055516,0.293600356007827,1077827.4634945,4157424.38025392
130925,盐山县,Hebei,河北省,795.393024260392,0,0,1.30082765098507,516.172332508693,10.9797255872126,0.286575164336229,1054666.19368591,4133872.34563217
130926,肃宁县,Hebei,河北省,516.141260863583,0,0,1.30379075274119,431.959557932157,13.0105520781488,0.344565719532323,931128.130134078,4171704.50991299
130927,南皮县,Hebei,河北省,791.819507822829,0,0,1.3005115299398,481.097841691689,11.6123185668125,0.32531610957166,1019439.09284062,4136591.02604157
130928,吴桥县,Hebei,河北省,582.518651060023,0,0,1.30054858816413,491.769673972515,20.9371838106858,0.349846284304813,993599.996493619,4092469.51834131
130929,献县,Hebei,河北省,1170.4337786555,0,0,1.30215749119994,422.19000572604,14.0927661883063,0.345418122698362,957868.794104652,4154491.5699053
130930,孟村回族自治县,Hebei,河北省,388.119070027562,0,0,1.30249354131022,517.109640943045,10.0290641748361,0.293734403196136,1043604.67086488,4147212.72112449
130981,泊头市,Hebei,河北省,1011.90184497343,0,0,1.30179934696104,436.581167872009,14.1534021859914,0.348215261134943,977861.282885788,4139363.80036519
130982,任丘市,Hebei,河北省,1039.57729422554,0,0,1.28789309221713,465.120711954156,9.71997544985668,0.337831664773728,950420.365915916,4210495.84016447
130983,黄骅市,Hebei,河北省,2230.1555245803,137.288796674133,0.0615601894849775,1.31015509271784,536.387431487387,3.53087349698144,0.326509305493631,1061480.75073636,4184907.76246605
130984,河间市,Hebei,河北省,1325.24742639705,0,0,1.30033551599904,437.723778008141,10.5477312554353,0.344016781575143,963084.757769719,4182505.3802753
131002,安次区,Hebei,河北省,579.695748889443,0,0,1.24023332595825,536,14,0.334672816736615,993397.113572303,4284382.43931907
131003,广阳区,Hebei,河北省,383.504004480667,0,0,1.21645066176324,545.076809042247,19.4264140696917,0.34687331005066,979829.106568777,4305034.61376178
131022,固安县,Hebei,河北省,702.94932296432,0,0,1.22746340385982,555.872477075019,21.976317171075,0.361257491960541,953411.482226473,4280019.94189711
131023,永清县,Hebei,河北省,760.693339043071,0,0,1.23531411554083,543.646428519252,17.0585714077006,0.344856299478579,976742.934120427,4277185.07196869
131024,香河县,Hebei,河北省,447.896248957074,0,0,1.18165853955193,541.033300960215,18.9737097682516,0.345568030492918,1012059.39973369,4331457.79494905
131025,大城县,Hebei,河北省,895.875676970761,0,0,1.29389989367435,484.51286247672,7.70724124653896,0.337694200303568,987589.08440178,4206274.53305353
131026,文安县,Hebei,河北省,1031.80198172325,0,0,1.28558483989554,496.127963670249,7.31200605495853,0.335823701586082,976198.697771982,4232791.9376262
131028,大厂回族自治县,Hebei,河北省,175.824027907029,0,0,1.18102256059762,540.783268284657,19.5147378239394,0.345621496844652,1001254.74233673,4347980.94749995
131081,霸州市,Hebei,河北省,802.132956089873,0,0,1.26310736232274,517.79686661774,11.6571404385198,0.339989327465854,980496.298536618,4255754.42300653
131082,三河市,Hebei,河北省,634.317732045903,0,0,1.15743372499864,533.208895076752,38.0357497385806,0.351323191292243,1006369.99169755,4356156.71440423
131102,桃城区,Hebei,河北省,590.700034906379,61.7097947716823,0.104468920137211,1.31969116854275,454.921435242104,24.2428561165993,0.354560508509598,920607.170717206,4091363.88610849
131103,冀州区,Hebei,河北省,917.064263896195,114.914098219249,0.125306483681994,1.32920901538356,457.745426215644,25.8407677613731,0.357194996990017,905597.84140098,4070539.20108306
131121,枣强县,Hebei,河北省,914.226015074756,0,0,1.30710016884044,475.669940126464,25.7331919511816,0.358900931180253,931679.365911069,4062838.89564572
131122,武邑县,Hebei,河北省,831.807404850188,0,0,1.30406816429355,436.528539008745,20.1637720366513,0.348921753935759,943354.422472557,4105555.12745552
131123,武强县,Hebei,河北省,443.936080664996,0,0,1.3037166595459,407,17,0.346102340782504,938491.310236062,4130482.3925706
131124,饶阳县,Hebei,河北省,572.129197323048,0,0,1.30823668470548,417.819534286875,23.7959792068712,0.340821250233371,920839.443433248,4148238.7859419
131125,安平县,Hebei,河北省,494.609620323043,0,0,1.31024243308479,418.993348359666,28.0319155491719,0.338320267576043,899172.52192865,4148208.07426174
131126,故城县,Hebei,河北省,938.839569118198,0,0,1.30137302874997,486.606638440795,27.0620770119495,0.364118191353996,951844.551811083,4052862.72266775
131127,景县,Hebei,河北省,1186.06941204249,0,0,1.30316909255672,468.89192651578,21.6322905933277,0.350890146488521,967289.647133392,4090187.17189764
131128,阜城县,Hebei,河北省,692.435908417493,0,0,1.30197311089592,437.673200736399,14.6934306197227,0.348385022673222,975191.664341758,4118919.99335904
131182,深州市,Hebei,河北省,1251.94341408023,0,0,1.31358194644504,422.847020662909,26.6328983439596,0.343648072713346,910959.026497573,4116876.7769425
140105,小店区,Shanxi,山西省,290.096790212495,0,0,1.01841485767663,420.33192685764,789.33403657118,0.411947938432598,653744.563566421,4066266.29050779
140106,迎泽区,Shanxi,山西省,106.120963700524,0,0,1.01630001068115,417,791,0.40894818233165,660897.921159884,4084014.73140607
140107,杏花岭区,Shanxi,山西省,147.556998805969,0,0,1.01630001068115,417,791,0.40894818233165,658257.587381396,4089932.11009963
140108,尖草坪区,Shanxi,山西省,291.790422394453,0,0,1.01630001068115,417,791,0.40894818233165,645587.168026916,4095824.32681536
140109,万柏林区,Shanxi,山西省,297.768876860868,0,0,1.01630001068115,417,791,0.40894818233165,637897.763718616,4082998.09575277
140110,晋源区,Shanxi,山西省,289.894381403269,0,0,1.01679084670831,417.773308776041,790.61334561198,0.409644397410179,642294.302764015,4067219.75765986
140121,清徐县,Shanxi,山西省,606.62417258224,0,0,1.01314272700356,438.407118118032,810.340891091629,0.425496795058099,638808.290320721,4050834.3936312
140122,阳曲县,Shanxi,山西省,2084.66604858005,0,0,0.853894151552871,418.991784352173,990.170317140739,0.403007841714121,658829.709854775,4116439.34552362
140123,娄烦县,Shanxi,山西省,1287.04907289013,0,0,0.603952097434812,475.951705836905,1521.37415532933,0.413583256989638,584487.848056815,4096965.80236292
140181,古交市,Shanxi,山西省,1503.69521231458,0,0,0.690455735506381,465.055182327131,1380.07920200777,0.40591916363555,612238.742642577,4084386.11699318
140212,新荣区,Shanxi,山西省,1091.45320417824,0,0,0.566710802021489,364.096475443211,1241.54383829158,0.290936184108216,683404.706249894,4357413.98036991
140213,平城区,Shanxi,山西省,237.920944885427,0,0,0.71526665687561,358,1034,0.281697413790439,695644.140983253,4338573.4449392
140214,云冈区,Shanxi,山西省,743.683701226126,0,0,0.654822823985509,367.954447710402,1119.09447236312,0.29270784475444,679722.547338608,4329766.67727284
140215,云州区,Shanxi,山西省,1480.80566223587,0,0,0.727297317717897,360.385196842502,990.343992587109,0.292139204226539,718943.089574437,4329945.38969907
140221,阳高县,Shanxi,山西省,1679.82837930771,0,0,0.689396414926191,358.848170477535,1026.06295891401,0.296899451574309,736707.183567887,4356825.83979631
140222,天镇县,Shanxi,山西省,1629.55333486902,0,0,0.647448658619786,362.786052258394,1126.20175385997,0.288736737845214,763605.213109105,4379787.14994417
140223,广灵县,Shanxi,山西省,1201.51813242048,0,0,0.546858943478497,430.108649236465,1300.38247657825,0.31628315012414,769445.655680408,4308313.95721882
140224,灵丘县,Shanxi,山西省,2734.66301837329,0,0,0.409748955704037,491.643582454657,1607.30164480455,0.329234210003513,778066.119344735,4264754.91317857
140225,浑源县,Shanxi,山西省,1963.90214775743,0,0,0.476095676643147,439.965525926697,1432.80148991633,0.305755810576412,733198.277163976,4289768.92400717
140226,左云县,Shanxi,山西省,1295.75000396176,0,0,0.517563867070029,394.877599047384,1332.91864450261,0.316820830669285,651450.790623018,4324789.81265295
140302,城区,Shanxi,山西省,17.0342755863053,0,0,1.01774997711182,478,757,0.405621432724214,741550.982289994,4089139.46238627
140303,矿区,Shanxi,山西省,12.8676674097692,0,0,1.01774997711182,478,757,0.405621432724214,735941.632562801,4091943.60138349
140311,郊区,Shanxi,山西省,627.094326841219,0,0,0.987145167446005,463.249576719422,794.962722430847,0.402121109900453,735013.736528425,4097162.89365227
140321,平定县,Shanxi,山西省,1397.2617033476,0,0,1.02019271034031,475.859505941916,741.01898738816,0.404077507048267,755765.525249417,4089432.68059457
140322,盂县,Shanxi,山西省,2509.54033158262,0,0,0.798964751200957,422.111647851068,1066.82247806775,0.396621607210229,717125.096105113,4129167.17166667
140403,潞州区,Shanxi,山西省,344.289022766915,0,0,1.02223934066521,590.256442994576,926.698775240508,0.433168636084415,712988.774141,3906036.87934469
140404,上党区,Shanxi,山西省,483.796694831862,0,0,1.02388828397507,595.880055191015,940.461518979535,0.433127902328129,713702.348304046,3878912.73027864
140405,屯留区,Shanxi,山西省,1186.45270697816,0,0,0.969676998895588,576.558355071427,1011.0168669031,0.435372346748295,681201.933333578,3912424.21211658
140406,潞城区,Shanxi,山西省,614.076466459431,0,0,0.965176407128835,606.084589697638,1013.86073889999,0.4255224209398,725150.993295051,3919380.97108091
140423,襄垣县,Shanxi,山西省,1178.78361628001,0,0,1.01162565848517,583,920.489586575772,0.43282240428785,700052.975185922,3940799.44136817
140425,平顺县,Shanxi,山西省,1517.72493807102,0,0,0.799974632009213,665.619000541665,1363.01548081324,0.424651149306507,751383.325809,3904324.09769874
140426,黎城县,Shanxi,山西省,1111.95167401216,0,0,0.941303210005224,611.435221968282,1044.55235300024,0.420091265775598,735407.471406661,3947968.00909079
140427,壶关县,Shanxi,山西省,1010.08918282645,0,0,0.732879292563006,688.058256024276,1512.50858885654,0.42886139222067,739223.294270175,3877420.52269652
140428,长子县,Shanxi,山西省,1033.47778263271,0,0,1.01126194676394,590.645138310925,963.682020090114,0.434091935707446,687850.1323277,3886696.15849041
140429,武乡县,Shanxi,山西省,1623.24523780143,0,0,0.840970451393769,578.908938179378,1209.51885522281,0.4260047604901,695522.599683373,3975401.03447861
140430,沁县,Shanxi,山西省,1317.70589875286,0,0,0.811570322715512,564.529842989915,1277.88281896203,0.436748254869013,669427.047964971,3952794.73913649
140431,沁源县,Shanxi,山西省,2545.38133961798,0,0,0.819800959713868,543.774594574638,1262.96203830385,0.437023308462347,637911.881904266,3949663.71269003
140502,城区,Shanxi,山西省,144.158263995435,0,0,1.14309997558594,606,826,0.432575793879587,697864.907987572,3820571.98871871
140521,沁水县,Shanxi,山西省,2658.09395778353,6.53925800882119,0.00246013049676919,1.08267768328457,573.746752217042,890.860600950862,0.437721464560408,653447.287672083,3843302.52886806
140522,阳城县,Shanxi,山西省,1916.39202391015,191.883661154318,0.100127561981188,1.10444920513778,598.129955655243,909.251632399987,0.436997316255965,654747.704646007,3806591.03303115
140524,陵川县,Shanxi,山西省,1702.3157701284,115.996430271876,0.068140372254865,0.962098771842508,643.352882499067,1073.9146921892,0.429400802558429,739633.723633349,3843141.50347335
140525,泽州县,Shanxi,山西省,2024.31592683142,80.0648026406916,0.0395515352023207,1.2313837913496,595.090484006966,634.938341531548,0.431921130627383,699799.022236407,3814864.05637181
140581,高平市,Shanxi,山西省,979.867063370212,0,0,1.09884635714928,601.819154321069,867.428379909412,0.432801119495073,702296.735010985,3853631.49842059
140602,朔城区,Shanxi,山西省,1781.32509565997,0,0,0.587331689759525,431.93028394289,1330.75208005572,0.388164437292498,630541.503289738,4242248.95243905
140603,平鲁区,Shanxi,山西省,2316.22346179341,0,0,0.378224026984413,443.954486790005,1633.22688966337,0.32377999010694,608740.783461542,4278178.48487854
140621,山阴县,Shanxi,山西省,1641.30929405661,0,0,0.522531855149822,429.434878121623,1447.81154607116,0.334189905425204,656352.474019645,4270711.37771888
140622,应县,Shanxi,山西省,1679.10286530784,0,0,0.734321542502706,386.956598727705,1019.6472895807,0.283812949153697,696334.557546577,4272420.56501783
140623,右玉县,Shanxi,山西省,1979.26103739001,0,0,0.429478166283373,400.89889574997,1483.4464071076,0.317256462601967,621535.379179013,4323089.82696015
140681,怀仁市,Shanxi,山西省,1232.86854816984,0,0,0.630072968175283,391.692457233528,1205.96865776838,0.294589956040045,681230.552571717,4303593.22974181
140702,榆次区,Shanxi,山西省,1320.85891285699,0,0,0.825560362741244,449.734984082056,1116.99958409896,0.408157231784198,677899.221232244,4060471.22827805
140703,太谷区,Shanxi,山西省,1045.64231419581,0,0,0.86384642820744,474.537381686392,1078.22797215748,0.425146821242609,670594.513495041,4032219.81576654
140721,榆社县,Shanxi,山西省,1698.18798226046,0,0,0.773324827973,556.155938247533,1294.28849148256,0.421051215718035,691941.94300401,4003650.50857428
140722,左权县,Shanxi,山西省,2019.17124457548,2.06712519134813,0.00102374932136215,0.88414009508199,580.74246130236,1090.03861574884,0.416689542552416,738322.974863435,3995241.21385665
140723,和顺县,Shanxi,山西省,2193.70214274791,0,0,0.67006768868386,547.032144183602,1417.53156444757,0.411763335039121,735328.490894761,4030689.67905443
140724,昔阳县,Shanxi,山西省,1944.20606664717,0,0,0.933842302632384,521.496511425865,918.749774705437,0.406241752569723,757405.163116599,4057315.43721095
140725,寿阳县,Shanxi,山西省,2114.22663499936,0,0,0.817616118822491,399.427060136737,1072.34210828043,0.389860068329351,701801.758499136,4082235.47552388
140727,祁县,Shanxi,山西省,853.47568207979,0,0,0.943437104203175,465.872279709289,954.349571950484,0.432480772234819,648580.934298627,4017417.98959456
140728,平遥县,Shanxi,山西省,1247.06321725923,0,0,0.750957597576243,520.49907841331,1348.55502623693,0.430727768770566,632433.37241616,3999631.06899543
140729,灵石县,Shanxi,山西省,1195.52778143455,0,0,1.05783267825832,478.794605163227,826.213085520928,0.417996660631227,588524.496300016,3961298.62466709
140781,介休市,Shanxi,山西省,737.801731356797,0,0,1.10044286638052,466.320837283846,744.982098122481,0.408308440302027,609614.962464024,3984318.6865186
140802,盐湖区,Shanxi,山西省,1206.76359401029,0,0,1.34664781852494,561.421974876873,468.128713147267,0.437243508570732,532771.596871646,3757154.56996203
140821,临猗县,Shanxi,山西省,1377.17782912053,26.7336315809905,0.0194118951203728,1.28238865159222,548.100745905097,563.804414925309,0.434601176233367,501971.914571491,3765263.97428191
140822,万荣县,Shanxi,山西省,1114.25561857957,42.6524591725352,0.0382788818484108,1.28300706712827,541.348872418964,562.018142098045,0.43565100538711,508977.869782065,3792281.78107965
140823,闻喜县,Shanxi,山西省,1169.62605244419,0,0,1.33509822649797,545.426948502495,462.217793313453,0.443470649211251,562348.594888285,3794345.58573972
140824,稷山县,Shanxi,山西省,687.235156051661,0,0,1.28354399627596,527.489787495954,517.557341553164,0.443551056114498,529307.306655801,3817671.02831277
140825,新绛县,Shanxi,山西省,596.3144272211,0,0,1.29784480386052,524.830806732224,469.643939971904,0.447767102269814,547667.25569515,3822619.3115996
140826,绛县,Shanxi,山西省,977.818851057875,0,0,1.28731498538395,537.967649892389,535.022046771651,0.440690853629235,590656.804600758,3810305.61352485
140827,垣曲县,Shanxi,山西省,1608.19222344955,68.4486619715089,0.0425624878502942,1.30457844383882,563.579836054152,534.733969573246,0.439440608499398,608614.749839283,3780069.26348831
140828,夏县,Shanxi,山西省,1348.86463844329,1.53566779231454,0.00113848917715482,1.33549330167185,556.200388166687,480.279565582792,0.442521054890606,567852.937726825,3766622.13544214
140829,平陆县,Shanxi,山西省,1173.88809937273,1.07069744413924,0.000912094981379717,1.35713212095727,582.265420080248,489.505721686349,0.433565985807965,559804.399888193,3739183.9007784
140830,芮城县,Shanxi,山西省,1177.30169647592,217.168621526372,0.18446301587472,1.25631594739737,591.543066507279,653.093244553507,0.427991355341641,504093.15628132,3715735.27279656
140881,永济市,Shanxi,山西省,1211.79068394462,36.5573820827432,0.0301680666200053,1.31139734883165,573.430459607428,510.581573790612,0.435300430278881,491426.583657341,3736118.65705996
140882,河津市,Shanxi,山西省,584.359993707251,1.69287341881386,0.00289697008187378,1.21636243886693,525.699123203804,678.412003975036,0.431763840305803,506488.8583741,3820004.78257787
140902,忻府区,Shanxi,山西省,1989.32318400831,0,0,0.857211567412633,424.773383068148,965.726525843214,0.398608083186146,650481.558426246,4147431.02858423
140921,定襄县,Shanxi,山西省,851.190087548963,0,0,0.748053835733871,412.777935682777,1146.45990751806,0.390318133289881,686588.11368424,4159246.44039437
140922,五台县,Shanxi,山西省,2862.21466804519,1.91415313448061,0.000668766447133024,0.746578381670308,426.793339546998,1115.15367576803,0.363988303407455,718759.020429077,4191542.34426547
140923,代县,Shanxi,山西省,1727.16123458672,0,0,0.775463211151995,407.950342977053,1011.85868188288,0.355485767849331,682655.809911973,4224179.32791586
140924,繁峙县,Shanxi,山西省,2367.03866289314,0,0,0.674459464834557,432.807611814065,1189.75442159949,0.343032037339749,727777.374872555,4240763.3680419
140925,宁武县,Shanxi,山西省,1939.85187117662,182.413868319967,0.0940349472196165,0.340465908322858,482.119338591639,1821.22995506017,0.402268612648991,612070.627589009,4187983.71288381
140926,静乐县,Shanxi,山西省,2035.54470079704,0,0,0.594797911165103,457.620211108461,1451.06972777282,0.418540650754172,604502.242759531,4139767.13456258
140927,神池县,Shanxi,山西省,1476.11592316176,0,0,0.373963284128224,466.885397009334,1690.9255943235,0.398343140995517,593750.535488352,4226439.14774449
140928,五寨县,Shanxi,山西省,1382.3121379991,10.1630975462099,0.00735224502978105,0.409925545782298,468.827024049531,1681.60481148664,0.369676222924179,572425.306325736,4206345.5966185
140929,岢岚县,Shanxi,山西省,1976.92244735185,2.27657487011928,0.00115157520375613,0.431542515062376,476.909945914842,1692.20311152544,0.397037912078804,557499.930543625,4174722.01331782
140930,河曲县,Shanxi,山西省,1317.46278485975,0,0,0.568356503172204,439.920423042359,1384.21530957103,0.325934602437475,538343.866186657,4226629.76121075
140931,保德县,Shanxi,山西省,999.370778138203,0,0,0.65613967579508,459.19186107228,1301.97124874256,0.387063658067705,522234.842058586,4189344.09156005
140932,偏关县,Shanxi,山西省,1671.55995713439,0,0,0.545768990658587,426.588895807685,1360.29444585249,0.33257104377299,562865.304055362,4257317.78657346
140981,原平市,Shanxi,山西省,2552.0496412423,0,0,0.781845378796027,423.496365744425,1086.05645950781,0.386761890552853,653547.374342987,4193085.41196485
141002,尧都区,Shanxi,山西省,1307.77655501174,0,0,1.00651104076781,517.558912573176,1034.66078079607,0.424659618799365,570724.624877791,3879981.62401346
141021,曲沃县,Shanxi,山西省,438.241659126708,0,0,1.26320711279563,528.776746752772,562.350437220259,0.441786490430471,578503.785377776,3832613.15474698
141022,翼城县,Shanxi,山西省,1168.69250051216,60.9362667844396,0.0521405474560118,1.25922952233731,531.598411702065,579.667870372173,0.440190289809574,606246.123953729,3833544.08765139
141023,襄汾县,Shanxi,山西省,1032.8179491331,0,0,1.18650541982553,525.04336577398,688.583730308286,0.438276675778957,564655.242545514,3851011.11205419
141024,洪洞县,Shanxi,山西省,1496.82861032986,0,0,1.08826520291427,498.65886189503,830.455258632046,0.434596000845509,585578.019222406,3903550.34991204
141025,古县,Shanxi,山西省,1197.63553571246,0,0,1.11825657649752,502.818408695158,762.47557811127,0.440535992616472,616722.038573157,3903138.87295722
141026,安泽县,Shanxi,山西省,1955.87105048286,0,0,0.919161933802586,562.260283670436,1128.40873938878,0.439390964049667,643929.43054913,3889252.93760011
141027,浮山县,Shanxi,山西省,941.990546324076,0,0,1.16938196271662,514.287565156078,715.340933384114,0.441384215863028,612055.953669487,3862378.19458624
141028,吉县,Shanxi,山西省,1781.28909853096,0,0,0.920809138645021,513.754221877221,1198.79284418013,0.416761789573331,504707.649317464,3879687.71044323
141029,乡宁县,Shanxi,山西省,2025.59466062466,0,0,1.09372311308816,525.949564437735,884.098660175729,0.427439038322457,525273.638724356,3854454.69450207
141030,大宁县,Shanxi,山西省,960.397896167684,0,0,0.936724925062022,504.939841377017,1149.20532165335,0.40501382269456,501355.161541045,3910466.24260029
141031,隰县,Shanxi,山西省,1419.82317770643,45.2536131195005,0.0318727105107573,0.85607461294984,508.618329159012,1257.67393760248,0.405123413565364,525799.83420819,3943412.47580931
141032,永和县,Shanxi,山西省,1218.20515421337,0,0,0.94259329987435,499.311657344424,1117.81946365,0.399261202695366,491260.192751383,3944356.61973278
141033,蒲县,Shanxi,山西省,1503.27050314175,154.904797463877,0.103045191893365,0.831262991736006,521.845501845414,1322.49894010397,0.410407188945498,541144.236505213,3911802.27645478
141034,汾西县,Shanxi,山西省,872.587708347893,0,0,0.876716854622051,509.887315614887,1193.65917819913,0.418252133022238,567781.558014409,3938332.40358549
141081,侯马市,Shanxi,山西省,220.113292022169,0,0,1.29616670608521,524,470,0.44791391732226,565284.620259127,3822684.34068835
141082,霍州市,Shanxi,山西省,768.489488742927,0,0,1.12256669998169,488,707,0.438735157037853,598588.822417169,3935508.5978178
141102,离石区,Shanxi,山西省,1321.87837993167,0,0,0.796106104182677,494.663548989254,1217.31336719508,0.41101536852112,546544.809574219,4039735.45871262
141121,文水县,Shanxi,山西省,1072.39412436875,0,0,0.767721056160889,484.762841630313,1298.31671134965,0.41157385842905,603760.700550807,4032890.23671528
141122,交城县,Shanxi,山西省,1823.1234236217,70.988985513599,0.0389381127979677,0.655313430652603,486.782003344358,1472.91597560166,0.41278760562024,589043.8168432,4057919.09408701
141123,兴县,Shanxi,山西省,3162.39750289869,251.074873184654,0.07939383741434,0.678623461484528,478.466245826589,1312.20932838741,0.398091987638951,519388.028889057,4133208.38960954
141124,临县,Shanxi,山西省,2977.82501481234,2.68270791558436,0.000900895083572742,0.805904010922812,484.834454577611,1147.87955084181,0.402235244336269,507928.972483999,4083757.85437235
141125,柳林县,Shanxi,山西省,1288.0210086313,0,0,0.994828255425257,479.627456933722,868.346031633684,0.406562975106214,509497.112837766,4020820.83264986
141126,石楼县,Shanxi,山西省,1729.9710266733,0,0,0.873405751127537,493.511642624603,1195.2044874072,0.406647346305878,501147.931931101,3978599.64573587
141127,岚县,Shanxi,山西省,1515.53022679158,2.330885059451,0.00153799971669688,0.469396289153391,487.183803772833,1696.83932563532,0.401737331894353,565776.836420564,4130673.48792302
141128,方山县,Shanxi,山西省,1428.87997703941,31.9068396602843,0.0223299648486882,0.522010915533268,497.838344336748,1673.34022157113,0.4294407596006,545996.050707748,4077504.20778526
141129,中阳县,Shanxi,山西省,1442.29542709781,0,0,0.765733949123914,501.028336706076,1324.74203855862,0.410916414001341,537146.1234624,4006764.02775687
141130,交口县,Shanxi,山西省,1266.83797557088,0,0,0.71758271451833,510.63840796506,1460.46330013044,0.411553414068551,550785.409981693,3972695.98177359
141181,孝义市,Shanxi,山西省,942.434448219318,0,0,0.934557680269941,484.559799269988,1049.32086233888,0.409696616255604,577522.207746838,3992644.91339995
141182,汾阳市,Shanxi,山西省,1171.6185383701,0,0,0.794461270481783,487.874318933359,1262.0600731283,0.40879398316607,585763.306546049,4015532.66563542
150102,新城区,Inner Mongolia,内蒙古自治区,660.31041523233,460.42023667993,0.697278470941475,0.293341902636863,302.111766550148,1682.92316101487,0.327735809603023,566161.809130349,4428435.77917018
150103,回民区,Inner Mongolia,内蒙古自治区,194.858132117745,144.012562386049,0.739063650158709,0.258800005912781,305,1764,0.313295998867007,543320.385375422,4415724.1230117
150104,玉泉区,Inner Mongolia,内蒙古自治区,205.348462730983,0,0,0.60445893364686,316.367243664099,1063.01997404723,0.382646004983021,551748.393876897,4399240.76717174
150105,赛罕区,Inner Mongolia,内蒙古自治区,1002.99457627702,7.8148462565681,0.00779151397366053,0.41485997145938,313.805166792985,1423.2623148778,0.369763942718014,575808.615304893,4408490.88824825
150121,土默特左旗,Inner Mongolia,内蒙古自治区,2766.56828557613,1095.85313137748,0.396105578557685,0.543682267528168,308.959371140166,1147.70412183988,0.412001304119453,517437.614663326,4393130.13489394
150122,托克托县,Inner Mongolia,内蒙古自治区,1407.2594466053,0,0,0.604391998897073,337.033083784331,1097.90965387183,0.397936720328634,526488.407452992,4356537.76916229
150123,和林格尔县,Inner Mongolia,内蒙古自治区,3445.76254658818,0,0,0.456368345986858,363.163556104164,1386.09983966599,0.363558574254667,575400.965733936,4356609.03355694
150124,清水河县,Inner Mongolia,内蒙古自治区,2814.78161993191,0,0,0.536929521397803,396.008400630097,1310.15916031439,0.347121517457946,562571.474012811,4305365.39680017
150125,武川县,Inner Mongolia,内蒙古自治区,4681.27171754115,678.292032847433,0.144894822128314,0.236383014640555,307.616845122935,1832.90044860941,0.397789687543309,509791.126576203,4440694.57617241
150202,东河区,Inner Mongolia,内蒙古自治区,467.078729804286,0.0321915814216169,6.89211033760961e-05,0.541515910408327,315.420251300084,1305.30081925528,0.427080282103731,433283.835095728,4376316.9460701
150203,昆都仑区,Inner Mongolia,内蒙古自治区,288.72247373861,34.6852864413422,0.120133656352445,0.688749980926514,297,1062,0.406400983995272,394784.109922058,4387015.44920999
150204,青山区,Inner Mongolia,内蒙古自治区,280.419517448903,166.921952348716,0.595257968729411,0.688749980926514,297,1062,0.406400983995272,412445.810519402,4390462.83081003
150205,石拐区,Inner Mongolia,内蒙古自治区,643.82664659226,382.645283590896,0.594329678052651,0.466793243264361,321.257465216572,1431.26543896418,0.430282897680708,441513.406016793,4396874.88273813
150206,白云鄂博矿区,Inner Mongolia,内蒙古自治区,331.588707096419,0,0,0.437363583767601,242.428921568239,1487.05587709981,0.450116595520132,406105.928167316,4507933.53553471
150207,九原区,Inner Mongolia,内蒙古自治区,949.042262623628,72.2428258212568,0.0761218216157639,0.677951929119186,292.473222642825,1080.53834005514,0.407335889938347,393286.691751995,4378931.54816944
150221,土默特右旗,Inner Mongolia,内蒙古自治区,2358.08379258524,408.095023110953,0.173062138162421,0.553827008333327,319.528128195709,1208.14148631379,0.42742364352022,473579.22420683,4371751.06332986
150222,固阳县,Inner Mongolia,内蒙古自治区,4887.97593128164,151.731261946601,0.0310417367187846,0.365622550631494,308.252243947728,1620.11011528176,0.431507722304922,425088.994820641,4437116.6019438
150223,达尔罕茂明安联合旗,Inner Mongolia,内蒙古自治区,17530.259697113,0,0,0.459086499697948,226.926407005905,1370.5768474624,0.447167484795586,431572.45581358,4529248.41712339
150302,海勃湾区,Inner Mongolia,内蒙古自治区,483.00715548588,12.8627510252247,0.0266305599805979,0.809169100586245,159.170323533876,1090.06120169725,0.478372245613604,155485.780145891,4265489.26822438
150303,海南区,Inner Mongolia,内蒙古自治区,965.834408103984,0.0734200988546934,7.60172740157636e-05,0.790557331448792,176.972971182672,1124.92638098131,0.48011719644621,162668.336879843,4219453.93871396
150304,乌达区,Inner Mongolia,内蒙古自治区,207.079227734451,0,0,0.801571078513797,163.590248175928,1106.47806465345,0.489443541731491,143665.707385932,4248389.70055831
150402,红山区,Inner Mongolia,内蒙古自治区,488.632305405973,1.52434567736452,0.00311961706276879,0.741550016403198,387,620,0.269828758968574,1135412.06659536,4626634.54384272
150403,元宝山区,Inner Mongolia,内蒙古自治区,876.852237539551,16.4641596228834,0.0187764356615909,0.74234098903217,389.006457345106,621.864721590531,0.274962555997072,1155492.78768409,4629638.28447406
150404,松山区,Inner Mongolia,内蒙古自治区,5624.93393324938,14.7914617069423,0.00262962407780631,0.614879774778353,400.901500005317,881.772173336968,0.342096420559382,1102046.44898542,4646230.93432057
150421,阿鲁科尔沁旗,Inner Mongolia,内蒙古自治区,13234.2412387649,966.660467741922,0.0730423792571077,0.519113765251391,392.673637591088,555.560533995089,0.303319355780457,1186472.47460231,4861560.66730712
150422,巴林左旗,Inner Mongolia,内蒙古自治区,6471.90916373003,1011.72078153308,0.156324935337934,0.385083596149963,387.104677223407,841.10191544458,0.305096702184561,1125930.70278542,4853361.07426718
150423,巴林右旗,Inner Mongolia,内蒙古自治区,9974.9997189285,36.4225539376764,0.00365138395628836,0.507142005233823,377.080272905063,750.047478897425,0.308270807526672,1107974.44274231,4792136.26227733
150424,林西县,Inner Mongolia,内蒙古自治区,3777.71024538171,0,0,0.394567245130584,365.822436898517,959.064619933066,0.306889510037799,1041184.39067342,4791396.27463846
150425,克什克腾旗,Inner Mongolia,内蒙古自治区,18912.4561288156,895.731474409335,0.0473619855775672,0.182690732065548,377.99594177067,1333.50237648272,0.318356924291942,988712.005070228,4726347.1056305
150426,翁牛特旗,Inner Mongolia,内蒙古自治区,11905.6373391549,7.9963785433887,0.000671646407126011,0.638593486205611,395.355144076221,653.567190658933,0.301894342981997,1143770.73090979,4716254.94146237
150428,喀喇沁旗,Inner Mongolia,内蒙古自治区,3103.08327398066,1.3414933828042,0.000432309823604353,0.612491861740839,436.105605715736,954.16097626831,0.344081746907136,1113437.2167992,4590904.18209321
150429,宁城县,Inner Mongolia,内蒙古自治区,4310.04785541582,278.974669652621,0.0647265828619685,0.668077925704154,459.590214197506,840.583710190535,0.361697568117515,1138104.69436738,4555856.69278186
150430,敖汉旗,Inner Mongolia,内蒙古自治区,8238.38011352942,15.7902200090635,0.00191666562982838,0.710015995165102,437.965573893368,503.091238896842,0.316050665417085,1225394.5636989,4666408.84370007
150502,科尔沁区,Inner Mongolia,内蒙古自治区,3505.87571537499,0,0,0.693625882287662,443.916328370283,183.043957483748,0.367930671515814,1372116.40251146,4830601.53346521
150521,科尔沁左翼中旗,Inner Mongolia,内蒙古自治区,9575.73521319102,0,0,0.681903464949688,438.624702445023,164.833892744562,0.333248251290968,1380979.0245641,4877561.78898215
150522,科尔沁左翼后旗,Inner Mongolia,内蒙古自治区,11511.5803164198,88.7732496030535,0.00771164750303046,0.705849132526705,497.67009778659,186.660934526634,0.361453725978813,1413312.37614307,4784749.68857487
150523,开鲁县,Inner Mongolia,内蒙古自治区,4356.82870395832,0,0,0.696725744158672,411.953892857703,236.338583058721,0.324950908501521,1295156.53822192,4826234.10632087
150524,库伦旗,Inner Mongolia,内蒙古自治区,4706.6480332108,6.4072013657193,0.00136130879566714,0.70487924578878,477.638974112998,311.383099870289,0.315381426425315,1331321.06177105,4726508.33510762
150525,奈曼旗,Inner Mongolia,内蒙古自治区,8130.11035116555,0,0,0.699014722272047,448.865714025147,363.903067022095,0.348549371676831,1278471.00125073,4736317.09244689
150526,扎鲁特旗,Inner Mongolia,内蒙古自治区,16490.9874600811,889.716842326171,0.0539517020724116,0.453485646384717,396.755691721636,591.265411584535,0.315162566227997,1219787.5377564,4935906.24654404
150581,霍林郭勒市,Inner Mongolia,内蒙古自治区,583.603025899439,0,0,0.0758818607062303,385.943696784625,1008.80900202728,0.306439220535112,1125925.17799372,5000223.60878648
150602,东胜区,Inner Mongolia,内蒙古自治区,2205.04360498475,0,0,0.608776457705017,345.669163484109,1429.74423506611,0.414980420613758,399506.020563486,4289656.4637418
150603,康巴什区,Inner Mongolia,内蒙古自治区,324.929039300401,0,0,0.615439869629279,344.071689522959,1428.89079015091,0.414009675449992,406164.592140367,4268918.63668393
150621,达拉特旗,Inner Mongolia,内蒙古自治区,8242.3942278621,0,0,0.657509272031847,315.663456008719,1186.55082611194,0.418899015297275,406023.668898482,4333877.58080638
150622,准格尔旗,Inner Mongolia,内蒙古自治区,7556.58852057507,19.976709420073,0.00264361482244011,0.651884265066619,375.342085325796,1172.31766238538,0.377161146683558,494249.714377885,4290197.42369873
150623,鄂托克前旗,Inner Mongolia,内蒙古自治区,12213.2000398902,2.97651628072771,0.000243713053991251,0.777927879266816,300.013930769686,1377.7551235366,0.441010867390021,221522.566078686,4107253.76620205
150624,鄂托克旗,Inner Mongolia,内蒙古自治区,20365.2213074379,4581.00885085701,0.224942748311009,0.735997248489271,258.26664317271,1335.22224896068,0.451660514145339,232549.686122554,4220773.20164904
150625,杭锦旗,Inner Mongolia,内蒙古自治区,18823.8202870751,3.54421283519485,0.000188283397373295,0.72810841020741,229.791820140238,1224.6187189941,0.43404073208342,268320.22413653,4326890.89648758
150626,乌审旗,Inner Mongolia,内蒙古自治区,11664.1119915998,0,0,0.761582914625003,348.36895842637,1309.71193202955,0.425868443665782,331571.527244555,4151306.25645739
150627,伊金霍洛旗,Inner Mongolia,内蒙古自治区,5488.24216871502,0,0,0.664336962404068,356.073944216001,1374.30532863703,0.380796389928623,397151.569479726,4243099.4511308
150702,海拉尔区,Inner Mongolia,内蒙古自治区,1313.9658684498,0,0,-0.188299928341561,366.165107098631,638.556439164936,0.283724543331297,1099094.0324407,5418219.31762462
150703,扎赉诺尔区,Inner Mongolia,内蒙古自治区,266.835405939398,29.2803220069651,0.109731772303167,-0.0268056624288634,299.475945578992,611.161867668188,0.307548282478372,924681.431550082,5413842.91240349
150721,阿荣旗,Inner Mongolia,内蒙古自治区,11073.1507553552,0,0,0.0822766518132492,482.339093395678,476.338250128895,0.266422579461221,1340749.25699717,5388799.5063396
150722,莫力达瓦达斡尔族自治旗,Inner Mongolia,内蒙古自治区,10347.9874537034,0,0,0.0492763922127854,496.005345364604,337.270737665627,0.24795060754573,1425094.65303212,5457685.30414588
150723,鄂伦春自治旗,Inner Mongolia,内蒙古自治区,54692.4239091417,4495.70340666712,0.0821997469729199,-0.209496697398212,516.532017809905,618.400251359863,0.250085212876282,1351245.62749136,5580862.63111798
150724,鄂温克族自治旗,Inner Mongolia,内蒙古自治区,18638.7607739303,418.347605943475,0.0224450332840052,-0.195215352039102,392.978216644731,845.521986320263,0.295659367151285,1115998.21502785,5334781.95366917
150725,陈巴尔虎旗,Inner Mongolia,内蒙古自治区,17454.8522272138,0,0,-0.186101395529028,358.03417828813,655.139593513325,0.293602624645594,1057230.99741439,5447671.10329699
150726,新巴尔虎左旗,Inner Mongolia,内蒙古自治区,20148.5687127168,2143.33864719014,0.106376719743739,-0.072690729232714,309.484893363491,709.659367361703,0.305600567821328,1010191.1984201,5311634.54533401
150727,新巴尔虎右旗,Inner Mongolia,内蒙古自治区,24872.6135583102,5554.13454219075,0.223303213760383,0.0623620100951615,236.988437061058,659.507018802893,0.31101965989866,872357.766291954,5316794.63591262
150781,满洲里市,Inner Mongolia,内蒙古自治区,479.021636680707,0.0100779672698064,2.10386473138036e-05,-0.0325026647283371,299.95307179466,643.271016929794,0.309425219393949,916558.253079849,5423706.67627657
150782,牙克石市,Inner Mongolia,内蒙古自治区,27811.3402494474,0,0,-0.261917103539801,476.481057638252,873.921076932611,0.284501865317588,1207147.94316699,5439293.61658238
150783,扎兰屯市,Inner Mongolia,内蒙古自治区,16784.149146276,199.339468822694,0.0118766502302515,0.0814140218457837,450.57706141187,657.059867478119,0.28435532765756,1266142.73224342,5274840.22115264
150784,额尔古纳市,Inner Mongolia,内蒙古自治区,28957.1977894895,1234.63874260597,0.0426366788520574,-0.404797316494496,445.698420573793,737.554637202349,0.299035301030572,1102583.53025803,5675482.13846814
150785,根河市,Inner Mongolia,内蒙古自治区,20010.5661719928,1777.62888120345,0.0888345120235259,-0.481775051985666,502.05908962683,893.804993877307,0.271715508318375,1188592.68879682,5667425.52185072
150802,临河区,Inner Mongolia,内蒙古自治区,2359.06699375475,0,0,0.7854292748603,139.23671335225,1035.12301823187,0.438214970978832,201352.433858383,4406451.99696859
150821,五原县,Inner Mongolia,内蒙古自治区,2504.38000763666,0,0,0.724348494088208,172.82302908941,1029.62657813424,0.410761492342142,253175.970054552,4420658.92818029
150822,磴口县,Inner Mongolia,内蒙古自治区,3677.82368877888,1237.60574531654,0.33650491433086,0.763662823936853,134.593081322687,1199.53395034934,0.436201140926167,138692.327616578,4362539.8333457
150823,乌拉特前旗,Inner Mongolia,内蒙古自治区,7446.89416899804,212.323069185894,0.0285116270444409,0.653940398302286,243.414422350818,1132.55731176578,0.414556520421138,339563.040057508,4408170.06282251
150824,乌拉特中旗,Inner Mongolia,内蒙古自治区,22756.6053062502,271.431911514504,0.0119276099339805,0.510761898124618,196.612759212461,1399.64259986338,0.437311293278889,283049.783217618,4510204.11870566
150825,乌拉特后旗,Inner Mongolia,内蒙古自治区,24580.8527588776,1076.11629770253,0.0437786397509696,0.636939057167456,119.667209115509,1334.3053998234,0.421936330501002,115818.06319007,4472486.77825357
150826,杭锦后旗,Inner Mongolia,内蒙古自治区,1745.91735141088,0.736522465703504,0.000421854141668459,0.749680094894638,137.970404557572,1144.93993050371,0.434419908886469,168119.053755242,4400626.02470702
150902,集宁区,Inner Mongolia,内蒙古自治区,114.217886770893,0,0,0.386539598121422,352.714997420473,1522.90482717171,0.309966237760963,670199.542692592,4442396.44962661
150921,卓资县,Inner Mongolia,内蒙古自治区,3097.06222710649,555.963643923029,0.179513230007798,0.396178606336011,319.131276865527,1462.81057983817,0.349753563307545,615404.580784957,4430265.24479157
150922,化德县,Inner Mongolia,内蒙古自治区,2534.54078346116,0,0,0.354585881302406,311.530719176634,1404.88503507016,0.336653068422387,746826.00851383,4556118.69168316
150923,商都县,Inner Mongolia,内蒙古自治区,4282.15225629802,0,0,0.351958387048498,313.566590155549,1484.00361133029,0.299942713847409,705102.838103887,4523998.37584295
150924,兴和县,Inner Mongolia,内蒙古自治区,3512.08257432673,10.0391478434755,0.00285846008202127,0.519964350010291,340.602217060284,1293.4308421494,0.306447119421958,725415.907611326,4438310.67925313
150925,凉城县,Inner Mongolia,内蒙古自治区,3451.48232716792,0,0,0.42179286085041,362.985347152489,1452.82093649253,0.340701351987739,628120.642376806,4379630.10904507
150926,察哈尔右翼前旗,Inner Mongolia,内蒙古自治区,2735.24746471541,4.25274124962258,0.00155479213653711,0.446839381350404,348.066747875076,1423.78588763645,0.310401496314889,681770.195456981,4437671.88314157
150927,察哈尔右翼中旗,Inner Mongolia,内蒙古自治区,4188.75940614791,0.100539644364401,2.40022485456761e-05,0.308927931776781,299.437759408302,1632.87003453394,0.311743313374578,613569.161841191,4483010.23334423
150928,察哈尔右翼后旗,Inner Mongolia,内蒙古自治区,3785.22201709919,1.9984194925843,0.000527953045701608,0.348611875133879,299.78035498132,1549.80643231085,0.300943215123684,661801.569439033,4498000.21499863
150929,四子王旗,Inner Mongolia,内蒙古自治区,24022.4709812302,10.6632586158641,0.000443886835130147,0.421843815358029,204.434707159053,1277.00143076862,0.429570510496876,534960.165204981,4575272.20692242
150981,丰镇市,Inner Mongolia,内蒙古自治区,2720.44988268045,0,0,0.49480020373694,359.198316118191,1342.69329781614,0.29058673598176,690602.973283851,4390818.69478554
152201,乌兰浩特市,Inner Mongolia,内蒙古自治区,787.007036080866,0,0,0.410095919128856,424.108888297438,379.123108135935,0.311075222795591,1308890.11116096,5098956.97628159
152202,阿尔山市,Inner Mongolia,内蒙古自治区,7415.98427286656,443.182939842232,0.0597605015781573,-0.2064571589683,450.687509512831,1079.21026608376,0.298965509226321,1159758.4370058,5192141.24389282
152221,科尔沁右翼前旗,Inner Mongolia,内蒙古自治区,18232.1957174884,270.663294475856,0.0148453482328645,0.201462499822039,417.483848900884,629.125300283492,0.308057238477343,1238350.67347212,5111977.30637045
152222,科尔沁右翼中旗,Inner Mongolia,内蒙古自治区,12791.2435970594,2312.18301230347,0.180762956686637,0.424578548904031,408.84249603684,494.429668406081,0.321445639484361,1251435.31213443,4993181.60292094
152223,扎赉特旗,Inner Mongolia,内蒙古自治区,11126.2955400352,751.646606717873,0.0675558728431457,0.335732078095011,420.143089839884,371.311650997345,0.302509412558,1318989.86483334,5176609.81733549
152224,突泉县,Inner Mongolia,内蒙古自治区,4800.57836275034,84.4385981481196,0.0175892552454332,0.414898718454399,412.433029899204,468.047863183361,0.313662834321609,1275762.31994258,5037666.95837773
152501,二连浩特市,Inner Mongolia,内蒙古自治区,170.636479267379,0,0,0.400816679000855,161,964,0.506466838012976,556673.32757995,4733210.4868293
152502,锡林浩特市,Inner Mongolia,内蒙古自治区,14780.3350135746,5937.59730057858,0.401722782002258,0.172013511086008,278.150769424912,1147.34290112589,0.307932793933432,881976.565268098,4807772.9093267
152522,阿巴嘎旗,Inner Mongolia,内蒙古自治区,27494.9808882935,0,0,0.123737944468162,246.366034980428,1216.37863969805,0.413939794089311,782074.086482189,4817407.00027396
152523,苏尼特左旗,Inner Mongolia,内蒙古自治区,34260.7731624405,0,0,0.283471101969711,207.179153114226,1108.29213584409,0.481682546762847,646810.214793474,4779167.22041251
152524,苏尼特右旗,Inner Mongolia,内蒙古自治区,26325.4074895902,0,0,0.451578568481881,205.321338756866,1083.39433442444,0.469059052389848,626610.883055444,4657330.32835168
152525,东乌珠穆沁旗,Inner Mongolia,内蒙古自治区,45539.4744484257,0,0,0.0687509751345153,289.729008723806,937.401402069215,0.309822740726379,984055.060462156,5015852.33393896
152526,西乌珠穆沁旗,Inner Mongolia,内蒙古自治区,22462.8990250581,1614.48420706895,0.0718733679596715,0.13266841893253,320.866596354528,1065.03996626953,0.316496382527818,1002894.18223678,4895607.33570419
152527,太仆寺旗,Inner Mongolia,内蒙古自治区,3426.36948927985,0,0,0.339604211760112,368.730231275943,1389.3892831386,0.343095941200903,840208.125783394,4557109.43251726
152528,镶黄旗,Inner Mongolia,内蒙古自治区,5136.22150319667,0,0,0.376580579010232,281.777648908799,1299.38880519636,0.388623399231309,739100.491826722,4599140.7641182
152529,正镶白旗,Inner Mongolia,内蒙古自治区,6252.75066845298,0,0,0.348951588459981,310.737043873728,1224.33716279326,0.381141980368375,810629.898640733,4627030.54515498
152530,正蓝旗,Inner Mongolia,内蒙古自治区,10205.7543030689,0,0,0.213745508176402,340.982100508139,1337.79880245483,0.349311365067312,882996.5418622,4648500.76424394
152531,多伦县,Inner Mongolia,内蒙古自治区,3865.16132546023,0,0,0.231822556648686,393.627076284131,1378.98368670928,0.343118731185113,933409.866667908,4599746.48515669
152921,阿拉善左旗,Inner Mongolia,内蒙古自治区,79881.6432342151,40578.0745533375,0.507977464038409,0.834368962223794,134.556995097024,1307.9812511008,0.42418531204015,1778.70663329345,4242650.77603311
152922,阿拉善右旗,Inner Mongolia,内蒙古自治区,71417.9357029084,6028.46969862351,0.0844111446136074,0.821394924985704,94.7974287654224,1370.44330505592,0.385242776315885,-214875.933570338,4316674.00497695
152923,额济纳旗,Inner Mongolia,内蒙古自治区,88164.2432716522,326.115117823584,0.00369894988854785,0.819676678558974,52.3338077599385,1127.98125025545,0.436002469889661,-394389.256761569,4496791.11725252
156408,中朝共有,,,444.524639248627,8.63463480793881,0.0194244234077413,0.773664602927442,935.560865139496,200.03251341038,0.300969279266359,1695715.52614885,4553247.05779717
210102,和平区,Liaoning,辽宁省,21.2696892233152,0,0,0.829749965667725,665,41,0.31269213244103,1499418.19209952,4639818.09216257
210103,沈河区,Liaoning,辽宁省,18.405216298372,0,0,0.829749965667725,665,41,0.31269213244103,1502420.6857429,4641523.56197556
210104,大东区,Liaoning,辽宁省,34.3132613007615,0,0,0.829749965667725,665,41,0.31269213244103,1505267.40478435,4644979.93008903
210105,皇姑区,Liaoning,辽宁省,30.6396416045862,0,0,0.829749965667725,665,41,0.31269213244103,1498750.37526339,4646927.33501658
210106,铁西区,Liaoning,辽宁省,39.1507758903807,0,0,0.829749965667725,665,41,0.31269213244103,1494588.85215887,4641056.58927257
210111,苏家屯区,Liaoning,辽宁省,782.709093646944,0,0,0.819050515867059,675.168218385521,59.7787763328929,0.312495245774872,1504446.0097224,4618097.36257935
210112,浑南区,Liaoning,辽宁省,915.476891634957,0,0,0.807266722576488,676.985356367455,70.8018410732396,0.312355795897466,1514847.18230782,4640271.83894251
210113,沈北新区,Liaoning,辽宁省,856.746408806005,0,0,0.76290643030552,623.046474123758,50.9787316472552,0.310532336241596,1502533.87803848,4669876.4084285
210114,于洪区,Liaoning,辽宁省,778.060513435164,0,0,0.819256199901126,655.356537285282,41.0787468483383,0.310933295587288,1484356.0991967,4643490.62021146
210115,辽中区,Liaoning,辽宁省,1648.55607755342,0,0,0.846939080197917,614.679646749128,16.8089726991584,0.283715674408944,1452733.25212935,4605755.80871366
210123,康平县,Liaoning,辽宁省,2162.79143823605,0,0,0.73884690591055,551.150100705331,115.575675464656,0.301004261926224,1467908.43218497,4745970.04435314
210124,法库县,Liaoning,辽宁省,2283.21927718185,0,0,0.760481329039815,583.012809324822,80.7873443338379,0.306077937594771,1472879.35442009,4706838.28661727
210181,新民市,Liaoning,辽宁省,3298.42911763034,0,0,0.805700198898657,586.870061439816,38.894437993245,0.299898901065358,1450534.95813931,4656950.23716993
210202,中山区,Liaoning,辽宁省,46.656225329644,0,0,,,,,1413853.86121418,4294311.17926353
210203,西岗区,Liaoning,辽宁省,27.1537874988955,0,0,,,,,1409104.55968434,4294578.81126025
210204,沙河口区,Liaoning,辽宁省,40.9823155195291,4.76969374670095,0.116384193675637,,,,,1404998.47535545,4293606.21532201
210211,甘井子区,Liaoning,辽宁省,491.461669584094,37.141426214081,0.0755733936392485,,,,,1398593.89457352,4300574.00898741
210212,旅顺口区,Liaoning,辽宁省,496.81413032116,70.3422581022215,0.141586669559398,,,,,1379559.90252895,4284046.40689771
210213,金州区,Liaoning,辽宁省,1419.34920253271,18.5283799016973,0.0130541376770671,,,,,1426061.35896743,4330485.93606508
210214,普兰店区,Liaoning,辽宁省,2839.80892520656,0.018284629525799,6.43868302670013e-06,0.945541339993967,696.825952947666,112.445771562633,0.343700169524081,1449990.37848547,4381958.38557769
210224,长海县,Liaoning,辽宁省,120.540236498026,0,0,,,,,1492032.87524528,4340117.555482
210281,瓦房店市,Liaoning,辽宁省,3855.04487488298,585.917728551646,0.151987265406199,0.95275944361924,648.870615013601,73.0138349598434,0.337882918148113,1406403.05420344,4383322.25251771
210283,庄河市,Liaoning,辽宁省,3908.91344228363,40.5923465118844,0.0103845600858764,0.8854880109181,779.8410494933,220.569239806117,0.337886719337294,1500502.90877114,4417851.33065488
210302,铁东区,Liaoning,辽宁省,21.3145303434489,0,0,0.843609144441896,712.034422951223,99.3590340346518,0.285472747049664,1480600.90294677,4558483.31109509
210303,铁西区,Liaoning,辽宁省,31.4397369483446,0,0,0.858976791910604,704.569570158995,64.8714141345547,0.28152886878363,1477830.14813203,4561122.70257454
210304,立山区,Liaoning,辽宁省,29.9058550776148,0,0,0.864266681671143,702,53,0.280171297216558,1482023.56828671,4564822.92659875
210311,千山区,Liaoning,辽宁省,544.394922973714,0,0,0.814450800670132,715.589649789811,164.860550106734,0.296890503951847,1483654.30399377,4555285.40514631
210321,台安县,Liaoning,辽宁省,1390.65984389503,13.0652856037289,0.00939502615329353,0.87735406335453,604.456388826818,8.24442704341602,0.313115759281504,1429801.78633582,4577002.35547818
210323,岫岩满族自治县,Liaoning,辽宁省,4502.36225581717,0,0,0.806927729749373,821.60671099986,257.929403515487,0.316520479401639,1522536.12322485,4485339.40582725
210381,海城市,Liaoning,辽宁省,2732.67690419281,15.3650178430866,0.00562269832174881,0.848611665826222,697.710678835197,128.762001205521,0.312779260049023,1468312.54182581,4525587.76182117
210402,新抚区,Liaoning,辽宁省,27.6265367003191,0,0,0.680279613670029,751.220483770509,288.625414376983,0.339242042176308,1539177.03778803,4656753.39269001
210403,东洲区,Liaoning,辽宁省,207.556138315722,20.7823857717787,0.100128986501791,0.697916689945228,757.742000474646,262.756731450573,0.327279720931592,1546767.92169832,4653786.5172813
210404,望花区,Liaoning,辽宁省,213.43549687885,0,0,0.734311478855915,735.576349830149,194.071187253608,0.315977278807969,1529515.3302406,4651583.68966857
210411,顺城区,Liaoning,辽宁省,277.28227196893,13.122352144102,0.0473248868415661,0.642992400153952,737.433097357842,343.315380480558,0.364532040327922,1534515.26593991,4663949.61724329
210421,抚顺县,Liaoning,辽宁省,2339.28457572357,128.463486057317,0.0549157154244827,0.668390525953153,775.051376056064,304.797097838639,0.327522466126682,1559731.55039728,4647122.44456856
210422,新宾满族自治县,Liaoning,辽宁省,4285.68790627753,81.362071218015,0.0189846001382505,0.528939553536664,874.808246104672,477.511235841325,0.309076347682806,1617706.74100325,4645086.20870584
210423,清原满族自治县,Liaoning,辽宁省,3923.85027378894,0,0,0.573469787850848,798.241873113142,333.322685163421,0.326606228886,1613430.74008409,4700235.78754527
210502,平山区,Liaoning,辽宁省,177.45589826698,0,0,0.691683340072632,836,359,0.280873966911709,1534863.8038314,4582345.24417482
210503,溪湖区,Liaoning,辽宁省,311.809993681597,7.59988535967312,0.0243734502218479,0.711655700326378,796.493955800238,286.034097054085,0.296003754333297,1531774.52946775,4605050.50272283
210504,明山区,Liaoning,辽宁省,413.412391006182,4.39989711343065,0.0106428767234624,0.695197928517141,827.387816891222,343.128976842395,0.284719703829619,1546675.19384624,4596730.75450657
210505,南芬区,Liaoning,辽宁省,615.427019968937,0,0,0.692492346306638,836.950978877533,357.968086749911,0.281311384327124,1547345.56659991,4570498.76019824
210521,本溪满族自治县,Liaoning,辽宁省,3343.29182160096,0,0,0.643710594626538,871.98403696283,399.17733526949,0.314535729159445,1573616.67856769,4587296.96038047
210522,桓仁满族自治县,Liaoning,辽宁省,3552.93198833307,126.216785372597,0.0355246837786542,0.531976770450131,943.411700971274,477.296400322388,0.280045930491677,1662205.04635783,4611643.62648608
210602,元宝区,Liaoning,辽宁省,80.8350731154954,0,0,0.846266651153565,955,93,0.275856399961015,1607808.64184054,4476495.05758251
210603,振兴区,Liaoning,辽宁省,92.7482308973542,0,0,0.864780705672567,946.819031836171,73.1003477096046,0.282034677832688,1611565.5473476,4462593.42155403
210604,振安区,Liaoning,辽宁省,661.804225531725,0,0,0.846266651153565,955,93,0.275856399961015,1604787.22971081,4483616.7493195
210624,宽甸满族自治县,Liaoning,辽宁省,6098.28325230713,75.1098298983477,0.0123165531659967,0.699103697802998,959.111131562048,279.292573580084,0.306265408807995,1644119.24994341,4551288.18537182
210681,东港市,Liaoning,辽宁省,2220.82285167291,301.889576157076,0.135935910390001,0.933686044980281,885.516698376634,21.8053678521642,0.324748045978372,1574233.83006769,4446300.67115996
210682,凤城市,Liaoning,辽宁省,5515.75356539382,24.5581153383689,0.00445235905614928,0.769852203710107,914.582500398465,226.562591030611,0.313198657499779,1577559.40573756,4517154.72004119
210702,古塔区,Liaoning,辽宁省,20.1300156871979,0,0,0.886487706409062,567.287303263263,48.2281490429595,0.372027475663032,1325906.36598894,4535209.11363642
210703,凌河区,Liaoning,辽宁省,36.1227702220321,0,0,0.894600009918213,575,10,0.382894191114649,1331804.58692193,4535480.76032039
210711,太和区,Liaoning,辽宁省,372.553544009344,0,0,0.87252417421752,554.09340909854,113.179645263445,0.353396088975337,1325156.98578113,4527741.37471953
210726,黑山县,Liaoning,辽宁省,2495.09241795756,0.117202153099739,4.69730709196251e-05,0.859632893449087,543.457663961734,33.8529405448218,0.323834391507192,1406032.51017735,4624334.92488694
210727,义县,Liaoning,辽宁省,2477.67682516802,95.8199893659368,0.0386733202621931,0.862605821856853,523.327647866304,136.464533354008,0.322694482489893,1333589.7013889,4581834.81643766
210781,凌海市,Liaoning,辽宁省,2901.21303828339,49.4114131694948,0.0170312943301575,0.881228605225391,559.41295077516,71.532102472556,0.360721888190211,1340145.34413696,4538200.09138036
210782,北镇市,Liaoning,辽宁省,1693.96782077411,457.193413806474,0.269894981592712,0.875786181588278,545.340215959259,42.1821994076974,0.352752217193991,1378897.77277868,4590660.67067162
210802,站前区,Liaoning,辽宁省,131.252856379195,0,0,0.905799961090088,672,94,0.348649537387939,1435006.09572782,4493232.36288168
210803,西市区,Liaoning,辽宁省,37.1180661336212,0,0,0.905799961090088,672,94,0.348649537387939,1422801.67621759,4498948.00121758
210804,鲅鱼圈区,Liaoning,辽宁省,272.221919955936,0,0,0.821381917515114,699.906797716332,275.39418515616,0.348649537387939,1430029.05234216,4453026.85716352
210811,老边区,Liaoning,辽宁省,348.203164308391,0,0,0.905727831267819,671.622697573579,92.1578763886499,0.347975766027017,1434262.81512312,4493967.73659232
210881,盖州市,Liaoning,辽宁省,2922.12261969638,0,0,0.832925505577724,707.76796594919,254.535497641631,0.342679854614285,1454634.95141078,4453649.2728373
210882,大石桥市,Liaoning,辽宁省,1620.48316431897,0,0,0.876277790984859,685.772527897064,112.59010316228,0.326721723965793,1454009.50771405,4500949.01622039
210902,海州区,Liaoning,辽宁省,36.5577735672602,0,0,0.822900009155273,495,128,0.383322356354656,1353295.26518925,4637290.06718623
210903,新邱区,Liaoning,辽宁省,24.3505489763049,0,0,0.822900009155273,495,128,0.383322356354656,1364556.5296894,4649501.20049447
210904,太平区,Liaoning,辽宁省,37.5651308184073,0,0,0.822900009155273,495,128,0.383322356354656,1357472.88335039,4639200.14889174
210905,清河门区,Liaoning,辽宁省,93.5449958865561,0,0,0.837152685807343,505.601171187711,116.311529203293,0.365332012530011,1340710.6177109,4608469.72644167
210911,细河区,Liaoning,辽宁省,288.438667930805,0,0,0.822900009155273,495,128,0.383322356354656,1358546.5367976,4642199.23526292
210921,阜新蒙古族自治县,Liaoning,辽宁省,6223.72802770857,124.236178944233,0.0199616979391006,0.781323446993265,493.678485277535,190.072211769233,0.32607114786591,1353378.18737922,4657977.91729327
210922,彰武县,Liaoning,辽宁省,3619.71264797703,179.001028331751,0.0494517233106309,0.742529400549804,522.967153538136,153.639729490666,0.320535774796829,1409029.96825004,4707773.38934562
211002,白塔区,Liaoning,辽宁省,24.1081391340825,0,0,0.864266681671143,702,53,0.280171297216558,1490413.13355631,4581123.75715227
211003,文圣区,Liaoning,辽宁省,41.9477992117129,0,0,0.864266681671143,702,53,0.280171297216558,1498243.86397866,4581199.09626889
211004,宏伟区,Liaoning,辽宁省,72.5096579979501,0,0,0.864266681671143,702,53,0.280171297216558,1496546.31716784,4573778.73505974
211005,弓长岭区,Liaoning,辽宁省,289.510096486724,0,0,0.861146537886345,704.422593416551,58.5321909363028,0.280184000820868,1513367.20579968,4568645.6789435
211011,太子河区,Liaoning,辽宁省,142.993921168732,0,0,0.864266681671143,702,53,0.280171297216558,1490881.04374087,4580288.95878058
211021,辽阳县,Liaoning,辽宁省,2827.20846175873,0,0,0.804383877734917,725.724629722778,170.648092630235,0.291997764548081,1498358.70661077,4558226.47532713
211081,灯塔市,Liaoning,辽宁省,1334.03486159126,0,0,0.848857460428468,701.916596312459,69.9960553976603,0.283866405114982,1499165.87471948,4597672.40493889
211102,双台子区,Liaoning,辽宁省,107.240309256622,0,0,0.901075735228892,581.709563161832,4.08445030925013,0.37524362811649,1399898.99065853,4555492.08401378
211103,兴隆台区,Liaoning,辽宁省,679.173040874941,465.314846576797,0.685119724389173,0.908255354882442,591.596086857139,3.88565221052777,0.376516655229341,1383227.38796452,4535140.99158933
211104,大洼区,Liaoning,辽宁省,1527.48639178993,270.358592696908,0.176995745526805,0.909714685460845,598.505582935691,4.32322941078097,0.37178053524607,1408624.64621074,4527161.33490965
211122,盘山县,Liaoning,辽宁省,1346.7500993711,5.88884868206572,0.00437263653057512,0.891047232308969,578.212172361267,9.65935289907198,0.364289670079162,1398120.86522928,4560046.06076604
211202,银州区,Liaoning,辽宁省,172.158599769019,0,0,0.695192924667154,681.365244896927,209.954105849573,0.341454849030557,1525133.68930817,4698258.19598092
211204,清河区,Liaoning,辽宁省,479.639711360432,0,0,0.664783334732056,680,244,0.367160749529662,1552848.91427212,4734877.11570481
211221,铁岭县,Liaoning,辽宁省,2242.32708181743,0,0,0.689803510732149,683.130717564334,222.787523864007,0.34131747620588,1531413.60350569,4695193.2378125
211223,西丰县,Liaoning,辽宁省,2684.60953348146,0,0,0.586098304741791,710.659760476597,291.987076050356,0.344461406185997,1585350.24632774,4762685.08465894
211224,昌图县,Liaoning,辽宁省,4324.05181876787,2.96030386404135,0.000684613410781207,0.69234497183857,589.684377629739,152.803135287328,0.301002887744653,1516288.46461115,4781937.17528342
211281,调兵山市,Liaoning,辽宁省,262.488357269412,0,0,0.742097298197086,603.743360790028,117.764194208112,0.309188432665642,1499618.25497565,4714768.31157696
211282,开原市,Liaoning,辽宁省,2815.6046350639,0,0,0.654973051492081,691.936723089315,247.385776705169,0.352058755784773,1554482.29918809,4728594.7404022
211302,双塔区,Liaoning,辽宁省,209.463915951043,0,0,0.829093396605193,479.352272108233,357.034499516817,0.315043221662505,1268619.76145069,4579547.56243332
211303,龙城区,Liaoning,辽宁省,348.170932645084,0,0,0.827099990844727,476,372,0.314174341671021,1255587.61320847,4579097.30185818
211321,朝阳县,Liaoning,辽宁省,4226.2785377719,69.955837082072,0.0165525855565007,0.780366318102702,507.257087694692,459.815691307189,0.317215343827508,1255510.95976794,4550593.67725773
211322,建平县,Liaoning,辽宁省,4874.08179161564,0,0,0.678935564069385,452.052414319174,706.434753351413,0.319882169614906,1192833.14845484,4594633.55814708
211324,喀喇沁左翼蒙古族自治县,Liaoning,辽宁省,2231.187813689,3.96722583619545,0.00177807794209673,0.75380509788324,509.992960554838,569.495908187353,0.352930644342555,1216080.83378868,4518559.4175589
211381,北票市,Liaoning,辽宁省,4531.0703422147,121.398780921855,0.026792517386194,0.801213495411374,481.887022534774,299.369412865432,0.318149017684496,1287786.18191219,4611948.34832184
211382,凌源市,Liaoning,辽宁省,3279.87059388684,0,0,0.783994246531998,515.172189944758,566.742316426091,0.362611767202105,1177464.60326888,4494217.2765898
211402,连山区,Liaoning,辽宁省,1654.29203182248,0,0,0.865285980462375,547.375684877495,145.322922391733,0.345677645388401,1295403.75264639,4504128.44259872
211403,龙港区,Liaoning,辽宁省,135.076923131066,0,0,0.878400039672852,563,51,0.364240226301875,1317608.92335874,4489087.62039478
211404,南票区,Liaoning,辽宁省,511.102494157469,0,0,0.845947828985145,528.986368188292,238.811092796622,0.318079926452395,1290726.34280315,4523050.00268104
211421,绥中县,Liaoning,辽宁省,2757.37250444422,0,0,0.924280026091919,579.065749422667,150.538332983547,0.349535072819088,1250870.57361948,4428143.2867285
211422,建昌县,Liaoning,辽宁省,3180.87895173249,171.098933113581,0.0537898284436102,0.854810687990773,545.681928418681,326.991495660042,0.348363430161256,1228148.36499365,4471845.25282995
211481,兴城市,Liaoning,辽宁省,2087.97642052167,0,0,0.880579274701837,556.161056558108,108.391523645691,0.359026073448349,1283123.38356235,4466143.15051997
220102,南关区,Jilin,吉林省,520.906907195796,0,0,0.489001807370509,600.260063928219,218.879256891547,0.29983715391798,1615977.7677178,4885521.45897481
220103,宽城区,Jilin,吉林省,929.370797901659,0,0,0.495422159587443,560.662652721358,182.662652721358,0.361540958507978,1601753.92874376,4924081.35252866
220104,朝阳区,Jilin,吉林省,294.717605720068,0,0,0.491865272108728,601.99463536047,221.980669489313,0.299553346430298,1606011.69552828,4879020.10076581
220105,二道区,Jilin,吉林省,1031.46567828114,0,0,0.446679733450947,608.162382584546,228.032897983145,0.332891678537299,1626401.56206738,4913984.93328518
220106,绿园区,Jilin,吉林省,284.021405143009,0,0,0.49272227845716,589.900264705368,211.900264705368,0.312686687702249,1593627.85363137,4901919.26176206
220112,双阳区,Jilin,吉林省,1677.23074305086,0,0,0.434314124434332,662.84247990226,255.08518555412,0.298186421342537,1643493.16776892,4868708.86101873
220113,九台区,Jilin,吉林省,2853.67178237083,0,0,0.41731768893957,606.928519212608,235.741033195313,0.313664337394947,1652887.06211321,4952027.32080407
220122,农安县,Jilin,吉林省,5235.16112741522,260.963154370284,0.0498481609293143,0.490824317337874,526.984840416126,203.836786563896,0.337249266891095,1573454.76732458,4962372.87423984
220182,榆树市,Jilin,吉林省,4713.10323317392,0,0,0.401675180901252,570.943507339917,187.072915938986,0.290598845446633,1680385.28329671,5031254.1821049
220183,德惠市,Jilin,吉林省,3016.88650871306,0,0,0.469851734202956,560.057106691961,186.288488420794,0.286552153087328,1627552.56838938,4983346.88401333
220202,昌邑区,Jilin,吉林省,858.218073074362,0,0,0.379059214095836,639.135747546838,229.178936798845,0.323140523927529,1676380.36429594,4934458.70169267
220203,龙潭区,Jilin,吉林省,1174.00787099239,0,0,0.358827250118114,650.032542087133,200.356153494039,0.303125036300374,1704565.84186116,4942370.36792061
220204,船营区,Jilin,吉林省,683.98257473948,0,0,0.36793690390537,652.537127766765,234.826796405062,0.317821446526947,1681602.47559864,4914923.62714797
220211,丰满区,Jilin,吉林省,1058.66645017557,1.30619273247799,0.00123380950842578,0.355916659336144,683.784091141531,320.91732880472,0.322184380870803,1717843.26464377,4900074.83078636
220221,永吉县,Jilin,吉林省,2630.54596383406,0,0,0.38529991769403,680.782125808863,303.526653127986,0.318545498018128,1682106.25848742,4885045.1778732
220281,蛟河市,Jilin,吉林省,6369.3295061765,101.242553127553,0.0158953235233592,0.220156327001057,686.910672611599,654.377628151842,0.301186365339096,1765908.06231163,4916505.32185264
220282,桦甸市,Jilin,吉林省,6523.31314010515,813.713034444453,0.124739226366701,0.356123880353964,717.069608337305,489.267430919384,0.315346681916576,1759694.24715594,4839046.74392611
220283,舒兰市,Jilin,吉林省,4558.32372737772,0,0,0.325126979387402,622.386387223896,308.604498657565,0.294362842090696,1733253.82402507,4980713.98298747
220284,磐石市,Jilin,吉林省,3860.0775851684,0,0,0.404126346620165,732.206059072335,381.255395619241,0.33771386606541,1690834.15410988,4824244.16457925
220302,铁西区,Jilin,吉林省,97.6769564138215,0,0,0.604642883985273,606.931588943211,187.981488078224,0.269160664074602,1543941.37093381,4810790.90616184
220303,铁东区,Jilin,吉林省,923.616176200453,10.7170261666282,0.0116033331190837,0.609794662508075,643.687288062451,240.21595940753,0.302149638077933,1563598.88381164,4798742.89713218
220322,梨树县,Jilin,吉林省,3603.67009371612,0,0,0.612517486266442,566.651742758249,164.868896965492,0.277198820703177,1537201.62161024,4840427.3233446
220323,伊通满族自治县,Jilin,吉林省,2523.47844505821,253.737771275775,0.100550797956161,0.467492152020164,661.581990183639,281.706234504395,0.302218607401264,1613096.02711278,4841206.14769792
220381,公主岭市,Jilin,吉林省,4172.08720938021,0,0,0.531953195706438,556.077609312479,197.208550926195,0.303100568131757,1557230.06862867,4880752.39439016
220382,双辽市,Jilin,吉林省,3092.98450745954,0,0,0.659511332098013,484.300143305526,154.330698048955,0.316060781409847,1481120.82560599,4862852.93237511
220402,龙山区,Jilin,吉林省,248.070202899629,0,0,0.526940500419304,709.998040038617,337.37328503379,0.33788242220835,1618478.65158694,4793072.00013175
220403,西安区,Jilin,吉林省,178.457246444697,0,0,0.531920725138738,701.446329633014,327.05146482048,0.339623553570334,1610141.76337681,4800096.7711313
220421,东丰县,Jilin,吉林省,2523.07533020205,0,0,0.473938445772565,757.544175891106,368.167683933762,0.301095055279759,1642698.28810532,4771116.66974797
220422,东辽县,Jilin,吉林省,2189.46300989833,0,0,0.492373681699768,705.874149801874,327.844065267495,0.313161665847769,1615603.76014024,4796066.91484075
220502,东昌区,Jilin,吉林省,373.815490357721,1.43875070788611,0.00384882581112223,0.428940504723748,885.075610347339,570.885130433851,0.304532217004157,1708045.30153417,4669284.40361949
220503,二道江区,Jilin,吉林省,371.477648448968,0,0,0.44266566730787,884.167145479325,593.48707205824,0.292821678761499,1720637.76691261,4682549.93437906
220521,通化县,Jilin,吉林省,3723.06023630739,39.66757442679,0.0106545615458893,0.469284081443191,885.894890603421,527.907720349576,0.301075918884841,1697099.32956652,4672730.61784192
220523,辉南县,Jilin,吉林省,2276.77661234308,151.612690614699,0.0665909381679177,0.438630718642541,777.100077755245,437.302594222648,0.29280191984725,1716031.62193338,4772287.35912673
220524,柳河县,Jilin,吉林省,3345.25332051047,256.121835790309,0.0765627625925878,0.46261658985993,824.167454542179,455.167247444591,0.284793897699106,1690947.61102353,4723978.09108425
220581,梅河口市,Jilin,吉林省,2178.379926275,0,0,0.48393126993975,773.51680673527,361.288690564548,0.293008485761653,1667153.79033558,4759706.64030694
220582,集安市,Jilin,吉林省,3290.34035737265,140.456356449153,0.0426874855467256,0.573518561959383,931.249644420292,422.932744708097,0.281771303593535,1719512.89911045,4622518.43754884
220602,浑江区,Jilin,吉林省,1356.49022536556,79.7893389476796,0.0588204304429672,0.432988974919068,876.001729228443,649.029994787397,0.285322406560689,1740719.4524521,4692360.37099478
220605,江源区,Jilin,吉林省,1347.53820589691,9.27243582537953,0.0068810188718975,0.321961644728802,835.482311930488,769.892051997105,0.319490909920697,1762349.70506357,4724388.98139662
220621,抚松县,Jilin,吉林省,6156.32553488575,1268.68439242208,0.206078184987601,0.238819782928346,748.989820610331,853.36081496376,0.320130383768054,1824598.97471656,4764215.5099138
220622,靖宇县,Jilin,吉林省,3084.16625705606,527.220661908858,0.170944306488882,0.34257395780118,794.531497827673,672.223742759693,0.322277287727796,1763073.52482389,4770259.64629749
220623,长白朝鲜族自治县,Jilin,吉林省,2494.79191565921,308.445676548675,0.123635832957705,0.16640887671625,780.282015475583,1050.59423790057,0.305895920909964,1861308.87831625,4692798.83937054
220681,临江市,Jilin,吉林省,2995.12526005747,124.267052760162,0.0414897681967992,0.299177133735508,807.831995378201,815.698343308697,0.315735940420197,1801898.27255481,4705983.30726199
220702,宁江区,Jilin,吉林省,1541.65710122726,0,0,0.471521959447453,473.718566310494,134.679362266297,0.281794293834159,1542954.70129419,5044049.5210585
220721,前郭尔罗斯蒙古族自治县,Jilin,吉林省,6023.81529456243,449.933881786729,0.0746925096114542,0.508380388806521,463.678613502732,167.420225890024,0.333225345354542,1517190.41283555,4995612.30019909
220722,长岭县,Jilin,吉林省,5737.69629285393,70.3753477417081,0.0122654361872304,0.595031491389808,469.251357756004,177.157312020557,0.321285545676582,1482393.02629287,4924641.10699902
220723,乾安县,Jilin,吉林省,3514.12265479897,290.189425007113,0.0825780581707425,0.551855135683943,441.753514330311,144.115265440391,0.351792373677181,1476220.05354116,4994579.27283567
220781,扶余市,Jilin,吉林省,4343.18180365166,0,0,0.47547336881886,521.031932825405,173.86968775533,0.296906690105046,1597068.27595663,5042950.69554943
220802,洮北区,Jilin,吉林省,2224.40421078517,0,0,0.556212473072788,424.313176412009,170.838719689099,0.319447424976459,1374935.40860119,5054683.17830296
220821,镇赉县,Jilin,吉林省,5066.44980428946,1433.59225604239,0.282957951113747,0.527126647210256,414.938024462,137.843714887736,0.30434366269943,1416894.2401148,5102389.63605908
220822,通榆县,Jilin,吉林省,8475.29963075918,1075.12283101208,0.126853666283392,0.626097375734137,431.269622980747,156.540948713237,0.349755912008803,1385615.76066361,4961431.2598869
220881,洮南市,Jilin,吉林省,5103.89555935246,1.96217451664464,0.000384446447586319,0.548093149127255,419.537469637677,204.55458127505,0.332273419023325,1349897.39981719,5033463.47305789
220882,大安市,Jilin,吉林省,4885.78176059797,86.7671758095746,0.0177591182048531,0.542384235715501,444.687282396108,132.995410702436,0.312015359593356,1447543.74624299,5046766.74401312
222401,延吉市,Jilin,吉林省,1348.79077464465,0,0,0.384533493127409,584.708951741472,490.334462967016,0.28546987676349,1936909.77974182,4891653.85135018
222402,图们市,Jilin,吉林省,1137.14422720748,0,0,0.402956920780839,578.949507541026,459.438371005242,0.281186028492382,1978594.73544468,4889328.74690364
222403,敦化市,Jilin,吉林省,11786.8974543744,771.671835150925,0.0654686136142246,0.254443823362312,641.972517211427,644.508618550142,0.286022846628993,1839658.13365892,4916142.49793831
222404,珲春市,Jilin,吉林省,5105.16158800005,1634.42144073784,0.320150775360301,0.218883258200227,663.280793392906,759.53630372654,0.365658009976697,2044466.53908754,4911741.89498196
222405,龙井市,Jilin,吉林省,2577.51320095427,769.919630655872,0.298706377282889,0.328037705546837,619.528482991481,673.268681596001,0.274638279302303,1954603.05662778,4850082.97319185
222406,和龙市,Jilin,吉林省,5062.82224556093,7.86595569012993,0.0015536701287561,0.187931085594576,672.21484378556,959.204402672788,0.284812456249037,1921320.65127034,4809154.50957298
222424,汪清县,Jilin,吉林省,8823.18439168966,358.241953280356,0.0406023423490701,0.307086183794161,599.452239367581,555.078978737555,0.34235317410531,1972541.80210408,4946533.94012459
222426,安图县,Jilin,吉林省,7439.39796462375,808.946226040206,0.108738130408798,0.25670935892399,661.590837460928,755.510506512361,0.317172355868484,1877744.61610185,4825117.33292239
230102,道里区,Heilongjiang,黑龙江省,463.728132840085,0,0,0.425297412705329,520.330082123636,123.475692990545,0.286226258114909,1644311.41379576,5114482.66649081
230103,南岗区,Heilongjiang,黑龙江省,170.687168532328,0,0,0.425769438627318,521.363714896269,125.904730006231,0.285985098888342,1659891.78523797,5115914.30540617
230104,道外区,Heilongjiang,黑龙江省,614.513700133647,0,0,0.393117263974781,535.843849575343,156.175347021953,0.260980049231795,1679110.86420052,5142792.14499963
230108,平房区,Heilongjiang,黑龙江省,98.8692247509446,0,0,0.423326093841063,522.588816454966,128.562778759367,0.283990867889572,1668485.73287639,5110215.29710166
230109,松北区,Heilongjiang,黑龙江省,755.935262789996,0,0,0.42143730195204,517.146483430614,118.95039843067,0.286218963684506,1643425.48986162,5142414.24483771
230110,香坊区,Heilongjiang,黑龙江省,339.588253926187,0,0,0.40290388816003,530.646877300361,145.725846389253,0.268398343621123,1674496.90975828,5124624.5377078
230111,呼兰区,Heilongjiang,黑龙江省,2181.49961533672,3.42088773343055,0.00156813584076774,0.370772725052784,515.062928322467,123.833126441867,0.272009431066654,1666238.450899,5172820.08342176
230112,阿城区,Heilongjiang,黑龙江省,2445.80660232648,74.2890053207568,0.0303740309025629,0.360456323889256,561.402763117673,219.658447233798,0.268425462452406,1708709.40588485,5107296.85536682
230113,双城区,Heilongjiang,黑龙江省,3113.77311030793,0,0,0.445100974317769,526.878813442253,152.240432527206,0.288002978925777,1636112.92925002,5082326.37771803
230123,依兰县,Heilongjiang,黑龙江省,4606.76075667312,21.2821419332537,0.00461976279155054,0.267372458216872,584.214047083228,214.186508249846,0.253405261560693,1879989.25722851,5238780.500022
230124,方正县,Heilongjiang,黑龙江省,2979.11019467257,1.03007594849637,0.000345766313155658,0.286385494869107,568.868678346203,146.187678038699,0.267839408791698,1834458.89165806,5175280.58594444
230125,宾县,Heilongjiang,黑龙江省,3847.82956570365,0,0,0.327474431537388,562.841014980785,237.24031975963,0.266059032336825,1738401.83590042,5148245.22226679
230126,巴彦县,Heilongjiang,黑龙江省,3140.5964844674,0,0,0.329805009664498,538.830231214357,151.228043529433,0.266394078350195,1699369.23717626,5202881.79361526
230127,木兰县,Heilongjiang,黑龙江省,3171.62215498625,0,0,0.27567123555155,571.116540216116,228.155947847411,0.269867200441332,1747115.27154491,5203067.31287764
230128,通河县,Heilongjiang,黑龙江省,5660.47881861773,0,0,0.209427589776663,592.215863849888,298.699522994622,0.264635373548157,1809168.80655162,5218180.46951177
230129,延寿县,Heilongjiang,黑龙江省,3091.86051464401,27.002846231965,0.00873352665945673,0.314458548615804,575.035712451716,206.213716810328,0.276191164953096,1806506.18775545,5130951.20770485
230183,尚志市,Heilongjiang,黑龙江省,8891.2893480144,211.639303262636,0.023802993579317,0.305247124881172,589.156372004469,339.673923445998,0.270669810644329,1806668.59141048,5083715.91404999
230184,五常市,Heilongjiang,黑龙江省,7501.59458675752,246.939541125562,0.0329182733443742,0.313520951124253,596.453156631933,348.283837514077,0.265807757954985,1751566.78385002,5034647.66718684
230202,龙沙区,Heilongjiang,黑龙江省,122.125399026111,70.2044823850599,0.574855705241544,0.38651673062354,419.622199445889,147.700767591051,0.297128188291583,1424314.18615743,5251211.33207038
230203,建华区,Heilongjiang,黑龙江省,111.61985769254,8.60498732498706,0.0770919037425198,0.325091818770859,439.405346545734,152.265775575711,0.295399150824455,1428535.33970556,5267022.83638531
230204,铁锋区,Heilongjiang,黑龙江省,751.490703221953,27.6421245285351,0.0367830558781656,0.348431799314944,431.280100570155,147.581863895525,0.2952459530302,1447600.83315705,5257768.47139625
230205,昂昂溪区,Heilongjiang,黑龙江省,728.50192462048,6.13852309692083,0.00842622770024767,0.389151351433922,417.940038847252,144.64990288187,0.296412626698076,1429907.72391034,5237275.92562043
230206,富拉尔基区,Heilongjiang,黑龙江省,368.327302556692,0,0,0.412916660308838,415,152,0.29964865652495,1400584.3548098,5241370.63438183
230207,碾子山区,Heilongjiang,黑龙江省,301.051108682387,0,0,0.300358367988069,432.843781935747,277.38714451716,0.289091748464575,1343999.36245695,5271055.89156064
230208,梅里斯达斡尔族区,Heilongjiang,黑龙江省,2074.27813510278,6.73431432621428,0.00324658213006743,0.336790373046601,430.620124862002,154.951503307983,0.295327729807379,1413455.23107106,5282323.05748753
230221,龙江县,Heilongjiang,黑龙江省,5884.29612805041,0,0,0.366155255245289,420.165122375818,222.6229375827,0.295873316877186,1362224.76694766,5236760.35025798
230223,依安县,Heilongjiang,黑龙江省,3678.64310807141,0.140481494220665,3.818839993269e-05,0.235625962072505,467.191348524804,202.609374213065,0.286805014159975,1516172.51894977,5318163.89878283
230224,泰来县,Heilongjiang,黑龙江省,3910.25317233814,1.18653952406986,0.00030344314594862,0.463641963676699,403.170439531549,140.715119358857,0.302847460036059,1410515.70596053,5172395.40627767
230225,甘南县,Heilongjiang,黑龙江省,4785.91027085101,0,0,0.263485202238628,448.919253656778,201.25751625925,0.28159573399148,1402422.96030238,5329913.08859478
230227,富裕县,Heilongjiang,黑龙江省,4003.38646627582,621.346968709671,0.155205342762644,0.279962173317503,447.768612041665,161.900650805313,0.290154003777629,1463668.61711985,5303325.50944877
230229,克山县,Heilongjiang,黑龙江省,3189.7842958058,0,0,0.149115478632918,492.144193051161,282.377488040326,0.278428952881672,1535875.61278442,5374606.92228074
230230,克东县,Heilongjiang,黑龙江省,2085.78598975974,0,0,0.152085395833679,508.932730175528,266.506245196767,0.270564594623254,1586721.85641667,5367764.97002518
230231,拜泉县,Heilongjiang,黑龙江省,3592.99710059953,0,0,0.216859471436788,490.527720431153,236.190286935743,0.281308547685718,1572317.47863175,5317175.49670573
230281,讷河市,Heilongjiang,黑龙江省,6670.45462570217,249.563701876882,0.0374132972759127,0.140578305122358,481.549502311005,253.90821385115,0.270967593128456,1482580.29660803,5398869.32532594
230302,鸡冠区,Heilongjiang,黑龙江省,147.289004862857,0,0,0.259267943712335,591.547378880601,499.778236119163,0.337400261658742,2000095.13085114,5157232.67827734
230303,恒山区,Heilongjiang,黑龙江省,548.303297623629,0,0,0.25683093979319,591.01759820971,535.803321739685,0.340541243577011,2001114.51108415,5142394.68818393
230304,滴道区,Heilongjiang,黑龙江省,500.215564198765,0,0,0.247749657918254,594.689911605926,505.982879108564,0.329374215564828,1982154.8513632,5161221.64050861
230305,梨树区,Heilongjiang,黑龙江省,409.228260603429,0,0,0.256749987602234,591,537,0.340645580449856,1990064.92220989,5130868.73090766
230306,城子河区,Heilongjiang,黑龙江省,176.5894400681,0,0,0.261350011825562,592,469,0.334716745951247,2002731.44673796,5168182.01760802
230307,麻山区,Heilongjiang,黑龙江省,416.865289849725,0,0,0.290353856294362,579.511745641504,445.924017814769,0.326185148397768,1971662.71271281,5139928.05912727
230321,鸡东县,Heilongjiang,黑龙江省,3219.81774484176,265.655390522926,0.082506344015438,0.287338098397457,582.603383792505,404.88147355358,0.33852127946817,2021004.05449229,5160132.81452672
230381,虎林市,Heilongjiang,黑龙江省,9327.22714745391,1239.84075845873,0.132927046683662,0.32186549518774,591.833901896869,123.248210637937,0.290701718939718,2140521.74766943,5277546.30606845
230382,密山市,Heilongjiang,黑龙江省,7720.67072142376,0,0,0.367521180605568,567.863733432847,129.447734156572,0.331506421254906,2086728.94358127,5201205.3385197
230402,向阳区,Heilongjiang,黑龙江省,8.30713936203864,0,0,0.238333320617676,597,119,0.251416352495296,1893008.93018696,5365773.07660451
230403,工农区,Heilongjiang,黑龙江省,12.1283265993357,0,0,0.238333320617676,597,119,0.251416352495296,1891567.39364368,5362499.80240728
230404,南山区,Heilongjiang,黑龙江省,31.0274846383576,0,0,0.244326117443846,594.452133398711,113.42654180968,0.251416352495296,1894138.72785559,5359241.35486868
230405,兴安区,Heilongjiang,黑龙江省,125.814460521138,0,0,0.272874047243347,582.314842750969,86.8762185177452,0.251416352495296,1894353.19938579,5351892.20616208
230406,东山区,Heilongjiang,黑龙江省,4347.38093984328,14.9290912017594,0.0034340425668558,0.135615584674908,619.568310645052,290.378145760396,0.266859669428462,1871827.03980837,5393208.15254209
230407,兴山区,Heilongjiang,黑龙江省,28.3150866103836,0,0,0.238333320617676,597,119,0.251416352495296,1893673.67222299,5370957.49445818
230421,萝北县,Heilongjiang,黑龙江省,6769.29840221801,220.029040637733,0.0325039653393975,0.164629065577831,607.742967122636,234.603725015433,0.267909354263507,1915496.44959895,5416919.85902587
230422,绥滨县,Heilongjiang,黑龙江省,3345.19251723761,0,0,0.256783293470268,560.030956266646,55.3843114015271,0.260735460087388,2002525.70580134,5410482.6409141
230502,尖山区,Heilongjiang,黑龙江省,118.178729508678,0,0,0.312700556382535,558.197145496192,168.746301448866,0.292881416669004,1977322.96625014,5307845.5147554
230503,岭东区,Heilongjiang,黑龙江省,739.83333314202,0,0,0.245659679182531,573.38946666027,327.389577872668,0.308026061284317,1983525.0656845,5291306.23329889
230505,四方台区,Heilongjiang,黑龙江省,168.724852414276,0,0,0.342062074764198,550.270172362118,120.23921401776,0.291826292071681,1985510.56402141,5312465.33274125
230506,宝山区,Heilongjiang,黑龙江省,501.27640604575,0,0,0.280412430818463,565.032289044744,275.00144755843,0.308883269390682,2006144.39396725,5301837.40668952
230521,集贤县,Heilongjiang,黑龙江省,2247.47922019348,0,0,0.33375561387711,555.330867445502,90.0032609566907,0.28068105110553,1970563.61537637,5325528.39276763
230522,友谊县,Heilongjiang,黑龙江省,1683.34252246732,2.58661727539328,0.00153659593390537,0.359600459617215,542.408525802257,65.8365494953463,0.283471154290036,2023269.3505927,5336292.63180227
230523,宝清县,Heilongjiang,黑龙江省,9993.21958929464,543.066178256161,0.0543434649267517,0.320907965297129,562.979166258991,159.884000302115,0.292778911246067,2074721.67994766,5306682.09378377
230524,饶河县,Heilongjiang,黑龙江省,6590.78185593169,808.321604517508,0.122644266217068,0.200048673004569,629.96840476123,174.91192900717,0.272918601424414,2151630.66740375,5405575.22626089
230602,萨尔图区,Heilongjiang,黑龙江省,492.060851507673,0,0,0.372217812362798,447.860520003975,147.262663480269,0.29240068626881,1521441.80337802,5206936.04188149
230603,龙凤区,Heilongjiang,黑龙江省,399.02306748823,0,0,0.391929937080721,460.28781704517,145.86036560865,0.282273326002286,1530460.23121214,5188155.01076846
230604,让胡路区,Heilongjiang,黑龙江省,1189.46218458132,0,0,0.384423080490492,439.71658477044,144.129538633823,0.295674129446897,1500447.75596504,5201925.8296053
230605,红岗区,Heilongjiang,黑龙江省,636.467554156625,0,0,0.418291188491535,443.805226447892,138.848083777697,0.29240380746497,1516036.15785071,5165220.46593681
230606,大同区,Heilongjiang,黑龙江省,2337.24243199226,0,0,0.455249006141802,453.756105823781,135.951571310865,0.291526231684453,1507058.2160209,5132388.5509017
230621,肇州县,Heilongjiang,黑龙江省,2446.60785792879,0,0,0.435571819150005,476.227964772127,148.540246547802,0.298236351907652,1559284.41826068,5115058.91278157
230622,肇源县,Heilongjiang,黑龙江省,4148.88578475688,3.02309672298068,0.000728652674433127,0.483427773209633,458.236489542147,128.751324581339,0.295460551814864,1522714.70897994,5085977.91863349
230623,林甸县,Heilongjiang,黑龙江省,3495.96194793032,3.57909350467016,0.00102377930823562,0.325199203760437,446.528979169804,155.619043383247,0.293723590427794,1499455.35561433,5252864.90440386
230624,杜尔伯特蒙古族自治县,Heilongjiang,黑龙江省,6047.54156316911,347.216450096644,0.057414479333432,0.431376339874642,422.672817830836,137.994259468603,0.29755975320426,1463063.38288062,5177786.10473722
230717,伊美区,Heilongjiang,黑龙江省,3646.60475818708,0,0,0.0517032310123766,637.747467257937,444.999007345684,0.277334563817764,1799519.70138108,5383302.28394879
230718,乌翠区,Heilongjiang,黑龙江省,1559.07018170161,0,0,0.0589121896932259,629.911945189647,458.564141658136,0.253885337406776,1750387.22822958,5368351.23492096
230719,友好区,Heilongjiang,黑龙江省,2977.91926881655,276.641498356396,0.0928975816279721,0.0341483028108991,618.775271115514,371.908122591389,0.271677807846616,1754057.15525035,5414836.01341346
230722,嘉荫县,Heilongjiang,黑龙江省,6743.43158713262,996.599260800941,0.147788147313986,0.045503237581071,599.174716184355,255.479783581083,0.258652696082394,1832726.35814938,5512001.46234938
230723,汤旺县,Heilongjiang,黑龙江省,2068.52196481493,278.288658937505,0.134535027266391,-0.017117916432817,616.102814717894,391.41059380271,0.267292352063269,1797787.14474404,5486666.34961387
230724,丰林县,Heilongjiang,黑龙江省,3030.79277065908,141.308474299246,0.0466242613705709,0.022213628407014,624.044288772066,360.629895098034,0.275938535854178,1801618.14553655,5444914.79474268
230725,大箐山县,Heilongjiang,黑龙江省,3750.53198284063,117.743870142336,0.0313939117653272,0.0997304378906321,634.05628839556,461.185104695773,0.274312493205946,1804285.62995978,5288870.0160075
230726,南岔县,Heilongjiang,黑龙江省,2979.17229336445,0,0,0.102268981814449,633.733232197929,441.929341270277,0.251735943229301,1833085.60345799,5319416.49503635
230751,金林区,Heilongjiang,黑龙江省,2333.40642378493,0,0,0.0705318636033707,638.155782043672,429.850784906644,0.279025320142807,1834121.69673419,5367731.28619414
230781,铁力市,Heilongjiang,黑龙江省,3702.67002965524,0,0,0.172976799989618,600.803497637952,335.24472362147,0.268231376241628,1755973.01018117,5282954.36622267
230803,向阳区,Heilongjiang,黑龙江省,48.8856366052689,0,0,0.265492761646699,583.079031478557,123.1235923692,0.256707934056172,1912559.36083655,5310426.51307443
230804,前进区,Heilongjiang,黑龙江省,26.5075471882806,0,0,0.25159696840642,585.837294750714,175.02909212707,0.263728306388929,1916970.60828149,5307316.52406395
230805,东风区,Heilongjiang,黑龙江省,162.829221582305,0,0,0.292951789910136,574.075994745469,89.1848868493804,0.261476209183989,1922723.4055421,5318555.66315305
230811,郊区,Heilongjiang,黑龙江省,1666.27956684568,0,0,0.242357683253703,586.902446072214,209.916649446122,0.268757049021082,1905915.63752032,5302543.76821777
230822,桦南县,Heilongjiang,黑龙江省,4421.42479645081,0,0,0.274539478800681,574.903874767407,244.081291863604,0.281148877159232,1947099.35358924,5260046.82400887
230826,桦川县,Heilongjiang,黑龙江省,2223.67939020552,13.3063644875673,0.00598394019667445,0.304262339131322,562.557761273051,99.4323349244723,0.276823931379669,1951077.37484131,5339364.00458312
230828,汤原县,Heilongjiang,黑龙江省,3419.95935679771,4.80212772021003,0.00140414759920028,0.214264915186064,598.092036319314,226.084041837236,0.258988570509707,1885936.22756745,5322320.33092075
230881,同江市,Heilongjiang,黑龙江省,6231.13877555787,321.734284926307,0.0516333043629737,0.169792012387758,605.762079318829,52.8020722401862,0.263288719798651,2094556.84460774,5477035.37135039
230882,富锦市,Heilongjiang,黑龙江省,8228.35304906095,975.755031293493,0.118584487743249,0.271163106614093,553.843269152634,55.9508644366729,0.269476098466772,2061601.83100392,5391016.08780405
230883,抚远市,Heilongjiang,黑龙江省,6273.36019281631,623.411087344803,0.0993743493413111,0.191435439787847,660.813370664863,46.4158755046831,0.261376551437109,2165261.67653615,5508646.35253073
230902,新兴区,Heilongjiang,黑龙江省,2161.46695085249,0,0,0.298198436784101,565.76671137852,261.86466987241,0.326132097383712,1995521.674641,5241133.19991064
230903,桃山区,Heilongjiang,黑龙江省,76.10084936254,0,0,0.298442492312824,570.327419914132,294.124698617479,0.334716745951247,1989715.41769383,5208765.94138588
230904,茄子河区,Heilongjiang,黑龙江省,1564.29123045129,0,0,0.313508496798187,567.205230241417,274.2554928072,0.330583253958707,2020736.80148335,5232980.5594338
230921,勃利县,Heilongjiang,黑龙江省,2386.92988777647,0,0,0.238041203957031,595.73343983559,437.643407948853,0.27891603892453,1950024.76917527,5206421.04331346
231002,东安区,Heilongjiang,黑龙江省,581.114536949931,62.5145843547263,0.107577044420268,0.14162334478268,626.074821824309,853.768645864751,0.330296643398184,1940989.79498715,5037280.82403886
231003,阳明区,Heilongjiang,黑龙江省,1323.68198701723,0,0,0.265986870764885,592.691485425668,570.072531802675,0.324545815103507,1936521.10156174,5066642.62622721
231004,爱民区,Heilongjiang,黑龙江省,436.554457625201,0,0,0.265703145489896,591.901924989386,559.145876190028,0.313498435015279,1907601.49448792,5066121.82089862
231005,西安区,Heilongjiang,黑龙江省,350.237843943174,0,0,0.317264969578258,582.01384939841,517.900622383836,0.332225327616333,1915093.82756649,5042858.81082817
231025,林口县,Heilongjiang,黑龙江省,6642.76564606132,0,0,0.247477514102234,595.457588736591,478.346500395201,0.279496427593215,1926889.75744138,5154389.98514354
231081,绥芬河市,Heilongjiang,黑龙江省,413.656940226671,2.59018126917763,0.00626166520440413,0.370816683769226,602,411,0.359464211740356,2036622.4119557,5064180.23883631
231083,海林市,Heilongjiang,黑龙江省,8712.63172897684,0,0,0.228965315776741,601.274298998661,588.934773077956,0.295045887629627,1879391.32034178,5081531.11663891
231084,宁安市,Heilongjiang,黑龙江省,7227.46305512775,1226.51668994605,0.169702242763574,0.252296965627205,602.780478190648,663.75465624536,0.32277220171983,1902129.94778277,4988951.45467705
231085,穆棱市,Heilongjiang,黑龙江省,6001.36124705443,309.248494015828,0.051529724888268,0.236960070393125,600.02698344895,622.262240114209,0.340651640019525,1980529.93059499,5068442.38677668
231086,东宁市,Heilongjiang,黑龙江省,7106.15566953672,695.22375185325,0.0978340166165504,0.280188648922208,616.649865220181,577.970801438134,0.356324614742181,2028453.97042132,5017361.27002617
231102,爱辉区,Heilongjiang,黑龙江省,14375.6579836242,612.977136370358,0.0426399359993553,-0.100823678293505,546.314646670489,400.73739622927,0.236865955056266,1564205.12522086,5610937.66914163
231123,逊克县,Heilongjiang,黑龙江省,17029.7865215421,3809.60628910647,0.223702527585266,-0.028649250118423,585.330157631463,388.300842808657,0.267664010179004,1711551.94883582,5495123.13330507
231124,孙吴县,Heilongjiang,黑龙江省,4315.27952563496,133.62227638282,0.0309649179361464,-0.0422362032575114,551.730682443679,354.875874733046,0.262830407609585,1623803.4212564,5529819.98400638
231181,北安市,Heilongjiang,黑龙江省,7190.2259355999,411.758207243966,0.0572663795174069,0.0751772965201366,547.532174682329,341.326446012171,0.263579374346104,1639911.74434301,5391538.10864973
231182,五大连池市,Heilongjiang,黑龙江省,8750.64431793913,612.283091094691,0.0699700580721226,0.0174129137932972,531.382785518141,352.931006616024,0.268738428352294,1590836.92240787,5451595.74252156
231183,嫩江市,Heilongjiang,黑龙江省,15208.0373948112,482.310580642046,0.0317141895512833,-0.0552419052055608,513.638106705403,363.122313528817,0.241646607208622,1507763.85884447,5529753.27343457
231202,北林区,Heilongjiang,黑龙江省,2754.51596691327,0,0,0.295476644871483,522.749022483371,167.377609836772,0.267754895230649,1661709.14726967,5240691.31249209
231221,望奎县,Heilongjiang,黑龙江省,2316.6650798929,40.4879779488105,0.0174768369844303,0.29496864285073,509.266138039593,175.568496529102,0.269011436489142,1631675.97105124,5248006.00736729
231222,兰西县,Heilongjiang,黑龙江省,2485.23384748377,1.36038550428691,0.000547387323597039,0.359034901857646,497.069803103052,149.710140868012,0.274009904359636,1615627.98854379,5186267.99941627
231223,青冈县,Heilongjiang,黑龙江省,2679.19571262083,3.00143182013669,0.00112027344848228,0.308807556348205,482.988182231061,173.015618935309,0.275007009590809,1584889.3014981,5235237.52869897
231224,庆安县,Heilongjiang,黑龙江省,5468.6914895438,0,0,0.18098057761713,584.00136353636,322.353458962332,0.263981377487583,1719486.30078404,5290426.59454654
231225,明水县,Heilongjiang,黑龙江省,2295.16825489515,304.204531301451,0.132541276942395,0.259023475177399,483.57702334051,194.303631290361,0.285338660140207,1567995.01856312,5271964.60867829
231226,绥棱县,Heilongjiang,黑龙江省,4312.49772739428,15.8469185826933,0.00367464972376192,0.139925435855187,576.477076024001,317.484420967428,0.262733122276747,1697474.77044676,5344191.29987051
231281,安达市,Heilongjiang,黑龙江省,3619.98212825619,6.67265088262342,0.00184328282466901,0.366122779395998,467.305592732364,153.981435614173,0.284722979627901,1549159.20759393,5192037.84981575
231282,肇东市,Heilongjiang,黑龙江省,4330.95236706762,0,0,0.405428503443687,495.409193933557,148.904084263002,0.28972543535572,1596397.45525516,5142304.68175826
231283,海伦市,Heilongjiang,黑龙江省,4642.50036176267,0,0,0.212368378679731,527.013369162351,225.90934332381,0.2604723414135,1639790.07592414,5315133.37937661
232701,漠河市,Heilongjiang,黑龙江省,18428.6149325271,747.703132719132,0.0405729424298411,-0.441934056364289,477.756643462995,638.240307936243,0.26302050129619,1223276.39046447,5844856.99511584
232721,呼玛县,Heilongjiang,黑龙江省,32280.4183436213,4667.86845269182,0.144603716191126,-0.287727868445343,520.041807460616,585.347507065316,0.223344525879639,1398520.66000776,5753997.43026806
232722,塔河县,Heilongjiang,黑龙江省,14058.2791652696,1714.86499523195,0.121982568070525,-0.285625774004677,503.086487624378,497.367082036714,0.217036148560841,1359886.11585753,5846307.04546039
310101,黄浦区,Shanghai,上海市,20.3525536357199,0,0,1.6357666015625,1020,4,0.336693019944427,1541190.69481479,3436642.2968822
310104,徐汇区,Shanghai,上海市,54.9036881606973,0,0,1.6357666015625,1020,4,0.336693019944427,1538094.62248191,3430073.98606127
310105,长宁区,Shanghai,上海市,37.0387001892984,0,0,1.6357666015625,1020,4,0.336693019944427,1531825.69662886,3434090.3164762
310106,静安区,Shanghai,上海市,36.8466560013031,0,0,1.6357666015625,1020,4,0.336693019944427,1537123.1600643,3442206.52225525
310107,普陀区,Shanghai,上海市,55.9219339294018,0,0,1.6357666015625,1020,4,0.336693019944427,1531931.95799523,3439856.29036876
310109,虹口区,Shanghai,上海市,23.4457472872368,0,0,1.6357666015625,1020,4,0.336693019944427,1540239.00626741,3443408.6962222
310110,杨浦区,Shanghai,上海市,60.3243957981458,0,0,1.6357666015625,1020,4,0.336693019944427,1543892.83238006,3446508.03261604
310112,闵行区,Shanghai,上海市,372.8182599792,0,0,1.6328460245796,1019.62247476788,4.06292087201981,0.336553473416747,1537607.62035212,3421338.58187459
310113,宝山区,Shanghai,上海市,364.693017300215,0,0,1.59769218707922,1022.75501612288,4.09436236155487,0.337433033582299,1530768.60390353,3456242.32476474
310114,嘉定区,Shanghai,上海市,462.050789932735,0,0,1.5875849059713,1017.49359895149,4.91037204510827,0.335231413935875,1516406.96124533,3448714.67137567
310115,浦东新区,Shanghai,上海市,1528.89045268332,20.1602456051071,0.01318619366726,1.63543383696603,1020.02129015106,4,0.336700500139123,1565178.64172695,3428937.71249616
310116,金山区,Shanghai,上海市,607.196397872447,0,0,1.61748332977295,1084,6,0.334167770180829,1525979.36549691,3389983.49042856
310117,松江区,Shanghai,上海市,603.928902290582,0,0,1.61016548539102,1036.0852663769,5.02093134650306,0.334987090317691,1520455.81065283,3410310.76791077
310118,青浦区,Shanghai,上海市,669.066317227837,0,0,1.5926602170303,1020.62344234801,5.07862596245349,0.334479180757817,1505948.01015973,3420423.10713207
310120,奉贤区,Shanghai,上海市,714.713041037464,0,0,1.6357666015625,1020,4,0.336693019944427,1553476.93186578,3403680.21530068
310151,崇明区,Shanghai,上海市,2446.31020832851,100.901654680064,0.0412464675724863,1.56105535179829,1026.21105609592,4.24462679515655,0.338171537334954,1543923.10527012,3477853.77668758
320102,玄武区,Jiangsu,江苏省,75.899984389048,0,0,1.54846668243408,1050,33,0.395948626537842,1282621.86861787,3493599.25091395
320104,秦淮区,Jiangsu,江苏省,49.0214472613733,0,0,1.54846668243408,1050,33,0.395948626537842,1281080.52225065,3487351.69163334
320105,建邺区,Jiangsu,江苏省,82.4812577010293,0,0,1.55162130052126,1022.70890475414,28.598210444216,0.407615194728325,1271257.67113693,3485699.77264135
320106,鼓楼区,Jiangsu,江苏省,52.8468597932831,0,0,1.5498242022648,1038.25588328783,31.105787627069,0.400969075047703,1274831.81761634,3494446.93404628
320111,浦口区,Jiangsu,江苏省,910.818199526076,0,0,1.55106365968695,1015.91786795658,28.35934175786,0.40928309667764,1256993.32476486,3488638.12825919
320113,栖霞区,Jiangsu,江苏省,372.956362535637,0.0299186729682417,8.02203045011276e-05,1.53893361877197,1021.06087955814,36.6638230071831,0.40152357836146,1291585.83618176,3505768.49717321
320114,雨花台区,Jiangsu,江苏省,135.723339501618,0,0,1.55077487859484,1030.03143343239,29.7792634568367,0.404484914342656,1270811.7826713,3477358.32284476
320115,江宁区,Jiangsu,江苏省,1575.05854828988,0,0,1.55396211008428,1053.93208882008,26.8489470220985,0.3959982031943,1284907.17997387,3470123.13429419
320116,六合区,Jiangsu,江苏省,1477.24122468485,0,0,1.52559008894512,960.430108082645,39.9194623881815,0.410989147740938,1277399.52731783,3530129.02075272
320117,溧水区,Jiangsu,江苏省,1059.88319935366,0,0,1.56710566788756,1094.39946816379,7.91743076671456,0.395841674423891,1307689.74531111,3443234.35593588
320118,高淳区,Jiangsu,江苏省,794.542546501367,29.070953604642,0.0365882906241472,1.57574435032285,1120.12751713624,5.94537122422796,0.392184146043194,1305798.41780843,3413319.09116689
320205,锡山区,Jiangsu,江苏省,398.20898287124,0,0,1.56181258167831,978.974440400594,6.07596737773376,0.338038600985254,1441252.80131509,3467020.92930459
320206,惠山区,Jiangsu,江苏省,327.082870633977,0,0,1.58006187833127,1010.46210373688,3.96957362408528,0.335522162375088,1415490.77778735,3465886.5241361
320211,滨湖区,Jiangsu,江苏省,632.788662156315,0,0,1.58182697656358,1024.30760973135,1.95977105868483,0.368769891820876,1418597.78221093,3443438.13803848
320213,梁溪区,Jiangsu,江苏省,71.0182984574191,0,0,1.58454489612097,984.653312645105,5.78884347853459,0.334457754186263,1425001.4390864,3459482.15384266
320214,新吴区,Jiangsu,江苏省,214.403127292843,0,0,1.60586060717705,960.250258478055,7.4629438164404,0.334741694734469,1438639.93425749,3453879.27995406
320281,江阴市,Jiangsu,江苏省,984.640215697072,0,0,1.57337123424897,998.015282734085,4.87404482911971,0.334238513466462,1421138.64295689,3487439.57576942
320282,宜兴市,Jiangsu,江苏省,1997.11863121005,15.1982699414978,0.00761009872122077,1.57362456640516,1080.85366120266,5.08361954063128,0.380467963085812,1381048.13970786,3426995.36974366
320302,鼓楼区,Jiangsu,江苏省,217.771469399188,0,0,1.43733329772949,678,35,0.408300397753204,1107867.65126398,3723276.2320257
320303,云龙区,Jiangsu,江苏省,118.106812337828,0,0,1.43733329772949,678,35,0.408300397753204,1107796.3137546,3714264.97677203
320305,贾汪区,Jiangsu,江苏省,620.332163268252,0,0,1.43975973475519,680.410337094927,30.6613932291318,0.413407928650361,1124911.41696615,3738563.74465069
320311,泉山区,Jiangsu,江苏省,103.744669425742,0,0,1.43733329772949,678,35,0.408300397753204,1095652.79293207,3718881.1451783
320312,铜山区,Jiangsu,江苏省,1928.9858541983,0,0,1.44706206793201,680.803315110049,31.9114256994352,0.408037394161736,1108794.79874403,3722124.29558446
320321,丰县,Jiangsu,江苏省,1451.70602326657,0,0,1.42291335786797,683.40395506476,41.4805586799523,0.386633975004696,1042135.47518876,3760848.45914754
320322,沛县,Jiangsu,江苏省,1266.40865474568,0,0,1.4211747893611,684.406635629178,40.4821494100836,0.378933962308924,1067810.81288894,3764635.79131788
320324,睢宁县,Jiangsu,江苏省,1765.56008281085,0,0,1.47500305592257,713.773538127223,24.9622709952324,0.337169827433999,1166926.20479769,3691146.52889289
320381,新沂市,Jiangsu,江苏省,1589.70253418845,0,0,1.4214763284371,736.268255289384,38.2721602274793,0.363005838813379,1202891.21131169,3734631.80175068
320382,邳州市,Jiangsu,江苏省,2083.49831808822,0,0,1.4274569156045,693.493601385474,30.6261934857341,0.415828291142734,1161148.7403336,3741948.5295546
320402,天宁区,Jiangsu,江苏省,155.571754094838,0,0,1.58421669006348,1012,4,0.331148443688778,1399049.60130496,3480569.00993443
320404,钟楼区,Jiangsu,江苏省,132.446005607079,0,0,1.57989218717178,1012.6842568197,4.13685136394041,0.330687163995775,1380732.44036281,3476297.60050965
320411,新北区,Jiangsu,江苏省,508.155627142329,0,0,1.57874602802762,1012.86561112342,4.1731222246843,0.330564907183515,1381140.40101559,3491942.11120455
320412,武进区,Jiangsu,江苏省,1064.50767917207,0,0,1.57722740772651,1028.19837928313,3.17482884674001,0.3484660290084,1390885.69654019,3460780.69161121
320413,金坛区,Jiangsu,江苏省,976.718490029221,0,0,1.5595270882318,1044.33519380794,6.69333058987267,0.340409506158193,1349674.81677093,3463625.02242087
320481,溧阳市,Jiangsu,江苏省,1533.35536045579,10.1086366576867,0.00659249442000315,1.58075949384918,1132.21913639422,12.6260346026716,0.380375791590637,1342270.10697986,3428672.65947646
320505,虎丘区,Jiangsu,江苏省,334.047384589572,1.61111204789112,0.0048230045263507,1.62149072735035,955.482847515455,7.78869382847193,0.334725721097467,1440156.68432711,3434673.2980668
320506,吴中区,Jiangsu,江苏省,2238.69514396299,0,0,1.60596780332942,1025.81853070951,5.45700646826311,0.350430490414432,1433682.92673975,3411310.02409026
320507,相城区,Jiangsu,江苏省,489.28592207491,0.00958768207881806,1.95952543211537e-05,1.6158036015778,957.261745200816,7.72763174540513,0.333959608013395,1458180.54202858,3449129.81815666
320508,姑苏区,Jiangsu,江苏省,356.489749966356,33.407296491327,0.0937118009549498,1.61478803558926,967.771875843283,7.27351430278937,0.33370970085961,1468401.06248818,3437661.88473533
320509,吴江区,Jiangsu,江苏省,1237.75157821727,0,0,1.61383741816966,1023.01175402437,6.25703666682356,0.347316381263045,1465718.08265449,3400736.12773964
320581,常熟市,Jiangsu,江苏省,1276.48160183902,0,0,1.55779845590358,1002.74882615251,5.55969699024265,0.33795948163667,1472088.40629265,3475916.51842754
320582,张家港市,Jiangsu,江苏省,988.957655170719,0,0,1.54971779372886,986.031612348222,5.78549449773183,0.338265439242619,1449523.62359073,3499849.94645222
320583,昆山市,Jiangsu,江苏省,931.626747819265,0,0,1.58635868066906,1015.43400162674,5.00118907361144,0.334757717696566,1490679.22321763,3440382.03483962
320585,太仓市,Jiangsu,江苏省,810.983171031876,0,0,1.55791245568905,1029.66369270644,4.99607253878994,0.337436613464273,1504143.20743803,3470400.50534692
320602,崇川区,Jiangsu,江苏省,424.749074260451,0,0,1.53735859074608,1021.51005208659,4.88269713884698,0.336529396321524,1477361.54842717,3505807.09833821
320611,港闸区,Jiangsu,江苏省,152.756217719578,0,0,1.51405000686646,1008,5,0.338438748558316,1464454.57893461,3520951.90886036
320612,通州区,Jiangsu,江苏省,1398.04931529943,0,0,1.51633792048045,1026.3366126863,4.3141632160705,0.333196258446789,1483128.54728278,3529118.67471341
320623,如东县,Jiangsu,江苏省,2116.85271371835,0,0,1.50743329724132,1022.82541820791,4.17458285036944,0.332903576918422,1482384.77610209,3559888.99268507
320681,启东市,Jiangsu,江苏省,1501.18438548491,0,0,1.54324644934714,1022.10826489317,3.42165297863416,0.321120904947787,1547696.64241152,3510950.0074895
320682,如皋市,Jiangsu,江苏省,1572.65072733949,0,0,1.51273773938153,1006.3136863954,4.89770878437259,0.337685252419308,1438305.20408791,3539817.13451022
320684,海门市,Jiangsu,江苏省,1147.26109324138,0,0,1.52658571207052,1031.11615718586,4.02556413300025,0.328817154473736,1511724.88342474,3516355.36837365
320685,海安市,Jiangsu,江苏省,1170.24192581641,0,0,1.50077137990584,999.951912130558,2.68281478765662,0.345593624849764,1424727.52868067,3569901.36458695
320703,连云区,Jiangsu,江苏省,738.959151421026,29.5577252283579,0.0399991327957955,1.38337168067907,815.764942332629,0.0764942332628873,0.306191631348607,1293459.64675267,3786321.80129805
320706,海州区,Jiangsu,江苏省,699.44271661352,11.9926344423754,0.0171459851643605,1.36921416449754,830.302036089526,1.53020360895263,0.30868151425181,1273634.13644681,3777499.51166137
320707,赣榆区,Jiangsu,江苏省,1429.13032883326,0,0,1.33132026698896,867.079388311895,36.4029329836981,0.349041797388428,1255731.64301758,3810642.9821481
320722,东海县,Jiangsu,江苏省,2038.16806601305,0,0,1.36750418789524,812.17806150324,12.3890690412247,0.352155100421628,1236092.92382923,3769218.68832435
320723,灌云县,Jiangsu,江苏省,1516.16927968341,0,0,1.3876779110947,792.163204749048,0.83438155976,0.355898612435756,1295846.47003228,3757429.17505258
320724,灌南县,Jiangsu,江苏省,1028.20452260111,0,0,1.38950236496538,762.174243756869,0.984210169328731,0.402280023762639,1303161.7875971,3736001.93388473
320803,淮安区,Jiangsu,江苏省,1492.6262730055,0,0,1.44140337634146,846.321441246867,5.28162521900717,0.316963369145652,1300858.49003578,3659397.61558136
320804,淮阴区,Jiangsu,江苏省,1309.79712497077,66.6540342278547,0.050888823129263,1.4360684162226,818.685454978515,11.1025714434704,0.368297324448245,1265372.89020801,3672305.08576167
320812,清江浦区,Jiangsu,江苏省,401.396367686483,6.39743408081074,0.0159379471161721,1.44297692528783,835.333207251518,7.20564403827229,0.336279373100108,1277713.42946976,3657343.53963535
320813,洪泽区,Jiangsu,江苏省,1280.94451167884,561.292450772204,0.438186389538887,1.46535372491235,832.855603168175,9.88064571264881,0.384622070144294,1262518.70887028,3622971.81937344
320826,涟水县,Jiangsu,江苏省,1678.16292741216,0,0,1.41161041847748,798.921463196096,3.76485830164082,0.321800210702071,1297039.27784011,3701929.68728445
320830,盱眙县,Jiangsu,江苏省,2493.08032397924,275.151040761122,0.110365894798748,1.4979752229064,843.321617554286,35.4470722698739,0.391956195509126,1239882.88307201,3589929.97937262
320831,金湖县,Jiangsu,江苏省,1377.09715488086,38.1081044094747,0.0276727784052183,1.49349665323922,895.802028829772,4.45781933688529,0.37332671698883,1294878.43036746,3603307.4666178
320902,亭湖区,Jiangsu,江苏省,890.489151950991,0,0,1.43548399377788,975.7887024425,0.3834434440235,0.280539748132297,1388953.90702061,3661459.80196369
320903,盐都区,Jiangsu,江苏省,1049.07339225123,0,0,1.47624653086225,943.11577620914,1.18815098561812,0.258626239369758,1365638.71678568,3642022.11429318
320904,大丰区,Jiangsu,江苏省,2690.78324623505,451.109851264512,0.1676500148779,1.46954738702698,997.971542374899,1.27839405288992,0.310786876604412,1420678.90981706,3641713.96277051
320921,响水县,Jiangsu,江苏省,1361.05100534149,107.556997786832,0.0790249574517933,1.38367427086842,796.554617673951,1.68970976743303,0.329712772594089,1333678.57516099,3746954.52964065
320922,滨海县,Jiangsu,江苏省,1862.37378667693,46.6355455796421,0.0250409160144242,1.38204479980213,813.565129807203,1.89235622719951,0.294617871840136,1356430.38301157,3734291.84369962
320923,阜宁县,Jiangsu,江苏省,1438.76979461169,0,0,1.4203502956013,830.151365854562,-0.32586859509802,0.273536654173113,1334124.12397849,3687869.72820505
320924,射阳县,Jiangsu,江苏省,2576.55263801984,345.49671298369,0.134092627445491,1.4181489724043,934.839052869311,-0.204655541414599,0.283841886065479,1384232.41074004,3701494.28176551
320925,建湖县,Jiangsu,江苏省,1156.95360726947,0,0,1.43961640798578,860.401094875703,-1.14835177820314,0.267439790585194,1349547.4000826,3664631.73363916
320981,东台市,Jiangsu,江苏省,2466.15261978044,87.6981126701337,0.0355606996771925,1.4969059418369,1003.61639378895,2.33758563115381,0.345710336469332,1430416.87162036,3597743.07826964
321002,广陵区,Jiangsu,江苏省,336.018670506872,0,0,1.53818330764771,982,3,0.38537551393527,1343586.97216186,3534145.61125881
321003,邗江区,Jiangsu,江苏省,640.861841199908,0,0,1.53055608962789,972.253483641873,11.0827703520065,0.389448878056235,1327107.56942337,3544346.48139432
321012,江都区,Jiangsu,江苏省,1328.36820735536,0,0,1.52525030506198,966.903108029427,2.49677026764757,0.388132549050145,1353283.86801967,3557151.75381349
321023,宝应县,Jiangsu,江苏省,1461.27381176141,0,0,1.47055059437641,895.457080733717,4.09244306532181,0.332937231867667,1319518.95004816,3630268.56234893
321081,仪征市,Jiangsu,江苏省,898.237921110096,0,0,1.52532887626577,979.294726152703,40.8486356734846,0.408554220401851,1309769.66611231,3533921.61499808
321084,高邮市,Jiangsu,江苏省,1921.85680480353,0,0,1.51069968831493,935.406430914756,1.95189536383047,0.371279946534652,1330787.72993944,3587426.83382399
321102,京口区,Jiangsu,江苏省,346.078122494759,0,0,1.53818330764771,982,3,0.38537551393527,1353772.32644615,3517417.13161913
321111,润州区,Jiangsu,江苏省,124.50038886705,0,0,1.53940046000313,985.302200380853,3.4013582148553,0.380938640286869,1333213.8602069,3513869.69058162
321112,丹徒区,Jiangsu,江苏省,617.468163442947,0,0,1.54383967576802,999.674987700864,8.73311732610401,0.360652001975903,1337216.80053695,3504834.23742574
321181,丹阳市,Jiangsu,江苏省,1047.78450685202,0,0,1.55140802610086,1014.08238959825,4.85428717460269,0.331904486927723,1357671.90084083,3491749.38766261
321182,扬中市,Jiangsu,江苏省,325.415003923418,0,0,1.53719795772508,985.377115543702,3.67494236745829,0.366209769342197,1372229.94791318,3520131.52192773
321183,句容市,Jiangsu,江苏省,1380.84763475875,0,0,1.54931938109728,1041.16233511087,25.9434670191386,0.380329583464913,1317781.3375708,3482704.50288259
321202,海陵区,Jiangsu,江苏省,304.809043875572,0,0,1.51855522769335,977.910115351465,2.83474757051316,0.366281991520429,1375114.21085707,3555882.58195901
321203,高港区,Jiangsu,江苏省,336.615819076764,0,0,1.52292064196476,983.683380308523,4.68338030852285,0.344538560877712,1379660.91799902,3537330.6907479
321204,姜堰区,Jiangsu,江苏省,923.185783553024,0,0,1.50942406627286,983.036800200203,2.51695849262886,0.354304006862564,1390431.36581598,3561328.54649431
321281,兴化市,Jiangsu,江苏省,2396.74054637501,0,0,1.48800063575073,964.72025896407,1.48511184954351,0.311241093451302,1373098.69365089,3608102.65888956
321282,靖江市,Jiangsu,江苏省,659.122846347913,0,0,1.54275919132016,999.100156455592,4.62842924473715,0.335043476036402,1414230.45462813,3509320.04296169
321283,泰兴市,Jiangsu,江苏省,1168.22536290793,2.86017075535865,0.00244830393704101,1.52263456707807,985.127830167436,4.959720351163,0.336627748255081,1399207.80537521,3526048.92903622
321302,宿城区,Jiangsu,江苏省,918.015531450792,39.9383876421723,0.0435051328369744,1.46053266970752,763.648789077557,18.5057445714887,0.276955493315238,1211810.23568433,3678909.62688974
321311,宿豫区,Jiangsu,江苏省,1235.00596706583,0,0,1.4456759357873,751.727870575737,26.4152447838617,0.308789147966591,1206923.93101953,3703332.4088874
321322,沭阳县,Jiangsu,江苏省,2302.32900543732,0,0,1.4097006171227,799.071553700727,5.07734744056063,0.406493981417049,1250720.93591861,3726118.90359636
321323,泗阳县,Jiangsu,江苏省,1374.92156013623,181.566844809405,0.132056147836837,1.43772465674002,818.197575296124,12.2888308002126,0.387353205080007,1243279.41299922,3674213.83707404
321324,泗洪县,Jiangsu,江苏省,2694.37354612824,610.738614474432,0.226671841902565,1.4919571579506,785.104015886016,14.9801581216687,0.266154701767356,1212879.76161975,3636769.87062606
330102,上城区,Zhejiang,浙江省,26.5743600946478,0,0,1.64588583061718,1280.98095827228,15.0235312311446,0.350394535170639,1436595.96252955,3307322.19700903
330103,下城区,Zhejiang,浙江省,29.3473416822838,0,0,1.64260005950928,1255,7,0.349396140901573,1435871.17541107,3315941.19676467
330104,江干区,Zhejiang,浙江省,200.270844249641,0,0,1.64260005950928,1255,7,0.349396140901573,1446622.06055013,3318350.60894691
330105,拱墅区,Zhejiang,浙江省,69.2310368905044,0,0,1.64260005950928,1255,7,0.349396140901573,1432669.25588789,3319457.2219657
330106,西湖区,Zhejiang,浙江省,309.515282869055,0,0,1.63645735443183,1307.6556357708,40.1040019720253,0.347968169560773,1428539.51282606,3303113.25855724
330108,滨江区,Zhejiang,浙江省,71.4442920613532,0,0,1.65063197255395,1318.50923141251,26.6131449950408,0.351836668768579,1438403.9336013,3302287.42853143
330109,萧山区,Zhejiang,浙江省,1412.36983331053,0,0,1.64053010039183,1274.56480592205,27.7114129785114,0.35482533598557,1457717.36711802,3303947.87471587
330110,余杭区,Zhejiang,浙江省,1227.15851972799,0,0,1.58408817151881,1297.6446557427,100.097251522155,0.335757092664437,1416852.91122748,3321890.36647773
330111,富阳区,Zhejiang,浙江省,1819.57956182115,0.69768932418566,0.000383434359686569,1.5897777161028,1371.04915395922,138.594964013089,0.335470524989446,1409091.85378609,3276853.03571079
330112,临安区,Zhejiang,浙江省,3121.99751574982,94.2059089173236,0.0301748827287897,1.55949390224287,1396.57969083206,179.502704624803,0.363112987310388,1358935.11699148,3292836.79103248
330122,桐庐县,Zhejiang,浙江省,1831.31967263302,0,0,1.5438189349072,1455.32125324051,272.876797301817,0.349519297604485,1384728.23771034,3254647.50388631
330127,淳安县,Zhejiang,浙江省,4416.47149557992,0.0388937031131767,8.80651061647339e-06,1.5509645139424,1586.68459788595,341.038336905983,0.339562795414981,1325292.52934228,3220780.77368228
330182,建德市,Zhejiang,浙江省,2311.64484382019,0,0,1.52474943207472,1555.67558389199,399.899938057104,0.342921953699428,1373110.47488322,3213291.74278121
330203,海曙区,Zhejiang,浙江省,595.203100291215,0,0,1.53598337173462,1274,242,0.377360561685075,1554660.00696635,3280603.01879222
330205,江北区,Zhejiang,浙江省,208.920445873711,0,0,1.53910263800526,1274.5306831444,238.944419749221,0.374660794460717,1564971.9705146,3297716.23669657
330206,北仑区,Zhejiang,浙江省,592.037741951139,0,0,1.54941663742065,1309,250,0.350636808480617,1603809.33405361,3293068.70268527
330211,镇海区,Zhejiang,浙江省,243.96783538271,0,0,1.55448916547375,1281.93994245451,226.971088681971,0.359132354734019,1575599.89778641,3303024.10884817
330212,鄞州区,Zhejiang,浙江省,798.321536279343,0,0,1.54776344125388,1304.69264338328,249.01546134475,0.35392562948601,1585634.66667525,3277603.87325075
330213,奉化区,Zhejiang,浙江省,1252.78844309047,0,0,1.49522995767046,1352.76755994492,353.330000067257,0.358286113757261,1560576.38794142,3257220.32336401
330225,象山县,Zhejiang,浙江省,1223.08841214302,6.86343722011644,0.00561156262456181,1.61926790712141,1280.78776991885,140.437130651027,0.332971386764331,1610311.23439531,3238441.55899635
330226,宁海县,Zhejiang,浙江省,1711.18960296213,0,0,1.52456233266527,1370.12388684891,327.422879509848,0.337416055485883,1574799.04148666,3224865.39911891
330281,余姚市,Zhejiang,浙江省,1537.80738089514,0,0,1.56719390347505,1237.83960675507,173.549878503165,0.372691372108866,1529661.63953995,3299050.98112403
330282,慈溪市,Zhejiang,浙江省,1382.23101172796,0,0,1.66006044687433,1131.56647289382,12.2128703316733,0.346011384489669,1543487.35478733,3324069.31345491
330302,鹿城区,Zhejiang,浙江省,293.360523299101,0,0,1.73212641751309,1478.42211963887,104.98887716961,0.326760474555535,1510721.55276124,3073673.01351394
330303,龙湾区,Zhejiang,浙江省,225.734875724545,0,0,1.75404167175293,1503,16,0.333860361424254,1536894.99871486,3059644.3266636
330304,瓯海区,Zhejiang,浙江省,466.394117225624,0,0,1.72603354763509,1486.10309175914,122.763108313429,0.320185689328475,1511645.41673861,3062956.29235336
330305,洞头区,Zhejiang,浙江省,173.432100757744,0,0,1.75404167175293,1503,16,0.333860361424254,1558976.50693016,3064981.03455264
330324,永嘉县,Zhejiang,浙江省,2677.57496169884,0,0,1.62376041935205,1538.55488630947,271.030193756163,0.32958594649019,1515863.96685919,3104790.75264491
330326,平阳县,Zhejiang,浙江省,965.125004775069,0,0,1.65243109965077,1586.41008181301,333.84408506512,0.239002525150536,1501216.58562988,3023533.50445861
330327,苍南县,Zhejiang,浙江省,1036.5121621382,0,0,1.65065992431806,1588.81257839823,338.789223869698,0.240697303107191,1509020.2983099,3000050.98605718
330328,文成县,Zhejiang,浙江省,1297.19702672163,1.47453418216354,0.00113670795707117,1.57982117912886,1684.33893827433,536.011149613958,0.308699434130365,1463217.00094645,3037423.1075409
330329,泰顺县,Zhejiang,浙江省,1766.89740738936,193.46866371038,0.109496263281203,1.5523472506383,1734.9127979716,656.34327532261,0.320539687933117,1453823.03057009,3004833.29867097
330381,瑞安市,Zhejiang,浙江省,1262.42718771389,0,0,1.65985772463106,1575.42448552327,312.982061883325,0.246906415813009,1505565.23128698,3045821.04240531
330382,乐清市,Zhejiang,浙江省,1284.73393188753,0,0,1.71870135676905,1485.39638279781,48.3415292784446,0.333388400247131,1550644.65590021,3101042.30751162
330383,龙港市,Zhejiang,浙江省,148.429634889404,0,0,1.65273342132568,1586,333,0.238713243733282,1521348.26251775,3015455.35405599
330402,南湖区,Zhejiang,浙江省,439.17001029973,0,0,1.61747756816492,1083.76583395732,6,0.334296136188558,1490603.93111627,3370890.11273421
330411,秀洲区,Zhejiang,浙江省,547.813102313447,0,0,1.61708404743583,1073.73757012487,8.23077154358383,0.344759415903172,1475173.40743055,3375053.39594874
330421,嘉善县,Zhejiang,浙江省,506.949522385868,0,0,1.61742262856468,1083.84896650471,5.99784237863867,0.334168433519824,1493000.70288432,3392706.50364661
330424,海盐县,Zhejiang,浙江省,1089.05886220116,0,0,1.61140837372739,1160.04239357196,56.0527507982746,0.367925274448623,1505956.5466986,3346543.06632147
330481,海宁市,Zhejiang,浙江省,864.946707097664,0,0,1.62178116933564,1208.98358224554,42.0875185377778,0.364294133264925,1475253.20354419,3335975.60399319
330482,平湖市,Zhejiang,浙江省,745.069359740635,0,0,1.61913003560938,1086.78549750298,6.8015347823024,0.335045414123474,1517565.53114764,3371297.13429723
330483,桐乡市,Zhejiang,浙江省,727.805635750542,0,0,1.63272481116468,1177.92074065584,7.59739405207731,0.352576124927846,1459078.78521244,3353929.10739475
330502,吴兴区,Zhejiang,浙江省,861.818913649596,0,0,1.5958723285535,1159.21461801045,29.4757797059179,0.349464041573933,1418411.30064948,3369972.55897842
330503,南浔区,Zhejiang,浙江省,701.762153855123,0,0,1.61623565256437,1056.34902845871,5.97120063504432,0.356643085144084,1439779.43093734,3368110.47870654
330521,德清县,Zhejiang,浙江省,936.379925919949,0,0,1.58704063835857,1285.93877597135,90.1022113730848,0.337016970984229,1418696.66461984,3342599.88862403
330522,长兴县,Zhejiang,浙江省,1429.6120797994,127.35917489083,0.0890865268211084,1.59700198059127,1162.51392463872,7.00509133608052,0.355156377881181,1390194.11547548,3385412.35451831
330523,安吉县,Zhejiang,浙江省,1886.39647820377,30.7534840193162,0.0163027679359324,1.53405054457139,1294.7232882483,173.322422689999,0.345686192049716,1374010.72667752,3342489.33695887
330602,越城区,Zhejiang,浙江省,491.684055894265,0,0,1.59363990042934,1269.96962504687,140.689546775401,0.353329653241688,1484603.74685407,3289397.79564818
330603,柯桥区,Zhejiang,浙江省,1068.65209781097,0,0,1.6185290009081,1282.80609116504,87.6498155967387,0.35484895857344,1476568.19138257,3284274.41141414
330604,上虞区,Zhejiang,浙江省,1401.6869720313,0,0,1.59024146971095,1250.7921943625,138.085776477765,0.358701117183486,1507272.13266129,3291187.83995123
330624,新昌县,Zhejiang,浙江省,1213.78608978174,0,0,1.51153619268025,1394.35153519388,348.822503075896,0.344757193221644,1525961.03380073,3228574.40411066
330681,诸暨市,Zhejiang,浙江省,2311.52807793879,0,0,1.6099632192938,1363.5344285159,146.938072772019,0.35151832518853,1455272.19431055,3249737.7601032
330683,嵊州市,Zhejiang,浙江省,1787.55223314738,0,0,1.59280877351756,1323.92886702857,181.09951224279,0.346192756363438,1502734.97659564,3244941.366181
330702,婺城区,Zhejiang,浙江省,1390.21983792782,0,0,1.52034051077429,1618.36688119521,502.493851173149,0.331365580234872,1394605.52208602,3159386.33116512
330703,金东区,Zhejiang,浙江省,659.086788061186,0,0,1.58810186011125,1519.32737973954,330.334483300473,0.341965479734069,1419431.36264784,3182494.68810954
330723,武义县,Zhejiang,浙江省,1569.86736065014,0,0,1.46822918129982,1674.9974398279,653.251732703973,0.32704359125344,1417538.57301861,3139080.32802009
330726,浦江县,Zhejiang,浙江省,917.691416869896,0,0,1.54422954616441,1446.79410638123,301.603334854939,0.349287229556468,1422856.57037214,3225048.84894222
330727,磐安县,Zhejiang,浙江省,1196.22449566075,57.7958419552774,0.0483152135447229,1.38426437722167,1615.51782847062,658.7082020288,0.344135582315218,1493618.84857815,3181460.63903024
330781,兰溪市,Zhejiang,浙江省,1313.15549844365,0,0,1.58343307762005,1536.60852684593,327.085032891422,0.33825706556166,1391060.1138786,3192873.94523821
330782,义乌市,Zhejiang,浙江省,1105.10380633507,0,0,1.56133106745903,1468.44987282808,348.353433884616,0.352291047174751,1441759.51541794,3203057.66974945
330783,东阳市,Zhejiang,浙江省,1746.93267617714,0,0,1.52379175434577,1486.23948430072,407.299937359587,0.348846215496558,1472686.61735767,3200132.69190732
330784,永康市,Zhejiang,浙江省,1047.62498812571,0,0,1.56163771272583,1518.66710590342,420.872244381043,0.346645219794804,1451725.1138831,3163106.47564742
330802,柯城区,Zhejiang,浙江省,607.533347869343,0,0,1.56354937263093,1707.37623207654,471.200186775669,0.317585406280895,1327184.94017659,3151733.63577657
330803,衢江区,Zhejiang,浙江省,1748.06990902865,0,0,1.50034806189099,1726.39395696723,602.82368664117,0.320766604819327,1340009.43134415,3146675.73254276
330822,常山县,Zhejiang,浙江省,1096.78332470889,0,0,1.70463656889296,1659.34293124712,191.702907146456,0.312591688837417,1302044.85054069,3145149.33312875
330824,开化县,Zhejiang,浙江省,2231.05966130568,141.349480288529,0.0633553117112998,1.58974372590107,1719.29652093334,376.65805132482,0.319102105951619,1278268.96771548,3166377.27916909
330825,龙游县,Zhejiang,浙江省,1141.03165463703,0,0,1.49983321583889,1707.40820684656,586.627673300749,0.324423977079692,1363916.1591847,3156565.25053463
330881,江山市,Zhejiang,浙江省,2019.18553288457,0,0,1.62461230022522,1759.40454833066,458.071917255081,0.30869358150046,1313804.65112572,3102462.95446931
330902,定海区,Zhejiang,浙江省,563.44947274814,0.209294089819321,0.000371451389950763,1.54941663742065,1309,250,0.350636808480617,1617686.32707724,3318074.34488123
330903,普陀区,Zhejiang,浙江省,401.296644980506,0,0,1.54941663742065,1309,250,0.350636808480617,1640367.75468566,3299709.34975805
330921,岱山县,Zhejiang,浙江省,278.489850005438,0,0,,,,,1629857.0678784,3348656.43812079
330922,嵊泗县,Zhejiang,浙江省,80.579895825307,0,0,,,,,1638006.58727363,3393345.8583633
331002,椒江区,Zhejiang,浙江省,334.667635149229,0,0,1.70980215910383,1299.15916648463,8.24582379292573,0.32893729917237,1586916.88111845,3152912.45327198
331003,黄岩区,Zhejiang,浙江省,988.67160103291,0,0,1.66771590277795,1460.00057744329,95.0015715918616,0.332707504524073,1551218.76360217,3140879.32175613
331004,路桥区,Zhejiang,浙江省,311.238082236507,0,0,1.66771659851074,1460,95,0.332707511394444,1588277.33794785,3141075.3912709
331022,三门县,Zhejiang,浙江省,1012.50569895545,0,0,1.68019114584467,1327.32964285203,60.4446425825088,0.330348064102531,1581832.03514342,3193247.42767558
331023,天台县,Zhejiang,浙江省,1432.15167478053,0,0,1.4982337303286,1480.56438220985,408.458155115296,0.339498735652827,1531553.87164517,3199619.30145199
331024,仙居县,Zhejiang,浙江省,1999.83367221099,0,0,1.43874761100076,1626.80838558336,591.362511311026,0.333953217154151,1506113.84167047,3148841.62594794
331081,温岭市,Zhejiang,浙江省,972.115656311753,0,0,1.66771659851074,1460,95,0.332707511394444,1587345.44236699,3123735.44419035
331082,临海市,Zhejiang,浙江省,2184.89089675834,0,0,1.65208219559558,1373.97439204945,112.260757672357,0.331851303344925,1560093.90156634,3170799.6576881
331083,玉环市,Zhejiang,浙江省,427.150182862355,0,0,1.75302848374997,1502.49531367318,16.9272144143902,0.333846830548744,1577290.93505172,3097442.94482229
331102,莲都区,Zhejiang,浙江省,1492.06164826047,0,0,1.57928970280796,1581.29405678011,447.911751743843,0.326505585537999,1435422.74631077,3104969.40284163
331121,青田县,Zhejiang,浙江省,2476.9159940248,0,0,1.62131706669701,1570.8428840856,365.676415715012,0.324698399131813,1467808.15419797,3082849.6865832
331122,缙云县,Zhejiang,浙江省,1493.26192904785,0,0,1.5700586675404,1545.38455781619,416.340698321793,0.330675038317506,1464383.9286227,3133971.84353556
331123,遂昌县,Zhejiang,浙江省,2540.19975457743,55.5277647595984,0.0218596055918585,1.42762798626525,1825.94492216741,829.843292538931,0.314144702988151,1361048.39651903,3102815.76303076
331124,松阳县,Zhejiang,浙江省,1398.88026588053,0,0,1.50204330320927,1731.67682338119,695.008974888623,0.316896233001029,1396635.17308108,3095152.72941627
331125,云和县,Zhejiang,浙江省,990.744974709155,0,0,1.53196576030517,1723.32492225138,656.534202335975,0.317710844380692,1411089.84737035,3065704.22095445
331126,庆元县,Zhejiang,浙江省,1898.63236595635,102.071801559121,0.0537606981684981,1.54082547898663,1798.78670255752,763.112325131245,0.308343509427789,1381833.54613845,3004650.70220157
331127,景宁畲族自治县,Zhejiang,浙江省,1939.77988014703,4.17345670331426,0.00215151046055696,1.5621312087187,1709.09009322572,597.888935725803,0.322236068784997,1422212.24880986,3040751.6158347
331181,龙泉市,Zhejiang,浙江省,3044.84030980119,4.5998397492005,0.00151069983354918,1.53301765012517,1784.76317094891,711.723405147634,0.313300204300399,1367766.20716948,3050316.9364033
340102,瑶海区,Anhui,安徽省,221.832536149517,0,0,1.56149929686537,1057.14872665403,46.2611462248568,0.39011824558805,1147101.62853165,3460678.37604808
340103,庐阳区,Anhui,安徽省,138.005488604989,0,0,1.56844211465894,1072.27897662165,35.252525876079,0.384207492898867,1133530.6351594,3456806.66367755
340104,蜀山区,Anhui,安徽省,651.75725413931,0,0,1.56976859379191,1109.93409827897,55.0286829149793,0.368351941038196,1121006.06827934,3449869.62064479
340111,包河区,Anhui,安徽省,299.789166639558,0,0,1.59158334732056,1137,6,0.368730835508608,1147793.51930721,3438902.49139444
340121,长丰县,Anhui,安徽省,1838.69635712432,0,0,1.54641286182172,979.082544105659,58.9906180388398,0.39168671309669,1128697.39015513,3492291.7839223
340122,肥东县,Anhui,安徽省,2204.33556996884,0,0,1.55857354427838,1046.65201118162,48.4766024817252,0.394439460550471,1166792.68698229,3470506.60779233
340123,肥西县,Anhui,安徽省,1696.48264126314,0,0,1.57256079966968,1141.34036492912,65.1737461516742,0.364274031079345,1118621.24367875,3428846.6025615
340124,庐江县,Anhui,安徽省,2343.57160943703,0,0,1.62161765324714,1314.10290276599,18.1041600629073,0.35753467071356,1153994.10624515,3385899.2301856
340181,巢湖市,Anhui,安徽省,2030.3996159715,0,0,1.60240902679126,1153.6448676462,17.042568840896,0.388779900602594,1185409.16530708,3432658.8051917
340202,镜湖区,Anhui,安徽省,115.180476562236,4.65909186887152,0.0404503611022485,1.60308278878338,1205.26611659931,20.0787496990156,0.368284796101915,1256802.01526807,3399642.45206252
340203,弋江区,Anhui,安徽省,168.614995837298,0,0,1.60493335723877,1229,24,0.378447524869473,1252756.05114868,3396072.34240597
340207,鸠江区,Anhui,安徽省,870.481490398231,0,0,1.60109585832549,1161.56854453982,11.3914958065623,0.343178241282488,1239463.75923958,3408890.73674671
340208,三山区,Anhui,安徽省,335.141425265132,0,0,1.60493335723877,1229,24,0.378447524869473,1240945.50785675,3389759.41760323
340221,芜湖县,Anhui,安徽省,649.283385076293,53.2202502674725,0.0819676761961481,1.60300448167932,1218.44689661047,20.1305287571738,0.378509317927182,1271870.97358347,3387414.29597252
340222,繁昌县,Anhui,安徽省,583.742171462985,34.4131305333401,0.0589526202074682,1.60778316510914,1235.08602879324,22.5509455254192,0.370357450604926,1234757.53580777,3375074.56497116
340223,南陵县,Anhui,安徽省,1260.65949837816,1156.31974514594,0.917233992710594,1.5722721416823,1325.99388081515,132.343268928314,0.347975629623759,1248506.32290546,3355497.9500379
340281,无为市,Anhui,安徽省,2018.94348608385,0,0,1.62250664678419,1254.66446373012,13.7690506574194,0.334934122061569,1198160.44893362,3389095.94282778
340302,龙子湖区,Anhui,安徽省,146.727481141476,0,0,1.54210004806519,797,17,0.398144501968597,1142797.84334677,3571532.84232449
340303,蚌山区,Anhui,安徽省,90.4331475115424,0,0,1.54210004806519,797,17,0.398144501968597,1134965.12460832,3566220.77720656
340304,禹会区,Anhui,安徽省,283.091691665992,0,0,1.54456626146888,826.457449345737,30.9985001906181,0.376006394066792,1122766.15572294,3560787.35205099
340311,淮上区,Anhui,安徽省,402.879534187613,0,0,1.54180790712117,796.656917661132,17.1871358212006,0.396517918356987,1139017.71347321,3582916.34105823
340321,怀远县,Anhui,安徽省,2239.36418546227,0,0,1.53432102369144,791.122200673461,24.6762734658674,0.348355196656472,1101139.00724855,3581204.96226976
340322,五河县,Anhui,安徽省,1429.39744694404,0,0,1.5284406540814,789.682547389535,16.85836755932,0.357962446757177,1169216.81384374,3601062.03342005
340323,固镇县,Anhui,安徽省,1361.25516010922,0,0,1.53227883301577,750.522444402497,20.6563453994248,0.376761771903715,1127618.63479837,3611180.43478394
340402,大通区,Anhui,安徽省,304.023040658028,0,0,1.55882295196746,900.015058891172,55.4517667351432,0.374577381170934,1116032.95024892,3535404.61977092
340403,田家庵区,Anhui,安徽省,251.221003175305,0,0,1.55935001373291,900,55,0.374374182023628,1106179.30933866,3526444.35848092
340404,谢家集区,Anhui,安徽省,270.270465974229,0,0,1.55933313468989,900.187288129084,54.9468194201368,0.374396065189886,1099068.67986392,3520955.3918217
340405,八公山区,Anhui,安徽省,67.2829175203468,0,0,1.55935001373291,900,55,0.374374182023628,1088564.64030214,3534963.11901142
340406,潘集区,Anhui,安徽省,597.318589308541,0,0,1.5541720920156,880.189919897089,48.8492627321534,0.37009259709768,1089516.14784378,3549616.98014529
340421,凤台县,Anhui,安徽省,1091.17838216741,0,0,1.53650380824149,858.282192884699,30.1182111510798,0.3791814339249,1064248.52102068,3547228.77528679
340422,寿县,Anhui,安徽省,2949.76303979241,0,0,1.55299904039908,965.426247726102,35.9314793396128,0.378261618153976,1088104.41407721,3490095.29025783
340503,花山区,Anhui,安徽省,181.124068577887,0,0,1.59593679003107,1113.9354608076,5.01562527816051,0.329259452623748,1261113.09514955,3451079.51443529
340504,雨山区,Anhui,安徽省,174.659167458574,0,0,1.59596662521362,1114,5,0.329205106823596,1261329.15240257,3442280.42701897
340506,博望区,Anhui,安徽省,338.790022209987,0,0,1.57384377557969,1102.97389208489,4.15183785268356,0.385814433823888,1282039.97862212,3438023.19848578
340521,当涂县,Anhui,安徽省,1009.10106782524,0,0,1.5861744089887,1110.89566788921,4.89951005976841,0.355437908288349,1270404.19244405,3423552.10617718
340522,含山县,Anhui,安徽省,1043.13064130309,0,0,1.60587061064807,1149.63758001536,14.1891476460862,0.390744854926333,1215257.0600481,3437754.04806603
340523,和县,Anhui,安徽省,1318.27085814633,0,0,1.57675224507688,1072.59457424821,16.4765592040196,0.363999656407335,1237169.0110762,3451685.89496749
340602,杜集区,Anhui,安徽省,232.675069040817,0,0,1.47591428214197,687.002960790537,30.7733255675651,0.385610265556037,1077888.39861061,3692256.34245157
340603,相山区,Anhui,安徽省,140.452411194804,0,0,1.47755214681979,711.894600674997,34.97830013897,0.336983305923021,1063899.65560203,3682202.07772559
340604,烈山区,Anhui,安徽省,386.864319995881,0,0,1.48720053393533,688.174982136594,28.8439065505325,0.383667323094753,1078442.84435067,3668029.82235775
340621,濉溪县,Anhui,安徽省,1982.3109248488,0,0,1.50570312297388,727.300747448185,29.1843640135835,0.338652476841607,1064315.6290009,3645064.14021354
340705,铜官区,Anhui,安徽省,29.9492376180128,0,0,1.64545001983643,1388,16,0.320245968180368,1204392.27091899,3353086.6107398
340706,义安区,Anhui,安徽省,904.385406724921,0,0,1.62337082979476,1314.63211335261,31.3474064311833,0.327247553998256,1213515.49158696,3358490.9950594
340711,郊区,Anhui,安徽省,269.062002824053,0,0,1.64197580209152,1397.77799180584,26.2352567270032,0.320061519739514,1189840.6181114,3339314.48397374
340722,枞阳县,Anhui,安徽省,1796.15902998875,0,0,1.60798245693264,1455.6408770136,104.845006939306,0.320386976083545,1163358.34112199,3340172.06878029
340802,迎江区,Anhui,安徽省,202.02534477605,0.312779810076887,0.00154822064738269,1.63274710208893,1500.54612730451,80.6878143992433,0.317931638861765,1149862.64277506,3304480.18284047
340803,大观区,Anhui,安徽省,192.882978359952,0,0,1.65654817233043,1503.50926598131,47.6256237819377,0.321984096349274,1129216.04244944,3296919.33698819
340811,宜秀区,Anhui,安徽省,418.301459011547,0,0,1.60232331329209,1490.27650585678,127.928073058792,0.318878756499913,1138662.15526546,3314083.44065051
340822,怀宁县,Anhui,安徽省,1338.85609650822,0,0,1.66328152590831,1475.03247878668,48.4891418576467,0.3535839004001,1110835.48890712,3302453.04075417
340825,太湖县,Anhui,安徽省,2038.11777480572,0,0,1.55037778343857,1528.39258978363,343.615951871693,0.353960805279733,1056643.53717205,3286753.94562196
340826,宿松县,Anhui,安徽省,2367.3165189573,1.27950340854084,0.000540486833211645,1.66783881777738,1468.51242613548,126.800852904332,0.354501700360758,1068086.11126031,3243908.40108148
340827,望江县,Anhui,安徽省,1341.50948482167,0,0,1.69475909641899,1481.8326196228,21.4301758897461,0.355146244267519,1107701.23539202,3263890.52949215
340828,岳西县,Anhui,安徽省,2369.95056692102,125.096842706858,0.0527845789076437,1.37340516039615,1534.60692760227,614.995832080889,0.362062747976788,1054840.17203825,3332126.95415946
340881,桐城市,Anhui,安徽省,1547.22682842682,0,0,1.61553809455053,1429.46146312708,81.6302586278543,0.346881422931683,1121765.62743625,3349763.55776303
340882,潜山市,Anhui,安徽省,1691.69487660442,0,0,1.62635929391023,1477.46010569324,105.449825452487,0.356324883270139,1087868.19766839,3319673.80644671
341002,屯溪区,Anhui,安徽省,155.864449361727,0,0,1.59131379901429,1622.1603442309,241.945645201888,0.296985486002678,1267964.39465596,3226041.78675405
341003,黄山区,Anhui,安徽省,1743.86316851369,20.6079176401294,0.0118173937108229,1.52503429891365,1543.03260720617,281.807261394947,0.300182033214049,1240676.68452714,3282109.37309549
341004,徽州区,Anhui,安徽省,437.019692373557,0,0,1.58279098890488,1610.17205266609,244.080834671636,0.296133368201693,1261242.76081403,3247122.97973857
341021,歙县,Anhui,安徽省,2125.44558261765,26.2438478186096,0.0123474569441991,1.52159943777541,1597.08499474669,365.024906288583,0.334075132768469,1291109.54840376,3245208.19662689
341022,休宁县,Anhui,安徽省,2141.59581145338,0,0,1.60515087795252,1639.01264216205,240.645817851164,0.305496554471758,1248297.56414347,3216487.8966241
341023,黟县,Anhui,安徽省,857.893842862502,0,0,1.57603037915837,1597.97328478175,243.732611559951,0.308960028811653,1226012.62028553,3252667.18391716
341024,祁门县,Anhui,安徽省,2216.53253560337,33.9222342428291,0.0153041896285971,1.59384583612815,1632.61101440898,240.650298775972,0.341386359229228,1198666.317089,3233165.61397891
341102,琅琊区,Anhui,安徽省,225.328416234553,0,0,1.52633068379929,928.658493236687,44.5183902174543,0.395246472673698,1228625.88915064,3518055.03725889
341103,南谯区,Anhui,安徽省,1178.27790022918,0,0,1.53559179604981,955.317746393734,54.9498451811445,0.372080465789236,1218546.66420928,3512971.75122082
341122,来安县,Anhui,安徽省,1497.84800554539,0,0,1.52308517379616,924.7541730461,37.6278341646865,0.413374214119266,1247546.78133398,3534399.08726262
341124,全椒县,Anhui,安徽省,1568.31652313957,0,0,1.54992256993891,1015.99657852072,48.2730949851492,0.406694527905565,1214082.33047877,3483938.08391064
341125,定远县,Anhui,安徽省,3003.59178214964,0,0,1.52872984736639,922.27957473092,77.5560232248961,0.367950322298714,1167690.86753165,3523786.78224546
341126,凤阳县,Anhui,安徽省,1936.02186752403,0,0,1.53124228420937,851.813333065166,47.9210612116444,0.377816230776637,1158171.15580151,3558881.36834906
341181,天长市,Anhui,安徽省,1756.71216579304,0,0,1.5133005937449,912.1255822023,20.0876095071638,0.38654506021134,1283848.15121746,3567598.39924949
341182,明光市,Anhui,安徽省,2351.42137751126,0,0,1.52051860303726,852.189198625452,32.8952333680094,0.332250728879222,1206333.18329624,3567119.85627134
341202,颍州区,Anhui,安徽省,622.92283894633,0,0,1.54409055118627,891.8031186165,30.7034107275496,0.383741236152294,984713.620663107,3546845.47963068
341203,颍东区,Anhui,安徽省,683.00442141218,0,0,1.53637317346339,854.825980444852,30.0696315383466,0.394142956896998,1011677.99946398,3556734.77404398
341204,颍泉区,Anhui,安徽省,652.045736589445,0,0,1.52660593133495,827.567705362485,33.0965123028825,0.392637846758311,983688.84936748,3566357.78915588
341221,临泉县,Anhui,安徽省,1836.77265417263,0,0,1.53114491789142,896.454343292322,38.3024454200904,0.373687281661382,940562.150770974,3546824.31878427
341222,太和县,Anhui,安徽省,1867.28382789431,0,0,1.51304751487464,817.541730271748,35.8822411729914,0.397901790275514,971904.816438366,3598776.07863123
341225,阜南县,Anhui,安徽省,1800.24507825493,0,0,1.545557848603,913.127594562208,32.7537442351224,0.374972058999815,980060.225097657,3521293.46615685
341226,颍上县,Anhui,安徽省,1988.21823382533,0,0,1.53827958311528,877.160832059495,25.8713433017235,0.388877769234804,1036753.44881513,3529352.56001391
341282,界首市,Anhui,安徽省,667.754927885289,0,0,1.51851451925753,837.694242883625,38.0982547614144,0.372857184029546,950447.060859046,3583836.45183608
341302,埇桥区,Anhui,安徽省,2902.13733044232,0,0,1.50627528792509,695.88061757904,25.5651907711994,0.374460850327974,1103998.83890824,3657914.29400259
341321,砀山县,Anhui,安徽省,1196.30113200965,0,0,1.4409231870286,692.720095599655,46.3813397066437,0.416973256052794,1027778.49364814,3731646.47000582
341322,萧县,Anhui,安徽省,1856.21422308884,0,0,1.45844037607245,691.942725652662,38.1791159920285,0.389043818433428,1066201.52418026,3708598.38483239
341323,灵璧县,Anhui,安徽省,2127.35779817764,0,0,1.50399667779313,719.647955073555,24.2044463982882,0.381030484538299,1139244.16706452,3658429.57233455
341324,泗县,Anhui,安徽省,1858.74565576443,0,0,1.50587918464188,748.511837691195,20.1255598136913,0.319669359971436,1172739.17520053,3646130.15003561
341502,金安区,Anhui,安徽省,1668.57894643649,0,0,1.57130027132191,1187.80962634556,89.109201115757,0.360689887584983,1083168.57059448,3421484.46275096
341503,裕安区,Anhui,安徽省,1908.0470556763,0,0,1.56590705982256,1140.45007692622,72.733412607271,0.352879230540797,1054414.29082223,3428909.57608219
341504,叶集区,Anhui,安徽省,563.036045902145,0,0,1.5641489657553,1138.93830430838,84.1667770407966,0.351533892922411,1027621.52207039,3438987.14290329
341522,霍邱县,Anhui,安徽省,3239.50074222563,0,0,1.55747722345329,985.895439179486,29.8353424989044,0.355288037333755,1035293.96479027,3483381.64453524
341523,舒城县,Anhui,安徽省,2110.1050904764,0,0,1.60045000718534,1306.01009460563,64.3883040186836,0.361477938114607,1106519.8458351,3384366.79443291
341524,金寨县,Anhui,安徽省,3918.38531652127,282.444964168329,0.072081977996764,1.45560835945457,1300.00981881885,365.042302163755,0.367411966019478,1006567.6501106,3391968.86870424
341525,霍山县,Anhui,安徽省,2045.3389591606,3.7614751982891,0.00183904735273453,1.47541223786472,1381.76493955496,334.636854437631,0.348013565543393,1052468.0476211,3375450.60350487
341602,谯城区,Anhui,安徽省,2265.94993807159,0,0,1.48132704996227,772.234377821372,37.9556861426571,0.420817827938056,981438.271067876,3650287.06673452
341621,涡阳县,Anhui,安徽省,2106.54021303018,0,0,1.5045356475024,768.113870059297,31.7171984232087,0.375220481298408,1021541.14299613,3629245.23678879
341622,蒙城县,Anhui,安徽省,2143.21627205305,0,0,1.5209836415563,783.337391231012,26.5380322186839,0.352770237248126,1059237.4827137,3595604.60325709
341623,利辛县,Anhui,安徽省,2007.93247045345,0,0,1.5255387076134,812.471912565443,29.2153490225637,0.382790466392326,1021369.14689486,3583772.5977699
341702,贵池区,Anhui,安徽省,2509.62487599359,84.6773891992262,0.0337410542943002,1.61007332314014,1487.34926282337,119.697140531187,0.318672614690241,1181340.07533145,3303510.78285019
341721,东至县,Anhui,安徽省,3249.32581187068,250.298448716144,0.0770308867771077,1.61881987545464,1582.78037392749,190.768879395922,0.324413122853368,1140306.9293267,3243820.44514638
341722,石台县,Anhui,安徽省,1411.69676030792,35.4199458092313,0.0250903358321127,1.57610796462847,1564.48200634635,220.799816640056,0.320357674365899,1188184.47189076,3268668.42420561
341723,青阳县,Anhui,安徽省,1197.09210142991,143.381660128783,0.119774961306248,1.60370371938164,1433.78770905677,113.872483056513,0.320376847144803,1217225.56971712,3317895.92244909
341802,宣州区,Anhui,安徽省,2598.74785952442,2446.73637326802,0.941505873415431,1.54132227131416,1281.62215160357,160.24746647063,0.377686865644044,1295744.02310493,3367563.62900119
341821,郎溪县,Anhui,安徽省,1099.0001807665,1080.59197749813,0.983250045277035,1.58676818062178,1185.10279852417,20.3955102033604,0.379584163926547,1327729.24315198,3389563.67695337
341823,泾县,Anhui,安徽省,2034.83434993672,1989.14074687378,0.977544313096362,1.51388503840161,1423.8573173281,283.240280490751,0.334565602686208,1261204.24118791,3323422.1918529
341824,绩溪县,Anhui,安徽省,1102.79585843746,43.3521069434986,0.0393110897287226,1.48582759363363,1521.44189467582,382.552198376524,0.373863796481458,1294848.3807617,3278538.81534365
341825,旌德县,Anhui,安徽省,907.451472318863,59.6049674389051,0.0656839172750396,1.49787404889284,1527.2172439625,343.066313996433,0.338628727819533,1275839.2208097,3293892.72279228
341881,宁国市,Anhui,安徽省,2454.296034716,202.342202400111,0.0824440896851817,1.46034847078329,1412.40736221783,368.923084100107,0.368853708958659,1320638.02385004,3321240.35059458
341882,广德市,Anhui,安徽省,2115.87156505179,2081.77820405023,0.983886847592886,1.55419709137034,1228.60143638371,95.8793672770648,0.372383233707452,1349129.20774838,3369100.7775561
350102,鼓楼区,Fujian,福建省,35.1879909795256,0,0,1.73921661376953,1507,532,0.295959565741063,1419085.41766303,2837788.25573883
350103,台江区,Fujian,福建省,17.3651377383382,0,0,1.78727582047957,1467.65806051603,434.712568252828,0.294004082022619,1422914.54877113,2834310.80474602
350104,仓山区,Fujian,福建省,146.471346879322,0,0,1.81621928853484,1443.964532332,376.121595456659,0.29282639965098,1424115.22610102,2829956.04353751
350105,马尾区,Fujian,福建省,228.779426079278,0,0,1.89680004119873,1378,213,0.289547644951492,1440909.41768349,2839110.82175306
350111,晋安区,Fujian,福建省,564.081536361504,0,0,1.78644649590228,1499.74832525544,423.418790844638,0.295669423942532,1419713.39333537,2851558.76633699
350112,长乐区,Fujian,福建省,682.878789705482,44.9950244705615,0.0658902065035104,1.90463403077329,1367.52133911512,200.171578795475,0.29055101199932,1449104.6853143,2821422.3019907
350121,闽侯县,Fujian,福建省,2128.01023875028,0,0,1.75362373779663,1525.09545224968,490.507620296423,0.29694441949661,1401339.83878596,2844398.88591074
350122,连江县,Fujian,福建省,1139.69553926622,0,0,1.84955882807686,1446.22470023989,296.426691585046,0.293004881635738,1443555.19452638,2864458.17424886
350123,罗源县,Fujian,福建省,1067.21219844719,12.4961997415067,0.0117091987513719,1.73866672515869,1607,492,0.301152848077019,1429965.10692536,2885057.13079348
350124,闽清县,Fujian,福建省,1492.45185513222,122.893775198061,0.082343544132064,1.63867583597957,1623.15679064909,764.318774601401,0.296714537563722,1366516.90259418,2842894.82296147
350125,永泰县,Fujian,福建省,2230.70247743461,0,0,1.67351790490053,1508.27565597301,711.692619790965,0.295111034719547,1373962.96599611,2804393.1909361
350128,平潭县,Fujian,福建省,318.516083126215,13.3437634609751,0.0418935311837535,2.02015628814697,1213,11,0.30534695029311,1475067.18988221,2783189.87428976
350181,福清市,Fujian,福建省,1645.29392767465,0,0,1.98576100205109,1238.404870447,77.8380865444239,0.304853821583977,1435674.8636032,2787815.52014601
350203,思明区,Fujian,福建省,75.6027812419979,0,0,2.11725006103516,1153,33,0.276273607003569,1328864.51670285,2642886.71468192
350205,海沧区,Fujian,福建省,174.418196984793,0,0,2.10795114455776,1158.42425273479,48.5495245064075,0.276580644428377,1312730.52454904,2648020.1864325
350206,湖里区,Fujian,福建省,67.2234240752807,2.67588216430329,0.0398057998549238,2.11725006103516,1153,33,0.276273607003569,1328863.6151761,2648930.84311289
350211,集美区,Fujian,福建省,253.547340650344,0,0,1.95647410694026,1243.63496230678,298.481208973509,0.281853706478003,1315666.01419446,2660216.96129379
350212,同安区,Fujian,福建省,650.378275030687,0,0,1.93755674479848,1216.13040130757,288.917084145884,0.285801085011659,1322218.05898413,2676576.0042495
350213,翔安区,Fujian,福建省,358.725973941065,0,0,2.00028343200684,1129,130,0.288087392198866,1340655.64757994,2666843.74367385
350302,城厢区,Fujian,福建省,480.260474233411,0,0,1.96274363699946,1239.78085980607,150.425213299748,0.294145616025397,1394948.62373341,2758272.80382103
350303,涵江区,Fujian,福建省,751.0278025918,0,0,1.90086933515932,1288.98762877285,247.961421304796,0.30534695029311,1404368.55509519,2781045.09955762
350304,荔城区,Fujian,福建省,278.462243955622,0.199186814228927,0.000715309951537527,1.97130029708027,1232.97643060958,136.935730857587,0.292597058175128,1410092.26818362,2758875.90080858
350305,秀屿区,Fujian,福建省,559.470316223582,0,0,2.04420642852783,1175,22,0.279402732220876,1423455.88161014,2741898.03807187
350322,仙游县,Fujian,福建省,1840.80976458927,0,0,1.78974045841137,1370.87988383796,513.74169806933,0.277973394648755,1370964.90812857,2760495.8120161
350402,梅列区,Fujian,福建省,353.354121190532,0.0864976046920113,0.000244790139706255,1.94200000762939,1555,268,0.293566095813304,1252178.1326489,2838872.77308593
350403,三元区,Fujian,福建省,798.795251087124,9.29282662147247,0.011633552664247,1.9340276647652,1560.30919673769,281.916822000943,0.29345526332756,1244886.28006791,2824143.94049848
350421,明溪县,Fujian,福建省,1730.49726023564,220.340358658458,0.127327770879253,1.76058976585351,1685.14490337841,567.435910380538,0.291488493805864,1209737.64015459,2845829.62832019
350423,清流县,Fujian,福建省,1808.52032057808,0,0,1.66316831034523,1707.69899957408,781.224978824754,0.245272044568586,1184896.77921369,2806643.92863727
350424,宁化县,Fujian,福建省,2406.97167553672,2.91344304625107,0.0012104185005008,1.71143018597355,1711.7964019391,605.23989421782,0.273184137060919,1158030.21470196,2827069.20115877
350425,大田县,Fujian,福建省,2229.94158527168,23.5229082050796,0.0105486656513532,1.73766083340041,1530.05132004756,678.33990545363,0.26247401012313,1277674.41959999,2784212.4399749
350426,尤溪县,Fujian,福建省,3419.48906825833,0,0,1.75562854559174,1581.97331290146,591.028615789357,0.294774445728331,1315519.32919102,2829095.27947822
350427,沙县,Fujian,福建省,1798.18849715108,14.3275254967487,0.00796775505985507,1.82389105249625,1651.01799350771,464.83707053327,0.294148070966108,1268695.54789344,2856249.21697174
350428,将乐县,Fujian,福建省,2238.13070162965,154.197159406105,0.0688955114613411,1.70400359607209,1761.24844153866,618.539402678362,0.292290094415399,1223579.08806135,2882499.67819584
350429,泰宁县,Fujian,福建省,1529.67603705599,5.03853725911206,0.00329385905057989,1.68955296249928,1787.05007866666,598.213324115684,0.29163870830939,1194629.85335974,2893744.35680037
350430,建宁县,Fujian,福建省,1717.27531843251,131.662034013971,0.0766691471080766,1.69027974265009,1776.12949427889,536.299066400977,0.290469193623114,1162500.14499757,2884885.60650264
350481,永安市,Fujian,福建省,2933.02733836681,102.16576695469,0.0348328723766954,1.67135526331571,1649.97176526242,809.809121660926,0.216345467487736,1227470.07361291,2791919.35955135
350502,鲤城区,Fujian,福建省,51.4501336189895,0,0,2.00028343200684,1129,130,0.288087392198866,1364295.62477729,2697400.21462685
350503,丰泽区,Fujian,福建省,113.340995784724,0,0,1.99952478015479,1129.94578054657,131.317337189869,0.287687679845864,1371446.91145626,2699653.18152619
350504,洛江区,Fujian,福建省,370.692871597395,0,0,1.90043456427745,1258.68989136651,301.737911935347,0.233833385728571,1369000.35460868,2723893.45401504
350505,泉港区,Fujian,福建省,297.202789960116,0,0,2.04420642852783,1175,22,0.279402732220876,1391154.7550184,2729558.30304517
350521,惠安县,Fujian,福建省,727.138298325505,0,0,2.04066905225439,1177.12845191342,28.8608609549471,0.278259637751129,1389148.95626478,2709785.70365709
350524,安溪县,Fujian,福建省,2994.3235517157,0,0,1.90135083472632,1329.38404653493,393.26843757054,0.252718979149258,1296571.90855463,2711951.80474729
350525,永春县,Fujian,福建省,1457.58883324461,0,0,1.89843717646427,1322.2890123762,363.289985422054,0.237182318224119,1316390.13649382,2744711.42470301
350526,德化县,Fujian,福建省,2202.87533012626,145.594060230519,0.0660927371782651,1.63302603769592,1530.16972081718,859.764500955463,0.286796487124351,1323218.60938438,2776960.05128139
350527,金门县,Fujian,福建省,148.25573628846,0,0,,,,,1353476.71190153,2644481.84533047
350581,石狮市,Fujian,福建省,158.321732466178,0,0,2.00028343200684,1129,130,0.288087392198866,1380899.2552268,2680706.7252878
350582,晋江市,Fujian,福建省,668.136941265014,0,0,2.00028343200684,1129,130,0.288087392198866,1367604.11456317,2677252.23632187
350583,南安市,Fujian,福建省,2004.34914920159,0,0,1.94183224580247,1203.42167466955,233.293695821679,0.257655350407517,1346126.49188389,2706508.96813166
350602,芗城区,Fujian,福建省,250.827263807712,0,0,2.04834808414071,1242.31490939354,179.170720410198,0.251964151969017,1275034.44252192,2650950.95928225
350603,龙文区,Fujian,福建省,126.925880639328,0,0,2.11725006103516,1153,33,0.276273607003569,1288006.89914219,2645665.48079983
350622,云霄县,Fujian,福建省,1024.40429020165,8.52556439990863,0.00832246065489475,2.08917377769987,1332.93974351209,104.96749801561,0.219989575041742,1255142.23056191,2579360.18959722
350623,漳浦县,Fujian,福建省,2013.26096144464,0,0,2.10220798504511,1193.77466415948,49.7586321169805,0.232353946761816,1289137.04529829,2600329.93936164
350624,诏安县,Fujian,福建省,1267.87387327719,0,0,2.0464977950167,1392.95752711811,201.320656990669,0.232299883765064,1235731.85002624,2564517.85747148
350625,长泰县,Fujian,福建省,898.231833262576,0,0,1.9103249611192,1276.1517507375,380.921372665894,0.281180463357323,1292257.56940062,2668673.7382963
350626,东山县,Fujian,福建省,221.718871229223,0,0,2.09212402601851,1308.02942528165,91.5310233337409,0.218399961403868,1267757.02965338,2548111.1057119
350627,南靖县,Fujian,福建省,1962.39122762261,385.656877731247,0.196523951138154,1.89772130631254,1415.90953690331,486.174994329017,0.217727166858482,1241014.46786342,2653846.58951556
350628,平和县,Fujian,福建省,2311.26559768136,0,0,1.97823696699139,1397.18348880073,340.139824529807,0.23824444380211,1236606.14416056,2614748.62802077
350629,华安县,Fujian,福建省,1277.65946765318,11.057580388866,0.00865455989550697,1.78568882752673,1462.79658485501,670.774055740085,0.198133301933773,1262763.37647796,2684355.39159964
350681,龙海市,Fujian,福建省,1266.02885119874,0,0,2.10405474215135,1173.60356969081,62.929395971908,0.270170592526347,1296806.29850963,2630898.53557772
350702,延平区,Fujian,福建省,2656.35610314835,0.0861539025301129,3.24331148327599e-05,1.8596856377583,1671.11304335747,393.793352045257,0.298066643658763,1309521.70582707,2877732.4990164
350703,建阳区,Fujian,福建省,3387.14634196794,126.533041116674,0.0373568273531276,1.74663309103327,1775.83040206931,416.165269446185,0.302889358406411,1279091.50041254,2965804.45578363
350721,顺昌县,Fujian,福建省,1981.77503841034,0,0,1.79440964190379,1735.10924691709,427.234881964634,0.296974558666741,1267463.22215661,2907960.18913228
350722,浦城县,Fujian,福建省,3375.55137840441,6.19679643015252,0.00183578791595277,1.61628986837891,1798.37839643112,591.175715675838,0.306413417091205,1315480.28818518,3030767.19055627
350723,光泽县,Fujian,福建省,2239.31999395823,190.158932481741,0.0849181595282485,1.6714837301921,1857.64063010887,512.766707646459,0.335142667281912,1206178.2347501,2984122.07317579
350724,松溪县,Fujian,福建省,1041.72730586372,0,0,1.65943290912961,1755.18879446691,590.649371542876,0.303219813575482,1343866.51167876,2997276.31938048
350725,政和县,Fujian,福建省,1745.60830155679,0,0,1.59375668451683,1786.63129114371,720.942834436787,0.301754004421136,1368749.4828197,2968433.91912373
350781,邵武市,Fujian,福建省,2861.83326209264,0.495451625285119,0.000173123861493885,1.69837652889067,1820.04907968557,535.508816612844,0.299708164668854,1224263.80220664,2939197.16532741
350782,武夷山市,Fujian,福建省,2803.3958419902,248.032354968757,0.0884756805491562,1.6684599120338,1825.26969192176,520.867744877773,0.303993558226936,1268757.01431168,3002442.6488929
350783,建瓯市,Fujian,福建省,4195.43587648351,1.8824209511365,0.000448683046662195,1.77849661913722,1715.9791249469,439.487863923246,0.301855839901535,1324917.73447532,2931085.12951233
350802,新罗区,Fujian,福建省,2672.63370581298,34.0543035603926,0.0127418521611564,1.88053286075811,1477.48515724208,472.86747700115,0.23178731415209,1212927.05198636,2711965.57001097
350803,永定区,Fujian,福建省,2225.38453124258,1.53234389733708,0.000688574884845392,1.90941782483959,1504.12883457777,477.424314948056,0.288480739841551,1192890.40921753,2658079.46625083
350821,长汀县,Fujian,福建省,3103.2220669906,101.531612557733,0.0327181266328759,1.7989463835258,1624.70713717083,521.348764186601,0.248835857948722,1135502.8710699,2755885.66816354
350823,上杭县,Fujian,福建省,2852.64514798999,85.1433115873298,0.0298471443766228,1.92245928174586,1529.53883852074,390.221702319855,0.277081456023474,1162481.44364933,2695261.15207373
350824,武平县,Fujian,福建省,2636.42952655479,173.320965710542,0.0657407922209975,1.79137381900953,1659.75881104081,635.324010076183,0.294227104564717,1119184.05462683,2691654.97282198
350825,连城县,Fujian,福建省,2579.73149487942,113.113069202721,0.0438468381020435,1.75788761022374,1601.22610733207,642.291474652382,0.219179187738502,1181449.45509427,2750820.49046837
350881,漳平市,Fujian,福建省,2955.89575953326,0,0,1.82751847691784,1472.62988230199,564.53921618987,0.196695361862447,1247014.82141922,2733951.06210985
350902,蕉城区,Fujian,福建省,1412.39826675111,33.9778808137928,0.0240568695202033,1.69247244068758,1687.67048771912,502.600209215503,0.299502114645997,1424868.48632412,2913254.00406768
350921,霞浦县,Fujian,福建省,1517.61715885153,0,0,1.74478031678809,1665.98752925912,347.888647059394,0.297320777810266,1475506.03554961,2932727.87124522
350922,古田县,Fujian,福建省,2371.628607626,1.41695450500727,0.000597460538488632,1.70539196002125,1655.88202560587,613.089218870747,0.300227666369865,1370447.15721629,2889266.23647749
350923,屏南县,Fujian,福建省,1483.7264480918,0,0,1.64873771290328,1735.21413205639,644.331549539595,0.301241821603602,1376557.40754814,2924453.20355449
350924,寿宁县,Fujian,福建省,1429.46463945608,0.533954282203932,0.000373534446019669,1.47810871327312,1826.89081499335,879.677160276069,0.309050610709657,1418903.22554439,2987117.36921484
350925,周宁县,Fujian,福建省,1038.26979481482,0,0,1.58473379765114,1762.97797916509,726.409971824607,0.301534056591689,1405505.87126561,2948028.3201589
350926,柘荣县,Fujian,福建省,538.764193085662,0,0,1.5442138416433,1759.71621239548,719.904554353189,0.3180191318738,1459295.14586298,2968395.37520095
350981,福安市,Fujian,福建省,1773.29399130664,1.16137372123252,0.000654924522908221,1.67399604818406,1701.75800610778,487.407888123539,0.303217681321997,1439646.27461782,2948539.83789844
350982,福鼎市,Fujian,福建省,1483.76437488038,0,0,1.54257211943304,1760.48342167476,722.949663348263,0.31818855673684,1489191.72237169,2975069.11648402
360102,东湖区,Jiangxi,江西省,55.7344376668306,0,0,1.80983333587647,1579,18,0.336572275959612,1054032.74132586,3087250.85153065
360103,西湖区,Jiangxi,江西省,35.328075067707,0,0,1.80983333587647,1579,18,0.336572275959612,1050838.82060885,3077369.39416165
360104,青云谱区,Jiangxi,江西省,37.1603619411555,0,0,1.80983333587647,1579,18,0.336572275959612,1055362.3069368,3075857.6215251
360111,青山湖区,Jiangxi,江西省,222.212925385912,0,0,1.80983333587647,1579,18,0.336572275959612,1055232.73091317,3084184.46287335
360112,新建区,Jiangxi,江西省,2223.45478057421,275.10907871448,0.123730458167192,1.78595299821026,1549.26281475191,17.8693794231343,0.339871723284117,1052179.26103553,3095136.40142807
360113,红谷滩区,Jiangxi,江西省,203.949348278722,0,0,1.80983333587647,1579,18,0.336572275959612,1042884.35534554,3071667.10670411
360121,南昌县,Jiangxi,江西省,1814.74660350006,2.35801677545558,0.00129936420374488,1.7970820184944,1590.89897444218,18.9487469100567,0.342791490622172,1069351.50276665,3076406.66321656
360123,安义县,Jiangxi,江西省,660.182579934942,0,0,1.74966719541023,1540.58876557277,79.4050403202146,0.328087268946977,1021026.96951517,3095232.77226715
360124,进贤县,Jiangxi,江西省,1935.88448657702,0,0,1.79116544187206,1630.9951126255,29.2906822209174,0.348647408897992,1095259.4680472,3059151.28142241
360202,昌江区,Jiangxi,江西省,406.598176902064,0,0,1.7166743566999,1658.3755170813,141.585510155351,0.368662297231894,1164306.20983651,3157135.61721014
360203,珠山区,Jiangxi,江西省,15.8054783226801,0,0,1.65546676694432,1667.9024836979,231.046965025355,0.36798893459592,1172085.03223963,3165415.09488471
360222,浮梁县,Jiangxi,江西省,2859.41324849292,0,0,1.62561610836475,1678.16618772474,266.435057731943,0.340829950367288,1175415.99431195,3194280.34520107
360281,乐平市,Jiangxi,江西省,1978.81630370245,0,0,1.77656551675569,1682.72642640691,66.1914859725253,0.365296954527829,1180158.81749586,3128758.34552892
360302,安源区,Jiangxi,江西省,211.704487479013,0,0,1.61794980515296,1573.06319906148,408.507677320956,0.31996081362882,868963.264027428,2945812.56988285
360313,湘东区,Jiangxi,江西省,857.536770002086,0,0,1.74106674194336,1479,140,0.319148026200621,854469.910997126,2930908.98020391
360321,莲花县,Jiangxi,江西省,1070.90810905828,0,0,1.55665627890643,1636.78046097394,587.393867523542,0.321341708774702,879787.117265259,2900234.68432899
360322,上栗县,Jiangxi,江西省,728.85208821356,0,0,1.72090152006324,1487.9688536516,147.803903926271,0.319698316301247,864889.397555726,2966508.03394
360323,芦溪县,Jiangxi,江西省,962.594402253479,0,0,1.32618517322786,1796.50021126066,1042.79315736341,0.322239280878176,887035.49950083,2940440.1786174
360402,濂溪区,Jiangxi,江西省,503.168769598461,93.6177733748123,0.186056406977566,1.23998336791992,1817,1087,0.343104968075695,1055356.73474372,3190338.55527821
360403,浔阳区,Jiangxi,江西省,48.7684779116744,0,0,1.23998336791992,1817,1087,0.343104968075695,1050324.64696917,3199284.25641765
360404,柴桑区,Jiangxi,江西省,914.633779037026,7.73401489585172,0.00845585968188765,1.33468503300502,1735.39843926147,884.793628933938,0.343788759929761,1035358.40031419,3187219.90729084
360423,武宁县,Jiangxi,江西省,3504.5200583811,0.0833479215864798,2.37829774685274e-05,1.65003337171969,1513.16833906231,227.77717313011,0.336115724106544,961179.105313448,3137253.42644072
360424,修水县,Jiangxi,江西省,4501.9767939527,1.54847429176499,0.000343954303328481,1.50359261407259,1602.18797007013,553.679997035709,0.328097125357231,908745.070544671,3102444.72867438
360425,永修县,Jiangxi,江西省,1944.42510661981,266.967308886402,0.137298838601451,1.70272692192041,1511.99842207267,131.219815497784,0.341427235640222,1031564.0174218,3130405.58010296
360426,德安县,Jiangxi,江西省,858.580785601221,0,0,1.5380750108727,1586.42620823615,463.739313675565,0.3420384739181,1016647.03696269,3159576.65792467
360428,都昌县,Jiangxi,江西省,2228.18589029083,87.6543233142191,0.0393388736981807,1.67099817013515,1568.32378506904,179.756517939478,0.349723245279306,1086294.21222377,3158425.21215895
360429,湖口县,Jiangxi,江西省,672.757605148787,13.223309851711,0.0196553851647452,1.55184802598494,1616.0589966597,408.056102133859,0.348668605368198,1077435.06383862,3195401.69151111
360430,彭泽县,Jiangxi,江西省,1540.71379919065,50.82002631888,0.0329847284716839,1.70127205408777,1506.49537338386,49.8974605507264,0.353613274393674,1107254.66209985,3217790.49476197
360481,瑞昌市,Jiangxi,江西省,1418.17542945808,0,0,1.53433336768542,1556.37837492597,461.501425602544,0.341760701147095,998640.318568033,3182145.25385226
360482,共青城市,Jiangxi,江西省,282.605297227032,0,0,1.7543339255917,1489.35656204652,23.6481150055282,0.340663155274024,1038492.14386853,3144663.62388038
360483,庐山市,Jiangxi,江西省,664.643894162277,227.307752181428,0.341999308468678,1.42951693052367,1696.26633473451,695.164377274723,0.342205181981154,1051285.85249379,3160827.50493244
360502,渝水区,Jiangxi,江西省,1780.52831000796,5.27249432850015,0.00296119657231206,1.75983032475914,1550.23703691477,117.065696237751,0.332448845505841,975574.486277255,2979888.73105806
360521,分宜县,Jiangxi,江西省,1378.56929792006,21.6284387033295,0.0156890471418171,1.72801635740454,1537.23879259714,176.289966870048,0.330235089209954,943605.243278302,2976027.90770824
360602,月湖区,Jiangxi,江西省,137.163260920891,15.9312471067125,0.116148063262369,1.82476531129078,1754.67768562482,76.4297511870065,0.314630149351591,1169390.56867362,3046064.51494866
360603,余江区,Jiangxi,江西省,928.425781689303,0.00948629905009559,1.02176169998586e-05,1.81660692997138,1739.10122088716,59.5603435095408,0.32814913015104,1155114.81220682,3052341.74776532
360681,贵溪市,Jiangxi,江西省,2492.27672600837,132.987889289598,0.0533600012798707,1.78885071870031,1787.41204372276,166.684846807244,0.347571529756978,1183723.2141622,3041526.69708971
360702,章贡区,Jiangxi,江西省,591.333717459981,0,0,1.89053497181925,1495.35263455,196.615775938885,0.245925623060635,990241.608704894,2754267.28665661
360703,南康区,Jiangxi,江西省,1742.22122534894,0,0,1.81491136158512,1519.97925299341,324.700233802213,0.273599041346424,967776.334664896,2753901.75000732
360704,赣县区,Jiangxi,江西省,2989.71778767682,0,0,1.87331545718381,1496.20672557075,209.806762276613,0.25539495426349,1003876.86626308,2764524.67464018
360722,信丰县,Jiangxi,江西省,2866.23955054347,9.07444882974313,0.00316597711730777,1.94630810858935,1572.2770846728,213.556920363595,0.242026602249154,1001717.40904492,2695754.85864912
360723,大余县,Jiangxi,江西省,1355.87260697261,0,0,1.85407198381782,1545.13924873604,334.294226148344,0.283924531646987,938355.871217718,2707696.44442654
360724,上犹县,Jiangxi,江西省,1541.41619793183,0.573244030926764,0.000371894386276662,1.66108025180405,1595.66588883968,603.195291663415,0.287911168259506,936805.242842266,2762192.08104567
360725,崇义县,Jiangxi,江西省,2196.80356445965,190.228294790557,0.086593220198706,1.7030596018034,1577.99387829141,575.020617276267,0.281880679545067,919230.7672367,2731536.04662646
360726,安远县,Jiangxi,江西省,2348.69008385515,31.4451731998757,0.0133883876021061,1.86406645892914,1634.24462375508,410.878505296224,0.3109951192976,1043636.47417454,2694732.25400527
360727,龙南县,Jiangxi,江西省,1646.18097470369,128.955831384453,0.0783363635991875,1.85676384406851,1732.35381380914,505.623752585782,0.245490840372226,982333.577872363,2636715.59287415
360728,定南县,Jiangxi,江西省,1322.71677811979,0,0,1.86744329301415,1719.89800212523,488.116217917429,0.250375549407462,1018209.85676527,2646077.26976539
360729,全南县,Jiangxi,江西省,1534.23171742832,11.1826567391031,0.0072887664960072,1.90832159252382,1665.72254759614,358.584051832327,0.278794383985503,959822.892836482,2642848.90372807
360730,宁都县,Jiangxi,江西省,4047.19792274688,1.52677612198531,0.000377242761814097,1.76583125046626,1675.35171046665,347.391537970045,0.290621008319619,1088860.70331466,2850515.42056216
360731,于都县,Jiangxi,江西省,2894.21723395244,0,0,1.89908426293985,1543.88855007609,206.412197661247,0.258064978764333,1046810.90057321,2773021.67498852
360732,兴国县,Jiangxi,江西省,3214.7300499465,0,0,1.76028212146579,1609.80929894386,365.95599504076,0.264828853939385,1034828.81911804,2826331.84090402
360733,会昌县,Jiangxi,江西省,2710.84998057145,0,0,1.81909087077403,1626.51211831863,467.015519721072,0.290761517636773,1077425.81479345,2728172.9048029
360734,寻乌县,Jiangxi,江西省,2352.51981751966,33.9619227253486,0.0144364023939045,1.82998049581636,1694.42272105729,576.999447177506,0.303471228486983,1074653.6209091,2660875.67939987
360735,石城县,Jiangxi,江西省,1567.45299419729,105.146001912061,0.0670808007010814,1.75476876563454,1680.96817911633,497.310346879593,0.275317504291067,1127853.80158718,2823262.5653107
360781,瑞金市,Jiangxi,江西省,2441.15641297426,55.3805974039285,0.022686214250587,1.86825744604507,1601.49040607684,313.676367435095,0.280208073496875,1094373.11595805,2776497.37306715
360802,吉州区,Jiangxi,江西省,424.98818962433,0,0,1.81178000968074,1533.5124579034,98.6847178643217,0.324133869596767,977380.480888843,2902300.40084634
360803,青原区,Jiangxi,江西省,918.05170998027,13.2797052768389,0.0144650950839406,1.82160116337974,1558.38520554197,129.495856373496,0.337321622102149,1008119.09172084,2876729.98857448
360821,吉安县,Jiangxi,江西省,2122.98406083828,6.57462085771843,0.0030968771640812,1.78630097200846,1516.82305855939,122.953131703158,0.310794325205413,958280.273852564,2898837.07484135
360822,吉水县,Jiangxi,江西省,2506.42272202953,0,0,1.7891733343233,1572.15271475824,142.240456319233,0.33942821219128,1006975.63815891,2910200.72432184
360823,峡江县,Jiangxi,江西省,1298.3687371726,0,0,1.787746889583,1562.60421154887,89.9210660499297,0.334662500093022,998659.733866185,2952976.835373
360824,新干县,Jiangxi,江西省,1243.55809755874,0,0,1.74790808887587,1618.92998893745,166.731487916052,0.321042319307049,1025573.42822568,2972535.25513265
360825,永丰县,Jiangxi,江西省,2708.77633073993,0,0,1.75985994255405,1631.45149332346,228.263136924842,0.330059716547972,1041510.72422564,2902158.12617995
360826,泰和县,Jiangxi,江西省,2659.52744458402,0,0,1.76336867324554,1550.52152516459,250.677725566903,0.322771280121767,978132.240420436,2856182.16378585
360827,遂川县,Jiangxi,江西省,3100.17991496213,27.2553085938193,0.00879152479579632,1.57672721681659,1627.9835465439,690.366725566006,0.289663455880107,929385.807182933,2806671.61849961
360828,万安县,Jiangxi,江西省,2036.3231491008,0,0,1.75117409150729,1535.59247952063,320.615271557329,0.306346872162301,973251.612134779,2822233.56275982
360829,安福县,Jiangxi,江西省,2793.73686850196,10.9573143299391,0.00392209962701841,1.57213154195871,1642.65452097348,538.466459549424,0.322223949051203,926980.466933136,2920240.83842122
360830,永新县,Jiangxi,江西省,2181.62136558819,0,0,1.75729973209441,1501.96107564517,192.423599952441,0.316528252705887,905030.974910046,2874933.7553184
360881,井冈山市,Jiangxi,江西省,1289.46813609573,232.062797798545,0.179967842013675,1.4588052322815,1679.66100577797,838.917320755085,0.283308657355125,901980.104127135,2836714.38177703
360902,袁州区,Jiangxi,江西省,2536.9212623764,20.4120458215393,0.00804599106967114,1.65859808422593,1555.35199548542,297.044440543121,0.325407240472325,905894.329720214,2971906.27390657
360921,奉新县,Jiangxi,江西省,1649.88580277853,1.77349557603543,0.00107492019935485,1.57661377630183,1616.60142574759,422.383163935348,0.319267856830079,982407.176506104,3077699.32984336
360922,万载县,Jiangxi,江西省,1716.41646366224,0,0,1.57987154592681,1588.28169520168,428.119866349325,0.311293879652,906492.253612145,3013462.98984206
360923,上高县,Jiangxi,江西省,1346.38066094014,0.30649783284274,0.000227645748141333,1.74762261363475,1527.55867690484,92.9525224040435,0.33277424950452,957368.425063907,3017137.17893028
360924,宜丰县,Jiangxi,江西省,1937.09400905919,51.3194091850392,0.0264929884378529,1.65709215654863,1569.88964653983,268.224707090771,0.32771858228339,946400.379982925,3044850.08753962
360925,靖安县,Jiangxi,江西省,1377.7736409229,110.826638705038,0.0804389309050797,1.60688574598098,1580.94072457662,347.00531799684,0.327477489144747,985316.690253836,3103965.34044699
360926,铜鼓县,Jiangxi,江西省,1552.54339100974,62.4137882827971,0.040200994474109,1.47680943809694,1639.20060038187,620.106551117022,0.31871813218186,905489.442413461,3058932.08101872
360981,丰城市,Jiangxi,江西省,2836.34436566662,0,0,1.77881769434747,1627.7947815428,99.1229464776767,0.327310771794005,1051713.1101768,3017376.22267469
360982,樟树市,Jiangxi,江西省,1288.83463289055,0,0,1.77150031353512,1588.66671171615,99.8198837298859,0.329577670278291,1014091.04924453,3000936.26304206
360983,高安市,Jiangxi,江西省,2426.81696282753,0,0,1.76288098471394,1547.11800219707,65.2190566811522,0.333705447169373,998468.316040831,3039922.99614976
361002,临川区,Jiangxi,江西省,2127.4434985853,0,0,1.81095283569593,1684.1011223121,77.5076475289281,0.33673462835943,1106293.36237824,3002079.40362695
361003,东乡区,Jiangxi,江西省,1267.7507947777,0.85681338804073,0.000675853165756425,1.82149577407549,1709.35513543694,48.0392781869319,0.324146997928338,1127238.13608431,3037999.74604109
361021,南城县,Jiangxi,江西省,1712.31839696314,0,0,1.76611754254887,1758.54337912188,264.177000518632,0.321954365167437,1142598.8459193,2960929.11477509
361022,黎川县,Jiangxi,江西省,1707.99040997536,0,0,1.68344115988247,1811.53593930323,512.789360181639,0.294542918550081,1170336.28685128,2935119.75248315
361023,南丰县,Jiangxi,江西省,1911.85279020716,3.95608699237885,0.0020692424713046,1.73067040259138,1748.39477203549,373.369078089194,0.296135906569649,1130113.90406484,2914169.47240244
361024,崇仁县,Jiangxi,江西省,1520.02591934677,0,0,1.7748367237709,1685.12084378862,159.120937425869,0.325124893289907,1080249.56671852,2975690.85474635
361025,乐安县,Jiangxi,江西省,2410.56711222511,0.730496127012222,0.000303039116109871,1.75858584121796,1654.08957936148,199.069456136998,0.312688922999291,1062697.61156613,2935468.32859342
361026,宜黄县,Jiangxi,江西省,1938.98981787,249.295763390628,0.128569918775789,1.74563306523431,1714.09643209002,249.020068014484,0.328178136146301,1102183.16512433,2942000.14412123
361027,金溪县,Jiangxi,江西省,1352.55262892353,0,0,1.81045465169922,1746.77314145927,113.869002491607,0.324580041419157,1144559.66192758,3007722.76730487
361028,资溪县,Jiangxi,江西省,1248.52621139275,136.390100654673,0.109240878893946,1.73567574156117,1803.30396591895,333.692904157421,0.342796519003729,1173955.92892287,2990021.51444931
361030,广昌县,Jiangxi,江西省,1603.20187333019,0,0,1.71972962605662,1734.58108994341,424.29293543493,0.28838064495553,1121111.46639724,2873540.14258722
361102,信州区,Jiangxi,江西省,316.122028028106,0,0,1.84594993591309,1746,105,0.304611349477545,1262342.80874619,3085961.49452164
361103,广丰区,Jiangxi,江西省,1374.9916359382,107.568766820444,0.0782323062983915,1.63239304726174,1810.24482644977,524.411437455942,0.306290096564331,1285380.49700808,3074199.33171145
361104,广信区,Jiangxi,江西省,2231.17975420593,0.857998736663298,0.000384549355580118,1.75059609533124,1789.86503777383,291.365570777327,0.305770037491802,1252851.48648733,3074436.97296398
361123,玉山县,Jiangxi,江西省,1731.12437085891,0,0,1.5457065487266,1854.69630940618,599.476751368317,0.311469124886148,1269120.49396042,3116527.86150842
361124,铅山县,Jiangxi,江西省,2179.15092224867,153.115123606317,0.0702636618891534,1.74266006791002,1807.93555041834,330.462177645575,0.314972389720345,1234619.75408042,3038809.35651562
361125,横峰县,Jiangxi,江西省,654.387575363281,0,0,1.82413831501584,1757.95318165565,89.2399115171311,0.345218070525122,1222208.27309906,3082923.66372387
361126,弋阳县,Jiangxi,江西省,1573.6046481586,0,0,1.80085940536399,1777.62503044265,122.240175443337,0.362476142945088,1201189.25346328,3073074.66349615
361127,余干县,Jiangxi,江西省,2356.61830318896,7.15761440049693,0.00303723958640706,1.77858421246569,1652.85690945052,41.5720161065604,0.357502560505171,1121417.85767684,3089452.04636423
361128,鄱阳县,Jiangxi,江西省,4125.25516574502,0,0,1.73252477965138,1610.71551313909,92.0607137692625,0.364762300815803,1130423.46130414,3153767.98439019
361129,万年县,Jiangxi,江西省,1151.79297696801,0,0,1.79049930129814,1721.23319617708,68.8467743135468,0.360795003167902,1159060.73784307,3096276.54317619
361130,婺源县,Jiangxi,江西省,2968.88479589537,24.989027150545,0.00841697434171025,1.64998109222776,1704.65970801769,248.632489376148,0.322589747425128,1224184.52476694,3174719.78360075
361181,德兴市,Jiangxi,江西省,2080.64724257963,12.1392627219562,0.00583436849530806,1.59201680236915,1828.61219167921,464.797302235469,0.33970831506995,1226667.79824011,3131400.43250896
370102,历下区,Shandong,山东省,99.7426633074641,0,0,1.3518500328064,721,138,0.295805885144427,1058742.97737013,3986402.06635025
370103,市中区,Shandong,山东省,284.356220841938,0,0,1.3518500328064,721,138,0.295805885144427,1048930.10556268,3976578.26217644
370104,槐荫区,Shandong,山东省,151.881019963705,0,0,1.3518500328064,721,138,0.295805885144427,1039907.60666629,3986716.31778365
370105,天桥区,Shandong,山东省,258.850099723911,0,0,1.3500348267845,714.099368226354,131.634300921985,0.293744973213114,1046819.17207847,3998242.0185164
370112,历城区,Shandong,山东省,1301.76176801696,5.93236477251465,0.00455718159671546,1.31368235338927,710.969607556242,189.13112390748,0.294076109314885,1066974.40713773,3981724.50141915
370113,长清区,Shandong,山东省,1206.49537757387,58.1651905177464,0.0482100400871078,1.32927173421884,698.766649087663,136.988920049522,0.317792035745932,1035683.04567109,3957024.88327047
370114,章丘区,Shandong,山东省,1716.20972620293,0,0,1.2353674359928,678.320594891607,283.918927264158,0.286326200127491,1090302.72909727,3999803.52695578
370115,济阳区,Shandong,山东省,1098.48972367461,0,0,1.32211412510205,599.235845893366,22.1490498997059,0.261076790476328,1057662.02422911,4028488.6918905
370116,莱芜区,Shandong,山东省,1727.7788878253,0,0,1.23129473763973,724.466588687315,325.821095412621,0.299632960049489,1108731.77140974,3953905.60210797
370117,钢城区,Shandong,山东省,520.732223083286,0,0,1.19961753083748,760.620037691523,374.717467418494,0.301821583417279,1130613.4288005,3935866.8174825
370124,平阴县,Shandong,山东省,714.986404089439,0,0,1.3496000289917,637,79,0.383739562474476,1005208.09374655,3927842.41241262
370126,商河县,Shandong,山东省,1162.18534358518,0,0,1.31344981268091,549.001814918106,15.5070779196104,0.276845069110345,1058720.18777972,4061945.40580679
370202,市南区,Shandong,山东省,28.8205930782245,1.93430112971365,0.0671152437586412,1.31123332977295,695,4,0.366194574939489,1353432.83285321,3960406.65176384
370203,市北区,Shandong,山东省,65.130196964807,4.37986403398753,0.0672478241752314,1.31123332977295,695,4,0.366194574939489,1352753.79643076,3965265.12005313
370211,黄岛区,Shandong,山东省,2051.24344559183,0,0,1.24273213308273,759.730194638136,97.9931159502441,0.370194562849661,1314046.63811309,3930523.35603863
370212,崂山区,Shandong,山东省,388.304173392501,325.331544642195,0.837826546647355,1.31123332977295,695,4,0.366194574939489,1369437.19179273,3977007.57750246
370213,李沧区,Shandong,山东省,95.346851225303,34.1483878942309,0.358149088883269,1.31123332977295,695,4,0.366194574939489,1356232.46166135,3974237.9984033
370214,城阳区,Shandong,山东省,524.308882254292,88.0940719844185,0.168019415588868,1.31123332977295,695,4,0.366194574939489,1346587.49522851,3983174.64230106
370215,即墨区,Shandong,山东省,1836.88565815705,0.126834289992201,6.9048549336192e-05,1.27010569143568,701.094830559419,16.9064311531546,0.364449611226782,1359282.83734514,4008707.36681584
370281,胶州市,Shandong,山东省,1303.64684207546,0,0,1.26502736362039,709.415594203558,32.2269259031959,0.366402429278492,1314076.50771159,3974055.35509212
370283,平度市,Shandong,山东省,3174.5274952494,0,0,1.2457753911802,683.009468334317,40.0893990954943,0.365874204621226,1304272.86243035,4034448.43726094
370285,莱西市,Shandong,山东省,1575.02187238508,0,0,1.21552180067513,693.073482966027,72.5930914307115,0.351714032275356,1345512.18807507,4049365.47114469
370302,淄川区,Shandong,山东省,961.957671070869,0,0,1.22728878930989,713.231082164568,329.581548745876,0.295919708445838,1140374.17623786,3987767.83427865
370303,张店区,Shandong,山东省,360.326548255233,0,0,1.36293234812928,639.037425748914,49.3694854158382,0.29622310218489,1141005.69047863,4014884.3723286
370304,博山区,Shandong,山东省,696.555218824495,0,0,1.22353370295679,715.361837684746,336.920642088792,0.296020101404687,1137163.25546078,3969528.38120309
370305,临淄区,Shandong,山东省,665.932658840953,0,0,1.35988509884161,641.792282335891,54.9514685313146,0.296270006983003,1159843.33442969,4021204.90157613
370306,周村区,Shandong,山东省,304.751984330384,0,0,1.27505034583584,675.393775684618,221.250141966302,0.292964147765388,1124008.52778414,4005631.09362719
370321,桓台县,Shandong,山东省,503.536574457629,0,0,1.37262118175497,631.093517872653,23.1841660853872,0.294837702542875,1134669.12472346,4034429.02194224
370322,高青县,Shandong,山东省,835.338464771852,0,0,1.34811856944728,615.283755336133,15.4219481623751,0.284184805443952,1114143.0922233,4051435.64706275
370323,沂源县,Shandong,山东省,1638.24288218187,0,0,1.19230222987033,766.609421919478,373.497926768303,0.316655955083642,1162424.90805426,3939715.32090255
370402,市中区,Shandong,山东省,375.229228185958,0,0,1.40042203285267,702.390292926484,44.8233055478317,0.405909777861607,1127945.54580054,3791172.42583604
370403,薛城区,Shandong,山东省,506.588390376871,0,0,1.42586669921875,705,52,0.359090918314316,1107018.96885796,3780062.27994305
370404,峄城区,Shandong,山东省,634.744457261301,0,0,1.40036049802467,702.383948908636,44.8059260606587,0.406023085317964,1129994.0142541,3773871.01698155
370405,台儿庄区,Shandong,山东省,533.121545870884,0,0,1.40857896846758,693.300627291154,36.2401218467645,0.424217847246968,1135117.92536048,3760028.34888955
370406,山亭区,Shandong,山东省,1019.73049162671,0,0,1.33360554549807,725.760068738252,207.386022913924,0.370233056171197,1114048.41377377,3814781.42753053
370481,滕州市,Shandong,山东省,1482.49912319025,0,0,1.37599690114431,709.536199844952,126.956378508412,0.363825609980009,1084705.8863561,3807964.63791189
370502,东营区,Shandong,山东省,1090.99078964379,0,0,1.33998344526383,591.439655798096,3.55172463847717,0.294286390398123,1177586.06533746,4086964.68400189
370503,河口区,Shandong,山东省,1850.09414963382,175.632245128226,0.0949315174922251,1.30228865823267,592.783565836221,5.44328683275581,0.289950868610638,1169174.67647151,4149261.57925183
370505,垦利区,Shandong,山东省,1882.72081204182,520.33837578914,0.276375749639072,1.30354699226254,600.851505946906,3.6434745693662,0.292952943172008,1190122.70787127,4118511.75520199
370522,利津县,Shandong,山东省,1175.05256019551,11.4949099803961,0.00978246452097728,1.31973583195807,590.513075967629,6.93263404320503,0.290314351072195,1157635.68206055,4116369.88701088
370523,广饶县,Shandong,山东省,1147.81855928076,0,0,1.35339730483557,617.970557115475,11.9128002487531,0.295566476657916,1176275.27677586,4058692.70051564
370602,芝罘区,Shandong,山东省,173.728324793993,0,0,1.19943729245318,665.11172145902,64.6400086320469,0.31852364937207,1412708.57279509,4135651.06548908
370611,福山区,Shandong,山东省,704.45554425046,10.3816695071084,0.0147371535249317,1.19888436345442,665.953612639391,66.5257802230253,0.319306178802509,1399620.09524396,4129226.26124254
370612,牟平区,Shandong,山东省,1508.46353911048,116.662672295449,0.0773387418858287,1.18898656051659,698.63962092402,63.6258214174896,0.353375413023132,1435892.76028756,4111118.2049107
370613,莱山区,Shandong,山东省,325.304815294316,0,0,1.20089689187624,669.994119668757,49.8580579321797,0.325224831822097,1421597.99479025,4121564.91670185
370634,长岛县,Shandong,山东省,56.2124648975439,10.1346996259474,0.180292745468812,,,,,1350865.70499666,4188950.41152906
370681,龙口市,Shandong,山东省,941.546066899075,0,0,1.19204998016357,603,90,0.343500255128114,1338230.95528765,4133671.24527011
370682,莱阳市,Shandong,山东省,1725.1354707754,0,0,1.20433608519991,701.118496883817,87.0044940503105,0.355793675651747,1371559.1093288,4058062.94465252
370683,莱州市,Shandong,山东省,1869.48061630149,0,0,1.24390086635157,658.689040586825,78.7667575060428,0.352048958896106,1301228.09879234,4080052.13600126
370684,蓬莱市,Shandong,山东省,1127.00894080946,0,0,1.19393479906126,618.89922192146,83.5890234187664,0.337055486472664,1366227.4980032,4143796.58830329
370685,招远市,Shandong,山东省,1432.77087099291,0,0,1.18377931202319,655.96774866172,116.840116444687,0.340643216609285,1333440.91159657,4102412.82994802
370686,栖霞市,Shandong,山东省,2017.28119670781,0,0,1.18313175913274,673.661448655743,110.634825229278,0.342011692899102,1377161.96432558,4105679.14642957
370687,海阳市,Shandong,山东省,1867.18072633994,0,0,1.20990552135055,716.548240015042,76.5704007540066,0.368663765529625,1403592.93725527,4057933.17474667
370702,潍城区,Shandong,山东省,287.505692262645,0,0,1.29088224716235,688.444534332706,36.4425729008814,0.348955918616516,1226027.61178033,4013232.9486519
370703,寒亭区,Shandong,山东省,1253.84001361137,0,0,1.287692386576,657.176749644932,7.24132906286522,0.349860032154326,1231355.75039041,4046918.51962335
370704,坊子区,Shandong,山东省,891.756591676509,0,0,1.25441461641581,713.024728968313,57.1770190652311,0.3703463586263,1257932.92785556,3998521.92543169
370705,奎文区,Shandong,山东省,190.575369480098,0,0,1.26451281962824,677.19606160216,9.59474880288051,0.372099709634862,1240938.05866482,4014319.65432418
370724,临朐县,Shandong,山东省,1830.78705892544,0,0,1.22040322898741,745.713162843968,275.060718321985,0.366792731457244,1189814.14277962,3969693.23939015
370725,昌乐县,Shandong,山东省,1101.23787729047,0,0,1.25549722673314,725.144575124391,169.232117025508,0.360341681511109,1218261.90634143,3993089.45208402
370781,青州市,Shandong,山东省,1559.06114312872,0,0,1.28450335955742,703.255434492096,182.125705238811,0.317121436996557,1177301.30523006,4003963.5086663
370782,诸城市,Shandong,山东省,2151.27240007478,0,0,1.24496962313578,765.000280010091,93.2548028172722,0.370062280562132,1270543.93195462,3940906.73069738
370783,寿光市,Shandong,山东省,1939.79734836139,0,0,1.35472000129067,657.408924813495,15.4475996443427,0.298052777587246,1203084.10687938,4045674.94012019
370784,安丘市,Shandong,山东省,1708.15797647325,0,0,1.24555183130795,735.113138679652,106.398103345206,0.370737583494178,1239662.26687195,3969729.65477992
370785,高密市,Shandong,山东省,1521.09108981768,0,0,1.25704774349558,701.137722148255,27.0092290975148,0.365967024415426,1290359.92285682,3986571.75357794
370786,昌邑市,Shandong,山东省,1449.33841673368,0,0,1.26395494222948,678.815225490743,10.787770885179,0.371655530862579,1259356.91280661,4037335.02774162
370811,任城区,Shandong,山东省,861.408593456373,0,0,1.39035108154371,677.57214090323,38.4520063060363,0.369269283186474,1029460.23451315,3837109.68478112
370812,兖州区,Shandong,山东省,650.329283028729,0,0,1.36135580500521,690.748893334337,59.3094566694256,0.333841862512476,1042846.69647929,3860701.00756213
370826,微山县,Shandong,山东省,1772.93712534924,0,0,1.41347245501158,690.758140507859,43.2475969371173,0.368801137977655,1072827.9898332,3786486.33751313
370827,鱼台县,Shandong,山东省,651.411208464871,0,0,1.41057588630195,680.370551469462,38.3774838211171,0.365565427074857,1033941.49852098,3796952.66530966
370828,金乡县,Shandong,山东省,885.314595499998,0,0,1.42301296131794,671.936985685794,40.4783996622421,0.369331746651996,1010697.76133708,3797556.12932803
370829,嘉祥县,Shandong,山东省,974.666373606466,0,0,1.40213052163468,660.170994800957,38.9973402215125,0.374081824493744,1005140.73991871,3840041.33344257
370830,汶上县,Shandong,山东省,889.193073865321,0,0,1.35842484451696,658.579934481879,48.347146813839,0.381651617635635,1018999.25332365,3873823.02235344
370831,泗水县,Shandong,山东省,1116.39489679602,0,0,1.33694606181951,718.485657130555,119.266243446917,0.309521664173926,1094050.68803775,3874514.32278825
370832,梁山县,Shandong,山东省,961.735859299579,0,0,1.3624062000719,629.610629801983,41.620828311119,0.40739606648253,984450.65337635,3879623.56572631
370881,曲阜市,Shandong,山东省,816.763676922075,0,0,1.34746784578472,699.277106276535,84.4234795522486,0.319482613754287,1066828.45545545,3868353.03719279
370883,邹城市,Shandong,山东省,1615.21158755699,0,0,1.34821510299692,706.481391104428,148.806187623378,0.367904587733465,1075418.22311833,3839634.17616066
370902,泰山区,Shandong,山东省,339.657184476382,128.342637157309,0.377859332948199,1.29642571489365,715.358831859184,189.127757271721,0.310382225697564,1071824.88198632,3937198.53913771
370911,岱岳区,Shandong,山东省,1756.29283558988,77.1916140118037,0.0439514484416135,1.28852111072382,718.298681962469,207.383990988054,0.308250811454367,1073270.49027314,3929641.85352808
370921,宁阳县,Shandong,山东省,1123.97125505813,0,0,1.34674907585411,698.263207170514,77.9000296268326,0.313644879019918,1055001.90971889,3891709.72912248
370923,东平县,Shandong,山东省,1338.56724673363,0,0,1.35527823863103,642.722663035776,53.3886412173239,0.400526710252098,1001112.65493852,3901550.62258879
370982,新泰市,Shandong,山东省,1932.54043777611,0,0,1.28507639139148,734.055035691121,215.858690705688,0.306682460898009,1114045.57469981,3906073.09677272
370983,肥城市,Shandong,山东省,1267.88273114329,0,0,1.3201768779838,693.149273595902,136.619325047972,0.326470706171777,1034625.79832029,3921098.86968111
371002,环翠区,Shandong,山东省,976.871198480221,0,0,1.18824951371128,709.126288236514,23.3289301478215,0.341324666583623,1480395.33012329,4130816.19637446
371003,文登区,Shandong,山东省,1547.37267282988,34.5968547707506,0.0223584501511707,1.17933919429775,712.175382237666,58.2166884414885,0.354483497556742,1475826.24674069,4101208.56613418
371082,荣成市,Shandong,山东省,1473.22398247153,27.6133133007241,0.0187434589914829,1.18007830919068,716.299203707365,34.061783474657,0.34950923864308,1509837.20838813,4106992.46137985
371083,乳山市,Shandong,山东省,1628.32151366258,0,0,1.16708589869375,719.752738737973,126.781168171104,0.365420661810694,1437526.38759924,4077007.22764594
371102,东港区,Shandong,山东省,1243.69205209478,0,0,1.20879457390314,855.14124584567,231.17200711159,0.370109086266061,1275610.69114185,3878584.12472297
371103,岚山区,Shandong,山东省,773.613828580027,0,0,1.24352132745854,864.735492632787,174.929870773321,0.372746186411861,1263006.91599196,3857905.55557034
371121,五莲县,Shandong,山东省,1496.4460008532,0,0,1.23289414683702,804.687147210333,144.095974438392,0.370102971185743,1260336.65553153,3908660.63162246
371122,莒县,Shandong,山东省,1818.13860962139,0,0,1.22742283389833,820.561710729749,185.137835598002,0.371136171770368,1229498.46143351,3896235.03079491
371302,兰山区,Shandong,山东省,945.922693894379,0,0,1.30358281932014,782.207713179948,94.6159705698658,0.360320334948548,1183224.94011549,3837823.27956407
371311,罗庄区,Shandong,山东省,570.400671820776,0,0,1.3354779955359,764.44921380676,60.537713878477,0.394103379576092,1186641.84949342,3806295.56207648
371312,河东区,Shandong,山东省,796.34149431896,0,0,1.30293470386892,789.235967049056,73.5880381998014,0.361474351174378,1205094.78455664,3833002.28585128
371321,沂南县,Shandong,山东省,1721.13663837772,0,0,1.26862046741145,792.670740021011,124.899697160835,0.362759299839809,1189692.07854039,3875884.43033967
371322,郯城县,Shandong,山东省,1198.76133216315,0,0,1.37853775238378,739.105550597256,39.3103735535355,0.420818111413964,1196111.72719302,3772996.31575395
371323,沂水县,Shandong,山东省,2410.59637642977,0,0,1.22160266924732,787.548804772045,240.498188112364,0.370987865158898,1201208.52772511,3919725.34438882
371324,兰陵县,Shandong,山东省,1723.63171344444,9.97714164310666,0.00578844167537897,1.36662341308154,716.785301479109,76.4431724866743,0.417234328997149,1162523.5304369,3794560.04313095
371325,费县,Shandong,山东省,1600.37353493767,0,0,1.29662656720014,744.694599134546,222.815041136071,0.354478829176549,1152364.20050548,3837007.96322089
371326,平邑县,Shandong,山东省,1825.24915995357,0,0,1.29954631948806,739.735099338159,219.971991926805,0.33881874730434,1126747.47970361,3855209.98270812
371327,莒南县,Shandong,山东省,1751.70290851502,0,0,1.2971758979444,860.282519924323,86.0961025502622,0.373693064715124,1237017.90245855,3844922.06476063
371328,蒙阴县,Shandong,山东省,1604.4190812158,0,0,1.24933223035144,758.350574717628,274.314367897338,0.309343340035997,1153468.90447558,3894352.70763509
371329,临沭县,Shandong,山东省,1050.47693350905,0,0,1.33869190503653,801.448799033668,45.8034055892153,0.380435605621075,1221600.91784255,3805590.16374953
371402,德城区,Shandong,山东省,539.91138856237,0,0,1.30126277023412,501.049583975372,21.3255375968297,0.349440691341872,986300.218031308,4066425.13789851
371403,陵城区,Shandong,山东省,1210.49422691303,0,0,1.30325177669107,513.423835902554,20.3045430962615,0.338137175975261,1013286.26547985,4066217.05449213
371422,宁津县,Shandong,山东省,833.080992813228,0,0,1.30286742192784,498.52769561485,17.2595078459561,0.327945840361415,1019669.16583113,4098338.65716313
371423,庆云县,Shandong,山东省,501.11556394559,0,0,1.31107462197562,543.72369613681,8.19735507347336,0.286824760454585,1073796.91704155,4118102.36512749
371424,临邑县,Shandong,山东省,1018.19247860472,0,0,1.31431196691044,569.405767111507,18.0302517639507,0.274728433400371,1033167.49824106,4048545.51110738
371425,齐河县,Shandong,山东省,1411.67008755042,0,0,1.32393286303643,625.033875000431,50.8702477455079,0.334544272293289,1020840.24195525,3988858.84942771
371426,平原县,Shandong,山东省,1046.76389125008,0,0,1.30497535770897,555.939580316517,23.0100699472472,0.346984611479316,994105.383038331,4034079.10038638
371427,夏津县,Shandong,山东省,881.789216639057,0,0,1.30023266615854,514.180190333046,30.7602306547433,0.373525737241678,961329.272823052,4015320.83244783
371428,武城县,Shandong,山东省,748.485810054021,0,0,1.29947974911326,513.574351532299,29.9457192690133,0.372407169274623,963065.97064006,4041325.66682537
371481,乐陵市,Shandong,山东省,1173.23314678165,0,0,1.30656214995362,521.151538973225,12.9318271149595,0.286572233413427,1048407.79917298,4100373.70150611
371482,禹城市,Shandong,山东省,991.581915336996,0,0,1.30913181538917,574.826876957488,24.7040579923741,0.358600655702254,1009765.08359786,4009895.90214672
371502,东昌府区,Shandong,山东省,1440.58511462797,0,0,1.33287066124028,562.448455226576,42.9804607589532,0.385424804877318,960258.022331931,3950902.07193754
371503,茌平区,Shandong,山东省,1003.50835654285,0,0,1.31295248898471,571.945984982153,32.7599200466826,0.376011991569791,978948.453121818,3970469.74155735
371521,阳谷县,Shandong,山东省,1009.86752296739,0,0,1.34830385123929,569.023754723206,41.2539646647631,0.390242155068454,957889.606929157,3916655.53214027
371522,莘县,Shandong,山东省,1387.23416436084,0,0,1.35408780698582,564.444978049483,43.6956182164588,0.39307365923332,929663.238715456,3912327.08060423
371524,东阿县,Shandong,山东省,725.086866071666,0,0,1.34702649787237,634.073789459431,75.0778909585436,0.383080069259037,992516.745360992,3940839.25437126
371525,冠县,Shandong,山东省,1159.29463019128,0,0,1.32404381807518,525.849469757459,38.3203689877155,0.385797837893421,923984.717010002,3956803.32996507
371526,高唐县,Shandong,山东省,948.321200091425,0,0,1.31037476573574,573.101897789733,27.6342122722053,0.369257953190901,982629.662248746,3997669.59159774
371581,临清市,Shandong,山东省,946.017444222023,0,0,1.30561978292613,514.985726434774,34.507136782613,0.377833719482069,941967.120530088,3986627.58664395
371602,滨城区,Shandong,山东省,1043.39703409808,0,0,1.33695180096827,590.001723391218,9.49963070188186,0.287309442913305,1123955.94563191,4081514.79035206
371603,沾化区,Shandong,山东省,1711.24101276382,0,0,1.31698665182658,580.395367499266,6.73044777418291,0.287665980077916,1127615.06372153,4126128.27116394
371621,惠民县,Shandong,山东省,1363.85810093764,0,0,1.33071318569226,584.59152311416,11.7226240983821,0.281287943297423,1089924.89589837,4071741.01645464
371622,阳信县,Shandong,山东省,799.10239295009,0,0,1.32384227919819,566.767568296992,11.3613908655968,0.282827589960738,1086092.54724121,4097439.30395357
371623,无棣县,Shandong,山东省,1956.71871492755,264.154795440057,0.134998859787488,1.31612733309523,569.234639103228,4.44134022419302,0.287169723076554,1101330.05550136,4140778.03449316
371625,博兴县,Shandong,山东省,897.748203313656,2.99470308434833,0.00333579401584393,1.35857445759556,613.211754648637,15.4110878393767,0.294855747186116,1148564.51893345,4057960.15069244
371681,邹平市,Shandong,山东省,1249.50953062796,0,0,1.33809874713724,627.249400800938,38.013793777529,0.282013691683212,1103938.51160239,4025662.79794218
371702,牡丹区,Shandong,山东省,1426.75576981683,0,0,1.4007528750243,617.034421265123,54.1199522387394,0.429932616417108,932742.509234497,3815386.15710294
371703,定陶区,Shandong,山东省,845.584678290557,0,0,1.41406313978332,646.845612083909,50.151599644591,0.404127770033348,948894.837387104,3796642.49019605
371721,曹县,Shandong,山东省,1967.12189462982,0,0,1.42465557010829,661.980058928456,52.3236131772895,0.397998884500063,945430.592136781,3764996.57652831
371722,单县,Shandong,山东省,1646.47942299564,0,0,1.4356226835136,685.50231056919,43.6365130948579,0.388120344183698,997387.397083255,3760482.16650598
371723,成武县,Shandong,山东省,989.728185027221,0,0,1.42482396356494,666.595349594578,44.2887762455999,0.378946778106504,978602.419534349,3786899.27781409
371724,巨野县,Shandong,山东省,1298.87347904804,0,0,1.40600403348253,653.420091403574,42.0184950055657,0.387569523826665,983308.287477188,3820191.04156364
371725,郓城县,Shandong,山东省,1633.25647732136,0,0,1.38403341523721,616.705563332452,47.4855517165153,0.410947237634054,966474.24924393,3856109.64762381
371726,鄄城县,Shandong,山东省,1038.44978496011,0,0,1.38982484272475,609.901654115678,51.4744461959662,0.433924380061286,936705.912229962,3846516.40262961
371728,东明县,Shandong,山东省,1306.78733987786,28.4492755141449,0.021770394191915,1.41189641053053,614.411575049091,61.675608577039,0.410836632089868,898877.152126174,3800430.00362606
410102,中原区,Henan,河南省,197.805417531356,0,0,1.41038013384598,613.055998870468,206.168016781623,0.42707183884368,766967.842342994,3743199.71265152
410103,二七区,Henan,河南省,155.967909775939,0,0,1.42269292570949,615.673090480763,167.285512857236,0.422301997792146,772180.58376267,3732076.85500698
410104,管城回族区,Henan,河南省,199.334934770873,0,0,1.44305000305176,620,103,0.414415888429394,786157.666233462,3735289.49509973
410105,金水区,Henan,河南省,242.006448256218,0,0,1.44271353120641,619.526494594218,103.058319324011,0.414547403022603,784421.431051887,3748199.85635359
410106,上街区,Henan,河南省,56.8170238221208,0,0,1.41011667251587,613,207,0.427173900884667,743317.642953679,3741609.26583007
410108,惠济区,Henan,河南省,222.146263891977,0,0,1.42466672007408,593.101359706228,133.663780365337,0.423877459607838,772041.354825832,3756043.71836551
410122,中牟县,Henan,河南省,1420.58621748344,0,0,1.43893294541754,612.59032764788,99.0886021364977,0.416031566009968,808645.27820931,3739092.42434182
410181,巩义市,Henan,河南省,1039.92494037975,0.0219390840829798,2.10967957696719e-05,1.45743751279131,613.59723379271,166.388102095751,0.430354189176601,721716.184321293,3730184.66532107
410182,荥阳市,Henan,河南省,947.981569153404,0,0,1.41380710520047,604.326259883012,187.852309553063,0.426992419446409,749409.483284602,3744351.84477602
410183,新密市,Henan,河南省,993.710663754566,0,0,1.42044406504553,630.774283918221,198.172515560012,0.421394048149911,759346.09105221,3711624.12369966
410184,新郑市,Henan,河南省,886.034465117857,0,0,1.45156708356773,650.763539282981,102.3726251295,0.411936439373854,786531.259165416,3707831.81655088
410185,登封市,Henan,河南省,1218.48314398526,0,0,1.42942464139851,667.72403927806,259.00985352776,0.421787575776244,724369.252527115,3697897.59240497
410202,龙亭区,Henan,河南省,366.465799173961,10.0006928705078,0.0272895667018587,1.43334439690967,620.688127381702,72.5919977843914,0.421741163634094,831599.964610459,3753816.45626712
410203,顺河回族区,Henan,河南省,72.5016191085575,0,0,1.44313993264893,635.121710322307,68.0881429472203,0.422887180017564,845821.080173323,3753267.57631447
410204,鼓楼区,Henan,河南省,62.8668023154465,0,0,1.44615001678467,639,68,0.422924923045061,834717.777546179,3744102.49980966
410205,禹王台区,Henan,河南省,60.2147844426995,0,0,1.44615001678467,639,68,0.422924923045061,842563.58401804,3745362.63052145
410212,祥符区,Henan,河南省,1247.12331069142,6.49943312831976,0.00521154008797767,1.43983842958513,630.663834556147,68.6596617618922,0.422730570031405,850696.165338428,3742572.56849818
410221,杞县,Henan,河南省,1258.76713535033,0,0,1.44008322349187,671.50413525558,59.787388217455,0.424783932600566,878908.811132622,3721632.8818485
410222,通许县,Henan,河南省,768.618517345413,0,0,1.45120891166413,655.523057317823,65.5521396566188,0.423700957833925,855737.216676873,3712002.53700147
410223,尉氏县,Henan,河南省,1301.07004937038,0,0,1.45670217233659,668.365621321099,76.2909510310637,0.418331839862297,825490.782368718,3703268.48671169
410225,兰考县,Henan,河南省,1104.52843234507,15.727918226812,0.0142394869758304,1.41984863183308,630.632643947388,62.7840515042682,0.412377717477434,893240.77730257,3765589.40291258
410302,老城区,Henan,河南省,53.3020249667281,0,0,1.43688335418701,595,288,0.437340801587466,668375.697506401,3727694.05940283
410303,西工区,Henan,河南省,53.4606308112994,0,0,1.43688335418701,595,288,0.437340801587466,663335.736582772,3725126.99666401
410304,瀍河回族区,Henan,河南省,25.6186533568348,0,0,1.46173936743946,604.001222570661,217.411465103762,0.435046972672073,674393.881238241,3726572.65780664
410305,涧西区,Henan,河南省,79.1732473656992,0,0,1.43688335418701,595,288,0.437340801587466,662158.165887817,3720137.50046188
410306,吉利区,Henan,河南省,80.631183287988,32.4811070465491,0.402835549746769,1.48646228526219,612.954246680299,147.200907612391,0.432765426424141,679643.806359878,3749422.59105057
410311,洛龙区,Henan,河南省,591.99667590935,0,0,1.46747357799626,610.179617524683,202.278502793852,0.434257447806593,676213.959629202,3715481.88332473
410322,孟津县,Henan,河南省,729.661496395861,79.8138253616281,0.109384729433944,1.45634537237658,602.047870292768,232.729859283029,0.4355447557123,670568.515277778,3740362.19671254
410323,新安县,Henan,河南省,1165.10761963228,29.2878144881505,0.0251374327956022,1.40362560218838,597.165682610277,356.744119610549,0.437646893517215,638876.658818074,3738780.57047148
410324,栾川县,Henan,河南省,2475.51254313668,112.004405942066,0.0452449357417302,1.05839551856231,787.881813838564,1311.0747757097,0.43784854224405,599928.502899807,3631421.89778512
410325,嵩县,Henan,河南省,3007.62308765022,122.873617175035,0.0408540610289814,1.29315461337713,731.476834901101,702.545640407206,0.434905657988316,638418.298451078,3645011.74068519
410326,汝阳县,Henan,河南省,1327.62233087805,5.9849923594457,0.00450805339760097,1.357270747572,719.702185215603,527.723414163842,0.432803333147202,672844.463125381,3653542.17391579
410327,宜阳县,Henan,河南省,1616.5038961124,0,0,1.42838768942412,638.04238473843,357.35999417859,0.438909038331457,632716.590857333,3698323.8188806
410328,洛宁县,Henan,河南省,2304.99230375081,0,0,1.35075069482985,637.691994567359,523.005620573284,0.422047212844661,586738.142869128,3679519.18408177
410329,伊川县,Henan,河南省,1057.26227648985,7.98047553877784,0.00754824580072347,1.43456162446962,669.272167003971,346.616788938675,0.434869870772985,672944.948373665,3692449.72827371
410381,偃师市,Henan,河南省,665.937060125747,0,0,1.48422872737583,618.865550335253,153.671505626301,0.432426607096736,699471.20376581,3721545.88859809
410402,新华区,Henan,河南省,196.55223109437,0,0,1.47980003356934,752,204,0.443093984964114,743638.426662086,3626217.22966354
410403,卫东区,Henan,河南省,109.105314499045,0,0,1.47980003356934,752,204,0.443093984964114,760759.757729614,3627203.84162287
410404,石龙区,Henan,河南省,34.4918187512093,0,0,1.47456665039063,736,267,0.431379015201218,715929.440923597,3637595.29087957
410411,湛河区,Henan,河南省,113.806364527348,0,0,1.47980003356934,752,204,0.443093984964114,751377.475344812,3619114.61032453
410421,宝丰县,Henan,河南省,729.390755116182,0,0,1.47793169781374,746.287945088522,226.491216213945,0.438911700553366,728487.319276802,3641287.71221013
410422,叶县,Henan,河南省,1389.27806957304,0,0,1.49588633168969,802.040743544076,153.689075872594,0.433216183038279,760465.636185261,3602606.14483116
410423,鲁山县,Henan,河南省,2409.02395886265,9.9973890728236,0.00414997494568032,1.45374745309114,748.674870615754,306.012950092297,0.433070189314556,703237.697232344,3620369.15936674
410425,郏县,Henan,河南省,725.630574656376,0,0,1.46509277505088,724.940046584549,204.702855932869,0.431356567766932,745590.019524691,3652883.76230946
410481,舞钢市,Henan,河南省,629.098975191816,0,0,1.50209863396418,831.741431182228,100.419385496026,0.428656044519988,779018.367391051,3574716.03662592
410482,汝州市,Henan,河南省,1572.76337162243,0,0,1.43405011297731,691.267472638681,309.719148840722,0.429851736266622,705999.418403987,3667459.56697112
410502,文峰区,Henan,河南省,178.380050658299,0,0,1.39688666770719,545.059694240182,58.5099593661223,0.412709987123708,831595.19007818,3891031.3252177
410503,北关区,Henan,河南省,56.048839823948,0,0,1.38629138695413,549.923096932754,100.057313796954,0.41326836792542,827082.902827167,3902364.46130554
410505,殷都区,Henan,河南省,65.8891628183774,0,0,1.32076663970947,580,357,0.416721580893645,819181.918932558,3901202.80161142
410506,龙安区,Henan,河南省,240.594472862505,0,0,1.32664255456639,577.302861452893,333.958730697572,0.416411914908848,816760.151202097,3890589.77589148
410522,安阳县,Henan,河南省,1186.77511753269,0,0,1.35265435152213,565.403236913463,215.700650269363,0.41472279610834,819886.627298071,3902048.5631973
410523,汤阴县,Henan,河南省,633.083747201851,0,0,1.38487396341554,550.573716922424,105.615467422991,0.413343067417608,836389.723625163,3876605.48970335
410526,滑县,Henan,河南省,1785.61743342173,0,0,1.40483660295322,573.935892561108,61.855638938715,0.415255411809138,859734.056832252,3829231.12509005
410527,内黄县,Henan,河南省,1146.60601604141,0,0,1.39142712328105,549.246875425366,56.6428132150801,0.411196406310691,868130.09638345,3879563.32580908
410581,林州市,Henan,河南省,2052.80170919216,0,0,1.19525073795434,603.066643392445,594.509119612224,0.419549153814899,782220.11726684,3883626.85806937
410602,鹤山区,Henan,河南省,132.442396610562,0,0,1.32076663970947,580,357,0.416721580893645,806629.713559541,3881239.80773104
410603,山城区,Henan,河南省,132.848339507396,0,0,1.32076663970947,580,357,0.416721580893645,815833.876206126,3876072.43986036
410611,淇滨区,Henan,河南省,349.403294810856,0,0,1.35435086000235,570.99483267762,239.570452176438,0.416214434686017,817246.479858685,3861875.28019566
410621,浚县,Henan,河南省,947.724179550612,0,0,1.40228586972092,560.331094705347,61.7110905856025,0.414690741266546,841204.890835503,3850873.85638283
410622,淇县,Henan,河南省,576.538425370177,0,0,1.38101295120316,574.765546601808,230.939277258354,0.422871356000615,812998.913748587,3847108.95729559
410702,红旗区,Henan,河南省,153.355274285094,0,0,1.41265794807737,568.54797308137,89.4207231777305,0.425327801466234,800027.50319538,3802107.97557562
410703,卫滨区,Henan,河南省,68.286014676295,0,0,1.41488332748413,568,77,0.425461167937531,788622.628368374,3800976.33318001
410704,凤泉区,Henan,河南省,117.49463611223,0,0,1.39051666259766,574,213,0.424000879366819,788805.450761621,3813655.70534926
410711,牧野区,Henan,河南省,97.5586088388328,0,0,1.39615473587659,572.611691840833,181.531681725557,0.424338767789729,793496.491076364,3808632.39432966
410721,新乡县,Henan,河南省,385.898920899861,0,0,1.41402099655778,568.212338684108,81.8130101731135,0.425409488645277,788483.140611526,3792752.93446249
410724,获嘉县,Henan,河南省,470.417855556026,0,0,1.42625035451496,562.868286329698,85.8723804575082,0.425844803426639,771578.507441356,3790639.81848381
410725,原阳县,Henan,河南省,1292.99403942238,3.26043843512441,0.00252161907612579,1.41523918754294,569.465608187475,76.8874612932734,0.425291943069013,800511.650631304,3773131.03279184
410726,延津县,Henan,河南省,887.099332054856,0,0,1.40873638138808,575.491596956572,87.6822600472998,0.421999885272794,823716.670749396,3803796.37673503
410727,封丘县,Henan,河南省,1225.37473175775,191.565509491849,0.156332185189632,1.41203386640973,595.176507234812,68.9658373093913,0.422430330578263,848100.647865667,3779036.17809823
410781,卫辉市,Henan,河南省,860.389910760762,0,0,1.39125142920225,573.7542584851,205.578606250009,0.423594008638641,806794.489166232,3827714.17008626
410782,辉县市,Henan,河南省,1680.69732760571,33.0384005044877,0.0196575552074886,1.15758050120143,611.4675760549,673.603154771592,0.426926718929288,771644.769636646,3829194.76407445
410783,长垣市,Henan,河南省,1037.52129465819,44.6185819856438,0.0430049794788486,1.40973545726965,597.158162469633,64.8209691421027,0.416867874172481,870998.14148448,3801545.63250673
410802,解放区,Henan,河南省,67.7892245595747,0,0,1.43266668319702,560,90,0.426064977156498,732682.708114081,3792334.50420929
410803,中站区,Henan,河南省,125.079851003909,3.61169065099259,0.0288750795752044,1.4336209315199,560.576668304451,98.7324057531066,0.426472904701356,727423.6340691,3794788.38860053
410804,马村区,Henan,河南省,120.397392834895,0,0,1.43257033377666,560.017015027045,90.2000356384686,0.426065647777615,746118.37678392,3799340.55856298
410811,山阳区,Henan,河南省,234.384916640822,0,0,1.43275970431085,560.056214222969,90.8512439478188,0.426104742355634,736636.839077691,3786903.16998304
410821,修武县,Henan,河南省,620.446620399792,19.3112512386865,0.0311247585267579,1.2402589955564,593.978637304438,489.466800104743,0.427404192876881,745352.813331039,3802819.53316497
410822,博爱县,Henan,河南省,427.63073331578,21.2639048116744,0.0497249218894944,1.44267616928099,566.048900721216,181.597639492697,0.430343889663481,719453.279791047,3784941.06686794
410823,武陟县,Henan,河南省,796.908166602976,0,0,1.43261657351463,560.117774364031,90.2599924639935,0.426067441360023,750771.2662602,3772421.37815045
410825,温县,Henan,河南省,479.246493252344,0,0,1.44991580236098,585.553662514813,157.956805382872,0.429820066613783,720726.296571393,3757905.62941875
410882,沁阳市,Henan,河南省,595.944425959897,51.3656726690401,0.0861920515261211,1.44425001144409,567,196,0.431016684735997,704341.214763802,3777352.63294783
410883,孟州市,Henan,河南省,505.702317204795,58.5077622339906,0.115696053277716,1.4761799421179,600.275078289057,155.645117819654,0.432066086449362,695631.58987574,3753291.79693484
410902,华龙区,Henan,河南省,308.708762815076,0,0,1.37021458049668,557.074396685098,51.0175051023761,0.405523306596041,888646.362051761,3867393.23089053
410922,清丰县,Henan,河南省,827.487624796574,0,0,1.37014999389648,557,51,0.405511654811991,898570.742691111,3884897.7800927
410923,南乐县,Henan,河南省,627.743262718328,0,0,1.35760317575164,544.857965838593,48.051095212281,0.401142283892486,903382.650593146,3904730.67193668
410926,范县,Henan,河南省,616.781061804578,0,0,1.3726384324704,583.951370399019,50.2701284073943,0.394061312691391,932610.27174952,3874075.33207672
410927,台前县,Henan,河南省,447.216078002825,0,0,1.37000390404974,594.458299089466,51.1897055119716,0.391279457528723,960085.318475373,3895734.87558357
410928,濮阳县,Henan,河南省,1441.1510367444,0,0,1.3930333792337,583.360284171758,57.2019414351728,0.409641263433041,901205.295367255,3847034.55442019
411002,魏都区,Henan,河南省,89.7020523063827,0,0,1.46438324674625,684.336283911029,87.2657393422482,0.410110228537532,798657.129830769,3661645.475474
411003,建安区,Henan,河南省,996.180487938408,0,0,1.47377997505505,701.668834825602,81.8183661976681,0.416857733694636,799808.885779485,3662569.31175083
411024,鄢陵县,Henan,河南省,869.28531961469,0,0,1.47237727427914,716.680449751003,59.2243677922762,0.429579688359304,833270.468695819,3661388.97827112
411025,襄城县,Henan,河南省,919.195305869245,0,0,1.49220227187167,751.466512203986,121.749079850068,0.438912652917534,777281.239576057,3639272.13111679
411081,禹州市,Henan,河南省,1469.77550106333,0,0,1.44118552833418,676.436475679712,192.422436652518,0.409911941824228,758049.709011514,3676037.01396077
411082,长葛市,Henan,河南省,640.611431975244,0,0,1.46311179810428,682.12305259914,87.6867752021882,0.409382619564185,799360.884078308,3683734.74807611
411102,源汇区,Henan,河南省,228.177711296441,0,0,1.50177093943065,797.072989055084,74.4511854478282,0.432065665106145,813210.958569735,3605587.36339655
411103,郾城区,Henan,河南省,453.390658080427,0,0,1.49939184969484,752.480812532173,64.3171561373961,0.436805180927636,813256.845362021,3620946.86148522
411104,召陵区,Henan,河南省,435.645013165678,0,0,1.49264190067549,777.032900490318,54.729554246913,0.437414262567723,836479.657007429,3611749.58909837
411121,舞阳县,Henan,河南省,774.595833251863,0,0,1.50177961251107,798.315618641477,75.6454123900627,0.431942967697027,790533.88157441,3604995.78810556
411122,临颍县,Henan,河南省,803.258287385193,0,0,1.49894429322552,752.226214804553,64.1522164036178,0.436732695516166,813241.040601883,3640478.95461528
411202,湖滨区,Henan,河南省,204.948201472246,20.9134527073862,0.102042626171659,1.3754537026293,575.018317454207,450.099601157252,0.43014703125061,563328.829537584,3726258.56626655
411203,陕州区,Henan,河南省,1612.20280922074,31.1282927232064,0.0193079261152338,1.30852264978732,606.902716561594,604.883052036171,0.422770523851197,572833.212680535,3712377.53955326
411221,渑池县,Henan,河南省,1357.0092485847,43.21991354333,0.0318493876061689,1.3080226344891,601.755774229455,587.472028723148,0.444235306409443,609590.051733288,3737030.54165457
411224,卢氏县,Henan,河南省,3661.87112400829,724.434662332531,0.197831829084024,1.27216402878838,712.870681874594,897.537560808448,0.38023820544751,543098.851763489,3634638.04838121
411281,义马市,Henan,河南省,100.588155274346,0,0,1.31590749131973,605.202953563313,573.682699772749,0.444052796972218,619681.060159686,3727484.57291257
411282,灵宝市,Henan,河南省,2995.81426303479,1833.42432655096,0.611995326003184,0.98406211520076,683.406234365056,1337.79196378355,0.377067472442861,520515.795668806,3685787.23011842
411302,宛城区,Henan,河南省,969.766737356642,0,0,1.54702363208465,892.476951384998,119.738441617964,0.420652175853893,701278.598097139,3525405.36639861
411303,卧龙区,Henan,河南省,1018.23129315304,0,0,1.53732719370836,879.690573340523,143.203509011718,0.418697320264837,685036.850672207,3538127.47627656
411321,南召县,Henan,河南省,2931.03459725677,98.6928097976119,0.0336716632038328,1.39698573128918,829.923266636916,486.618331868817,0.426726367858138,674139.355888814,3586963.70056686
411322,方城县,Henan,河南省,2543.71784855408,0,0,1.50163376024855,835.421771995333,177.571858348423,0.427126085938151,732362.732912991,3571944.62623037
411323,西峡县,Henan,河南省,3444.73361937261,2107.11956252294,0.611693035035524,1.44155004719603,797.900799787194,530.771194603617,0.411844103875269,586953.409145242,3582487.44465142
411324,镇平县,Henan,河南省,1495.95804746945,0,0,1.52038311391636,900.175185637999,231.499552006532,0.361081335628203,658981.01890197,3540419.21008976
411325,内乡县,Henan,河南省,2301.60567819571,546.349454996591,0.23737752307984,1.46017551581443,865.034907368226,427.935687923399,0.406499023006104,626102.697451638,3555382.54041664
411326,淅川县,Henan,河南省,2822.15201521893,839.870247391504,0.297599223168122,1.57240667005103,896.345481702973,279.433081455448,0.397523257014323,591096.016687917,3526641.55155825
411327,社旗县,Henan,河南省,1150.80326993106,0,0,1.52098580773774,891.214789300138,143.016203771788,0.421973026218743,733519.09273367,3536140.90177953
411328,唐河县,Henan,河南省,2496.94817010513,0,0,1.54163897443566,929.458286656919,125.858963019573,0.394235871897532,724114.719187599,3494475.06001403
411329,新野县,Henan,河南省,1060.54029257718,0,0,1.56153031218224,939.677075690868,92.1037238803247,0.413715284769949,683852.562130851,3483721.01664908
411330,桐柏县,Henan,河南省,1915.16686416513,0,0,1.52309298059086,966.128050120067,147.076345872287,0.34211473966764,778200.022490706,3484878.0876628
411381,邓州市,Henan,河南省,2361.69052097421,0,0,1.56607267070134,948.171345928507,141.929137696268,0.346067031905024,649608.021753388,3496154.2640823
411402,梁园区,Henan,河南省,692.96094550053,0,0,1.44082234833239,697.0052244137,51.9947755863001,0.396080628506945,954352.285215662,3726993.66045177
411403,睢阳区,Henan,河南省,958.75871786218,0,0,1.44910072313038,729.01592277292,48.5614013262,0.431543051503379,954348.149757959,3701018.57426092
411421,民权县,Henan,河南省,1238.20091626368,0,0,1.43107377797306,671.345602991341,57.0965552136119,0.411652059785331,913442.863494133,3746688.93548132
411422,睢县,Henan,河南省,916.615895841316,0,0,1.43859516860128,684.827172355898,56.3621379406838,0.428033700879319,904640.028678923,3712170.70957702
411423,宁陵县,Henan,河南省,800.217084153064,0,0,1.43984643217735,694.244084639859,53.5719825591866,0.411033402090527,926947.09778457,3720732.71535703
411424,柘城县,Henan,河南省,1042.90179637341,0,0,1.45356075155115,735.86862459972,48.2046482074489,0.448243726253942,931959.99314952,3682348.24751084
411425,虞城县,Henan,河南省,1544.51283855885,0,0,1.44980458473499,716.446478433879,45.6375684492403,0.417045644248012,983433.695730228,3716879.49002924
411426,夏邑县,Henan,河南省,1486.02295559121,0,0,1.45600336992744,729.014494224974,41.9315554838732,0.412641411646625,1006997.4825637,3703169.39509977
411481,永城市,Henan,河南省,2019.07877490664,0,0,1.47185486341771,732.014362656206,36.7968174386311,0.375419656043021,1025883.03263719,3676701.34225414
411502,浉河区,Henan,河南省,1786.86608646186,4.38645495045703,0.00245483138534605,1.51552010969363,1069.69519245662,167.11093719047,0.341458579675626,831705.611767271,3439353.44045928
411503,平桥区,Henan,河南省,1887.85410759665,1.1139493350742,0.000590061133745302,1.53027798681049,1018.02928248851,105.864546022906,0.342401283700451,837924.122026535,3473517.9041528
411521,罗山县,Henan,河南省,2069.91717940984,473.219070079278,0.228617393384888,1.55226893007066,1079.75135171955,90.808184971169,0.343406953697018,876199.527938496,3441126.59018365
411522,光山县,Henan,河南省,1833.20932890637,0,0,1.57217190938607,1106.20589680218,74.1925066482262,0.345843373378538,914202.077846051,3434742.92076692
411523,新县,Henan,河南省,1552.79064009167,126.48836472785,0.0814587372322021,1.5527684073575,1172.20025522085,166.803909693063,0.352312391879061,919016.082684066,3401764.28769233
411524,商城县,Henan,河南省,2113.07553504039,104.635848804685,0.0495182718599241,1.5524798475922,1165.85994442998,152.056326680827,0.353400446950446,965548.087005138,3420050.37747568
411525,固始县,Henan,河南省,2940.89323386284,0,0,1.55905174854222,1062.3713428706,70.6393301253948,0.348140511020337,992195.908063374,3464837.8312413
411526,潢川县,Henan,河南省,1634.73663902736,0,0,1.56839060011202,1071.65602037014,58.3675521328402,0.346882944033624,941754.666129762,3459142.23929751
411527,淮滨县,Henan,河南省,1208.25323439972,0,0,1.55678405428279,1013.89914884065,45.3146607043227,0.348426206069019,952954.059350834,3495730.52131273
411528,息县,Henan,河南省,1888.38584270941,0,0,1.55934850136848,1018.56308158029,48.8637835310486,0.351486901905266,911506.925362876,3487608.04010485
411602,川汇区,Henan,河南省,331.826387902724,0,0,1.48750128081335,768.477510924801,46.2411488039381,0.438656255953414,884783.690954638,3622798.80626434
411603,淮阳区,Henan,河南省,1328.69851986965,0,0,1.48764315954663,770.118609487419,45.9900486341498,0.438584469470986,900965.307562389,3634617.15105238
411621,扶沟县,Henan,河南省,1160.20172683683,0,0,1.4657839424798,700.989390077542,58.9854742758677,0.427228026736498,853513.104255468,3673214.11507693
411622,西华县,Henan,河南省,1203.18145864612,0,0,1.48601662282285,755.637330757757,51.3023376003294,0.439062579218695,860392.623662578,3639176.46114859
411623,商水县,Henan,河南省,1278.72443119288,0,0,1.49596246487518,791.658417192158,49.9058211398854,0.43633660672956,870067.129419369,3609051.86842492
411624,沈丘县,Henan,河南省,1083.66762576058,0,0,1.51596430993098,836.731146476644,39.6775807665943,0.388170008956086,929489.191697966,3589496.34249629
411625,郸城县,Henan,河南省,1492.22468559244,0,0,1.48571591283913,784.825005898887,40.4909101531136,0.440176443967493,936768.538683089,3629568.27739059
411627,太康县,Henan,河南省,1762.48565382033,0,0,1.4564375076047,714.360205268874,52.1604417567107,0.444697425936523,891193.536959092,3676572.16338815
411628,鹿邑县,Henan,河南省,1237.21371475749,0,0,1.46828704675469,761.803766955721,44.0730756453885,0.444632436003067,941350.609353233,3658625.7451542
411681,项城市,Henan,河南省,1081.17692194228,0,0,1.50923326246722,840.126291671927,43.0364045136697,0.432269561050666,903779.052357366,3584640.58162722
411702,驿城区,Henan,河南省,1309.94773035674,0,0,1.50116336705146,908.182874709673,115.091420808606,0.422817543880853,814323.261874982,3541647.407499
411721,西平县,Henan,河南省,1094.7353164794,0,0,1.50392497864016,832.9176839872,75.1777383653059,0.429693375101393,814469.037240438,3587138.05218281
411722,上蔡县,Henan,河南省,1514.50224561406,0,0,1.50791349483099,836.076409281022,58.591370610097,0.432047341668626,859395.232637432,3583259.64017844
411723,平舆县,Henan,河南省,1281.91854562958,0,0,1.51831144864501,894.892149359016,47.1063277045094,0.427143032484519,884591.587896304,3550692.93784218
411724,正阳县,Henan,河南省,1903.84768035867,0,0,1.5384529264683,988.225816841051,63.6209997350837,0.37105620373408,875571.665857357,3499408.96200606
411725,确山县,Henan,河南省,1623.89207146862,0,0,1.51225921367034,942.574101718383,101.704148321643,0.39813494855341,825906.746561117,3512304.56618989
411726,泌阳县,Henan,河南省,2344.55480605669,0,0,1.50934744850125,907.187544184807,145.062171108522,0.408600333400529,771949.350535033,3525998.67114968
411727,汝南县,Henan,河南省,1504.53438791338,0,0,1.51131870276578,902.33909636114,60.7005199450468,0.426145594920168,855657.532862354,3539990.96860399
411728,遂平县,Henan,河南省,1064.24967494449,0,0,1.502826501315,847.067492070693,85.6813441896538,0.428209459900415,814380.287501924,3563831.3066685
411729,新蔡县,Henan,河南省,1439.76801185236,0,0,1.52903389738399,921.574105354258,42.0037474959617,0.406554130482591,914482.858493511,3530065.61182767
419001,济源市,Henan,河南省,1898.58850813023,369.228627616356,0.194475330507494,1.2049216171594,607.48174822451,733.593995517472,0.434973988003221,661306.729739083,3770775.54753811
420102,江岸区,Hubei,湖北省,79.8463570810591,0,0,1.69267852597007,1267.97942616847,22.001552742002,0.345997190600058,879940.371808425,3285334.97878645
420103,江汉区,Hubei,湖北省,28.5705341935931,0,0,1.68684938088086,1243.42756503009,23.8545233939554,0.338449410028847,874597.547321388,3280524.72906714
420104,硚口区,Hubei,湖北省,42.1897208339447,1.38089504195148,0.0327306039162138,1.68190974543184,1222.62224250635,25.4247364146148,0.332053397594704,870126.16061903,3279458.2656869
420105,汉阳区,Hubei,湖北省,113.309290807945,0,0,1.682629781753,1225.65497397919,25.1958510204384,0.332985725761574,870572.646851417,3273068.3037348
420106,武昌区,Hubei,湖北省,89.5770399104856,0,0,1.69268341064453,1268,22,0.346003515447083,882957.51510838,3276100.72587269
420107,青山区,Hubei,湖北省,47.8634036143255,0,0,1.69268341064453,1268,22,0.346003515447083,889382.038912653,3285226.2651608
420111,洪山区,Hubei,湖北省,566.093444334031,0,0,1.6920453338558,1264.9524418064,22.2425756315293,0.344996984603672,891938.558553536,3274895.90022787
420112,东西湖区,Hubei,湖北省,486.650245619563,30.3580714109269,0.0623817036653859,1.68032826727676,1215.96119162111,25.927457236143,0.330005644466249,856458.279300034,3288601.32322356
420113,汉南区,Hubei,湖北省,287.880167704878,0,0,1.70728340148926,1259,25,0.330270060620709,849134.385685089,3242189.8807251
420114,蔡甸区,Hubei,湖北省,1094.767346572,0,0,1.69001845230377,1231.0529779513,25.6350971621663,0.32991430560058,848536.67246405,3260921.14910035
420115,江夏区,Hubei,湖北省,2017.57445243267,0,0,1.70818894841115,1301.62509223575,23.1578579109787,0.337885945510041,887815.137994235,3241194.26976295
420116,黄陂区,Hubei,湖北省,2247.8783408788,0.157456818366855,7.0046859522343e-05,1.64969148360351,1204.43895544017,48.310732098114,0.343332592763653,879675.989184884,3323055.54009534
420117,新洲区,Hubei,湖北省,1475.7599931621,0,0,1.64866982291189,1275.21749893243,97.6587442397286,0.351372370627626,918987.816453889,3306704.19644303
420202,黄石港区,Hubei,湖北省,28.071084541255,0,0,1.73425006866455,1379,23,0.33321257348536,953868.558406379,3246298.74217679
420203,西塞山区,Hubei,湖北省,114.966875025044,0,0,1.73420714290657,1379.09775004257,23.1020000444175,0.333272207886115,964890.839295428,3241291.53959967
420204,下陆区,Hubei,湖北省,61.9764800824145,0,0,1.73425006866455,1379,23,0.33321257348536,947660.666498609,3241245.34517727
420205,铁山区,Hubei,湖北省,28.9826506033138,0,0,1.73425006866455,1379,23,0.33321257348536,939282.784581238,3242526.86853846
420222,阳新县,Hubei,湖北省,2781.90975293054,0,0,1.66709950088646,1446.58742922987,169.927300159598,0.33639158788354,965946.587596412,3201274.39323936
420281,大冶市,Hubei,湖北省,1559.10017125295,0,0,1.72738146626511,1369.73386124358,28.3046403912382,0.334071396962603,935252.835550362,3225689.13055937
420302,茅箭区,Hubei,湖北省,535.667100431378,220.82830226529,0.41224914146763,1.53282658573549,937.551293078882,404.030944505183,0.353380896826404,534424.292891776,3470676.60024063
420303,张湾区,Hubei,湖北省,658.072596357322,6.86028250627785,0.010424811098733,1.45184554774403,949.327701920941,626.132707377615,0.368028842615426,520066.432551704,3484228.9185981
420304,郧阳区,Hubei,湖北省,3833.7035923596,40.0724271038236,0.0104526670198724,1.5061887997986,900.657945186961,502.454764129697,0.376798129011178,526874.152594369,3508619.9160832
420322,郧西县,Hubei,湖北省,3507.2841775267,0,0,1.4451384709289,851.654550059661,582.528275953951,0.390448301541285,471996.166999899,3526269.71631393
420323,竹山县,Hubei,湖北省,3589.03184447399,441.32905384025,0.122966045709447,1.32536583575682,1040.93303061716,907.627337544056,0.346645520882778,469464.39695533,3434819.4071124
420324,竹溪县,Hubei,湖北省,3305.54523482437,7.16340027596314,0.00216708584123906,1.23196812277173,1106.76933393779,1137.03171689006,0.346391674654303,444553.433682084,3410683.18254899
420325,房县,Hubei,湖北省,5125.34527401306,17.2821829080294,0.00337190608321647,1.29796360483181,1064.91720382296,927.061070959432,0.349484792014342,522106.868363962,3419599.26127967
420381,丹江口市,Hubei,湖北省,3131.91934658617,1.90284149569449,0.000607564015902456,1.53610644594145,951.678484605169,367.831456008188,0.352282940359282,570978.990377036,3477596.38154168
420502,西陵区,Hubei,湖北省,80.4367046784386,0,0,1.66428337097168,1073,122,0.341161637503586,594762.0741985,3273107.63272931
420503,伍家岗区,Hubei,湖北省,83.0217844483267,0,0,1.66428337097168,1073,122,0.341161637503586,602649.570423466,3264351.56951107
420504,点军区,Hubei,湖北省,536.140617212057,0,0,1.61294414817415,1105.59320647897,248.46758764114,0.33999810739683,583253.855477429,3265378.31636553
420505,猇亭区,Hubei,湖北省,120.540908293704,0,0,1.65324668092559,1122.75663660347,166.634629894291,0.330452642084758,609791.537292351,3253539.80954322
420506,夷陵区,Hubei,湖北省,3406.68039117169,3.58874147138517,0.00105344237184248,1.52472330054019,1114.14988211372,429.232992407341,0.342095485866125,588039.137828445,3299801.81010975
420525,远安县,Hubei,湖北省,1742.72141435888,0,0,1.47427188309553,1071.50149463929,462.466027778445,0.343369782739058,617459.009111268,3323757.21367065
420526,兴山县,Hubei,湖北省,2310.62549706621,0,0,1.30598998916835,1180.56088681356,950.164040112149,0.345124972256034,545087.681064737,3335634.23339542
420527,秭归县,Hubei,湖北省,2274.08459937187,0,0,1.37522067545864,1233.5203682921,824.755864109551,0.339070766738705,534882.368752094,3287929.19409411
420528,长阳土家族自治县,Hubei,湖北省,3417.27891481679,0,0,1.54886125272131,1222.27653401654,454.299721534402,0.328020287737084,553467.697808189,3241707.42417865
420529,五峰土家族自治县,Hubei,湖北省,2366.02383014326,104.565000296007,0.0441943986209451,1.47683610734836,1308.8889502511,644.251346244205,0.321275492704299,541854.405688194,3206254.96575228
420581,宜都市,Hubei,湖北省,1351.0664654818,0,0,1.64693963128522,1145.39557321756,188.270446365299,0.3263198611707,604091.483719882,3223737.06674682
420582,当阳市,Hubei,湖北省,2149.59385870711,0,0,1.64089928577762,1032.26809389403,73.8180247460767,0.335463045309766,644270.098585955,3286112.49965594
420583,枝江市,Hubei,湖北省,1375.8732842045,0,0,1.6639501352338,1090.90568594655,70.7675752172916,0.328818635049902,636439.938591018,3243363.551084
420602,襄城区,Hubei,湖北省,657.56141191427,0,0,1.60219677276615,977.635700617932,74.6618045315003,0.34687675266672,656262.098670175,3414083.53447787
420606,樊城区,Hubei,湖北省,491.444380095708,0,0,1.60254993438721,977,70,0.347397897375332,645435.453094216,3432457.41704253
420607,襄州区,Hubei,湖北省,2520.08534633201,0,0,1.58596551150742,971.196357909645,88.2550250938566,0.349323885812787,671207.580876625,3440264.26116596
420624,南漳县,Hubei,湖北省,3855.68904863112,0,0,1.44363394469421,1044.00759102459,489.023515827104,0.345483966885082,630749.523029467,3377218.68167224
420625,谷城县,Hubei,湖北省,2544.26212898897,0,0,1.5127155706839,992.80067540536,338.777136979108,0.349153113335662,601742.872695061,3435215.17096466
420626,保康县,Hubei,湖北省,3219.71054213923,85.6585505562633,0.0266044259057369,1.22955795360644,1126.55943840183,1057.24603818758,0.347462143562616,578565.378112414,3382258.86225816
420682,老河口市,Hubei,湖北省,1044.08500815925,0,0,1.57941231996589,962.636746876637,173.496425252701,0.347707209001446,624965.092741798,3466159.51812392
420683,枣阳市,Hubei,湖北省,3277.59877245226,0,0,1.55943211231942,974.757051771179,129.63158556158,0.34824687993907,720775.690829831,3434559.58258376
420684,宜城市,Hubei,湖北省,2113.8995847819,0,0,1.60017906315767,983.507584772504,107.142540606186,0.343608577646581,687164.840625878,3384819.50217993
420702,梁子湖区,Hubei,湖北省,486.245970136271,0,0,1.71232700722578,1320.33999306252,22.9996054415565,0.337700768897993,913597.401858761,3234931.00692488
420703,华容区,Hubei,湖北省,493.582881581046,0,0,1.69491582814412,1287.51682853925,25.939401591251,0.350621683577902,919739.345763746,3270890.94933273
420704,鄂城区,Hubei,湖北省,605.136935828768,0,0,1.71722110987784,1352.2430226955,27.9895184874684,0.345644629871789,938257.255477901,3255546.63123832
420802,东宝区,Hubei,湖北省,1670.96520960327,0,0,1.57833277961364,1006.13383322394,167.530888569392,0.340300990159173,666236.175408834,3327254.76151728
420804,掇刀区,Hubei,湖北省,548.231852809977,0,0,1.62731266874474,1022.87660905743,79.5550092028303,0.33611903299993,679188.545091678,3296942.36023763
420822,沙洋县,Hubei,湖北省,2186.81540012507,0,0,1.63528313136173,1037.35526257982,67.2365299566325,0.334967376488832,697410.259580677,3271932.89314706
420881,钟祥市,Hubei,湖北省,4414.97401619018,0,0,1.59293241710763,1005.83609919167,138.941720534255,0.338092059586017,710659.000242131,3338121.20475097
420882,京山市,Hubei,湖北省,3520.70697103268,0,0,1.58140328114733,1067.51272679671,175.146105241042,0.33044432125864,761454.086985211,3324166.73664572
420902,孝南区,Hubei,湖北省,1027.73522455774,0,0,1.64772046427925,1171.51061032266,46.2450607118646,0.33850248377624,847561.295429832,3315686.78517137
420921,孝昌县,Hubei,湖北省,1188.96229415454,0,0,1.62242671102643,1147.75395543723,68.7726642541303,0.341397300253282,846438.887609298,3348830.10363797
420922,大悟县,Hubei,湖北省,1982.28705863522,0.683254778675376,0.000344680037988941,1.57420815648266,1132.36543955311,116.891095546144,0.342842133865212,868607.519100496,3389196.34327192
420923,云梦县,Hubei,湖北省,606.602975398951,0,0,1.64079830294084,1138.7824205481,49.2850883861929,0.336741162271993,824696.209177887,3320429.89267333
420981,应城市,Hubei,湖北省,1096.73494674319,0,0,1.64182266789814,1109.12959125854,43.5645676655348,0.332585554264183,804592.107661465,3309786.1546843
420982,安陆市,Hubei,湖北省,1354.64172010364,0.0242104530015328,1.78722186407196e-05,1.61501581235401,1087.43925201392,66.1622297857521,0.337478477988855,808224.658140643,3352822.9280096
420984,汉川市,Hubei,湖北省,1656.27753488191,0,0,1.67047054227083,1166.94794662791,25.9132644652512,0.328546027205861,819266.767293191,3276799.86488145
421002,沙市区,Hubei,湖北省,516.958486246165,0,0,1.66889991760254,1092,29,0.331938951369908,700582.930672351,3233574.27664806
421003,荆州区,Hubei,湖北省,1041.18377823772,0,0,1.6673507344834,1079.99687483708,36.0924154529959,0.330669400756487,672676.277959691,3241835.38863272
421022,公安县,Hubei,湖北省,2259.4062767211,0,0,1.67699739683127,1149.62463282968,44.5006008154895,0.329425309796695,680613.068047345,3190937.71841743
421023,监利县,Hubei,湖北省,3196.98285954817,185.126320986776,0.0579065728907097,1.70631686526744,1209.53136880146,30.4170354190028,0.321672635843584,762741.358222666,3185119.43150557
421024,江陵县,Hubei,湖北省,1046.66041920975,0,0,1.67568649496796,1122.11135345582,29.7177629201519,0.330669143071545,709816.587489032,3209073.87570938
421081,石首市,Hubei,湖北省,1410.38207247585,78.1418382528749,0.0554047302343408,1.69286421413723,1179.56150980444,30.1104461975805,0.319207253523867,716702.393312603,3169117.41423551
421083,洪湖市,Hubei,湖北省,2437.12322730412,352.52498643388,0.1446479941943,1.7100135481147,1238.314262499,25.406069450684,0.326798609703523,812398.623319058,3206210.88501457
421087,松滋市,Hubei,湖北省,2175.69377599677,0,0,1.65573155594072,1148.01796833354,115.4037320679,0.32524347588939,635888.090276115,3204407.14919452
421102,黄州区,Hubei,湖北省,358.289362247265,0,0,1.69966659545898,1335,36,0.362889763126522,939954.065310125,3276267.05037158
421121,团风县,Hubei,湖北省,824.479400892279,0,0,1.66972938436742,1333.67956328704,91.2992952487016,0.362856202473425,943872.474013447,3299976.227592
421122,红安县,Hubei,湖北省,1792.45856246742,0,0,1.60272572800079,1184.72746620468,95.1957863184196,0.345641206676727,901381.463431792,3359723.21074422
421123,罗田县,Hubei,湖北省,2136.22906016358,10.3109883175928,0.00482672411394087,1.50853373626399,1425.32592869228,400.455603229299,0.364410709899898,985299.965220523,3327977.14510747
421124,英山县,Hubei,湖北省,1442.83211634862,3.27751723086538,0.0022715859965467,1.47867190771363,1466.40587349415,461.685406682816,0.363631766652207,1013456.31480206,3324134.06903133
421125,浠水县,Hubei,湖北省,1960.13048161054,0,0,1.63603370696317,1393.9972291328,174.77247354771,0.360620746884768,970832.616297447,3278447.58920105
421126,蕲春县,Hubei,湖北省,2390.88183245195,0,0,1.59907185476162,1463.06147245058,273.572835806239,0.355504927838782,1003581.65913959,3261638.45634836
421127,黄梅县,Hubei,湖北省,1706.43850070997,195.089483697129,0.114325528646922,1.67553794636486,1448.10274191897,148.210865648858,0.350987412442709,1039917.71374398,3228336.12283773
421181,麻城市,Hubei,湖北省,3595.39831729674,0,0,1.54559932729766,1283.3377577379,274.723728954529,0.363552915834282,945336.036151583,3355998.29145052
421182,武穴市,Hubei,湖北省,1240.30881325199,0,0,1.72502515145369,1401.69145087185,45.0869954054653,0.347540953185671,1009831.72420246,3226958.29573763
421202,咸安区,Hubei,湖北省,1502.844378954,0,0,1.67683669218852,1396.95710133988,153.717275259939,0.332260970641244,894526.514297068,3197194.56896709
421221,嘉鱼县,Hubei,湖北省,1028.24568388395,4.07658020046726,0.00396459743460236,1.71055828401867,1287.89010855805,44.9702177162598,0.330992650019711,852418.848859111,3211222.09681411
421222,通城县,Hubei,湖北省,1121.94068272194,0,0,1.71249125369064,1398.84396771899,115.620980111876,0.324694787482069,849445.751901209,3122719.5209069
421223,崇阳县,Hubei,湖北省,1975.05165404616,0,0,1.66408996955502,1424.19590821869,203.7877861801,0.327690564637083,867667.777867687,3150545.74203878
421224,通山县,Hubei,湖北省,2421.56209090781,174.863942767415,0.0722112158197278,1.6458437229454,1458.5282314024,229.147109927614,0.330944360729638,918936.147260738,3166089.22934655
421281,赤壁市,Hubei,湖北省,1708.35543458134,9.00704782383076,0.00527235002828208,1.71369815573131,1320.19209942893,69.9216793592461,0.330832587249502,847720.972963512,3180311.99614102
421303,曾都区,Hubei,湖北省,1431.05314599789,45.6430423185444,0.031894722041729,1.56548331458068,1058.11511513033,134.810097797601,0.339322462374264,786690.223097323,3389582.3713064
421321,随县,Hubei,湖北省,5535.39369351403,0,0,1.5040885007412,1018.28796572762,248.699086271915,0.339219328763639,766849.702445862,3422352.47106118
421381,广水市,Hubei,湖北省,2643.63442844452,8.68546682538133,0.00328542658240828,1.55695261007831,1083.61030876976,149.024874336395,0.340455426632941,821125.474990686,3396629.33921073
422801,恩施市,Hubei,湖北省,3961.28246833915,164.299441019564,0.0414763254912366,1.33533862657454,1429.99343704794,1051.68631620297,0.272228857900209,427918.638443963,3215579.53260948
422802,利川市,Hubei,湖北省,4605.87574176563,453.627276877085,0.0984888221720002,1.25214439201065,1397.92801063122,1293.84801506548,0.199452702220693,362674.978504861,3205038.58731512
422822,建始县,Hubei,湖北省,2668.24617151804,0,0,1.41729111049388,1363.62017847628,853.913339853622,0.34313318486526,466503.520522526,3247696.09780322
422823,巴东县,Hubei,湖北省,3352.48120992865,4.27660104493342,0.00127565250247128,1.35561383940909,1294.41530894512,919.57407556361,0.333519083052876,499041.493522884,3277137.49003775
422825,宣恩县,Hubei,湖北省,2736.99554619182,368.967681898966,0.134807556560455,1.28870725960307,1477.41024383124,1172.31314169807,0.288432869473036,434616.21764977,3168401.27105289
422826,咸丰县,Hubei,湖北省,2526.93260880047,92.0716849514097,0.0364361457961935,1.44254827026994,1433.13474895017,914.978368280032,0.219315322375395,381826.839784758,3149545.73810337
422827,来凤县,Hubei,湖北省,1340.93006055151,0,0,1.55818580005709,1427.62691823726,678.018773818463,0.227438272150598,406272.491848433,3115438.90949486
422828,鹤峰县,Hubei,湖北省,2866.37821004778,223.314133470905,0.0779081185755955,1.2325652828464,1460.63938541721,1241.60001323166,0.314111319951706,495104.937360041,3175145.04196067
429004,仙桃市,Hubei,湖北省,2519.58391746012,0,0,1.69276727561391,1185.30396663789,26.1835760203696,0.324470422670373,794749.033184313,3237759.0961048
429005,潜江市,Hubei,湖北省,2000.00167781549,0,0,1.66760069335353,1117.29530548107,32.9096593397725,0.323715867760852,735691.591280734,3238434.05512198
429006,天门市,Hubei,湖北省,2610.74336634391,0,0,1.65641918151058,1097.677471999,31.7801952914983,0.325725411843721,766557.244494876,3275379.1956517
429021,神农架林区,Hubei,湖北省,3234.3488209887,780.888569901494,0.241436101398236,1.27238119744957,1154.08210320012,1025.06021638379,0.345441499849969,511783.232182732,3364452.11066447
430102,芙蓉区,Hunan,湖南省,42.6248876732173,0,0,1.73678340911865,1421,81,0.328216973710176,782197.017810476,3001940.86895144
430103,天心区,Hunan,湖南省,136.902581439325,0,0,1.7360155009353,1417.90264101322,86.5494348513142,0.325676360772656,776995.011645975,2986500.19628686
430104,岳麓区,Hunan,湖南省,540.096150095905,0,0,1.73147617303407,1395.90240367426,121.185813533612,0.308642867768806,762271.528417143,2992834.70704506
430105,开福区,Hunan,湖南省,189.116050234018,0,0,1.73230936280485,1385.03939766991,58.839566888964,0.323580467507011,776697.121844021,3013177.40635936
430111,雨花区,Hunan,湖南省,293.155628005443,0,0,1.73678340911865,1421,81,0.328216973710176,786879.394496838,2987085.70516751
430112,望城区,Hunan,湖南省,950.548027959112,0,0,1.74865278008646,1360.55737023912,46.8615535252883,0.309015371248263,758644.885285849,3019107.8524795
430121,长沙县,Hunan,湖南省,1756.81495640563,0,0,1.72660735364121,1396.92824790838,68.5953537513129,0.328211819032537,798819.095297301,3021064.82447203
430181,浏阳市,Hunan,湖南省,4997.20183663889,90.5502301596665,0.0181201866804264,1.59830917700127,1541.28319332142,380.914601117126,0.310067434044123,846564.8903679,3010722.06307668
430182,宁乡市,Hunan,湖南省,2910.30766003492,0,0,1.73651894176827,1377.62843903656,117.726908750256,0.275300636928205,715396.520479709,2988524.4291416
430202,荷塘区,Hunan,湖南省,150.21881027917,0,0,1.73678340911865,1421,81,0.328216973710176,801471.574984094,2970144.09103115
430203,芦淞区,Hunan,湖南省,220.072258614426,0,0,1.74434166517463,1425.39010125917,78.3659392445004,0.324842929881892,805767.943742765,2959895.06790123
430204,石峰区,Hunan,湖南省,165.570797671071,0,0,1.73678340911865,1421,81,0.328216973710176,793745.655293749,2972654.96787505
430211,天元区,Hunan,湖南省,325.433376898483,0,0,1.76283702940602,1436.13286006484,71.9202839610977,0.316586505506407,789143.088200688,2947146.4681654
430212,渌口区,Hunan,湖南省,1054.6696400776,0,0,1.76713577496838,1448.29755856891,90.0473667638123,0.312313576274398,797681.312540961,2922351.02422856
430223,攸县,Hunan,湖南省,2649.23501874028,0,0,1.59924595474738,1591.0820543184,485.643984631834,0.313931796416295,833899.67126037,2890643.27747798
430224,茶陵县,Hunan,湖南省,2494.78177564157,0,0,1.64700508922388,1556.72923870671,415.799647057502,0.294118144964702,853645.51689385,2851486.59371301
430225,炎陵县,Hunan,湖南省,2030.47348980764,255.526570320035,0.125845804736038,1.47934119310233,1670.26060434408,855.36694850117,0.281719136952695,877435.494557898,2806252.46240715
430281,醴陵市,Hunan,湖南省,2156.17060744464,0,0,1.7495112975758,1462.18726814933,105.38572219117,0.317356479470906,827680.299691337,2944913.17821183
430302,雨湖区,Hunan,湖南省,444.72956862953,0,0,1.73164172310471,1400.09068666587,118.502333587247,0.311053214657698,765502.989597529,2970063.72285129
430304,岳塘区,Hunan,湖南省,206.808238309863,0,0,1.73698045383872,1418.50553457152,86.2010213596557,0.325708479743758,780017.491993517,2966731.03791451
430321,湘潭县,Hunan,湖南省,2138.67426633364,0,0,1.76605419054538,1423.20683801883,105.040098182381,0.316723229476409,760406.537263888,2934713.6642629
430381,湘乡市,Hunan,湖南省,2006.14177549555,0,0,1.75955351409207,1398.63681087862,134.671127988664,0.29697830493571,717878.45210846,2948977.73493251
430382,韶山市,Hunan,湖南省,209.359691470092,0,0,1.73100977504861,1396.37987148449,124.074415421862,0.307149882379956,733870.639487459,2967187.64344659
430405,珠晖区,Hunan,湖南省,219.260923207035,0,0,1.79443876161401,1449.08054652954,161.683050308717,0.33002038527654,756968.252385091,2852070.19256805
430406,雁峰区,Hunan,湖南省,82.6272520383375,0,0,1.83446674346924,1424,85,0.341326306486108,751038.519533764,2846592.85378514
430407,石鼓区,Hunan,湖南省,104.727231014556,0,0,1.7069518300319,1503.89770084443,329.284924420911,0.305309662689739,749724.406490848,2861107.43315057
430408,蒸湘区,Hunan,湖南省,110.99281281367,0,0,1.82197140903308,1431.82926848178,108.93776340405,0.337796993738507,744440.783981813,2851430.04533336
430412,南岳区,Hunan,湖南省,180.327216027235,102.574033245981,0.568821698165016,1.69561672210693,1511,351,0.302108056434268,756223.731978095,2894475.95540864
430421,衡阳县,Hunan,湖南省,2560.5707654073,16.4664596481569,0.00643077702464423,1.74887913243175,1445.42572584181,238.118682402503,0.297565394718947,723151.225561955,2874786.12022036
430422,衡南县,Hunan,湖南省,2613.64349364088,0,0,1.81958300044287,1430.05480182377,106.7889857051,0.31601586655691,755063.280942776,2838172.91547464
430423,衡山县,Hunan,湖南省,933.43441411353,52.0962945113216,0.0558114139821991,1.71250662246497,1492.33391847223,296.029543609762,0.3056599714599,757801.361107911,2896694.27254874
430424,衡东县,Hunan,湖南省,1927.69648477022,0,0,1.74822566011977,1481.87559206548,197.656956950035,0.306558237996703,789742.489633889,2877201.50929118
430426,祁东县,Hunan,湖南省,1866.82963488427,0,0,1.77934595696526,1394.38609919865,203.953841440352,0.287041339600459,687025.59284248,2838380.69341452
430481,耒阳市,Hunan,湖南省,2649.40582151674,0,0,1.769166078668,1458.62714372842,232.951639310548,0.279963644175194,785107.425516854,2803073.85591954
430482,常宁市,Hunan,湖南省,2047.50715383301,0,0,1.68712838840754,1499.88485825332,472.189862870653,0.284832560948139,737518.768452016,2792802.39797568
430502,双清区,Hunan,湖南省,135.559042929974,0,0,1.73449993133545,1362,247,0.290272288407261,643447.862414402,2884762.60023363
430503,大祥区,Hunan,湖南省,214.741733379545,0,0,1.73449993133545,1362,247,0.290272288407261,638048.966442666,2875137.292332
430511,北塔区,Hunan,湖南省,85.2828606049263,0,0,1.73449993133545,1362,247,0.290272288407261,630937.078448396,2884615.90599545
430522,新邵县,Hunan,湖南省,1764.72508941572,0,0,1.70078505138053,1375.27292797003,301.866880495,0.294672333308948,634011.456074885,2904586.90087993
430523,邵阳县,Hunan,湖南省,1999.47902884381,0,0,1.69356742194489,1385.26615380504,345.915438248999,0.28820136861385,623697.946289592,2854045.76991876
430524,隆回县,Hunan,湖南省,2864.10498937491,0,0,1.61497004882647,1394.07616995015,472.442851149656,0.290707574972556,585661.645365068,2892726.64025505
430525,洞口县,Hunan,湖南省,2173.15407178183,0,0,1.52944774689098,1424.31305296945,668.270426656403,0.254921256149998,550590.826887458,2862862.27656911
430527,绥宁县,Hunan,湖南省,2920.055256895,152.394770570984,0.0521890023180693,1.58778617001961,1403.00287966731,567.123782272251,0.240612989809609,514220.731165533,2817493.48201577
430528,新宁县,Hunan,湖南省,2755.56980925871,160.918649101813,0.0583975947773584,1.4497648917613,1539.14839634713,938.30725116945,0.270867987349124,586228.107485688,2802986.35918049
430529,城步苗族自治县,Hunan,湖南省,2589.53599122957,221.428789949649,0.0855090605805827,1.36262027117314,1569.89555917941,1149.71967034237,0.237752397694453,528170.952279524,2774684.1144037
430581,武冈市,Hunan,湖南省,1540.53979780827,24.0346305909265,0.015601434396645,1.63828543511597,1406.59277484276,453.886235653599,0.256085783384852,567018.421631719,2828362.09624129
430582,邵东市,Hunan,湖南省,1776.74093533,0,0,1.75965322926108,1376.70194483071,200.246167011084,0.291443096042555,673718.198195205,2880583.06675639
430602,岳阳楼区,Hunan,湖南省,406.413029126362,143.524048867261,0.353148247180422,1.70602204244333,1326.97228953842,97.9682670520635,0.320357795638757,787784.810830617,3130052.94521184
430603,云溪区,Hunan,湖南省,377.596321589113,71.0266543522711,0.18810208228024,1.70830374210027,1310.62695942289,82.9913794709824,0.321357274110116,794161.063970409,3149976.02704552
430611,君山区,Hunan,湖南省,622.305937114242,490.202224976827,0.787719023299043,1.71714654680292,1264.28584001345,29.4631124889234,0.324625774369459,753213.41831136,3143176.15107274
430621,岳阳县,Hunan,湖南省,2812.44219500414,1043.74118519224,0.371115604454478,1.71395765634382,1332.56516784818,79.2307631897513,0.3209862781547,790110.550557594,3111102.8728782
430623,华容县,Hunan,湖南省,1592.6001842557,84.7892223535697,0.0532394904834172,1.71260875250252,1241.36007525419,28.6286540392661,0.295857132564732,731527.123667952,3142880.05644727
430624,湘阴县,Hunan,湖南省,1541.76289165589,533.382407842574,0.345956184786436,1.74231385129006,1336.1965315302,29.3407108741088,0.311995087755847,753484.648232764,3056206.44912281
430626,平江县,Hunan,湖南省,4113.79806550732,4.98217671816606,0.00121108927536813,1.59269709618366,1502.91964932573,376.904114926767,0.315469410276651,841374.187220328,3069452.58946441
430681,汨罗市,Hunan,湖南省,1668.24506917993,79.8134448221324,0.0478427578157728,1.73152902286618,1359.65633388316,55.4829485229402,0.319964543144048,783097.144129685,3069371.99874094
430682,临湘市,Hunan,湖南省,1720.41330973265,0,0,1.71181366589554,1310.88515052104,73.7984481560095,0.323290361909962,814952.965642736,3149665.25464391
430702,武陵区,Hunan,湖南省,411.679275515256,0,0,1.73491668701172,1309,33,0.299571780348013,646764.043184319,3086911.59616388
430703,鼎城区,Hunan,湖南省,2339.93479260699,40.1771920123777,0.0171702186485355,1.70978862802207,1301.33559182698,73.6341132337978,0.29680469919739,651810.328585234,3083696.86379117
430721,安乡县,Hunan,湖南省,1087.33423914908,0,0,1.70574981229234,1234.29290859873,33.6326363463034,0.251905421063658,685594.572877524,3134221.89970825
430722,汉寿县,Hunan,湖南省,2092.12768483054,0,0,1.71329962327634,1308.97416602827,60.7303559659292,0.277848418869644,678736.314268097,3068157.19887718
430723,澧县,Hunan,湖南省,2074.60382199395,0,0,1.65622977735423,1204.32316463681,143.907462882959,0.316145231789624,640183.308647089,3164738.79858406
430724,临澧县,Hunan,湖南省,1203.12555481822,0,0,1.668028489717,1241.90819143341,124.714783682942,0.303961773717644,633869.803308425,3134772.9594202
430725,桃源县,Hunan,湖南省,4440.89674793951,369.548697318337,0.0832148816542065,1.64884344563256,1352.10340517203,247.059411921833,0.298725897409405,603849.656494893,3068988.79981943
430726,石门县,Hunan,湖南省,3971.2178853379,663.2604552372,0.167016888618985,1.58787840342652,1284.01629467619,364.180272200053,0.319256270022496,576244.624773421,3166426.86893132
430781,津市市,Hunan,湖南省,555.867391399278,0,0,1.67914404219487,1237.17199916239,92.2285075721593,0.300617563595582,660492.701710219,3134155.08582736
430802,永定区,Hunan,湖南省,2170.96162461088,14.0154107003176,0.00645585372925682,1.54542618273957,1433.75275218755,571.82985091118,0.311443683956191,525292.253206495,3087708.90847033
430811,武陵源区,Hunan,湖南省,398.068014226106,146.133581235414,0.367107067166689,1.56337857196496,1388.0136826763,525.842512667585,0.315995411642844,527687.157874046,3113304.78985425
430821,慈利县,Hunan,湖南省,3492.032942918,5.97566598818304,0.00171122841217806,1.56833942940721,1359.21146047238,460.982502785131,0.317630611407708,568234.188374861,3120819.52017707
430822,桑植县,Hunan,湖南省,3475.58860870795,265.418887305295,0.0763666006501168,1.51932244016633,1420.2954600941,649.955488398096,0.314157463178797,495661.42541988,3135835.83599419
430902,资阳区,Hunan,湖南省,573.778385262804,161.02957102635,0.280647677156042,1.7237462229538,1336.02549986039,72.2707099213954,0.271960977180953,711214.460102629,3050282.7589212
430903,赫山区,Hunan,湖南省,1278.71135789082,1.67582690864677,0.00131055917999428,1.73398208974537,1346.61305612718,64.9821909312443,0.280438301297901,720629.255571698,3027993.67009794
430921,南县,Hunan,湖南省,1326.74288986146,4.40611009849231,0.00332099770962586,1.7129065719906,1259.53114103949,30.3141565470306,0.271025539951431,714172.796219904,3113097.79593237
430922,桃江县,Hunan,湖南省,2068.58445351994,11.9560420149973,0.0057798181721093,1.70221399676043,1350.16802726704,131.083124880379,0.281140019675442,676823.387542297,3023124.80513194
430923,安化县,Hunan,湖南省,4945.54455744242,200.156699951197,0.0404721254912133,1.63031405888151,1397.9764451615,338.614897720686,0.268980415792029,620090.191854836,2999434.17214099
430981,沅江市,Hunan,湖南省,2128.06992050609,918.953753535051,0.431824981256494,1.72182042643669,1303.70583860555,31.0605720329501,0.290532140472563,727668.976126491,3084114.37033769
431002,北湖区,Hunan,湖南省,816.048503845435,0,0,1.84173740062442,1426.96694288954,229.063947267593,0.266884115347126,789319.276270117,2718386.79907664
431003,苏仙区,Hunan,湖南省,1345.54152595936,0,0,1.82774793975209,1433.57873742968,225.128602333494,0.267293449476821,807971.373902788,2735005.15041021
431021,桂阳县,Hunan,湖南省,2961.11300061763,0,0,1.79478260052699,1452.91305941135,292.056341163817,0.263186245462289,758529.957362136,2741704.81895813
431022,宜章县,Hunan,湖南省,2118.7851746347,195.558023231146,0.092297239744875,1.80096546572008,1459.4113128907,403.611663645254,0.263556476566402,796553.253316573,2675477.38973445
431023,永兴县,Hunan,湖南省,1980.41025995169,0,0,1.7082921919353,1493.90310699738,382.09269859673,0.2753657524412,814214.158114615,2782006.42216554
431024,嘉禾县,Hunan,湖南省,698.264911460746,0,0,1.82479784010819,1445.90507485394,263.332460310725,0.259382712671654,741492.577387014,2711885.44667783
431025,临武县,Hunan,湖南省,1380.5906791116,0,0,1.78251062877261,1488.95632815256,438.112853135414,0.260203381755286,759211.205808829,2680705.24484801
431026,汝城县,Hunan,湖南省,2401.8927551933,0.0790037067955225,3.28922707413573e-05,1.64711646294009,1576.1986376409,681.51703849472,0.278101515820773,868261.139265819,2713196.5031072
431027,桂东县,Hunan,湖南省,1449.30779121523,71.1392004159036,0.0490849499651512,1.41026642996097,1737.69165428999,1107.71032542139,0.281905110866906,886816.303834707,2762863.78767581
431028,安仁县,Hunan,湖南省,1464.46082297139,0,0,1.76697892939117,1471.01777107245,200.355789175674,0.277952936553379,827629.154609035,2823996.8843917
431081,资兴市,Hunan,湖南省,2723.23720307041,38.9433762647519,0.0143003981514515,1.66998784785728,1523.22578410915,528.863824143522,0.27682155995797,843397.22941213,2753684.90820083
431102,零陵区,Hunan,湖南省,1966.07422074348,19.1448538469166,0.00973760483959597,1.72141209632385,1451.45360283073,378.293485060821,0.264361733010337,652294.607997812,2761238.96294802
431103,冷水滩区,Hunan,湖南省,1219.28462658096,0,0,1.7556884937597,1388.50186871825,254.207798693542,0.283874228335388,657131.244637343,2806159.09242481
431121,祁阳县,Hunan,湖南省,2538.39204551604,44.2114371100727,0.0174171035511123,1.72009346469425,1445.41820252756,376.663741524133,0.282601144677495,690906.711528728,2799815.69055024
431122,东安县,Hunan,湖南省,2205.73838371895,126.44083120779,0.0573235847646656,1.65035323434462,1455.95139031432,498.737952045064,0.283014478985946,628084.627900713,2799572.27762586
431123,双牌县,Hunan,湖南省,1728.8313038811,98.4688583074167,0.0569568922580018,1.65677637659671,1516.37288604877,566.493508093973,0.250820349889076,669513.156708575,2737930.4825284
431124,道县,Hunan,湖南省,2445.99897873398,99.5976570979649,0.0407186012602162,1.7991169967825,1524.00057795242,353.690035576421,0.240736107793098,661213.967293856,2691011.97921248
431125,江永县,Hunan,湖南省,1632.23762177619,100.496544787472,0.061569800528254,1.73515616525828,1613.38894075978,558.565599537192,0.238900030938306,628210.010763303,2655429.83961
431126,宁远县,Hunan,湖南省,2501.47777438946,0.668273751121442,0.000267151584540681,1.79070405856782,1476.78496155804,328.201177252181,0.264406969362328,698545.727430428,2710464.41263105
431127,蓝山县,Hunan,湖南省,1791.21752611702,0,0,1.77101369680236,1519.00184998542,448.48116810756,0.254760602719171,721974.202051371,2675045.49907238
431128,新田县,Hunan,湖南省,998.415994687907,0,0,1.79812116754055,1448.06511925785,280.074842713829,0.270630048419088,721294.269730209,2738527.69101081
431129,江华瑶族自治县,Hunan,湖南省,3234.52835342961,0,0,1.80272710739118,1577.4838687207,450.916350619767,0.24981036486627,680012.098916358,2634336.98564614
431202,鹤城区,Hunan,湖南省,673.222810981622,1.19087159989842,0.00176891154083448,1.68343719275737,1306.50088445343,311.128685538747,0.322842029751247,484327.834128817,2916773.65795205
431221,中方县,Hunan,湖南省,1516.89746164424,116.04974814638,0.0765046755504409,1.65573066356617,1321.53705848079,366.067279252237,0.316761794250776,505664.800575857,2906426.73219289
431222,沅陵县,Hunan,湖南省,5832.88636477411,107.735548023738,0.0184703663480181,1.62072452177737,1406.5146382701,366.23003281692,0.251105084778959,541512.291142701,3027060.68455103
431223,辰溪县,Hunan,湖南省,1987.00514085026,0,0,1.66930445863112,1346.96554813857,326.092856513512,0.304692354414168,513836.239063185,2949315.19362314
431224,溆浦县,Hunan,湖南省,3429.39879387283,8.24029776666201,0.0024028403408156,1.58848125958348,1398.53506832906,482.045862660688,0.303754074302307,551771.66128912,2944794.17487913
431225,会同县,Hunan,湖南省,2250.86298669502,157.404455592095,0.0699307139184047,1.63078350312114,1312.40385769382,451.056813646309,0.24447737155682,474042.401150795,2837819.40166591
431226,麻阳苗族自治县,Hunan,湖南省,1565.1001131193,0,0,1.69353339924668,1272.54548347284,325.413484551565,0.315900424187209,461310.688964408,2935085.06751071
431227,新晃侗族自治县,Hunan,湖南省,1503.01807240937,0,0,1.65531016014753,1195.20227059117,425.361232852074,0.247027145902439,409213.676551933,2870568.17524213
431228,芷江侗族自治县,Hunan,湖南省,2094.95819252862,0,0,1.65164192698705,1240.38483098269,380.268789851286,0.256547872812487,451744.659728338,2891123.58302972
431229,靖州苗族侗族自治县,Hunan,湖南省,2210.60100035783,0,0,1.60897586771005,1339.0132456577,558.884426159451,0.234767450543498,454221.480059466,2796266.74259685
431230,通道侗族自治县,Hunan,湖南省,2223.75906328038,1.65156689159135,0.00074269147177979,1.60179911775012,1439.24386514419,636.690554662924,0.235160798976131,471224.596458015,2759754.74104668
431281,洪江市,Hunan,湖南省,2289.64307271649,0.418387914303159,0.000182730627008503,1.62870446228517,1313.76267156014,431.143211865775,0.296512369798044,499292.068195401,2875252.96201383
431302,娄星区,Hunan,湖南省,431.623381583384,0,0,1.76499144146262,1393.3045014566,153.633424948596,0.295727239707748,683836.001014533,2945439.60699171
431321,双峰县,Hunan,湖南省,1707.34461947854,0,0,1.7721642688331,1399.51806633092,157.268718513082,0.301250971289101,704025.247657329,2913154.76869312
431322,新化县,Hunan,湖南省,3616.29382938902,0,0,1.58831584565803,1425.32560499825,500.097727255157,0.284671152313008,608675.267914194,2952415.56906278
431381,冷水江市,Hunan,湖南省,438.329448715935,0,0,1.71685038596519,1379.1667001128,258.264075629786,0.300115614465015,634338.010000874,2933278.48609648
431382,涟源市,Hunan,湖南省,1914.61657435924,0,0,1.71926018431593,1382.26892045706,234.64276945738,0.288022778729825,663294.777027768,2941728.57360322
433101,吉首市,Hunan,湖南省,1078.52178908532,0,0,1.68375615591408,1338.38029663953,392.594813016061,0.264584636155759,462630.368552865,2993941.47640734
433122,泸溪县,Hunan,湖南省,1566.98568896502,0,0,1.68752567607254,1357.67977047874,312.609079110571,0.268662934556214,485966.483600698,2977992.73627655
433123,凤凰县,Hunan,湖南省,1733.0142918391,0,0,1.68804423712041,1295.58937057595,379.867527836985,0.284068875991009,439575.761711761,2958893.17603052
433124,花垣县,Hunan,湖南省,1109.39761826006,0,0,1.65552101059071,1346.15824085156,480.009752850973,0.251348372470146,429801.811673016,3005355.31275604
433125,保靖县,Hunan,湖南省,1753.97205785547,201.019114689838,0.114607934481931,1.64106512726787,1388.4141022935,510.610177335081,0.245743559665219,441383.230817913,3032697.24160332
433126,古丈县,Hunan,湖南省,1285.04941768633,225.287883208257,0.175314567757151,1.57763237933237,1433.28273161655,579.834178070809,0.289269956009354,483681.398070134,3027278.01669042
433127,永顺县,Hunan,湖南省,3812.85827455597,260.781782871467,0.0683953517527048,1.58314240262329,1428.46555513159,549.002779605025,0.282345473789689,478752.200213929,3072947.95663322
433130,龙山县,Hunan,湖南省,3130.37236609334,79.2609960698708,0.0253199897010295,1.52398061834509,1437.19467633131,709.278347423826,0.266320107101692,433243.532381634,3094165.96152609
440103,荔湾区,Guangdong,广东省,62.3995392591192,0,0,2.23024997711182,1696,2,0.251559062961113,846549.801718336,2438165.98617898
440104,越秀区,Guangdong,广东省,33.6729535300484,0,0,2.23024997711182,1696,2,0.251559062961113,851638.097285546,2443576.72791928
440105,海珠区,Guangdong,广东省,92.0333028877194,0,0,2.23024997711182,1696,2,0.251559062961113,856791.61331977,2438362.2258603
440106,天河区,Guangdong,广东省,136.15593281447,0,0,2.23021243691824,1696.00323622401,2.01812285445815,0.251559062961113,861104.607130537,2447316.15673115
440111,白云区,Guangdong,广东省,666.732765153544,0,0,2.18793449931258,1699.64788649702,22.4281643833318,0.251559062961113,854546.765237119,2461144.40462647
440112,黄埔区,Guangdong,广东省,481.791875814648,0,0,2.20849763127548,1726.2267377227,19.47938810882,0.22056476114288,874109.494699597,2454722.58783199
440113,番禺区,Guangdong,广东省,515.978249001347,0,0,2.23387097996113,1715.58225759791,5.50419346488849,0.238735974287436,865969.673354986,2427255.00351745
440114,花都区,Guangdong,广东省,966.479052991309,0,0,2.16856034779143,1701.95151074152,38.0082630815341,0.251687786138873,841908.819156791,2476981.99092101
440115,南沙区,Guangdong,广东省,661.129878589998,0,0,2.24049827622436,1756.80510942194,8.10561403711783,0.227851062732884,878495.116247381,2405513.04917667
440117,从化区,Guangdong,广东省,1984.86686847259,0,0,2.04204320833898,1768.69234084806,270.973716258479,0.24235632187879,887357.709637842,2506812.38690223
440118,增城区,Guangdong,广东省,1614.02556805112,2.52831215445878,0.0015664635086987,2.17881552188766,1730.41753041286,33.1621357476425,0.192468470434669,899178.45989451,2470616.05158148
440203,武江区,Guangdong,广东省,675.682919111397,12.0084873247415,0.0177723707157406,2.01888699585449,1540.56094111129,122.965280966758,0.255721968166645,847108.366784323,2617871.00650288
440204,浈江区,Guangdong,广东省,569.443158164215,0,0,1.96269400221212,1540.64298498836,213.583149648705,0.257488526430456,865139.651590273,2641514.51068593
440205,曲江区,Guangdong,广东省,1622.1325266207,175.229481105517,0.108024146134696,1.91711238598665,1649.40976466857,356.974251060497,0.25680854969149,872775.003060971,2612577.48156496
440222,始兴县,Guangdong,广东省,2134.11218486357,65.317618216256,0.0306064595289454,1.81600492551253,1670.33148385966,522.324792388292,0.27123823855835,919224.803707415,2639575.07899221
440224,仁化县,Guangdong,广东省,2223.1384240529,57.0191831536787,0.02564805796021,1.71037225811664,1624.28921423048,659.305433693105,0.274108782846207,883308.899020095,2668906.27942211
440229,翁源县,Guangdong,广东省,2174.88354766483,0,0,1.97236770336025,1736.15894170291,311.327619081916,0.249523832723957,914889.835934713,2591601.53914974
440232,乳源瑶族自治县,Guangdong,广东省,2293.99760639502,330.603980263163,0.144116968274741,1.88063035511565,1549.96368685574,370.860977020787,0.253764926667608,824951.065255926,2626646.27688807
440233,新丰县,Guangdong,广东省,1968.23547123617,0,0,1.94942336370247,1824.05262924706,432.200900160682,0.224159101943415,930076.060951414,2553674.39893134
440281,乐昌市,Guangdong,广东省,2423.39640925711,6.38803960087267,0.00263598624495401,1.68598695436859,1551.27989553628,661.61729276269,0.272226195160214,828449.989950362,2675562.98114064
440282,南雄市,Guangdong,广东省,2326.54001411285,0,0,1.94834362225995,1568.39084057573,240.401514085204,0.283719448022845,943151.377904461,2679260.09773325
440303,罗湖区,Guangdong,广东省,79.5051367778935,0,0,,,,,946302.876490081,2390325.2281983
440304,福田区,Guangdong,广东省,73.1008476001107,0,0,,,,,936364.764725131,2386243.86812355
440305,南山区,Guangdong,广东省,172.260419203428,0,0,,,,,925533.629771548,2386122.59911267
440306,宝安区,Guangdong,广东省,373.588122397905,0,0,2.24781665802002,1791,19,0.189350024094747,915550.1672452,2399273.55556813
440307,龙岗区,Guangdong,广东省,675.92410180914,26.5504498279265,0.039280223558922,2.12783336639404,1920,214,0.200680735554148,964962.91909818,2399599.5987259
440308,盐田区,Guangdong,广东省,69.8034667868719,0,0,,,,,958653.735017055,2393965.92552586
440309,龙华区,Guangdong,广东省,175.59812090681,0,0,2.12783336639404,1920,214,0.200680735554148,933468.488947458,2401178.35194904
440310,坪山区,Guangdong,广东省,167.277129278578,0,0,2.12783336639404,1920,214,0.200680735554148,967168.919966189,2404803.93198333
440311,光明区,Guangdong,广东省,155.669303076731,0,0,2.21099100858687,1830.59308594138,78.8500136323151,0.192827681711716,922025.997811064,2408896.91993964
440402,香洲区,Guangdong,广东省,484.5694370997,4.31569874620551,0.00890625453399687,2.25556659698486,2059,3,0.251339462068346,893450.199920375,2346135.85298656
440403,斗门区,Guangdong,广东省,604.517062607646,9.28748762574357,0.0153634830184628,2.25582108367054,2040.86795045376,2.57585849014641,0.251394178210713,856667.041251561,2344532.33032174
440404,金湾区,Guangdong,广东省,490.385547579787,0,0,2.25556659698486,2059,3,0.251339462068346,859614.265159679,2323687.44031864
440507,龙湖区,Guangdong,广东省,131.317503543609,0,0,2.15566673278809,1523,9,0.257290312528714,1204559.6153152,2508150.59599474
440511,金平区,Guangdong,广东省,149.604536709207,0.0297194226946489,0.000198653218333986,2.15566673278809,1523,9,0.257290312528714,1192930.26501838,2505722.25402814
440512,濠江区,Guangdong,广东省,170.333600174874,0,0,,,,,1200421.67560574,2495498.26768403
440513,潮阳区,Guangdong,广东省,667.929206610782,0,0,2.11522687150554,1574.4692324674,130.515532808888,0.268362655899368,1177314.55068264,2498899.16007156
440514,潮南区,Guangdong,广东省,597.871017765713,0,0,2.07188339233398,1609,217,0.270520430989155,1171360.31111757,2479945.01191851
440515,澄海区,Guangdong,广东省,352.290719904837,0,0,2.15566673278809,1523,9,0.257290312528714,1208214.08382169,2523197.48433554
440523,南澳县,Guangdong,广东省,107.358863159784,0.817540793254443,0.00761502841211801,2.15566673278809,1523,9,0.257290312528714,1235322.39646431,2516253.5543032
440604,禅城区,Guangdong,广东省,153.299802275698,0,0,2.2286510115266,1700.52537657782,2.0754229429636,0.25103487954065,830474.293640269,2426932.0374266
440605,南海区,Guangdong,广东省,1071.32755063653,0,0,2.21892761491994,1725.67807042553,4.29458337263113,0.248460118215782,826982.591164448,2434509.12202418
440606,顺德区,Guangdong,广东省,806.722366261793,0,0,2.23990289471788,1762.86814865929,0.955185177198667,0.251662296554462,844258.745934982,2410764.55723896
440607,三水区,Guangdong,广东省,826.844511132202,0,0,2.16285514130909,1733.01100881927,71.8516690290072,0.249196854349082,810973.038587044,2457402.00336817
440608,高明区,Guangdong,广东省,937.437975132851,6.40031891797586,0.00682745854953105,2.1378775756721,1904.55928926817,214.716749279469,0.245754630294762,792220.85912461,2404033.22751204
440703,蓬江区,Guangdong,广东省,320.588174505297,0,0,2.2477704979695,1894.01155688328,20.1711351106899,0.251384850871589,832621.922498107,2389228.73267867
440704,江海区,Guangdong,广东省,108.896810430642,0,0,2.25796661376953,1888,-1,0.251855479869917,841157.472427825,2378242.0215207
440705,新会区,Guangdong,广东省,1345.22320097306,6.9844356488624,0.00519202734818299,2.21394971230913,1977.74472244253,90.7647805653566,0.249483901209753,832297.299801706,2359644.42387961
440781,台山市,Guangdong,广东省,3160.98793418742,0,0,2.23682409342848,2118.5852201118,81.7470291878637,0.245468571725821,802406.003441984,2317614.96035747
440783,开平市,Guangdong,广东省,1656.1370262202,0,0,2.1781672177374,2037.5101623364,187.10829222447,0.246112333236746,781865.779931211,2353959.36066924
440784,鹤山市,Guangdong,广东省,1083.50290520308,0,0,2.0790890115144,1990.17877975301,368.400481975799,0.243537231515392,805880.521170293,2388650.88172183
440785,恩平市,Guangdong,广东省,1690.63035223032,0,0,2.14133794659452,2136.88374794802,308.774212589423,0.23773851310676,756163.522391693,2336922.4298258
440802,赤坎区,Guangdong,广东省,62.1186078482522,0,0,2.31751670837402,1741,19,0.227097047856883,564076.33627461,2219616.27907506
440803,霞山区,Guangdong,广东省,100.392336881833,0.107533912120516,0.00107113665704474,2.31751670837402,1741,19,0.227097047856883,564765.269433883,2209814.83634588
440804,坡头区,Guangdong,广东省,501.053121884094,0.808127833285027,0.00161285859320914,2.32911395151368,1791.15021302799,11.3381618985012,0.243141430560202,578487.07371834,2220015.07270328
440811,麻章区,Guangdong,广东省,729.072191975352,32.0508438535958,0.0439611388369608,2.31751670837402,1741,19,0.227097047856883,560950.901812706,2199053.54074448
440823,遂溪县,Guangdong,广东省,2012.16489009827,1.61252768410713,0.000801389434853114,2.31897684478006,1713.30578558883,20.3314526159216,0.22284014390095,528081.536551964,2216106.59883891
440825,徐闻县,Guangdong,广东省,1794.42259129906,12.5479837806936,0.00699276961934011,2.35151889166216,1745.40095229538,135.652142664596,0.199143625635509,556035.597322417,2126136.47974715
440881,廉江市,Guangdong,广东省,2784.56341437343,4.91445616305498,0.001764892886866,2.27494854591497,1715.38233475271,44.8275346481733,0.23408576630068,536838.694643498,2257922.17811715
440882,雷州市,Guangdong,广东省,3501.47511880875,20.5693881649259,0.00587449216886735,2.33491059510172,1683.93399245555,72.6483170633856,0.205960014403603,528041.914175978,2164358.42499178
440883,吴川市,Guangdong,广东省,852.549562070568,0,0,2.33323820658974,1812.83662654764,8.78419257135234,0.248683852924805,597362.944195111,2238851.01909127
440902,茂南区,Guangdong,广东省,596.364456280262,0,0,2.3088086124652,1826.79195269082,30.8619268088588,0.211981006543783,614767.136877473,2266387.56906764
440904,电白区,Guangdong,广东省,2034.27367211712,0,0,2.30421341219387,1941.11893530439,43.8577226877109,0.213597281221868,647435.606532791,2266193.77187716
440981,高州市,Guangdong,广东省,3272.23014724355,31.4601221323356,0.00961427549918419,2.11872392700902,1884.08451673677,395.180962495371,0.232063985806212,621425.272556035,2305466.83606264
440982,化州市,Guangdong,广东省,2356.41301786067,0,0,2.2769732792078,1762.03805048832,56.2792507639554,0.227081034740147,577389.511312751,2281908.9227832
440983,信宜市,Guangdong,广东省,3082.32645531249,95.905912216171,0.0311147808665348,1.99184724076587,1878.93811928052,619.329960543917,0.244728556596481,634206.581641315,2349884.91125286
441202,端州区,Guangdong,广东省,153.343547707316,0,0,2.17356647652064,1790.80927000789,98.9606902920213,0.264472340185059,768692.762733505,2432924.52192387
441203,鼎湖区,Guangdong,广东省,553.037077648534,0,0,2.20147903856897,1763.29399496727,23.3639340407636,0.248800781184828,782694.280768748,2445768.55753425
441204,高要区,Guangdong,广东省,2186.91080222604,0.0889803956680672,4.06877114409489e-05,2.1733388894087,1787.55789863895,93.0919054715812,0.258809548486818,767204.4947157,2430621.55637346
441223,广宁县,Guangdong,广东省,2455.72082907342,4.85962010736605,0.0019788976213553,2.05744857822367,1705.52715250838,238.84615868321,0.263439071945597,760457.785695233,2495865.64097949
441224,怀集县,Guangdong,广东省,3556.58257536886,0.198595081375577,5.58387376553405e-05,2.04753096171619,1630.1746183731,200.732517816929,0.263356527225852,731101.923781411,2525965.75376097
441225,封开县,Guangdong,广东省,2725.15205465911,0,0,2.14225908823238,1630.06108067714,102.274423594609,0.255247742908499,687764.021976029,2477903.63377722
441226,德庆县,Guangdong,广东省,2004.24922930549,0,0,2.1790781842841,1741.36218164528,97.3290266390156,0.26324249940424,716884.163616803,2448348.79634228
441284,四会市,Guangdong,广东省,1263.67774205886,2.68753246495226,0.00212675461116658,2.11740546353098,1719.86252196404,144.749806684164,0.254007730720774,787532.581219656,2470622.32307539
441302,惠城区,Guangdong,广东省,1489.0153678874,11.9441469514483,0.00802150683534889,2.13801300256207,1870.17916558709,159.147541534751,0.20251638959173,974412.029073321,2457334.48611806
441303,惠阳区,Guangdong,广东省,1199.41072904514,0,0,2.16057267879309,1876.42607587507,143.928419312608,0.20275601110102,976315.416072677,2425378.58818367
441322,博罗县,Guangdong,广东省,2858.48270931941,127.675573430416,0.0446655048897655,2.12138909881015,1832.63135073114,148.635645930692,0.198592458054176,952119.202343129,2476182.73022502
441323,惠东县,Guangdong,广东省,3505.41428246859,6.98047175971021,0.00199134002352339,2.14589822603833,1780.75074366798,141.127929058047,0.233705571731002,1023635.37042034,2449288.80651512
441324,龙门县,Guangdong,广东省,2266.8477518393,14.9317593642341,0.00658701465597702,2.06286144850883,1819.22135866218,241.919308103503,0.202689588122538,933579.940392157,2509216.217758
441402,梅江区,Guangdong,广东省,570.014563326097,0,0,2.0120016608224,1553.08386129479,294.569183778129,0.264136495146275,1134158.44084966,2596383.59607945
441403,梅县区,Guangdong,广东省,2475.21098863234,0,0,2.03416674806186,1535.32030271442,257.984128453432,0.263798861278965,1134113.41966097,2609358.91710059
441422,大埔县,Guangdong,广东省,2461.01124714619,1.20899328883789,0.00049125874180374,1.91728952122057,1541.88073783935,477.632962095576,0.274049423127324,1182029.96966461,2610849.7484763
441423,丰顺县,Guangdong,广东省,2709.76854965287,0,0,2.06947378806913,1548.42328630111,206.426497113002,0.2661593643451,1150117.56030651,2559369.57205292
441424,五华县,Guangdong,广东省,3237.24087316344,0,0,2.03072747228386,1673.31938917501,318.277189212186,0.282654993748278,1085165.75454979,2539286.13566979
441426,平远县,Guangdong,广东省,1373.29116923802,25.5575096644678,0.0186104085112909,1.95359557509534,1610.19536191723,376.489465002377,0.305310830750386,1104063.7501952,2640630.28422663
441427,蕉岭县,Guangdong,广东省,961.947234425747,0,0,2.00837814143052,1527.86166885444,292.39129901922,0.273032093354944,1130730.93416411,2642168.46422214
441481,兴宁市,Guangdong,广东省,2076.01646237862,9.95584311887527,0.0047956474812672,2.0424079307132,1598.37581279363,246.038257932687,0.272357101679946,1091208.81967752,2591531.87091365
441502,城区,Guangdong,广东省,377.573712324587,0,0,2.22471656799316,1638,8,0.20750988205117,1075659.41603784,2424856.19623892
441521,海丰县,Guangdong,广东省,1763.20131143022,0,0,2.19053770036893,1651.96846144232,60.3667083403464,0.22607402272672,1058476.47488247,2444302.62416757
441523,陆河县,Guangdong,广东省,984.413294227383,0,0,2.10745962580839,1601.37113026967,161.230835416716,0.272643163205158,1090121.44819367,2482268.3496979
441581,陆丰市,Guangdong,广东省,1691.36074747673,0,0,2.10757851184889,1597.38659217361,159.900744853602,0.271933618228482,1110165.65344692,2449474.8883812
441602,源城区,Guangdong,广东省,362.730533650183,0,0,2.17920795864806,1851.79450659305,59.2752065477362,0.264238411130069,985707.80499584,2516868.72825613
441621,紫金县,Guangdong,广东省,3637.92088606191,23.252757582701,0.00639177109974823,2.05799924750935,1812.49044220669,280.655435647313,0.257171057040849,1029552.70683104,2502767.10860237
441622,龙川县,Guangdong,广东省,3081.67191671864,17.053786818848,0.00553393978324821,1.95125581467481,1727.75664893115,414.823812862173,0.2776876382306,1050758.41392965,2594745.95820375
441623,连平县,Guangdong,广东省,2274.06462469222,1.04341595649227,0.000458833027506193,1.96758118291493,1784.20321514457,369.286358311505,0.202277063815158,967870.258994045,2587077.3519644
441624,和平县,Guangdong,广东省,2291.48630436952,0,0,1.96527229434815,1746.19804996357,370.22095615303,0.232670142337843,1013960.42750689,2604137.77581889
441625,东源县,Guangdong,广东省,4007.14499338031,94.5729645029507,0.0236010837289847,2.06698651102902,1828.00529064825,249.793145488631,0.241930944605511,1000851.53935476,2545197.20435707
441702,江城区,Guangdong,广东省,709.860883827662,0,0,2.3112060546875,2102,5,0.257125623612536,719349.274798115,2286279.96030549
441704,阳东区,Guangdong,广东省,1689.36095546103,0,0,2.16884764960589,2116.2343018643,260.516180577548,0.245557240347842,738430.579682979,2306187.80609437
441721,阳西县,Guangdong,广东省,1377.92224643772,0,0,2.31023705815655,2086.89112897348,9.25887639673821,0.252401774074414,688618.904350799,2275269.01186408
441781,阳春市,Guangdong,广东省,4038.22201391253,1.47663638226515,0.000365664982553665,2.1518160193533,2027.54456207494,299.70351588986,0.255608432790144,694711.646059711,2330849.145333
441802,清城区,Guangdong,广东省,1297.20071670803,0,0,2.124932369745,1717.33152185291,85.5024389782376,0.253172710336883,831988.782567611,2501512.04949583
441803,清新区,Guangdong,广东省,2351.6700980179,0,0,2.08453793772126,1690.20714441151,121.100336963192,0.253356533016801,798523.041366448,2524877.47579888
441821,佛冈县,Guangdong,广东省,1294.03483861038,0,0,1.98991922124382,1788.64776133249,325.854915127639,0.260882169219581,873134.432932143,2527731.9999443
441823,阳山县,Guangdong,广东省,3328.52820522836,203.551142441002,0.0611534978496711,1.87330107899496,1616.34453841916,433.030105126943,0.257430998860887,777729.0864435,2589345.88637368
441825,连山壮族瑶族自治县,Guangdong,广东省,1216.03012339005,0,0,1.84677588174965,1606.18943872147,467.028429818928,0.259932397652733,718958.496638913,2585842.426136
441826,连南瑶族自治县,Guangdong,广东省,1242.07130950794,0,0,1.81485412723361,1629.75648150597,525.944040582693,0.263669099815782,735419.523330718,2592258.4341965
441881,英德市,Guangdong,广东省,5634.75617733788,367.156465270412,0.0651592462415781,2.03948763844183,1693.64517262477,178.286122103831,0.255553315767788,845338.285041975,2563392.84282922
441882,连州市,Guangdong,广东省,2677.31578850022,55.3276363936385,0.0206653382582979,1.87612679167815,1536.373098664,327.266836825134,0.258325219056065,751604.800842485,2634993.13837241
441900,东莞市,Guangdong,广东省,2449.56911028003,7.79349316415379,0.0031815771726738,2.2044392851212,1837.63716946015,89.4980468583639,0.193446398594252,915171.937551675,2426973.46969228
442000,中山市,Guangdong,广东省,1744.11694664872,0,0,2.25774995236769,1903.43701692035,-0.638900188997648,0.251808896387262,868477.49858124,2377106.20852935
445102,湘桥区,Guangdong,广东省,326.642902299265,0,0,2.15566673278809,1523,9,0.257290312528714,1196401.59923562,2537861.17032573
445103,潮安区,Guangdong,广东省,1087.33539694865,1.72217791886952,0.00158385160981829,2.10518123283389,1530.1303598584,116.610634199637,0.260192701418312,1184936.36579172,2543160.56303728
445122,饶平县,Guangdong,广东省,1699.22459475036,0,0,2.01951719843563,1537.96242327627,282.673474553236,0.261419829551694,1212882.95772403,2560662.43289258
445202,榕城区,Guangdong,广东省,337.728847767741,0,0,2.16780173267077,1527.26412527734,14.3301565966759,0.263241968693993,1171948.13796274,2516477.07769807
445203,揭东区,Guangdong,广东省,708.738564477121,0,0,2.17709578926729,1530.52996969806,18.4124621225738,0.267800273578866,1156035.99204717,2528221.84728664
445222,揭西县,Guangdong,广东省,1346.91505639197,0,0,2.10735389977043,1596.68628039362,165.012295118235,0.278501727828926,1117033.10273734,2508867.80133331
445224,惠来县,Guangdong,广东省,1245.7830844844,0,0,2.07202277605201,1608.95465150464,216.777036564458,0.270525949258722,1154199.63452727,2461658.2814247
445281,普宁市,Guangdong,广东省,1618.78624630871,0,0,2.08943607873046,1600.22468343492,186.973137865319,0.270771057368584,1135872.78254397,2487836.39098038
445302,云城区,Guangdong,广东省,786.563146655037,0,0,2.20861842963592,1859.26818705139,78.7689099629565,0.264213681358261,734936.594052963,2406737.03972095
445303,云安区,Guangdong,广东省,1180.42147274104,0,0,2.18566110373849,1833.09424783019,161.975946432687,0.261585049864464,719607.450883041,2407220.57859529
445321,新兴县,Guangdong,广东省,1522.28792833542,0,0,2.24089786921648,1952.18928272794,61.9245722031728,0.262224632990042,745725.341242072,2378747.55021446
445322,郁南县,Guangdong,广东省,1961.49164683129,0,0,2.19619826930448,1744.84420522871,129.147924748699,0.238379951675467,680967.253354647,2420281.55011034
445381,罗定市,Guangdong,广东省,2332.43235864391,0,0,2.16765172191872,1834.63307574711,242.592285894845,0.234050445462267,670477.753503242,2380695.18739941
450102,兴宁区,Guangxi,广西壮族自治区,724.039045993689,0,0,2.16438408758935,1451.83898709551,104.94031491902,0.197789675272566,365439.029466329,2395405.63584574
450103,青秀区,Guangxi,广西壮族自治区,864.072873889407,0,0,2.15222007098332,1488.98737178402,100.020059265659,0.192016216226831,377335.767467587,2380410.44987479
450105,江南区,Guangxi,广西壮族自治区,1181.67098941165,1.27486897480697,0.00107886965680838,2.18433769617382,1553.42003762547,121.013739756045,0.197649889293698,326733.940761431,2357292.69235904
450107,西乡塘区,Guangxi,广西壮族自治区,1077.64692705593,0,0,2.2086314189883,1500.35856752527,104.881573445081,0.200983871554545,317913.382135846,2389205.08576894
450108,良庆区,Guangxi,广西壮族自治区,1370.91200755794,0,0,2.15158559042759,1593.26847008448,132.346227974096,0.197762515328171,347702.343060557,2337855.54889571
450109,邕宁区,Guangxi,广西壮族自治区,1228.32758095408,0,0,2.15359522792963,1541.70334084964,103.818525652483,0.196146907460495,372663.209352784,2355736.98110709
450110,武鸣区,Guangxi,广西壮族自治区,3387.59808798158,72.0234452024987,0.021260918010912,2.13881348277719,1662.28414934952,190.087598064692,0.200893708026529,334290.236713417,2426471.42659501
450123,隆安县,Guangxi,广西壮族自治区,2307.65989142466,46.8179443315856,0.0202880608644119,2.1287953731076,1579.78917381424,345.139555597178,0.198889859108654,276593.564580026,2408515.09994281
450124,马山县,Guangxi,广西壮族自治区,2340.91764199463,14.6542164661611,0.00626003076882048,2.04162095619935,1685.46717917921,359.685653727279,0.203591761926882,323522.672386403,2471117.38403472
450125,上林县,Guangxi,广西壮族自治区,1869.66671428165,91.402873960162,0.048887255285646,2.08696231062698,1665.70234887922,222.118602123383,0.205209691132103,372906.379126624,2457009.00235921
450126,宾阳县,Guangxi,广西壮族自治区,2298.48133031711,0,0,2.14342084876279,1560.48205915764,103.336701801569,0.194242546601693,404570.524138244,2419232.64200449
450127,横县,Guangxi,广西壮族自治区,3448.66432404432,0.0497579688087825,1.44281855621223e-05,2.15630884783514,1532.22755196151,89.6167148231422,0.191544622508442,429941.452296843,2377026.64269624
450202,城中区,Guangxi,广西壮族自治区,84.6483721284856,0,0,2.04968444106396,1581.83510159675,131.213316337705,0.216272967836841,453619.998854778,2554144.70709738
450203,鱼峰区,Guangxi,广西壮族自治区,460.635364894933,0,0,2.01878221987464,1620.5127325706,168.590614841546,0.225013163393593,463790.410692646,2557271.40836072
450204,柳南区,Guangxi,广西壮族自治区,162.977815054308,0,0,2.06924991607666,1558,108,0.210463365651977,439354.777677433,2548872.86683745
450205,柳北区,Guangxi,广西壮族自治区,310.429921907403,0,0,1.98999112148859,1654.55484572784,202.03602366537,0.233997783595305,444821.440614138,2563419.68378771
450206,柳江区,Guangxi,广西壮族自治区,2537.79032714424,0,0,2.02018736132876,1580.6972030492,208.79452333632,0.208627996360063,434139.006955075,2535370.41085519
450222,柳城县,Guangxi,广西壮族自治区,2114.51180181503,0,0,1.96374517451401,1635.22532339652,246.396761963874,0.233506732088985,427590.478865415,2581666.5390281
450223,鹿寨县,Guangxi,广西壮族自治区,2973.92253641649,93.7713692348689,0.0315312077186319,1.96313054125872,1707.74188311401,244.374581519702,0.228498023522722,488473.281068166,2575171.74138953
450224,融安县,Guangxi,广西壮族自治区,2900.28183322434,47.7323696872027,0.0164578383867395,1.84192321618203,1660.72375004454,363.202345922227,0.241049675272325,453718.469484016,2639281.96832017
450225,融水苗族自治县,Guangxi,广西壮族自治区,4639.91446372617,158.481306562282,0.0341560836522428,1.79502469521879,1502.61475595598,431.112414958832,0.228508302238716,406885.442958081,2659922.10322655
450226,三江侗族自治县,Guangxi,广西壮族自治区,2418.3786219314,0,0,1.76586013446932,1498.75491829217,392.878652574374,0.239457223674341,450154.826195004,2706699.50330527
450302,秀峰区,Guangxi,广西壮族自治区,42.3006009407456,0,0,1.76634774782977,1730.93765344029,427.493584686955,0.26376810139818,528867.477395732,2659386.89820045
450303,叠彩区,Guangxi,广西壮族自治区,50.5190176560588,0,0,1.73588333129883,1711,459,0.26376810139818,535955.937741294,2663805.73491569
450304,象山区,Guangxi,广西壮族自治区,89.6511048581653,0,0,1.85273596261031,1787.47503323452,338.150564765208,0.26376810139818,531168.10758608,2650460.53671622
450305,七星区,Guangxi,广西壮族自治区,70.3032402156614,0,0,1.78221363186598,1741.32119376237,411.085027140946,0.26376810139818,537602.9839754,2657691.96421097
450311,雁山区,Guangxi,广西壮族自治区,303.455231465585,0.248870555452507,0.000820122804443172,1.85965003967285,1792,331,0.26376810139818,539766.397328813,2639740.04819337
450312,临桂区,Guangxi,广西壮族自治区,2246.86627721428,66.9181146633542,0.0297828648469106,1.6626642523717,1774.81817533316,697.808689527961,0.231316922391969,509016.376723787,2660417.43744541
450321,阳朔县,Guangxi,广西壮族自治区,1435.93523319608,0,0,1.9054128989597,1770.40099432484,274.977579030062,0.252774299879132,552996.879592292,2613041.42828878
450323,灵川县,Guangxi,广西壮族自治区,2303.9902376631,0,0,1.71744324830074,1731.22299395026,541.463564974077,0.255459256334516,543335.562273657,2670650.02044849
450324,全州县,Guangxi,广西壮族自治区,3974.91024973021,37.0601153926538,0.00932350998243775,1.65106648579693,1559.23960568904,579.345629369952,0.24094762402495,600576.116031561,2735625.00283383
450325,兴安县,Guangxi,广西壮族自治区,2332.28916966402,97.3553644036883,0.0417424072752149,1.56706781439822,1695.65318671907,810.592737829697,0.255264212949155,560216.208009431,2696789.11489348
450326,永福县,Guangxi,广西壮族自治区,2793.18951420882,0,0,1.81790991797311,1828.77646480186,422.455698844144,0.225996587829914,495172.865981172,2625512.37551917
450327,灌阳县,Guangxi,广西壮族自治区,1836.78786253546,124.901062281906,0.0679997210507999,1.57318350046503,1664.19898140733,833.904675915641,0.233216859589713,608892.433827793,2683090.18922668
450328,龙胜各族自治县,Guangxi,广西壮族自治区,2451.97933370342,77.0180763178516,0.0314105731884474,1.55178285189988,1607.06652016065,809.923045747163,0.229201032679969,499489.586217493,2722381.51277823
450329,资源县,Guangxi,广西壮族自治区,1941.82060194925,103.634891862509,0.053369962064713,1.27651667268188,1665.05238719489,1378.61879081363,0.255633441557577,557042.344004679,2747786.79386864
450330,平乐县,Guangxi,广西壮族自治区,1892.69918164803,15.55134993998,0.0082164931917173,1.95854153705388,1654.84784562734,251.788409750542,0.236854845303722,586604.607358666,2582083.95421746
450332,恭城瑶族自治县,Guangxi,广西壮族自治区,2140.18175945342,0,0,1.62842213297309,1707.15853531596,816.344952329928,0.238867349546572,595427.450365675,2625635.50709164
450381,荔浦市,Guangxi,广西壮族自治区,1754.57511620166,6.13736537771736,0.00349792113261224,1.98824153588309,1724.95419410216,181.699388939738,0.230818723944657,543430.602735929,2575712.06345936
450403,万秀区,Guangxi,广西壮族自治区,448.205951009373,0,0,2.15258331298828,1569,80,0.247924882485044,647032.270771218,2476547.51740018
450405,长洲区,Guangxi,广西壮族自治区,374.951325695536,0,0,2.14180903971724,1563.88380656007,99.8046197674688,0.238161733196431,631609.801993746,2474000.0005142
450406,龙圩区,Guangxi,广西壮族自治区,972.042021803621,0,0,2.16517352342288,1661.94598452909,173.857219671536,0.203083479863569,645140.091932786,2438647.52636255
450421,苍梧县,Guangxi,广西壮族自治区,2778.80118089482,0,0,2.07840672850806,1558.43737968474,187.448243052375,0.234537224482108,644943.154173048,2497586.51630694
450422,藤县,Guangxi,广西壮族自治区,3942.1785066449,0,0,2.12112618621666,1559.46338046951,159.70220252316,0.196553098061553,591609.976867285,2466111.19650478
450423,蒙山县,Guangxi,广西壮族自治区,1278.83496233822,0.687813410125543,0.000537843764349349,1.91379876094993,1619.40839883078,408.857153110332,0.234926839191787,565421.558926561,2533592.20343535
450481,岑溪市,Guangxi,广西壮族自治区,2769.92088131901,0,0,2.11196028631522,1697.42970400551,307.253136298266,0.197195284774094,620989.547563366,2403361.62108736
450502,海城区,Guangxi,广西壮族自治区,118.054069621389,23.5193276130276,0.199225047374108,2.2825439453125,1632,3,0.20479799395441,434451.013391912,2226053.65377409
450503,银海区,Guangxi,广西壮族自治区,458.474660823398,196.624992201455,0.4288677412364,2.28110675619341,1632.2777378344,3.71170320065288,0.2048454490949,447723.450386898,2241764.68717057
450512,铁山港区,Guangxi,广西壮族自治区,404.801337824384,0,0,2.28085892250143,1632.32563187422,3.83443167770106,0.204853632417829,467324.138499616,2245687.5399346
450521,合浦县,Guangxi,广西壮族自治区,2417.62544536148,480.28080726676,0.198658070954804,2.20418445954579,1659.47170817857,48.4895773143405,0.207774231438671,452799.486290639,2264408.45730812
450602,港口区,Guangxi,广西壮族自治区,306.304250473145,0,0,2.16119995117188,1919,96,0.188768128737264,360897.657507591,2251234.79984554
450603,防城区,Guangxi,广西壮族自治区,2363.59085837114,301.608244167755,0.127605944615816,2.15524697340426,1940.48029172038,168.324445561544,0.187442455800837,319253.422755066,2262882.17316183
450621,上思县,Guangxi,广西壮族自治区,2814.41631377059,391.94421403836,0.139263055050038,2.15719209682131,1877.27297871447,233.107583669425,0.18950701690798,301323.77010701,2293163.73585254
450681,东兴市,Guangxi,广西壮族自治区,500.267510475353,0,0,2.1510589211739,1959.0489955503,218.95744247899,0.186160701821328,319450.038771186,2246977.56301422
450702,钦南区,Guangxi,广西壮族自治区,2375.98785815537,0,0,2.16718759751053,1763.44142307298,38.4735458632678,0.18841220214234,393370.482346858,2280794.85008772
450703,钦北区,Guangxi,广西壮族自治区,2218.87066079837,0.568992748539224,0.000256433490510211,2.1529952018525,1729.73773587144,88.0333850489044,0.192331846116335,368337.934546803,2308964.2688277
450721,灵山县,Guangxi,广西壮族自治区,3558.43528007643,0,0,2.14062284994276,1611.9156040612,118.988978791198,0.195208225589624,429803.685388068,2326441.19747171
450722,浦北县,Guangxi,广西壮族自治区,2528.6805414937,0,0,2.14448775602884,1613.76388000595,148.849330446809,0.210254296142787,471014.509856033,2323361.48597559
450802,港北区,Guangxi,广西壮族自治区,1096.7669406313,0,0,2.15773166028993,1386.35660236841,89.4377879953262,0.208953271820278,478461.997886556,2428225.357118
450803,港南区,Guangxi,广西壮族自治区,1099.59122621974,0,0,2.07962468066788,1513.01049436308,300.973462825191,0.198876249074341,484276.533612184,2394355.99866276
450804,覃塘区,Guangxi,广西壮族自治区,1351.6359427378,0,0,2.14151647054234,1445.94496709295,123.95321279686,0.1974741694336,453473.367611636,2419020.9035502
450821,平南县,Guangxi,广西壮族自治区,2987.3658093437,0.964245832276808,0.00032277460941037,2.1182128290835,1498.69923295849,147.07985037521,0.213683473040655,553888.313547747,2466984.41043452
450881,桂平市,Guangxi,广西壮族自治区,4071.9987250236,0,0,2.1103520061419,1452.45872216309,177.981661685474,0.211528136204022,521639.153344429,2442763.74112421
450902,玉州区,Guangxi,广西壮族自治区,436.087067950735,0,0,2.15755252514063,1567.30224185414,157.799115744541,0.248408615029036,532863.177445038,2369988.5321134
450903,福绵区,Guangxi,广西壮族自治区,830.369741377497,0,0,2.13158537160173,1609.40343432672,205.943942205387,0.219873534025726,518887.508082776,2350747.61575962
450921,容县,Guangxi,广西壮族自治区,2254.75187832682,0,0,2.07432369360617,1657.52850656112,368.865398257524,0.206642253144758,578502.667544229,2390567.30635505
450922,陆川县,Guangxi,广西壮族自治区,1553.46582917694,0,0,2.20250590376213,1670.91710104032,114.009898462193,0.218563748416089,546985.291066363,2325024.04504801
450923,博白县,Guangxi,广西壮族自治区,3829.14561556821,0,0,2.18330186984445,1645.30720603867,115.446320292525,0.228234986376038,507168.223195682,2302621.71884203
450924,兴业县,Guangxi,广西壮族自治区,1466.99408617166,0,0,2.05172478211874,1554.77864247701,378.78516958008,0.201639676983384,508291.26763841,2383235.9847395
450981,北流市,Guangxi,广西壮族自治区,2452.32107473219,0.0796103407887753,3.24632616866734e-05,2.18477454248658,1651.64637783652,148.845940839847,0.243411325233022,565563.988077861,2356485.64944149
451002,右江区,Guangxi,广西壮族自治区,3715.23156140334,37.3247598898654,0.0100464154852751,2.00624502569038,1334.0670021707,624.158133439927,0.18648428297983,152774.159829546,2497850.61913378
451003,田阳区,Guangxi,广西壮族自治区,2372.42258176195,0,0,2.15375141376403,1395.75916394661,367.160272357909,0.206054047523692,184257.205991614,2474812.11887859
451022,田东县,Guangxi,广西壮族自治区,2809.99996534133,0,0,2.16122923877688,1475.32388457265,311.212994409891,0.213723413570099,223517.824788665,2462878.44466423
451024,德保县,Guangxi,广西壮族自治区,2577.68700955289,96.769758799657,0.0375413145354843,2.02501653645235,1442.33512036143,690.430375753625,0.217480729470929,162730.481077172,2436218.2639044
451026,那坡县,Guangxi,广西壮族自治区,2222.56134680613,0,0,1.81217007568492,1412.74613777847,1148.819027334,0.253148180154692,84902.0818939584,2420375.09125746
451027,凌云县,Guangxi,广西壮族自治区,2051.11443618648,28.0913903704915,0.0136956719112758,1.79065289095834,1314.63806442688,935.908364835751,0.153871380136422,166473.942199846,2544572.5961873
451028,乐业县,Guangxi,广西壮族自治区,2634.18649464501,226.273191395396,0.0858986984617009,1.70863170763416,1265.71185984562,991.211019372403,0.131796652066187,152481.82908403,2595882.34876144
451029,田林县,Guangxi,广西壮族自治区,5515.65405330212,165.456227386604,0.0299975716003343,1.91330914990267,1243.18309556526,731.779460257228,0.194881711212996,100458.613405387,2547098.40925441
451030,西林县,Guangxi,广西壮族自治区,2997.8020084228,542.622217136352,0.181006689438385,1.81462962820646,1180.18934002123,1020.83574359812,0.273690751525978,8748.29386387449,2546515.90519788
451031,隆林各族自治县,Guangxi,广西壮族自治区,3520.36913046173,170.468967475765,0.0484236059226568,1.83920559164362,1284.68432592705,921.869220720617,0.183362291362035,30170.1521971271,2578339.70867925
451081,靖西市,Guangxi,广西壮族自治区,3324.04684098782,82.6448417417192,0.0248627187567427,1.90708494537147,1442.54467078517,973.861939494198,0.223437207729195,135098.040138978,2410067.61532548
451082,平果市,Guangxi,广西壮族自治区,2456.06114687592,0,0,2.10928331844353,1558.45533813765,373.109137823179,0.19993815406818,263267.158386292,2455788.00797975
451102,八步区,Guangxi,广西壮族自治区,3663.64504140078,38.1204150313581,0.0104050514175311,1.92685450795136,1592.17645244065,359.290250973048,0.25720613088344,688109.984780994,2563853.48667721
451103,平桂区,Guangxi,广西壮族自治区,1853.13588897351,0,0,1.98957235871902,1553.90534906057,245.068447495634,0.24509345447815,653863.636169987,2557528.68117209
451121,昭平县,Guangxi,广西壮族自治区,3227.21987047709,126.459845194943,0.0391853825491749,1.91173759887506,1579.42714560222,439.893606132934,0.236711495708773,607831.33789316,2533183.23556774
451122,钟山县,Guangxi,广西壮族自治区,1470.80114103042,0,0,2.00549897393447,1591.97664388667,174.936830739452,0.241046989090718,627536.116483633,2578368.01344516
451123,富川瑶族自治县,Guangxi,广西壮族自治区,1537.79936416509,0,0,1.86944181405156,1591.77062824926,369.453250559831,0.243120973290977,636521.989020144,2621783.38459401
451202,金城江区,Guangxi,广西壮族自治区,2346.044349712,0,0,1.9257854827115,1455.46654164954,423.048131443048,0.197048365060144,290083.843089497,2580256.53730379
451203,宜州区,Guangxi,广西壮族自治区,3853.71428596781,0,0,1.96746906874994,1567.50771889244,326.763295091354,0.208766334785843,358930.640543136,2562480.78670319
451221,南丹县,Guangxi,广西壮族自治区,3904.8913929951,33.0624838908856,0.00846694070677501,1.68640936421404,1332.99880167429,813.107196338404,0.132818043768992,247889.540388871,2629779.72310568
451222,天峨县,Guangxi,广西壮族自治区,3184.66429673972,480.694061836698,0.150940261530487,1.76600017679504,1279.1548188302,695.078222909293,0.127190885236214,200408.775593928,2617673.45550403
451223,凤山县,Guangxi,广西壮族自治区,1727.98299015488,0,0,1.80042745330676,1335.48622478007,765.211600364063,0.144215129913732,203784.904994528,2567068.73232233
451224,东兰县,Guangxi,广西壮族自治区,2423.50303608678,0,0,1.8447888064346,1419.78549480222,684.469473282842,0.159594531877342,243771.912744724,2562559.6154796
451225,罗城仫佬族自治县,Guangxi,广西壮族自治区,2652.11121280443,82.9941878181566,0.0312936303038347,1.89614606107876,1535.48303664996,333.653310146982,0.22630812686068,385571.590763762,2610387.80381856
451226,环江毛南族自治县,Guangxi,广西壮族自治区,4554.42406710564,191.691430385444,0.042089060562001,1.80380502321405,1418.33202993545,522.897138809975,0.186429711104287,330842.411560314,2630617.55417979
451227,巴马瑶族自治县,Guangxi,广西壮族自治区,1980.35920919374,0,0,1.93245633412702,1421.98363269612,624.971999048178,0.209751612952466,223927.092077197,2522862.59841307
451228,都安瑶族自治县,Guangxi,广西壮族自治区,4070.33661891593,0,0,1.95291432492507,1596.79906967111,470.204369471559,0.212995480734996,316584.320450586,2526764.68397379
451229,大化瑶族自治县,Guangxi,广西壮族自治区,2782.0916310776,0,0,2.0355173385694,1561.02348370557,391.509225462154,0.208032410238576,275972.868391619,2503503.39879844
451302,兴宾区,Guangxi,广西壮族自治区,4404.50065900956,0,0,2.11674240385052,1494.56110000568,110.012352544018,0.224876638244982,428308.856271104,2474850.19994218
451321,忻城县,Guangxi,广西壮族自治区,2522.49761776206,0,0,1.97519076066397,1645.55498904641,371.010923814179,0.202218980450193,381680.977567226,2512234.97459286
451322,象州县,Guangxi,广西壮族自治区,1919.96864534106,0.119433577455911,6.22060041166429e-05,2.04446973351978,1534.44309037283,197.447298352483,0.239975913408936,485630.546066442,2516787.85520418
451323,武宣县,Guangxi,广西壮族自治区,1702.19993603376,0,0,1.99435507411761,1453.85456651909,367.22254110758,0.226421981714637,479244.992065285,2471302.9626719
451324,金秀瑶族自治县,Guangxi,广西壮族自治区,2472.09161292159,256.699013708157,0.103838794794819,1.96452325276117,1584.49848140549,337.252807530973,0.236822675240992,522527.909199596,2526435.06099353
451381,合山市,Guangxi,广西壮族自治区,365.309912687885,0,0,2.11529998779297,1617,122,0.224714536754825,402129.158085173,2489232.63001136
451402,江州区,Guangxi,广西壮族自治区,2915.68185447146,438.496294043967,0.150392366496192,2.20603004856306,1553.49075102319,245.361596572833,0.190940059898341,254128.018539979,2344125.0476896
451421,扶绥县,Guangxi,广西壮族自治区,2842.05360156064,105.86114131315,0.0372481156776985,2.21742069011885,1627.23917970874,129.992193316487,0.193513233334883,292321.504364622,2344580.6511157
451422,宁明县,Guangxi,广西壮族自治区,3704.18341535847,29.6543153462129,0.00800562823732179,2.16065412512828,1604.01380387095,289.567674969118,0.21330385088683,238220.954363133,2286170.24908484
451423,龙州县,Guangxi,广西壮族自治区,2311.10467576685,258.329261235462,0.111777395435257,2.20188863239043,1371.09847484568,254.790397642355,0.178767769856537,191982.183940486,2332094.07661539
451424,大新县,Guangxi,广西壮族自治区,2748.46571088264,187.211663973128,0.0681149716483118,2.09761514728576,1520.10914758159,490.831130536774,0.185920047766291,219875.288728022,2374610.48502684
451425,天等县,Guangxi,广西壮族自治区,2165.07657139236,12.8967273432212,0.00595670726552055,2.12964049497295,1497.67729010801,433.691066454747,0.205984847636881,213381.090698353,2407870.74719663
451481,凭祥市,Guangxi,广西壮族自治区,644.887726510652,0,0,2.2046667098999,1363,247,0.178502403333828,190401.390492909,2294979.15882555
460105,秀英区,Hainan,海南省,492.548333189852,14.7378576220942,0.0299216475399451,2.43329745004554,1692.73855151733,16.3755765703041,0.208349822264954,557196.742770147,2067590.09225128
460106,龙华区,Hainan,海南省,300.285864223559,34.8453296298168,0.116040525983184,2.4334129062942,1692.5066499459,13.3005168244366,0.206397515058718,568287.398719523,2065548.57281892
460107,琼山区,Hainan,海南省,929.927746354868,0,0,2.40971780602371,1737.78926466447,67.2392318957484,0.210615928380712,586225.014734148,2052291.60232291
460108,美兰区,Hainan,海南省,509.658365612084,0,0,2.42206428491092,1725.67798430986,5.36371839500253,0.209609362863357,588624.821446271,2073677.70208938
460202,海棠区,Hainan,海南省,248.622771813595,0,0,2.49335078933831,1444.07740463946,129.927017914577,0.192649123430063,510829.732278558,1901556.58168358
460203,吉阳区,Hainan,海南省,366.759033943435,23.2836755433232,0.0634849407606255,2.5050594329834,1426,124,0.192632859246377,496598.233963532,1891333.43286813
460204,天涯区,Hainan,海南省,940.135890145173,0.343015554889492,0.000364857419533813,2.47762561766851,1410.84946363357,146.475646512833,0.194291632704429,473120.841913507,1905619.84429938
460205,崖州区,Hainan,海南省,345.274336996933,0,0,2.46066665649414,1337,170,0.197134345992384,448463.61537603,1899695.74670922
460300,三沙市,Hainan,海南省,805.563065522088,0,0,,,,,832431.064700209,1756460.90895581
460400,儋州市,Hainan,海南省,3260.16848149723,256.609207809274,0.0787104130555322,2.4207357016335,1578.29201947893,101.838597865602,0.221550566879392,470662.589253314,2028303.90107091
469001,五指山市,Hainan,海南省,1143.8264520826,31.9794151752607,0.0279582755907023,2.41801897548401,1500.3292178162,220.092242232321,0.193131298246071,485580.947539786,1948413.03566551
469002,琼海市,Hainan,海南省,1687.67482456083,42.4538463527951,0.0251552288005732,2.40877923605055,1694.85553375417,129.514656109201,0.224909024324808,579681.388290279,1994885.62478423
469005,文昌市,Hainan,海南省,2366.76289477599,54.0330473597669,0.0228299368217369,2.41065948678707,1738.73445980668,57.483834402447,0.211045210645237,615614.91679019,2055063.99974725
469006,万宁市,Hainan,海南省,1883.22949051323,52.6564555333816,0.0279607216213629,2.43275792289653,1614.61333442132,151.698256393518,0.218161380328347,568869.106928782,1953560.45972177
469007,东方市,Hainan,海南省,2257.75188829521,165.222142939774,0.0731799378826035,2.47371205912222,1193.32524391068,98.7737424321603,0.19853779801394,413032.642893773,1963634.97822642
469021,定安县,Hainan,海南省,1196.55761388133,0,0,2.41780799414103,1715.11102444237,84.421000982191,0.232992360391495,567881.407050136,2024061.51459372
469022,屯昌县,Hainan,海南省,1223.49666333862,0,0,2.4102577638873,1685.90743200021,126.676768838929,0.234714554849507,541245.974104168,2007214.09663299
469023,澄迈县,Hainan,海南省,2054.11797114736,4.89216572929045,0.00238163815224198,2.42173900785844,1709.4842059749,62.1633074862391,0.227582838808964,532287.959030118,2044320.42507678
469024,临高县,Hainan,海南省,1299.19500100152,3.95472584911738,0.00304398173181759,2.40388336181641,1719,112,0.229885811757561,502710.657151078,2055226.83012446
469025,白沙黎族自治县,Hainan,海南省,2117.48600171171,117.250531463501,0.0553725178672818,2.26050292694834,1525.13409786664,448.027550258109,0.196842166563182,466587.776594933,1989403.35591945
469026,昌江黎族自治县,Hainan,海南省,1594.00246110688,212.273931485332,0.133170391304119,2.33311680438412,1345.69844910479,323.439885933704,0.202370661848231,429328.128446484,1988518.2363315
469027,乐东黎族自治县,Hainan,海南省,2761.18837965685,98.8412618325397,0.0357966383462846,2.47725602027372,1292.13176251023,131.763879069069,0.190322271791661,437316.88797904,1927764.55900527
469028,陵水黎族自治县,Hainan,海南省,1088.57807277242,142.953157675675,0.131320996859323,2.44736318524848,1571.36193540489,149.883222502536,0.207436785119868,533282.821835717,1923153.76641683
469029,保亭黎族苗族自治县,Hainan,海南省,1152.98861315155,19.0422397338265,0.0165155488238317,2.46811302201965,1483.04291984731,142.70259667125,0.192684180580656,501737.578486348,1923779.23826527
469030,琼中黎族苗族自治县,Hainan,海南省,2705.4382718313,147.016422892425,0.0543410745767674,2.35158243936405,1635.54474836787,289.892335819184,0.208990584961506,521455.132793284,1972816.6267022
500101,万州区,Chongqing,重庆市,3457.5659420267,0,0,1.62096043631087,1296.27304596779,606.662744913888,0.222744411209628,321595.594262846,3256433.42178774
500102,涪陵区,Chongqing,重庆市,2943.65995039148,0,0,1.60868187930399,1215.13223178995,602.378274356663,0.276633064030788,222914.349678214,3136241.33268016
500103,渝中区,Chongqing,重庆市,23.8619276836147,0,0,1.81695003509521,1164,324,0.186144037051948,147347.628075261,3122582.01814008
500104,大渡口区,Chongqing,重庆市,102.246632492875,0,0,1.74304377108382,1143.73489657505,452.499178535504,0.18523888598233,139587.584170809,3107743.23011761
500105,江北区,Chongqing,重庆市,221.068599987486,0,0,1.80678462124759,1165.90125731141,324.190125731141,0.216541613190171,163300.333643499,3130041.60543258
500106,沙坪坝区,Chongqing,重庆市,397.670574027966,0.551636910300555,0.00138717055353902,1.80976353369735,1153.96883223236,326.545221672387,0.179067403790228,130634.071413824,3130695.20974287
500107,九龙坡区,Chongqing,重庆市,431.631777172888,13.991072461174,0.0324143707694857,1.7586365924508,1141.19249391074,418.363959374729,0.183340413790154,130615.643163587,3108750.99924577
500108,南岸区,Chongqing,重庆市,261.973821342955,14.9482842541894,0.0570602214280806,1.81695003509521,1164,324,0.186144037051948,158834.055669477,3121216.20599371
500109,北碚区,Chongqing,重庆市,749.856035715622,66.0517671605781,0.0880859311848332,1.7792609124562,1155.38825417904,352.874677164394,0.175565412918583,144195.475921761,3157422.84130735
500110,綦江区,Chongqing,重庆市,2749.53464163281,2.17550227410582,0.000791225628208088,1.54154788692577,1117.32164525779,833.161763503077,0.211535537887687,166023.571767336,3047748.79699681
500111,大足区,Chongqing,重庆市,1435.67760707462,0,0,1.72470607328378,1081.00858056645,419.892738585224,0.141109645380789,70726.3255030635,3132932.43902878
500112,渝北区,Chongqing,重庆市,1457.24888971457,0,0,1.77310464681838,1166.15949342377,363.051717063769,0.213005128231364,166485.492167907,3152042.91777551
500113,巴南区,Chongqing,重庆市,1821.16451559908,0,0,1.69652762631834,1144.95271949188,511.22216428611,0.223339099315217,167804.928773536,3102960.98165053
500114,黔江区,Chongqing,重庆市,2390.97003580203,13.7916924924608,0.00576824146097444,1.44803633566114,1386.09318940814,898.370185169702,0.231179899600786,355407.27504965,3115211.80701051
500115,长寿区,Chongqing,重庆市,1419.44326274689,0,0,1.70067226234168,1194.73223777406,474.447540815619,0.252650679017631,203722.426152623,3169065.80664058
500116,江津区,Chongqing,重庆市,3217.08669529412,195.636314547484,0.0608116389383154,1.65397831744921,1105.49176702879,611.136576507138,0.211419349444068,121460.089300297,3063885.43352274
500117,合川区,Chongqing,重庆市,2346.6619800086,0,0,1.76336417051311,1123.37645627726,330.964295689235,0.187051250339761,124516.974626103,3185370.16912406
500118,永川区,Chongqing,重庆市,1573.9068033359,9.58962970855855,0.00609288281125243,1.78186183320731,1102.04043619302,338.23968237025,0.219543469129573,83571.5464804951,3092732.99343388
500119,南川区,Chongqing,重庆市,2585.86992960671,418.298229713782,0.161763058893454,1.53785866887177,1176.71995153183,792.026272976636,0.220756411808446,208730.270366646,3077290.68981754
500120,璧山区,Chongqing,重庆市,913.912714813995,21.680823250642,0.0237230786914423,1.77489720618073,1101.70190038817,340.058432090409,0.158525659735167,113800.91137363,3123366.46224854
500151,铜梁区,Chongqing,重庆市,1338.83295984949,0,0,1.77576171966577,1097.75929815592,316.632604320712,0.167235021449481,98341.6646515327,3151269.05664408
500152,潼南区,Chongqing,重庆市,1587.29995221147,0,0,1.77043623967996,1082.57260846076,291.40949249331,0.202021010763954,77131.8821674422,3188296.85000524
500153,荣昌区,Chongqing,重庆市,1073.85686049197,0,0,1.72898530736621,1083.07774530273,414.132528481881,0.204352362107533,48302.3615253965,3112030.24085602
500154,开州区,Chongqing,重庆市,3962.47433328462,247.05164613293,0.0623478224345092,1.53868340613842,1229.3300609165,745.114543689174,0.283388187736052,317042.699486871,3319937.25648309
500155,梁平区,Chongqing,重庆市,1889.62246018561,0,0,1.71396495058109,1259.62730679148,452.472906666938,0.285344018046143,256724.804950984,3249289.98191414
500156,武隆区,Chongqing,重庆市,2890.91562487531,0.47191956427709,0.000163242247617464,1.25207688814283,1308.19668905143,1258.69795671137,0.222552777979665,259767.026068917,3105160.08839636
500229,城口县,Chongqing,重庆市,3289.76513384445,844.155761104259,0.256600616384359,1.04209210770586,1148.82757641969,1619.61293920984,0.313995501922205,347621.141511807,3389917.46642818
500230,丰都县,Chongqing,重庆市,2903.47689912494,0,0,1.56523915424949,1273.14617037393,696.634319445467,0.260849564494326,269822.298472704,3162778.33113079
500231,垫江县,Chongqing,重庆市,1515.68541463726,0,0,1.74179484104067,1234.33906614084,389.313491234042,0.308292930761359,231227.004167406,3203165.80888652
500233,忠县,Chongqing,重庆市,2181.19819015644,46.5158607705385,0.0213258295282201,1.67804291818352,1272.32911724975,528.431322519143,0.239091526888299,276237.376972793,3213642.69830178
500235,云阳县,Chongqing,重庆市,3637.67356337991,0.487544471375342,0.000134026449289844,1.62082747118376,1275.29624497626,567.380348902988,0.346197038740277,362658.117076777,3295255.92746706
500236,奉节县,Chongqing,重庆市,4097.9422742598,0,0,1.37763227816985,1319.83214227768,1020.9402125017,0.342679193622535,409333.187437969,3287636.50440826
500237,巫山县,Chongqing,重庆市,2952.3022356698,356.82029985159,0.120861711087868,1.44144826184132,1266.09575693135,820.532893686997,0.36017998591411,460354.09184338,3308418.46343073
500238,巫溪县,Chongqing,重庆市,4018.98601236849,232.169195341534,0.057768102358911,1.24282555476379,1228.63907200358,1228.19068291158,0.265964807142605,407010.065756626,3349704.91357676
500240,石柱土家族自治县,Chongqing,重庆市,3015.4248977728,0,0,1.50349000686065,1312.04644119682,844.061860412572,0.182826694112886,313608.880679394,3187566.2949158
500241,秀山土家族苗族自治县,Chongqing,重庆市,2452.81303276634,0.0185718567003976,7.57165607500535e-06,1.62960022821825,1312.78312953911,542.218491564285,0.246208411548633,389283.796695318,3010873.24761293
500242,酉阳土家族苗族自治县,Chongqing,重庆市,5167.02725087438,0,0,1.57427207788302,1349.30870387679,646.574901090773,0.277610311595372,366420.856769319,3055626.21544464
500243,彭水苗族土家族自治县,Chongqing,重庆市,3894.06200570358,0,0,1.45625733619184,1330.75687049738,884.627929068293,0.263081045241991,313291.921354838,3104574.57462336
510104,锦江区,Sichuan,四川省,60.4111257395996,0,0,1.64375,1039,515,0.232213440253434,-84015.3977861136,3239819.50566448
510105,青羊区,Sichuan,四川省,64.5278306951717,0,0,1.64375,1039,515,0.232213440253434,-96471.7894614451,3248798.06305614
510106,金牛区,Sichuan,四川省,106.737921106836,0,0,1.63783129215014,1024.29367215648,534.769162019162,0.232213440253434,-89393.7432724922,3254313.32377411
510107,武侯区,Sichuan,四川省,123.744846028866,0,0,1.64375,1039,515,0.232213440253434,-92466.5704661352,3240567.43167489
510108,成华区,Sichuan,四川省,109.456635609308,0,0,1.6450525162195,1035.5682169763,508.994379708525,0.235194345311118,-81204.0837281605,3249628.08158701
510112,龙泉驿区,Sichuan,四川省,557.708322425523,0,0,1.65840179987297,1000.39641309798,447.443722921467,0.265745171906129,-67049.3220607389,3239145.25983191
510113,青白江区,Sichuan,四川省,378.429404303269,0,0,1.61439466433828,956.258731347815,551.324473896791,0.269205823720855,-62341.8114976941,3261006.592815
510114,新都区,Sichuan,四川省,493.519928587704,0,0,1.6212256809093,977.042224076058,577.99613211901,0.240804490688232,-83579.7481505194,3265492.0111961
510115,温江区,Sichuan,四川省,276.541636622755,0,0,1.63665190997044,1021.36323844908,538.708433560257,0.232213440253434,-112616.776307607,3253794.75499903
510116,双流区,Sichuan,四川省,1069.28847104273,0,0,1.64796039050278,1060.23666732789,507.710287313704,0.233640326522313,-91560.9322150281,3222648.55427432
510117,郫都区,Sichuan,四川省,439.549218859425,0,0,1.62073045780385,981.802898380505,591.887907095059,0.232213440253434,-106051.724025633,3266059.75905472
510121,金堂县,Sichuan,四川省,1156.08670004343,0,0,1.63237647274488,974.813073538845,506.932759788818,0.270134286004453,-37130.1317252067,3253101.3105702
510129,大邑县,Sichuan,四川省,1282.67027219169,3.51652891300019,0.00274156888893318,1.51690289533189,1204.11027343223,914.162018951193,0.0853032230918904,-154832.036130866,3242144.11618333
510131,蒲江县,Sichuan,四川省,581.944112737141,0,0,1.64114209681868,1451.82273007048,692.93232268989,0.211424040612702,-143685.015145747,3199238.16697754
510132,新津县,Sichuan,四川省,329.536553154247,0,0,1.64375,1039,515,0.232213440253434,-111499.814689461,3219917.10233001
510181,都江堰市,Sichuan,四川省,1206.84141838651,230.22030658297,0.190762682714987,1.13584932678543,931.47742717235,1689.6801144897,0.140897504389981,-129140.875591752,3288711.966746
510182,彭州市,Sichuan,四川省,1421.79366041497,303.011185491062,0.213118959471674,1.3222659039052,941.241606050236,1184.42054797389,0.238529718791778,-105192.701586205,3300743.9716075
510183,邛崃市,Sichuan,四川省,1372.7567535225,0,0,1.61456646698922,1266.55723929712,705.709467557729,0.0908158432630551,-154885.329957252,3216072.63435375
510184,崇州市,Sichuan,四川省,1090.1067536869,3.98722668568029,0.00365764790667969,1.40536223670506,1068.24251292263,1120.55927538883,0.100921993226119,-139717.168641238,3252988.80909637
510185,简阳市,Sichuan,四川省,2212.02491505961,29.9016434013069,0.0135177697130509,1.66773934690607,1027.88094860279,434.232586843879,0.245712543273612,-44813.028397938,3215449.00985502
510302,自流井区,Sichuan,四川省,154.945628697259,0,0,1.78110515607296,1196.33532549272,334.739707919259,0.282585079546311,-28864.8212217693,3090557.23105993
510303,贡井区,Sichuan,四川省,406.63367036326,0,0,1.76491411769436,1216.47792097828,361.134465686946,0.304018086296402,-39972.2760905493,3093165.94633404
510304,大安区,Sichuan,四川省,401.590978072534,0,0,1.79004618083511,1125.62673486704,308.778737322714,0.229922980538966,-7053.81214249431,3102875.52862416
510311,沿滩区,Sichuan,四川省,469.276603129359,0,0,1.80134631965927,1143.85000719451,300.192409798915,0.218584287045344,-14958.0588521803,3087459.49916415
510321,荣县,Sichuan,四川省,1606.03615909827,0.951499283891894,0.000592451968470078,1.70293059936183,1251.77174108248,459.410488553919,0.242824461010584,-65390.7468869089,3106650.85843346
510322,富顺县,Sichuan,四川省,1343.06052666934,0,0,1.80033538255233,1140.99476991662,302.732770473415,0.218670606810232,1718.18385817245,3071760.21987187
510402,东区,Sichuan,四川省,165.525232306887,0,0,1.6711797221045,824.476528182358,1879.55971654311,0.28752127478842,-322821.234514658,2796570.24787393
510403,西区,Sichuan,四川省,121.316207869274,11.8662329579993,0.0978124289112792,2.04623336791992,743,1227,0.306126461879276,-342361.127269324,2799151.09050663
510411,仁和区,Sichuan,四川省,1729.48932077616,2.16024780745486,0.00124906686702488,1.80102888995789,793.806761445511,1652.74407716897,0.29289023204382,-327283.485276626,2780683.31876357
510421,米易县,Sichuan,四川省,2109.70951645128,8.35591573701949,0.00396069490698174,1.58989011351661,902.713144335494,1880.68473550826,0.325584393933504,-297024.052034056,2832778.47252646
510422,盐边县,Sichuan,四川省,3273.19627255978,737.597331926706,0.225344669401653,1.5615078143459,830.26825234632,1989.51002516032,0.287065774948244,-337823.850616208,2834422.6759871
510502,江阳区,Sichuan,四川省,648.521232031957,110.229146177968,0.169969988233996,1.77171607024153,1113.19276851729,365.415261728724,0.313081020006426,38927.8327957557,3043493.35866797
510503,纳溪区,Sichuan,四川省,1152.01704696822,58.6689939031936,0.050927192490418,1.76651721891797,1109.7251763165,377.124352976238,0.314856110587994,37494.1765472326,3020003.4081931
510504,龙马潭区,Sichuan,四川省,334.050078884232,20.501726054462,0.0613732112350946,1.78002608283665,1108.59085578759,339.017584821033,0.327697657193542,42940.7260294554,3056465.28886521
510521,泸县,Sichuan,四川省,1527.80618851879,1.68078841219298,0.00110013195706617,1.7887354427399,1107.43255518082,313.297714796834,0.324796228985428,47767.6841961297,3073397.8056395
510522,合江县,Sichuan,四川省,2415.56096913616,205.424809052958,0.085042278658121,1.60610433620954,1090.62643807277,719.83276699446,0.272756316508991,89257.2393641504,3031851.04324691
510524,叙永县,Sichuan,四川省,2972.0469746434,317.649593611363,0.106879062249505,1.54379474586232,1055.80855596136,880.45151084035,0.246673095846918,44779.5306123401,2958484.60862251
510525,古蔺县,Sichuan,四川省,3183.64001525952,129.515130516787,0.0406814620673214,1.53517990407247,1049.58630452192,952.117671259092,0.203821363256542,90448.6838850684,2945809.07689574
510603,旌阳区,Sichuan,四川省,646.760171208337,0,0,1.59706658273488,933.549629186343,586.244437795141,0.26312340634932,-55800.9851740618,3303812.92052108
510604,罗江区,Sichuan,四川省,449.457155705261,0,0,1.60916593450352,931.000164991995,548.002474879924,0.250275314797192,-44516.6503896681,3319700.17028598
510623,中江县,Sichuan,四川省,2200.90021611109,3.6557658410172,0.00166103206963049,1.6281183990148,970.865835379714,507.528423475636,0.269046724570291,-19191.2552650004,3270821.39180551
510681,广汉市,Sichuan,四川省,547.432474527534,0,0,1.59402098277177,940.687024604814,606.545179752257,0.265377861667619,-66922.7875936053,3284533.15369272
510682,什邡市,Sichuan,四川省,820.407141708272,194.945597573271,0.237620551629219,1.10450314760844,912.11751788887,1612.66649597518,0.245229157045849,-92185.8607048251,3315345.84057428
510683,绵竹市,Sichuan,四川省,1246.17309343976,351.285551502379,0.281891459020945,1.01175114169254,886.885395402963,1786.32804001634,0.247996566700122,-82355.956295121,3333001.71856492
510703,涪城区,Sichuan,四川省,553.49131193544,0,0,1.61697613216495,937.515747450418,527.886170913928,0.256041130204248,-29808.6896512666,3331161.2327096
510704,游仙区,Sichuan,四川省,1018.71501869932,0,0,1.62818235655442,949.131734913918,500.709548470416,0.244656332814744,-8138.26389026302,3343860.71513562
510705,安州区,Sichuan,四川省,1182.78409119795,0.117014473662028,9.89313895349351e-05,1.4705798483423,910.560072422258,850.314780106644,0.248459461500957,-61327.8770895231,3348334.19377531
510722,三台县,Sichuan,四川省,2658.69801284027,754.22832447049,0.283683337042387,1.63987430710158,969.26615432943,462.960684316288,0.268048323725737,3188.58073954198,3296816.89012103
510723,盐亭县,Sichuan,四川省,1646.5300506599,135.034454901985,0.0820115337997415,1.63688428748319,1001.69364429366,485.854453873989,0.225528392492421,44123.5178676886,3311510.83134583
510725,梓潼县,Sichuan,四川省,1442.77290441163,0.144113916739443,9.98867640907172e-05,1.60118520569064,948.081882737307,571.876842986532,0.179681923041214,17329.5824872583,3357069.95028895
510726,北川羌族自治县,Sichuan,四川省,3085.72218987223,450.597025677722,0.146026439825544,1.11482211183129,850.909744074233,1633.34432308225,0.235641012117569,-68553.2491977853,3389756.85937614
510727,平武县,Sichuan,四川省,5947.467034486,1298.14121919203,0.218267913325931,0.666028107296571,803.9395792893,2488.77099884591,0.242921458368207,-55856.1260811929,3446392.50475739
510781,江油市,Sichuan,四川省,2721.34089016788,2.59731025002457e-05,9.54422968253836e-09,1.43362392791856,888.228909041191,948.127801785811,0.19203253541562,-7180.72921173895,3390597.35926142
510802,利州区,Sichuan,四川省,1536.11940798059,1.4829845606945,0.00096540968950067,1.44067653468734,904.275653831037,896.130112823377,0.263258807657306,69996.963294069,3447069.78175996
510811,昭化区,Sichuan,四川省,1430.50371315498,0,0,1.47864558697004,944.090410826247,818.845431540615,0.224727410433847,77324.5037588205,3415446.301454
510812,朝天区,Sichuan,四川省,1612.29549051207,400.178835909823,0.248204400660282,1.33090671518408,844.5409219708,1086.41751841865,0.195088876363791,87901.7483912431,3470704.09629252
510821,旺苍县,Sichuan,四川省,2988.78809726285,231.576995431922,0.0774819050049089,1.27813856863178,951.053601014202,1199.98267405579,0.2326581081429,129046.537479757,3438925.81414176
510822,青川县,Sichuan,四川省,3213.78950282525,503.223945050037,0.156582733439029,1.23413708200069,811.767565447431,1338.96490074635,0.337959918506342,16213.1290427717,3454080.8351758
510823,剑阁县,Sichuan,四川省,3202.61226799506,415.256813773403,0.129661906913686,1.53847946890834,953.035641829668,705.152503909785,0.126486719956082,45961.780751784,3387406.47129376
510824,苍溪县,Sichuan,四川省,2333.74947954971,96.8263502412633,0.0414896076420104,1.60773971028351,1011.54317769551,539.384672255895,0.158055067572668,102786.276054488,3387110.28374527
510903,船山区,Sichuan,四川省,606.164705240783,0,0,1.73166656494141,1052,330,0.154622314030736,56206.416316755,3230543.25435461
510904,安居区,Sichuan,四川省,1267.5474564403,0,0,1.72369964230543,1046.39845333163,344.088401325268,0.188422254007278,39527.0342394171,3213110.86121976
510921,蓬溪县,Sichuan,四川省,1249.82635283163,0,0,1.71979268414099,1050.48244352488,352.265125440893,0.15703006158519,66858.3302322287,3245189.82112102
510923,大英县,Sichuan,四川省,701.333138954066,0,0,1.69363467915327,1030.71956193538,389.476096129314,0.217101520625959,23361.9984951683,3236419.98288023
510981,射洪市,Sichuan,四川省,1497.82913885819,0,0,1.66540965627872,1016.25841729498,435.296435476155,0.170597779826024,35700.2185190278,3273232.72515414
511002,市中区,Sichuan,四川省,386.859218194614,0,0,1.75251685941545,1086.0001180159,341.999899797821,0.278304640138838,-4258.36773932162,3120257.68517867
511011,东兴区,Sichuan,四川省,1181.75839707774,0,0,1.73593390067208,1081.51141117609,380.003385375787,0.236540079749525,18763.6405840074,3133238.14197271
511024,威远县,Sichuan,四川省,1287.63076962714,0,0,1.62804147398031,1174.49456767308,567.989024595874,0.217284786569508,-39788.0788860558,3126469.23418887
511025,资中县,Sichuan,四川省,1731.96295111235,0,0,1.70294583734517,1105.10389624467,421.186303972959,0.23617307092829,-19253.0089459053,3150380.06856076
511083,隆昌市,Sichuan,四川省,794.983453353816,0,0,1.78023253476776,1113.34249452848,327.096595166066,0.252863501438333,23375.6802998136,3100426.2485933
511102,市中区,Sichuan,四川省,836.507577322511,0.0652228054507402,7.79703701662871e-05,1.70791546689878,1468.69068076906,478.350297435001,0.193385068257655,-115928.725030457,3128528.44871772
511111,沙湾区,Sichuan,四川省,605.899295109245,0,0,1.32963782884952,1209.63206849478,1316.54671758522,0.288813131162693,-135923.61998582,3099309.97059878
511112,五通桥区,Sichuan,四川省,464.675716558459,20.4101263508494,0.0439233762891969,1.73109560103749,1404.81417683139,438.145903901578,0.200613138341105,-115162.123877074,3106435.55915199
511113,金口河区,Sichuan,四川省,597.950780599853,102.654342398189,0.171676910088165,1.26380213844006,1076.68418985502,1634.59884384492,0.288554377085789,-186037.445878151,3093892.68119995
511123,犍为县,Sichuan,四川省,1368.34247423398,0.0728188624805792,5.32168399737387e-05,1.77639649791888,1374.39729030106,365.093678906465,0.2095132363429,-98970.9346168574,3085689.65542663
511124,井研县,Sichuan,四川省,842.841633114875,0,0,1.72348935139526,1450.17895734009,420.631155938291,0.180023393724518,-91300.4458099182,3131833.01049052
511126,夹江县,Sichuan,四川省,744.563923944446,0,0,1.64458139908223,1502.28667185923,689.640546271811,0.240620508384562,-138405.930243445,3147157.69327734
511129,沐川县,Sichuan,四川省,1408.47709057472,0,0,1.47546690772962,1181.09853939301,986.229457147014,0.24875666096938,-113931.701495115,3060602.23514792
511132,峨边彝族自治县,Sichuan,四川省,2379.82905069599,302.501362981701,0.127110543042255,1.05875639450309,1052.7124512209,1997.68791235407,0.289247681360051,-172903.872308026,3066541.77945729
511133,马边彝族自治县,Sichuan,四川省,2293.45315158633,292.765355840919,0.127652642757677,1.32167077790676,1045.58422356498,1348.19687063159,0.264061894553249,-147148.902488797,3036735.79706846
511181,峨眉山市,Sichuan,四川省,1179.62824594072,0,0,1.54153230890143,1423.08044369425,904.793998191439,0.261017237558941,-154141.121708283,3117271.16728827
511302,顺庆区,Sichuan,四川省,542.234220008136,0,0,1.71219997406006,1073,361,0.165195466972622,103408.097348448,3278428.290564
511303,高坪区,Sichuan,四川省,806.500527297282,0,0,1.71989443525814,1093.09088764702,368.056068714836,0.163375947349367,117802.099897959,3260428.69378734
511304,嘉陵区,Sichuan,四川省,1178.23461540541,108.67222826464,0.0922330975883334,1.74620169208232,1080.47566187877,314.419405220847,0.164867789297957,88535.9037670108,3250221.80979805
511321,南部县,Sichuan,四川省,2215.57436315367,0.806180497310819,0.000363869753468033,1.66493576988998,1028.70576025332,438.591286215747,0.206039195582323,84349.4809354667,3323464.25772437
511322,营山县,Sichuan,四川省,1634.84633645624,0,0,1.66190866618513,1129.82246925221,496.562704182445,0.20261360599199,160580.442256313,3303100.94834505
511323,蓬安县,Sichuan,四川省,1332.93780595768,51.037103985171,0.0382891863049095,1.6714893988376,1119.80598789564,475.898921766086,0.165530171082647,133726.047250923,3285006.7765488
511324,仪陇县,Sichuan,四川省,1789.18340328705,0,0,1.64215802933969,1091.20125288393,511.06441961874,0.216436418552674,141500.909566637,3333581.81476343
511325,西充县,Sichuan,四川省,1105.86874000483,0.133109800397554,0.000120366726703001,1.69155077673311,1052.09821361919,395.051143847246,0.167343268263216,79696.4291246861,3290988.32614678
511381,阆中市,Sichuan,四川省,1876.45901831009,0,0,1.66225127027409,1031.26955985383,441.937266174099,0.160931795648775,100006.392078835,3351756.51762078
511402,东坡区,Sichuan,四川省,1329.93561906799,0,0,1.66650091638901,1342.94508242999,550.592680006538,0.231451501556256,-120055.686505487,3178294.70864401
511403,彭山区,Sichuan,四川省,467.729642535262,0,0,1.67385246422451,1232.69328661753,478.5790401232,0.231786281940702,-108755.377507517,3200400.00167926
511421,仁寿县,Sichuan,四川省,2607.3673592153,0,0,1.67295288768627,1216.88958635622,474.234980873779,0.202504998852077,-74653.8448873493,3169906.75826353
511423,洪雅县,Sichuan,四川省,1897.20595550674,4.85828159221549,0.00256075603079048,1.44721092358528,1331.53579527873,1135.47154882495,0.239816956256636,-174258.269122764,3139133.10072371
511424,丹棱县,Sichuan,四川省,448.323952644429,0,0,1.64060001373291,1476,702,0.230983749470482,-149990.251170661,3173968.45489349
511425,青神县,Sichuan,四川省,387.116866591791,0,0,1.71474460122159,1410.46556563113,429.909749403737,0.192480631650511,-111835.289214841,3151961.37464555
511502,翠屏区,Sichuan,四川省,1485.89292525741,72.9484599384612,0.0490940219840025,1.78212171913347,1169.10246747522,342.573487131454,0.288061742677079,-33313.4688628454,3049078.464702
511503,南溪区,Sichuan,四川省,704.109857205499,44.9744816953368,0.0638742395594822,1.77969012766121,1128.29984915595,350.500754220246,0.230364596363991,-6544.57404485075,3047669.06175818
511504,叙州区,Sichuan,四川省,2577.99234935106,164.758596266543,0.0639096529157724,1.71370519592947,1164.87481135895,488.212751812073,0.289308736323261,-63048.6082677325,3044452.00266454
511523,江安县,Sichuan,四川省,911.333507071494,84.1779443027135,0.0923678803089479,1.72663680457091,1111.19593552333,459.975990354688,0.250832458075181,11232.4194531459,3020851.95994964
511524,长宁县,Sichuan,四川省,975.76950266612,374.532683612142,0.383833151772829,1.67740416629097,1095.96148312932,560.589209508129,0.267941481949635,-7952.79322601682,3004930.905254
511525,高县,Sichuan,四川省,1322.76057214845,4.67169685993929,0.00353177812999933,1.74873449973141,1113.01862025408,444.628789676877,0.267991870914037,-40552.8388828883,2999204.58419207
511526,珙县,Sichuan,四川省,1144.13249458158,2.59376755246574,0.0022670167701288,1.54801130991919,1055.8623497312,852.373040482296,0.236894849103232,-19655.9820063071,2969454.09030586
511527,筠连县,Sichuan,四川省,1254.5216025879,1.5506031377748,0.00123601150795341,1.59886641775288,1027.11325249843,788.839624102531,0.250689423297462,-40967.6777100176,2952204.1839934
511528,兴文县,Sichuan,四川省,1380.65904973299,3.24915252603384,0.00235333446491529,1.62422664595196,1072.66734359263,671.659157631922,0.299909556562759,12857.0692972138,2975916.03908099
511529,屏山县,Sichuan,四川省,1502.12185884151,61.6825967358937,0.0410636436536951,1.40084498673169,1047.66012148019,1127.4339083254,0.273044740697201,-95472.4684133612,3027455.21450741
511602,广安区,Sichuan,四川省,1026.12278463844,0,0,1.72166773892328,1141.89941591364,404.840925574634,0.169113537898567,160220.623542139,3242872.49363382
511603,前锋区,Sichuan,四川省,505.572894295008,0,0,1.74229762461402,1173.46004076484,362.238894358079,0.25154233283005,176435.716523056,3233522.11521782
511621,岳池县,Sichuan,四川省,1480.29007402996,0,0,1.7395191539725,1124.11984438062,363.835022516734,0.160179718697306,133567.57862046,3232935.39876744
511622,武胜县,Sichuan,四川省,956.605754159758,0,0,1.75997045830829,1103.97384258734,314.051463586989,0.170624149409439,115857.537750183,3213820.67003149
511623,邻水县,Sichuan,四川省,1911.22646239037,0,0,1.71754403994901,1188.49473139598,429.295696691482,0.249185358087978,189302.921047347,3202614.23410328
511681,华蓥市,Sichuan,四川省,461.112399453495,0,0,1.73701170812759,1146.95597424083,383.04773528174,0.174781378355275,166105.258741416,3208822.72546731
511702,通川区,Sichuan,四川省,886.709131903616,0.1834712333758,0.000206912533969192,1.63482101074768,1179.89876046494,566.358070023664,0.25245296860405,228055.881951822,3327420.87278059
511703,达川区,Sichuan,四川省,2246.21639100836,2.12812277597831,0.000947425539452574,1.71924795052384,1207.00877601215,407.658470004681,0.308322181121649,227254.896063896,3299074.01253034
511722,宣汉县,Sichuan,四川省,4272.11527689749,0,0,1.5006883968515,1175.46199192697,828.085364441904,0.289129135140103,273733.266374133,3345947.4089196
511723,开江县,Sichuan,四川省,1030.01413052773,0,0,1.70296918152221,1240.87896802208,449.621675919,0.27151997458153,271071.448744731,3293209.61155565
511724,大竹县,Sichuan,四川省,2078.86577778448,0,0,1.74877883878887,1202.57820275272,351.560977486571,0.305698300513067,214493.094943737,3251084.19843392
511725,渠县,Sichuan,四川省,2019.65388817893,0,0,1.74311651534326,1174.12987366593,351.941340727912,0.281786906646077,186411.752402093,3279572.94686855
511781,万源市,Sichuan,四川省,4053.78348633569,486.615118889132,0.120039740782751,1.41827108647889,1083.41527729284,906.691958954148,0.241428568334494,277661.151646604,3398574.30266593
511802,雨城区,Sichuan,四川省,1064.36115413675,0,0,1.45428778689588,1331.11058268997,1130.99483483876,0.112775851001501,-187929.043168558,3164915.85908271
511803,名山区,Sichuan,四川省,619.313143241299,0,0,1.62989685561332,1470.25795749372,730.939894231678,0.187173251211386,-169532.457297427,3187587.17269124
511822,荥经县,Sichuan,四川省,1775.56548456086,303.96877098144,0.171195471878988,1.14379072765386,1057.46297735943,1905.9597380673,0.152505993153917,-221395.550586737,3144782.92449166
511823,汉源县,Sichuan,四川省,2215.46612841212,1.12517747850057,0.000507873925071927,1.18886635316006,1016.56809488472,1912.0381145746,0.172637663007429,-228144.226668904,3110301.49396407
511824,石棉县,Sichuan,四川省,2677.31881057652,52.6966363050947,0.0196826153452182,1.03904400511455,999.281599317883,2293.89414075645,0.225869207835372,-261052.941016575,3089060.3256195
511825,天全县,Sichuan,四川省,2391.5557531918,0,0,1.13532333753093,1072.59638479089,1967.10159571737,0.0416251442957387,-231471.358801567,3182917.98153749
511826,芦山县,Sichuan,四川省,1190.07131818348,15.7381084693316,0.0132245086734416,1.25764863144525,1086.36909250347,1597.8893498317,0.137417644053163,-189111.075988166,3220520.51513708
511827,宝兴县,Sichuan,四川省,3115.45065973818,452.339455061239,0.145192302644027,0.812546178788541,875.644503768183,2583.95911628514,0.18566542686358,-216956.248684146,3237401.39727036
511902,巴州区,Sichuan,四川省,1406.79463159689,2.56000289731869,0.00181974173047047,1.59706396670859,1067.86614911826,577.520254856269,0.176264689813663,173408.780915799,3378047.81684347
511903,恩阳区,Sichuan,四川省,1154.08793845928,0,0,1.62148595290844,1057.06522050028,524.04911490746,0.172858775913634,146340.362215485,3367165.85075505
511921,通江县,Sichuan,四川省,4121.32445241693,322.591553077189,0.0782737580604717,1.45861569346865,1038.0333750461,797.351249185086,0.173946322494213,217557.107098595,3413725.52340726
511922,南江县,Sichuan,四川省,3387.28415634958,69.2728177582879,0.0204508433780005,1.30579897947518,980.878681760515,1089.73859687299,0.187874938076032,169183.563352931,3435361.99097183
511923,平昌县,Sichuan,四川省,2225.46216461915,502.466619413436,0.225780796187755,1.6138238832061,1124.6965066168,571.785159656002,0.255350488152443,201620.232305753,3352885.38653473
512002,雁江区,Sichuan,四川省,1634.79419885408,0,0,1.68508756629566,1080.07114781527,431.095661964269,0.189619011487336,-24192.6294286531,3181573.80952172
512021,安岳县,Sichuan,四川省,2686.78244108231,0,0,1.73169184752769,1059.86319037492,354.022580201166,0.19715853506782,37356.0852516168,3171292.29584647
512022,乐至县,Sichuan,四川省,1423.72516641975,23.0340118884748,0.0161786926520366,1.6734854430335,1034.41031361957,438.853618888767,0.231072050494895,1794.32313415112,3206434.22302757
513201,马尔康市,Sichuan,四川省,6622.97739288668,0.0332952947011721,5.0272396727388e-06,0.328635871410325,704.545025864632,3623.30419934117,0.216171811567139,-277591.792662056,3402220.35542271
513221,汶川县,Sichuan,四川省,4085.03332379151,2058.65952492399,0.503951709018926,0.549024188495321,834.808931360972,3008.30478737182,0.164534490693758,-161204.761703361,3303802.6024199
513222,理县,Sichuan,四川省,4319.93393014808,4.31909101360827,0.000999804877446405,0.268214769661163,763.324390787223,3585.31072325731,0.207855735477096,-185884.654715369,3350458.14412118
513223,茂县,Sichuan,四川省,3894.46086234516,44.9914350274564,0.0115526735580964,0.621518748781532,783.259225564047,2758.00526317165,0.171028543999977,-127762.117818032,3380255.53411027
513224,松潘县,Sichuan,四川省,8342.39588488005,7.99796327885639,0.000958712987159011,0.221886634296942,747.167984705707,3472.49528329199,0.199357336068889,-136256.341305209,3467256.95282036
513225,九寨沟县,Sichuan,四川省,5286.58842789785,1258.54164357221,0.238063102648726,0.477613349508253,681.112502671828,2779.44624914946,0.262197011894492,-98439.0088874149,3544948.45031017
513226,金川县,Sichuan,四川省,5358.61914453813,2.75139104904341,0.000513451502118381,0.0781955197379559,728.343773299627,4130.42147034005,0.219048832199621,-299294.865577154,3347472.43114751
513227,小金县,Sichuan,四川省,5564.33166342945,847.340512918794,0.152280734537767,0.219885131088528,736.465120156374,3889.13394906779,0.219693316049247,-238179.647507184,3301544.85101386
513228,黑水县,Sichuan,四川省,4142.22137738864,673.102849847235,0.162498038738716,0.141409121114236,758.959806292242,3791.96104411635,0.174930393682806,-181134.898942594,3416773.0882788
513230,壤塘县,Sichuan,四川省,6695.94803879589,55.9676053372606,0.00835842886070619,0.11486948143361,704.496936396794,3960.6375512476,0.233717839001746,-367252.631405327,3420797.62819259
513231,阿坝县,Sichuan,四川省,10123.3289897641,4320.78646518684,0.4268147829193,0.0106438614037497,738.568134739012,3947.53268310544,0.231652385485708,-298108.481588976,3500436.65251678
513232,若尔盖县,Sichuan,四川省,10322.9707750506,2883.37784756808,0.279316672535475,0.193771119477155,673.40479788564,3423.70402555536,0.321737240393022,-192723.247874176,3585331.42164814
513233,红原县,Sichuan,四川省,8298.25399053471,1325.51310531091,0.159733976186176,0.150402452007518,723.113262353168,3728.48938825237,0.199954070394683,-218922.479321399,3480595.44707273
513301,康定市,Sichuan,四川省,11595.1353537302,5154.78668914036,0.444564598159868,0.105414369588418,771.431360058866,4188.05488114273,0.243867840075149,-310601.100222428,3171875.80338073
513322,泸定县,Sichuan,四川省,2165.0355437536,775.540654778191,0.35821151159191,0.21689702059264,871.359030145463,3819.55136600991,0.150354342547614,-276162.028383259,3146877.09076378
513323,丹巴县,Sichuan,四川省,4506.22990801726,0.187840275836412,4.16845743938221e-05,0.17861324746795,719.404482049196,4052.42996999823,0.227108600478409,-305353.597036926,3282960.71574061
513324,九龙县,Sichuan,四川省,6763.24795024129,236.530780880608,0.0349729571680378,0.25597220606913,837.303841461474,4061.59326197453,0.28251070110474,-325656.509728882,3055447.61026311
513325,雅江县,Sichuan,四川省,7565.70237799313,1029.04753474411,0.136014805147156,0.190944049681321,697.857050003676,4169.57009386037,0.264473774535978,-384800.90014846,3170668.11578473
513326,道孚县,Sichuan,四川省,7021.88361543711,1454.88923692619,0.207193584599967,0.0772075208006373,698.787820717381,4221.47866718544,0.214507396252789,-359005.431859842,3277746.09009488
513327,炉霍县,Sichuan,四川省,4477.08707271265,0.962416957118869,0.000214964985377366,0.390924269752877,651.675907732812,3706.37935057439,0.231842382520598,-405793.528498013,3347350.07217144
513328,甘孜县,Sichuan,四川省,6861.85825655064,18.7997635851017,0.00273974816765627,0.0863575257288398,643.754796364398,4142.95506454431,0.236343661702616,-486156.391043386,3415203.014263
513329,新龙县,Sichuan,四川省,9254.50190491435,740.439159495928,0.0800085371534407,0.217913603110031,644.609312252999,4058.64664306015,0.229942772041356,-448142.779321836,3291778.43085853
513330,德格县,Sichuan,四川省,11437.0553138171,0,0,-0.0265236902546994,621.057504638698,4317.11345366996,0.233449258333262,-561335.295289896,3420231.07856147
513331,白玉县,Sichuan,四川省,10258.3793344061,1567.28822466046,0.15278127017626,0.134932815167944,615.365708974371,4197.54023167981,0.227490447772429,-538401.784429899,3304018.13203107
513332,石渠县,Sichuan,四川省,22380.748892317,6661.91023721608,0.297662525470853,-0.326611403207639,555.441185340931,4544.33200251088,0.224111092066479,-623789.48439865,3551998.80050507
513333,色达县,Sichuan,四川省,8728.35810663871,695.047998086558,0.0796310130261396,-0.0684261267657775,681.799891300913,4238.20297554239,0.237603493076225,-443678.714730889,3445729.3636789
513334,理塘县,Sichuan,四川省,14005.8949012515,3465.62308292433,0.247440317620451,0.0622072411501444,649.645815128904,4375.16206209484,0.241962376228074,-455734.772275559,3171291.63595835
513335,巴塘县,Sichuan,四川省,7662.84297951837,431.323301338216,0.056287634040144,-0.0435890327629512,610.877722808517,4496.1971083057,0.233003437602502,-543550.46647206,3176497.95818491
513336,乡城县,Sichuan,四川省,4943.05955701513,414.479755747295,0.0838508520818994,0.0858256710559812,636.001178638382,4352.95997345876,0.288938413967695,-507306.845834285,3085480.11135041
513337,稻城县,Sichuan,四川省,7083.64474510979,1537.36588502202,0.217030348124579,0.116303500122632,675.940930111475,4356.92224061587,0.307667513408739,-461412.472761572,3051638.29379781
513338,得荣县,Sichuan,四川省,2910.32130461717,243.261823460882,0.0835858992871168,0.551703917447775,647.835462787075,3465.52767228191,0.273073350765834,-549448.01490835,3045338.84659204
513401,西昌市,Sichuan,四川省,2657.50908999991,0,0,1.24778101663451,904.864914759585,2383.05594948037,0.300701707739327,-282446.505658766,2936094.1707765
513422,木里藏族自治县,Sichuan,四川省,13217.3712461745,621.101083343311,0.0469912716965621,0.639525399914598,780.280148536175,3501.88493357326,0.293850811140689,-393930.747108255,2995581.96334641
513423,盐源县,Sichuan,四川省,8406.41165174511,1.63268228080693,0.000194218692641348,1.1373332106666,840.91399831926,2688.6484570095,0.294691625848083,-347127.536639242,2909298.41636982
513424,德昌县,Sichuan,四川省,2297.82482266117,0,0,1.25758237384653,923.571230248754,2383.40227639868,0.284626726659771,-276898.894805128,2876600.21461433
513425,会理县,Sichuan,四川省,4532.82464172837,0,0,1.38761019004763,885.207902283058,2270.44249935059,0.278722227605707,-272460.459601109,2793963.24464649
513426,会东县,Sichuan,四川省,3220.91705250004,0,0,1.54220484190406,866.972764375511,1891.96687885794,0.297068904155659,-224803.978656675,2790849.68315365
513427,宁南县,Sichuan,四川省,1674.37399036114,0,0,1.14459088782303,929.644696940452,2484.61497583576,0.278970223541195,-225949.29074176,2848554.63263068
513428,普格县,Sichuan,四川省,1905.48582139451,0,0,0.927265288231349,935.812660008578,2877.6420464962,0.299867692320593,-239204.153821388,2899785.12418509
513429,布拖县,Sichuan,四川省,1685.25052833307,0,0,1.37594083439143,906.397239842685,1882.5126970409,0.27951786322547,-208438.028979423,2905067.19591529
513430,金阳县,Sichuan,四川省,1586.07674197257,0.115642338131751,7.29109349323974e-05,1.23995072630773,908.789706023402,2068.63475479814,0.297585326240804,-176979.264101217,2915990.63555126
513431,昭觉县,Sichuan,四川省,2699.78245868774,0,0,1.03701706312551,918.983125373506,2508.37375471548,0.295431062168602,-212438.764935009,2951181.79574268
513432,喜德县,Sichuan,四川省,2204.70084334929,0,0,1.19084410676102,933.426779667543,2309.40586298404,0.289769048870879,-249213.069770174,2972600.51432225
513433,冕宁县,Sichuan,四川省,4419.15560225475,255.023935028774,0.0577087475486618,0.891849383186687,918.467840802235,2923.37534506946,0.283421671103775,-285117.280965408,3009085.4527771
513434,越西县,Sichuan,四川省,2255.98525471692,4.21725359935668,0.00186936221792188,0.586104457728807,925.694700554657,3307.20527325809,0.278429400729682,-230579.539855663,3016287.4504549
513435,甘洛县,Sichuan,四川省,2153.50541398467,267.457170347736,0.124196191293922,0.935722078906124,999.365789279214,2432.05032647784,0.272632209722324,-216246.701762716,3058748.03326173
513436,美姑县,Sichuan,四川省,2512.32269456035,652.352142322797,0.259660967810888,0.973315196211548,938.775193220727,2379.33067132362,0.281075898720734,-185131.625237009,2998898.57649036
513437,雷波县,Sichuan,四川省,2839.19183332617,235.624595087779,0.0829900228374985,1.12081983807592,914.404404517014,1829.59115767683,0.303837216093972,-146378.72160189,2980671.33240798
520102,南明区,Guizhou,贵州省,212.317517765767,0,0,1.45616565919754,1137.01519230476,1210.48793274291,0.137466270600421,176459.622663306,2787435.05446149
520103,云岩区,Guizhou,贵州省,88.5887939717903,0,0,1.44769139187532,1132.44477821603,1289.32757577353,0.152150253105875,167470.90067753,2793533.19108213
520111,花溪区,Guizhou,贵州省,963.26720457614,0,0,1.45546112154009,1140.67833026924,1261.1897667771,0.149432022851596,164394.551968971,2768939.22660322
520112,乌当区,Guizhou,贵州省,682.342696906553,0,0,1.45396566865685,1117.67188602725,1159.36753754439,0.126243333309993,185271.332484975,2811060.79513158
520113,白云区,Guizhou,贵州省,269.499945797913,0,0,1.44204368141862,1110.42862800945,1258.82389390854,0.150180578562667,166497.369847313,2808243.27699695
520115,观山湖区,Guizhou,贵州省,306.589560069653,0,0,1.44596878996217,1128.821076903,1293.31914167716,0.153579251751545,153540.534928153,2798089.51645389
520121,开阳县,Guizhou,贵州省,2024.08087454991,0,0,1.48386344609076,1094.98276507425,1062.59104619115,0.123911434251177,200859.926829266,2846308.7365126
520122,息烽县,Guizhou,贵州省,1037.65104200057,0,0,1.48866208583791,1080.086449951,1100.89794488506,0.160163856799284,164749.917620034,2854075.58412808
520123,修文县,Guizhou,贵州省,1073.19673258926,0,0,1.43821512055876,1095.09208832509,1240.63002574555,0.150573995541825,156105.323777138,2829484.21368953
520181,清镇市,Guizhou,贵州省,1385.86156552788,0,0,1.4378819853064,1118.34043152153,1296.70620569608,0.148329583617935,131889.575998883,2802132.74901561
520201,钟山区,Guizhou,贵州省,468.03211275367,0,0,1.19156238629428,1076.88958067856,1969.85908511392,0.149883076344403,-19897.8237733707,2799725.13747164
520203,六枝特区,Guizhou,贵州省,1797.14983725583,0,0,1.41401613282602,1196.46709307399,1517.54375683347,0.153573544216484,37173.8927533959,2750915.19028249
520221,水城县,Guizhou,贵州省,3608.98063121804,0,0,1.35314309292895,1113.66336383845,1681.98345609446,0.147089780770267,-7697.79208530956,2772106.65802293
520281,盘州市,Guizhou,贵州省,4041.17552182103,0,0,1.42249569706614,1169.82908538708,1742.93220967594,0.251513689479283,-34185.2061278674,2699265.16576723
520302,红花岗区,Guizhou,贵州省,1397.96774472621,0,0,1.50445832263408,1076.82603437698,923.070189222872,0.130509943922612,205633.167464633,2918226.7177257
520303,汇川区,Guizhou,贵州省,1518.35822510302,0,0,1.43140368091765,1070.7707149549,1125.55946549362,0.129557319383742,177912.088092325,2934137.94059376
520304,播州区,Guizhou,贵州省,2487.79695017867,0,0,1.52822769948185,1065.43175308064,953.463389050362,0.147876675183193,177821.731687431,2894732.95552258
520322,桐梓县,Guizhou,贵州省,3208.051781429,73.9936872590378,0.0230649915588575,1.48391899620704,1102.48713460924,965.287939619033,0.257793110788262,182023.016330674,2995419.97917199
520323,绥阳县,Guizhou,贵州省,2547.48486493148,261.153931885472,0.102514419410494,1.47251190846259,1101.91150976377,953.055556429143,0.2334357781449,213614.214552149,2966088.66931996
520324,正安县,Guizhou,贵州省,2588.52568485884,0.236030647451255,9.11834287880075e-05,1.38495496794575,1184.02391526735,1076.69213075791,0.233098447653999,232947.823743495,3006821.59910181
520325,道真仡佬族苗族自治县,Guizhou,贵州省,2156.61255850675,3.45728232993534,0.00160310776096434,1.19226358310628,1284.00391052216,1381.01300065503,0.225181915209287,251560.713253389,3055102.81000243
520326,务川仡佬族苗族自治县,Guizhou,贵州省,2775.68147771425,110.22089956004,0.0397094913249218,1.51406867267086,1231.32393329546,778.807043515798,0.238045778500732,281638.869332732,3025413.57347692
520327,凤冈县,Guizhou,贵州省,1883.28071033055,0,0,1.46686240088224,1145.2262853625,907.618741112335,0.192778218417964,269592.622184781,2943097.23024619
520328,湄潭县,Guizhou,贵州省,1867.0010185395,0,0,1.49631155345553,1116.75437144607,852.38526595721,0.143639852766508,242630.278259457,2923953.09297425
520329,余庆县,Guizhou,贵州省,1622.55668527316,0.0996381646294264,6.14081255427153e-05,1.50622031639635,1121.11708362957,872.427721752358,0.159026468676983,265179.438456995,2883522.79886667
520330,习水县,Guizhou,贵州省,3073.85755200022,515.523030127839,0.167712075594517,1.44222337040618,1076.21552307114,1092.16806018172,0.275320350294099,130817.151745737,2988097.17838192
520381,赤水市,Guizhou,贵州省,1851.79648754095,391.069209166153,0.211183686650937,1.6074497416026,1073.21744172906,741.225126546858,0.269332690558885,88379.1090387527,3003056.82773524
520382,仁怀市,Guizhou,贵州省,1788.43623720897,143.660343884259,0.0803273501707031,1.37996450948211,1066.77804168098,1283.27642239878,0.157413060676862,130744.72504556,2930369.70350599
520402,西秀区,Guizhou,贵州省,1728.88647703366,0,0,1.43661559576232,1194.5641949124,1381.5171494297,0.153069657321752,104667.497322355,2747135.42158709
520403,平坝区,Guizhou,贵州省,987.855085716057,0,0,1.42574404652254,1141.62927533534,1345.11668084028,0.144937966089233,127349.703963554,2770979.41082542
520422,普定县,Guizhou,贵州省,1081.38748391645,0,0,1.35047662413857,1174.27005788881,1572.39959012796,0.149155112831761,72800.5033621739,2763383.4243373
520423,镇宁布依族苗族自治县,Guizhou,贵州省,1716.81671820348,0,0,1.55066922037346,1226.93588664361,1224.55316866493,0.153511354169525,82344.2598858982,2707531.80268137
520424,关岭布依族苗族自治县,Guizhou,贵州省,1464.30625246455,0,0,1.50907791131486,1248.68872911115,1370.83978787051,0.151531607234678,55835.2277605722,2709444.47274184
520425,紫云苗族布依族自治县,Guizhou,贵州省,2255.34241781185,0.498830910973746,0.000221177461583734,1.61678445645189,1227.31410691524,1062.09217846957,0.150907255142034,118084.830872404,2692014.8437401
520502,七星关区,Guizhou,贵州省,3412.69830573397,115.800004004607,0.0339320952602347,1.28410997378025,1033.08785611393,1571.58291720901,0.153972655063797,31719.7643655161,2881314.90963413
520521,大方县,Guizhou,贵州省,3498.49060688758,0,0,1.29417656454257,1068.05236729347,1570.88808288615,0.170319533982912,67384.696095129,2861805.09885684
520522,黔西县,Guizhou,贵州省,2554.24028797326,0,0,1.43892861032155,1083.8329421435,1272.11345959159,0.146091798232823,109608.702865178,2842092.53974731
520523,金沙县,Guizhou,贵州省,2520.9615779414,39.4305551182921,0.0156410773822625,1.43941396643459,1062.10578023743,1182.22589794499,0.187395477872028,124249.61919511,2886695.85709192
520524,织金县,Guizhou,贵州省,2864.41462040477,0,0,1.31806433345602,1138.11784214508,1605.17676652554,0.146941004799579,77503.2507014682,2796998.83558777
520525,纳雍县,Guizhou,贵州省,2454.47255316762,0,0,1.21519656069727,1088.79011714867,1842.04706149972,0.142374599964123,27192.9734866097,2814563.01848469
520526,威宁彝族回族苗族自治县,Guizhou,贵州省,6299.88447974855,101.028829234249,0.0160366161568539,1.12527117188147,947.235353874608,2193.54227411724,0.304247916102753,-86075.7416747441,2826484.18522369
520527,赫章县,Guizhou,贵州省,3241.62928497978,0,0,1.08821285408612,985.308353972005,2069.74144879783,0.215344447828105,-36492.5574464897,2851086.4503657
520602,碧江区,Guizhou,贵州省,1011.71401500272,0,0,1.67738304324022,1227.86774674325,411.245582143923,0.269311380819281,411596.615262086,2925439.10877593
520603,万山区,Guizhou,贵州省,839.922882318765,0,0,1.67871553884615,1201.44507050876,399.124794337461,0.254798452817466,406104.74009264,2906405.53132112
520621,江口县,Guizhou,贵州省,1877.18866985154,264.814109162568,0.141069522427658,1.54405908173443,1205.95631942233,703.160998213838,0.247573545740199,368668.180918705,2924121.34923272
520622,玉屏侗族自治县,Guizhou,贵州省,521.056375397462,0,0,1.6841833114624,1181,376,0.249022842297754,391301.83304734,2881107.03519976
520623,石阡县,Guizhou,贵州省,2167.88123967229,0,0,1.4413499153843,1166.82390222533,967.744235681402,0.244377545480244,310058.91325091,2895612.99153458
520624,思南县,Guizhou,贵州省,2214.43975032423,0,0,1.59788610771378,1147.1744388314,658.058067953571,0.231453326998916,306806.922037958,2935431.74166655
520625,印江土家族苗族自治县,Guizhou,贵州省,1966.95275143122,130.47534471092,0.0663337462559696,1.50882614746765,1224.56173008606,790.673265776663,0.239008453374802,343606.570366945,2953351.46652067
520626,德江县,Guizhou,贵州省,2071.71001924289,0.609252779414732,0.000294082074110634,1.62429993990662,1184.99706224802,594.972563886774,0.231732171440542,299910.328410919,2981604.26494461
520627,沿河土家族自治县,Guizhou,贵州省,2484.25273270379,213.307916987455,0.0858640162409308,1.5750917706784,1257.6798072289,659.329504828247,0.266677112245338,322951.922153251,3022552.371545
520628,松桃苗族自治县,Guizhou,贵州省,2856.25932460015,27.0097259069702,0.00945632830826781,1.60894947161465,1263.76362933538,590.681289760593,0.243344045624528,392739.213047764,2969829.10913601
522301,兴义市,Guizhou,贵州省,2905.5285800201,0.177154042143791,6.09713645090234e-05,1.71246913496186,1224.97452921821,1222.80025191562,0.298706118775315,-15291.9669798323,2613791.6995501
522302,兴仁市,Guizhou,贵州省,1777.98277203777,0,0,1.52348342686963,1281.29007685215,1473.79597738613,0.17264046928565,26967.5816920709,2669100.01940208
522323,普安县,Guizhou,贵州省,1452.22281129215,37.1778887599934,0.0256006781265978,1.55147294937385,1239.38316130973,1416.33497068779,0.143984793438923,-888.269642029851,2694312.87845836
522324,晴隆县,Guizhou,贵州省,1309.0073231097,0.0256451844202584,1.95913223459555e-05,1.55565537526317,1237.27125566762,1354.15971317748,0.140454676389834,19955.9844072708,2706826.16493364
522325,贞丰县,Guizhou,贵州省,1508.91816558223,0,0,1.592021390973,1280.43130072722,1255.51843763309,0.142388360938023,68613.0190855919,2660603.77038017
522326,望谟县,Guizhou,贵州省,3019.51634297129,189.770574941476,0.0628480039140098,1.77334138785168,1248.74301131496,813.534698752867,0.134068666801435,117085.016007792,2640072.2799717
522327,册亨县,Guizhou,贵州省,2596.01857180849,51.7806376070377,0.0199461737944985,1.82607559665736,1269.64528538809,841.253477153463,0.119494314366842,83720.9826362953,2605459.98560953
522328,安龙县,Guizhou,贵州省,2232.65055862721,0,0,1.59884373430099,1299.35816726458,1363.83492850831,0.173816440308167,37362.9717061658,2629243.19918418
522601,凯里市,Guizhou,贵州省,1570.65056769753,0,0,1.46697217116209,1200.44665330605,1021.58542338702,0.171577111646239,287810.454641916,2797223.55060858
522622,黄平县,Guizhou,贵州省,1668.51339461942,0,0,1.48418559389657,1158.19188734773,935.215232130063,0.255237840792666,282403.373241711,2834649.97778775
522623,施秉县,Guizhou,贵州省,1528.81575168969,0,0,1.47768969964385,1163.71090171542,906.720460283409,0.284857368664369,309933.35508282,2848707.6256185
522624,三穗县,Guizhou,贵州省,1030.16934977865,0,0,1.49388299728214,1188.91627288731,804.077650054197,0.240644697261808,370428.689691695,2836295.52025642
522625,镇远县,Guizhou,贵州省,1889.19310460504,0,0,1.50043653106897,1164.1173886842,803.972118804015,0.246469786268419,341452.812332767,2855401.97271964
522626,岑巩县,Guizhou,贵州省,1490.19131454836,0,0,1.57652805709403,1158.93637836856,624.786354257977,0.249841471564804,363273.221448952,2883425.81364818
522627,天柱县,Guizhou,贵州省,2175.3936029312,0,0,1.56186733487488,1247.15514670927,630.709073590351,0.241819831643666,419878.048853059,2836633.74588995
522628,锦屏县,Guizhou,贵州省,1617.30861864878,0,0,1.56048688912049,1271.67825949983,686.566951787183,0.290385081148234,408816.121558673,2796037.70913765
522629,剑河县,Guizhou,贵州省,2187.32975962456,42.8615682034052,0.0195953847447136,1.52230311967325,1202.99582504078,773.811346517157,0.280542510476014,363191.675435144,2804315.90202308
522630,台江县,Guizhou,贵州省,1076.91638714902,43.5580232306934,0.0404469871110484,1.51628292408443,1189.16969738641,833.486920625249,0.275184974205682,327070.228941078,2801846.54891455
522631,黎平县,Guizhou,贵州省,4419.1835591193,0,0,1.62273722142388,1322.03486854993,627.678742053073,0.259970482507926,404917.437811794,2750263.07255694
522632,榕江县,Guizhou,贵州省,3298.43632118399,46.0938453883813,0.01397445361984,1.64113412842746,1228.0237299927,653.552419851461,0.176456936136399,340069.302398484,2734246.98509072
522633,从江县,Guizhou,贵州省,3220.17487811615,4.17435556458772,0.0012963133129682,1.63566617098667,1349.24722154259,710.862115554665,0.185293917598777,372253.366944176,2700301.83435267
522634,雷山县,Guizhou,贵州省,1206.13114842842,329.699528112447,0.273352967081601,1.50338327974284,1216.1484976718,948.857657835639,0.155195979571541,312654.645617707,2767706.55608268
522635,麻江县,Guizhou,贵州省,958.793978856084,0,0,1.48286124696824,1183.27177553681,1040.92950864991,0.133909300549588,255667.411820581,2778030.03115096
522636,丹寨县,Guizhou,贵州省,942.88457960445,0,0,1.59142476841205,1214.52579158764,783.383793329049,0.136976994784864,290798.230068705,2754586.80583252
522701,都匀市,Guizhou,贵州省,2286.96494102491,0,0,1.55054919899868,1197.79446249569,929.485968474928,0.129288062013614,245847.532517732,2744646.85046873
522702,福泉市,Guizhou,贵州省,1691.55084747549,0,0,1.39443541670166,1174.1727473658,1210.6169295225,0.132379825410519,245510.886780151,2814197.26643299
522722,荔波县,Guizhou,贵州省,2413.9460485134,226.619024224215,0.0938790758657492,1.69144825322615,1321.79012975144,708.325182851382,0.135736064616944,293416.56667252,2662318.04883959
522723,贵定县,Guizhou,贵州省,1628.25076937699,0,0,1.46998984267273,1160.69022033727,1132.38350617763,0.129501456242801,217912.425259709,2775189.45012804
522725,瓮安县,Guizhou,贵州省,1964.50985262045,0,0,1.45983695428877,1129.13238369651,1039.94004593117,0.130326460918146,237544.716185901,2857862.93033589
522726,独山县,Guizhou,贵州省,2478.00277084369,0,0,1.58278670385996,1263.56364616514,933.637686887384,0.13537217651891,255880.571158218,2687433.2806278
522727,平塘县,Guizhou,贵州省,2804.15083155825,0,0,1.54679913972466,1227.36078910599,1040.24148825631,0.135189571943853,210262.848409432,2703641.0730549
522728,罗甸县,Guizhou,贵州省,3010.80492933505,0.476661328643909,0.000158316908544846,1.69441744484559,1234.79477042697,836.379952196386,0.137774753890551,170792.721972115,2661544.4558135
522729,长顺县,Guizhou,贵州省,1549.72228757685,0,0,1.54712015128203,1190.12352080419,1109.26296890803,0.162227243313823,139186.602350365,2725698.79350634
522730,龙里县,Guizhou,贵州省,1519.40612329373,0,0,1.46213554315585,1140.84805193446,1157.81327084369,0.127490715808193,196985.746024097,2782729.52560204
522731,惠水县,Guizhou,贵州省,2467.67824093005,0,0,1.52962720216387,1196.16089087869,1114.71237587773,0.149339466237105,170898.978506099,2724083.88166551
522732,三都水族自治县,Guizhou,贵州省,2373.20449678227,0,0,1.68118387799925,1239.61753503472,641.205465787891,0.134196419911498,294586.441067627,2712407.15075438
530102,五华区,Yunnan,云南省,347.152758657714,148.171053363501,0.42681802079411,1.44623336791992,897,2063,0.300966191354633,-235979.413841118,2636017.8553082
530103,盘龙区,Yunnan,云南省,326.320687102024,197.350459565885,0.60477458943381,1.41361379661167,920.782672439296,2095.8760471955,0.308492559080974,-222580.020155596,2632860.65396937
530111,官渡区,Yunnan,云南省,649.547469650462,390.415610735948,0.601057857936142,1.40344388483485,925.462392427921,2109.95012753233,0.309701096129569,-213548.026070765,2624010.42542825
530112,西山区,Yunnan,云南省,911.869820299342,484.154979673151,0.530947476158622,1.44872032856694,902.726638588215,2060.08594971368,0.300248102437138,-246469.344949487,2616525.81410903
530113,东川区,Yunnan,云南省,1869.73387852074,96.8606317216355,0.0518045016108216,1.35495175968049,887.395157564217,2192.31323652297,0.330035129646771,-192341.234078811,2741989.02483989
530114,呈贡区,Yunnan,云南省,509.29748238774,363.263647057495,0.713264171961749,1.482720539946,923.56927978205,1962.40918051638,0.309502218664016,-217231.287425852,2601483.1176604
530115,晋宁区,Yunnan,云南省,1334.12310170572,637.994792965736,0.478212836694033,1.44708862650074,923.553852744761,2062.3918798303,0.30135331733341,-245760.196847613,2573848.57672699
530124,富民县,Yunnan,云南省,996.338475361,0,0,1.53467381253697,850.357247126537,1931.50227012265,0.288103959071899,-244274.298883536,2656853.04633907
530125,宜良县,Yunnan,云南省,1911.79311631501,0,0,1.44325125066235,937.973937584025,2011.40662943937,0.310565287684212,-182789.892339314,2609303.02833681
530126,石林彝族自治县,Yunnan,云南省,1680.22306987962,0,0,1.41366578230262,981.916927378501,2007.12220858794,0.306745686696812,-160251.832192314,2586860.75458279
530127,嵩明县,Yunnan,云南省,1349.18303952184,0,0,1.34769097987112,927.983124041429,2207.13186934286,0.309758499212269,-201360.1521169,2650771.34050073
530128,禄劝彝族苗族自治县,Yunnan,云南省,4234.68525811732,68.6801275391562,0.0162184727678416,1.41957305906968,860.648265665738,2149.94058470772,0.285180452851935,-241190.861196528,2721213.42134618
530129,寻甸回族彝族自治县,Yunnan,云南省,3585.19328628367,0.0900916997714832,2.5128826419529e-05,1.26838669743685,919.746780754847,2339.45268811775,0.308694407288667,-188356.20928605,2689287.96386909
530181,安宁市,Yunnan,云南省,1305.71171218612,122.062857295894,0.0934837729926824,1.4528820903533,906.790241662867,2058.24263311492,0.301310758617295,-264503.607257112,2600581.23009786
530302,麒麟区,Yunnan,云南省,1543.72146841253,2.12087187255974,0.00137386951983036,1.39476171184674,1025.48974415275,2002.38990835959,0.305634219671409,-110027.703785328,2654491.86123847
530303,沾益区,Yunnan,云南省,2816.25190339426,11.2930183908721,0.00400994611925918,1.33169554595069,979.952037932691,2122.70673128844,0.309771912568353,-116399.314695514,2701739.27656
530304,马龙区,Yunnan,云南省,1600.19891489546,0,0,1.4104553265799,947.947234200658,2024.45672437584,0.305292361878562,-150333.391578362,2655673.54451105
530322,陆良县,Yunnan,云南省,1990.87047804599,0,0,1.39946643654397,1004.15026943219,2016.98523320326,0.307807202054971,-131157.043473394,2618838.89179313
530323,师宗县,Yunnan,云南省,2768.48915949354,3.01670251640351,0.00108965661146218,1.49556181721818,1076.91920119546,1747.03505416347,0.312940260967993,-89078.7465737304,2578446.92306867
530324,罗平县,Yunnan,云南省,3012.30355735857,0,0,1.57001057453685,1118.33041649566,1558.0969249131,0.311635258306914,-66721.6128666026,2611940.42589149
530325,富源县,Yunnan,云南省,3255.99695781289,57.2196818959706,0.0175736287955275,1.37339345104355,1117.59323229231,1940.69668289901,0.304518158253903,-64296.0876139437,2665471.66390765
530326,会泽县,Yunnan,云南省,5884.38268313579,153.584256274771,0.0261003174920849,1.35297094512119,890.604937881578,2102.97547364332,0.290014892229192,-152954.341411078,2777027.89411127
530381,宣威市,Yunnan,云南省,6049.6456253239,0,0,1.2990875805978,1010.57260124721,2026.52911504663,0.306403902166343,-85290.8571497495,2755623.22400616
530402,红塔区,Yunnan,云南省,948.33130042421,0,0,1.6065273055176,913.795027315154,1781.8650271256,0.306730348414893,-255023.032818144,2547056.57872597
530403,江川区,Yunnan,云南省,809.438799733876,0,0,1.5207352068606,959.210440666769,1934.05419867885,0.293212579049669,-227593.962155247,2545102.62797541
530423,通海县,Yunnan,云南省,739.690614392431,0,0,1.58345921850691,946.917721145012,1824.87656046952,0.296552160069628,-234112.146114763,2518645.61173175
530424,华宁县,Yunnan,云南省,1246.56589523288,0,0,1.37164848746535,1020.82564930061,2199.33740416302,0.274208387895038,-204462.741789614,2536416.46071885
530425,易门县,Yunnan,云南省,1527.79817973356,9.95647074319853,0.00651687564186971,1.43685642730569,908.468737155748,2183.08578414218,0.278172103761614,-292285.364375964,2584103.83069783
530426,峨山彝族自治县,Yunnan,云南省,1929.45331474455,0,0,1.68348328573864,936.80231058505,1681.1838533109,0.295534717170813,-283762.900389799,2534125.70043086
530427,新平彝族傣族自治县,Yunnan,云南省,4265.40985698101,1.00329965277465,0.000235217642949972,1.85462857773379,1069.90252046582,1444.86398169617,0.281674250513549,-333445.902472479,2511718.26187508
530428,元江哈尼族彝族傣族自治县,Yunnan,云南省,2718.32538639992,240.321814500361,0.0884080381630241,1.64266439752881,1125.42803021396,1804.38723457951,0.270345066866787,-306551.908198785,2461787.98609373
530481,澄江市,Yunnan,云南省,756.55089778615,21.783257980012,0.0287928519333663,1.52927644885065,920.001999275514,1873.04307529972,0.310024492720575,-208982.216274931,2579905.87124007
530502,隆阳区,Yunnan,云南省,4844.24375512618,91.0102784038343,0.0187873036544718,1.57230607738324,1102.1801311495,1909.42163595386,0.287884461072632,-597682.217132468,2654265.15177599
530521,施甸县,Yunnan,云南省,1955.82770146254,0,0,1.91484408447407,1281.84329328049,1242.56453779519,0.286564170095456,-592356.42485421,2592997.68174619
530523,龙陵县,Yunnan,云南省,2794.32183455477,0,0,1.82401119771658,1390.6596446964,1399.61076431765,0.278585248085684,-625346.178542396,2577585.60596222
530524,昌宁县,Yunnan,云南省,3767.12870268208,0,0,1.69815353354775,1030.55997727582,1708.26760101766,0.288533149435891,-547941.432855693,2601807.9678029
530581,腾冲市,Yunnan,云南省,5698.0217554751,718.213624645778,0.126046135916498,1.49950443181888,1408.51649444148,1966.22058712574,0.271455107927154,-654360.698570196,2665930.4901598
530602,昭阳区,Yunnan,云南省,2163.21770162806,186.910401196871,0.0864038793026703,1.16433822312364,896.826859323972,2076.38297295599,0.276397025729234,-136707.120870954,2884767.44288616
530621,鲁甸县,Yunnan,云南省,1483.7401173651,2.85424297315624,0.00192368120249047,1.15108364280173,901.694451669122,2258.57736319968,0.27211843183996,-155711.129881437,2860840.56759499
530622,巧家县,Yunnan,云南省,3197.26356147138,215.345459539528,0.0673530521958054,1.37783233078618,898.364012043645,1993.57588561267,0.278446243104316,-185413.403539401,2838475.8658128
530623,盐津县,Yunnan,云南省,2027.34736492794,42.952006748536,0.0211863085189956,1.53397661456832,999.45739932689,886.957553108947,0.260189266214257,-75830.6797985882,2962248.4744515
530624,大关县,Yunnan,云南省,1721.04633892539,92.9112429783082,0.0539853232750964,1.49172583989348,934.569671722821,1024.96015773243,0.272192474396264,-107153.451755783,2937399.88411247
530625,永善县,Yunnan,云南省,2776.780388791,38.4525700447651,0.0138478974426592,1.18853323546592,919.92523495029,1843.15736281537,0.299936166962521,-132369.541627973,2943250.19923831
530626,绥江县,Yunnan,云南省,748.747172442449,0,0,1.32858416755455,996.600409431117,1258.26540560414,0.262332796172303,-96444.1459126332,3008172.37216803
530627,镇雄县,Yunnan,云南省,3696.96041029688,359.304133923537,0.0971890672463769,1.29076399481473,985.27530375165,1529.06236548244,0.173524743012307,-17199.5702702628,2899336.02754606
530628,彝良县,Yunnan,云南省,2796.60864671847,106.634304617828,0.038129863019251,1.358062773703,937.324811043216,1399.70258280407,0.268285145910588,-75239.6916480038,2906491.70981086
530629,威信县,Yunnan,云南省,1393.26618148534,162.636768265526,0.116730579143278,1.30796985800676,999.088723539561,1375.20238901999,0.122306087743437,3989.28962558391,2935301.38851543
530681,水富市,Yunnan,云南省,438.377086634812,4.66369645417834,0.0106385497699687,1.54861750103147,1047.32600441641,813.75674271275,0.273866378411837,-75844.1764366272,3004859.75161531
530702,古城区,Yunnan,云南省,1265.26369334468,0.456483896250193,0.000360781628882035,1.50411380458465,809.842093818371,2024.74248760879,0.306163588982614,-462210.461569303,2832317.86226626
530721,玉龙纳西族自治县,Yunnan,云南省,6198.6839150415,64.0856077590855,0.0103385829375132,1.11977598325169,825.748838709709,2674.66680497632,0.289106495678915,-498654.736074654,2860168.02426242
530722,永胜县,Yunnan,云南省,4927.47440757886,0,0,1.63005959058246,792.456673910383,1907.31906337699,0.296949334794734,-427021.730994629,2788449.51635517
530723,华坪县,Yunnan,云南省,2141.49488682031,0,0,1.71536001679108,774.381978771371,1765.29806654748,0.296934553428824,-372331.145161919,2803534.81132834
530724,宁蒗彝族自治县,Yunnan,云南省,6025.0874738365,79.9419199319833,0.013268175819708,1.14488091638099,781.81033274802,2738.64963967582,0.292164720163366,-416130.232481375,2874307.79872817
530802,思茅区,Yunnan,云南省,3873.26182016685,0,0,1.92255176577455,1488.57006291582,1296.87813113794,0.260985069992659,-429434.799412094,2373008.03120854
530821,宁洱哈尼族彝族自治县,Yunnan,云南省,3668.76491304164,0,0,1.82091451008525,1348.34984982181,1520.9536943353,0.257626781350049,-392729.69808236,2411005.60284316
530822,墨江哈尼族自治县,Yunnan,云南省,5290.07117837869,0,0,1.80023787200158,1231.96027332217,1571.49381990888,0.257566737329893,-354716.52028041,2438868.07279777
530823,景东彝族自治县,Yunnan,云南省,4456.08190766472,0,0,1.72337655086929,1005.85769119577,1792.68191193264,0.290651358062176,-427983.049652225,2555897.23379164
530824,景谷傣族彝族自治县,Yunnan,云南省,7519.03590872685,0,0,1.89181468966201,1325.27008420037,1433.77129726456,0.274008142742546,-456528.602567256,2443516.1657879
530825,镇沅彝族哈尼族拉祜族自治县,Yunnan,云南省,4144.84278450496,0,0,1.84997111009517,1121.36253978704,1556.44657492212,0.283180400123266,-411045.889816063,2505654.71565894
530826,江城哈尼族彝族自治县,Yunnan,云南省,3428.51175815057,1.53301164433012,0.000447136178164098,1.97501082988274,1386.94064657022,1096.66797246785,0.26947545833918,-332608.50198557,2356928.680676
530827,孟连傣族拉祜族佤族自治县,Yunnan,云南省,1893.72310399786,0,0,1.96522836598846,1491.99714008747,1269.05171675167,0.257727829442776,-574689.781056786,2331210.51651101
530828,澜沧拉祜族自治县,Yunnan,云南省,8729.84887114879,0,0,1.82250537914367,1474.76970389791,1594.71399657111,0.258836409296371,-520124.891775326,2369186.39606024
530829,西盟佤族自治县,Yunnan,云南省,1262.16421780954,0,0,1.70515064851529,1457.64034594404,1890.33707751187,0.238070729989144,-568031.206427953,2375550.23350677
530902,临翔区,Yunnan,云南省,2558.60392634363,0,0,1.67437940184505,1181.26590280548,1908.09210252951,0.275532540379856,-497434.877172198,2498509.84834064
530921,凤庆县,Yunnan,云南省,3324.33868331366,0,0,1.56725380167216,1029.18884848334,2053.31190093316,0.27376255638037,-515535.23708039,2583633.78675502
530922,云县,Yunnan,云南省,3658.56214026352,0,0,1.66624111121927,1059.02846003616,1899.64512225922,0.278861287853696,-485395.808611259,2550807.50098173
530923,永德县,Yunnan,云南省,3220.15415874062,246.124989882074,0.0764326730178446,1.48445144794396,1242.00495959628,2207.59421066106,0.273954263708877,-568755.904619631,2528897.78490073
530924,镇康县,Yunnan,云南省,2529.94295735326,0,0,1.89789976469371,1368.48184746698,1419.30206335103,0.268118690199367,-612855.767459849,2510606.01125671
530925,双江拉祜族佤族布朗族傣族自治县,Yunnan,云南省,2160.7709931242,0,0,1.80784325024953,1332.08131497304,1652.2957135539,0.268908774955501,-525567.628207158,2458079.46185277
530926,耿马傣族佤族自治县,Yunnan,云南省,3726.29486692956,0,0,1.93015536537716,1358.66209997862,1388.29558963597,0.271070722020326,-570787.186860589,2479607.01723114
530927,沧源佤族自治县,Yunnan,云南省,2445.33574715259,121.888316165395,0.0498452273097161,1.84909848302013,1445.04000756117,1579.7135982924,0.252515907449969,-589621.771201255,2440130.50319957
532301,楚雄市,Yunnan,云南省,4433.76557246038,0,0,1.70421397537885,872.728737880698,1783.41690312002,0.29660385748082,-371917.975787141,2607203.80979006
532322,双柏县,Yunnan,云南省,3891.80549617013,0,0,1.81589198351646,949.394477010245,1554.33052765567,0.292795259640777,-341617.21388215,2568023.64405771
532323,牟定县,Yunnan,云南省,1452.41803964239,0,0,1.59794758060906,788.10402732147,1954.81448493714,0.300056698924894,-342825.244217337,2664703.75175901
532324,南华县,Yunnan,云南省,2265.28978298978,0,0,1.50904620333557,862.482712888388,2143.64018370515,0.297609517482278,-400386.879342499,2633032.81369255
532325,姚安县,Yunnan,云南省,1699.22444926437,0,0,1.52022582424341,791.970950658788,2132.23551480848,0.303302785988726,-381044.405437072,2678266.48474833
532326,大姚县,Yunnan,云南省,4027.22274239557,0,0,1.61540068204129,774.705738691795,1936.34198026245,0.303322951944349,-375987.599683601,2725872.35778178
532327,永仁县,Yunnan,云南省,2151.03307853391,0,0,1.64760218466209,778.509758931685,1912.52816562955,0.304211157263677,-343492.307644582,2746531.02586287
532328,元谋县,Yunnan,云南省,2023.57290178164,19.8366755185355,0.00980279756714987,1.6304823175789,782.333170265684,1963.47838729064,0.281748397193261,-314007.067649352,2705417.09498001
532329,武定县,Yunnan,云南省,2947.05825736694,11.6063929072593,0.00393829775106961,1.59586210657449,800.124043484807,1958.44809302421,0.275263178794513,-281049.718833131,2698574.32849317
532331,禄丰县,Yunnan,云南省,3545.04550163059,4.83861514053229,0.00136489507350659,1.61044634529379,818.666923662157,1874.00340114906,0.296082243970313,-300406.458248661,2638700.96486691
532501,个旧市,Yunnan,云南省,1558.0644279529,0,0,1.65719562674374,1194.63678736837,1534.39614917877,0.25761477325797,-191748.892282518,2429371.96444423
532502,开远市,Yunnan,云南省,1939.93692219197,0,0,1.65788068378239,1049.38670085612,1595.38207871815,0.264793215489568,-164611.327385271,2474435.62957999
532503,蒙自市,Yunnan,云南省,2172.64575150186,0,0,1.59472140714242,1323.97624299363,1649.93894962001,0.256699234598339,-155744.514003702,2431131.13354355
532504,弥勒市,Yunnan,云南省,3911.82761747052,0,0,1.49164036747846,1017.75966919846,1881.25845575048,0.284227071186065,-164775.175137826,2529193.75903536
532523,屏边苗族自治县,Yunnan,云南省,1843.23589678783,155.945119768759,0.0846039945513871,1.79551444186125,1515.98290864047,1208.58648127548,0.25301803693371,-129822.510061305,2404938.5920822
532524,建水县,Yunnan,云南省,3782.78919171801,0,0,1.73382938085389,1089.32698133508,1487.75916535142,0.266518739791813,-217023.371819372,2470263.21741378
532525,石屏县,Yunnan,云南省,3041.62634267617,0.139283856693991,4.57925599669295e-05,1.73619141561008,1075.63080446379,1516.69620444086,0.271804913879048,-261468.031899624,2478261.153602
532527,泸西县,Yunnan,云南省,1645.33929954093,0,0,1.45096484949669,1030.96406188581,1887.63807999543,0.303337857638852,-124414.874615201,2561010.30297205
532528,元阳县,Yunnan,云南省,2212.35713101593,105.782498618124,0.0478143863552209,1.79795411352454,1319.79143897746,1314.0968412108,0.263301145581864,-225686.191126439,2402915.7607456
532529,红河县,Yunnan,云南省,2028.52186511428,0.0531435719986355,2.61981755841915e-05,1.70113183073202,1247.23767785314,1589.47737948898,0.266448446182862,-284624.610209336,2424334.75482663
532530,金平苗族瑶族傣族自治县,Yunnan,云南省,3612.52830099138,17.9738090704708,0.00497540989936004,1.81187139257791,1419.31982487243,1259.1301198908,0.259763299808903,-197080.99296235,2370730.19933612
532531,绿春县,Yunnan,云南省,3093.42127523691,617.82127000924,0.19972102569894,1.82104098491973,1301.67700992623,1346.90112371613,0.25884533335709,-285367.947273065,2383515.3992956
532532,河口瑶族自治县,Yunnan,云南省,1329.72642334539,289.65382980092,0.217829641282299,1.94078691658491,1636.61848443046,900.004701748642,0.251373529747787,-122555.520364103,2370269.9712678
532601,文山市,Yunnan,云南省,2967.31045544903,212.693148729009,0.0716787649699509,1.53329049462321,1393.20235081672,1711.86318999638,0.255880937499862,-94200.8811584478,2437254.53753882
532622,砚山县,Yunnan,云南省,3867.93322261802,0,0,1.59581050984874,1231.89257599649,1575.66851191625,0.260727170449401,-77304.2860278618,2468809.77707514
532623,西畴县,Yunnan,云南省,1491.1828824281,39.5199853850809,0.0265024403450302,1.63877015139943,1423.97665899501,1448.88133960729,0.263173377943002,-32973.1114663957,2432823.57627598
532624,麻栗坡县,Yunnan,云南省,2358.14355675658,67.6269822026364,0.0286780599123708,1.66551423395233,1489.08305102324,1391.37724155912,0.261866436971255,-11014.8214804929,2417537.81822693
532625,马关县,Yunnan,云南省,2664.87799227269,53.6407024620981,0.0201287648506383,1.65429560128362,1690.8283596551,1433.6999022587,0.25459427561888,-76326.5184248232,2388182.77947981
532626,丘北县,Yunnan,云南省,5053.92153663577,0,0,1.64984589086287,1095.19709031144,1475.50857567327,0.26635148569436,-91539.4376882167,2517510.15506474
532627,广南县,Yunnan,云南省,7728.76305381924,3.83221682159428,0.000495838311371256,1.69122602361301,1192.4820064485,1328.41679082174,0.256511345526643,-269.916698144928,2499395.38092594
532628,富宁县,Yunnan,云南省,5292.53166325773,0.634025389740465,0.000119796239320031,1.9053376441218,1306.09492181379,896.281746559244,0.256938983084999,75901.1468162194,2471219.87869868
532801,景洪市,Yunnan,云南省,6865.01888307762,1341.68579433196,0.195438034065606,2.03365671333502,1565.26532855503,1081.59607523835,0.244738220916698,-425225.770251309,2303679.92174983
532822,勐海县,Yunnan,云南省,5369.24978514999,95.1713842567316,0.0177252666694613,1.92333597620484,1547.20863144448,1368.05661810167,0.269336401949901,-487103.193458536,2289979.53819459
532823,勐腊县,Yunnan,云南省,6862.19375346972,1535.14642419575,0.223710737316261,2.07658293009928,1608.99356306802,988.622043873549,0.25917827066562,-370870.342276334,2260775.08106384
532901,大理市,Yunnan,云南省,1738.44873529289,628.609292390824,0.361592078977767,1.39287897438983,846.260822065127,2304.33668782204,0.282468716070065,-479403.845605787,2708129.24565052
532922,漾濞彝族自治县,Yunnan,云南省,1858.97946786659,8.2323981093924,0.00442845026085206,1.41821484980454,880.868151350956,2209.77950210331,0.275463264838453,-512106.962830187,2693948.26881969
532923,祥云县,Yunnan,云南省,2430.21872920064,0,0,1.51170526879899,811.533303661602,2155.97726026164,0.299323384990292,-424520.995975486,2680016.11984539
532924,宾川县,Yunnan,云南省,2532.47986185111,78.6947532310912,0.0310741871698713,1.64601377917709,792.380015965878,1905.32574683796,0.29557432063069,-437828.610705221,2720534.47442131
532925,弥渡县,Yunnan,云南省,1528.82657060773,7.17048130754847,0.00469018621562687,1.74793758473828,872.462829955932,1703.63694760612,0.294549476299848,-445827.776794794,2644831.70016226
532926,南涧彝族自治县,Yunnan,云南省,1740.3778225198,0,0,1.73483080146297,925.118072215634,1722.51772850715,0.287221847618211,-463064.266461655,2613542.30782432
532927,巍山彝族回族自治县,Yunnan,云南省,2177.20883613833,32.0094890537608,0.0147020756679159,1.65610372536788,894.074418451447,1829.85688044139,0.278085795153342,-486000.381772842,2652833.69544468
532928,永平县,Yunnan,云南省,2790.72401957309,0,0,1.6448092681384,956.013260971524,1753.38896955148,0.290892372609432,-543255.801493725,2669896.8041612
532929,云龙县,Yunnan,云南省,4370.50125167392,144.692968037326,0.0331067215646964,1.29058828124154,1028.76089823401,2482.86291026679,0.285895348215618,-568857.174583193,2729165.67692875
532930,洱源县,Yunnan,云南省,2530.68273339067,14.4596025117475,0.00571371603439764,1.17706234937781,883.089402261721,2686.67847020908,0.282484628154787,-512082.41825864,2747295.331778
532931,剑川县,Yunnan,云南省,2236.13514345872,26.6844948437349,0.0119333104359967,1.11276543747585,884.589409942231,2795.5363271343,0.289181737292589,-522001.585484057,2787255.77576846
532932,鹤庆县,Yunnan,云南省,2363.31825677066,0,0,1.55525950240798,819.669496099133,2056.26709861205,0.286887202747602,-470232.89278301,2773255.30881179
533102,瑞丽市,Yunnan,云南省,942.196292402666,0,0,1.95443325042725,1565,1050,0.252371547407468,-733613.933813287,2533828.69394263
533103,芒市,Yunnan,云南省,2903.26902036933,0,0,1.71959497880143,1523.40069144188,1538.78632324473,0.272586577584912,-668692.400640495,2561528.34914792
533122,梁河县,Yunnan,云南省,1138.53493069588,0,0,1.56919468936798,1517.20649618208,1845.23054893322,0.258343464347089,-676138.136696007,2608070.4947065
533123,盈江县,Yunnan,云南省,4325.77577179579,0,0,1.65967398330191,1645.23384858287,1610.36756146043,0.229737971390268,-715816.095702543,2623782.30468868
533124,陇川县,Yunnan,云南省,1867.82099052935,0,0,1.7549653365238,1606.59438434489,1512.97691415552,0.266462898103405,-714932.056875208,2570587.79262084
533301,泸水市,Yunnan,云南省,3093.84581201372,473.814529905673,0.153147428377265,1.30098946917775,1150.34861509062,2398.41681187264,0.283230144822226,-612601.323523894,2750764.7887813
533323,福贡县,Yunnan,云南省,2747.91872952471,0,0,1.19795023743129,1209.39744362604,2335.20611365261,0.266309531664028,-605578.240027092,2853986.02422035
533324,贡山独龙族怒族自治县,Yunnan,云南省,4383.65538655701,0,0,0.738862070277316,1066.30763553109,2933.00193127384,0.260208199587734,-634494.52716132,2956038.73435646
533325,兰坪白族普米族自治县,Yunnan,云南省,4372.73861129112,1.08445214061401,0.000248002964964285,1.11486809517102,990.025263352052,2732.86511333286,0.281425544684084,-568938.18813795,2811295.64448227
533401,香格里拉市,Yunnan,云南省,11421.3883718407,0.537263017832386,4.70400795718496e-05,0.490141309200651,728.507266363495,3608.69991621568,0.295768446499054,-505616.886336154,2949961.97609438
533422,德钦县,Yunnan,云南省,7300.86974037245,2255.26376641156,0.30890343844109,0.475124633680554,700.118500774913,3560.94807906264,0.267437393265972,-580456.510261737,3004414.15570535
533423,维西傈僳族自治县,Yunnan,云南省,4473.30669621039,603.092584348587,0.134820307505297,0.783130200207139,929.600602767371,3051.93823318312,0.254064592549126,-574562.073096999,2902690.02528554
540102,城关区,Tibet,西藏自治区,519.952574342163,27.1649630159869,0.0522450784099986,0.340422093883749,375.193992325202,4273.26533346343,0.292241484870769,-1320226.11544719,3225979.4680008
540103,堆龙德庆区,Tibet,西藏自治区,2670.09059458885,1.01351684325776,0.000379581443907459,0.152551380816548,371.431887589149,4543.51905303325,0.276320630080888,-1353242.60808409,3246719.16104446
540104,达孜区,Tibet,西藏自治区,1361.88992332875,416.456556432565,0.305793110954707,0.31327488573319,373.31806132349,4303.29753646991,0.286159090005151,-1290195.1715944,3230881.82197745
540121,林周县,Tibet,西藏自治区,4469.15274446265,1062.74242200773,0.237795054851164,-0.0222297849869065,395.942402548129,4739.70043644962,0.255798465143149,-1296066.92113681,3273814.2923645
540122,当雄县,Tibet,西藏自治区,10237.7519366759,826.895679738486,0.0807692631012287,-0.204575008637086,384.333889322138,5008.84972674884,0.243845527978932,-1334789.48610341,3313856.23514324
540123,尼木县,Tibet,西藏自治区,3274.35846733903,0,0,-0.206834869990913,291.381677508333,5091.00420725982,0.263270929215806,-1423043.81547197,3233771.2619789
540124,曲水县,Tibet,西藏自治区,1627.13733159985,0,0,0.295338899282462,347.297168072661,4356.8012479753,0.275007290615786,-1366973.08841803,3207575.10946721
540127,墨竹工卡县,Tibet,西藏自治区,5494.13522852833,193.683175188695,0.035252713508578,-0.0448841316459898,414.022676310159,4712.8054492276,0.238781669858724,-1234789.75048023,3242561.80296243
540202,桑珠孜区,Tibet,西藏自治区,3667.71001979541,689.609672598125,0.188021863472345,0.220591729312991,310.438681973957,4487.712162445,0.271243173450231,-1536928.9430212,3213732.09850969
540221,南木林县,Tibet,西藏自治区,8105.36873010586,434.854363005808,0.0536501641671925,-0.0544061594676801,306.260216853655,4894.91467844275,0.244349188468817,-1487125.58628615,3267661.18844618
540222,江孜县,Tibet,西藏自治区,3847.56799175359,0,0,0.0985671126554082,262.780322718577,4620.08890684965,0.218991317869323,-1475383.52171975,3163474.46270887
540223,定日县,Tibet,西藏自治区,13862.1868730133,12775.3018156617,0.921593535903953,-0.00374118056105041,372.9591637003,4871.65679151224,0.245776547592201,-1738326.53624335,3158763.73980903
540224,萨迦县,Tibet,西藏自治区,5745.51921869768,37.0146171651186,0.00644234502682746,-0.0497092330314031,274.798809882279,4899.50776839375,0.221717959344019,-1602445.2338804,3177711.94063086
540225,拉孜县,Tibet,西藏自治区,4490.48824322345,1179.62668536987,0.262694527070644,0.368790153022726,391.861101117431,4303.85296328525,0.229378162121488,-1642897.08834828,3221517.05903754
540226,昂仁县,Tibet,西藏自治区,27461.6899372046,62.3019702523513,0.00226868668296869,-0.0475753171384712,219.919115044647,5001.82592419614,0.280513942868535,-1741799.065607,3324169.81294
540227,谢通门县,Tibet,西藏自治区,13965.2459274706,306.490007515002,0.0219466244351713,-0.0732759417750364,264.379873755296,5010.37501527246,0.280645819718185,-1607470.88523313,3299024.66932148
540228,白朗县,Tibet,西藏自治区,2805.1468543652,0,0,-0.104484469613707,242.173641366906,4950.42732015388,0.228414770716644,-1531071.14755073,3161444.01812148
540229,仁布县,Tibet,西藏自治区,2124.70057680343,0,0,0.0934081255331022,281.207181994048,4624.06759480394,0.225830854680539,-1440650.84722793,3193475.18498793
540230,康马县,Tibet,西藏自治区,6158.90397427208,0,0,-0.264417046275712,241.798197922988,5153.0804641053,0.211063387005497,-1484803.7937698,3111940.77720342
540231,定结县,Tibet,西藏自治区,5833.98020224679,4780.22273832107,0.819375893061843,-0.0203562250133664,403.836905028987,4755.87445902368,0.235750420841989,-1655625.10770922,3116784.01700519
540232,仲巴县,Tibet,西藏自治区,43586.9646774668,0,0,-0.17759951143823,213.77204055194,5061.51588063452,0.242759421282336,-2008128.00724136,3441268.15109165
540233,亚东县,Tibet,西藏自治区,4248.91751876941,0,0,-0.157715811883565,312.901966874904,4861.69407199355,0.202101935608912,-1551156.89330725,3051954.474119
540234,吉隆县,Tibet,西藏自治区,9017.1697350366,7237.75297636898,0.802663495203643,0.11984623161725,399.207642524964,4680.78724105507,0.299514550299526,-1891184.5265198,3232532.59556416
540235,聂拉木县,Tibet,西藏自治区,7864.84815851312,7838.35860807733,0.996631905676766,-0.265858646732324,316.588300272158,5303.59847483086,0.244838512661567,-1824657.48676319,3188967.25411551
540236,萨嘎县,Tibet,西藏自治区,12418.2861516358,45.0357341362129,0.00362656598392851,-0.0487608191144582,257.74867146668,5070.82765757866,0.279193042525041,-1900266.61631823,3295645.51169314
540237,岗巴县,Tibet,西藏自治区,3939.11346909989,101.825689722003,0.0258499001160459,-0.0433315601499471,276.301492292931,4842.0072535666,0.210983466541064,-1590935.91327852,3114758.76472957
540302,卡若区,Tibet,西藏自治区,10792.1312200293,0,0,0.0889863252073978,574.785791558391,4330.25288352617,0.240292035788471,-726606.54786318,3362061.98061271
540321,江达县,Tibet,西藏自治区,13161.0264769583,0,0,0.10994010052691,582.140115232054,4224.81267905032,0.226818769267307,-648962.637977016,3396870.80058722
540322,贡觉县,Tibet,西藏自治区,6324.5374440693,0,0,0.166838091092416,585.414124262623,4214.07864562427,0.238139108064954,-614779.009023836,3275031.61722522
540323,类乌齐县,Tibet,西藏自治区,6338.52074276156,1234.93930517624,0.194830837555672,-0.0809862654629449,604.277959669134,4592.13721200635,0.248066482053881,-804657.451708634,3367038.57930215
540324,丁青县,Tibet,西藏自治区,12363.0026272466,8.01653965762779,0.000648429827229858,-0.277438991463035,639.330386048733,4797.89396009232,0.261794842237281,-903431.237514505,3402829.43919853
540325,察雅县,Tibet,西藏自治区,8260.54656453196,0,0,0.187382539706496,574.546991569498,4331.60710558939,0.257550845544465,-677251.780670255,3261416.60970176
540326,八宿县,Tibet,西藏自治区,12332.1222093825,0,0,-0.166202572822125,624.401368896346,4798.28837579279,0.264858737467002,-772042.717563227,3220547.54906712
540327,左贡县,Tibet,西藏自治区,11837.4952543919,0,0,-0.0114914756900305,632.741115579328,4556.86327164271,0.267893323414411,-689143.711443347,3146970.20670851
540328,芒康县,Tibet,西藏自治区,11578.8307206515,1884.32302878648,0.162738628299115,0.109176265317042,602.490873259343,4340.24567316662,0.259194751101268,-611092.872331379,3147934.60650933
540329,洛隆县,Tibet,西藏自治区,8067.14303421835,0,0,-0.132129314018646,637.176863491375,4720.45270841814,0.251650465617455,-857986.454678084,3293246.79205148
540330,边坝县,Tibet,西藏自治区,8774.16077767594,0,0,-0.327824964603861,680.21392636274,4930.0507119272,0.259625857185348,-980141.878185082,3322809.23899842
540402,巴宜区,Tibet,西藏自治区,8560.66716150903,1257.78663382596,0.14692623952036,0.0379269416725725,614.587122042639,4405.46815710982,0.258638354306702,-1014037.26185735,3201238.78885374
540421,工布江达县,Tibet,西藏自治区,12960.5480787329,0,0,-0.132176500621364,548.969116645749,4724.28043419202,0.23470955729325,-1118875.83872083,3240455.5949074
540422,米林县,Tibet,西藏自治区,9503.11914236479,1102.63297043908,0.116028532729171,0.0143917015198229,561.199099539821,4491.13197445216,0.24823732340512,-1055386.7218291,3145461.90886601
540423,墨脱县,Tibet,西藏自治区,31001.7210511836,6738.37085029891,0.217354734570184,1.17617677512479,1501.81004137576,2260.9249176417,0.253462176247485,-965601.221372914,3078915.10620226
540424,波密县,Tibet,西藏自治区,16753.5962610167,1123.73707373871,0.067074379508207,-0.0280477034043405,685.453059277433,4402.06200812247,0.277428729378347,-898105.905366528,3228031.89844251
540425,察隅县,Tibet,西藏自治区,31314.9148241051,973.252766084187,0.0310795278081042,0.335616090409991,963.179484222666,3719.24714251144,0.276014153126191,-768159.360971579,3054453.14238425
540426,朗县,Tibet,西藏自治区,4103.70132989771,0,0,0.374447316185942,401.937643406547,3984.34823940113,0.226170506589912,-1145854.03062848,3123735.44330824
540502,乃东区,Tibet,西藏自治区,2188.3813592516,0,0,-0.141693233387198,349.226680567821,4972.74674206665,0.222958656811638,-1264505.22070772,3167529.86503431
540521,扎囊县,Tibet,西藏自治区,2142.91324058597,0,0,0.603175114867812,363.643977499363,3837.58614545332,0.265315919522946,-1303792.54962346,3180003.52640657
540522,贡嘎县,Tibet,西藏自治区,2381.71057098984,130.509937910845,0.0547967244637137,0.475583598730238,351.95461209723,4111.98954973331,0.274795973148457,-1348940.91103632,3178877.98495803
540523,桑日县,Tibet,西藏自治区,2630.98046556776,0,0,-0.103705804112053,362.750699410348,4830.66805793806,0.223776214641071,-1223321.69101026,3183561.17520549
540524,琼结县,Tibet,西藏自治区,1028.94224927514,0,0,0.165865094243574,325.389349170194,4535.13957418562,0.219411966027752,-1288007.59388314,3147493.77403526
540525,曲松县,Tibet,西藏自治区,2071.69264107956,0,0,-0.109998522786044,336.982830137085,4930.79739597362,0.21677729620387,-1232003.84437971,3133396.08443988
540526,措美县,Tibet,西藏自治区,4176.98292216381,0,0,-0.11646629968238,325.066440261495,4980.80847745022,0.181658845876401,-1303863.26412993,3100680.9544139
540527,洛扎县,Tibet,西藏自治区,5023.30465204895,0,0,-0.0824633531643246,467.824590940846,4736.74392255354,0.192726000458,-1371579.5291319,3068175.00713757
540528,加查县,Tibet,西藏自治区,4389.89227589418,0,0,0.136046553165548,376.947688057589,4427.74607081973,0.222004737769623,-1178346.69857236,3165007.93788359
540529,隆子县,Tibet,西藏自治区,10003.6608760343,0,0,0.287310797075231,556.886352162862,4091.64887933936,0.197475141598362,-1170441.74938972,3073188.69745359
540530,错那县,Tibet,西藏自治区,35147.1926431669,0,0,1.09780889431788,1312.70844436435,2592.53476944359,0.161015699825868,-1183362.15265866,2983263.06959771
540531,浪卡子县,Tibet,西藏自治区,7965.14724505942,1710.70212790471,0.214773446776619,0.00243144886152857,297.318319544466,4799.69003144757,0.232062392218978,-1385338.54690846,3132824.38964579
540602,色尼区,Tibet,西藏自治区,16191.7990077001,3889.50426108233,0.240214460371739,-0.22320392693913,470.33319955997,4812.90229151838,0.232307624674733,-1215131.05452131,3391196.6835447
540621,嘉黎县,Tibet,西藏自治区,13062.7561171144,0,0,-0.279663020616323,589.778034654392,4919.10300898156,0.242227087054081,-1136323.05578619,3315347.7860975
540622,比如县,Tibet,西藏自治区,11682.3220201286,0,0,-0.382255524923447,633.457157454004,4997.88110595155,0.238580433421531,-1076260.57787451,3396082.68490852
540623,聂荣县,Tibet,西藏自治区,8989.34528905084,0,0,-0.452917372856642,495.176810553509,4980.26971277111,0.256341949069395,-1144703.40208303,3495358.12478304
540624,安多县,Tibet,西藏自治区,43529.7088350436,21146.0279426964,0.485783813138506,-0.481005179699644,353.430525514795,4967.08609101418,0.268080596848901,-1318411.14680439,3643425.64523531
540625,申扎县,Tibet,西藏自治区,25649.5421839958,10250.4058633783,0.399633092467987,-0.0837381768472785,341.585217129641,4965.89517974697,0.312505405150238,-1525897.04358823,3412266.7943634
540626,索县,Tibet,西藏自治区,5858.45112110647,0,0,-0.185693112551908,649.861778473938,4729.69557062446,0.250055192104595,-997906.075862129,3403529.83549458
540627,班戈县,Tibet,西藏自治区,28426.4060217182,4840.15347255481,0.170269624266144,-0.112746090038718,402.466925163998,4837.74012815262,0.234735599683507,-1393542.45355648,3412061.51937631
540628,巴青县,Tibet,西藏自治区,9823.82644255095,0,0,-0.29693134238252,594.477688815624,4776.63315144543,0.25032532814684,-1016731.65476251,3474625.72358938
540629,尼玛县,Tibet,西藏自治区,73306.3834913352,33196.9564696182,0.452852192245196,-0.241501105211032,164.805037192195,4957.75718853984,0.319148953825105,-1690846.9307816,3605469.40338021
540630,双湖县,Tibet,西藏自治区,116452.118026349,99970.1205092281,0.858465455189131,-0.493086157809804,234.066651531328,5006.97224645684,0.288154602329081,-1511567.83404747,3756756.4532931
542521,普兰县,Tibet,西藏自治区,13188.1757986924,0,0,-0.238732507917512,449.960655480677,4997.94846913093,0.266542919480803,-2200936.75540024,3504260.21826698
542522,札达县,Tibet,西藏自治区,24622.6343838369,0,0,-0.203678443130832,482.782505818673,4722.180326566,0.317165867370347,-2355540.52473334,3648752.08578229
542523,噶尔县,Tibet,西藏自治区,18037.4792550394,0,0,-0.365098914861201,214.093906135789,5019.81045235705,0.332391861778209,-2271996.89749682,3681305.25922008
542524,日土县,Tibet,西藏自治区,77095.4411035999,39654.5221192042,0.51435625182969,-0.61486405732419,55.8616520979311,5168.91879587294,0.421911857091518,-2184926.88478211,3887045.78072893
542525,革吉县,Tibet,西藏自治区,45705.3110432731,8812.37747809543,0.192808609698597,-0.303051247323926,128.552507824309,5013.43510291973,0.338703947804305,-2117510.64530096,3646696.57873183
542526,改则县,Tibet,西藏自治区,135591.614765437,104333.00217304,0.769465002341979,-0.490407340603278,77.9837644978329,5057.10072374515,0.371356835829111,-1872944.48931436,3796142.84547223
542527,措勤县,Tibet,西藏自治区,22892.8763600017,0,0,-0.245387013464882,147.077285731226,5228.18123047434,0.318302674502404,-1858403.65640091,3440625.13473548
610102,新城区,Shaanxi,陕西省,29.9210467607529,0,0,1.29935433420973,618.665613831444,444.36342310198,0.392127816939581,360683.825545349,3660003.40319904
610103,碑林区,Shaanxi,陕西省,22.9874164455616,0,0,1.20698638804302,645.916396053629,695.72138449467,0.392127816939581,357928.928638773,3657058.43539109
610104,莲湖区,Shaanxi,陕西省,38.4051165945212,0,0,1.30162760744428,617.994943145161,438.177236771779,0.392127816939581,352580.133541194,3659520.73449149
610111,灞桥区,Shaanxi,陕西省,325.068494881837,0,0,1.25692650571107,631.300695577271,576.478882292553,0.385980072577788,369793.51768456,3663915.92615755
610112,未央区,Shaanxi,陕西省,263.257275905138,0,0,1.30484853419605,617.044691709368,429.41223099089,0.392127816939581,353272.000999892,3667606.64832335
610113,雁塔区,Shaanxi,陕西省,152.33222528732,0,0,1.08466151228705,682.005198370019,1028.60018795033,0.392127816939581,355624.034745706,3652891.27908844
610114,阎良区,Shaanxi,陕西省,242.208744200296,0,0,1.31314267693382,600.267486426066,500.892042715286,0.373324925601634,386447.749880874,3704734.36693248
610115,临潼区,Shaanxi,陕西省,918.496460185587,0,0,1.30716528525702,608.52713215448,522.201546300726,0.357242804790981,386532.740925368,3681967.834999
610116,长安区,Shaanxi,陕西省,1591.96347196623,72.6271596637337,0.0456211219306633,1.09083409130159,682.166151962416,1022.42437670779,0.387825047022403,356565.744033608,3633146.40516967
610117,高陵区,Shaanxi,陕西省,287.445112050673,0,0,1.3051228312608,616.519425629588,434.28631807453,0.39014916661058,366252.835652362,3686753.52520471
610118,鄠邑区,Shaanxi,陕西省,1281.03949899679,0,0,1.13105666593466,681.071028168456,885.27945852415,0.392486951320313,325042.6212242,3627629.60881831
610122,蓝田县,Shaanxi,陕西省,2005.87865085708,0.697977543501175,0.000347965986478265,1.16572126447118,673.511826531632,908.876451536653,0.356178514963647,399984.804879993,3641544.01651804
610124,周至县,Shaanxi,陕西省,2944.75542701249,693.921594023852,0.235646596541923,1.03100488533671,713.036985163821,1103.80019518488,0.406992213905903,282370.660707587,3620723.94179015
610202,王益区,Shaanxi,陕西省,154.582009048385,0,0,1.14679265558116,610.212681473456,832.085011566293,0.416618302824369,363850.866844277,3747916.73090379
610203,印台区,Shaanxi,陕西省,607.469013973757,0,0,1.08025782663127,578.069539238826,936.67462596079,0.4258521633537,372062.032885986,3760507.80826038
610204,耀州区,Shaanxi,陕西省,1611.13647835801,0,0,1.0815671588978,603.777611949137,960.305222379053,0.419947592888766,343152.884788945,3747415.36309532
610222,宜君县,Shaanxi,陕西省,1512.71679905786,0,0,0.973674246182153,567.230884157162,1143.54570790351,0.432555627801586,373944.905080863,3785249.17048216
610302,渭滨区,Shaanxi,陕西省,844.124204473148,0,0,0.961556625158986,700.181236797021,1405.29334922715,0.407368231263608,190578.055670996,3656024.8881479
610303,金台区,Shaanxi,陕西省,309.803450022155,0,0,1.18390189671049,664.346317060342,911.836143701586,0.381112675764219,188370.72360122,3673061.51747519
610304,陈仓区,Shaanxi,陕西省,2469.51838906041,1.00262099875522,0.000405998596000206,1.01118443946609,665.351018584335,1309.00888381835,0.391623629051576,176988.170234338,3675126.12156343
610322,凤翔县,Shaanxi,陕西省,1232.59036857506,0,0,1.18517257546159,662.870868166663,859.270795495449,0.399990846180852,218571.701626244,3689152.57827334
610323,岐山县,Shaanxi,陕西省,854.706673456081,0,0,1.09832249319707,678.998284385382,980.287645033215,0.437538441457918,241935.360510142,3671092.03296735
610324,扶风县,Shaanxi,陕西省,703.155537413444,0,0,1.14255320251822,671.944003487082,880.340649522178,0.437285616323623,262825.761469756,3672466.85445614
610326,眉县,Shaanxi,陕西省,857.769302030635,51.5143472205501,0.0600561795562022,0.715284044442397,738.463947596046,1841.75444919914,0.437523378693855,255736.835618124,3641975.30965414
610327,陇县,Shaanxi,陕西省,2279.26554536711,64.1148697775984,0.0281296182921379,0.912497162521961,609.879723669155,1433.606823372,0.382987708381065,158364.906537123,3721740.40975187
610328,千阳县,Shaanxi,陕西省,996.97040814594,0,0,1.04314249782346,631.055342718229,1099.51718044517,0.381016682008863,194863.544815595,3710148.42040276
610329,麟游县,Shaanxi,陕西省,1711.03878219461,0,0,1.02641000467157,629.046791942577,1068.02908129671,0.402613761490366,242754.733234317,3713306.06104892
610330,凤县,Shaanxi,陕西省,3150.38263674934,161.738507416208,0.051339321620657,0.856789272219655,732.994940219264,1734.76392829401,0.4282261803295,159252.874853431,3621921.21614629
610331,太白县,Shaanxi,陕西省,2717.38220379216,693.959426563603,0.25537792423722,0.73772509219422,759.51961146141,1878.69462768699,0.418932388698739,218797.70148443,3617352.68419562
610402,秦都区,Shaanxi,陕西省,259.664751959745,0,0,1.29901303642036,618.027574746859,443.617499496054,0.392056767560453,331180.130895029,3668357.63108369
610403,杨陵区,Shaanxi,陕西省,133.498504874854,0,0,1.13244515301217,665.025235526575,858.13510460847,0.41211241074316,274893.357674055,3657342.67511848
610404,渭城区,Shaanxi,陕西省,267.626066909809,0,0,1.30500001907349,617,429,0.392127816939581,342289.988152571,3675706.07442291
610422,三原县,Shaanxi,陕西省,577.518655301149,0,0,1.24070420654668,615.231890269258,604.653982558612,0.40412598005471,357153.629738267,3707844.48349426
610423,泾阳县,Shaanxi,陕西省,777.705023084259,0,0,1.27876293318479,616.748320494628,492.515996088356,0.395251172400895,339548.327941422,3696475.32857658
610424,乾县,Shaanxi,陕西省,999.255701545202,0,0,1.22877631756379,624.206920219059,602.819074840217,0.392931340662625,290232.822884544,3685546.60111113
610425,礼泉县,Shaanxi,陕西省,1012.00536636651,0,0,1.20136584717729,620.425135687316,657.73787175572,0.395722200742171,312743.848700753,3694145.53842474
610426,永寿县,Shaanxi,陕西省,887.365890286741,0,0,1.05747217852898,619.478612225821,976.058723483466,0.409815831089266,281002.247522875,3713446.95752636
610428,长武县,Shaanxi,陕西省,568.467366109651,0,0,0.964864579732134,599.157353519689,1162.40519071978,0.393518195309414,252714.432589592,3756886.53349306
610429,旬邑县,Shaanxi,陕西省,1769.44100939947,0,0,0.918609790917859,593.369569936618,1274.25703041859,0.412925591476911,311294.570713573,3764033.2886218
610430,淳化县,Shaanxi,陕西省,983.645518136295,0,0,1.07147352599778,613.33665382775,958.667197847269,0.415760902406342,319606.199915266,3725191.23658859
610431,武功县,Shaanxi,陕西省,392.681947550754,0,0,1.23134148164939,634.291549564745,597.757567058106,0.39160691473423,287525.195171341,3661601.90984084
610481,兴平市,Shaanxi,陕西省,507.674183234374,0,0,1.23533101617387,633.353998910592,587.644174131547,0.390808224748808,313367.312654581,3661558.88762543
610482,彬州市,Shaanxi,陕西省,1181.61465668983,0,0,0.973997240179458,608.749675654095,1150.76101911991,0.401225251926194,273963.66235704,3744107.80494524
610502,临渭区,Shaanxi,陕西省,1261.33480306717,0,0,1.31227763492928,600.650055867657,505.718530571655,0.372031481068827,410463.059744,3693316.80203319
610503,华州区,Shaanxi,陕西省,1129.11520675096,408.143289245002,0.361471784991222,0.959800686876573,659.029809004416,1331.08962717409,0.360305427134087,433265.916783213,3678175.79278368
610522,潼关县,Shaanxi,陕西省,428.928298024058,320.745850046855,0.74778430689799,0.818775124815438,703.360416063734,1673.35722690632,0.372561673720845,476111.069008255,3691976.9523836
610523,大荔县,Shaanxi,陕西省,1694.55918323124,239.305495383243,0.141219910022221,1.3379509183821,567.931762924838,461.476768505631,0.432835417884517,449275.303452494,3722797.90372983
610524,合阳县,Shaanxi,陕西省,1286.41469501204,115.595741568283,0.089858847241481,1.21977278339761,556.262623560117,727.144714971706,0.437737795726583,462821.063278398,3769715.14315635
610525,澄城县,Shaanxi,陕西省,1122.17254168175,0,0,1.21250930097153,557.85317656844,737.824674713589,0.437825879425658,437012.568433949,3770028.8647704
610526,蒲城县,Shaanxi,陕西省,1583.0423945098,0,0,1.3221000444737,575.496466188227,456.780981222931,0.420553895660377,413956.989665747,3740127.71775814
610527,白水县,Shaanxi,陕西省,983.331121013815,0,0,1.15772917692814,556.420287381258,746.853668239004,0.431291344734454,407229.989452161,3774243.83349774
610528,富平县,Shaanxi,陕西省,1247.00610399567,0,0,1.28048672237588,592.944097089368,543.686412171928,0.413773544756085,379195.852340326,3728772.43223286
610581,韩城市,Shaanxi,陕西省,1569.29763161344,489.62493739327,0.312002597550519,1.15364547265866,534.719068523419,811.962775317235,0.419970808872416,478975.799537256,3812874.0703372
610582,华阴市,Shaanxi,陕西省,676.367972242634,434.144241120895,0.641875811596168,0.875240050059566,671.073399880383,1526.43326016852,0.362261207711319,454566.422684128,3692592.64475178
610602,宝塔区,Shaanxi,陕西省,3536.02255442067,0,0,0.971323860223562,513.643333503493,1095.57103063015,0.382370637304697,407340.186085596,3921519.43888248
610603,安塞区,Shaanxi,陕西省,2960.25011661764,0,0,0.883204527924976,470.245901861887,1299.13889661042,0.418185106990075,363713.275495848,3959475.78015621
610621,延长县,Shaanxi,陕西省,2363.65032448705,0,0,0.982901469982547,496.697471562087,1069.99543313063,0.403016047989959,450393.309157613,3920071.16705494
610622,延川县,Shaanxi,陕西省,1982.79638450399,0,0,0.973939628470899,484.212832574908,1054.24251083035,0.405700772158852,443762.642909824,3958061.48215451
610625,志丹县,Shaanxi,陕西省,3788.62922788671,0,0,0.852958399075617,465.220135325814,1367.71011581506,0.423512296593709,320017.701633305,3938052.12436306
610626,吴起县,Shaanxi,陕西省,3787.96982117405,0,0,0.786728859593941,433.931652176967,1523.34791387393,0.449633376263346,272390.153054065,3962563.81472732
610627,甘泉县,Shaanxi,陕西省,2267.7153489881,0,0,0.845340704765492,499.492333157976,1372.77392696409,0.37376980280832,367473.40887018,3894740.08657603
610628,富县,Shaanxi,陕西省,4188.52143823917,399.135671078777,0.0952927368199342,0.854085808068874,519.03339056572,1367.70811032394,0.391541716490588,356970.133884336,3856771.75622242
610629,洛川县,Shaanxi,陕西省,1790.13745353522,0,0,1.00182777001497,540.425079644157,1066.29568806588,0.416850651167063,403941.620106936,3827464.56945678
610630,宜川县,Shaanxi,陕西省,2939.3147252242,0.468600853006875,0.000159425205128768,0.962825176079586,516.607907425442,1129.93159479664,0.355206724468677,457886.459902934,3867028.79322955
610631,黄龙县,Shaanxi,陕西省,2750.94707587969,1.33944500972076,0.000486903227424847,0.913393326727769,536.688176544229,1259.64796921458,0.376404423754175,438163.060614893,3824315.81054741
610632,黄陵县,Shaanxi,陕西省,2287.96657995656,1.29592842740543,0.00056641055807294,0.865403722911721,546.367765730065,1366.74094862672,0.41925729689788,350548.804094765,3812031.06151706
610681,子长市,Shaanxi,陕西省,2396.12892154064,0,0,0.92818216961533,465.9245836952,1161.52449098134,0.407832914154,401503.174307307,3995511.91909762
610702,汉台区,Shaanxi,陕西省,544.253636181938,0,0,1.45075487348403,829.761932507882,523.454274230763,0.173629346580363,186615.378864679,3531628.20119443
610703,南郑区,Shaanxi,陕西省,2807.76764121442,2.402968741325,0.000855828917625702,1.07974138610359,912.49295914728,1425.32992913189,0.255391904537128,180715.366500517,3489209.29449251
610722,城固县,Shaanxi,陕西省,2217.93166109148,44.8086067479065,0.0202028797974124,1.16245479329388,845.920045812214,1128.68805607453,0.256649330011592,206218.371453357,3536054.76456337
610723,洋县,Shaanxi,陕西省,3193.49105461556,672.584644309135,0.210611093880174,1.1411352866445,825.734381162846,1091.53596785758,0.372349846904253,238300.018502321,3553535.34677074
610724,西乡县,Shaanxi,陕西省,3229.44796280715,351.915931973382,0.108970925070266,1.06674028049004,915.936932249534,1339.69637559582,0.279983900544813,252197.185464295,3500089.31001388
610725,勉县,Shaanxi,陕西省,2389.93834640898,0,0,1.25149221315825,818.994350875891,1043.63431589117,0.247905060777792,151508.810634452,3537308.08454375
610726,宁强县,Shaanxi,陕西省,3256.58005035675,95.9050736662651,0.0294496288079143,1.28410114889127,830.595429982589,1125.41665402592,0.260316243899136,104094.448462448,3499405.544254
610727,略阳县,Shaanxi,陕西省,2825.59411655532,39.8355850990994,0.014098127139245,1.28104479220114,760.189866686066,1066.09870016896,0.398108184233284,105339.738516723,3552561.96823379
610728,镇巴县,Shaanxi,陕西省,3407.0079738357,1.06382158205863,0.000312245110733025,1.13967497379424,994.723415329524,1314.62221733365,0.216464589484914,265616.853844129,3457934.55464832
610729,留坝县,Shaanxi,陕西省,1949.46291474735,142.036667819334,0.072859384369331,0.79658263055499,805.974385445392,1868.62099305314,0.361230419351182,177970.154525425,3579438.65793618
610730,佛坪县,Shaanxi,陕西省,1270.72617762097,430.417239937557,0.338717536096861,0.876681264433475,818.242109265611,1588.52389963435,0.406916292846501,266418.797830458,3574316.02417571
610802,榆阳区,Shaanxi,陕西省,6800.65315946221,0,0,0.824215142673786,392.35752907737,1158.61241740713,0.413180750960062,397872.669125949,4126475.89397839
610803,横山区,Shaanxi,陕西省,4310.2181918258,0,0,0.902259108082577,409.439142814956,1118.23253955261,0.409052142337592,384441.137211703,4065334.52366925
610822,府谷县,Shaanxi,陕西省,3205.91984898097,0,0,0.719901564657787,424.129051297132,1182.95021710488,0.368606154044676,496773.480573596,4221788.33928277
610824,靖边县,Shaanxi,陕西省,4938.86026848406,0,0,0.839941023351085,415.257410247284,1347.42682830661,0.425645582047452,329845.461156356,4021210.18591508
610825,定边县,Shaanxi,陕西省,6825.12371633243,11.4379461246,0.00167585916387554,0.813474704492519,374.993595340658,1449.53866463282,0.452205915811101,238562.897589682,4006750.33584222
610826,绥德县,Shaanxi,陕西省,1852.7589553048,0,0,0.982571686158372,472.042195189438,890.76031117719,0.400809387672987,467166.72114627,4031522.98428065
610827,米脂县,Shaanxi,陕西省,1166.73670613464,0,0,0.87615505973345,458.943869781894,1095.72647663971,0.39826437843025,447054.712318721,4065295.54706393
610828,佳县,Shaanxi,陕西省,2041.2806468443,0,0,0.85838141057419,449.792604427677,1091.54728160997,0.399570957416966,461758.27543259,4094430.79718706
610829,吴堡县,Shaanxi,陕西省,419.356004019554,0,0,1.0304666519165,476,781,0.406324098270336,492176.341556563,4041599.85102226
610830,清涧县,Shaanxi,陕西省,1854.44661456941,0,0,0.968200517339804,482.703087440267,998.400750389088,0.398491747272563,459761.84120314,3993409.92907572
610831,子洲县,Shaanxi,陕西省,2027.56514192251,0,0,0.947641536429316,455.217208589186,1024.58046779597,0.401271886431247,422020.766865686,4030688.39323446
610881,神木市,Shaanxi,陕西省,7444.31623713228,0,0,0.763370290329185,411.649032469514,1181.66606328192,0.395088463188068,453960.9266155,4178614.9168453
610902,汉滨区,Shaanxi,陕西省,3645.940609852,0,0,1.27826315241498,922.771186454538,902.547096012015,0.333912239112198,358075.65585579,3494879.91108596
610921,汉阴县,Shaanxi,陕西省,1364.28765391911,0,0,1.28405794300584,904.324873648362,855.424144331949,0.338956150172579,320745.696265751,3503266.73509594
610922,石泉县,Shaanxi,陕西省,1516.3432897319,0,0,1.27318166285786,858.862187763139,794.073415992048,0.241337024488154,297416.114945618,3520698.94888942
610923,宁陕县,Shaanxi,陕西省,3662.00125882835,500.152885656462,0.136579113524522,1.02068463790677,793.664968033289,1224.39124309509,0.357082537128826,314104.675115829,3574463.2435868
610924,紫阳县,Shaanxi,陕西省,2240.46163576039,11.297101946198,0.00504230992661649,1.3410103907536,996.67944755619,886.950121734622,0.266318803944484,317760.568506123,3452051.83675579
610925,岚皋县,Shaanxi,陕西省,1957.64026564955,35.713585775403,0.0182431810389602,1.20731188409063,1050.52861538413,1197.7515719528,0.235902895751587,359281.069011647,3430729.17097668
610926,平利县,Shaanxi,陕西省,2649.20515983807,51.9970455678683,0.0196274136696331,1.23397285919289,1048.10022356527,1092.00445173853,0.313694485039173,394894.535207415,3437065.18741421
610927,镇坪县,Shaanxi,陕西省,1501.80723605216,246.473373720053,0.164117849350602,0.969111791556358,1156.07380645783,1670.79422197529,0.22364468357669,413937.774133149,3398340.52251977
610928,旬阳县,Shaanxi,陕西省,3539.91032856526,0,0,1.29700536868136,898.270778861167,841.237494431654,0.306609640165259,406078.128086638,3506536.18660769
610929,白河县,Shaanxi,陕西省,1454.22897685067,0,0,1.38919771055107,948.945280075223,757.91698219099,0.337526081237963,452459.181859878,3489452.15413432
611002,商州区,Shaanxi,陕西省,2645.91356832852,652.974076731794,0.246785868044924,1.22076802234401,720.939210388683,920.377321488204,0.374817710674307,441875.938596672,3620310.58202334
611021,洛南县,Shaanxi,陕西省,2832.0850027453,2430.17011473427,0.858085160713245,1.0877440621596,703.904882368367,1180.86688924809,0.388393746477214,476529.427051386,3652650.89305691
611022,丹凤县,Shaanxi,陕西省,2408.16495241077,1135.49063848917,0.471516968699527,1.33575922232599,759.445769272347,865.864679217742,0.411913245038125,494881.230227833,3599280.25454159
611023,商南县,Shaanxi,陕西省,2312.44037686966,1.39646369094592,0.000603891760805658,1.47630336174641,798.810119099726,584.440790211027,0.393365421058739,525983.295958821,3570188.91241771
611024,山阳县,Shaanxi,陕西省,3531.23917709217,89.1404149306528,0.0252433807114862,1.30517850771077,799.936144674171,865.557680589751,0.382846650537452,454300.17232373,3568100.1600609
611025,镇安县,Shaanxi,陕西省,3486.51997431965,0.739530750522531,0.000212111433741848,1.12650094821539,807.446682099593,1074.25635513648,0.344353306582379,372022.139934351,3559123.97294177
611026,柞水县,Shaanxi,陕西省,2367.88851885767,86.6685921829383,0.036601635377982,1.16316447043495,741.016669912879,961.274495056183,0.352094801275155,388917.908073436,3595321.71843737
620102,城关区,Gansu,甘肃省,208.378040133173,0,0,0.675546665459602,368.320008713073,2062.36671749293,0.141848711518516,-99575.3287486316,3856762.08615748
620103,七里河区,Gansu,甘肃省,394.361207224788,0.472665743311171,0.00119856044319732,0.507916387768083,420.935369583876,2369.28965590594,0.16004572635285,-109066.09881927,3844603.38918932
620104,西固区,Gansu,甘肃省,358.122118842129,0,0,0.795696618614174,361.020971336807,1910.240366549,0.159684566587395,-130783.316505434,3863116.44002031
620105,安宁区,Gansu,甘肃省,82.623533567257,0,0,0.83911957292624,317.159280808003,1763.27772038319,0.124275067424082,-116289.222546339,3862662.36250169
620111,红古区,Gansu,甘肃省,532.01064076782,0,0,0.80346695725614,361.376234268718,1917.01974829949,0.168670997963999,-166861.878639827,3880786.92382842
620121,永登县,Gansu,甘肃省,5616.61232322827,271.015498542013,0.0482524844061591,0.645518459987212,332.239041370019,2095.68838936815,0.176117832342187,-152420.096691164,3917132.46427734
620122,皋兰县,Gansu,甘肃省,2473.59971581936,0,0,0.769581214381716,305.919539043328,1874.26826953268,0.131442891364552,-98861.8911909104,3892313.0090397
620123,榆中县,Gansu,甘肃省,3295.08721439344,301.842130167064,0.0916036846759538,0.599670605988172,372.181606486135,2165.76766510627,0.174676056720391,-68206.8658177379,3847234.53754952
620200,嘉峪关市,Gansu,甘肃省,1229.52553212275,0,0,0.556435126175412,119.366508854428,1832.96245734768,0.396958766684892,-571064.104733013,4300087.67738922
620302,金川区,Gansu,甘肃省,3057.36001190705,0,0,0.58717943082165,179.728679968378,1714.23280875609,0.25463401766138,-242991.542944103,4150287.14646554
620321,永昌县,Gansu,甘肃省,4508.23104666005,643.159363785301,0.142663354457352,0.297420570770212,299.196923524248,2390.51645087582,0.216370147866407,-260157.682204609,4110378.04577639
620402,白银区,Gansu,甘肃省,1350.37739909657,0,0,0.690747068781586,274.808518551495,1986.77620578964,0.151680353244105,-74078.4645149578,3910827.18530713
620403,平川区,Gansu,甘肃省,1992.98727548033,0,0,0.714095744968032,266.626575973555,1912.48269629367,0.150277984355222,-7560.00717421926,3928520.26654056
620421,靖远县,Gansu,甘肃省,5612.29813166902,0,0,0.768528205588352,247.833882053267,1792.1642394681,0.16758320996052,-24299.9182875831,3930412.46689525
620422,会宁县,Gansu,甘肃省,5655.09543409566,0,0,0.705114858025868,374.769702824056,1865.69685212702,0.209311410361678,8186.6752447094,3842859.66283086
620423,景泰县,Gansu,甘肃省,5484.27187287624,1410.63670919295,0.257214948837527,0.739332366095986,219.541536262536,1799.21103872369,0.191397454357227,-83039.8137411514,3976837.65138435
620502,秦州区,Gansu,甘肃省,2373.11339886064,28.0309137615052,0.0118118728649728,0.876832161773901,636.072814484926,1648.86932752133,0.414944748448474,56390.0524355011,3666812.1001172
620503,麦积区,Gansu,甘肃省,3484.72396579106,0.0305901058819572,8.77834404740664e-06,1.01548957237773,639.73113661794,1386.1585659211,0.406889065623304,102310.511347486,3669565.90804459
620521,清水县,Gansu,甘肃省,1982.67955080044,0,0,0.940606278489812,605.772267773875,1484.13857721926,0.396348974324814,101411.256837853,3705925.88291238
620522,秦安县,Gansu,甘肃省,1604.16519294729,0,0,0.867018236349573,574.84059185299,1523.90841730145,0.418474414932827,61567.0889857898,3729255.17273581
620523,甘谷县,Gansu,甘肃省,1580.88005313596,0,0,0.742092421743175,579.430216165996,1759.3360375782,0.359542566693146,23672.3540680493,3712658.19158328
620524,武山县,Gansu,甘肃省,1997.28495085034,3.44322426513086,0.00172395244036907,0.593678271875159,588.28757309114,2066.81049198714,0.282463047010676,-11083.1678224668,3698133.19910077
620525,张家川回族自治县,Gansu,甘肃省,1253.94032379766,1.12631166433765,0.00089821791592643,0.818414925118796,590.563437530539,1658.39454826727,0.393232475212252,114106.312304855,3734104.21503251
620602,凉州区,Gansu,甘肃省,4907.97170647598,2379.25235180908,0.484773037438195,0.572115579185134,225.853347223451,1945.24001134033,0.250805017067312,-193277.679380158,4066039.77604325
620621,民勤县,Gansu,甘肃省,15840.5874578282,12063.0876296009,0.761530319611944,0.826044425062118,122.265323407228,1363.52374493729,0.333742333648077,-154952.11903917,4169001.93227196
620622,古浪县,Gansu,甘肃省,5045.39036130021,3572.72144732943,0.708115961598011,0.552761676117275,246.838521424647,2114.76642206646,0.232918573737814,-144800.900927317,4021544.89747339
620623,天祝藏族自治县,Gansu,甘肃省,6789.82894648102,2930.10323389417,0.431543011906473,-0.0897804601720956,426.629502354003,3261.87914233294,0.229875384047871,-194698.236654426,3991247.76838694
620702,甘州区,Gansu,甘肃省,3661.60996414524,210.957082091531,0.0576132040706789,0.589195278845579,218.968412448719,1725.40701309199,0.190199501110309,-382478.324122394,4195694.04570247
620721,肃南裕固族自治县,Gansu,甘肃省,20180.4985303045,10537.7931422409,0.522177047629254,-0.116079958477857,313.652624004345,3187.94144575806,0.29756976228992,-488551.932430766,4195356.23928947
620722,民乐县,Gansu,甘肃省,2231.2370060942,342.26967656226,0.153399067704334,0.234869638919042,335.047050391266,2500.89819621876,0.0866684609686915,-363914.50906299,4139023.20837281
620723,临泽县,Gansu,甘肃省,2729.65953395163,68.882535261864,0.0252348450072618,0.717122778161273,167.08236855794,1423.79716673796,0.355643200464125,-408514.017543136,4235668.89268728
620724,高台县,Gansu,甘肃省,4345.50737184564,318.516496557685,0.0732978842980085,0.594295653874341,157.264319444968,1505.0679853716,0.364900839881934,-456650.833044567,4260148.65205423
620725,山丹县,Gansu,甘肃省,5433.37727273482,1420.01438320847,0.261350226926856,0.194359766316126,342.271702224381,2657.67426225797,0.111908772329679,-327421.065764255,4130766.96275502
620802,崆峒区,Gansu,甘肃省,1931.61210683319,178.591237596608,0.0924570916514924,0.742210008891964,548.585342806669,1760.12109114022,0.388094980766774,154802.871094236,3793884.90659111
620821,泾川县,Gansu,甘肃省,1459.0856801411,0,0,0.960208619368074,571.286640994452,1208.26531069379,0.389436273421177,217015.078958328,3776868.64912235
620822,灵台县,Gansu,甘肃省,1976.85065809115,0,0,0.953099135329388,606.214764553915,1214.96721798499,0.38500271551816,214826.67034939,3745234.75500325
620823,崇信县,Gansu,甘肃省,847.764378895077,0,0,0.880337626106555,573.456124220177,1429.17213812695,0.385522324606537,178141.026228911,3764289.74470133
620825,庄浪县,Gansu,甘肃省,1513.86264266505,1.62359923932024,0.00107248781597649,0.688615301847919,556.363975059049,1890.87858985355,0.42097556949636,94213.4219307241,3763583.5952369
620826,静宁县,Gansu,甘肃省,2190.06311798158,0,0,0.697253313349633,503.636882777044,1822.17112017429,0.425389720777973,59478.905995746,3783507.3635011
620881,华亭市,Gansu,甘肃省,1200.7388774468,3.34370778596693,0.00278470852303611,0.774571123763978,576.83626883979,1715.73036060696,0.386456441535886,142646.733076437,3758374.34038622
620902,肃州区,Gansu,甘肃省,3349.00302802581,0.832816885925791,0.000248676062385266,0.516390387935234,144.719903539843,1694.5209911022,0.386666495797676,-523725.448993233,4271419.08497772
620921,金塔县,Gansu,甘肃省,16249.1730181148,0,0,0.772078870994444,84.3281038558807,1315.602577713,0.41876966164372,-486600.406835097,4356157.44681768
620922,瓜州县,Gansu,甘肃省,23573.1604873747,5846.14454910573,0.248000031741047,0.71462790203451,61.5182244984816,1582.05786657705,0.359419126931464,-766298.292114592,4417422.61343221
620923,肃北蒙古族自治县,Gansu,甘肃省,55257.6367785926,13484.231624853,0.244024761299182,0.222372830753745,115.530390597022,2539.88202793348,0.360096366867163,-704331.088632256,4402001.45142716
620924,阿克塞哈萨克族自治县,Gansu,甘肃省,29199.2269077356,3948.92502580984,0.135240739019829,-0.0131108025578168,91.5269329221287,3280.91442603904,0.228209571288616,-897144.961304557,4237758.82176332
620981,玉门市,Gansu,甘肃省,13309.3761763942,6.66278520649497,0.000500608376996078,0.632414901012856,89.168717361638,1699.35228286004,0.390812045964012,-630659.945276893,4350539.85823103
620982,敦煌市,Gansu,甘肃省,26717.9150528566,8207.76841406544,0.307200932326787,0.886182378152043,35.6177220935446,1322.60042924326,0.317923157985347,-907163.555855664,4390360.9955742
621002,西峰区,Gansu,甘肃省,1001.14959273165,0,0,0.928506025258033,554.336590850777,1258.24868324445,0.394696436095536,236605.113683988,3813564.741359
621021,庆城县,Gansu,甘肃省,2690.0253657565,0,0,0.896091968205212,513.615459426931,1352.08800047698,0.418045300320554,236356.35777958,3855568.77928152
621022,环县,Gansu,甘肃省,9213.36323312939,0,0,0.808657164367557,419.642108460917,1570.96046032122,0.412029630190302,181103.145742724,3918369.40219733
621023,华池县,Gansu,甘肃省,3792.10131323377,0,0,0.846153287689223,478.450774132155,1414.85020534208,0.437832847444149,265898.17079177,3901351.50139425
621024,合水县,Gansu,甘肃省,2935.75938344711,0.522253743813815,0.000177893919630632,0.853102175683515,522.397212788498,1375.17332292618,0.414164997114838,291908.183189002,3852843.00040184
621025,正宁县,Gansu,甘肃省,1333.06637842972,0,0,0.89685942168259,585.376600131382,1331.08304789469,0.396650809832074,300197.027250891,3785662.41134504
621026,宁县,Gansu,甘肃省,2652.42739062842,0.333146549927556,0.000125600629485517,0.903225686202165,565.612674122623,1290.28070322006,0.412080656437046,276299.107472372,3802991.19812661
621027,镇原县,Gansu,甘肃省,3505.87247251434,0,0,0.877873779941568,522.46386016937,1420.72402807399,0.416783862276186,192301.108895212,3825161.48575595
621102,安定区,Gansu,甘肃省,3646.06863943073,0,0,0.572438221097042,435.207294591456,2164.50335220712,0.239942804764385,-33076.3915897606,3806985.22360529
621121,通渭县,Gansu,甘肃省,2909.363542722,0,0,0.642279529008058,520.037813370813,1926.65825821928,0.306793977735416,16429.3489441801,3758333.46442367
621122,陇西县,Gansu,甘肃省,2406.588338389,5.18860243780657,0.00215599916073718,0.56295927796446,522.618960606088,2128.47276908296,0.245076688042947,-33709.3716442603,3746910.37784386
621123,渭源县,Gansu,甘肃省,2053.75078262223,2.45002044751632,0.00119294924595872,0.447451397100499,526.419392710456,2472.88433667489,0.218394866343823,-77223.5308204,3750444.46016482
621124,临洮县,Gansu,甘肃省,2855.56279348762,4.90884325219781,0.00171904580890075,0.623160184010054,455.069058532922,2124.93650755355,0.176611706340106,-97639.5996904242,3794554.76905211
621125,漳县,Gansu,甘肃省,2166.17299338076,64.5709378689904,0.0298087632272685,0.469236449731014,573.69246476079,2452.1792518575,0.175769213911896,-57671.2619200939,3703536.84063027
621126,岷县,Gansu,甘肃省,3574.21439333608,0.10593884774101,2.96397574634938e-05,0.47357641116314,607.71045915149,2540.8329964036,0.21494587785904,-68793.4550680531,3670176.03365892
621202,武都区,Gansu,甘肃省,4653.16070677122,688.522966017082,0.147968877372998,0.96348285307013,677.053974231585,1741.95228423571,0.344695029412853,11442.8139972936,3541579.49274926
621221,成县,Gansu,甘肃省,1678.95821787893,0,0,1.1214652435571,658.771882849847,1405.25858131596,0.392181473459136,61673.2093499842,3593051.28337214
621222,文县,Gansu,甘肃省,5006.37529355828,2004.18234601609,0.40032603001115,0.884347774028515,715.583684097231,2008.71234737681,0.305442161907316,-20700.1995200631,3502687.62042865
621223,宕昌县,Gansu,甘肃省,3316.25642415112,0,0,0.62141558832016,625.26237854907,2292.42704156116,0.368483777438571,-50543.1777940518,3623141.96135709
621224,康县,Gansu,甘肃省,2958.89984737291,66.5763535431093,0.0225003741178397,1.11530892300661,708.067148333683,1462.03838477826,0.400473140128879,57389.1698092855,3540883.16345604
621225,西和县,Gansu,甘肃省,1858.39523129822,0,0,0.875369413414094,651.196832446671,1765.11554611327,0.370480666049953,29885.4978935922,3612220.33734173
621226,礼县,Gansu,甘肃省,4265.87844083529,110.979113630626,0.0260155358784428,0.721391450181399,639.264493959784,1947.84299682688,0.326905419745796,4813.41308790055,3633904.23707825
621227,徽县,Gansu,甘肃省,2700.19767881787,141.528076075071,0.052413968497681,1.09687040236634,686.667927685639,1361.33192382238,0.421744392918992,92349.650135618,3609850.77522066
621228,两当县,Gansu,甘肃省,1407.15312708748,176.208385480929,0.125223319402092,0.962475023477259,721.482394948451,1581.06430948737,0.427981185699487,126090.46161661,3611703.13151964
622901,临夏市,Gansu,甘肃省,88.8823132140343,0,0,0.587798185382598,495.870979471847,2210.04197712506,0.161096474020064,-160850.749471956,3802113.03247891
622921,临夏县,Gansu,甘肃省,1171.43501732885,213.896193750908,0.182593307001051,0.424056355769467,517.414015891217,2642.21987969997,0.186751791013766,-174468.002406082,3794454.08721367
622922,康乐县,Gansu,甘肃省,955.118266408702,191.982420948656,0.201003820888611,0.54811068382692,504.618157739841,2298.59950270906,0.155990984581331,-123531.119439945,3765138.19757797
622923,永靖县,Gansu,甘肃省,1901.64586519234,14.9682706156547,0.0078712187635108,0.76064980782694,408.128687992916,1960.67653129755,0.28705577369686,-157720.514032146,3849499.54957918
622924,广河县,Gansu,甘肃省,534.902576496456,0,0,0.66035458825819,480.523087828046,2044.67507833464,0.13708403322689,-123194.835003466,3788996.23630925
622925,和政县,Gansu,甘肃省,1024.52315035154,423.90290352196,0.413756295674242,0.526558359854344,513.003476127505,2332.8026993111,0.146985020000319,-152921.141637108,3773622.39702841
622926,东乡族自治县,Gansu,甘肃省,1509.91217780346,0,0,0.683253354234787,447.929344485654,2057.70515355697,0.273433112704184,-138407.177814383,3814181.83306047
622927,积石山保安族东乡族撒拉族自治县,Gansu,甘肃省,901.89970702242,17.2163352556659,0.0190889686753584,0.669319497962059,450.900515776403,2185.13304839232,0.205435617574477,-187019.564423616,3817402.40060516
623001,合作市,Gansu,甘肃省,2090.24145906571,47.5552293198214,0.0227510697931891,0.105953907280027,600.084383127689,3347.11687627585,0.250158306043384,-172471.169593338,3734987.23116164
623021,临潭县,Gansu,甘肃省,1521.20326289662,219.311523327359,0.144169769206091,0.321386817307999,589.321643070469,2858.13213772878,0.213451200208345,-123566.982514079,3707139.99324635
623022,卓尼县,Gansu,甘肃省,5121.41502376932,2553.93554272542,0.498677715215852,0.224430491318269,604.78523116557,3088.27513506251,0.298943709195403,-145481.425361836,3691772.88449226
623023,舟曲县,Gansu,甘肃省,3013.78395233178,289.360779783188,0.0960124495849504,0.73289561388371,639.920686638834,2137.64586767555,0.347596664361325,-62043.7903655761,3580228.97960061
623024,迭部县,Gansu,甘肃省,4706.97687502023,2003.11889986497,0.425563786067327,0.426401046602488,641.241964801191,2809.51168387242,0.3662937297203,-130575.308222878,3623375.50842358
623025,玛曲县,Gansu,甘肃省,9631.50319914209,1935.46634277252,0.200951637844539,-0.0298558592087807,689.62801654171,3781.4598344882,0.222254135579795,-303009.822521176,3608461.47121516
623026,碌曲县,Gansu,甘肃省,4343.0095679761,2500.7920315216,0.575820060347462,0.13825688042697,639.4746528348,3419.50071016534,0.292211878533659,-228621.074334735,3668805.06084284
623027,夏河县,Gansu,甘肃省,6267.47770104661,4.38575328992176,0.000699763684709941,0.0979717351441317,595.575847873099,3412.04845032592,0.251625519856899,-224377.562036261,3739752.9874685
630102,城东区,Qinghai,青海省,111.69285483614,0,0,0.386629325612446,421.713684737513,2630.071516236,0.111311966295677,-277544.443298159,3918111.21522508
630103,城中区,Qinghai,青海省,137.962034917301,0,0,0.405920702066188,422.435002060757,2600.27502025226,0.115375559791214,-288270.905457809,3913932.76660438
630104,城西区,Qinghai,青海省,72.1683731869169,0,0,0.407816648483276,422,2596,0.115008792608034,-289392.789115361,3922902.11665016
630105,城北区,Qinghai,青海省,129.620167214932,0,0,0.407816648483276,422,2596,0.115008792608034,-289732.075095491,3929579.02475196
630121,大通回族土族自治县,Qinghai,青海省,3159.61751467896,0,0,0.0674252419626822,480.80435329413,3031.85930777588,0.21493768112328,-308896.130573187,3981110.81426005
630122,湟中区,Qinghai,青海省,2448.28475076495,0,0,0.205849537211692,466.779119690197,3023.87165743945,0.152269072145283,-305267.837962188,3920930.32274885
630123,湟源县,Qinghai,青海省,1504.79056293147,0,0,0.0476152170781755,461.116584982319,3290.51721275149,0.0596021872609477,-336754.41092752,3924993.71078912
630202,乐都区,Qinghai,青海省,2480.19085491893,11.6899845100794,0.00471334070396028,0.276642673629644,438.601892181552,2821.91690720317,0.182143531453825,-226155.796536975,3905615.15859457
630203,平安区,Qinghai,青海省,734.440044128287,0,0,-0.0390022621381592,523.289588093183,3501.15604753817,0.193818876691984,-263800.10572651,3897377.91276388
630222,民和回族土族自治县,Qinghai,青海省,1898.85254477929,11.5782985009255,0.00609752375599618,0.69256451287694,394.479171309519,2106.04154386062,0.176540248139296,-197218.012466756,3865621.8304514
630223,互助土族自治县,Qinghai,青海省,3351.89076758306,2.56256380770788,0.000764512922822856,0.23118781076714,427.289685404125,2802.55058798853,0.154598056715866,-248981.040984872,3946496.65710353
630224,化隆回族自治县,Qinghai,青海省,2708.03298626412,3.10033259123435,0.00114486515007759,0.193236779851011,499.59178853334,3102.25387585119,0.200791827947847,-246512.591143666,3860315.50567781
630225,循化撒拉族自治县,Qinghai,青海省,1815.9306999846,183.335730683341,0.100959651535654,0.474970215623823,478.287309878459,2598.26149957898,0.196231015288989,-224974.871634281,3818761.93257481
632221,门源回族自治县,Qinghai,青海省,6380.94449340745,332.591049967778,0.0521225424091055,-0.253750117972938,490.378046558515,3603.79138095201,0.231676032168146,-283840.315137785,4016819.6548336
632222,祁连县,Qinghai,青海省,13917.4317120804,977.822379340624,0.0702588235796315,-0.345428296229694,402.839355528793,3877.49082194912,0.218379552658176,-452737.469406425,4120931.34348988
632223,海晏县,Qinghai,青海省,4444.44997009587,1026.63441856645,0.230992456991097,-0.0419768362810074,436.451582664733,3358.43085102162,0.144163331492079,-368172.110592721,3977587.69588154
632224,刚察县,Qinghai,青海省,9646.74526560981,1792.49681144865,0.18581363580096,-0.20054482953422,392.672829959707,3654.24669939655,0.240362704279275,-434684.794729739,4024774.25368973
632321,同仁县,Qinghai,青海省,3217.35974321375,0,0,0.0331263018112576,556.75859585638,3483.50617166924,0.329580955910092,-260721.526316306,3786366.99390982
632322,尖扎县,Qinghai,青海省,1554.83782172543,0,0,0.278098885814796,484.731283639477,3017.41859630831,0.201476375854866,-278157.405772102,3841312.09684329
632323,泽库县,Qinghai,青海省,6552.30313099622,0,0,-0.0475546223848017,555.876144574033,3677.48763220869,0.235255691270729,-319202.475064265,3756056.59464012
632324,河南蒙古族自治县,Qinghai,青海省,6702.92035320391,11.0613440631361,0.00165022758443623,-0.0611256160812686,620.490950306608,3754.48642715434,0.23028591378816,-310981.279672552,3684473.81352906
632521,共和县,Qinghai,青海省,16670.0280769454,3125.91231377421,0.187516919548405,0.0609062881167642,351.741679549413,3329.8882583261,0.209747791022621,-436505.339604754,3910964.55331701
632522,同德县,Qinghai,青海省,4693.27561227042,0,0,-0.0781773970516813,499.38879322899,3762.07093561341,0.23515571451207,-394920.01727725,3751805.74125336
632523,贵德县,Qinghai,青海省,3511.64361827909,0,0,0.157837038404307,487.523689530654,3270.66883933648,0.200236645757957,-315650.698854634,3853243.22701988
632524,兴海县,Qinghai,青海省,12184.483570018,0,0,-0.217915242366483,406.540944298094,3955.392311494,0.181010414639581,-468604.597390658,3806440.26678865
632525,贵南县,Qinghai,青海省,6633.82626860715,0,0,0.154624240948901,451.665511099586,3298.1538663898,0.194376689039968,-362645.187559013,3820070.18879599
632621,玛沁县,Qinghai,青海省,13451.958819549,0,0,-0.425938627181335,524.633027938416,4363.32411485223,0.236090380309651,-471597.791926362,3691876.26900948
632622,班玛县,Qinghai,青海省,6402.59594649401,43.6517136537583,0.00681781483925461,-0.204718117853179,704.680413608781,4327.95578245,0.234948499168793,-411703.401897021,3510554.88549161
632623,甘德县,Qinghai,青海省,7129.79237756436,0,0,-0.296085828979654,589.017218489563,4260.62908135583,0.231834144490414,-441422.086513849,3635283.82144545
632624,达日县,Qinghai,青海省,14511.4103218915,37.483513220335,0.00258303723682794,-0.333505163502443,582.024698846955,4434.15750424005,0.248021240234211,-511929.330926439,3577933.15581717
632625,久治县,Qinghai,青海省,8281.75959762795,0.982483091742843,0.000118632167495449,-0.258949895166915,712.702478384918,4249.90397260331,0.22357649387344,-365675.844544012,3571352.54170782
632626,玛多县,Qinghai,青海省,24472.1384994445,37.9675062668645,0.00155145845826781,-0.435908710934026,381.707460034403,4392.84076860967,0.235221793558646,-608199.449738342,3734061.73803492
632701,玉树市,Qinghai,青海省,15416.6042022171,107.493011969884,0.00697254794635162,-0.169705374146379,557.638319268673,4465.79579117646,0.194736586147289,-766454.454355662,3531571.67977335
632722,杂多县,Qinghai,青海省,35539.8740115006,0,0,-0.378629516597773,506.902480380147,4776.17327041,0.242375765205107,-982513.972015222,3569187.14798486
632723,称多县,Qinghai,青海省,14615.808863842,43.8723810629091,0.0030017073616394,-0.366946139177859,478.693583707017,4442.91230115498,0.211548800615336,-724962.969411093,3641518.88740978
632724,治多县,Qinghai,青海省,80662.3427407901,48821.1059514056,0.605252764704505,-0.554908366514455,303.112537582247,4787.70737809764,0.235948319569395,-1107305.24861838,3789781.80666913
632725,囊谦县,Qinghai,青海省,12062.6718515393,0,0,-0.0146571617551438,578.475823644955,4405.2935913741,0.230548845075921,-822874.964413119,3452379.72230977
632726,曲麻莱县,Qinghai,青海省,46627.1604457716,16.0289702035568,0.000343768954624609,-0.418732395013002,320.745961688892,4538.96055576837,0.235666625803553,-872158.518130498,3772440.5111082
632800,自治州直辖,Qinghai,青海省,22089.2994304893,22.4846441817248,0.00101789756857068,0.128868271023078,75.7517884758005,3274.65358631836,0.227411632429736,-875990.036585305,4103206.93786683
632801,格尔木市,Qinghai,青海省,119135.922448501,6667.21661332814,0.0559631089960308,-0.247355003966226,198.359433786493,4193.53573553514,0.232660401069483,-1103161.04636393,3862324.73523005
632802,德令哈市,Qinghai,青海省,27764.9919580406,1673.55429300899,0.0602756988202307,-0.174460381888008,207.845269020859,3881.73159574925,0.241780012782331,-692079.336170837,4069857.55708796
632803,茫崖市,Qinghai,青海省,48691.1959161465,1095.62614596165,0.0225015246667689,0.126280066146427,50.4160317462577,3094.09640963278,0.249636172993715,-1099603.70757663,4165022.77751132
632821,乌兰县,Qinghai,青海省,12252.960083723,886.633992547691,0.0723607998793295,0.190798791481312,204.380774139515,3228.95598294627,0.243477186731108,-595015.971585231,3959585.25932303
632822,都兰县,Qinghai,青海省,45268.9882615159,1279.14121218736,0.0282564568220045,0.0268150374473865,192.908183769478,3634.96672819059,0.228962490665883,-692000.914652886,3895000.65452028
632823,天峻县,Qinghai,青海省,25620.235347761,309.887628821421,0.0120954247537192,-0.403500896699108,320.192979113302,4104.11646912779,0.216837512694636,-563819.317857147,4097854.34623534
640104,兴庆区,Ningxia,宁夏回族自治区,646.149866053299,0.0465441885725323,7.20331164917289e-05,0.838135430554309,215.478979684953,1236.38340002858,0.447920039369074,127517.353393231,4127473.84178524
640105,西夏区,Ningxia,宁夏回族自治区,883.317793654176,288.989605468194,0.327163799421134,0.89080947353936,189.91061746471,1116.45233465269,0.438764061335747,87613.2561272248,4135472.67828915
640106,金凤区,Ningxia,宁夏回族自治区,275.640856281568,0,0,0.891229813429616,190.00607725053,1111.00445665039,0.438531215771511,102150.047946278,4126843.47795562
640121,永宁县,Ningxia,宁夏回族自治区,925.084867530297,103.096089880328,0.111445007370582,0.904521096493193,196.467058780255,1127.98250028147,0.444078999820424,93441.5940504721,4107960.93215379
640122,贺兰县,Ningxia,宁夏回族自治区,1198.74497167141,302.346353124599,0.252219079345157,0.790371184081882,200.381927680013,1329.8008746201,0.440462061580518,106645.33826259,4151726.91669282
640181,灵武市,Ningxia,宁夏回族自治区,3017.02858685299,769.656165024902,0.255104034605028,0.868422481484402,247.837012007053,1296.71887525752,0.445807620723684,133046.704920091,4072519.85641617
640202,大武口区,Ningxia,宁夏回族自治区,946.172645836286,531.19822855672,0.561417866912876,0.657815083830547,194.614926112334,1595.8398793458,0.439074943377941,112725.175916959,4196858.76367959
640205,惠农区,Ningxia,宁夏回族自治区,1072.30832281703,178.750872438902,0.166697272263364,0.786714446400959,179.710387704613,1109.69616866994,0.472252849469524,140094.099046512,4208367.17860944
640221,平罗县,Ningxia,宁夏回族自治区,2065.4321776316,299.268152029618,0.144893720196024,0.729537435025146,201.465991278393,1298.45442838014,0.447870116778225,130192.563970017,4174539.92327076
640302,利通区,Ningxia,宁夏回族自治区,1100.03134889346,0,0,0.908759691589677,233.492623790676,1295.27039744899,0.4494485655121,108475.996749895,4049829.7400308
640303,红寺堡区,Ningxia,宁夏回族自治区,2758.98355665174,103.462717344446,0.0375003022743662,0.840091785022823,274.688364535695,1527.49228247272,0.43661103070807,105607.47554152,4004634.50056168
640323,盐池县,Ningxia,宁夏回族自治区,6551.80553630445,848.064427695045,0.129439804492945,0.838828150177422,310.887990047649,1412.68041178621,0.443056144439559,178231.431061161,4033255.04137236
640324,同心县,Ningxia,宁夏回族自治区,4425.14144202271,221.015518030881,0.0499454132543741,0.813439697562779,313.817207289324,1607.62667416304,0.42567812333954,109605.09751082,3959005.70466405
640381,青铜峡市,Ningxia,宁夏回族自治区,1911.06755077518,165.219524118407,0.0864540471378884,0.903825399607582,213.348379681269,1270.83920662467,0.44762268842776,82046.3962863391,4067474.21587643
640402,原州区,Ningxia,宁夏回族自治区,2759.3210024893,68.2878707228188,0.0247480705076406,0.696603874165859,422.963134937797,1798.29241391094,0.378339758140844,110904.653092233,3862608.6952359
640422,西吉县,Ningxia,宁夏回族自治区,3118.28586637198,104.547113820539,0.0335271101819078,0.61106660697497,435.454944454975,1997.57514824845,0.362075940836667,63415.893258491,3840529.11282374
640423,隆德县,Ningxia,宁夏回族自治区,993.086064142586,89.4895315261902,0.0901125640137283,0.594091688176615,518.1630464735,2046.39432822796,0.395258339504382,94330.3163146755,3801271.80729489
640424,泾源县,Ningxia,宁夏回族自治区,1119.2489391024,576.163625906251,0.514777013207012,0.626937144021953,528.817372651282,1989.41533979986,0.395257235508119,119506.644409205,3794169.93382697
640425,彭阳县,Ningxia,宁夏回族自治区,2533.71764859103,0,0,0.762630408448754,477.109398247206,1697.63824376878,0.385346295570593,145929.808101913,3845097.90050983
640502,沙坡头区,Ningxia,宁夏回族自治区,5386.47307574675,1409.81330296229,0.261732173007629,0.811739861705701,222.604019400648,1645.06881649366,0.288423052946411,11785.6254848327,3993102.54736771
640521,中宁县,Ningxia,宁夏回族自治区,3280.39580291352,320.539454388265,0.0977136521463582,0.846141345785395,237.614585970805,1585.52816385475,0.376667427506591,57735.5768822692,3996659.25734288
640522,海原县,Ningxia,宁夏回族自治区,4992.35613454024,201.043782031799,0.0402703205888803,0.728430304144676,346.090431140291,1797.57923165252,0.274741221735342,69615.9707854471,3906446.7131978
650102,天山区,Xinjiang,新疆维吾尔自治区,172.902478541001,0,0,0.453173444290027,227.310511824323,1570.51381587859,0.334716563576181,-1378572.93961476,4838768.44903163
650103,沙依巴克区,Xinjiang,新疆维吾尔自治区,420.155484299537,0,0,0.504539750906965,227.920606419086,1412.54050949129,0.338172429474375,-1390557.69546929,4841851.14491847
650104,新市区,Xinjiang,新疆维吾尔自治区,261.060928693717,0,0,0.772628349390812,184.439239274514,613.263060427171,0.330723479488159,-1382757.93646585,4866888.89279908
650105,水磨沟区,Xinjiang,新疆维吾尔自治区,279.333933316763,0,0,0.328645378644924,222.363014658107,1948.44706453056,0.326592974379869,-1364857.21676259,4849509.8426263
650106,头屯河区,Xinjiang,新疆维吾尔自治区,271.782335040191,0,0,0.776607556879144,183.814183037977,601.733066910905,0.330516985564564,-1394659.18025233,4865779.195677
650107,达坂城区,Xinjiang,新疆维吾尔自治区,4769.93379839022,914.817035205541,0.19178820375123,0.0811051282893404,243.908031462044,2419.62398240823,0.400780800875049,-1330233.92130405,4809330.89524759
650109,米东区,Xinjiang,新疆维吾尔自治区,3397.9089073773,51.3238726397874,0.0151045463662539,0.721823362716405,174.797848763782,615.773603987402,0.391298284111974,-1355428.95353448,4922222.49495761
650121,乌鲁木齐县,Xinjiang,新疆维吾尔自治区,4219.98643150989,0,0,0.132378766177157,255.852042443548,2241.24224852487,0.397948863535724,-1406918.04915342,4807343.13465026
650202,独山子区,Xinjiang,新疆维吾尔自治区,403.313485234875,0,0,0.412925848766252,222.326358224553,1394.17526429906,0.403707054211821,-1579986.67458546,4943209.15485993
650203,克拉玛依区,Xinjiang,新疆维吾尔自治区,3474.83152176474,0,0,0.879412622294071,118.143138649915,310.081478182423,0.388185559767513,-1555440.27380807,5046121.32706649
650204,白碱滩区,Xinjiang,新疆维吾尔自治区,1266.61492646679,0,0,0.904360643798921,117.58057835614,282.651390784689,0.409452850716658,-1519872.01438958,5082836.95972572
650205,乌尔禾区,Xinjiang,新疆维吾尔自治区,2228.79814397973,0,0,0.841880197033605,143.193834457648,388.798335979206,0.38685311219287,-1489591.26787292,5117588.38812717
650402,高昌区,Xinjiang,新疆维吾尔自治区,13641.5395529233,11.79193293462,0.000864413645459328,0.835583184597953,96.0573279128987,1214.23112904777,0.391611170849489,-1268770.96452632,4699953.10287326
650421,鄯善县,Xinjiang,新疆维吾尔自治区,39558.1160000679,1725.39468943254,0.0436167053413156,0.959357582438401,45.2349374502107,961.445749326932,0.380108112381281,-1167513.96953594,4640511.94031959
650422,托克逊县,Xinjiang,新疆维吾尔自治区,16560.8048666401,0,0,0.828987551845414,101.469622340605,1272.45855101869,0.415741979513698,-1341490.98723461,4687804.46679872
650502,伊州区,Xinjiang,新疆维吾尔自治区,80775.526372104,15024.8495572671,0.186007448444878,0.816931345011881,56.1204842748973,1154.77381718315,0.373247280011382,-931841.385800614,4616921.42188954
650521,巴里坤哈萨克自治县,Xinjiang,新疆维吾尔自治区,36900.3247569773,0,0,0.539061398045363,109.188942385334,1350.48141127338,0.412616958416308,-963613.205980272,4838938.11319577
650522,伊吾县,Xinjiang,新疆维吾尔自治区,19531.8196986,0,0,0.610845636951621,73.5594409773297,1247.72156200139,0.428888879269055,-805483.32765123,4741820.6029453
652301,昌吉市,Xinjiang,新疆维吾尔自治区,7976.72988826115,0,0,0.578637082321694,200.62849501309,1082.03621517988,0.364125683337856,-1414141.95593208,4895517.94577865
652302,阜康市,Xinjiang,新疆维吾尔自治区,8530.73063689541,719.079267512059,0.084292811263087,0.606324950932962,181.133107990852,829.666514734901,0.393477222616061,-1312848.42953,4907245.46753523
652323,呼图壁县,Xinjiang,新疆维吾尔自治区,9523.94827969023,0,0,0.602899434267407,185.964284553209,942.627843422963,0.362919405877089,-1439549.5574893,4924099.75347056
652324,玛纳斯县,Xinjiang,新疆维吾尔自治区,9167.52500052608,0,0,0.608629717340077,178.437569557365,937.306696907284,0.377841696160254,-1480023.77784107,4945957.13963645
652325,奇台县,Xinjiang,新疆维吾尔自治区,16635.855992242,0,0,0.60513364937931,129.298696281426,988.571182460321,0.436710756004842,-1171077.85460596,4895592.90053088
652327,吉木萨尔县,Xinjiang,新疆维吾尔自治区,8139.91107412209,356.616266336557,0.0438108307436294,0.537094758956659,171.120000348632,972.677785521445,0.433909573455454,-1255916.10987659,4889511.95661792
652328,木垒哈萨克自治县,Xinjiang,新疆维吾尔自治区,13509.1897713043,0,0,0.502873799369124,115.578057375352,1351.05695426597,0.373615596644218,-1122731.26529855,4840725.36724776
652701,博乐市,Xinjiang,新疆维吾尔自治区,6617.11340378309,14.5167558840973,0.0021938200236674,0.504497363089235,264.292070222716,1152.64293019141,0.424306600056727,-1808004.00713073,5053794.43812594
652702,阿拉山口市,Xinjiang,新疆维吾尔自治区,1255.30100929467,738.601414069321,0.588385899955844,0.730569243896054,198.331384391246,637.842491439366,0.472016227293354,-1720879.22133258,5058361.55240068
652722,精河县,Xinjiang,新疆维吾尔自治区,10391.714671241,2570.04753852455,0.247316984716404,0.428512650777611,240.728590363473,1213.01329403914,0.471469687092301,-1728006.36465411,5000663.53288025
652723,温泉县,Xinjiang,新疆维吾尔自治区,5912.95709039783,6.94965810953927,0.00117532699853766,0.0961460643164686,373.781383839097,1907.03130726192,0.404348430122564,-1866499.10914702,5085511.25171699
652801,库尔勒市,Xinjiang,新疆维吾尔自治区,6776.16536941118,11.2721839194136,0.0016635048445391,1.03738295505576,77.0871210356212,1086.52183648112,0.395934511522247,-1572161.0035583,4643046.73024852
652822,轮台县,Xinjiang,新疆维吾尔自治区,14178.9605398683,363.90721924864,0.0256652960014528,0.786218520235013,131.977197224783,1414.51246306867,0.409741066224545,-1661780.51342217,4675245.21683437
652823,尉犁县,Xinjiang,新疆维吾尔自治区,59182.3747783861,3580.54242111719,0.0605001477978007,1.10156005104078,47.3852528585226,993.68554092178,0.341359847565962,-1498560.88802976,4533454.37954853
652824,若羌县,Xinjiang,新疆维吾尔自治区,198324.737254807,80762.860025701,0.407225347395454,0.369154773273011,72.6328172499276,2414.86910162731,0.29793765371261,-1296240.78767528,4277037.22874096
652825,且末县,Xinjiang,新疆维吾尔自治区,138657.659115946,29497.4134311391,0.212735550413939,0.471166975879121,63.2066204205008,2472.72220535616,0.344877454765353,-1670230.90948618,4244516.6026349
652826,焉耆回族自治县,Xinjiang,新疆维吾尔自治区,2426.99186717058,0,0,0.647521498420266,133.41820614746,1708.81870797379,0.417453098163141,-1535321.52791936,4682008.70355846
652827,和静县,Xinjiang,新疆维吾尔自治区,34958.7053276131,1402.92901573544,0.0401310346761412,-0.40389864704146,301.271983039801,3124.95019921775,0.419030939227605,-1589110.38557505,4776958.84541604
652828,和硕县,Xinjiang,新疆维吾尔自治区,12762.4371952754,0,0,0.632557157519036,129.627405093122,1730.22177258392,0.389677733581069,-1413315.51439241,4664193.4998179
652829,博湖县,Xinjiang,新疆维吾尔自治区,3587.95065510205,0,0,0.998125785979715,76.3520170031144,1180.76693260469,0.418795649833632,-1475423.82969241,4643401.54987046
652901,阿克苏市,Xinjiang,新疆维吾尔自治区,14410.9044786644,0,0,1.16502111589117,53.2479996849877,1073.40238577303,0.406494638485011,-1973108.62086912,4576645.74616956
652902,库车市,Xinjiang,新疆维吾尔自治区,14520.0385918106,0,0,0.719502878678765,166.188409571885,1569.42233379414,0.418328976463107,-1752355.27412797,4690720.27133385
652922,温宿县,Xinjiang,新疆维吾尔自治区,14313.5574882724,2405.3729530989,0.168048575979081,0.384328754647469,180.32094373742,2176.44853888563,0.395417519977965,-1996754.81648366,4725295.96573057
652924,沙雅县,Xinjiang,新疆维吾尔自治区,31847.7074663181,0,0,1.2105686438889,66.6383774479229,990.410604292776,0.403229492745685,-1829646.68089695,4548317.05324535
652925,新和县,Xinjiang,新疆维吾尔自治区,5823.26276308459,0,0,1.14747272181025,107.341284283552,1003.17304504809,0.37977667836583,-1880850.32138447,4672161.49239343
652926,拜城县,Xinjiang,新疆维吾尔自治区,15880.4357730901,0.990086107618532,6.23462807800441e-05,0.217373941705372,235.336828560664,2383.1004967606,0.394768902805048,-1870139.00029783,4748228.25683135
652927,乌什县,Xinjiang,新疆维吾尔自治区,9049.856858505,0,0,0.530866785161696,140.842318693928,2156.79049327569,0.38867828350095,-2099934.851965,4714833.63386835
652928,阿瓦提县,Xinjiang,新疆维吾尔自治区,13018.2617990737,0,0,1.18971500823042,40.4331540251243,1062.42367969429,0.424119546096408,-2040542.35566293,4559364.72016232
652929,柯坪县,Xinjiang,新疆维吾尔自治区,8911.86134502011,0,0,0.852911052157199,79.217298820991,1715.53441707523,0.377447620222319,-2145796.66797941,4633264.18116329
653001,阿图什市,Xinjiang,新疆维吾尔自治区,15506.2203510973,0,0,0.596839124172047,122.288019328484,2249.92192370246,0.395332062898872,-2327913.13448703,4646047.58398359
653022,阿克陶县,Xinjiang,新疆维吾尔自治区,24059.5935923221,0,0,-0.0100456170408066,104.625407210082,3511.91706155492,0.403417468863607,-2508521.38287459,4524597.19468145
653023,阿合奇县,Xinjiang,新疆维吾尔自治区,11435.9012416001,0,0,-0.0899532732011627,171.123729419531,3266.94586810726,0.389714315222446,-2223079.60606503,4700947.65686464
653024,乌恰县,Xinjiang,新疆维吾尔自治区,18737.7375617899,0,0,0.0218538773297588,173.724432992814,3248.86734931243,0.409885640815164,-2494577.43064539,4660573.26473114
653101,喀什市,Xinjiang,新疆维吾尔自治区,736.95704942023,0,0,1.16129170349047,85.6153192223262,1280.47611534768,0.424347939237724,-2408331.28572714,4598104.1062441
653121,疏附县,Xinjiang,新疆维吾尔自治区,2974.29464217496,0,0,0.912416652314755,104.680435890218,1758.30310910663,0.407282419957458,-2446508.87107381,4594143.35206772
653122,疏勒县,Xinjiang,新疆维吾尔自治区,2104.50298793768,0,0,1.22781827089404,71.5324255253523,1241.04391514599,0.416628688554034,-2397562.55983079,4555957.38427642
653123,英吉沙县,Xinjiang,新疆维吾尔自治区,3423.41472161568,0,0,1.17086720350804,56.7369833953359,1487.49189294984,0.406843756470177,-2410028.95863078,4513762.75648806
653124,泽普县,Xinjiang,新疆维吾尔自治区,1005.80670253649,0,0,1.18373257870545,37.4713230509271,1429.88389841764,0.411785553995045,-2361558.34502839,4419856.99797199
653125,莎车县,Xinjiang,新疆维吾尔自治区,8934.96260135587,0,0,1.04714869276438,40.955202992078,1746.52918883465,0.408332283820266,-2373000.25507134,4446425.81786537
653126,叶城县,Xinjiang,新疆维吾尔自治区,28634.8959747387,105.644493030852,0.00368936185848381,0.17277441506823,48.242161833339,3448.7503664733,0.399234870940498,-2396927.37003612,4295047.48422112
653127,麦盖提县,Xinjiang,新疆维吾尔自治区,10901.0679238868,0,0,1.27454177393125,37.172710263944,1181.99146754619,0.413854682666091,-2255266.72200087,4474705.12495267
653128,岳普湖县,Xinjiang,新疆维吾尔自治区,3127.65722141321,0,0,1.27708696301425,58.4382772395972,1192.96602490992,0.394864108431638,-2349833.28715596,4533144.40383671
653129,伽师县,Xinjiang,新疆维吾尔自治区,6528.03826568354,0,0,1.24057183204747,66.1474701698504,1185.02851156139,0.392240913606624,-2315182.55889026,4579774.47210125
653130,巴楚县,Xinjiang,新疆维吾尔自治区,18369.9088026186,0,0,1.24356399485858,43.9138081909287,1128.25300309469,0.427590060571393,-2185091.91414343,4538474.07269985
653131,塔什库尔干塔吉克自治县,Xinjiang,新疆维吾尔自治区,23621.745381296,15516.7991639347,0.656886225529343,-0.379384594639168,87.8638995483019,4407.61615784701,0.349882069182824,-2510530.50197767,4332045.50714968
653201,和田市,Xinjiang,新疆维吾尔自治区,465.511741794265,0,0,1.26265018745958,37.3863250566362,1341.11761083822,0.445026549690027,-2161520.48971793,4251847.31983766
653221,和田县,Xinjiang,新疆维吾尔自治区,40675.6635966886,50.3348342832461,0.00123746805417438,-0.427976267017869,55.5943558960614,4574.14982441335,0.434593663629599,-2255945.57825024,4101797.39470763
653222,墨玉县,Xinjiang,新疆维吾尔自治区,25237.5671970769,0,0,1.21088096754095,31.8259228758704,1289.35586228594,0.453624875201571,-2119637.87808166,4384051.624961
653223,皮山县,Xinjiang,新疆维吾尔自治区,39285.0982734771,0,0,0.498422952564367,38.8013533906387,2762.63383721766,0.438560443772582,-2282617.02778568,4287706.16831401
653224,洛浦县,Xinjiang,新疆维吾尔自治区,14114.0508970135,0,0,1.15750985065094,34.5234029728232,1409.09423099162,0.440975473772409,-2072497.66021137,4328673.39469383
653225,策勒县,Xinjiang,新疆维吾尔自治区,31563.1921379601,0,0,0.497927977887929,40.6211805258796,2707.3007566225,0.428966970799791,-2070283.45825824,4214343.28158404
653226,于田县,Xinjiang,新疆维吾尔自治区,38880.2550131592,0,0,0.668533033157675,38.8735109517687,2392.35205610982,0.410780681369693,-1989924.27617162,4207149.5804228
653227,民丰县,Xinjiang,新疆维吾尔自治区,56705.3854750404,1386.33084248633,0.0244479572949299,0.40318013034572,45.2040120214802,2835.02614956002,0.412639389516137,-1874432.66710146,4177965.50308706
654002,伊宁市,Xinjiang,新疆维吾尔自治区,635.71758443379,0,0,0.733040053270175,268.160110576399,943.799731850717,0.406573330355162,-1865717.83570885,4976333.2711207
654003,奎屯市,Xinjiang,新疆维吾尔自治区,788.580389605893,0,0,0.807843378700857,148.174454478618,498.902189949863,0.358740125828101,-1563736.78163976,4962020.38026702
654004,霍尔果斯市,Xinjiang,新疆维吾尔自治区,1897.22142441528,0,0,0.253276796882457,395.350965494994,1831.97236908977,0.404251623975761,-1912688.69385115,5039265.33519406
654021,伊宁县,Xinjiang,新疆维吾尔自治区,4472.84554484021,2.06178853841971,0.000460956793108618,0.470807008637637,294.749756290541,1408.35360096096,0.424734078569249,-1830165.74529326,4965964.66215763
654022,察布查尔锡伯自治县,Xinjiang,新疆维吾尔自治区,4121.23121235647,0,0,0.749223472512623,259.595771910612,1028.18756487855,0.405780706865085,-1888167.92916359,4935065.75244803
654023,霍城县,Xinjiang,新疆维吾尔自治区,2869.96961990814,0,0,0.580569719401978,305.565690310067,1223.01713975811,0.40482850862442,-1883428.55924086,5007724.3430732
654024,巩留县,Xinjiang,新疆维吾尔自治区,4117.41202153096,306.393108864141,0.0744140025972471,0.101314029784227,298.098646448129,2143.58115607726,0.406961878739456,-1794805.15649625,4876532.4671853
654025,新源县,Xinjiang,新疆维吾尔自治区,7576.98314730132,0.577823609693043,7.62603794227581e-05,0.0589218934111271,268.479302156239,2027.08753535386,0.423427715062531,-1705896.46250349,4864585.94703379
654026,昭苏县,Xinjiang,新疆维吾尔自治区,10435.5810727242,0,0,-0.0959548229714573,351.982722609163,2657.97061692383,0.400873405646556,-1922950.5143091,4845542.43617197
654027,特克斯县,Xinjiang,新疆维吾尔自治区,8066.79685659072,0,0,0.0299168189275152,304.761875863142,2359.45859684049,0.405661968633862,-1838658.63954659,4842582.29136781
654028,尼勒克县,Xinjiang,新疆维吾尔自治区,10137.3823157861,0,0,-0.0923422134398214,327.927686124442,2306.66337408582,0.450457009986814,-1719930.00346905,4918332.29417571
654201,塔城市,Xinjiang,新疆维吾尔自治区,3989.17638836702,0,0,0.470822056586393,280.839308785396,908.00227673027,0.334882091840402,-1650270.05539057,5245839.4859024
654202,乌苏市,Xinjiang,新疆维吾尔自治区,14195.9379964337,319.755870042733,0.0225244622879489,0.242684957067169,250.582301596633,1594.68489170989,0.422861830863118,-1626123.94091515,4964059.73385502
654221,额敏县,Xinjiang,新疆维吾尔自治区,9143.65351399629,0,0,0.267439780811649,300.26295180474,1401.10083923857,0.374203643691304,-1580296.23985648,5205206.53438355
654223,沙湾县,Xinjiang,新疆维吾尔自治区,12459.1297654219,0,0,0.476488694981664,195.482256560355,1210.49390195756,0.389732188189877,-1534288.50385362,4939304.03053809
654224,托里县,Xinjiang,新疆维吾尔自治区,19979.3624344084,158.126197765479,0.00791447666483865,0.503435029696422,230.822948205564,1107.67584243254,0.424704419067101,-1625814.42385688,5108363.18677744
654225,裕民县,Xinjiang,新疆维吾尔自治区,6079.85984175922,1003.88207286936,0.165115989348018,0.427125659945414,277.389725514581,1203.52451343902,0.44669977013874,-1699089.09809417,5163812.03555565
654226,和布克赛尔蒙古自治县,Xinjiang,新疆维吾尔自治区,28801.9743508259,0,0,0.57022517192358,197.841924218428,832.485589835329,0.375314790016392,-1436374.36112588,5137251.91539483
654301,阿勒泰市,Xinjiang,新疆维吾尔自治区,10798.125231144,3963.27141384691,0.367033288557909,0.0943001739800873,200.927905510261,1321.78481327932,0.405601006067901,-1276439.56290544,5293153.109718
654321,布尔津县,Xinjiang,新疆维吾尔自治区,10380.9324628504,2532.36550658792,0.243943934290135,-0.0798848491304999,275.0808958558,1574.32414240941,0.386805192911451,-1319176.54570141,5348379.45619676
654322,富蕴县,Xinjiang,新疆维吾尔自治区,32280.2703582748,9367.901700059,0.290205180938257,0.236131355499807,162.224648640496,1218.90619570564,0.413942511597285,-1191717.14086664,5123691.03584915
654323,福海县,Xinjiang,新疆维吾尔自治区,32509.5530287173,3421.94539535846,0.105259687585852,0.52308134777624,161.954738944017,726.215024882675,0.395660600000152,-1296342.23300712,5122327.10219127
654324,哈巴河县,Xinjiang,新疆维吾尔自治区,8168.18391401299,2550.68769593327,0.312271090218404,0.160415090486693,301.853154486158,1152.63834158016,0.403665520739576,-1379880.37475394,5359602.73380547
654325,青河县,Xinjiang,新疆维吾尔自治区,15724.1525583141,3496.52626642048,0.222366595176011,0.17469015349778,151.619231118796,1437.95845258276,0.467849501339693,-1119154.66964829,5083992.11298911
654326,吉木乃县,Xinjiang,新疆维吾尔自治区,7129.26258858704,0,0,0.263634261268326,276.54920977198,1257.53941022485,0.382158199446665,-1413056.26679994,5263704.45233214
659001,石河子市,Xinjiang,新疆维吾尔自治区,458.974406024068,0,0,0.835575761581322,142.011992176555,449.161064155886,0.372788461850835,-1490723.96652093,4927379.51458851
659002,阿拉尔市,Xinjiang,新疆维吾尔自治区,3926.95598104797,0,0,1.17831822893863,56.7222769748454,1015.18413366473,0.400927685008441,-1954461.32182874,4601729.46402312
659003,图木舒克市,Xinjiang,新疆维吾尔自治区,1997.40901971231,0,0,1.20989326120749,50.6448412734793,1101.44663282941,0.430251154158637,-2160965.53049534,4566707.6202483
659004,五家渠市,Xinjiang,新疆维吾尔自治区,739.12947639369,0,0,0.776488007119797,168.565203795037,475.592680383607,0.35314216896047,-1371498.96071056,4911658.76384948
659005,北屯市,Xinjiang,新疆维吾尔自治区,815.271463562226,0,0,0.550031480919109,154.933099107632,574.581687260724,0.418950860353534,-1283260.53621845,5222588.43286719
659006,铁门关市,Xinjiang,新疆维吾尔自治区,607.789568527252,0,0,1.05852628006665,79.3403876195481,1049.27469194249,0.396659887902945,-1576433.28106452,4657287.1538322
659007,双河市,Xinjiang,新疆维吾尔自治区,741.530740411036,0.130050341085377,0.000175380916795559,0.821126071889582,188.698445311892,454.084249907418,0.471460738093646,-1762395.20666357,5047791.58520923
659008,可克达拉市,Xinjiang,新疆维吾尔自治区,1035.32782481733,0,0,0.911731712286681,237.776669950252,641.653948689533,0.404781211996725,-1914120.51226543,4978317.27562126
659009,昆玉市,Xinjiang,新疆维吾尔自治区,1109.44200443991,0,0,1.25098595380537,30.1944853187833,1396.7420749611,0.435787248333433,-2204442.96304021,4288236.84920214
659010,胡杨河市,Xinjiang,新疆维吾尔自治区,937.505391182023,0,0,0.85593782122505,139.073135230103,324.726580011487,0.390542072121388,-1576355.49713892,5003084.30119857
710001,基隆市,,台湾省,132.870499184594,0,0,,,,,1677531.68210672,2768398.6887772
710002,新竹市,,台湾省,104.70394156871,0,0,,,,,1607388.75659854,2719689.9021959
710003,台中市,,台湾省,161.451360458093,0,0,,,,,1590427.32082241,2647744.94054944
710004,嘉义市,,台湾省,59.4587766257521,0,0,,,,,1579087.11771671,2569188.53460827
710005,台南市,,台湾省,183.963524427009,0,0,,,,,1558557.30305143,2514966.07169872
710021,台北县,,台湾省,2043.34411541079,0,0,,,,,1667744.08715465,2752037.51554922
710022,桃园县,,台湾省,1201.65744804147,0,0,,,,,1635866.69743109,2737337.70232824
710023,新竹县,,台湾省,1407.68099029171,0,0,,,,,1630318.21980337,2711616.04853545
710024,,,台湾省,1815.34507099049,0,0,,,,,1610320.09807179,2686555.22397519
710025,台中县,,台湾省,2051.08561723846,0,0,,,,,1612902.39945418,2659760.93777232
710026,南投县,,台湾省,4100.31047739542,0,0,,,,,1626961.52867696,2617272.59026021
710027,彰化县,,台湾省,1109.70104404446,0,0,,,,,1574709.69869914,2621924.89476211
710028,云林县,,台湾省,1349.20743117872,0,0,,,,,1568998.42024771,2590487.34412659
710029,嘉义县,,台湾省,1943.28908894214,0,0,,,,,1587241.40122211,2566898.32794683
710030,台南县,,台湾省,2045.44000549685,0,0,,,,,1573939.84514113,2532825.94574228
710031,高雄县,,台湾省,2795.66096951158,0,0,,,,,1606490.38490837,2522435.5568044
710032,屏东县,,台湾省,2784.37790048021,0,0,,,,,1619663.82394287,2464590.24329789
710033,宜兰县,,台湾省,2183.6025531071,0,0,,,,,1679859.22502396,2707502.33231956
710034,花莲县,,台湾省,4597.32116150245,0,0,,,,,1668498.29294117,2614012.76408986
710035,台东县,,台湾省,3564.68445050518,0,0,,,,,1650205.70118741,2511674.88926983
710036,澎湖县,,台湾省,123.155496479621,0,0,,,,,1489619.43979229,2562338.43604637
710102,北投区,,台湾省,57.9220144311845,0,0,,,,,1657067.42469982,2768541.76368274
710103,士林区,,台湾省,61.9192317848412,0,0,,,,,1660921.32288566,2766717.9408843
710104,内湖区,,台湾省,32.0765863006384,0,0,,,,,1665681.97004812,2762770.41986156
710105,南港区,,台湾省,23.0533575185735,0,0,,,,,1668423.36850539,2757835.71908298
710106,文山区,,台湾省,31.9027008014452,0,0,,,,,1665511.86086645,2752042.96359123
710107,信义区,,台湾省,11.1839613010918,0,0,,,,,1664588.75146807,2756634.03419006
710108,大安区,,台湾省,11.3391462384223,0,0,,,,,1661850.51017585,2755727.53085799
710109,中正区,,台湾省,7.42389521875681,0,0,,,,,1659412.4581456,2755901.39767083
710110,万华区,,台湾省,7.41504516048517,0,0,,,,,1657203.51517464,2755308.51203563
710111,大同区,,台湾省,4.91379576837099,0,0,,,,,1658159.97140911,2759171.55932193
710112,松山区,,台湾省,8.62625820368539,0,0,,,,,1662677.49938457,2759552.90182973
710113,中山区,,台湾省,14.1243813702742,0,0,,,,,1660529.18765292,2760328.79245391
710202,楠梓区,,台湾省,28.0291337477808,0,0,,,,,1577090.40920432,2484262.9257718
710203,左营区,,台湾省,18.8644645440289,0,0,,,,,1577378.81035393,2480109.35550004
710204,鼓山区,,台湾省,20.4097137619358,0,0,,,,,1575581.59173165,2476207.95633308
710205,三民区,,台湾省,17.2226536802751,0,0,,,,,1580028.50273823,2476804.97747447
710206,新兴区,,台湾省,2.48419469106464,0,0,,,,,1579247.31719729,2474450.55979239
710207,苓雅区,,台湾省,8.47115996069316,0,0,,,,,1580879.87070164,2473990.59416313
710208,前金区,,台湾省,1.96771740270682,0,0,,,,,1578060.86569246,2473912.58523584
710209,盐埕区,,台湾省,1.56871010350699,0,0,,,,,1577035.53266932,2473464.197529
710210,前镇区,,台湾省,19.2288885738753,0,0,,,,,1580633.48768328,2470514.13034748
710211,旗津区,,台湾省,5.01929811427431,0,0,,,,,1578175.48016568,2469462.9654608
710212,小港区,,台湾省,46.8885337983257,0,0,,,,,1585949.74270339,2466674.59806896
810000,香港特别行政区,,香港特别行政区,1115.30446537169,0,0,,,,,947341.556840943,2368744.17876846
820000,澳门特别行政区,,澳门特别行政区,33.9563296610805,0,0,,,,,890141.729808016,2339578.33536052
