province,year,effort_status,effort_status_v2,in_scope,mainland,n_visits,n_observers,n_birding_days,effort_record,cnt_visits_gap,cnt_visits_zero,cnt_observers_gap,cnt_observers_zero,cnt_days_gap,cnt_days_zero,cnt_record_gap,cnt_record_zero,cnt_visits_imp,cnt_observers_imp,cnt_days_imp,cnt_record_imp,eff_visits_gap_z,eff_observers_gap_z,eff_days_gap_z,eff_record_gap_z,eff_visits_zero_z,eff_observers_zero_z,eff_days_zero_z,eff_record_zero_z,eff_visits_imp_z,eff_observers_imp_z,eff_days_imp_z,eff_record_imp_z
Anhui,2002,observed,observed,TRUE,TRUE,7,4,3,1,7,7,4,4,3,3,1,1,7,4,3,1,-1.02293721874924,-0.922604182047855,-1.49682026429775,-2.03963135901536,-0.911539564332537,-0.822273718271565,-1.32266316448085,-1.82555947970323,-0.965800113541406,-0.868683600929724,-1.41546408203647,-1.99060085165189
Anhui,2003,structural_zero,coverage_gap,TRUE,TRUE,0,0,0,0,,0,,0,,0,,0,3.89897948556636,2.16227766016838,2.46410161513776,3.69041575982343,,,,,-1.88010705610098,-1.81385487990754,-2.1577102454236,-2.14752752023567,-1.2021359849742,-1.15981817948963,-1.5063444860126,-1.56835540676146
Anhui,2004,observed,observed,TRUE,TRUE,2,1,2,10,2,2,1,1,2,2,10,10,2,1,2,10,-1.50198524305641,-1.51177291970582,-1.68260759815345,-1.18979082665745,-1.36839267147747,-1.38680411816374,-1.49595109060814,-1.03370110062705,-1.43847185640698,-1.45095275804953,-1.59722488998872,-1.14610996187103
Anhui,2005,observed,observed,TRUE,TRUE,3,1,3,38,3,3,1,1,3,3,38,38,3,1,3,38,-1.36147808749039,-1.51177291970582,-1.49682026429775,-0.558838611842519,-1.23439539492202,-1.38680411816374,-1.32266316448085,-0.445796924402774,-1.29983489573373,-1.45095275804953,-1.41546408203647,-0.519129514351198
Anhui,2006,observed,observed,TRUE,TRUE,4,2,4,40,4,4,2,2,4,4,40,40,4,2,4,40,-1.25249227057504,-1.25106160003567,-1.35271241248606,-0.533907724611662,-1.13045903245707,-1.13699543663922,-1.18825060652627,-0.422566999258132,-1.19229971467644,-1.19329455140507,-1.27447944635674,-0.494355564017013
Anhui,2007,observed,observed,TRUE,TRUE,1,1,1,43,1,1,1,1,1,1,43,43,1,1,1,43,-1.70001895623155,-1.51177291970582,-1.94446013823328,-0.498703889400957,-1.5572512255115,-1.38680411816374,-1.74018670495223,-0.389765019562165,-1.63386967792605,-1.45095275804953,-1.85340236054882,-0.459373332658499
Anhui,2008,observed,observed,TRUE,TRUE,4,2,4,57,4,4,2,2,4,4,57,57,4,2,4,57,-1.25249227057504,-1.25106160003567,-1.35271241248606,-0.360987755428882,-1.13045903245707,-1.13699543663922,-1.18825060652627,-0.261444857758165,-1.19229971467644,-1.19329455140507,-1.27447944635674,-0.322524104965654
Anhui,2009,observed,observed,TRUE,TRUE,9,8,6,74,9,9,8,8,6,6,74,74,9,8,6,74,-0.913951401833887,-0.544661335606264,-1.13541600876665,-0.232847211873212,-0.807603201867589,-0.460135993370887,-0.985573479006369,-0.142046971624864,-0.858264932484116,-0.495166731192549,-1.0618924573221,-0.195190190514566
Anhui,2010,observed,observed,TRUE,TRUE,5,4,4,74,5,5,4,4,4,4,74,74,5,4,4,74,-1.16344437431526,-0.922604182047855,-1.35271241248606,-0.232847211873212,-1.04553684088799,-0.822273718271565,-1.18825060652627,-0.142046971624864,-1.10443707421466,-0.868683600929724,-1.27447944635674,-0.195190190514566
Anhui,2011,observed,observed,TRUE,TRUE,12,10,11,58,12,12,10,10,11,11,58,58,12,10,11,58,-0.785809748068945,-0.415631436887809,-0.787327850282387,-0.352465943665275,-0.685398517354234,-0.336501971967897,-0.66090400966539,-0.253504464480852,-0.731828884853294,-0.367647863391276,-0.721348332964026,-0.314055936968505
Anhui,2012,observed,observed,TRUE,TRUE,14,7,14,91,14,14,7,7,14,14,91,91,14,7,14,91,-0.715917688658749,-0.620395030187304,-0.643219998470703,-0.131000601536402,-0.618744647833561,-0.532702594676143,-0.526491451710814,-0.047149059952013,-0.662867110965048,-0.570013530913398,-0.580363697284295,-0.0939846921772918
Anhui,2013,observed,observed,TRUE,TRUE,36,10,34,146,36,36,10,10,34,34,146,146,36,10,34,146,-0.274946956906148,-0.415631436887809,-0.0960284090839089,0.102624927378006,-0.19820466282368,-0.336501971967897,-0.0161138401090443,0.170536877106902,-0.227765839789443,-0.367647863391276,-0.0450312646176707,0.138170192505662
Anhui,2014,observed,observed,TRUE,TRUE,30,15,27,60,30,30,15,15,27,27,60,60,30,15,27,60,-0.361361902140109,-0.174706085428045,-0.240136260895593,-0.335847276499079,-0.280615891407685,-0.105651832932342,-0.15052639806362,-0.238019640747959,-0.313030574640283,-0.129543917345331,-0.186015900297402,-0.297541882286724
Anhui,2015,observed,observed,TRUE,TRUE,15,14,13,216,15,15,14,14,13,13,216,216,15,14,13,216,-0.684396350008086,-0.216203917618448,-0.687776134831122,0.296778507151095,-0.588683733743057,-0.145414275003236,-0.568049938534995,0.351443921566635,-0.631765331349082,-0.1705557807172,-0.623954178809749,0.331101599156506
Anhui,2016,observed,observed,TRUE,TRUE,21,15,15,108,21,21,15,15,15,15,108,108,21,15,15,108,-0.52885997070746,-0.174706085428045,-0.601540516426688,-0.0464729397448658,-0.440353556908843,-0.105651832932342,-0.487616083538102,0.0316115247751418,-0.478299190685306,-0.129543917345331,-0.539587525011779,-0.00998912171494226
Anhui,2017,observed,observed,TRUE,TRUE,34,20,29,89,34,34,20,20,29,29,89,89,34,20,29,89,-0.302087896396905,0.000145452740892209,-0.195580124535173,-0.141957390912833,-0.224088127336696,0.0618876213106921,-0.10896791123944,-0.0573582993859422,-0.25454552475038,0.0432599862620492,-0.142425418771947,-0.104872509899955
Anhui,2018,observed,observed,TRUE,TRUE,72,32,60,68,72,72,32,32,60,60,68,68,72,32,60,68,0.0569487585458704,0.290768827541599,0.262734501962582,-0.274414098648007,0.118313893059393,0.340357471300431,0.31851220536143,-0.180777870342307,0.0997122382158055,0.330479956821248,0.305956260860024,-0.236495418803068
Anhui,2019,observed,observed,TRUE,TRUE,194,49,131,66,194,194,49,49,131,131,66,66,194,49,131,66,0.536832388245008,0.557942445128627,0.761251683372997,-0.289077327764521,0.575963890913184,0.596358205108215,0.783490127766672,-0.194440669888957,0.573208464300036,0.594524783326216,0.793669194733176,-0.251066344679371
Anhui,2020,observed,observed,TRUE,TRUE,163,25,120,216,163,163,25,25,120,120,216,216,163,25,120,216,0.452272222478925,0.13747215341773,0.705059055141963,0.296778507151095,0.495321507455289,0.193471482255424,0.731078029440525,0.351443921566635,0.489773821212919,0.178978494632001,0.738694416333234,0.331101599156506
Anhui,2021,observed,observed,TRUE,TRUE,218,52,162,1553,218,218,52,52,162,162,1553,1553,218,52,162,1553,0.593523340462163,0.595408958594165,0.89748373237767,1.27819782418441,0.630028277682901,0.632257913421566,0.910556751492629,1.26590384668204,0.629144841927198,0.631552537552479,0.92694871805801,1.30634300119936
Anhui,2022,observed,observed,TRUE,TRUE,392,54,235,1749,392,392,54,54,235,235,1749,1749,392,54,235,1749,0.879115890108095,0.619226245529415,1.13648532872631,1.33741306186126,0.902388953571059,0.655079189668082,1.13347878881803,1.32107900053509,0.910936063978057,0.655090907296598,1.16077048810368,1.36518548617189
Anhui,2023,observed,observed,TRUE,TRUE,877,226,320,3380,877,877,226,226,320,320,3380,3380,877,226,320,3380,1.27171890107821,1.53074427194278,1.3351418337797,1.66571221622872,1.27680215712316,1.52847861341483,1.31877007352496,1.62697925632568,1.29831340410571,1.55593441615117,1.35512155668362,1.69141803737399
Anhui,2024,observed,observed,TRUE,TRUE,3083,665,364,3745,3083,3083,665,665,364,364,3745,3745,3083,665,364,3745,1.88532758412551,2.22282338245273,1.41809987273403,1.71681840047454,1.86198155291901,2.19161579643356,1.39614685819397,1.67459861393079,1.90375476058116,2.23990879323497,1.43628166525262,1.74220251441855
Beijing,2002,observed,observed,TRUE,TRUE,85,43,47,9,85,85,43,43,47,47,9,9,85,43,47,9,0.136993427844806,0.475746452630708,0.107951897588672,-1.23730427120261,0.19464998886627,0.517599551519703,0.174143071277359,-1.07797284073512,0.178691487528745,0.513291363744857,0.154528224060669,-1.19332431507347
Beijing,2003,observed,observed,TRUE,TRUE,21,11,21,193,21,21,11,11,21,21,193,193,21,11,21,193,-0.52885997070746,-0.359683710517155,-0.395880604577892,0.240925417118084,-0.440353556908843,-0.282893913151614,-0.295792567520163,0.299401525780657,-0.478299190685306,-0.31235532426894,-0.33838483285162,0.275600097518169
Beijing,2004,observed,observed,TRUE,TRUE,63,35,54,189,63,63,35,35,54,54,189,189,63,35,54,189,-0.00731461252577715,0.346716553912253,0.195867121169322,0.230539336274049,0.0570279274359031,0.393965530116714,0.256143530905788,0.289724057092157,0.036304233035565,0.385772495943584,0.240538081340459,0.265279395787246
Beijing,2005,observed,observed,TRUE,TRUE,46,29,44,364,46,46,29,29,44,44,364,364,46,29,44,364,-0.158104489625825,0.229485027140811,0.0662724155446568,0.55600570844485,-0.0867756588095274,0.281636486740565,0.135267703104646,0.592984803194621,-0.112478582880328,0.269913832850867,0.113752051788154,0.588696996811377
Beijing,2006,observed,observed,TRUE,TRUE,57,35,53,525,57,57,35,35,53,53,525,525,57,35,53,525,-0.0553938498130431,0.346716553912253,0.184017103812803,0.738164592566174,0.011176263658324,0.393965530116714,0.245090759494157,0.762715515278248,-0.011135054324167,0.385772495943584,0.228944886668524,0.769709212957732
Beijing,2007,observed,observed,TRUE,TRUE,101,55,71,557,101,101,55,55,71,71,557,557,101,55,71,557,0.220328846908821,0.63081202258926,0.369804437668502,0.767605698630751,0.274124369727526,0.666180463273765,0.418378685621445,0.790147940114262,0.260917685681612,0.666541006753725,0.41070569462077,0.798964990847762
Beijing,2008,observed,observed,TRUE,TRUE,87,52,74,406,87,87,52,52,74,74,406,406,87,52,74,406,0.148221766774849,0.595408958594165,0.39616760121204,0.610301758959068,0.205358104270117,0.632257913421566,0.442968187186511,0.643576391749637,0.189770373699342,0.631552537552479,0.436497495420131,0.642651260304928
Beijing,2009,observed,observed,TRUE,TRUE,173,72,127,496,173,173,72,72,127,127,496,496,173,72,127,496,0.48118073210325,0.801274511427098,0.7413791053799,0.709893280654968,0.522890648281833,0.829514413022651,0.764954537876022,0.73637307293527,0.518297549387225,0.835007259886412,0.774227310525263,0.741615865509447
Beijing,2010,observed,observed,TRUE,TRUE,220,68,157,448,220,220,68,68,157,157,448,448,220,68,157,448,0.597963473155131,0.765039954712505,0.87736348119794,0.659260655622484,0.634262693261281,0.794795142490208,0.891790151381969,0.689194964972646,0.63352587504298,0.799197035330567,0.907264528427137,0.691301966680702
Beijing,2011,observed,observed,TRUE,TRUE,183,75,137,250,183,183,75,75,137,137,250,250,183,75,137,250,0.508473375658737,0.82717035593393,0.789958979531002,0.369339982309677,0.548918788213223,0.854327324028588,0.810266053297776,0.419054737848874,0.54522691918358,0.86059984583019,0.821754324303182,0.403206308672379
Beijing,2012,observed,observed,TRUE,TRUE,331,103,197,204,331,331,103,103,197,197,204,204,331,103,197,204,0.796733299856908,1.02885004293625,1.02310422345283,0.268419363201092,0.823823255726181,1.04757300574303,1.02772574211076,0.325019639709977,0.829650012183715,1.05991772176813,1.04984666529328,0.302920972561403
Beijing,2013,observed,observed,TRUE,TRUE,386,107,218,227,386,386,107,107,218,218,227,227,386,107,218,227,0.871601722936237,1.05311681834166,1.08820468706665,0.321429157234428,0.895222927523807,1.07082497338504,1.08844637411211,0.374412729331079,0.903521912759205,1.08390031615611,1.11353622162064,0.355597076401857
Beijing,2014,observed,observed,TRUE,TRUE,545,114,257,101,545,545,114,114,257,257,101,101,545,114,257,101,1.03971007676664,1.09349737270032,1.19404474651774,-0.079561830815767,1.05554260297913,1.10951686085786,1.18716572178149,0.000780192717897409,1.06939269097648,1.12380798580592,1.21708243395009,-0.0428697222492537
Beijing,2015,observed,observed,TRUE,TRUE,591,148,254,404,591,591,148,148,254,254,404,404,591,148,254,404,1.07921651805847,1.26004173545896,1.18649135250276,0.607846020748695,1.09321865953424,1.26909653591269,1.18012050531321,0.641288201430794,1.10837328897985,1.28840199687312,1.20969274289607,0.640210980667296
Beijing,2016,observed,observed,TRUE,TRUE,727,170,279,263,727,727,170,170,279,279,263,263,727,170,279,263,1.18021723233265,1.34859299527423,1.24689121272268,0.394513019372176,1.18953987953458,1.35394468707765,1.23645678130508,0.442510291644865,1.20802965164974,1.37591625911911,1.26878357091937,0.428220884534528
Beijing,2017,observed,observed,TRUE,TRUE,1279,249,328,273,1279,1279,249,249,328,328,273,273,1279,249,328,273,1.45583467935419,1.59280012754585,1.35103944456202,0.413047267365392,1.45238761225877,1.58793936674419,1.3335981242089,0.459780001683976,1.47997854286215,1.61726355401409,1.37067462222548,0.446638461695485
Beijing,2018,observed,observed,TRUE,TRUE,2246,306,348,817,2246,2246,306,306,348,348,817,817,2246,306,348,817,1.73068122128778,1.72486246866886,1.38915125833461,0.958288927816955,1.71450015692901,1.71447901740732,1.36914584983981,0.96782140593668,1.75116678997832,1.74777935218532,1.40796044747561,0.988447892345716
Beijing,2019,observed,observed,TRUE,TRUE,2527,390,362,909,2527,2527,390,390,362,362,909,909,2527,390,362,909,1.78823192957471,1.88037669074264,1.41455146915732,1.01142166189196,1.76938446615312,1.86348981917732,1.39283718425599,1.01732904775718,1.80795148004874,1.90147239327741,1.43281016540568,1.04124616233526
Beijing,2020,observed,observed,TRUE,TRUE,3446,250,363,3360,3446,3446,250,250,363,363,3360,3360,3446,250,363,3360,1.93967643870686,1.59536697019771,1.41632810803911,1.6627545460364,1.91381235447835,1.59039886708102,1.39449429435554,1.6242233793874,1.95738021463635,1.61980033713211,1.43454829960402,1.68847898535506
Beijing,2021,observed,observed,TRUE,TRUE,5363,365,365,8662,5363,5363,365,365,365,365,8662,8662,5363,365,365,8662,2.15565465884824,1.83789141034632,1.41986678991347,2.13475869148567,2.11978402316424,1.82278122281321,1.39779490064826,2.06402405175083,2.17048369603131,1.85948464541302,1.43801028844482,2.15751192223414
Beijing,2022,observed,observed,TRUE,TRUE,7814,430,365,17469,7814,7814,430,430,365,365,17469,17469,7814,430,365,17469,2.33946089926518,1.9430045722445,1.41986678991347,2.48442828978486,2.29507428173184,1.92349867696089,1.39779490064826,2.38983670810081,2.35184341697598,1.96336685821329,1.43801028844482,2.50498039302794
Beijing,2023,observed,observed,TRUE,TRUE,11436,1001,365,25923,11436,11436,1001,1001,365,365,25923,25923,11436,1001,365,25923,2.52545217015214,2.48546271925075,1.41986678991347,2.68118375773221,2.47244833546985,2.4432718676966,1.39779490064826,2.57316812145537,2.53535908494073,2.49947243856991,1.43801028844482,2.7004973092841
Beijing,2024,observed,observed,TRUE,TRUE,25948,2306,365,29854,25948,25948,2306,2306,365,365,29854,29854,25948,2306,365,29854,2.92559741182696,3.02168690863711,1.41986678991347,2.75156551291398,2.85405432838212,2.95707179752566,1.39779490064826,2.63874793372926,2.93017826628554,3.02941706533744,1.43801028844482,2.77043601989476
Chongqing,2002,observed,observed,TRUE,TRUE,14,9,7,,14,14,9,9,7,7,,,14,9,7,,-0.715917688658749,-0.476915237288597,-1.04918039036222,,-0.618744647833561,-0.395222956527764,-0.905139624009477,,-0.662867110965048,-0.428213987361657,-0.977525803524127,
Chongqing,2003,observed,observed,TRUE,TRUE,3,2,2,,3,3,2,2,2,2,,,3,2,2,,-1.36147808749039,-1.25106160003567,-1.68260759815345,,-1.23439539492202,-1.13699543663922,-1.49595109060814,,-1.29983489573373,-1.19329455140507,-1.59722488998872,
Chongqing,2004,observed,observed,TRUE,TRUE,1,1,1,,1,1,1,1,1,1,,,1,1,1,,-1.70001895623155,-1.51177291970582,-1.94446013823328,,-1.5572512255115,-1.38680411816374,-1.74018670495223,,-1.63386967792605,-1.45095275804953,-1.85340236054882,
Chongqing,2005,observed,observed,TRUE,TRUE,1,1,1,12,1,1,1,1,1,1,12,12,1,1,1,12,-1.70001895623155,-1.51177291970582,-1.94446013823328,-1.10651205198741,-1.5572512255115,-1.38680411816374,-1.74018670495223,-0.956104195077362,-1.63386967792605,-1.45095275804953,-1.85340236054882,-1.06335541693796
Chongqing,2006,observed,observed,TRUE,TRUE,7,3,5,5,7,7,3,3,5,5,5,5,7,3,5,5,-1.02293721874924,-1.06608397494656,-1.23496772421792,-1.49195791887047,-0.911539564332537,-0.959753356419943,-1.07842755013676,-1.31525220902864,-0.965800113541406,-1.01048314448146,-1.15928661147637,-1.44637494906513
Chongqing,2007,observed,observed,TRUE,TRUE,9,7,7,8,9,9,7,7,7,7,8,8,9,7,7,8,-0.913951401833887,-0.620395030187304,-1.04918039036222,-1.28982794735383,-0.807603201867589,-0.532702594676143,-0.905139624009477,-1.12691297888649,-0.858264932484116,-0.570013530913398,-0.977525803524127,-1.24551736108464
Chongqing,2008,observed,observed,TRUE,TRUE,17,5,17,18,17,17,5,5,17,17,18,18,17,5,17,18,-0.626869792398963,-0.805372655276413,-0.525475310202557,-0.917331220166951,-0.533822456264481,-0.709944674895415,-0.416668395321304,-0.779830622408393,-0.575004470503269,-0.752824937837007,-0.465170862403925,-0.875365455397438
Chongqing,2009,observed,observed,TRUE,TRUE,5,2,5,10,5,5,2,2,5,5,10,10,5,2,5,10,-1.16344437431526,-1.25106160003567,-1.23496772421792,-1.18979082665745,-1.04553684088799,-1.13699543663922,-1.07842755013676,-1.03370110062705,-1.10443707421466,-1.19329455140507,-1.15928661147637,-1.14610996187103
Chongqing,2010,observed,observed,TRUE,TRUE,19,7,17,10,19,19,7,7,17,17,10,10,19,7,17,10,-0.575410533092733,-0.620395030187304,-0.525475310202557,-1.18979082665745,-0.484747371278109,-0.532702594676143,-0.416668395321304,-1.03370110062705,-0.524230150291793,-0.570013530913398,-0.465170862403925,-1.14610996187103
Chongqing,2011,observed,observed,TRUE,TRUE,7,6,7,20,7,7,6,6,7,7,20,20,7,6,7,20,-1.02293721874924,-0.706254811688515,-1.04918039036222,-0.867438230060357,-0.911539564332537,-0.614971821957637,-0.905139624009477,-0.733341686227089,-0.965800113541406,-0.654867833950475,-0.977525803524127,-0.825786535582868
Chongqing,2012,observed,observed,TRUE,TRUE,2,1,2,93,2,2,1,1,2,2,93,93,2,1,2,93,-1.50198524305641,-1.51177291970582,-1.68260759815345,-0.120279460402885,-1.36839267147747,-1.38680411816374,-1.49595109060814,-0.037159391165236,-1.43847185640698,-1.45095275804953,-1.59722488998872,-0.0833310393205735
Chongqing,2013,observed,observed,TRUE,TRUE,7,5,7,37,7,7,5,5,7,7,37,37,7,5,7,37,-1.02293721874924,-0.805372655276413,-1.04918039036222,-0.571787751538705,-0.911539564332537,-0.709944674895415,-0.905139624009477,-0.457862581875951,-0.965800113541406,-0.752824937837007,-0.977525803524127,-0.53199714079117
Chongqing,2014,observed,observed,TRUE,TRUE,11,5,11,4,11,11,5,5,11,11,4,4,11,5,11,4,-0.824903505574102,-0.805372655276413,-0.787327850282387,-1.58284773983085,-0.722681010298509,-0.709944674895415,-0.66090400966539,-1.39994088126756,-0.770402292022338,-0.752824937837007,-0.721348332964026,-1.53669262967974
Chongqing,2015,observed,observed,TRUE,TRUE,33,20,32,2,33,33,20,20,32,32,2,2,33,20,32,2,-0.316245735007472,0.000145452740892209,-0.134028064498062,-1.83750138749872,-0.237590014895983,0.0618876213106921,-0.051556953176077,-1.63722024956108,-0.26851491802978,0.0432599862620492,-0.0822073622915191,-1.7897432636714
Chongqing,2016,observed,observed,TRUE,TRUE,37,22,32,5,37,37,22,22,32,32,5,5,37,22,32,5,-0.261921885480906,0.0586396902830979,-0.134028064498062,-1.49195791887047,-0.185783059874764,0.117935699221879,-0.051556953176077,-1.31525220902864,-0.214914136204146,0.101069215118042,-0.0822073622915191,-1.44637494906513
Chongqing,2017,observed,observed,TRUE,TRUE,95,33,76,3,95,95,33,33,76,76,3,3,95,33,76,3,0.190719100649361,0.309964080753723,0.413163524888733,-1.69408789038711,0.245886481469931,0.358750001791693,0.458820658425693,-1.50359143917079,0.231702054554633,0.349450420109838,0.453125070375105,-1.64723253704562
Chongqing,2018,observed,observed,TRUE,TRUE,73,28,62,16,73,73,28,28,62,62,16,16,73,28,62,16,0.0635939118350065,0.207686558913861,0.283568819264068,-0.9727787395889,0.1246511677658,0.260749604598592,0.337944830624552,-0.831495118489132,0.106268942402881,0.248370640027256,0.3263390408228,-0.93046393944228
Chongqing,2019,observed,observed,TRUE,TRUE,101,35,80,13,101,101,35,35,80,80,13,13,101,35,80,13,0.220328846908821,0.346716553912253,0.445869643892634,-1.069568201577,0.274124369727526,0.393965530116714,0.489326373838243,-0.921680916369237,0.260917685681612,0.385772495943584,0.485122357228625,-1.02664412356336
Chongqing,2020,observed,observed,TRUE,TRUE,87,27,69,16,87,87,27,27,69,69,16,16,87,27,69,16,0.148221766774849,0.185123077830001,0.351611464851621,-0.9727787395889,0.205358104270117,0.239129701529964,0.401409700362331,-0.831495118489132,0.189770373699342,0.226071393185658,0.392907013894677,-0.93046393944228
Chongqing,2021,observed,observed,TRUE,TRUE,206,48,145,148,206,206,48,48,145,145,148,148,206,48,145,148,0.565999933267859,0.544952241088048,0.826352146986819,0.10936170352873,0.6037800656918,0.583911235992271,0.844210759768023,0.176814022571016,0.601987780029393,0.581686703716648,0.857358751060544,0.14486456147156
Chongqing,2022,observed,observed,TRUE,TRUE,438,91,241,397,438,438,91,91,241,241,397,397,438,91,241,397,0.933178032337055,0.950017579801615,1.15269892907749,0.599154400979153,0.95394632653368,0.972037222709481,1.1486015699119,0.633189585655009,0.964278621913384,0.982008442254176,1.17663269484558,0.631574073584914
Chongqing,2023,observed,observed,TRUE,TRUE,734,147,290,1980,734,734,147,147,290,290,1980,1980,734,147,290,1980,1.18489105969752,1.25571179835317,1.27177655450868,1.39922178981452,1.19399716240719,1.2649476716407,1.25966788606432,1.3786706983493,1.21264126888707,1.28412276637798,1.29312957845024,1.4266051357156
Chongqing,2024,observed,observed,TRUE,TRUE,2467,424,358,3071,2467,2467,424,424,358,358,3071,3071,2467,424,358,3071,1.77650011094066,1.93399050082891,1.40739563055668,1.61793329878374,1.75819619791388,1.91486156331985,1.38616277645287,1.58246015576333,1.796375815649,1.95445834791752,1.42580941363948,1.64393988239128
Fujian,2002,observed,observed,TRUE,TRUE,4,1,4,6,4,4,1,1,4,4,6,6,4,1,4,6,-1.25249227057504,-1.51177291970582,-1.35271241248606,-1.41511167020524,-1.13045903245707,-1.38680411816374,-1.18825060652627,-1.24364895690168,-1.19229971467644,-1.45095275804953,-1.27447944635674,-1.37001243816963
Fujian,2003,observed,observed,TRUE,TRUE,25,2,25,35,25,25,2,2,25,25,35,35,25,2,25,35,-0.447268879327791,-1.25106160003567,-0.287995769298572,-0.598741010097341,-0.362542686764753,-1.13699543663922,-0.195166012533061,-0.482976897821609,-0.39779410266097,-1.19329455140507,-0.232838160647396,-0.558780731872103
Fujian,2004,observed,observed,TRUE,TRUE,21,2,21,26,21,21,2,2,21,21,26,26,21,2,21,26,-0.52885997070746,-1.25106160003567,-0.395880604577892,-0.742154507208946,-0.440353556908843,-1.13699543663922,-0.295792567520163,-0.616605708211903,-0.478299190685306,-1.19329455140507,-0.33838483285162,-0.70129145849788
Fujian,2005,observed,observed,TRUE,TRUE,10,1,10,23,10,10,1,1,10,10,23,23,10,1,10,23,-0.867400839448614,-1.51177291970582,-0.843520478513421,-0.800870981613982,-0.763209387498323,-1.38680411816374,-0.713316107991538,-0.671316127963757,-0.81233397287763,-1.45095275804953,-0.776323111363968,-0.759638319852594
Fujian,2006,observed,observed,TRUE,TRUE,4,1,4,86,4,4,1,1,4,4,86,86,4,1,4,86,-1.25249227057504,-1.51177291970582,-1.35271241248606,-0.158857783912241,-1.13045903245707,-1.38680411816374,-1.18825060652627,-0.073105627616017,-1.19229971467644,-1.45095275804953,-1.27447944635674,-0.121666516985163
Fujian,2007,observed,observed,TRUE,TRUE,50,5,50,96,50,50,5,5,50,50,96,96,50,5,50,96,-0.118212021832333,-0.805372655276413,0.147103752820017,-0.104618051510162,-0.0487314608619545,-0.709944674895415,0.210660866415886,-0.0225665147517844,-0.0731170965107113,-0.752824937837007,0.192831550191641,-0.0677682170880993
Fujian,2008,observed,observed,TRUE,TRUE,33,6,31,80,33,33,6,6,31,31,80,80,33,6,31,80,-0.316245735007472,-0.706254811688515,-0.153900642491159,-0.194481067064059,-0.237590014895983,-0.614971821957637,-0.0700925430667273,-0.106298437537314,-0.26851491802978,-0.654867833950475,-0.101649246499432,-0.15706555591112
Fujian,2009,observed,observed,TRUE,TRUE,8,6,8,98,8,8,6,6,8,8,98,98,8,6,8,98,-0.965410661140117,-0.706254811688515,-0.973115184138086,-0.0944439463676744,-0.856678286853961,-0.614971821957637,-0.834191935792679,-0.0130865592778697,-0.909039252695593,-0.654867833950475,-0.903109140916272,-0.0576581566975165
Fujian,2010,observed,observed,TRUE,TRUE,22,9,18,81,22,22,9,9,18,18,81,81,22,9,18,81,-0.507149230564726,-0.476915237288597,-0.490558275563652,-0.188364255983416,-0.419648703555217,-0.395222956527764,-0.384100510344872,-0.100598958725691,-0.456877427393391,-0.428213987361657,-0.431010576578449,-0.150987249410745
Fujian,2011,observed,observed,TRUE,TRUE,14,8,9,102,14,14,8,8,9,9,102,102,14,8,9,102,-0.715917688658749,-0.544661335606264,-0.905072538550533,-0.0746982424961231,-0.618744647833561,-0.460135993370887,-0.7707270660549,0.00531195252064722,-0.662867110965048,-0.495166731192549,-0.836541167844396,-0.0380367496253331
Fujian,2012,observed,observed,TRUE,TRUE,37,18,34,188,37,37,18,18,34,34,188,188,37,18,34,188,-0.261921885480906,-0.064207533584587,-0.0960284090839089,0.227908650229417,-0.185783059874764,0.000225800540987319,-0.0161138401090443,0.287272855122088,-0.214914136204146,-0.0203393813059435,-0.0450312646176707,0.262665269590651
Fujian,2013,observed,observed,TRUE,TRUE,79,25,69,335,79,79,25,25,69,69,335,335,79,25,69,335,0.101671204389575,0.13747215341773,0.351611464851621,0.514735644452627,0.160964289900851,0.193471482255424,0.401409700362331,0.554530475902676,0.143839414092855,0.178978494632001,0.392907013894677,0.547686722842204
Fujian,2014,observed,observed,TRUE,TRUE,81,26,58,34,81,81,26,26,58,58,34,34,81,26,58,34,0.11373135373777,0.161738928823143,0.241205580855248,-0.61278458239249,0.172465676865808,0.216723449897442,0.298431707875279,-0.49606231793357,0.155739039020596,0.202961089019975,0.284893931078982,-0.572735901591211
Fujian,2015,observed,observed,TRUE,TRUE,137,39,91,378,137,137,39,39,91,91,378,378,137,39,91,378,0.367966220092721,0.41446265222992,0.528106439451172,0.574769197163024,0.414921511657771,0.458878566959837,0.56603043895369,0.610468113529283,0.406589958510325,0.452725239774476,0.565576853743081,0.607342371654866
Fujian,2016,observed,observed,TRUE,TRUE,136,45,100,279,136,136,45,45,100,100,279,279,136,45,100,279,0.364414122745339,0.504328635042356,0.588380936606302,0.423845823492248,0.411533987594021,0.54498646096568,0.62224978606209,0.469841803663754,0.403085140707468,0.541538828686109,0.624545035666297,0.457369042227593
Fujian,2017,observed,observed,TRUE,TRUE,225,62,128,426,225,225,62,62,128,128,426,426,225,62,128,426,0.608890354674634,0.706545717170299,0.746404872582208,0.634215880939284,0.644683318167957,0.738747064579021,0.769642181310115,0.665858922586032,0.644307316296972,0.741387806474573,0.779144155437741,0.666414845801806
Fujian,2018,observed,observed,TRUE,TRUE,384,94,196,807,384,384,94,94,196,196,807,807,384,94,196,807,0.869071089127183,0.970650148832637,1.01983430342272,0.952157068851601,0.892809541265959,0.991806962176967,1.02467581589211,0.96210790591385,0.901024962490367,1.00239938938193,1.04664761348346,0.982354632685231
Fujian,2019,observed,observed,TRUE,TRUE,420,114,187,514,420,420,114,114,187,187,514,514,420,114,187,514,0.912729924696473,1.09349737270032,0.989635189030928,0.727628845316631,0.934445606278452,1.10951686085786,0.996508438734423,0.752898591488756,0.944102685083762,1.12380798580592,1.01710299751111,0.759239786953083
Fujian,2020,observed,observed,TRUE,TRUE,327,75,188,1251,327,327,75,75,188,188,1251,1251,327,75,188,1251,0.790813091220079,0.82717035593393,0.993061233279428,1.17047397697551,0.818177338044769,0.854327324028588,0.999703985440013,1.16552968495312,0.823808603405243,0.86059984583019,1.02045478989525,1.19929726247983
Fujian,2021,observed,observed,TRUE,TRUE,646,111,276,2498,646,646,111,111,276,276,2498,2498,646,111,276,2498,1.12260680570427,1.07650096734852,1.23993450818684,1.51502101543271,1.13459861879734,1.09323122501757,1.22996811021714,1.48656927885344,1.15118603810796,1.10701062032179,1.26197763743146,1.54167541932154
Fujian,2022,observed,observed,TRUE,TRUE,1019,138,314,5468,1019,1019,138,138,314,314,5468,5468,1019,138,314,5468,1.34493727004764,1.2153714700404,1.32295641894681,1.90545962028566,1.34662822396091,1.22629432800826,1.30740446952188,1.85036939075186,1.37055721331587,1.24425485169876,1.34320023352723,1.92965626074156
Fujian,2023,observed,observed,TRUE,TRUE,2937,477,361,11034,2937,2937,477,477,361,361,11034,11034,2937,477,361,11034,1.86164043157839,2.00955607062657,1.41276992919655,2.25540450496413,1.8393918569147,1.98726707062075,1.39117550281243,2.17643855149034,1.88038289156206,2.02913899171451,1.43106723634831,2.27739828502043
Fujian,2024,observed,observed,TRUE,TRUE,7816,1177,365,10706,7816,7816,1177,1177,365,365,10706,10706,7816,1177,365,10706,2.33958587655155,2.58951193688121,1.41986678991347,2.2403621952857,2.29519346865821,2.54296987046383,1.39779490064826,2.16242253494842,2.35196673077495,2.60230316663857,1.43801028844482,2.26245066484815
Gansu,2002,observed,observed,TRUE,TRUE,4,2,4,,4,4,2,2,4,4,,,4,2,4,,-1.25249227057504,-1.25106160003567,-1.35271241248606,,-1.13045903245707,-1.13699543663922,-1.18825060652627,,-1.19229971467644,-1.19329455140507,-1.27447944635674,
Gansu,2003,structural_zero,coverage_gap,TRUE,TRUE,0,0,0,0,,0,,0,,0,,0,3.47213595499958,2.46410161513776,3.47213595499958,1,,,,,-1.88010705610098,-1.81385487990754,-2.1577102454236,-2.14752752023567,-1.24606730520508,-1.10188884794327,-1.34497176419661,-1.99060085165189
Gansu,2004,observed,observed,TRUE,TRUE,3,3,3,1,3,3,3,3,3,3,1,1,3,3,3,1,-1.36147808749039,-1.06608397494656,-1.49682026429775,-2.03963135901536,-1.23439539492202,-0.959753356419943,-1.32266316448085,-1.82555947970323,-1.29983489573373,-1.01048314448146,-1.41546408203647,-1.99060085165189
Gansu,2005,observed,observed,TRUE,TRUE,1,1,1,4,1,1,1,1,1,1,4,4,1,1,1,4,-1.70001895623155,-1.51177291970582,-1.94446013823328,-1.58284773983085,-1.5572512255115,-1.38680411816374,-1.74018670495223,-1.39994088126756,-1.63386967792605,-1.45095275804953,-1.85340236054882,-1.53669262967974
Gansu,2006,observed,observed,TRUE,TRUE,4,2,4,3,4,4,2,2,4,4,3,3,4,2,4,3,-1.25249227057504,-1.25106160003567,-1.35271241248606,-1.69408789038711,-1.13045903245707,-1.13699543663922,-1.18825060652627,-1.50359143917079,-1.19229971467644,-1.19329455140507,-1.27447944635674,-1.64723253704562
Gansu,2007,observed,observed,TRUE,TRUE,16,7,16,17,16,16,7,7,16,16,17,17,16,7,16,17,-0.654786603748626,-0.620395030187304,-0.562388661195343,-0.944284478725587,-0.560445845485463,-0.532702594676143,-0.451098288399574,-0.804944938354051,-0.602549700222103,-0.570013530913398,-0.501284198880807,-0.902149046478371
Gansu,2008,observed,observed,TRUE,TRUE,1,1,1,21,1,1,1,1,1,1,21,21,1,1,1,21,-1.70001895623155,-1.51177291970582,-1.94446013823328,-0.844247358029202,-1.5572512255115,-1.38680411816374,-1.74018670495223,-0.711733060094606,-1.63386967792605,-1.45095275804953,-1.85340236054882,-0.802741647264767
Gansu,2009,observed,observed,TRUE,TRUE,18,8,18,76,18,18,8,8,18,18,76,76,18,8,18,76,-0.60046275422206,-0.544661335606264,-0.490558275563652,-0.219727669219085,-0.508638890464244,-0.460135993370887,-0.384100510344872,-0.129822537293056,-0.54894891839647,-0.495166731192549,-0.431010576578449,-0.182153233782504
Gansu,2010,observed,observed,TRUE,TRUE,4,3,4,65,4,4,3,3,4,4,65,65,4,3,4,65,-1.25249227057504,-1.06608397494656,-1.35271241248606,-0.296573917884316,-1.13045903245707,-0.959753356419943,-1.18825060652627,-0.201425789420017,-1.19229971467644,-1.01048314448146,-1.27447944635674,-0.258515744678008
Gansu,2011,observed,observed,TRUE,TRUE,28,5,28,92,28,28,5,5,28,28,92,92,28,5,28,92,-0.393934718554197,-0.805372655276413,-0.217474011928701,-0.125611210142381,-0.311679566931156,-0.709944674895415,-0.129388820795285,-0.0421273710927679,-0.345169836516491,-0.752824937837007,-0.1638448050093,-0.0886292263452652
Gansu,2012,observed,observed,TRUE,TRUE,26,12,22,117,26,26,12,12,22,22,117,117,26,12,22,117,-0.428836079223825,-0.308216791341528,-0.367173308419888,-0.00692247503702897,-0.344963902230452,-0.233579279488376,-0.26901664198906,0.0684635760515895,-0.379606648984201,-0.261491118936065,-0.310299703281614,0.0293123776377633
Gansu,2013,observed,observed,TRUE,TRUE,30,13,25,97,30,30,13,13,25,25,97,97,30,13,25,97,-0.361361902140109,-0.260565866929257,-0.287995769298572,-0.0995050441386342,-0.280615891407685,-0.187921060213836,-0.195166012533061,-0.0178023530352454,-0.313030574640283,-0.214398220382408,-0.232838160647396,-0.0626873954748284
Gansu,2014,observed,observed,TRUE,TRUE,36,14,26,21,36,36,14,14,26,26,21,21,36,14,26,21,-0.274946956906148,-0.216203917618448,-0.263622770122726,-0.844247358029202,-0.19820466282368,-0.145414275003236,-0.172432780977218,-0.711733060094606,-0.227765839789443,-0.1705557807172,-0.208993391843824,-0.802741647264767
Gansu,2015,observed,observed,TRUE,TRUE,41,9,27,217,41,41,9,9,27,27,217,217,41,9,27,217,-0.213040000137119,-0.476915237288597,-0.240136260895593,0.29907052888338,-0.139165935767616,-0.395222956527764,-0.15052639806362,0.353579565307583,-0.166682884288602,-0.428213987361657,-0.186015900297402,0.333379192891326
Gansu,2016,observed,observed,TRUE,TRUE,49,19,42,175,49,49,19,19,42,42,175,175,49,19,42,175,-0.127883847436227,-0.0312262925293385,0.036912458566848,0.192383047855535,-0.0579551782236803,0.0318278052160364,0.107883026494655,0.254171061502718,-0.082660187042179,0.0122556262064091,0.0850284063652929,0.227363296554037
Gansu,2017,observed,observed,TRUE,TRUE,73,20,62,163,73,73,20,20,62,62,163,163,73,20,62,163,0.0635939118350065,0.000145452740892209,0.283568819264068,0.157179212644829,0.1246511677658,0.0618876213106921,0.337944830624552,0.221369081806751,0.106268942402881,0.0432599862620492,0.3263390408228,0.192381065195523
Gansu,2018,observed,observed,TRUE,TRUE,98,24,72,138,98,98,24,24,72,72,138,138,98,24,72,138,0.205748324383971,0.112253500369368,0.378712273051289,0.0747287635853591,0.260219381748694,0.169307443364415,0.426687219296649,0.144543987615034,0.246531234545155,0.154055169758149,0.419420472548196,0.110449631664251
Gansu,2019,observed,observed,TRUE,TRUE,225,40,162,164,225,225,40,40,162,162,164,164,225,40,162,164,0.608890354674634,0.430339834966004,0.89748373237767,0.160209701300193,0.644683318167957,0.474091784746634,0.910556751492629,0.22419280901565,0.644307316296972,0.46841648952735,0.92694871805801,0.19539247729414
Gansu,2020,observed,observed,TRUE,TRUE,163,34,106,235,163,163,34,34,106,106,235,235,163,34,106,235,0.452272222478925,0.328602870728708,0.625649419764337,0.338620993591217,0.495321507455289,0.376609339678343,0.657010918709494,0.390431616584031,0.489773821212919,0.367870936737399,0.661005807611172,0.372680692244031
Gansu,2021,observed,observed,TRUE,TRUE,192,43,141,780,192,192,43,43,141,141,780,780,192,43,141,780,0.531797176303924,0.475746452630708,0.808411887077185,0.935214124202763,0.571161966881152,0.517599551519703,0.827477485387007,0.946320929209901,0.568240272630042,0.513291363744857,0.839807306253326,0.965518341808039
Gansu,2022,observed,observed,TRUE,TRUE,364,45,208,1059,364,364,45,45,208,208,1059,1059,364,45,208,1059,0.843016312943531,0.504328635042356,1.05802125809173,1.08748469932209,0.867961916703301,0.54498646096568,1.06029362708719,1.08820252487873,0.875316983657743,0.541538828686109,1.08400695111875,1.11683039221493
Gansu,2023,observed,observed,TRUE,TRUE,932,158,302,2369,932,932,158,158,302,302,2369,2369,932,158,302,2369,1.30139408730996,1.30180922302357,1.29787335062166,1.48859943413935,1.30510245343414,1.30911735668989,1.28400894087755,1.46195036537618,1.32759360417815,1.329680357765,1.31866078473874,1.5154201586623
Gansu,2024,observed,observed,TRUE,TRUE,1692,372,348,2153,1692,1692,372,372,348,348,2153,2153,1692,372,348,2153,1.59241498554235,1.85007297254924,1.38915125833461,1.44095976757843,1.5826399754683,1.83445336653398,1.36914584983981,1.41756101501418,1.61474092177069,1.87152355294992,1.40796044747561,1.4680803779963
Guangdong,2002,observed,observed,TRUE,TRUE,16,5,16,41,16,16,5,5,16,16,41,41,16,5,16,41,-0.654786603748626,-0.805372655276413,-0.562388661195343,-0.521894761432111,-0.560445845485463,-0.709944674895415,-0.451098288399574,-0.411373645694648,-0.602549700222103,-0.752824937837007,-0.501284198880807,-0.4824182209766
Guangdong,2003,observed,observed,TRUE,TRUE,8,5,8,366,8,8,5,5,8,8,366,366,8,5,8,366,-0.965410661140117,-0.805372655276413,-0.973115184138086,0.558729834614788,-0.856678286853961,-0.709944674895415,-0.834191935792679,0.595523070141411,-0.909039252695593,-0.752824937837007,-0.903109140916272,0.591403974939077
Guangdong,2004,observed,observed,TRUE,TRUE,2,2,2,136,2,2,2,2,2,2,136,136,2,2,2,136,-1.50198524305641,-1.25106160003567,-1.68260759815345,0.0675037987371465,-1.36839267147747,-1.13699543663922,-1.49595109060814,0.137811961151534,-1.43847185640698,-1.19329455140507,-1.59722488998872,0.103270147089217
Guangdong,2005,observed,observed,TRUE,TRUE,7,4,7,170,7,7,4,4,7,7,170,170,7,4,7,170,-1.02293721874924,-0.922604182047855,-1.04918039036222,0.178015660122823,-0.911539564332537,-0.822273718271565,-0.905139624009477,0.240783918940785,-0.965800113541406,-0.868683600929724,-0.977525803524127,0.21308634977608
Guangdong,2006,observed,observed,TRUE,TRUE,13,8,13,174,13,13,8,8,13,13,174,174,13,8,13,174,-0.749614582053412,-0.544661335606264,-0.687776134831122,0.189542505420265,-0.650880320391125,-0.460135993370887,-0.568049938534995,0.251524321034539,-0.696115487999994,-0.495166731192549,-0.623954178809749,0.224540634987206
Guangdong,2007,observed,observed,TRUE,TRUE,19,7,16,450,19,19,7,7,16,16,450,450,19,7,16,450,-0.575410533092733,-0.620395030187304,-0.562388661195343,0.661476276374496,-0.484747371278109,-0.532702594676143,-0.451098288399574,0.69125942035049,-0.524230150291793,-0.570013530913398,-0.501284198880807,0.693503640370109
Guangdong,2008,observed,observed,TRUE,TRUE,19,11,15,483,19,19,11,11,15,15,483,483,19,11,15,483,-0.575410533092733,-0.359683710517155,-0.601540516426688,0.696680111585202,-0.484747371278109,-0.282893913151614,-0.487616083538102,0.724061400046458,-0.524230150291793,-0.31235532426894,-0.539587525011779,0.728485871728624
Guangdong,2009,observed,observed,TRUE,TRUE,50,16,43,604,50,50,16,16,43,43,604,604,50,16,43,604,-0.118212021832333,-0.135724864005535,0.0517592693576374,0.807920262141465,-0.0487314608619545,-0.0683007599521075,0.121730972951211,0.827711957949684,-0.0731170965107113,-0.0910191934582289,0.0995534456607273,0.839025779094504
Guangdong,2010,observed,observed,TRUE,TRUE,41,19,40,442,41,41,19,19,40,40,442,442,41,19,40,442,-0.213040000137119,-0.0312262925293385,0.0061538917814764,0.652554090143603,-0.139165935767616,0.0318278052160364,0.0791938358040524,0.682945968993907,-0.166682884288602,0.0122556262064091,0.0549364628816507,0.68463761821415
Guangdong,2011,observed,observed,TRUE,TRUE,16,11,16,601,16,16,11,11,16,16,601,601,16,11,16,601,-0.654786603748626,-0.359683710517155,-0.562388661195343,0.805442143457963,-0.560445845485463,-0.282893913151614,-0.451098288399574,0.825402914112446,-0.602549700222103,-0.31235532426894,-0.501284198880807,0.836563259866095
Guangdong,2012,observed,observed,TRUE,TRUE,32,18,31,387,32,32,18,18,31,31,387,387,32,18,31,387,-0.330826257532322,-0.064207533584587,-0.153900642491159,0.58646888574633,-0.251495002874815,0.000225800540987319,-0.0700925430667273,0.621369566313098,-0.282901369166238,-0.0203393813059435,-0.101649246499432,0.618968412124437
Guangdong,2013,observed,observed,TRUE,TRUE,96,28,86,494,96,96,28,28,86,86,494,494,96,28,86,494,0.195780402237228,0.207686558913861,0.492018402086658,0.70788314144508,0.250713286381524,0.260749604598592,0.532370334020176,0.734500079690239,0.23669598860992,0.248370640027256,0.530270944063149,0.7396183798809
Guangdong,2014,observed,observed,TRUE,TRUE,170,35,129,20,170,170,35,35,129,129,20,20,170,35,129,20,0.472686409610526,0.346716553912253,0.751391830384171,-0.867438230060357,0.514789878782773,0.393965530116714,0.774293626364264,-0.733341686227089,0.509916289026315,0.385772495943584,0.78402303205703,-0.825786535582868
Guangdong,2015,observed,observed,TRUE,TRUE,185,49,145,534,185,185,49,49,145,145,534,534,185,49,145,534,0.513753548517338,0.557942445128627,0.826352146986819,0.746622146293007,0.553954323805304,0.596358205108215,0.844210759768023,0.770596034658158,0.550436811263432,0.594524783326216,0.857358751060544,0.778113527414617
Guangdong,2016,observed,observed,TRUE,TRUE,320,77,205,489,320,320,77,77,205,205,489,489,320,77,205,489,0.780276847109646,0.843872417847138,1.04868411482487,0.702822043674119,0.808129251808633,0.870330925523753,1.05158466852102,0.729784285932863,0.813412600052263,0.877106314844525,1.0748721695977,0.734589141103587
Guangdong,2017,observed,observed,TRUE,TRUE,410,107,222,509,410,410,107,107,222,222,509,509,410,107,222,509,0.900988704661631,1.05311681834166,1.0998938356152,0.722765256996987,0.923248372217529,1.07082497338504,1.09934909965392,0.748366831686006,0.93251774441886,1.08390031615611,1.12497203395707,0.754406814329163
Guangdong,2018,observed,observed,TRUE,TRUE,854,161,299,940,854,854,161,161,299,299,940,940,854,161,299,940,1.25875396400819,1.31382813801181,1.2914473490831,1.02812114802702,1.26443790242668,1.32063365490957,1.27801526812926,1.03288917641523,1.28552103446825,1.34155852280057,1.31237405244483,1.05784052724035
Guangdong,2019,observed,observed,TRUE,TRUE,1292,218,327,1043,1292,1292,218,218,327,327,1043,1043,1292,218,327,1043,1.4607700855341,1.50767477585651,1.34907351358806,1.07990259348914,1.45709435466017,1.50637385629098,1.33176445721818,1.08113772412345,1.48484825721737,1.53313508009894,1.36875129841869,1.10929601481413
Guangdong,2020,observed,observed,TRUE,TRUE,1183,166,317,3330,1183,1183,166,166,317,317,3330,3330,1183,166,317,3330,1.41775738679962,1.33337351006209,1.32907786597549,1.65828487608856,1.41607449012372,1.33936166268447,1.31311407759087,1.62005866204911,1.44240807117218,1.36087500478932,1.3491890118507,1.68403745143481
Guangdong,2021,observed,observed,TRUE,TRUE,1966,229,332,8479,1966,1966,229,229,332,332,8479,8479,1966,229,332,8479,1.66568030236394,1.53918631745958,1.35884386372508,2.12411510520682,1.65251081500325,1.53656762260166,1.34087747734524,2.05410664647605,1.68703105394218,1.56427759937398,1.37830989801762,2.14693533603373
Guangdong,2022,observed,observed,TRUE,TRUE,3150,290,352,16096,3150,3150,290,290,352,352,16096,16096,3150,290,352,16096,1.89582471715332,1.69044659010179,1.39651097133259,2.44362383209273,1.87199234013978,1.68150237005949,1.37601041577035,2.35181622014229,1.91411217343245,1.71376650777601,1.41516065511651,2.46443279442395
Guangdong,2023,observed,observed,TRUE,TRUE,7082,835,364,27868,7082,7082,835,835,364,364,27868,27868,7082,835,364,27868,2.29142691606806,2.3690007835112,1.41809987273403,2.71724913065555,2.24926577536364,2.33168023196824,1.39614685819397,2.60677285864602,2.30444878136007,2.38437435405651,1.43628166525262,2.73633565508034
Guangdong,2024,observed,observed,TRUE,TRUE,630,384,14,27404,630,630,384,384,14,14,27404,27404,630,384,14,27404,1.11037677746923,1.87043329830598,-0.643219998470703,2.70887934162865,1.122935223655,1.85396224761799,-0.526491451710814,2.59897411603526,1.13911879543535,1.89164544496372,-0.580363697284295,2.7280185528553
Guangxi,2002,observed,observed,TRUE,TRUE,14,9,9,5,14,14,9,9,9,9,5,5,14,9,9,5,-0.715917688658749,-0.476915237288597,-0.905072538550533,-1.49195791887047,-0.618744647833561,-0.395222956527764,-0.7707270660549,-1.31525220902864,-0.662867110965048,-0.428213987361657,-0.836541167844396,-1.44637494906513
Guangxi,2003,observed,observed,TRUE,TRUE,11,5,11,9,11,11,5,5,11,11,9,9,11,5,11,9,-0.824903505574102,-0.805372655276413,-0.787327850282387,-1.23730427120261,-0.722681010298509,-0.709944674895415,-0.66090400966539,-1.07797284073512,-0.770402292022338,-0.752824937837007,-0.721348332964026,-1.19332431507347
Guangxi,2004,observed,observed,TRUE,TRUE,12,7,10,16,12,12,7,7,10,10,16,16,12,7,10,16,-0.785809748068945,-0.620395030187304,-0.843520478513421,-0.9727787395889,-0.685398517354234,-0.532702594676143,-0.713316107991538,-0.831495118489132,-0.731828884853294,-0.570013530913398,-0.776323111363968,-0.93046393944228
Guangxi,2005,observed,observed,TRUE,TRUE,30,3,30,34,30,30,3,3,30,30,34,34,30,3,30,34,-0.361361902140109,-1.06608397494656,-0.17440420033536,-0.61278458239249,-0.280615891407685,-0.959753356419943,-0.089216661720651,-0.49606231793357,-0.313030574640283,-1.01048314448146,-0.121708435478118,-0.572735901591211
Guangxi,2006,observed,observed,TRUE,TRUE,10,4,10,56,10,10,4,4,10,10,56,56,10,4,10,56,-0.867400839448614,-0.922604182047855,-0.843520478513421,-0.369657780022064,-0.763209387498323,-0.822273718271565,-0.713316107991538,-0.269523351733804,-0.81233397287763,-0.868683600929724,-0.776323111363968,-0.331139552810679
Guangxi,2007,observed,observed,TRUE,TRUE,14,7,14,92,14,14,7,7,14,14,92,92,14,7,14,92,-0.715917688658749,-0.620395030187304,-0.643219998470703,-0.125611210142381,-0.618744647833561,-0.532702594676143,-0.526491451710814,-0.0421273710927679,-0.662867110965048,-0.570013530913398,-0.580363697284295,-0.0886292263452652
Guangxi,2008,observed,observed,TRUE,TRUE,16,9,16,167,16,16,9,9,16,16,167,167,16,9,16,167,-0.654786603748626,-0.476915237288597,-0.562388661195343,0.169192175824381,-0.560445845485463,-0.395222956527764,-0.451098288399574,0.232562435370234,-0.602549700222103,-0.428213987361657,-0.501284198880807,0.204318408235936
Guangxi,2009,observed,observed,TRUE,TRUE,9,6,9,218,9,9,6,6,9,9,218,218,9,6,9,218,-0.913951401833887,-0.706254811688515,-0.905072538550533,0.301352060776983,-0.807603201867589,-0.614971821957637,-0.7707270660549,0.355705434901101,-0.858264932484116,-0.654867833950475,-0.836541167844396,0.33564636281972
Guangxi,2010,observed,observed,TRUE,TRUE,33,14,32,97,33,33,14,14,32,32,97,97,33,14,32,97,-0.316245735007472,-0.216203917618448,-0.134028064498062,-0.0995050441386342,-0.237590014895983,-0.145414275003236,-0.051556953176077,-0.0178023530352454,-0.26851491802978,-0.1705557807172,-0.0822073622915191,-0.0626873954748284
Guangxi,2011,observed,observed,TRUE,TRUE,29,15,25,64,29,29,15,15,25,25,64,64,29,15,25,64,-0.377376819917595,-0.174706085428045,-0.287995769298572,-0.304184964174652,-0.29588881724408,-0.105651832932342,-0.195166012533061,-0.208517556109254,-0.328832328772724,-0.129543917345331,-0.232838160647396,-0.266078880359541
Guangxi,2012,observed,observed,TRUE,TRUE,28,16,24,53,28,28,16,16,24,24,53,53,28,16,24,53,-0.393934718554197,-0.135724864005535,-0.31332481280332,-0.3966110385807,-0.311679566931156,-0.0683007599521075,-0.21879096762895,-0.294637667679462,-0.345169836516491,-0.0910191934582289,-0.257618253652317,-0.357923143891612
Guangxi,2013,observed,observed,TRUE,TRUE,46,17,43,80,46,46,17,17,43,43,80,80,46,17,43,80,-0.158104489625825,-0.0989723908470057,0.0517592693576374,-0.194481067064059,-0.0867756588095274,-0.0330852316270863,0.121730972951211,-0.106298437537314,-0.112478582880328,-0.0546971176244828,0.0995534456607273,-0.15706555591112
Guangxi,2014,observed,observed,TRUE,TRUE,144,30,107,86,144,144,30,30,107,107,86,86,144,30,107,86,0.392132835843464,0.250568661241459,0.631656977748333,-0.158857783912241,0.437968456712753,0.301838428271497,0.662614299965531,-0.073105627616017,0.430434908925447,0.290750562758851,0.666883165180871,-0.121666516985163
Guangxi,2015,observed,observed,TRUE,TRUE,141,40,105,332,141,141,40,40,105,105,332,332,141,40,105,332,0.381921776143978,0.430339834966004,0.619585451960135,0.510264638262684,0.42823048867145,0.474091784746634,0.651354922775406,0.550364513490193,0.420359761675563,0.46841648952735,0.655073262778248,0.543243861091324
Guangxi,2016,observed,observed,TRUE,TRUE,86,30,74,119,86,86,30,30,74,74,119,119,86,30,74,119,0.142639863362095,0.250568661241459,0.39616760121204,0.00145610619877144,0.200034817692352,0.301838428271497,0.442968187186511,0.0762705110043516,0.184262767194902,0.290750562758851,0.436497495420131,0.0376382167258221
Guangxi,2017,observed,observed,TRUE,TRUE,147,53,98,165,147,147,53,53,98,98,165,165,147,53,98,165,0.40213478057616,0.607427873582402,0.575464349517298,0.163221878734096,0.44750699835528,0.643774211641243,0.610202201639384,0.22699947432459,0.440303724595204,0.643430702588042,0.611908386780929,0.198385693438206
Guangxi,2018,observed,observed,TRUE,TRUE,257,78,137,388,257,257,78,78,137,137,388,388,257,78,137,388,0.673568009761099,0.852063525183702,0.789958979531002,0.587752062384279,0.706364373489778,0.878179490467392,0.810266053297776,0.622565195532824,0.708124091240137,0.885201498549789,0.821754324303182,0.620243511321837
Guangxi,2019,observed,observed,TRUE,TRUE,343,89,176,257,343,343,89,89,176,176,257,257,343,89,176,257,0.814075165327115,0.935885291570218,0.950697994870607,0.383052426164486,0.84036165004523,0.958495930008893,0.960190862690739,0.431831621453043,0.846761051913392,0.968041653063391,0.97900968015143,0.416832434364323
Guangxi,2020,observed,observed,TRUE,TRUE,264,70,157,687,264,264,70,70,157,157,687,687,264,70,157,687,0.686642896193011,0.783412439763252,0.87736348119794,0.872009391904337,0.718833483451405,0.812399312008673,0.891790151381969,0.887428472375779,0.721024946778534,0.81735436565196,0.907264528427137,0.902711475596368
Guangxi,2021,observed,observed,TRUE,TRUE,705,102,290,1644,705,705,102,102,290,290,1644,1644,705,102,290,1644,1.16522993770761,1.02263749962743,1.27177655450868,1.30656731621999,1.17524696573528,1.04162026362637,1.25966788606432,1.29233777060442,1.19324184267901,1.05377793171347,1.29312957845024,1.33453391074011
Guangxi,2022,observed,observed,TRUE,TRUE,714,98,304,2623,714,714,98,98,304,304,2623,2623,714,98,304,2623,1.1714167918528,0.997169091971006,1.30212210164533,1.53935308715781,1.18114717489233,1.01721691456876,1.28797184425876,1.50924124393652,1.19934634782939,1.02860777703377,1.32281745356445,1.56585432362059
Guangxi,2023,observed,observed,TRUE,TRUE,1735,309,359,4122,1735,1735,309,309,359,359,4122,4122,1735,309,359,4122,1.60466507826149,1.73111528841794,1.40919203735125,1.76462211462775,1.59432250548113,1.72047035165128,1.38783832451877,1.71914081939391,1.62682796186275,1.75395894701479,1.4275668873252,1.78970531001722
Guangxi,2024,observed,observed,TRUE,TRUE,3963,719,361,4808,3963,3963,719,719,361,361,4808,4808,3963,719,361,4808,2.00793158068804,2.27295212584799,1.41276992919655,1.84134743816235,1.97890514708056,2.23964821524029,1.39117550281243,1.79063139676098,2.02472685898677,2.28945049376759,1.43106723634831,1.86594765699105
Guizhou,2002,observed,observed,TRUE,TRUE,3,2,3,,3,3,2,2,3,3,,,3,2,3,,-1.36147808749039,-1.25106160003567,-1.49682026429775,,-1.23439539492202,-1.13699543663922,-1.32266316448085,,-1.29983489573373,-1.19329455140507,-1.41546408203647,
Guizhou,2003,structural_zero,coverage_gap,TRUE,TRUE,0,0,0,0,,0,,0,,0,,0,6.21110255092798,2,6.21110255092798,75,,,,,-1.88010705610098,-1.81385487990754,-2.1577102454236,-2.14752752023567,-1.01583189029351,-1.19329455140507,-1.04312026059811,-0.188628826184903
Guizhou,2004,observed,observed,TRUE,TRUE,12,2,12,75,12,12,2,2,12,12,75,75,12,2,12,75,-0.785809748068945,-1.25106160003567,-0.735635643234101,-0.226244282910459,-0.685398517354234,-1.13699543663922,-0.612689553004436,-0.13589454134351,-0.731828884853294,-1.19329455140507,-0.670776439159743,-0.188628826184903
Guizhou,2005,structural_zero,coverage_gap,TRUE,TRUE,0,0,0,0,,0,,0,,0,,0,10.4017542509914,2,10.4017542509914,75.9935062196807,,,,,-1.88010705610098,-1.81385487990754,-2.1577102454236,-2.14752752023567,-0.795046908668705,-1.19329455140507,-0.753658803502069,-0.182195012964916
Guizhou,2006,observed,observed,TRUE,TRUE,9,2,9,77,9,9,2,2,9,9,77,77,9,2,9,77,-0.913951401833887,-1.25106160003567,-0.905072538550533,-0.213295143214273,-0.807603201867589,-1.13699543663922,-0.7707270660549,-0.123828883870333,-0.858264932484116,-1.19329455140507,-0.836541167844396,-0.17576119974493
Guizhou,2007,observed,observed,TRUE,TRUE,7,5,7,67,7,7,5,5,7,7,67,67,7,5,7,67,-1.02293721874924,-0.805372655276413,-1.04918039036222,-0.281691802332408,-0.911539564332537,-0.709944674895415,-0.905139624009477,-0.18755903742425,-0.965800113541406,-0.752824937837007,-0.977525803524127,-0.243727310229745
Guizhou,2008,observed,observed,TRUE,TRUE,43,5,24,48,43,43,5,5,24,24,48,48,43,5,24,48,-0.190319101966306,-0.805372655276413,-0.31332481280332,-0.44504851276688,-0.117497726319363,-0.709944674895415,-0.21879096762895,-0.339770393567687,-0.144264408492982,-0.752824937837007,-0.257618253652317,-0.406055710081097
Guizhou,2009,observed,observed,TRUE,TRUE,2,2,2,26,2,2,2,2,2,2,26,26,2,2,2,26,-1.50198524305641,-1.25106160003567,-1.68260759815345,-0.742154507208946,-1.36839267147747,-1.13699543663922,-1.49595109060814,-0.616605708211903,-1.43847185640698,-1.19329455140507,-1.59722488998872,-0.70129145849788
Guizhou,2010,observed,observed,TRUE,TRUE,6,2,6,23,6,6,2,2,6,6,23,23,6,2,6,23,-1.08815545079457,-1.25106160003567,-1.13541600876665,-0.800870981613982,-0.973736150980604,-1.13699543663922,-0.985573479006369,-0.671316127963757,-1.03015027019232,-1.19329455140507,-1.0618924573221,-0.759638319852594
Guizhou,2011,observed,observed,TRUE,TRUE,1,1,1,20,1,1,1,1,1,1,20,20,1,1,1,20,-1.70001895623155,-1.51177291970582,-1.94446013823328,-0.867438230060357,-1.5572512255115,-1.38680411816374,-1.74018670495223,-0.733341686227089,-1.63386967792605,-1.45095275804953,-1.85340236054882,-0.825786535582868
Guizhou,2012,observed,observed,TRUE,TRUE,23,7,21,28,23,23,7,7,21,21,28,28,23,7,21,28,-0.486362636832947,-0.620395030187304,-0.395880604577892,-0.706531224057128,-0.399825179709029,-0.532702594676143,-0.295792567520163,-0.583412898290606,-0.436367509830014,-0.570013530913398,-0.33838483285162,-0.665892419571922
Guizhou,2013,observed,observed,TRUE,TRUE,3,3,3,17,3,3,3,3,3,3,17,17,3,3,3,17,-1.36147808749039,-1.06608397494656,-1.49682026429775,-0.944284478725587,-1.23439539492202,-0.959753356419943,-1.32266316448085,-0.804944938354051,-1.29983489573373,-1.01048314448146,-1.41546408203647,-0.902149046478371
Guizhou,2014,observed,observed,TRUE,TRUE,35,16,30,39,35,35,16,16,30,30,39,39,35,16,30,39,-0.288328923657809,-0.135724864005535,-0.17440420033536,-0.546217333946115,-0.210966625675001,-0.0683007599521075,-0.089216661720651,-0.434036759670237,-0.240969688310945,-0.0910191934582289,-0.121708435478118,-0.506587685860937
Guizhou,2015,observed,observed,TRUE,TRUE,52,15,38,95,52,52,15,15,38,38,95,95,52,15,38,95,-0.0994246582046498,-0.174706085428045,-0.0261432292187414,-0.109784044357491,-0.0308145401925032,-0.105651832932342,0.0490696018110247,-0.0273800468988742,-0.054579798663403,-0.129543917345331,0.0233393099127053,-0.0729016906400582
Guizhou,2016,observed,observed,TRUE,TRUE,47,12,32,51,47,47,12,12,32,32,51,51,47,12,32,51,-0.147821768091793,-0.308216791341528,-0.134028064498062,-0.415425114730914,-0.0769693491195485,-0.233579279488376,-0.051556953176077,-0.31216811401248,-0.10233272763769,-0.261491118936065,-0.0822073622915191,-0.376618787725421
Guizhou,2017,observed,observed,TRUE,TRUE,44,18,32,62,44,44,18,18,32,32,62,62,44,18,32,62,-0.179343106742457,-0.064207533584587,-0.134028064498062,-0.31976478991547,-0.107030263210052,0.000225800540987319,-0.051556953176077,-0.223034415552501,-0.133434507253656,-0.0203393813059435,-0.0822073622915191,-0.281560632996109
Guizhou,2018,observed,observed,TRUE,TRUE,179,33,115,150,179,179,33,33,115,115,150,150,179,33,115,150,0.497738630739852,0.309964080753723,0.677805735942357,0.116008653317915,0.538681397968908,0.358750001791693,0.705658260147464,0.183007470265563,0.534635057130992,0.349450420109838,0.712031752015395,0.151469669521918
Guizhou,2019,observed,observed,TRUE,TRUE,198,25,148,64,198,198,25,25,148,148,64,64,198,25,148,64,0.546749708316232,0.13747215341773,0.839487674250219,-0.304184964174652,0.585421728664716,0.193471482255424,0.856462554499256,-0.208517556109254,0.582993781689457,0.178978494632001,0.87020959508056,-0.266078880359541
Guizhou,2020,observed,observed,TRUE,TRUE,215,17,115,183,215,215,17,17,115,115,183,183,215,17,115,183,0.586786526999638,-0.0989723908470057,0.677805735942357,0.214542867091844,0.623603589537988,-0.0330852316270863,0.705658260147464,0.274818980580428,0.622497697592771,-0.0546971176244828,0.712031752015395,0.249383622428976
Guizhou,2021,observed,observed,TRUE,TRUE,201,37,154,395,201,201,37,37,154,154,395,395,201,37,154,395,0.554057743401573,0.381481411174671,0.864983399347383,0.596642990888817,0.592391172992748,0.427276562284788,0.880242977176674,0.630849521787013,0.590204544505371,0.420130232262123,0.895152757226309,0.629078472515019
Guizhou,2022,observed,observed,TRUE,TRUE,324,44,204,643,324,324,44,44,204,204,643,643,324,44,204,643,0.786325360726377,0.49019634681096,1.04554149146422,0.839062555901961,0.813897529933584,0.531445168265093,1.04865347470138,0.856729503381978,0.819380606030581,0.527572039495324,1.07179765558608,0.869972035911238
Guizhou,2023,observed,observed,TRUE,TRUE,517,146,240,1465,517,517,146,146,240,240,1465,1465,517,146,240,1465,1.01399828601314,1.25135250551746,1.15002477276697,1.24913713461727,1.03102207288617,1.2607706792606,1.14610732559732,1.23882588362981,1.04402313232894,1.27981452392917,1.17401649490609,1.27746524513129
Guizhou,2024,observed,observed,TRUE,TRUE,1306,343,347,1465,1306,1306,343,343,347,347,1465,1465,1306,343,347,1465,1.46602994964224,1.79803118232023,1.38729814995772,1.24913713461727,1.46211052243257,1.78458790224293,1.36741741496293,1.23882588362981,1.49003811086268,1.82009120870825,1.40614750108784,1.27746524513129
Hainan,2002,observed,observed,TRUE,TRUE,2,2,2,,2,2,2,2,2,2,,,2,2,2,,-1.50198524305641,-1.25106160003567,-1.68260759815345,,-1.36839267147747,-1.13699543663922,-1.49595109060814,,-1.43847185640698,-1.19329455140507,-1.59722488998872,
Hainan,2003,observed,observed,TRUE,TRUE,5,1,5,1,5,5,1,1,5,5,1,1,5,1,5,1,-1.16344437431526,-1.51177291970582,-1.23496772421792,-2.03963135901536,-1.04553684088799,-1.38680411816374,-1.07842755013676,-1.82555947970323,-1.10443707421466,-1.45095275804953,-1.15928661147637,-1.99060085165189
Hainan,2004,observed,observed,TRUE,TRUE,9,3,9,10,9,9,3,3,9,9,10,10,9,3,9,10,-0.913951401833887,-1.06608397494656,-0.905072538550533,-1.18979082665745,-0.807603201867589,-0.959753356419943,-0.7707270660549,-1.03370110062705,-0.858264932484116,-1.01048314448146,-0.836541167844396,-1.14610996187103
Hainan,2005,observed,observed,TRUE,TRUE,9,2,9,28,9,9,2,2,9,9,28,28,9,2,9,28,-0.913951401833887,-1.25106160003567,-0.905072538550533,-0.706531224057128,-0.807603201867589,-1.13699543663922,-0.7707270660549,-0.583412898290606,-0.858264932484116,-1.19329455140507,-0.836541167844396,-0.665892419571922
Hainan,2006,observed,observed,TRUE,TRUE,19,6,13,25,19,19,6,6,13,13,25,25,19,6,13,25,-0.575410533092733,-0.706254811688515,-0.687776134831122,-0.76096858335916,-0.484747371278109,-0.614971821957637,-0.568049938534995,-0.634136154544921,-0.524230150291793,-0.654867833950475,-0.623954178809749,-0.719987102331689
Hainan,2007,observed,observed,TRUE,TRUE,19,3,19,10,19,19,3,3,19,19,10,10,19,3,19,10,-0.575410533092733,-1.06608397494656,-0.457432664615004,-1.18979082665745,-0.484747371278109,-0.959753356419943,-0.353203525583526,-1.03370110062705,-0.524230150291793,-1.01048314448146,-0.398602889332048,-1.14610996187103
Hainan,2008,observed,observed,TRUE,TRUE,4,2,4,15,4,4,2,2,4,4,15,15,4,2,4,15,-1.25249227057504,-1.25106160003567,-1.35271241248606,-1.00300095313062,-1.13045903245707,-1.13699543663922,-1.18825060652627,-0.859655358105904,-1.19229971467644,-1.19329455140507,-1.27447944635674,-0.960495907833085
Hainan,2009,observed,observed,TRUE,TRUE,22,9,21,19,22,22,9,9,21,21,19,19,22,9,21,19,-0.507149230564726,-0.476915237288597,-0.395880604577892,-0.891760802574361,-0.419648703555217,-0.395222956527764,-0.295792567520163,-0.756004800202678,-0.456877427393391,-0.428213987361657,-0.33838483285162,-0.849956000467205
Hainan,2010,observed,observed,TRUE,TRUE,23,7,17,28,23,23,7,7,17,17,28,28,23,7,17,28,-0.486362636832947,-0.620395030187304,-0.525475310202557,-0.706531224057128,-0.399825179709029,-0.532702594676143,-0.416668395321304,-0.583412898290606,-0.436367509830014,-0.570013530913398,-0.465170862403925,-0.665892419571922
Hainan,2011,observed,observed,TRUE,TRUE,1,1,1,29,1,1,1,1,1,1,29,29,1,1,1,29,-1.70001895623155,-1.51177291970582,-1.94446013823328,-0.68963083105772,-1.5572512255115,-1.38680411816374,-1.74018670495223,-0.567665570060531,-1.63386967792605,-1.45095275804953,-1.85340236054882,-0.649098412486714
Hainan,2012,observed,observed,TRUE,TRUE,25,9,23,31,25,25,9,9,23,23,31,31,25,9,23,31,-0.447268879327791,-0.476915237288597,-0.339687976346857,-0.657457484502378,-0.362542686764753,-0.395222956527764,-0.243380469194016,-0.537687317573463,-0.39779410266097,-0.428213987361657,-0.283410054451678,-0.617127593226817
Hainan,2013,observed,observed,TRUE,TRUE,31,6,30,16,31,31,6,6,30,30,16,16,31,6,30,16,-0.345855481266931,-0.706254811688515,-0.17440420033536,-0.9727787395889,-0.265827903153577,-0.614971821957637,-0.089216661720651,-0.831495118489132,-0.297730549156759,-0.654867833950475,-0.121708435478118,-0.93046393944228
Hainan,2014,observed,observed,TRUE,TRUE,28,10,16,15,28,28,10,10,16,16,15,15,28,10,16,15,-0.393934718554197,-0.415631436887809,-0.562388661195343,-1.00300095313062,-0.311679566931156,-0.336501971967897,-0.451098288399574,-0.859655358105904,-0.345169836516491,-0.367647863391276,-0.501284198880807,-0.960495907833085
Hainan,2015,observed,observed,TRUE,TRUE,29,11,25,69,29,29,11,11,25,25,69,69,29,11,25,69,-0.377376819917595,-0.359683710517155,-0.287995769298572,-0.267241113764244,-0.29588881724408,-0.282893913151614,-0.195166012533061,-0.174094277401128,-0.328832328772724,-0.31235532426894,-0.232838160647396,-0.229367586984942
Hainan,2016,observed,observed,TRUE,TRUE,53,21,38,29,53,53,21,21,38,38,29,29,53,21,38,29,-0.0902952104826706,0.0300575078714499,-0.0261432292187414,-0.68963083105772,-0.0221080716409722,0.0905487897759031,0.0490696018110247,-0.567665570060531,-0.045571866791877,0.0728217501767907,0.0233393099127053,-0.649098412486714
Hainan,2017,observed,observed,TRUE,TRUE,102,34,68,55,102,102,34,34,68,68,55,55,102,34,68,55,0.22509387233809,0.328602870728708,0.342319105595472,-0.378481264320506,0.278668625339757,0.376609339678343,0.392742512826401,-0.277744835304354,0.265619287108127,0.367870936737399,0.383816045790835,-0.339907494350823
Hainan,2018,observed,observed,TRUE,TRUE,162,50,89,140,162,162,50,50,89,89,140,140,162,50,89,140,0.449284988503266,0.570675400423872,0.513912289480186,0.0818505111137559,0.492472675909594,0.608558683316221,0.552791243576021,0.151179838976912,0.486826348270798,0.607108626754295,0.551690330300501,0.117526548659918
Hainan,2019,observed,observed,TRUE,TRUE,114,30,79,57,114,114,30,30,79,79,57,57,114,30,79,57,0.278918323832935,0.250568661241459,0.437847083256055,-0.360987755428882,0.329999320088691,0.301838428271497,0.481843555359223,-0.261444857758165,0.318727318048546,0.290750562758851,0.477273667692646,-0.322524104965654
Hainan,2020,observed,observed,TRUE,TRUE,124,43,85,331,124,124,43,43,85,85,331,331,124,43,85,331,0.31964283822028,0.475746452630708,0.484552332502377,0.508765347362341,0.368837014830749,0.517599551519703,0.525406566966029,0.548967514857031,0.358909776207435,0.513291363744857,0.52296668487764,0.541754008044473
Hainan,2021,observed,observed,TRUE,TRUE,449,119,214,1352,449,449,119,119,214,214,1352,1352,449,119,214,1352,0.945265316396359,1.12086291665933,1.07630005824959,1.20914971651938,0.965473591023337,1.13573801022817,1.07734266539198,1.20156669102508,0.976205020380605,1.150853059987,1.10188959906972,1.23772954295687
Hainan,2022,observed,observed,TRUE,TRUE,710,116,240,2210,710,710,116,116,240,240,2210,2210,710,116,240,2210,1.16867674970152,1.10458373751729,1.15002477276697,1.45398011336653,1.17853408245273,1.12013960704828,1.14610732559732,1.42969302039425,1.19664277650991,1.13476452148898,1.17401649490609,1.48101876229451
Hainan,2023,observed,observed,TRUE,TRUE,1165,263,297,3698,1165,1165,263,263,297,297,3698,3698,1165,263,297,3698,1.41027519606059,1.62783566181937,1.28712754818575,1.71052411917181,1.40893895899963,1.62150975653183,1.27398609497063,1.6687337731753,1.43502547076967,1.65188879752545,1.30814787359291,1.73594785484949
Hainan,2024,observed,observed,TRUE,TRUE,2594,580,343,4039,2594,2594,580,580,343,343,4039,4039,2594,580,343,4039,1.8010078102929,2.13502978526716,1.37983208037344,1.75448415666436,1.78156842372409,2.10749362334583,1.36045364790878,1.70969454488196,1.82055730973449,2.15314332085609,1.39884324190234,1.77963116926365
Hebei,2002,observed,observed,TRUE,TRUE,61,9,47,7,61,61,9,9,47,47,7,7,61,9,47,7,-0.0228210333989544,-0.476915237288597,0.107951897588672,-1.34854442175887,0.0422399391817952,-0.395222956527764,0.174143071277359,-1.18162339863835,0.0210042075520403,-0.428213987361657,0.154528224060669,-1.30386422243935
Hebei,2003,observed,observed,TRUE,TRUE,13,2,13,18,13,13,2,2,13,13,18,18,13,2,13,18,-0.749614582053412,-1.25106160003567,-0.687776134831122,-0.917331220166951,-0.650880320391125,-1.13699543663922,-0.568049938534995,-0.779830622408393,-0.696115487999994,-1.19329455140507,-0.623954178809749,-0.875365455397438
Hebei,2004,observed,observed,TRUE,TRUE,37,11,34,23,37,37,11,11,34,34,23,23,37,11,34,23,-0.261921885480906,-0.359683710517155,-0.0960284090839089,-0.800870981613982,-0.185783059874764,-0.282893913151614,-0.0161138401090443,-0.671316127963757,-0.214914136204146,-0.31235532426894,-0.0450312646176707,-0.759638319852594
Hebei,2005,observed,observed,TRUE,TRUE,88,13,56,32,88,88,13,13,56,56,32,32,88,13,56,32,0.153740596482797,-0.260565866929257,0.218934138451708,-0.642117386512561,0.210621239429743,-0.187921060213836,0.277658644470589,-0.523393829952458,0.195215746030033,-0.214398220382408,0.263105172494,-0.601884059284276
Hebei,2006,observed,observed,TRUE,TRUE,32,5,28,27,32,32,5,5,28,28,27,27,32,5,28,27,-0.330826257532322,-0.805372655276413,-0.217474011928701,-0.724024732948752,-0.251495002874815,-0.709944674895415,-0.129388820795285,-0.599712875836796,-0.282901369166238,-0.752824937837007,-0.1638448050093,-0.683275808957091
Hebei,2007,observed,observed,TRUE,TRUE,92,15,56,28,92,92,15,15,56,56,28,28,92,15,56,28,0.175212679776184,-0.174706085428045,0.218934138451708,-0.706531224057128,0.231098493215824,-0.105651832932342,0.277658644470589,-0.583412898290606,0.216402029071109,-0.129543917345331,0.263105172494,-0.665892419571922
Hebei,2008,observed,observed,TRUE,TRUE,104,16,40,49,104,104,16,16,40,40,49,49,104,16,40,49,0.234486685519388,-0.135724864005535,0.0061538917814764,-0.434977183389853,0.287626257286812,-0.0683007599521075,0.0791938358040524,-0.330386201767011,0.274887078961012,-0.0910191934582289,0.0549364628816507,-0.396047778495057
Hebei,2009,observed,observed,TRUE,TRUE,86,14,49,28,86,86,14,14,49,49,28,28,86,14,49,28,0.142639863362095,-0.216203917618448,0.134315061132209,-0.706531224057128,0.200034817692352,-0.145414275003236,0.198732572842425,-0.583412898290606,0.184262767194902,-0.1705557807172,0.18032002486003,-0.665892419571922
Hebei,2010,observed,observed,TRUE,TRUE,241,20,88,26,241,241,20,20,88,88,26,26,241,20,88,26,0.642299014816628,0.000145452740892209,0.506696484509086,-0.742154507208946,0.676544111693811,0.0618876213106921,0.546060903822332,-0.616605708211903,0.677271296555442,0.0432599862620492,0.544630911801113,-0.70129145849788
Hebei,2011,observed,observed,TRUE,TRUE,166,23,66,15,166,166,23,23,66,66,15,15,166,23,66,15,0.461125840729253,0.0860052342421038,0.323323388329389,-1.00300095313062,0.503764926072843,0.144156848592186,0.375024790191463,-0.859655358105904,0.498509594990719,0.128114289299126,0.365232018310267,-0.960495907833085
Hebei,2012,observed,observed,TRUE,TRUE,128,19,67,17,128,128,19,19,67,67,17,17,128,19,67,17,0.335027141019945,-0.0312262925293385,0.332891086675716,-0.944284478725587,0.383508542900298,0.0318278052160364,0.383948792543175,-0.804944938354051,0.374089309047813,0.0122556262064091,0.374592358143888,-0.902149046478371
Hebei,2013,observed,observed,TRUE,TRUE,162,31,85,33,162,162,31,31,85,85,33,33,162,31,85,33,0.449284988503266,0.270982859331213,0.484552332502377,-0.627235270960654,0.492472675909594,0.321398928811458,0.525406566966029,-0.509527077956691,0.486826348270798,0.310925696222735,0.52296668487764,-0.587095624836013
Hebei,2014,observed,observed,TRUE,TRUE,148,26,83,8,148,148,26,26,83,83,8,8,148,26,83,8,0.405423757533351,0.161738928823143,0.469356153119767,-1.28982794735383,0.450643592738262,0.216723449897442,0.51123275675184,-1.12691297888649,0.443548924223881,0.202961089019975,0.508099848775047,-1.24551736108464
Hebei,2015,observed,observed,TRUE,TRUE,116,23,73,76,116,116,23,23,73,73,76,76,116,23,73,76,0.28733941576364,0.0860052342421038,0.387498909629887,-0.219727669219085,0.338030251892783,0.144156848592186,0.434882708185692,-0.129822537293056,0.327036322569491,0.128114289299126,0.428016678385075,-0.182153233782504
Hebei,2016,observed,observed,TRUE,TRUE,145,35,95,100,145,145,35,35,95,95,100,100,145,35,95,100,0.395489627287025,0.346716553912253,0.555591771524201,-0.0844733370331357,0.441169723648873,0.393965530116714,0.591666611748733,-0.00379621568347336,0.433747020408129,0.385772495943584,0.592466502573017,-0.0477503111335728
Hebei,2017,observed,observed,TRUE,TRUE,302,74,127,46,302,302,74,74,127,127,46,46,302,74,127,46,0.752091456576711,0.818653764798776,0.7413791053799,-0.465822929031131,0.781249727026776,0.846166886632744,0.764954537876022,-0.359127431697677,0.785602366024439,0.852182989970674,0.774227310525263,-0.426699353926841
Hebei,2018,observed,observed,TRUE,TRUE,342,79,161,87,342,342,79,79,161,161,87,87,342,79,161,87,0.812653297561707,0.860151596989178,0.893509517828163,-0.15316042077271,0.839005659260142,0.885929328703637,0.906849914309617,-0.067796979029723,0.845358109659802,0.893194853342542,0.923060635740972,-0.116005018052231
Hebei,2019,observed,observed,TRUE,TRUE,506,109,160,161,506,506,109,109,160,160,161,161,506,109,160,161,1.00351491075111,1.06491519028867,0.889510694982267,0.151062401564186,1.02102440601602,1.08212995141188,0.903120124428171,0.215669602995127,1.03367929412318,1.09556052086466,0.919148478457459,0.186302758695147
Hebei,2020,observed,observed,TRUE,TRUE,270,93,143,391,270,270,93,93,143,143,391,391,270,93,143,391,0.697577932782724,0.963845924169926,0.817444311604032,0.591581893117857,0.729261885593297,0.985287282118813,0.83590222609282,0.626133728029637,0.731814434556161,0.995674846978409,0.848643973133118,0.624049233737707
Hebei,2021,observed,observed,TRUE,TRUE,497,107,225,568,497,497,107,107,225,225,568,568,497,107,225,568,0.994767013032046,1.05311681834166,1.10852391272001,0.777337422640727,1.01268180976021,1.07082497338504,1.10739856208375,0.799215696836544,1.02504783370278,1.08390031615611,1.13341507339741,0.808635454841147
Hebei,2022,observed,observed,TRUE,TRUE,345,88,211,630,345,345,88,88,211,211,630,630,345,88,211,630,0.816906542720097,0.928700934924587,1.06722532589566,0.828896431003093,0.843061846046152,0.951612014636451,1.06887846324678,0.84725698368282,0.849554742773482,0.960941430289982,1.0930115412906,0.859869905529615
Hebei,2023,observed,observed,TRUE,TRUE,1394,341,355,2569,1394,1394,341,341,355,355,2569,2569,1394,341,355,2569,1.49785481609014,1.79428194003349,1.40197623238014,1.52898700406128,1.49246090148324,1.78099544882145,1.38110798476508,1.49958240860724,1.52143937822444,1.81638587268717,1.42050746882581,1.55555349375379
Hebei,2024,observed,observed,TRUE,TRUE,2602,831,351,2996,2602,2602,831,831,351,351,2996,2996,2602,831,351,2996,1.80251119349598,2.36591687721402,1.39467889116423,1.60561151855246,1.78300215323076,2.32872529097443,1.37430159436534,1.57097905483937,1.82204068242938,2.38132656247233,1.41336828119777,1.63169566626484
Heilongjiang,2002,observed,observed,TRUE,TRUE,2,2,2,,2,2,2,2,2,2,,,2,2,2,,-1.50198524305641,-1.25106160003567,-1.68260759815345,,-1.36839267147747,-1.13699543663922,-1.49595109060814,,-1.43847185640698,-1.19329455140507,-1.59722488998872,
Heilongjiang,2003,structural_zero,coverage_gap,TRUE,TRUE,0,0,0,0,,0,,0,,0,,0,1.44948974278318,1.44948974278318,1.44948974278318,7,,,,,-1.88010705610098,-1.81385487990754,-2.1577102454236,-2.14752752023567,-1.53617076716652,-1.3221236547273,-1.72531362526877,-1.30386422243935
Heilongjiang,2004,observed,observed,TRUE,TRUE,1,1,1,7,1,1,1,1,1,1,7,7,1,1,1,7,-1.70001895623155,-1.51177291970582,-1.94446013823328,-1.34854442175887,-1.5572512255115,-1.38680411816374,-1.74018670495223,-1.18162339863835,-1.63386967792605,-1.45095275804953,-1.85340236054882,-1.30386422243935
Heilongjiang,2005,observed,observed,TRUE,TRUE,4,2,4,18,4,4,2,2,4,4,18,18,4,2,4,18,-1.25249227057504,-1.25106160003567,-1.35271241248606,-0.917331220166951,-1.13045903245707,-1.13699543663922,-1.18825060652627,-0.779830622408393,-1.19229971467644,-1.19329455140507,-1.27447944635674,-0.875365455397438
Heilongjiang,2006,observed,observed,TRUE,TRUE,1,1,1,8,1,1,1,1,1,1,8,8,1,1,1,8,-1.70001895623155,-1.51177291970582,-1.94446013823328,-1.28982794735383,-1.5572512255115,-1.38680411816374,-1.74018670495223,-1.12691297888649,-1.63386967792605,-1.45095275804953,-1.85340236054882,-1.24551736108464
Heilongjiang,2007,observed,observed,TRUE,TRUE,1,1,1,1,1,1,1,1,1,1,1,1,1,1,1,1,-1.70001895623155,-1.51177291970582,-1.94446013823328,-2.03963135901536,-1.5572512255115,-1.38680411816374,-1.74018670495223,-1.82555947970323,-1.63386967792605,-1.45095275804953,-1.85340236054882,-1.99060085165189
Heilongjiang,2008,observed,observed,TRUE,TRUE,1,1,1,6,1,1,1,1,1,1,6,6,1,1,1,6,-1.70001895623155,-1.51177291970582,-1.94446013823328,-1.41511167020524,-1.5572512255115,-1.38680411816374,-1.74018670495223,-1.24364895690168,-1.63386967792605,-1.45095275804953,-1.85340236054882,-1.37001243816963
Heilongjiang,2009,observed,observed,TRUE,TRUE,9,3,9,5,9,9,3,3,9,9,5,5,9,3,9,5,-0.913951401833887,-1.06608397494656,-0.905072538550533,-1.49195791887047,-0.807603201867589,-0.959753356419943,-0.7707270660549,-1.31525220902864,-0.858264932484116,-1.01048314448146,-0.836541167844396,-1.44637494906513
Heilongjiang,2010,observed,observed,TRUE,TRUE,3,3,3,6,3,3,3,3,3,3,6,6,3,3,3,6,-1.36147808749039,-1.06608397494656,-1.49682026429775,-1.41511167020524,-1.23439539492202,-0.959753356419943,-1.32266316448085,-1.24364895690168,-1.29983489573373,-1.01048314448146,-1.41546408203647,-1.37001243816963
Heilongjiang,2011,observed,observed,TRUE,TRUE,5,4,4,20,5,5,4,4,4,4,20,20,5,4,4,20,-1.16344437431526,-0.922604182047855,-1.35271241248606,-0.867438230060357,-1.04553684088799,-0.822273718271565,-1.18825060652627,-0.733341686227089,-1.10443707421466,-0.868683600929724,-1.27447944635674,-0.825786535582868
Heilongjiang,2012,observed,observed,TRUE,TRUE,14,6,13,32,14,14,6,6,13,13,32,32,14,6,13,32,-0.715917688658749,-0.706254811688515,-0.687776134831122,-0.642117386512561,-0.618744647833561,-0.614971821957637,-0.568049938534995,-0.523393829952458,-0.662867110965048,-0.654867833950475,-0.623954178809749,-0.601884059284276
Heilongjiang,2013,observed,observed,TRUE,TRUE,17,8,12,28,17,17,8,8,12,12,28,28,17,8,12,28,-0.626869792398963,-0.544661335606264,-0.735635643234101,-0.706531224057128,-0.533822456264481,-0.460135993370887,-0.612689553004436,-0.583412898290606,-0.575004470503269,-0.495166731192549,-0.670776439159743,-0.665892419571922
Heilongjiang,2014,observed,observed,TRUE,TRUE,1,1,1,1,1,1,1,1,1,1,1,1,1,1,1,1,-1.70001895623155,-1.51177291970582,-1.94446013823328,-2.03963135901536,-1.5572512255115,-1.38680411816374,-1.74018670495223,-1.82555947970323,-1.63386967792605,-1.45095275804953,-1.85340236054882,-1.99060085165189
Heilongjiang,2015,observed,observed,TRUE,TRUE,81,10,43,10,81,81,10,10,43,43,10,10,81,10,43,10,0.11373135373777,-0.415631436887809,0.0517592693576374,-1.18979082665745,0.172465676865808,-0.336501971967897,0.121730972951211,-1.03370110062705,0.155739039020596,-0.367647863391276,0.0995534456607273,-1.14610996187103
Heilongjiang,2016,observed,observed,TRUE,TRUE,50,10,30,47,50,50,10,10,30,30,47,47,50,10,30,47,-0.118212021832333,-0.415631436887809,-0.17440420033536,-0.455327512985736,-0.0487314608619545,-0.336501971967897,-0.089216661720651,-0.349348087431315,-0.0731170965107113,-0.367647863391276,-0.121708435478118,-0.416270005246326
Heilongjiang,2017,observed,observed,TRUE,TRUE,26,13,26,55,26,26,13,13,26,26,55,55,26,13,26,55,-0.428836079223825,-0.260565866929257,-0.263622770122726,-0.378481264320506,-0.344963902230452,-0.187921060213836,-0.172432780977218,-0.277744835304354,-0.379606648984201,-0.214398220382408,-0.208993391843824,-0.339907494350823
Heilongjiang,2018,observed,observed,TRUE,TRUE,32,17,29,80,32,32,17,17,29,29,80,80,32,17,29,80,-0.330826257532322,-0.0989723908470057,-0.195580124535173,-0.194481067064059,-0.251495002874815,-0.0330852316270863,-0.10896791123944,-0.106298437537314,-0.282901369166238,-0.0546971176244828,-0.142425418771947,-0.15706555591112
Heilongjiang,2019,observed,observed,TRUE,TRUE,68,28,55,37,68,68,28,28,55,55,37,37,68,28,55,37,0.0294253513515664,0.207686558913861,0.207503613039937,-0.571787751538705,0.0920656810682913,0.260749604598592,0.266997142407755,-0.457862581875951,0.0725551763180012,0.248370640027256,0.251922378214946,-0.53199714079117
Heilongjiang,2020,observed,observed,TRUE,TRUE,8,7,8,41,8,8,7,7,8,8,41,41,8,7,8,41,-0.965410661140117,-0.620395030187304,-0.973115184138086,-0.521894761432111,-0.856678286853961,-0.532702594676143,-0.834191935792679,-0.411373645694648,-0.909039252695593,-0.570013530913398,-0.903109140916272,-0.4824182209766
Heilongjiang,2021,observed,observed,TRUE,TRUE,40,11,36,136,40,40,11,11,36,36,136,136,40,11,36,136,-0.224809515003384,-0.359683710517155,-0.0601409643056431,0.0675037987371465,-0.150390153723672,-0.282893913151614,0.0173591677143171,0.137811961151534,-0.178295743171728,-0.31235532426894,-0.00992160012727238,0.103270147089217
Heilongjiang,2022,observed,observed,TRUE,TRUE,55,21,53,476,55,55,21,21,53,53,476,476,55,21,53,476,-0.0725328445711029,0.0300575078714499,0.184017103812803,0.689417554542614,-0.00516865921216394,0.0905487897759031,0.245090759494157,0.717294346194912,-0.0280459236153461,0.0728217501767907,0.228944886668524,0.721269031597495
Heilongjiang,2023,observed,observed,TRUE,TRUE,228,81,145,1231,228,228,81,81,145,145,1231,1231,228,81,145,1231,0.615331035688584,0.876028779725263,0.826352146986819,1.1624462052939,0.650825594065261,0.901142546490435,0.844210759768023,1.15804962483671,0.650662269799825,0.908886103095417,0.857358751060544,1.19132002464257
Heilongjiang,2024,observed,observed,TRUE,TRUE,1089,213,334,1291,1089,1089,213,213,334,334,1291,1291,1089,213,334,1291,1.37735559927636,1.49282438759268,1.36271098801213,1.18615180514425,1.37754456989097,1.49214449364955,1.34448442908879,1.18013786040303,1.40254404428024,1.51845860033246,1.38209321101469,1.21487640063097
Henan,2002,observed,observed,TRUE,TRUE,1,1,1,3,1,1,1,1,1,1,3,3,1,1,1,3,-1.70001895623155,-1.51177291970582,-1.94446013823328,-1.69408789038711,-1.5572512255115,-1.38680411816374,-1.74018670495223,-1.50359143917079,-1.63386967792605,-1.45095275804953,-1.85340236054882,-1.64723253704562
Henan,2003,observed,observed,TRUE,TRUE,1,1,1,4,1,1,1,1,1,1,4,4,1,1,1,4,-1.70001895623155,-1.51177291970582,-1.94446013823328,-1.58284773983085,-1.5572512255115,-1.38680411816374,-1.74018670495223,-1.39994088126756,-1.63386967792605,-1.45095275804953,-1.85340236054882,-1.53669262967974
Henan,2004,observed,observed,TRUE,TRUE,2,2,2,39,2,2,2,2,2,2,39,39,2,2,2,39,-1.50198524305641,-1.25106160003567,-1.68260759815345,-0.546217333946115,-1.36839267147747,-1.13699543663922,-1.49595109060814,-0.434036759670237,-1.43847185640698,-1.19329455140507,-1.59722488998872,-0.506587685860937
Henan,2005,observed,observed,TRUE,TRUE,1,1,1,44,1,1,1,1,1,1,44,44,1,1,1,44,-1.70001895623155,-1.51177291970582,-1.94446013823328,-0.487500859541079,-1.5572512255115,-1.38680411816374,-1.74018670495223,-0.379326339918384,-1.63386967792605,-1.45095275804953,-1.85340236054882,-0.448240824506223
Henan,2006,observed,observed,TRUE,TRUE,1,1,1,116,1,1,1,1,1,1,116,116,1,1,1,116,-1.70001895623155,-1.51177291970582,-1.94446013823328,-0.0111651716976316,-1.5572512255115,-1.38680411816374,-1.74018670495223,0.064510346271815,-1.63386967792605,-1.45095275804953,-1.85340236054882,0.0250963882355614
Henan,2007,observed,observed,TRUE,TRUE,4,3,4,104,4,4,3,3,4,4,104,104,4,3,4,104,-1.25249227057504,-1.06608397494656,-1.35271241248606,-0.0651111422476029,-1.13045903245707,-0.959753356419943,-1.18825060652627,0.014244952741019,-1.19229971467644,-1.01048314448146,-1.27447944635674,-0.0285099990044515
Henan,2008,observed,observed,TRUE,TRUE,12,3,12,97,12,12,3,3,12,12,97,97,12,3,12,97,-0.785809748068945,-1.06608397494656,-0.735635643234101,-0.0995050441386342,-0.685398517354234,-0.959753356419943,-0.612689553004436,-0.0178023530352454,-0.731828884853294,-1.01048314448146,-0.670776439159743,-0.0626873954748284
Henan,2009,observed,observed,TRUE,TRUE,9,4,9,98,9,9,4,4,9,9,98,98,9,4,9,98,-0.913951401833887,-0.922604182047855,-0.905072538550533,-0.0944439463676744,-0.807603201867589,-0.822273718271565,-0.7707270660549,-0.0130865592778697,-0.858264932484116,-0.868683600929724,-0.836541167844396,-0.0576581566975165
Henan,2010,observed,observed,TRUE,TRUE,19,9,17,168,19,19,9,9,17,17,168,168,19,9,17,168,-0.575410533092733,-0.476915237288597,-0.525475310202557,0.172150723668796,-0.484747371278109,-0.395222956527764,-0.416668395321304,0.235319130080944,-0.524230150291793,-0.428213987361657,-0.465170862403925,0.207258332382243
Henan,2011,observed,observed,TRUE,TRUE,27,11,23,111,27,27,11,11,23,23,111,111,27,11,23,111,-0.411073713312257,-0.359683710517155,-0.339687976346857,-0.0329377956922604,-0.328024489801644,-0.282893913151614,-0.243380469194016,0.0442232052280869,-0.36208070580767,-0.31235532426894,-0.283410054451678,0.00346082025544486
Henan,2012,observed,observed,TRUE,TRUE,39,15,36,88,39,39,15,15,36,36,88,88,39,15,36,88,-0.236869664351579,-0.174706085428045,-0.0601409643056431,-0.147527435995587,-0.161891540688629,-0.105651832932342,0.0173591677143171,-0.0625483164569952,-0.190195368099469,-0.129543917345331,-0.00992160012727238,-0.11040749222776
Henan,2013,observed,observed,TRUE,TRUE,18,11,16,68,18,18,11,11,16,16,68,68,18,11,16,68,-0.60046275422206,-0.359683710517155,-0.562388661195343,-0.274414098648007,-0.508638890464244,-0.282893913151614,-0.451098288399574,-0.180777870342307,-0.54894891839647,-0.31235532426894,-0.501284198880807,-0.236495418803068
Henan,2014,observed,observed,TRUE,TRUE,47,22,36,13,47,47,22,22,36,36,13,13,47,22,36,13,-0.147821768091793,0.0586396902830979,-0.0601409643056431,-1.069568201577,-0.0769693491195485,0.117935699221879,0.0173591677143171,-0.921680916369237,-0.10233272763769,0.101069215118042,-0.00992160012727238,-1.02664412356336
Henan,2015,observed,observed,TRUE,TRUE,58,26,48,44,58,58,26,26,48,48,44,44,58,26,48,44,-0.0470447365476319,0.161738928823143,0.121267994635502,-0.487500859541079,0.019138551662172,0.216723449897442,0.186563287410861,-0.379326339918384,-0.00289707040960737,0.202961089019975,0.167555724416976,-0.448240824506223
Henan,2016,observed,observed,TRUE,TRUE,112,32,86,44,112,112,32,32,86,86,44,44,112,32,86,44,0.270349485933479,0.290768827541599,0.492018402086658,-0.487500859541079,0.321827487578477,0.340357471300431,0.532370334020176,-0.379326339918384,0.310272534104649,0.330479956821248,0.530270944063149,-0.448240824506223
Henan,2017,observed,observed,TRUE,TRUE,130,38,94,59,130,130,38,38,94,94,59,59,130,38,94,59,0.342541308191803,0.398183473087879,0.548829324119091,-0.344087362429474,0.39067456894755,0.443280163779952,0.585359128552454,-0.24569752952809,0.381503460266665,0.436636701276459,0.585850616125978,-0.305730097880446
Henan,2018,observed,observed,TRUE,TRUE,198,56,118,44,198,198,56,56,118,118,44,44,198,56,118,44,0.546749708316232,0.642192730844821,0.694295342206811,-0.487500859541079,0.585421728664716,0.677085243809316,0.721038478017657,-0.379326339918384,0.582993781689457,0.677788438906581,0.728163982858266,-0.448240824506223
Henan,2019,observed,observed,TRUE,TRUE,275,79,176,123,275,275,79,79,176,176,123,123,275,79,176,123,0.706507088833875,0.860151596989178,0.950697994870607,0.0178022869692235,0.737777342247251,0.885929328703637,0.960190862690739,0.0915014392975259,0.740624740702648,0.893194853342542,0.97900968015143,0.0538815002805115
Henan,2020,observed,observed,TRUE,TRUE,201,41,142,217,201,201,41,41,142,142,217,217,201,41,142,217,0.554057743401573,0.445834397500151,0.812943890421283,0.29907052888338,0.592391172992748,0.488938383054493,0.831704584427626,0.353579565307583,0.590204544505371,0.483729599830116,0.844241088537459,0.333379192891326
Henan,2021,observed,observed,TRUE,TRUE,558,81,274,501,558,558,81,81,274,274,501,501,558,81,274,501,1.05120263600741,0.876028779725263,1.23525472085206,0.714883450937923,1.06650269702353,0.901142546490435,1.22560316980311,0.741022778381315,1.0807322806015,0.908886103095417,1.25739927404489,0.746574623278647
Henan,2022,observed,observed,TRUE,TRUE,524,73,274,475,524,524,73,73,274,274,475,475,524,73,274,475,1.02055423991705,0.810022853593913,1.23525472085206,0.688371355105956,1.03727428093072,0.837896909896905,1.22560316980311,0.716319525909742,1.05049182440295,0.843653152809917,1.25739927404489,0.720229417858786
Henan,2023,observed,observed,TRUE,TRUE,1057,229,330,957,1057,1057,229,229,330,330,957,957,1057,229,330,957,1.3628022325844,1.53918631745958,1.3549534433681,1.03704685821639,1.36366547958002,1.53656762260166,1.3372487968457,1.04120591130083,1.38818438752392,1.56427759937398,1.37450379384097,1.06671005117189
Henan,2024,observed,observed,TRUE,TRUE,5004,652,365,6436,5004,5004,652,652,365,365,6436,6436,5004.00000000001,652,365,6436,2.12182116603094,2.21014835186635,1.41986678991347,1.98670083128792,2.0875180800127,2.17947082059181,1.39779490064826,1.9260677496898,2.13710053775545,2.22738219617665,1.43801028844482,2.01038606822182
Hong Kong,2002,no_data,no_coverage,TRUE,FALSE,,,,,,,,,,,,,,,,,,,,,,,,,,,,
Hong Kong,2003,no_data,no_coverage,TRUE,FALSE,,,,,,,,,,,,,,,,,,,,,,,,,,,,
Hong Kong,2004,no_data,no_coverage,TRUE,FALSE,,,,,,,,,,,,,,,,,,,,,,,,,,,,
Hong Kong,2005,no_data,no_coverage,TRUE,FALSE,,,,,,,,,,,,,,,,,,,,,,,,,,,,
Hong Kong,2006,no_data,no_coverage,TRUE,FALSE,,,,,,,,,,,,,,,,,,,,,,,,,,,,
Hong Kong,2007,observed,observed,TRUE,FALSE,1,1,1,5,1,1,1,1,1,1,5,5,1,1,1,5,-1.70001895623155,-1.51177291970582,-1.94446013823328,-1.49195791887047,-1.5572512255115,-1.38680411816374,-1.74018670495223,-1.31525220902864,-1.63386967792605,-1.45095275804953,-1.85340236054882,-1.44637494906513
Hong Kong,2008,no_data,no_coverage,TRUE,FALSE,,,,,,,,,,,,,,,,,,,,,,,,,,,,
Hong Kong,2009,observed,observed,TRUE,FALSE,2,1,2,24,2,2,1,1,2,2,24,24,2,1,2,24,-1.50198524305641,-1.51177291970582,-1.68260759815345,-0.780520652018099,-1.36839267147747,-1.38680411816374,-1.49595109060814,-0.652354242299453,-1.43847185640698,-1.45095275804953,-1.59722488998872,-0.739416093101325
Hong Kong,2010,observed,observed,TRUE,FALSE,1,1,1,67,1,1,1,1,1,1,67,67,1,1,1,67,-1.70001895623155,-1.51177291970582,-1.94446013823328,-0.281691802332408,-1.5572512255115,-1.38680411816374,-1.74018670495223,-0.18755903742425,-1.63386967792605,-1.45095275804953,-1.85340236054882,-0.243727310229745
Hong Kong,2011,no_data,no_coverage,TRUE,FALSE,,,,,,,,,,,,,,,,,,,,,,,,,,,,
Hong Kong,2012,observed,observed,TRUE,FALSE,3,3,3,14,3,3,3,3,3,3,14,14,3,3,3,14,-1.36147808749039,-1.06608397494656,-1.49682026429775,-1.03517429968597,-1.23439539492202,-0.959753356419943,-1.32266316448085,-0.889633610592972,-1.29983489573373,-1.01048314448146,-1.41546408203647,-0.992466727092981
Hong Kong,2013,observed,observed,TRUE,FALSE,3,3,3,25,3,3,3,3,3,3,25,25,3,3,3,25,-1.36147808749039,-1.06608397494656,-1.49682026429775,-0.76096858335916,-1.23439539492202,-0.959753356419943,-1.32266316448085,-0.634136154544921,-1.29983489573373,-1.01048314448146,-1.41546408203647,-0.719987102331689
Hong Kong,2014,observed,observed,TRUE,FALSE,2,2,2,9,2,2,2,2,2,2,9,9,2,2,2,9,-1.50198524305641,-1.25106160003567,-1.68260759815345,-1.23730427120261,-1.36839267147747,-1.13699543663922,-1.49595109060814,-1.07797284073512,-1.43847185640698,-1.19329455140507,-1.59722488998872,-1.19332431507347
Hong Kong,2015,observed,observed,TRUE,FALSE,2,2,2,12,2,2,2,2,2,2,12,12,2,2,2,12,-1.50198524305641,-1.25106160003567,-1.68260759815345,-1.10651205198741,-1.36839267147747,-1.13699543663922,-1.49595109060814,-0.956104195077362,-1.43847185640698,-1.19329455140507,-1.59722488998872,-1.06335541693796
Hong Kong,2016,observed,observed,TRUE,FALSE,13,9,11,30,13,13,9,9,11,11,30,30,13,9,11,30,-0.749614582053412,-0.476915237288597,-0.787327850282387,-0.673284650287268,-0.650880320391125,-0.395222956527764,-0.66090400966539,-0.552434641767357,-0.696115487999994,-0.428213987361657,-0.721348332964026,-0.632855128932024
Hong Kong,2017,observed,observed,TRUE,FALSE,3,3,3,26,3,3,3,3,3,3,26,26,3,3,3,26,-1.36147808749039,-1.06608397494656,-1.49682026429775,-0.742154507208946,-1.23439539492202,-0.959753356419943,-1.32266316448085,-0.616605708211903,-1.29983489573373,-1.01048314448146,-1.41546408203647,-0.70129145849788
Hong Kong,2018,observed,observed,TRUE,FALSE,12,6,11,61,12,12,6,6,11,11,61,61,12,6,11,61,-0.785809748068945,-0.706254811688515,-0.787327850282387,-0.327741181659022,-0.685398517354234,-0.614971821957637,-0.66090400966539,-0.230466601234915,-0.731828884853294,-0.654867833950475,-0.721348332964026,-0.289486814325757
Hong Kong,2019,observed,observed,TRUE,FALSE,27,16,24,104,27,27,16,16,24,24,104,104,27,16,24,104,-0.411073713312257,-0.135724864005535,-0.31332481280332,-0.0651111422476029,-0.328024489801644,-0.0683007599521075,-0.21879096762895,0.014244952741019,-0.36208070580767,-0.0910191934582289,-0.257618253652317,-0.0285099990044515
Hong Kong,2020,observed,observed,TRUE,FALSE,5,5,4,29,5,5,5,5,4,4,29,29,5,5,4,29,-1.16344437431526,-0.805372655276413,-1.35271241248606,-0.68963083105772,-1.04553684088799,-0.709944674895415,-1.18825060652627,-0.567665570060531,-1.10443707421466,-0.752824937837007,-1.27447944635674,-0.649098412486714
Hong Kong,2021,observed,observed,TRUE,FALSE,6,4,6,18,6,6,4,4,6,6,18,18,6,4,6,18,-1.08815545079457,-0.922604182047855,-1.13541600876665,-0.917331220166951,-0.973736150980604,-0.822273718271565,-0.985573479006369,-0.779830622408393,-1.03015027019232,-0.868683600929724,-1.0618924573221,-0.875365455397438
Hong Kong,2022,observed,observed,TRUE,FALSE,16,6,14,301,16,16,6,6,14,14,301,301,16,6,14,301,-0.654786603748626,-0.706254811688515,-0.643219998470703,0.46155212194616,-0.560445845485463,-0.614971821957637,-0.526491451710814,0.504975510798004,-0.602549700222103,-0.654867833950475,-0.580363697284295,0.494837984128186
Hong Kong,2023,observed,observed,TRUE,FALSE,127,63,87,670,127,127,63,63,87,87,670,670,127,63,87,670,0.331226256215377,0.716671804090471,0.499399143293167,0.859536724487079,0.379883758025383,0.748449690555259,0.539254513422586,0.875806778860664,0.370339015227889,0.751395309790802,0.537491724173075,0.890317322100398
Hong Kong,2024,observed,observed,TRUE,FALSE,763,276,269,1131,763,763,276,276,269,269,1131,1131,763,276,269,1131,1.2037912507771,1.65874331957008,1.22340470349555,1.12024556963265,1.21202168308614,1.65112489269656,1.21455039839148,1.11872821608019,1.23128989241703,1.68243450485302,1.24580607937295,1.14938503683961
Hubei,2002,observed,observed,TRUE,TRUE,15,8,6,12,15,15,8,8,6,6,12,12,15,8,6,12,-0.684396350008086,-0.544661335606264,-1.13541600876665,-1.10651205198741,-0.588683733743057,-0.460135993370887,-0.985573479006369,-0.956104195077362,-0.631765331349082,-0.495166731192549,-1.0618924573221,-1.06335541693796
Hubei,2003,observed,observed,TRUE,TRUE,2,1,2,12,2,2,1,1,2,2,12,12,2,1,2,12,-1.50198524305641,-1.51177291970582,-1.68260759815345,-1.10651205198741,-1.36839267147747,-1.38680411816374,-1.49595109060814,-0.956104195077362,-1.43847185640698,-1.45095275804953,-1.59722488998872,-1.06335541693796
Hubei,2004,structural_zero,coverage_gap,TRUE,TRUE,0,0,0,0,,0,,0,,0,,0,2.46410161513776,1.44948974278318,2.46410161513776,25.9814751264641,,,,,-1.88010705610098,-1.81385487990754,-2.1577102454236,-2.14752752023567,-1.36915337607036,-1.3221236547273,-1.5063444860126,-0.70163145564439
Hubei,2005,observed,observed,TRUE,TRUE,3,2,3,55,3,3,2,2,3,3,55,55,3,2,3,55,-1.36147808749039,-1.25106160003567,-1.49682026429775,-0.378481264320506,-1.23439539492202,-1.13699543663922,-1.32266316448085,-0.277744835304354,-1.29983489573373,-1.19329455140507,-1.41546408203647,-0.339907494350823
Hubei,2006,observed,observed,TRUE,TRUE,7,3,7,80,7,7,3,3,7,7,80,80,7,3,7,80,-1.02293721874924,-1.06608397494656,-1.04918039036222,-0.194481067064059,-0.911539564332537,-0.959753356419943,-0.905139624009477,-0.106298437537314,-0.965800113541406,-1.01048314448146,-0.977525803524127,-0.15706555591112
Hubei,2007,observed,observed,TRUE,TRUE,13,5,7,161,13,13,5,5,7,7,161,161,13,5,7,161,-0.749614582053412,-0.805372655276413,-1.04918039036222,0.151062401564186,-0.650880320391125,-0.709944674895415,-0.905139624009477,0.215669602995127,-0.696115487999994,-0.752824937837007,-0.977525803524127,0.186302758695147
Hubei,2008,observed,observed,TRUE,TRUE,9,6,8,309,9,9,6,6,8,8,309,309,9,6,8,309,-0.913951401833887,-0.706254811688515,-0.973115184138086,0.474585906153732,-0.807603201867589,-0.614971821957637,-0.834191935792679,0.517120037733193,-0.858264932484116,-0.654867833950475,-0.903109140916272,0.50778972225266
Hubei,2009,observed,observed,TRUE,TRUE,5,3,5,290,5,5,3,3,5,5,290,290,5,3,5,290,-1.16344437431526,-1.06608397494656,-1.23496772421792,0.443055388634725,-1.04553684088799,-0.959753356419943,-1.07842755013676,0.487740755922805,-1.10443707421466,-1.01048314448146,-1.15928661147637,0.47645768549866
Hubei,2010,observed,observed,TRUE,TRUE,13,8,13,409,13,13,8,8,13,13,409,409,13,8,13,409,-0.749614582053412,-0.544661335606264,-0.687776134831122,0.613962831829338,-0.650880320391125,-0.460135993370887,-0.568049938534995,0.646987680242418,-0.696115487999994,-0.495166731192549,-0.623954178809749,0.646289287167671
Hubei,2011,observed,observed,TRUE,TRUE,24,10,22,398,24,24,10,10,22,22,398,398,24,10,22,398,-0.466424716177381,-0.415631436887809,-0.367173308419888,0.600405377416299,-0.38081100881316,-0.336501971967897,-0.26901664198906,0.634355211600188,-0.416694969234503,-0.367647863391276,-0.310299703281614,0.632817175277851
Hubei,2012,observed,observed,TRUE,TRUE,25,13,23,278,25,25,13,13,23,23,278,278,25,13,23,278,-0.447268879327791,-0.260565866929257,-0.339687976346857,0.422062230002505,-0.362542686764753,-0.187921060213836,-0.243380469194016,0.468179899581821,-0.39779410266097,-0.214398220382408,-0.283410054451678,0.455596676241494
Hubei,2013,observed,observed,TRUE,TRUE,39,12,36,192,39,39,12,12,36,36,192,192,39,12,36,192,-0.236869664351579,-0.308216791341528,-0.0601409643056431,0.238349112424941,-0.161891540688629,-0.233579279488376,0.0173591677143171,0.297000994880279,-0.190195368099469,-0.261491118936065,-0.00992160012727238,0.273040010349082
Hubei,2014,observed,observed,TRUE,TRUE,20,14,20,36,20,20,14,14,20,20,36,36,20,14,20,36,-0.551580868878273,-0.216203917618448,-0.425923594751292,-0.58508224202709,-0.462021766357096,-0.145414275003236,-0.323814324190909,-0.470250027858985,-0.500717666480925,-0.1705557807172,-0.367776708249648,-0.545207944082194
Hubei,2015,observed,observed,TRUE,TRUE,89,20,81,726,89,89,20,20,81,81,726,726,89,20,81,726,0.159197761998698,0.000145452740892209,0.453793765717006,0.899496268824225,0.215825567379428,0.0618876213106921,0.496717376275427,0.913039999450463,0.200600274938668,0.0432599862620492,0.492874741393998,0.930025325976003
Hubei,2016,observed,observed,TRUE,TRUE,146,55,73,897,146,146,55,55,73,73,897,897,146,55,73,897,0.398823505299863,0.63081202258926,0.387498909629887,1.00480412425073,0.444349138763277,0.666180463273765,0.434882708185692,1.01116300550509,0.437036523445134,0.666541006753725,0.428016678385075,1.03467028128697
Hubei,2017,observed,observed,TRUE,TRUE,157,51,111,937,157,157,51,51,111,111,937,937,157,51,111,937,0.434068454610092,0.583161098176989,0.655143486975466,1.02652929830209,0.477961143795196,0.620522243999225,0.684520682879129,1.03140593397748,0.471812351279449,0.619448108200068,0.689860656727293,1.05625869801543
Hubei,2018,observed,observed,TRUE,TRUE,159,49,125,563,159,159,49,49,125,125,563,563,159,49,125,563,0.44021207313073,0.557942445128627,0.731208693199597,0.772937448370248,0.483820120490332,0.596358205108215,0.755468371095927,0.795115920041794,0.477874196285178,0.594524783326216,0.764277319335148,0.804263177872454
Hubei,2019,observed,observed,TRUE,TRUE,185,69,137,634,185,185,69,69,137,137,634,634,185,69,137,634,0.513753548517338,0.774291815487967,0.789958979531002,0.832046607985507,0.553954323805304,0.803660101422144,0.810266053297776,0.850192233231552,0.550436811263432,0.808340550305466,0.821754324303182,0.863000252531851
Hubei,2020,observed,observed,TRUE,TRUE,229,68,133,889,229,229,68,68,133,133,889,889,229,68,133,889,0.617459192574089,0.765039954712505,0.770963262264919,1.00034312044541,0.652855150678172,0.794795142490208,0.792548330662838,1.00700636304355,0.65276210024087,0.799197035330567,0.803170296822614,1.03023735895692
Hubei,2021,observed,observed,TRUE,TRUE,895,111,294,3176,895,895,111,111,294,294,3176,3176,895,111,294,3176,1.28163063039351,1.07650096734852,1.28059318053799,1.63468762140599,1.28625466314576,1.09323122501757,1.2678913467726,1.59807137957419,1.30809320515395,1.10701062032179,1.30175512378341,1.66058873859456
Hubei,2022,observed,observed,TRUE,TRUE,1714,108,338,5478,1714,1714,108,108,338,338,5478,5478,1714,108,338,5478,1.59872085195937,1.0590430651809,1.37037645279984,1.90637031445307,1.58865368290405,1.07650339161089,1.35163417642784,1.85121795089907,1.62096285510174,1.08975716247434,1.38959254395751,1.93056122220018
Hubei,2023,observed,observed,TRUE,TRUE,3238,423,361,11963,3238,3238,423,423,361,361,11963,11963,3238,423,361,11963,1.90927789583826,1.93247579287194,1.41276992919655,2.2956994297259,1.88482221558302,1.91341019865297,1.39117550281243,2.21398427047168,1.92738628603377,1.95296137825668,1.43106723634831,2.31743955814177
Hubei,2024,observed,observed,TRUE,TRUE,9287,1064,365,12557,9287,9287,1064,1064,365,365,12557,12557,9287,1064,365,12557,2.42379891107599,2.52467038660988,1.41986678991347,2.3198553030748,2.37550480391576,2.48083991691298,1.39779490064826,2.23649205868243,2.43505886304757,2.53822095655236,1.43801028844482,2.34144337321193
Hunan,2002,observed,observed,TRUE,TRUE,29,2,29,23,29,29,2,2,29,29,23,23,29,2,29,23,-0.377376819917595,-1.25106160003567,-0.195580124535173,-0.800870981613982,-0.29588881724408,-1.13699543663922,-0.10896791123944,-0.671316127963757,-0.328832328772724,-1.19329455140507,-0.142425418771947,-0.759638319852594
Hunan,2003,observed,observed,TRUE,TRUE,9,2,8,74,9,9,2,2,8,8,74,74,9,2,8,74,-0.913951401833887,-1.25106160003567,-0.973115184138086,-0.232847211873212,-0.807603201867589,-1.13699543663922,-0.834191935792679,-0.142046971624864,-0.858264932484116,-1.19329455140507,-0.903109140916272,-0.195190190514566
Hunan,2004,observed,observed,TRUE,TRUE,8,2,8,49,8,8,2,2,8,8,49,49,8,2,8,49,-0.965410661140117,-1.25106160003567,-0.973115184138086,-0.434977183389853,-0.856678286853961,-1.13699543663922,-0.834191935792679,-0.330386201767011,-0.909039252695593,-1.19329455140507,-0.903109140916272,-0.396047778495057
Hunan,2005,observed,observed,TRUE,TRUE,4,2,4,21,4,4,2,2,4,4,21,21,4,2,4,21,-1.25249227057504,-1.25106160003567,-1.35271241248606,-0.844247358029202,-1.13045903245707,-1.13699543663922,-1.18825060652627,-0.711733060094606,-1.19229971467644,-1.19329455140507,-1.27447944635674,-0.802741647264767
Hunan,2006,observed,observed,TRUE,TRUE,5,2,5,43,5,5,2,2,5,5,43,43,5,2,5,43,-1.16344437431526,-1.25106160003567,-1.23496772421792,-0.498703889400957,-1.04553684088799,-1.13699543663922,-1.07842755013676,-0.389765019562165,-1.10443707421466,-1.19329455140507,-1.15928661147637,-0.459373332658499
Hunan,2007,observed,observed,TRUE,TRUE,5,4,5,44,5,5,4,4,5,5,44,44,5,4,5,44,-1.16344437431526,-0.922604182047855,-1.23496772421792,-0.487500859541079,-1.04553684088799,-0.822273718271565,-1.07842755013676,-0.379326339918384,-1.10443707421466,-0.868683600929724,-1.15928661147637,-0.448240824506223
Hunan,2008,observed,observed,TRUE,TRUE,11,3,11,24,11,11,3,3,11,11,24,24,11,3,11,24,-0.824903505574102,-1.06608397494656,-0.787327850282387,-0.780520652018099,-0.722681010298509,-0.959753356419943,-0.66090400966539,-0.652354242299453,-0.770402292022338,-1.01048314448146,-0.721348332964026,-0.739416093101325
Hunan,2009,observed,observed,TRUE,TRUE,37,8,33,97,37,37,8,8,33,33,97,97,37,8,33,97,-0.261921885480906,-0.544661335606264,-0.114748787259813,-0.0995050441386342,-0.185783059874764,-0.460135993370887,-0.0335747479281997,-0.0178023530352454,-0.214914136204146,-0.495166731192549,-0.0633459203684594,-0.0626873954748284
Hunan,2010,observed,observed,TRUE,TRUE,69,14,47,70,69,69,14,14,47,47,70,70,69,14,47,70,0.0364529723442495,-0.216203917618448,0.107951897588672,-0.260169876783396,0.0987677032527844,-0.145414275003236,0.174143071277359,-0.167505490398722,0.0794892574419437,-0.1705557807172,0.154528224060669,-0.222340862579083
Hunan,2011,observed,observed,TRUE,TRUE,12,7,11,127,12,12,7,7,11,11,127,127,12,7,11,127,-0.785809748068945,-0.620395030187304,-0.787327850282387,0.0336294527541139,-0.685398517354234,-0.532702594676143,-0.66090400966539,0.10624876349142,-0.731828884853294,-0.570013530913398,-0.721348332964026,0.0696090359857185
Hunan,2012,observed,observed,TRUE,TRUE,36,15,30,90,36,36,15,15,30,30,90,90,36,15,30,90,-0.274946956906148,-0.174706085428045,-0.17440420033536,-0.136448894549042,-0.19820466282368,-0.105651832932342,-0.089216661720651,-0.0522256317433715,-0.227765839789443,-0.129543917345331,-0.121708435478118,-0.0993986888494269
Hunan,2013,observed,observed,TRUE,TRUE,26,8,25,47,26,26,8,8,25,25,47,47,26,8,25,47,-0.428836079223825,-0.544661335606264,-0.287995769298572,-0.455327512985736,-0.344963902230452,-0.460135993370887,-0.195166012533061,-0.349348087431315,-0.379606648984201,-0.495166731192549,-0.232838160647396,-0.416270005246326
Hunan,2014,observed,observed,TRUE,TRUE,25,11,24,11,25,25,11,11,24,24,11,11,25,11,24,11,-0.447268879327791,-0.359683710517155,-0.31332481280332,-1.14641445024223,-0.362542686764753,-0.282893913151614,-0.21879096762895,-0.993284168496198,-0.39779410266097,-0.31235532426894,-0.257618253652317,-1.10300663445886
Hunan,2015,observed,observed,TRUE,TRUE,76,20,55,128,76,76,20,20,55,55,128,128,76,20,55,128,0.0830035347295224,0.000145452740892209,0.207503613039937,0.0375089575362405,0.14316151762205,0.0618876213106921,0.266997142407755,0.109863580920602,0.12542021704843,0.0432599862620492,0.251922378214946,0.0734641197580554
Hunan,2016,observed,observed,TRUE,TRUE,84,20,73,133,84,84,20,20,73,73,133,133,84,20,73,133,0.131280950649035,0.000145452740892209,0.387498909629887,0.0564661408637254,0.189202178158446,0.0618876213106921,0.434882708185692,0.127527370643484,0.173055045219834,0.0432599862620492,0.428016678385075,0.0923019699268965
Hunan,2017,observed,observed,TRUE,TRUE,97,28,77,131,97,97,28,28,77,77,131,131,97,28,77,131,0.200789792124725,0.207686558913861,0.421496644716788,0.0489695507439303,0.255490584729249,0.260749604598592,0.466593142282399,0.120542251112424,0.241638701926066,0.248370640027256,0.461277588425053,0.0848525699282602
Hunan,2018,observed,observed,TRUE,TRUE,148,28,105,238,148,148,28,28,105,105,238,238,148,28,105,238,0.405423757533351,0.207686558913861,0.619585451960135,0.344918094355838,0.450643592738262,0.260749604598592,0.651354922775406,0.396299084437697,0.443548924223881,0.248370640027256,0.655073262778248,0.378938153526797
Hunan,2019,observed,observed,TRUE,TRUE,183,57,121,313,183,183,57,57,121,121,313,313,183,57,121,313,0.508473375658737,0.653375503673119,0.710374375898112,0.480977196884224,0.548918788213223,0.687800366342392,0.736035745832805,0.523075269244699,0.54522691918358,0.688840253595322,0.743894539372372,0.514140780586941
Hunan,2020,observed,observed,TRUE,TRUE,134,33,95,2080,134,134,33,33,95,95,2080,2080,134,33,95,2080,0.357231475173836,0.309964080753723,0.555591771524201,1.42377199149155,0.404684121413456,0.358750001791693,0.591666611748733,1.4015459110107,0.395998096457737,0.349450420109838,0.592466502573017,1.45100079686513
Hunan,2021,observed,observed,TRUE,TRUE,554,52,272,4042,554,554,52,52,272,272,4042,4042,554,52,272,4042,1.04769517940781,0.595408958594165,1.23054077418341,1.75485420283891,1.06315774544374,0.632257913421566,1.22120636822826,1.7100393438799,1.07727150936389,0.631552537552479,1.25278749165178,1.77999888604264
Hunan,2022,observed,observed,TRUE,TRUE,1374,93,348,8115,1374,1374,93,93,348,348,8115,8115,1374,93,348,8115,1.49080182374437,0.963845924169926,1.38915125833461,2.10224379324838,1.4857346834334,0.985287282118813,1.36914584983981,2.03372755066189,1.51448026344818,0.995674846978409,1.40796044747561,2.12520170131851
Hunan,2023,observed,observed,TRUE,TRUE,2106,239,353,8567,2106,2106,239,239,353,353,8567,8567,2106,239,353,8567,1.69926130745993,1.56655186141859,1.39833786880614,2.12926170402398,1.68453596851754,1.56278877197197,1.37771440316211,2.05890210779136,1.72016508518854,1.59132267355507,1.41694795866378,2.15204953763857
Hunan,2024,observed,observed,TRUE,TRUE,6196,758,365,7811,6196,6196,758,758,365,365,7811,7811,6196,758,365,7811,2.22615942766838,2.30687038228978,1.41986678991347,2.08321232469736,2.18702221447209,2.27214805042986,1.39779490064826,2.01599454398069,2.24005002397254,2.32297154355689,1.43801028844482,2.10629003354256
Inner Mongolia,2002,structural_zero,coverage_gap,TRUE,TRUE,0,0,0,0,,0,,0,,0,,0,5,1,5,2,,,,,-1.88010705610098,-1.81385487990754,-2.1577102454236,-2.14752752023567,-1.10443707421466,-1.45095275804953,-1.15928661147637,-1.7897432636714
Inner Mongolia,2003,observed,observed,TRUE,TRUE,5,1,5,,5,5,1,1,5,5,,,5,1,5,,-1.16344437431526,-1.51177291970582,-1.23496772421792,,-1.04553684088799,-1.38680411816374,-1.07842755013676,,-1.10443707421466,-1.45095275804953,-1.15928661147637,
Inner Mongolia,2004,observed,observed,TRUE,TRUE,10,3,9,2,10,10,3,3,9,9,2,2,10,3,9,2,-0.867400839448614,-1.06608397494656,-0.905072538550533,-1.83750138749872,-0.763209387498323,-0.959753356419943,-0.7707270660549,-1.63722024956108,-0.81233397287763,-1.01048314448146,-0.836541167844396,-1.7897432636714
Inner Mongolia,2005,observed,observed,TRUE,TRUE,3,2,3,2,3,3,2,2,3,3,2,2,3,2,3,2,-1.36147808749039,-1.25106160003567,-1.49682026429775,-1.83750138749872,-1.23439539492202,-1.13699543663922,-1.32266316448085,-1.63722024956108,-1.29983489573373,-1.19329455140507,-1.41546408203647,-1.7897432636714
Inner Mongolia,2006,observed,observed,TRUE,TRUE,5,3,5,4,5,5,3,3,5,5,4,4,5,3,5,4,-1.16344437431526,-1.06608397494656,-1.23496772421792,-1.58284773983085,-1.04553684088799,-0.959753356419943,-1.07842755013676,-1.39994088126756,-1.10443707421466,-1.01048314448146,-1.15928661147637,-1.53669262967974
Inner Mongolia,2007,observed,observed,TRUE,TRUE,10,6,9,11,10,10,6,6,9,9,11,11,10,6,9,11,-0.867400839448614,-0.706254811688515,-0.905072538550533,-1.14641445024223,-0.763209387498323,-0.614971821957637,-0.7707270660549,-0.993284168496198,-0.81233397287763,-0.654867833950475,-0.836541167844396,-1.10300663445886
Inner Mongolia,2008,observed,observed,TRUE,TRUE,3,3,3,84,3,3,3,3,3,3,84,84,3,3,3,84,-1.36147808749039,-1.06608397494656,-1.49682026429775,-0.170451651776146,-1.23439539492202,-0.959753356419943,-1.32266316448085,-0.0839084795210239,-1.29983489573373,-1.01048314448146,-1.41546408203647,-0.133187402863864
Inner Mongolia,2009,observed,observed,TRUE,TRUE,14,4,14,17,14,14,4,4,14,14,17,17,14,4,14,17,-0.715917688658749,-0.922604182047855,-0.643219998470703,-0.944284478725587,-0.618744647833561,-0.822273718271565,-0.526491451710814,-0.804944938354051,-0.662867110965048,-0.868683600929724,-0.580363697284295,-0.902149046478371
Inner Mongolia,2010,observed,observed,TRUE,TRUE,9,5,7,13,9,9,5,5,7,7,13,13,9,5,7,13,-0.913951401833887,-0.805372655276413,-1.04918039036222,-1.069568201577,-0.807603201867589,-0.709944674895415,-0.905139624009477,-0.921680916369237,-0.858264932484116,-0.752824937837007,-0.977525803524127,-1.02664412356336
Inner Mongolia,2011,observed,observed,TRUE,TRUE,10,7,10,18,10,10,7,7,10,10,18,18,10,7,10,18,-0.867400839448614,-0.620395030187304,-0.843520478513421,-0.917331220166951,-0.763209387498323,-0.532702594676143,-0.713316107991538,-0.779830622408393,-0.81233397287763,-0.570013530913398,-0.776323111363968,-0.875365455397438
Inner Mongolia,2012,observed,observed,TRUE,TRUE,12,8,10,19,12,12,8,8,10,10,19,19,12,8,10,19,-0.785809748068945,-0.544661335606264,-0.843520478513421,-0.891760802574361,-0.685398517354234,-0.460135993370887,-0.713316107991538,-0.756004800202678,-0.731828884853294,-0.495166731192549,-0.776323111363968,-0.849956000467205
Inner Mongolia,2013,observed,observed,TRUE,TRUE,44,19,37,32,44,44,19,19,37,37,32,32,44,19,37,32,-0.179343106742457,-0.0312262925293385,-0.0429184016281227,-0.642117386512561,-0.107030263210052,0.0318278052160364,0.0334230301265028,-0.523393829952458,-0.133434507253656,0.0122556262064091,0.00692770193389877,-0.601884059284276
Inner Mongolia,2014,observed,observed,TRUE,TRUE,58,25,44,27,58,58,25,25,44,44,27,27,58,25,44,27,-0.0470447365476319,0.13747215341773,0.0662724155446568,-0.724024732948752,0.019138551662172,0.193471482255424,0.135267703104646,-0.599712875836796,-0.00289707040960737,0.178978494632001,0.113752051788154,-0.683275808957091
Inner Mongolia,2015,observed,observed,TRUE,TRUE,97,28,68,60,97,97,28,28,68,68,60,60,97,28,68,60,0.200789792124725,0.207686558913861,0.342319105595472,-0.335847276499079,0.255490584729249,0.260749604598592,0.392742512826401,-0.238019640747959,0.241638701926066,0.248370640027256,0.383816045790835,-0.297541882286724
Inner Mongolia,2016,observed,observed,TRUE,TRUE,91,26,51,70,91,91,26,26,51,51,70,70,91,26,51,70,0.169932506917582,0.161738928823143,0.159644104636958,-0.260169876783396,0.226062957623743,0.216723449897442,0.222357527938313,-0.167505490398722,0.211192136991256,0.202961089019975,0.205100117864952,-0.222340862579083
Inner Mongolia,2017,observed,observed,TRUE,TRUE,84,41,56,88,84,84,41,41,56,56,88,88,84,41,56,88,0.131280950649035,0.445834397500151,0.218934138451708,-0.147527435995587,0.189202178158446,0.488938383054493,0.277658644470589,-0.0625483164569952,0.173055045219834,0.483729599830116,0.263105172494,-0.11040749222776
Inner Mongolia,2018,observed,observed,TRUE,TRUE,173,56,80,241,173,173,56,56,80,80,241,241,173,56,80,241,0.48118073210325,0.642192730844821,0.445869643892634,0.351136642956956,0.522890648281833,0.677085243809316,0.489326373838243,0.402093359514017,0.518297549387225,0.677788438906581,0.485122357228625,0.385117557122356
Inner Mongolia,2019,observed,observed,TRUE,TRUE,141,50,95,127,141,141,50,50,95,95,127,127,141,50,95,127,0.381921776143978,0.570675400423872,0.555591771524201,0.0336294527541139,0.42823048867145,0.608558683316221,0.591666611748733,0.10624876349142,0.420359761675563,0.607108626754295,0.592466502573017,0.0696090359857185
Inner Mongolia,2020,observed,observed,TRUE,TRUE,141,44,93,299,141,141,44,44,93,93,299,299,141,44,93,299,0.381921776143978,0.49019634681096,0.541995315095399,0.45823972538328,0.42823048867145,0.531445168265093,0.578984898263049,0.501889109440019,0.420359761675563,0.527572039495324,0.57916471899876,0.49154643869797
Inner Mongolia,2021,observed,observed,TRUE,TRUE,167,69,105,670,167,167,69,69,105,105,670,670,167,69,105,670,0.46404173734519,0.774291815487967,0.619585451960135,0.859536724487079,0.506545725411344,0.803660101422144,0.651354922775406,0.875806778860664,0.501386680096046,0.808340550305466,0.655073262778248,0.890317322100398
Inner Mongolia,2022,observed,observed,TRUE,TRUE,131,51,84,698,131,131,51,51,84,84,698,698,131,51,84,698,0.346255479949987,0.583161098176989,0.4769989384874,0.879916770863312,0.394216658304145,0.620522243999225,0.518361350497751,0.894796353815632,0.38516819521841,0.619448108200068,0.515576993823619,0.910569078568506
Inner Mongolia,2023,observed,observed,TRUE,TRUE,648,201,239,1828,648,648,201,201,239,239,1828,1828,648,201,239,1828,1.12411424897646,1.4557183300258,1.14733949727141,1.35942423369106,1.13603622026483,1.45659016739673,1.14360271017468,1.34158841398746,1.15267341683114,1.48178708081262,1.1713894167651,1.38705810035763
Inner Mongolia,2024,observed,observed,TRUE,TRUE,2259,515,362,2611,2259,2259,515,515,362,362,2611,2611,2259,515,362,2611,1.73349877781345,2.05874250199038,1.41455146915732,1.53706806933621,1.71718717240135,2.03439658376745,1.39283718425599,1.50711212624975,1.75394684393123,2.07774941535271,1.43281016540568,1.56358368970769
Jiangsu,2002,observed,observed,TRUE,TRUE,7,4,3,10,7,7,4,4,3,3,10,10,7,4,3,10,-1.02293721874924,-0.922604182047855,-1.49682026429775,-1.18979082665745,-0.911539564332537,-0.822273718271565,-1.32266316448085,-1.03370110062705,-0.965800113541406,-0.868683600929724,-1.41546408203647,-1.14610996187103
Jiangsu,2003,observed,observed,TRUE,TRUE,2,1,2,65,2,2,1,1,2,2,65,65,2,1,2,65,-1.50198524305641,-1.51177291970582,-1.68260759815345,-0.296573917884316,-1.36839267147747,-1.38680411816374,-1.49595109060814,-0.201425789420017,-1.43847185640698,-1.45095275804953,-1.59722488998872,-0.258515744678008
Jiangsu,2004,observed,observed,TRUE,TRUE,5,4,5,45,5,5,4,4,5,5,45,45,5,4,5,45,-1.16344437431526,-0.922604182047855,-1.23496772421792,-0.476544070164648,-1.04553684088799,-0.822273718271565,-1.07842755013676,-0.369117100484454,-1.10443707421466,-0.868683600929724,-1.15928661147637,-0.43735300678356
Jiangsu,2005,observed,observed,TRUE,TRUE,7,5,7,132,7,7,5,5,7,7,132,132,7,5,7,132,-1.02293721874924,-0.805372655276413,-1.04918039036222,0.0527319372714124,-0.911539564332537,-0.709944674895415,-0.905139624009477,0.124047940925599,-0.965800113541406,-0.752824937837007,-0.977525803524127,0.0885912726910918
Jiangsu,2006,observed,observed,TRUE,TRUE,5,4,5,157,5,5,4,4,5,5,157,157,5,4,5,157,-1.16344437431526,-0.922604182047855,-1.23496772421792,0.138598906181714,-1.04553684088799,-0.822273718271565,-1.07842755013676,0.204056455733481,-1.10443707421466,-0.868683600929724,-1.15928661147637,0.173917719497122
Jiangsu,2007,observed,observed,TRUE,TRUE,11,9,11,249,11,11,9,9,11,11,249,249,11,9,11,249,-0.824903505574102,-0.476915237288597,-0.787327850282387,0.367349904422901,-0.722681010298509,-0.395222956527764,-0.66090400966539,0.417200437201097,-0.770402292022338,-0.428213987361657,-0.721348332964026,0.401228758083359
Jiangsu,2008,observed,observed,TRUE,TRUE,17,9,14,278,17,17,9,9,14,14,278,278,17,9,14,278,-0.626869792398963,-0.476915237288597,-0.643219998470703,0.422062230002505,-0.533822456264481,-0.395222956527764,-0.526491451710814,0.468179899581821,-0.575004470503269,-0.428213987361657,-0.580363697284295,0.455596676241494
Jiangsu,2009,observed,observed,TRUE,TRUE,21,14,17,246,21,21,14,14,17,17,246,246,21,14,17,246,-0.52885997070746,-0.216203917618448,-0.525475310202557,0.361331555489251,-0.440353556908843,-0.145414275003236,-0.416668395321304,0.411592702749914,-0.478299190685306,-0.1705557807172,-0.465170862403925,0.395248293922762
Jiangsu,2010,observed,observed,TRUE,TRUE,52,17,49,165,52,52,17,17,49,49,165,165,52,17,49,165,-0.0994246582046498,-0.0989723908470057,0.134315061132209,0.163221878734096,-0.0308145401925032,-0.0330852316270863,0.198732572842425,0.22699947432459,-0.054579798663403,-0.0546971176244828,0.18032002486003,0.198385693438206
Jiangsu,2011,observed,observed,TRUE,TRUE,87,21,84,214,87,87,21,21,84,84,214,214,87,21,84,214,0.148221766774849,0.0300575078714499,0.4769989384874,0.292162605204107,0.205358104270117,0.0905487897759031,0.518361350497751,0.347142949214122,0.189770373699342,0.0728217501767907,0.515576993823619,0.326514753749712
Jiangsu,2012,observed,observed,TRUE,TRUE,105,29,89,227,105,105,29,29,89,89,227,227,105,29,89,227,0.239116210536504,0.229485027140811,0.513912289480186,0.321429157234428,0.292041290396977,0.281636486740565,0.552791243576021,0.374412729331079,0.279454983528921,0.269913832850867,0.551690330300501,0.355597076401857
Jiangsu,2013,observed,observed,TRUE,TRUE,111,41,95,265,111,111,41,41,95,95,265,265,111,41,95,265,0.266008024170051,0.445834397500151,0.555591771524201,0.398275405899658,0.317687171377316,0.488938383054493,0.591666611748733,0.44601598145804,0.305988858576977,0.483729599830116,0.592466502573017,0.43195958729736
Jiangsu,2014,observed,observed,TRUE,TRUE,171,56,116,85,171,171,56,56,116,116,85,85,171,56,116,85,0.47553429658596,0.642192730844821,0.683349184796619,-0.164621013980401,0.51750581945575,0.677085243809316,0.710828756626486,-0.0784756492215456,0.512726269721068,0.677788438906581,0.717455058985154,-0.127393468222436
Jiangsu,2015,observed,observed,TRUE,TRUE,259,65,159,419,259,259,65,65,159,159,419,419,259,65,159,419,0.677339543811024,0.736457772300857,0.885486957191584,0.625975795008889,0.709961167468635,0.767408233044232,0.899367095830598,0.658181033805902,0.711845424973291,0.770949570389314,0.915211946204994,0.658226630208084
Jiangsu,2016,observed,observed,TRUE,TRUE,247,83,136,351,247,247,83,83,136,136,351,351,247,83,136,351,0.654260704083354,0.891523342259409,0.785262174637988,0.537926516483781,0.687951600360756,0.915989144798293,0.805885240233485,0.576139102035159,0.689073771936688,0.924199213398182,0.817159312175976,0.570731611160305
Jiangsu,2017,observed,observed,TRUE,TRUE,312,108,169,409,312,312,108,108,169,169,409,409,312,108,169,409,0.767950357348408,1.0590430651809,0.92463881242293,0.613962831829338,0.796373864327897,1.07650339161089,0.935884890969126,0.646987680242418,0.801250179787018,1.08975716247434,0.953515272335967,0.646289287167671
Jiangsu,2018,observed,observed,TRUE,TRUE,320,112,174,505,320,320,112,112,174,174,505,505,320,112,174,505,0.780276847109646,1.08221650036304,0.943359190598834,0.718839930821511,0.808129251808633,1.09870774122091,0.953345798788281,0.744709319124168,0.813412600052263,1.11265922042248,0.971829928086756,0.750506197603562
Jiangsu,2019,observed,observed,TRUE,TRUE,727,173,295,580,727,727,173,173,295,295,580,580,727,173,295,580,1.18021723233265,1.35977576810253,1.28277865750094,0.787741567544213,1.18953987953458,1.36465980961072,1.26992978912844,0.80890999712614,1.20802965164974,1.38696807380785,1.30389323540977,0.818974106920467
Jiangsu,2020,observed,observed,TRUE,TRUE,729,121,313,955,729,729,121,121,313,313,955,955,729,121,313,955,1.18155718168469,1.13149114591692,1.32090297420807,1.03600503161233,1.19081774729278,1.14592177954489,1.30548917652096,1.04023516550258,1.20935176585007,1.1613568252005,1.34119129262123,1.06567478273933
Jiangsu,2021,observed,observed,TRUE,TRUE,1247,195,333,2547,1247,1247,195,195,333,333,2547,2547,1247,195,333,2547,1.44346917755312,1.43633013060656,1.36078032042704,1.52470120014581,1.44059502021668,1.43801275947987,1.34268365303523,1.4955890126555,1.46777762981972,1.46262593085278,1.3802043863415,1.55129466845164
Jiangsu,2022,observed,observed,TRUE,TRUE,2128,203,347,5928,2128,2128,203,203,347,347,5928,5928,2128,203,347,5928,1.70433455756643,1.46205328994239,1.38729814995772,1.94571948920544,1.68937416835738,1.46266020680382,1.36741741496293,1.88788244564956,1.72517080872389,1.48804785389043,1.40614750108784,1.96966269869315
Jiangsu,2023,observed,observed,TRUE,TRUE,5256,687,365,14424,5256,5256,687,687,365,365,14424,14424,5256,687,365,14424,2.14581344427469,2.24372012707949,1.41986678991347,2.3889517650604,2.11039876484383,2.21163866398673,1.39779490064826,2.300874269585,2.1607734711512,2.26056082227632,1.43801028844482,2.41010488139044
Jiangsu,2024,observed,observed,TRUE,TRUE,14810,1741,365,19199,14810,14810,1741,1741,365,365,19199,19199,14810,1741,365,19199,2.6517145003673,2.8410610435284,1.41986678991347,2.53150053715275,2.59286076793438,2.78399949184625,1.39779490064826,2.43369735263467,2.65994082341546,2.85090645622236,1.43801028844482,2.55175632633558
Jiangxi,2002,observed,observed,TRUE,TRUE,4,2,4,7,4,4,2,2,4,4,7,7,4,2,4,7,-1.25249227057504,-1.25106160003567,-1.35271241248606,-1.34854442175887,-1.13045903245707,-1.13699543663922,-1.18825060652627,-1.18162339863835,-1.19229971467644,-1.19329455140507,-1.27447944635674,-1.30386422243935
Jiangxi,2003,observed,observed,TRUE,TRUE,2,2,2,15,2,2,2,2,2,2,15,15,2,2,2,15,-1.50198524305641,-1.25106160003567,-1.68260759815345,-1.00300095313062,-1.36839267147747,-1.13699543663922,-1.49595109060814,-0.859655358105904,-1.43847185640698,-1.19329455140507,-1.59722488998872,-0.960495907833085
Jiangxi,2004,observed,observed,TRUE,TRUE,4,2,4,18,4,4,2,2,4,4,18,18,4,2,4,18,-1.25249227057504,-1.25106160003567,-1.35271241248606,-0.917331220166951,-1.13045903245707,-1.13699543663922,-1.18825060652627,-0.779830622408393,-1.19229971467644,-1.19329455140507,-1.27447944635674,-0.875365455397438
Jiangxi,2005,observed,observed,TRUE,TRUE,5,3,5,25,5,5,3,3,5,5,25,25,5,3,5,25,-1.16344437431526,-1.06608397494656,-1.23496772421792,-0.76096858335916,-1.04553684088799,-0.959753356419943,-1.07842755013676,-0.634136154544921,-1.10443707421466,-1.01048314448146,-1.15928661147637,-0.719987102331689
Jiangxi,2006,observed,observed,TRUE,TRUE,8,2,8,46,8,8,2,2,8,8,46,46,8,2,8,46,-0.965410661140117,-1.25106160003567,-0.973115184138086,-0.465822929031131,-0.856678286853961,-1.13699543663922,-0.834191935792679,-0.359127431697677,-0.909039252695593,-1.19329455140507,-0.903109140916272,-0.426699353926841
Jiangxi,2007,observed,observed,TRUE,TRUE,10,6,9,52,10,10,6,6,9,9,52,52,10,6,9,52,-0.867400839448614,-0.706254811688515,-0.905072538550533,-0.40592932574716,-0.763209387498323,-0.614971821957637,-0.7707270660549,-0.303320195154266,-0.81233397287763,-0.654867833950475,-0.836541167844396,-0.367182773576023
Jiangxi,2008,observed,observed,TRUE,TRUE,22,9,18,58,22,22,9,9,18,18,58,58,22,9,18,58,-0.507149230564726,-0.476915237288597,-0.490558275563652,-0.352465943665275,-0.419648703555217,-0.395222956527764,-0.384100510344872,-0.253504464480852,-0.456877427393391,-0.428213987361657,-0.431010576578449,-0.314055936968505
Jiangxi,2009,observed,observed,TRUE,TRUE,33,8,15,68,33,33,8,8,15,15,68,68,33,8,15,68,-0.316245735007472,-0.544661335606264,-0.601540516426688,-0.274414098648007,-0.237590014895983,-0.460135993370887,-0.487616083538102,-0.180777870342307,-0.26851491802978,-0.495166731192549,-0.539587525011779,-0.236495418803068
Jiangxi,2010,observed,observed,TRUE,TRUE,27,15,23,65,27,27,15,15,23,23,65,65,27,15,23,65,-0.411073713312257,-0.174706085428045,-0.339687976346857,-0.296573917884316,-0.328024489801644,-0.105651832932342,-0.243380469194016,-0.201425789420017,-0.36208070580767,-0.129543917345331,-0.283410054451678,-0.258515744678008
Jiangxi,2011,observed,observed,TRUE,TRUE,12,8,12,79,12,12,8,8,12,12,79,79,12,8,12,79,-0.785809748068945,-0.544661335606264,-0.735635643234101,-0.20067386531787,-0.685398517354234,-0.460135993370887,-0.612689553004436,-0.112068719137796,-0.731828884853294,-0.495166731192549,-0.670776439159743,-0.163219371254669
Jiangxi,2012,observed,observed,TRUE,TRUE,40,20,36,89,40,40,20,20,36,36,89,89,40,20,36,89,-0.224809515003384,0.000145452740892209,-0.0601409643056431,-0.141957390912833,-0.150390153723672,0.0618876213106921,0.0173591677143171,-0.0573582993859422,-0.178295743171728,0.0432599862620492,-0.00992160012727238,-0.104872509899955
Jiangxi,2013,observed,observed,TRUE,TRUE,48,24,38,114,48,48,24,24,38,38,114,114,48,24,38,114,-0.137751076616429,0.112253500369368,-0.0261432292187414,-0.01976045098014,-0.0673652458602316,0.169307443364415,0.0490696018110247,0.0565014979512129,-0.0923960802662578,0.154055169758149,0.0233393099127053,0.0165552151885885
Jiangxi,2014,observed,observed,TRUE,TRUE,77,31,57,44,77,77,31,31,57,57,44,44,77,31,57,44,0.0893057025885016,0.270982859331213,0.230165862006828,-0.487500859541079,0.149171697858755,0.321398928811458,0.28813471967609,-0.379326339918384,0.131638501050422,0.310925696222735,0.274093473503048,-0.448240824506223
Jiangxi,2015,observed,observed,TRUE,TRUE,97,31,68,199,97,97,31,31,68,68,199,199,97,31,68,199,0.200789792124725,0.270982859331213,0.342319105595472,0.256109753866638,0.255490584729249,0.321398928811458,0.392742512826401,0.313549879297871,0.241638701926066,0.310925696222735,0.383816045790835,0.290688850717479
Jiangxi,2016,observed,observed,TRUE,TRUE,116,44,78,202,116,116,44,44,78,78,202,202,116,44,78,202,0.28733941576364,0.49019634681096,0.42972360726241,0.263531933381235,0.338030251892783,0.531445168265093,0.474266610910594,0.320465665043385,0.327036322569491,0.527572039495324,0.469326249914789,0.298064308516608
Jiangxi,2017,observed,observed,TRUE,TRUE,155,69,89,202,155,155,69,69,89,89,202,202,155,69,89,202,0.427846571329656,0.774291815487967,0.513912289480186,0.263531933381235,0.472027528448235,0.803660101422144,0.552791243576021,0.320465665043385,0.465673283242746,0.808340550305466,0.551690330300501,0.298064308516608
Jiangxi,2018,observed,observed,TRUE,TRUE,251,96,116,269,251,251,96,96,116,116,269,269,251,96,116,269,0.662075450520328,0.98404632567238,0.683349184796619,0.405716049232054,0.695404279445373,1.00464292679116,0.710828756626486,0.452948971288647,0.696784501615114,1.01563868756349,0.717455058985154,0.439353392686805
Jiangxi,2019,observed,observed,TRUE,TRUE,312,118,132,263,312,312,118,118,132,132,263,263,312,118,132,263,0.767950357348408,1.11548218877103,0.766125727838502,0.394513019372176,0.796373864327897,1.1305822979978,0.788036256072359,0.442510291644865,0.801250179787018,1.14553534420889,0.798437605160624,0.428220884534528
Jiangxi,2020,observed,observed,TRUE,TRUE,201,64,138,753,201,201,64,64,138,138,753,753,201,64,138,753,0.554057743401573,0.726640891075695,0.794621872179608,0.917675020227319,0.592391172992748,0.758001882147603,0.814615235667004,0.929978467400142,0.590204544505371,0.761247651751808,0.826316159158208,0.948089644354546
Jiangxi,2021,observed,observed,TRUE,TRUE,400,112,192,1856,400,400,112,112,192,192,1856,1856,400,112,192,1856,0.888958263122361,1.08221650036304,1.0065864988548,1.36699811120314,0.911775316660125,1.09870774122091,1.01231929765337,1.34864554781631,0.920647431879667,1.11265922042248,1.03368692551897,1.39458430123383
Jiangxi,2022,observed,observed,TRUE,TRUE,423,121,187,2579,423,423,121,121,187,187,2579,2579,423,121,187,2579,0.916197948018813,1.13149114591692,0.989635189030928,1.53092298260549,0.937752951575937,1.14592177954489,0.996508438734423,1.50138630095359,0.947524547913568,1.1613568252005,1.01710299751111,1.55747728554901
Jiangxi,2023,observed,observed,TRUE,TRUE,1864,482,336,5423,1864,1864,482,482,336,336,5423,5423,1864,482,336,5423,1.63967314353749,2.01624700748907,1.36655509356591,1.9013407823526,1.62770860162379,1.99367820044012,1.34806991075432,1.84653156917808,1.66137005866461,2.03575157299769,1.38585400415816,1.9255633503913
Jiangxi,2024,observed,observed,TRUE,TRUE,4111,1082,355,5326,4111,4111,1082,1082,355,355,5326,5326,4111,1082,355,5326,2.02583473969152,2.53544706172531,1.40197623238014,1.89234493908255,1.99597882947447,2.49116592425785,1.38110798476508,1.83814948618837,2.04239172125441,2.54887142921824,1.42050746882581,1.91662413485828
Jilin,2002,observed,observed,TRUE,TRUE,2,1,2,,2,2,1,1,2,2,,,2,1,2,,-1.50198524305641,-1.51177291970582,-1.68260759815345,,-1.36839267147747,-1.38680411816374,-1.49595109060814,,-1.43847185640698,-1.45095275804953,-1.59722488998872,
Jilin,2003,observed,observed,TRUE,TRUE,3,2,3,,3,3,2,2,3,3,,,3,2,3,,-1.36147808749039,-1.25106160003567,-1.49682026429775,,-1.23439539492202,-1.13699543663922,-1.32266316448085,,-1.29983489573373,-1.19329455140507,-1.41546408203647,
Jilin,2004,observed,observed,TRUE,TRUE,3,2,2,5,3,3,2,2,2,2,5,5,3,2,2,5,-1.36147808749039,-1.25106160003567,-1.68260759815345,-1.49195791887047,-1.23439539492202,-1.13699543663922,-1.49595109060814,-1.31525220902864,-1.29983489573373,-1.19329455140507,-1.59722488998872,-1.44637494906513
Jilin,2005,observed,observed,TRUE,TRUE,4,1,4,10,4,4,1,1,4,4,10,10,4,1,4,10,-1.25249227057504,-1.51177291970582,-1.35271241248606,-1.18979082665745,-1.13045903245707,-1.38680411816374,-1.18825060652627,-1.03370110062705,-1.19229971467644,-1.45095275804953,-1.27447944635674,-1.14610996187103
Jilin,2006,observed,observed,TRUE,TRUE,1,1,1,10,1,1,1,1,1,1,10,10,1,1,1,10,-1.70001895623155,-1.51177291970582,-1.94446013823328,-1.18979082665745,-1.5572512255115,-1.38680411816374,-1.74018670495223,-1.03370110062705,-1.63386967792605,-1.45095275804953,-1.85340236054882,-1.14610996187103
Jilin,2007,observed,observed,TRUE,TRUE,12,7,8,32,12,12,7,7,8,8,32,32,12,7,8,32,-0.785809748068945,-0.620395030187304,-0.973115184138086,-0.642117386512561,-0.685398517354234,-0.532702594676143,-0.834191935792679,-0.523393829952458,-0.731828884853294,-0.570013530913398,-0.903109140916272,-0.601884059284276
Jilin,2008,observed,observed,TRUE,TRUE,1,1,1,26,1,1,1,1,1,1,26,26,1,1,1,26,-1.70001895623155,-1.51177291970582,-1.94446013823328,-0.742154507208946,-1.5572512255115,-1.38680411816374,-1.74018670495223,-0.616605708211903,-1.63386967792605,-1.45095275804953,-1.85340236054882,-0.70129145849788
Jilin,2009,observed,observed,TRUE,TRUE,3,3,3,60,3,3,3,3,3,3,60,60,3,3,3,60,-1.36147808749039,-1.06608397494656,-1.49682026429775,-0.335847276499079,-1.23439539492202,-0.959753356419943,-1.32266316448085,-0.238019640747959,-1.29983489573373,-1.01048314448146,-1.41546408203647,-0.297541882286724
Jilin,2010,observed,observed,TRUE,TRUE,5,2,3,24,5,5,2,2,3,3,24,24,5,2,3,24,-1.16344437431526,-1.25106160003567,-1.49682026429775,-0.780520652018099,-1.04553684088799,-1.13699543663922,-1.32266316448085,-0.652354242299453,-1.10443707421466,-1.19329455140507,-1.41546408203647,-0.739416093101325
Jilin,2011,observed,observed,TRUE,TRUE,10,5,10,15,10,10,5,5,10,10,15,15,10,5,10,15,-0.867400839448614,-0.805372655276413,-0.843520478513421,-1.00300095313062,-0.763209387498323,-0.709944674895415,-0.713316107991538,-0.859655358105904,-0.81233397287763,-0.752824937837007,-0.776323111363968,-0.960495907833085
Jilin,2012,observed,observed,TRUE,TRUE,4,2,4,7,4,4,2,2,4,4,7,7,4,2,4,7,-1.25249227057504,-1.25106160003567,-1.35271241248606,-1.34854442175887,-1.13045903245707,-1.13699543663922,-1.18825060652627,-1.18162339863835,-1.19229971467644,-1.19329455140507,-1.27447944635674,-1.30386422243935
Jilin,2013,observed,observed,TRUE,TRUE,5,4,4,5,5,5,4,4,4,4,5,5,5,4,4,5,-1.16344437431526,-0.922604182047855,-1.35271241248606,-1.49195791887047,-1.04553684088799,-0.822273718271565,-1.18825060652627,-1.31525220902864,-1.10443707421466,-0.868683600929724,-1.27447944635674,-1.44637494906513
Jilin,2014,observed,observed,TRUE,TRUE,16,10,14,4,16,16,10,10,14,14,4,4,16,10,14,4,-0.654786603748626,-0.415631436887809,-0.643219998470703,-1.58284773983085,-0.560445845485463,-0.336501971967897,-0.526491451710814,-1.39994088126756,-0.602549700222103,-0.367647863391276,-0.580363697284295,-1.53669262967974
Jilin,2015,observed,observed,TRUE,TRUE,12,7,11,14,12,12,7,7,11,11,14,14,12,7,11,14,-0.785809748068945,-0.620395030187304,-0.787327850282387,-1.03517429968597,-0.685398517354234,-0.532702594676143,-0.66090400966539,-0.889633610592972,-0.731828884853294,-0.570013530913398,-0.721348332964026,-0.992466727092981
Jilin,2016,observed,observed,TRUE,TRUE,15,8,8,8,15,15,8,8,8,8,8,8,15,8,8,8,-0.684396350008086,-0.544661335606264,-0.973115184138086,-1.28982794735383,-0.588683733743057,-0.460135993370887,-0.834191935792679,-1.12691297888649,-0.631765331349082,-0.495166731192549,-0.903109140916272,-1.24551736108464
Jilin,2017,observed,observed,TRUE,TRUE,25,18,20,37,25,25,18,18,20,20,37,37,25,18,20,37,-0.447268879327791,-0.064207533584587,-0.425923594751292,-0.571787751538705,-0.362542686764753,0.000225800540987319,-0.323814324190909,-0.457862581875951,-0.39779410266097,-0.0203393813059435,-0.367776708249648,-0.53199714079117
Jilin,2018,observed,observed,TRUE,TRUE,60,29,31,92,60,60,29,29,31,31,92,92,60,29,31,92,-0.0307628544385627,0.229485027140811,-0.153900642491159,-0.125611210142381,0.0346660730259302,0.281636486740565,-0.0700925430667273,-0.0421273710927679,0.0131680946743235,0.269913832850867,-0.101649246499432,-0.0886292263452652
Jilin,2019,observed,observed,TRUE,TRUE,56,28,39,46,56,56,28,28,39,39,46,46,56,28,39,46,-0.0638881723057673,0.207686558913861,-0.00979279067947451,-0.465822929031131,0.0030754941592647,0.260749604598592,0.0643200148878488,-0.359127431697677,-0.0195163146850776,0.248370640027256,0.0393353891802992,-0.426699353926841
Jilin,2020,observed,observed,TRUE,TRUE,4,4,3,140,4,4,4,4,3,3,140,140,4,4,3,140,-1.25249227057504,-0.922604182047855,-1.49682026429775,0.0818505111137559,-1.13045903245707,-0.822273718271565,-1.32266316448085,0.151179838976912,-1.19229971467644,-0.868683600929724,-1.41546408203647,0.117526548659918
Jilin,2021,observed,observed,TRUE,TRUE,136,27,109,519,136,136,27,27,109,109,519,519,136,27,109,519,0.364414122745339,0.185123077830001,0.643506995104851,0.732445441710086,0.411533987594021,0.239129701529964,0.673667071377162,0.75738656548807,0.403085140707468,0.226071393185658,0.678476359852806,0.764026063459263
Jilin,2022,observed,observed,TRUE,TRUE,45,18,36,318,45,45,18,18,36,36,318,318,45,18,36,318,-0.168608361823572,-0.064207533584587,-0.0601409643056431,0.48885277692903,-0.0967928729657371,0.000225800540987319,0.0173591677143171,0.530413521318017,-0.122842645201067,-0.0203393813059435,-0.00992160012727238,0.5219667848152
Jilin,2023,observed,observed,TRUE,TRUE,504,126,236,1378,504,504,126,126,236,236,1378,1378,504,126,236,1378,1.00158442905808,1.1573176388376,1.13921602127777,1.21863855355395,1.01918336604718,1.17066823916574,1.13602576572606,1.21040813224542,1.03177450775498,1.186880871714,1.16344199898724,1.24715864891875
Jilin,2024,observed,observed,TRUE,TRUE,1184,298,315,1060,1184,1184,298,298,315,315,1060,1060,1184,298,315,1060,1.41816972218289,1.70788476340665,1.32500335513347,1.08795477370732,1.41646772147313,1.69821129964105,1.30931369185334,1.08864052745281,1.44281491824045,1.73100046779957,1.34520280693948,1.1172975075392
Liaoning,2002,observed,observed,TRUE,TRUE,3,2,3,,3,3,2,2,3,3,,,3,2,3,,-1.36147808749039,-1.25106160003567,-1.49682026429775,,-1.23439539492202,-1.13699543663922,-1.32266316448085,,-1.29983489573373,-1.19329455140507,-1.41546408203647,
Liaoning,2003,structural_zero,coverage_gap,TRUE,TRUE,0,0,0,0,,0,,0,,0,,0,5,2,5,31,,,,,-1.88010705610098,-1.81385487990754,-2.1577102454236,-2.14752752023567,-1.10443707421466,-1.19329455140507,-1.15928661147637,-0.617127593226817
Liaoning,2004,observed,observed,TRUE,TRUE,8,2,8,31,8,8,2,2,8,8,31,31,8,2,8,31,-0.965410661140117,-1.25106160003567,-0.973115184138086,-0.657457484502378,-0.856678286853961,-1.13699543663922,-0.834191935792679,-0.537687317573463,-0.909039252695593,-1.19329455140507,-0.903109140916272,-0.617127593226817
Liaoning,2005,structural_zero,coverage_gap,TRUE,TRUE,0,0,0,0,,0,,0,,0,,0,3.24264068711929,1.44948974278318,3.24264068711929,31,,,,,-1.88010705610098,-1.81385487990754,-2.1577102454236,-2.14752752023567,-1.27145446531082,-1.3221236547273,-1.37825575073255,-0.617127593226817
Liaoning,2006,observed,observed,TRUE,TRUE,1,1,1,31,1,1,1,1,1,1,31,31,1,1,1,31,-1.70001895623155,-1.51177291970582,-1.94446013823328,-0.657457484502378,-1.5572512255115,-1.38680411816374,-1.74018670495223,-0.537687317573463,-1.63386967792605,-1.45095275804953,-1.85340236054882,-0.617127593226817
Liaoning,2007,observed,observed,TRUE,TRUE,8,4,8,30,8,8,4,4,8,8,30,30,8,4,8,30,-0.965410661140117,-0.922604182047855,-0.973115184138086,-0.673284650287268,-0.856678286853961,-0.822273718271565,-0.834191935792679,-0.552434641767357,-0.909039252695593,-0.868683600929724,-0.903109140916272,-0.632855128932024
Liaoning,2008,observed,observed,TRUE,TRUE,44,6,43,35,44,44,6,6,43,43,35,35,44,6,43,35,-0.179343106742457,-0.706254811688515,0.0517592693576374,-0.598741010097341,-0.107030263210052,-0.614971821957637,0.121730972951211,-0.482976897821609,-0.133434507253656,-0.654867833950475,0.0995534456607273,-0.558780731872103
Liaoning,2009,observed,observed,TRUE,TRUE,60,10,53,31,60,60,10,10,53,53,31,31,60,10,53,31,-0.0307628544385627,-0.415631436887809,0.184017103812803,-0.657457484502378,0.0346660730259302,-0.336501971967897,0.245090759494157,-0.537687317573463,0.0131680946743235,-0.367647863391276,0.228944886668524,-0.617127593226817
Liaoning,2010,observed,observed,TRUE,TRUE,48,5,42,26,48,48,5,5,42,42,26,26,48,5,42,26,-0.137751076616429,-0.805372655276413,0.036912458566848,-0.742154507208946,-0.0673652458602316,-0.709944674895415,0.107883026494655,-0.616605708211903,-0.0923960802662578,-0.752824937837007,0.0850284063652929,-0.70129145849788
Liaoning,2011,observed,observed,TRUE,TRUE,73,8,62,13,73,73,8,8,62,62,13,13,73,8,62,13,0.0635939118350065,-0.544661335606264,0.283568819264068,-1.069568201577,0.1246511677658,-0.460135993370887,0.337944830624552,-0.921680916369237,0.106268942402881,-0.495166731192549,0.3263390408228,-1.02664412356336
Liaoning,2012,observed,observed,TRUE,TRUE,112,9,107,17,112,112,9,9,107,107,17,17,112,9,107,17,0.270349485933479,-0.476915237288597,0.631656977748333,-0.944284478725587,0.321827487578477,-0.395222956527764,0.662614299965531,-0.804944938354051,0.310272534104649,-0.428213987361657,0.666883165180871,-0.902149046478371
Liaoning,2013,observed,observed,TRUE,TRUE,153,9,123,7,153,153,9,9,123,123,7,7,153,9,123,7,0.421544403470677,-0.476915237288597,0.720875547535699,-1.34854442175887,0.46601734821153,-0.395222956527764,0.745830419222098,-1.18162339863835,0.459454999240754,-0.428213987361657,0.754168121546577,-1.30386422243935
Liaoning,2014,observed,observed,TRUE,TRUE,152,11,138,6,152,152,11,11,138,138,6,6,152,11,138,6,0.418362560083959,-0.359683710517155,0.794621872179608,-1.41511167020524,0.462982923761554,-0.282893913151614,0.814615235667004,-1.24364895690168,0.456315507200681,-0.31235532426894,0.826316159158208,-1.37001243816963
Liaoning,2015,observed,observed,TRUE,TRUE,291,18,194,54,291,291,18,18,194,194,54,54,291,18,194,54,0.734030496028179,-0.064207533584587,1.013244370464,-0.387463738844694,0.764025554238353,0.000225800540987319,1.01852924070835,-0.286114461658938,0.767781802600453,-0.0203393813059435,1.04020050261713,-0.348833425292618
Liaoning,2016,observed,observed,TRUE,TRUE,194,16,151,32,194,194,16,16,151,151,32,32,194,16,151,32,0.536832388245008,-0.135724864005535,0.852361346242936,-0.642117386512561,0.575963890913184,-0.0683007599521075,0.868470111069252,-0.523393829952458,0.573208464300036,-0.0910191934582289,0.882804258958594,-0.601884059284276
Liaoning,2017,observed,observed,TRUE,TRUE,171,26,133,154,171,171,26,26,133,133,154,154,171,26,133,154,0.47553429658596,0.161738928823143,0.770963262264919,0.129042437525486,0.51750581945575,0.216723449897442,0.792548330662838,0.195151997200752,0.512726269721068,0.202961089019975,0.803170296822614,0.164421407646392
Liaoning,2018,observed,observed,TRUE,TRUE,258,25,194,128,258,258,25,25,194,194,128,128,258,25,194,128,0.675457417271989,0.13747215341773,1.013244370464,0.0375089575362405,0.708166242296693,0.193471482255424,1.01852924070835,0.109863580920602,0.709988350136616,0.178978494632001,1.04020050261713,0.0734641197580554
Liaoning,2019,observed,observed,TRUE,TRUE,193,31,153,118,193,193,31,31,153,153,118,118,193,31,153,118,0.534321270978383,0.270982859331213,0.860803398824262,-0.00271558215053617,0.573569116971004,0.321398928811458,0.876344198897068,0.0723834448448589,0.570730770802244,0.310925696222735,0.891063348887453,0.0334927886462498
Liaoning,2020,observed,observed,TRUE,TRUE,196,24,152,306,196,196,24,24,152,152,306,306,196,24,152,306,0.541816219576155,0.112253500369368,0.856596166835377,0.469738083361155,0.580716814865669,0.169307443364415,0.872420021231347,0.512602967821351,0.578125959252338,0.154055169758149,0.88694729926409,0.502972415913735
Liaoning,2021,observed,observed,TRUE,TRUE,462,50,255,675,462,462,50,50,255,255,675,675,462,50,255,675,0.959175010084798,0.570675400423872,1.18901897931543,0.863237660925288,0.978738830537033,0.608558683316221,1.1824780783474,0.879255211145827,0.989929571625649,0.607108626754295,1.21216558903761,0.893994961594779
Liaoning,2022,observed,observed,TRUE,TRUE,874,37,358,1383,874,874,37,37,358,358,1383,1383,874,37,358,1383,1.27004721239842,0.381481411174671,1.40739563055668,1.22044280398019,1.27520791995112,0.427276562284788,1.38616277645287,1.21208928390103,1.29666396613349,0.420130232262123,1.42580941363948,1.24895154180845
Liaoning,2023,observed,observed,TRUE,TRUE,727,168,276,2432,727,727,168,168,276,276,2432,2432,727,168,276,2432,1.18021723233265,1.34102828178202,1.23993450818684,1.50167799912311,1.18953987953458,1.34669632093079,1.22996811021714,1.47413661782515,1.20802965164974,1.36844013374547,1.26197763743146,1.52841639567343
Liaoning,2024,observed,observed,TRUE,TRUE,2609,414,362,2563,2609,2609,414,414,362,362,2563,2563,2609,414,362,2563,1.8038228684172,1.91868041490782,1.41455146915732,1.52782179780754,1.78425305654925,1.9001917270319,1.39283718425599,1.49849670099476,1.82333489854055,1.93932755387684,1.43281016540568,1.55439562233141
Macao,2002,no_data,no_coverage,FALSE,FALSE,,,,,,,,,,,,,,,,,,,,,,,,,,,,
Macao,2003,no_data,no_coverage,FALSE,FALSE,,,,,,,,,,,,,,,,,,,,,,,,,,,,
Macao,2004,no_data,no_coverage,FALSE,FALSE,,,,,,,,,,,,,,,,,,,,,,,,,,,,
Macao,2005,no_data,no_coverage,FALSE,FALSE,,,,,,,,,,,,,,,,,,,,,,,,,,,,
Macao,2006,no_data,no_coverage,FALSE,FALSE,,,,,,,,,,,,,,,,,,,,,,,,,,,,
Macao,2007,no_data,no_coverage,FALSE,FALSE,,,,,,,,,,,,,,,,,,,,,,,,,,,,
Macao,2008,no_data,no_coverage,FALSE,FALSE,,,,,,,,,,,,,,,,,,,,,,,,,,,,
Macao,2009,no_data,no_coverage,FALSE,FALSE,,,,,,,,,,,,,,,,,,,,,,,,,,,,
Macao,2010,no_data,no_coverage,FALSE,FALSE,,,,,,,,,,,,,,,,,,,,,,,,,,,,
Macao,2011,no_data,no_coverage,FALSE,FALSE,,,,,,,,,,,,,,,,,,,,,,,,,,,,
Macao,2012,no_data,no_coverage,FALSE,FALSE,,,,,,,,,,,,,,,,,,,,,,,,,,,,
Macao,2013,no_data,no_coverage,FALSE,FALSE,,,,,,,,,,,,,,,,,,,,,,,,,,,,
Macao,2014,no_data,no_coverage,FALSE,FALSE,,,,,,,,,,,,,,,,,,,,,,,,,,,,
Macao,2015,no_data,no_coverage,FALSE,FALSE,,,,,,,,,,,,,,,,,,,,,,,,,,,,
Macao,2016,no_data,no_coverage,FALSE,FALSE,,,,,,,,,,,,,,,,,,,,,,,,,,,,
Macao,2017,no_data,no_coverage,FALSE,FALSE,,,,,,,,,,,,,,,,,,,,,,,,,,,,
Macao,2018,no_data,no_coverage,FALSE,FALSE,,,,,,,,,,,,,,,,,,,,,,,,,,,,
Macao,2019,no_data,no_coverage,FALSE,FALSE,,,,,,,,,,,,,,,,,,,,,,,,,,,,
Macao,2020,no_data,no_coverage,FALSE,FALSE,,,,,,,,,,,,,,,,,,,,,,,,,,,,
Macao,2021,no_data,no_coverage,FALSE,FALSE,,,,,,,,,,,,,,,,,,,,,,,,,,,,
Macao,2022,no_data,no_coverage,FALSE,FALSE,,,,,,,,,,,,,,,,,,,,,,,,,,,,
Macao,2023,observed,observed,FALSE,FALSE,11,7,11,81,11,11,7,7,11,11,81,81,11,7,11,81,,,,,,,,,,,,
Macao,2024,observed,observed,FALSE,FALSE,52,36,46,108,52,52,36,36,46,46,108,108,52,36,46,108,,,,,,,,,,,,
Ningxia,2002,observed,observed,TRUE,TRUE,1,1,1,,1,1,1,1,1,1,,,1,1,1,,-1.70001895623155,-1.51177291970582,-1.94446013823328,,-1.5572512255115,-1.38680411816374,-1.74018670495223,,-1.63386967792605,-1.45095275804953,-1.85340236054882,
Ningxia,2003,structural_zero,coverage_gap,TRUE,TRUE,0,0,0,0,,0,,0,,0,,0,1.56947031424688,1.29739670999407,1.40224886796286,9,,,,,-1.88010705610098,-1.81385487990754,-2.1577102454236,-2.14752752023567,-1.51312579637931,-1.36285883533592,-1.73761777771041,-1.19332431507347
Ningxia,2004,structural_zero,coverage_gap,TRUE,TRUE,0,0,0,0,,0,,0,,0,,0,2.30108884789798,1.63901582154579,1.88539981181443,9,,,,,-1.88010705610098,-1.81385487990754,-2.1577102454236,-2.14752752023567,-1.39238191483256,-1.2747649126223,-1.62183319487199,-1.19332431507347
Ningxia,2005,structural_zero,coverage_gap,TRUE,TRUE,0,0,0,0,,0,,0,,0,,0,3.24102489968264,2.0314331330208,2.46572421577573,9,,,,,-1.88010705610098,-1.81385487990754,-2.1577102454236,-2.14752752023567,-1.27163803328581,-1.18667098990869,-1.50604861203357,-1.19332431507347
Ningxia,2006,structural_zero,coverage_gap,TRUE,TRUE,0,0,0,0,,0,,0,,0,,0,4.4485937908582,2.4822022531845,3.16276603700937,9,,,,,-1.88010705610098,-1.81385487990754,-2.1577102454236,-2.14752752023567,-1.15089415173906,-1.09857706719508,-1.39026402919516,-1.19332431507347
Ningxia,2007,observed,observed,TRUE,TRUE,6,3,4,,6,6,3,3,4,4,,,6,3,4,,-1.08815545079457,-1.06608397494656,-1.35271241248606,,-0.973736150980604,-0.959753356419943,-1.18825060652627,,-1.03015027019232,-1.01048314448146,-1.27447944635674,
Ningxia,2008,structural_zero,coverage_gap,TRUE,TRUE,0,0,0,0,,0,,0,,0,,0,5.43525900657443,2.7224194364084,4,9,,,,,-1.88010705610098,-1.81385487990754,-2.1577102454236,-2.14752752023567,-1.07068763131335,-1.05618599621237,-1.27447944635674,-1.19332431507347
Ningxia,2009,structural_zero,coverage_gap,TRUE,TRUE,0,0,0,0,,0,,0,,0,,0,4.91607978309962,2.46410161513776,4,9,,,,,-1.88010705610098,-1.81385487990754,-2.1577102454236,-2.14752752023567,-1.11122499243438,-1.10188884794327,-1.27447944635674,-1.19332431507347
Ningxia,2010,structural_zero,coverage_gap,TRUE,TRUE,0,0,0,0,,0,,0,,0,,0,4.43878652968639,2.22370979547063,4,9,,,,,-1.88010705610098,-1.81385487990754,-2.1577102454236,-2.14752752023567,-1.15176235355541,-1.14759169967417,-1.27447944635674,-1.19332431507347
Ningxia,2011,observed,observed,TRUE,TRUE,4,2,4,9,4,4,2,2,4,4,9,9,4,2,4,9,-1.25249227057504,-1.25106160003567,-1.35271241248606,-1.23730427120261,-1.13045903245707,-1.13699543663922,-1.18825060652627,-1.07797284073512,-1.19229971467644,-1.19329455140507,-1.27447944635674,-1.19332431507347
Ningxia,2012,observed,observed,TRUE,TRUE,3,3,2,6,3,3,3,3,2,2,6,6,3,3,2,6,-1.36147808749039,-1.06608397494656,-1.68260759815345,-1.41511167020524,-1.23439539492202,-0.959753356419943,-1.49595109060814,-1.24364895690168,-1.29983489573373,-1.01048314448146,-1.59722488998872,-1.37001243816963
Ningxia,2013,observed,observed,TRUE,TRUE,6,2,6,5,6,6,2,2,6,6,5,5,6,2,6,5,-1.08815545079457,-1.25106160003567,-1.13541600876665,-1.49195791887047,-0.973736150980604,-1.13699543663922,-0.985573479006369,-1.31525220902864,-1.03015027019232,-1.19329455140507,-1.0618924573221,-1.44637494906513
Ningxia,2014,observed,observed,TRUE,TRUE,8,2,8,6,8,8,2,2,8,8,6,6,8,2,8,6,-0.965410661140117,-1.25106160003567,-0.973115184138086,-1.41511167020524,-0.856678286853961,-1.13699543663922,-0.834191935792679,-1.24364895690168,-0.909039252695593,-1.19329455140507,-0.903109140916272,-1.37001243816963
Ningxia,2015,observed,observed,TRUE,TRUE,12,7,12,2,12,12,7,7,12,12,2,2,12,7,12,2,-0.785809748068945,-0.620395030187304,-0.735635643234101,-1.83750138749872,-0.685398517354234,-0.532702594676143,-0.612689553004436,-1.63722024956108,-0.731828884853294,-0.570013530913398,-0.670776439159743,-1.7897432636714
Ningxia,2016,observed,observed,TRUE,TRUE,2,2,2,6,2,2,2,2,2,2,6,6,2,2,2,6,-1.50198524305641,-1.25106160003567,-1.68260759815345,-1.41511167020524,-1.36839267147747,-1.13699543663922,-1.49595109060814,-1.24364895690168,-1.43847185640698,-1.19329455140507,-1.59722488998872,-1.37001243816963
Ningxia,2017,observed,observed,TRUE,TRUE,9,3,9,7,9,9,3,3,9,9,7,7,9,3,9,7,-0.913951401833887,-1.06608397494656,-0.905072538550533,-1.34854442175887,-0.807603201867589,-0.959753356419943,-0.7707270660549,-1.18162339863835,-0.858264932484116,-1.01048314448146,-0.836541167844396,-1.30386422243935
Ningxia,2018,observed,observed,TRUE,TRUE,34,20,16,37,34,34,20,20,16,16,37,37,34,20,16,37,-0.302087896396905,0.000145452740892209,-0.562388661195343,-0.571787751538705,-0.224088127336696,0.0618876213106921,-0.451098288399574,-0.457862581875951,-0.25454552475038,0.0432599862620492,-0.501284198880807,-0.53199714079117
Ningxia,2019,observed,observed,TRUE,TRUE,55,28,29,25,55,55,28,28,29,29,25,25,55,28,29,25,-0.0725328445711029,0.207686558913861,-0.195580124535173,-0.76096858335916,-0.00516865921216394,0.260749604598592,-0.10896791123944,-0.634136154544921,-0.0280459236153461,0.248370640027256,-0.142425418771947,-0.719987102331689
Ningxia,2020,observed,observed,TRUE,TRUE,48,21,40,105,48,48,21,21,40,40,105,105,48,21,40,105,-0.137751076616429,0.0300575078714499,0.0061538917814764,-0.0603858571189146,-0.0673652458602316,0.0905487897759031,0.0791938358040524,0.0186478453781755,-0.0923960802662578,0.0728217501767907,0.0549364628816507,-0.0238144589697553
Ningxia,2021,observed,observed,TRUE,TRUE,78,34,53,266,78,78,34,34,53,53,266,266,78,34,53,266,0.0955275858689373,0.328602870728708,0.184017103812803,0.4001460041493,0.155105313205716,0.376609339678343,0.245090759494157,0.447758954217594,0.137777569087125,0.367870936737399,0.228944886668524,0.433818410358999
Ningxia,2022,observed,observed,TRUE,TRUE,46,16,32,283,46,46,16,16,32,32,283,283,46,16,32,283,-0.158104489625825,-0.135724864005535,-0.134028064498062,0.430917060473096,-0.0867756588095274,-0.0683007599521075,-0.051556953176077,0.476430590666161,-0.112478582880328,-0.0910191934582289,-0.0822073622915191,0.464395766633453
Ningxia,2023,observed,observed,TRUE,TRUE,135,63,93,578,135,135,63,63,93,93,578,578,135,63,93,578,0.360836002474837,0.716671804090471,0.541995315095399,0.786022552569828,0.408121646282978,0.748449690555259,0.578984898263049,0.807308265554868,0.399554646354868,0.751395309790802,0.57916471899876,0.817265912935842
Ningxia,2024,observed,observed,TRUE,TRUE,521,139,259,668,521,521,139,139,259,259,668,668,521,139,259,668,1.01775531401954,1.21998076024722,1.1990317043197,0.858048622341478,1.03460503290534,1.23071086316594,1.19181716683564,0.874420205605978,1.04773015309862,1.24881016387353,1.22196131056938,0.888838587376442
Qinghai,2002,observed,observed,TRUE,TRUE,68,7,33,1,68,68,7,7,33,33,1,1,68,7,33,1,0.0294253513515664,-0.620395030187304,-0.114748787259813,-2.03963135901536,0.0920656810682913,-0.532702594676143,-0.0335747479281997,-1.82555947970323,0.0725551763180012,-0.570013530913398,-0.0633459203684594,-1.99060085165189
Qinghai,2003,observed,observed,TRUE,TRUE,1,1,1,,1,1,1,1,1,1,,,1,1,1,,-1.70001895623155,-1.51177291970582,-1.94446013823328,,-1.5572512255115,-1.38680411816374,-1.74018670495223,,-1.63386967792605,-1.45095275804953,-1.85340236054882,
Qinghai,2004,observed,observed,TRUE,TRUE,102,10,72,2,102,102,10,10,72,72,2,2,102,10,72,2,0.22509387233809,-0.415631436887809,0.378712273051289,-1.83750138749872,0.278668625339757,-0.336501971967897,0.426687219296649,-1.63722024956108,0.265619287108127,-0.367647863391276,0.419420472548196,-1.7897432636714
Qinghai,2005,observed,observed,TRUE,TRUE,39,6,36,40,39,39,6,6,36,36,40,40,39,6,36,40,-0.236869664351579,-0.706254811688515,-0.0601409643056431,-0.533907724611662,-0.161891540688629,-0.614971821957637,0.0173591677143171,-0.422566999258132,-0.190195368099469,-0.654867833950475,-0.00992160012727238,-0.494355564017013
Qinghai,2006,observed,observed,TRUE,TRUE,22,6,22,30,22,22,6,6,22,22,30,30,22,6,22,30,-0.507149230564726,-0.706254811688515,-0.367173308419888,-0.673284650287268,-0.419648703555217,-0.614971821957637,-0.26901664198906,-0.552434641767357,-0.456877427393391,-0.654867833950475,-0.310299703281614,-0.632855128932024
Qinghai,2007,observed,observed,TRUE,TRUE,93,17,50,79,93,93,17,17,50,50,79,79,93,17,50,79,0.18043637911533,-0.0989723908470057,0.147103752820017,-0.20067386531787,0.236080171779953,-0.0330852316270863,0.210660866415886,-0.112068719137796,0.221556199311996,-0.0546971176244828,0.192831550191641,-0.163219371254669
Qinghai,2008,observed,observed,TRUE,TRUE,27,8,27,24,27,27,8,8,27,27,24,24,27,8,27,24,-0.411073713312257,-0.544661335606264,-0.240136260895593,-0.780520652018099,-0.328024489801644,-0.460135993370887,-0.15052639806362,-0.652354242299453,-0.36208070580767,-0.495166731192549,-0.186015900297402,-0.739416093101325
Qinghai,2009,observed,observed,TRUE,TRUE,24,6,22,24,24,24,6,6,22,22,24,24,24,6,22,24,-0.466424716177381,-0.706254811688515,-0.367173308419888,-0.780520652018099,-0.38081100881316,-0.614971821957637,-0.26901664198906,-0.652354242299453,-0.416694969234503,-0.654867833950475,-0.310299703281614,-0.739416093101325
Qinghai,2010,observed,observed,TRUE,TRUE,68,13,37,19,68,68,13,13,37,37,19,19,68,13,37,19,0.0294253513515664,-0.260565866929257,-0.0429184016281227,-0.891760802574361,0.0920656810682913,-0.187921060213836,0.0334230301265028,-0.756004800202678,0.0725551763180012,-0.214398220382408,0.00692770193389877,-0.849956000467205
Qinghai,2011,observed,observed,TRUE,TRUE,26,8,23,17,26,26,8,8,23,23,17,17,26,8,23,17,-0.428836079223825,-0.544661335606264,-0.339687976346857,-0.944284478725587,-0.344963902230452,-0.460135993370887,-0.243380469194016,-0.804944938354051,-0.379606648984201,-0.495166731192549,-0.283410054451678,-0.902149046478371
Qinghai,2012,observed,observed,TRUE,TRUE,65,14,55,19,65,65,14,14,55,55,19,19,65,14,55,19,0.00771461120883217,-0.216203917618448,0.207503613039937,-0.891760802574361,0.0713608277146651,-0.145414275003236,0.266997142407755,-0.756004800202678,0.051133413026086,-0.1705557807172,0.251922378214946,-0.849956000467205
Qinghai,2013,observed,observed,TRUE,TRUE,103,21,64,38,103,103,21,21,64,64,38,38,103,21,64,38,0.229812858154518,0.0300575078714499,0.303751956448642,-0.558838611842519,0.283168974414207,0.0905487897759031,0.356770085892889,-0.445796924402774,0.270275461723677,0.0728217501767907,0.346084753544683,-0.519129514351198
Qinghai,2014,observed,observed,TRUE,TRUE,136,29,80,21,136,136,29,29,80,80,21,21,136,29,80,21,0.364414122745339,0.229485027140811,0.445869643892634,-0.844247358029202,0.411533987594021,0.281636486740565,0.489326373838243,-0.711733060094606,0.403085140707468,0.269913832850867,0.485122357228625,-0.802741647264767
Qinghai,2015,observed,observed,TRUE,TRUE,71,16,58,89,71,71,16,16,58,58,89,89,71,16,58,89,0.0502119450833454,-0.135724864005535,0.241205580855248,-0.141957390912833,0.11188920491448,-0.0683007599521075,0.298431707875279,-0.0573582993859422,0.0930650938813782,-0.0910191934582289,0.284893931078982,-0.104872509899955
Qinghai,2016,observed,observed,TRUE,TRUE,228,20,136,85,228,228,20,20,136,136,85,85,228,20,136,85,0.615331035688584,0.000145452740892209,0.785262174637988,-0.164621013980401,0.650825594065261,0.0618876213106921,0.805885240233485,-0.0784756492215456,0.650662269799825,0.0432599862620492,0.817159312175976,-0.127393468222436
Qinghai,2017,observed,observed,TRUE,TRUE,346,47,183,102,346,346,47,47,183,183,102,102,346,47,183,102,0.818316099924917,0.531694179001362,0.975746313386701,-0.0746982424961231,0.844406096634915,0.571207610335987,0.983553979425064,0.00531195252064722,0.850945538323958,0.568583902867193,1.00351513225543,-0.0380367496253331
Qinghai,2018,observed,observed,TRUE,TRUE,487,54,210,331,487,487,54,54,210,210,331,331,487,54,210,331,0.9848597517849,0.619226245529415,1.0641718553078,0.508765347362341,1.00323356479437,0.655079189668082,1.06603042417608,0.548967514857031,1.01527244125129,0.655090907296598,1.09002424786434,0.541754008044473
Qinghai,2019,observed,observed,TRUE,TRUE,302,54,164,114,302,302,54,54,164,164,114,114,302,54,164,114,0.752091456576711,0.619226245529415,0.905359535184681,-0.01976045098014,0.781249727026776,0.655079189668082,0.917902685721248,0.0565014979512129,0.785602366024439,0.655090907296598,0.934653830412907,0.0165552151885885
Qinghai,2020,observed,observed,TRUE,TRUE,413,69,185,627,413,413,69,69,185,185,627,627,413,69,185,627,0.904540802009013,0.774291815487967,0.98272808761553,0.82652066551247,0.92663589628128,0.803660101422144,0.990066033566185,0.84504330977714,0.936022562221717,0.808340550305466,1.01034559210668,0.857509095193209
Qinghai,2021,observed,observed,TRUE,TRUE,541,87,192,1260,541,541,87,87,192,192,1260,1260,541,87,192,1260,1.03611880152388,0.921435397389967,1.0065864988548,1.17404472414604,1.05211771618278,0.944650313263504,1.01231929765337,1.16885681040652,1.06584921674849,0.953760977312924,1.03368692551897,1.2028455322321
Qinghai,2022,observed,observed,TRUE,TRUE,748,102,170,1924,748,748,102,102,170,170,1924,1924,748,102,170,1924,1.19410663937149,1.02263749962743,0.928426552467068,1.38492650640642,1.2027857723055,1.04162026362637,0.93941779928605,1.36535074064316,1.22173418626693,1.05377793171347,0.957220921566449,1.41239983937433
Qinghai,2023,observed,observed,TRUE,TRUE,1157,213,242,3215,1157,1157,213,213,242,242,3215,3215,1157,213,242,3215,1.40691262696137,1.49282438759268,1.15536205790799,1.64076998689335,1.40573218209414,1.49214449364955,1.1510855286537,1.6037387629154,1.43170765853376,1.51845860033246,1.17923810630107,1.66663281633246
Qinghai,2024,observed,observed,TRUE,TRUE,1837,402,275,2904,1837,1837,402,402,275,275,2904,2904,1837,402,275,2904,1.63255062829118,1.89981373436501,1.23759885346653,1.59006865535697,1.62091608175969,1.88211402869066,1.22778959376915,1.55649663609425,1.65434234635971,1.92068181544038,1.25969260281553,1.61625064349888
Shaanxi,2002,observed,observed,TRUE,TRUE,15,5,10,3,15,15,5,5,10,10,3,3,15,5,10,3,-0.684396350008086,-0.805372655276413,-0.843520478513421,-1.69408789038711,-0.588683733743057,-0.709944674895415,-0.713316107991538,-1.50359143917079,-0.631765331349082,-0.752824937837007,-0.776323111363968,-1.64723253704562
Shaanxi,2003,observed,observed,TRUE,TRUE,3,2,3,6,3,3,2,2,3,3,6,6,3,2,3,6,-1.36147808749039,-1.25106160003567,-1.49682026429775,-1.41511167020524,-1.23439539492202,-1.13699543663922,-1.32266316448085,-1.24364895690168,-1.29983489573373,-1.19329455140507,-1.41546408203647,-1.37001243816963
Shaanxi,2004,observed,observed,TRUE,TRUE,11,6,9,19,11,11,6,6,9,9,19,19,11,6,9,19,-0.824903505574102,-0.706254811688515,-0.905072538550533,-0.891760802574361,-0.722681010298509,-0.614971821957637,-0.7707270660549,-0.756004800202678,-0.770402292022338,-0.654867833950475,-0.836541167844396,-0.849956000467205
Shaanxi,2005,observed,observed,TRUE,TRUE,3,1,3,5,3,3,1,1,3,3,5,5,3,1,3,5,-1.36147808749039,-1.51177291970582,-1.49682026429775,-1.49195791887047,-1.23439539492202,-1.38680411816374,-1.32266316448085,-1.31525220902864,-1.29983489573373,-1.45095275804953,-1.41546408203647,-1.44637494906513
Shaanxi,2006,observed,observed,TRUE,TRUE,27,10,23,19,27,27,10,10,23,23,19,19,27,10,23,19,-0.411073713312257,-0.415631436887809,-0.339687976346857,-0.891760802574361,-0.328024489801644,-0.336501971967897,-0.243380469194016,-0.756004800202678,-0.36208070580767,-0.367647863391276,-0.283410054451678,-0.849956000467205
Shaanxi,2007,observed,observed,TRUE,TRUE,67,18,42,27,67,67,18,18,42,42,27,27,67,18,42,27,0.0222951337336827,-0.064207533584587,0.036912458566848,-0.724024732948752,0.0852658156934975,0.000225800540987319,0.107883026494655,-0.599712875836796,0.0655198641625442,-0.0203393813059435,0.0850284063652929,-0.683275808957091
Shaanxi,2008,observed,observed,TRUE,TRUE,23,14,22,89,23,23,14,14,22,22,89,89,23,14,22,89,-0.486362636832947,-0.216203917618448,-0.367173308419888,-0.141957390912833,-0.399825179709029,-0.145414275003236,-0.26901664198906,-0.0573582993859422,-0.436367509830014,-0.1705557807172,-0.310299703281614,-0.104872509899955
Shaanxi,2009,observed,observed,TRUE,TRUE,31,13,27,95,31,31,13,13,27,27,95,95,31,13,27,95,-0.345855481266931,-0.260565866929257,-0.240136260895593,-0.109784044357491,-0.265827903153577,-0.187921060213836,-0.15052639806362,-0.0273800468988742,-0.297730549156759,-0.214398220382408,-0.186015900297402,-0.0729016906400582
Shaanxi,2010,observed,observed,TRUE,TRUE,37,18,26,85,37,37,18,18,26,26,85,85,37,18,26,85,-0.261921885480906,-0.064207533584587,-0.263622770122726,-0.164621013980401,-0.185783059874764,0.000225800540987319,-0.172432780977218,-0.0784756492215456,-0.214914136204146,-0.0203393813059435,-0.208993391843824,-0.127393468222436
Shaanxi,2011,observed,observed,TRUE,TRUE,56,24,49,116,56,56,24,24,49,49,116,116,56,24,49,116,-0.0638881723057673,0.112253500369368,0.134315061132209,-0.0111651716976316,0.0030754941592647,0.169307443364415,0.198732572842425,0.064510346271815,-0.0195163146850776,0.154055169758149,0.18032002486003,0.0250963882355614
Shaanxi,2012,observed,observed,TRUE,TRUE,45,27,42,94,45,45,27,27,42,42,94,94,45,27,42,94,-0.168608361823572,0.185123077830001,0.036912458566848,-0.115004132354197,-0.0967928729657371,0.239129701529964,0.107883026494655,-0.032243983440284,-0.122842645201067,0.226071393185658,0.0850284063652929,-0.0780889188190222
Shaanxi,2013,observed,observed,TRUE,TRUE,79,29,62,124,79,79,29,29,62,62,124,124,79,29,62,124,0.101671204389575,0.229485027140811,0.283568819264068,0.0218064357946551,0.160964289900851,0.281636486740565,0.337944830624552,0.0952323966686563,0.143839414092855,0.269913832850867,0.3263390408228,0.0578604434770918
Shaanxi,2014,observed,observed,TRUE,TRUE,69,36,56,59,69,69,36,36,56,56,59,59,69,36,56,59,0.0364529723442495,0.364333908834655,0.218934138451708,-0.344087362429474,0.0987677032527844,0.410846148153104,0.277658644470589,-0.24569752952809,0.0794892574419437,0.40318353924185,0.263105172494,-0.305730097880446
Shaanxi,2015,observed,observed,TRUE,TRUE,43,22,38,107,43,43,22,22,38,38,107,107,43,22,38,107,-0.190319101966306,0.0586396902830979,-0.0261432292187414,-0.0510675699524543,-0.117497726319363,0.117935699221879,0.0490696018110247,0.0273303728529795,-0.144264408492982,0.101069215118042,0.0233393099127053,-0.0145548292853435
Shaanxi,2016,observed,observed,TRUE,TRUE,56,32,49,54,56,56,32,32,49,49,54,54,56,32,49,54,-0.0638881723057673,0.290768827541599,0.134315061132209,-0.387463738844694,0.0030754941592647,0.340357471300431,0.198732572842425,-0.286114461658938,-0.0195163146850776,0.330479956821248,0.18032002486003,-0.348833425292618
Shaanxi,2017,observed,observed,TRUE,TRUE,249,61,181,127,249,249,61,61,181,181,127,127,249,61,181,127,0.658183706961434,0.696257606000717,0.968688234103582,0.0336294527541139,0.691692845420228,0.728889190015297,0.976970753884169,0.10624876349142,0.692944558399758,0.731220176326917,0.996610021091677,0.0696090359857185
Shaanxi,2018,observed,observed,TRUE,TRUE,307,70,213,354,307,307,70,70,213,213,354,354,307,70,213,354,0.760085272211831,0.783412439763252,1.07328929369987,0.542157211029358,0.78887317880101,0.812399312008673,1.07453445918087,0.580081148569387,0.793489781433077,0.81735436565196,1.09894408612352,0.574935673999333
Shaanxi,2019,observed,observed,TRUE,TRUE,310,58,213,330,310,310,58,58,213,213,330,330,310,58,213,330,0.764819505393669,0.664367108600386,1.07328929369987,0.507261533707336,0.793388068810627,0.698332315389304,1.07453445918087,0.547566302043633,0.798161000466759,0.699703139093686,1.09894408612352,0.540259660713149
Shaanxi,2020,observed,observed,TRUE,TRUE,140,38,103,367,140,140,38,38,103,103,367,367,140,38,103,367,0.378470092290468,0.398183473087879,0.607283978572487,0.56008633572009,0.424938725813981,0.443280163779952,0.639881068409688,0.59678702111287,0.416954020831064,0.436636701276459,0.643038396377299,0.592751937035244
Shaanxi,2021,observed,observed,TRUE,TRUE,148,64,94,751,148,148,64,64,94,94,751,751,148,64,94,751,0.405423757533351,0.726640891075695,0.548829324119091,0.916350945481852,0.450643592738262,0.758001882147603,0.585359128552454,0.928744730432088,0.443548924223881,0.761247651751808,0.585850616125978,0.94677390449823
Shaanxi,2022,observed,observed,TRUE,TRUE,144,40,118,941,144,144,40,40,118,118,941,941,144,40,118,941,0.392132835843464,0.430339834966004,0.694295342206811,1.02865063702911,0.437968456712753,0.474091784746634,0.721038478017657,1.03338253991929,0.430434908925447,0.46841648952735,0.728163982858266,1.0583666831737
Shaanxi,2023,observed,observed,TRUE,TRUE,798,223,290,2591,798,798,223,223,290,290,2591,2591,798,223,290,2591,1.22566873159825,1.52218991210778,1.27177655450868,1.53323627607717,1.23288555180599,1.52028198676137,1.25966788606432,1.50354176512489,1.25287617701595,1.54748023388986,1.29312957845024,1.55977601712022
Shaanxi,2024,observed,observed,TRUE,TRUE,2663,584,356,3377,2663,2663,584,584,356,356,3377,3377,2663,584,356,3377,1.8138248131499,2.13944141993451,1.40378775622217,1.66526968282318,1.79379159819178,2.11172076868426,1.38279763283312,1.62656691569016,1.83320371421031,2.15750329217686,1.42227973193071,1.69097828966231
Shandong,2002,structural_zero,coverage_gap,TRUE,TRUE,0,0,0,0,,0,,0,,0,,0,2,1,2,30,,,,,-1.88010705610098,-1.81385487990754,-2.1577102454236,-2.14752752023567,-1.43847185640698,-1.45095275804953,-1.59722488998872,-0.632855128932024
Shandong,2003,observed,observed,TRUE,TRUE,2,1,2,30,2,2,1,1,2,2,30,30,2,1,2,30,-1.50198524305641,-1.51177291970582,-1.68260759815345,-0.673284650287268,-1.36839267147747,-1.38680411816374,-1.49595109060814,-0.552434641767357,-1.43847185640698,-1.45095275804953,-1.59722488998872,-0.632855128932024
Shandong,2004,observed,observed,TRUE,TRUE,1,1,1,16,1,1,1,1,1,1,16,16,1,1,1,16,-1.70001895623155,-1.51177291970582,-1.94446013823328,-0.9727787395889,-1.5572512255115,-1.38680411816374,-1.74018670495223,-0.831495118489132,-1.63386967792605,-1.45095275804953,-1.85340236054882,-0.93046393944228
Shandong,2005,observed,observed,TRUE,TRUE,1,1,1,13,1,1,1,1,1,1,13,13,1,1,1,13,-1.70001895623155,-1.51177291970582,-1.94446013823328,-1.069568201577,-1.5572512255115,-1.38680411816374,-1.74018670495223,-0.921680916369237,-1.63386967792605,-1.45095275804953,-1.85340236054882,-1.02664412356336
Shandong,2006,observed,observed,TRUE,TRUE,8,2,8,10,8,8,2,2,8,8,10,10,8,2,8,10,-0.965410661140117,-1.25106160003567,-0.973115184138086,-1.18979082665745,-0.856678286853961,-1.13699543663922,-0.834191935792679,-1.03370110062705,-0.909039252695593,-1.19329455140507,-0.903109140916272,-1.14610996187103
Shandong,2007,observed,observed,TRUE,TRUE,2,2,2,38,2,2,2,2,2,2,38,38,2,2,2,38,-1.50198524305641,-1.25106160003567,-1.68260759815345,-0.558838611842519,-1.36839267147747,-1.13699543663922,-1.49595109060814,-0.445796924402774,-1.43847185640698,-1.19329455140507,-1.59722488998872,-0.519129514351198
Shandong,2008,observed,observed,TRUE,TRUE,5,4,5,37,5,5,4,4,5,5,37,37,5,4,5,37,-1.16344437431526,-0.922604182047855,-1.23496772421792,-0.571787751538705,-1.04553684088799,-0.822273718271565,-1.07842755013676,-0.457862581875951,-1.10443707421466,-0.868683600929724,-1.15928661147637,-0.53199714079117
Shandong,2009,observed,observed,TRUE,TRUE,7,5,7,28,7,7,5,5,7,7,28,28,7,5,7,28,-1.02293721874924,-0.805372655276413,-1.04918039036222,-0.706531224057128,-0.911539564332537,-0.709944674895415,-0.905139624009477,-0.583412898290606,-0.965800113541406,-0.752824937837007,-0.977525803524127,-0.665892419571922
Shandong,2010,observed,observed,TRUE,TRUE,13,5,13,50,13,13,5,5,13,13,50,50,13,5,13,50,-0.749614582053412,-0.805372655276413,-0.687776134831122,-0.425105299444013,-0.650880320391125,-0.709944674895415,-0.568049938534995,-0.321187847814544,-0.696115487999994,-0.752824937837007,-0.623954178809749,-0.386238036855521
Shandong,2011,observed,observed,TRUE,TRUE,25,3,25,43,25,25,3,3,25,25,43,43,25,3,25,43,-0.447268879327791,-1.06608397494656,-0.287995769298572,-0.498703889400957,-0.362542686764753,-0.959753356419943,-0.195166012533061,-0.389765019562165,-0.39779410266097,-1.01048314448146,-0.232838160647396,-0.459373332658499
Shandong,2012,observed,observed,TRUE,TRUE,17,6,15,40,17,17,6,6,15,15,40,40,17,6,15,40,-0.626869792398963,-0.706254811688515,-0.601540516426688,-0.533907724611662,-0.533822456264481,-0.614971821957637,-0.487616083538102,-0.422566999258132,-0.575004470503269,-0.654867833950475,-0.539587525011779,-0.494355564017013
Shandong,2013,observed,observed,TRUE,TRUE,18,9,14,38,18,18,9,9,14,14,38,38,18,9,14,38,-0.60046275422206,-0.476915237288597,-0.643219998470703,-0.558838611842519,-0.508638890464244,-0.395222956527764,-0.526491451710814,-0.445796924402774,-0.54894891839647,-0.428213987361657,-0.580363697284295,-0.519129514351198
Shandong,2014,observed,observed,TRUE,TRUE,22,17,21,3,22,22,17,17,21,21,3,3,22,17,21,3,-0.507149230564726,-0.0989723908470057,-0.395880604577892,-1.69408789038711,-0.419648703555217,-0.0330852316270863,-0.295792567520163,-1.50359143917079,-0.456877427393391,-0.0546971176244828,-0.33838483285162,-1.64723253704562
Shandong,2015,observed,observed,TRUE,TRUE,13,10,13,20,13,13,10,10,13,13,20,20,13,10,13,20,-0.749614582053412,-0.415631436887809,-0.687776134831122,-0.867438230060357,-0.650880320391125,-0.336501971967897,-0.568049938534995,-0.733341686227089,-0.696115487999994,-0.367647863391276,-0.623954178809749,-0.825786535582868
Shandong,2016,observed,observed,TRUE,TRUE,61,22,58,21,61,61,22,22,58,58,21,21,61,22,58,21,-0.0228210333989544,0.0586396902830979,0.241205580855248,-0.844247358029202,0.0422399391817952,0.117935699221879,0.298431707875279,-0.711733060094606,0.0210042075520403,0.101069215118042,0.284893931078982,-0.802741647264767
Shandong,2017,observed,observed,TRUE,TRUE,131,34,107,22,131,131,34,34,107,107,22,22,131,34,107,22,0.346255479949987,0.328602870728708,0.631656977748333,-0.822087538792894,0.394216658304145,0.376609339678343,0.662614299965531,-0.691085141016896,0.38516819521841,0.367870936737399,0.666883165180871,-0.780721321389828
Shandong,2018,observed,observed,TRUE,TRUE,130,32,95,35,130,130,32,32,95,95,35,35,130,32,95,35,0.342541308191803,0.290768827541599,0.555591771524201,-0.598741010097341,0.39067456894755,0.340357471300431,0.591666611748733,-0.482976897821609,0.381503460266665,0.330479956821248,0.592466502573017,-0.558780731872103
Shandong,2019,observed,observed,TRUE,TRUE,114,50,85,41,114,114,50,50,85,85,41,41,114,50,85,41,0.278918323832935,0.570675400423872,0.484552332502377,-0.521894761432111,0.329999320088691,0.608558683316221,0.525406566966029,-0.411373645694648,0.318727318048546,0.607108626754295,0.52296668487764,-0.4824182209766
Shandong,2020,observed,observed,TRUE,TRUE,133,55,94,65,133,133,55,55,94,94,65,65,133,55,94,65,0.353600148167351,0.63081202258926,0.548829324119091,-0.296573917884316,0.401221038503614,0.666180463273765,0.585359128552454,-0.201425789420017,0.392415103567718,0.666541006753725,0.585850616125978,-0.258515744678008
Shandong,2021,observed,observed,TRUE,TRUE,369,117,201,150,369,369,117,117,201,201,150,150,369,117,201,150,0.849661466232667,1.11005605335964,1.03602081054183,0.116008653317915,0.874299191409708,1.1253830771331,1.03977332653346,0.183007470265563,0.881873687844818,1.14017275266175,1.06248331417864,0.151469669521918
Shandong,2022,observed,observed,TRUE,TRUE,476,67,257,145,476,476,67,67,257,257,145,145,476,67,257,145,0.973724505627935,0.755653025512982,1.19404474651774,0.0992220892603418,0.992614229054514,0.785800763535494,1.18716572178149,0.167366204758954,1.00428540875938,0.789920033677904,1.21708243395009,0.134788774839228
Shandong,2023,observed,observed,TRUE,TRUE,1307,279,335,937,1307,1307,279,279,335,335,937,937,1307,279,335,937,1.46640349553614,1.66566970500648,1.36463590099083,1.02652929830209,1.46246676146005,1.65776162490974,1.34627983769459,1.03140593397748,1.49040668474202,1.6892797774416,1.38397640579974,1.05625869801543
Shandong,2024,observed,observed,TRUE,TRUE,4343,773,364,5513,4343,4343,773,773,364,364,5513,5513,4343,773,364,5513,2.05264170520497,2.31945382166053,1.41809987273403,1.90954470609455,2.02154379345832,2.28420526529198,1.39614685819397,1.85417576301094,2.06884187753782,2.33540762199717,1.43628166525262,1.93371563143315
Shanghai,2002,observed,observed,TRUE,TRUE,15,6,14,13,15,15,6,6,14,14,13,13,15,6,14,13,-0.684396350008086,-0.706254811688515,-0.643219998470703,-1.069568201577,-0.588683733743057,-0.614971821957637,-0.526491451710814,-0.921680916369237,-0.631765331349082,-0.654867833950475,-0.580363697284295,-1.02664412356336
Shanghai,2003,observed,observed,TRUE,TRUE,13,6,13,124,13,13,6,6,13,13,124,124,13,6,13,124,-0.749614582053412,-0.706254811688515,-0.687776134831122,0.0218064357946551,-0.650880320391125,-0.614971821957637,-0.568049938534995,0.0952323966686563,-0.696115487999994,-0.654867833950475,-0.623954178809749,0.0578604434770918
Shanghai,2004,observed,observed,TRUE,TRUE,50,10,49,119,50,50,10,10,49,49,119,119,50,10,49,119,-0.118212021832333,-0.415631436887809,0.134315061132209,0.00145610619877144,-0.0487314608619545,-0.336501971967897,0.198732572842425,0.0762705110043516,-0.0731170965107113,-0.367647863391276,0.18032002486003,0.0376382167258221
Shanghai,2005,observed,observed,TRUE,TRUE,141,5,138,191,141,141,5,5,138,138,191,191,141,5,138,191,0.381921776143978,-0.805372655276413,0.794621872179608,0.235759424270755,0.42823048867145,-0.709944674895415,0.814615235667004,0.294587993633567,0.420359761675563,-0.752824937837007,0.826316159158208,0.27046662396621
Shanghai,2006,observed,observed,TRUE,TRUE,152,20,143,222,152,152,20,20,143,143,222,222,152,20,143,222,0.418362560083959,0.000145452740892209,0.817444311604032,0.310375182196591,0.462982923761554,0.0618876213106921,0.83590222609282,0.364112934931389,0.456315507200681,0.0432599862620492,0.848643973133118,0.344612684789682
Shanghai,2007,observed,observed,TRUE,TRUE,45,16,43,385,45,45,16,16,43,43,385,385,45,16,43,385,-0.168608361823572,-0.135724864005535,0.0517592693576374,0.583892581053186,-0.0967928729657371,-0.0683007599521075,0.121730972951211,0.618969035412721,-0.122842645201067,-0.0910191934582289,0.0995534456607273,0.61640832495535
Shanghai,2008,observed,observed,TRUE,TRUE,41,19,40,304,41,41,19,19,40,40,304,304,41,19,40,304,-0.213040000137119,-0.0312262925293385,0.0061538917814764,0.466479811313675,-0.139165935767616,0.0318278052160364,0.0791938358040524,0.50956699822015,-0.166682884288602,0.0122556262064091,0.0549364628816507,0.499734654291692
Shanghai,2009,observed,observed,TRUE,TRUE,39,22,37,280,39,39,22,22,37,37,280,280,39,22,37,280,-0.236869664351579,0.0586396902830979,-0.0429184016281227,0.42562305834643,-0.161891540688629,0.117935699221879,0.0334230301265028,0.471497782941379,-0.190195368099469,0.101069215118042,0.00692770193389877,0.459135089604968
Shanghai,2010,observed,observed,TRUE,TRUE,54,21,51,183,54,54,21,21,51,51,183,183,54,21,51,183,-0.0813332850509534,0.0300575078714499,0.159644104636958,0.214542867091844,-0.0135613638544146,0.0905487897759031,0.222357527938313,0.274818980580428,-0.0367292274356923,0.0728217501767907,0.205100117864952,0.249383622428976
Shanghai,2011,observed,observed,TRUE,TRUE,48,30,43,136,48,48,30,30,43,43,136,136,48,30,43,136,-0.137751076616429,0.250568661241459,0.0517592693576374,0.0675037987371465,-0.0673652458602316,0.301838428271497,0.121730972951211,0.137811961151534,-0.0923960802662578,0.290750562758851,0.0995534456607273,0.103270147089217
Shanghai,2012,observed,observed,TRUE,TRUE,116,49,93,129,116,116,49,49,93,93,129,129,116,49,93,129,0.28733941576364,0.557942445128627,0.541995315095399,0.0413585044535942,0.338030251892783,0.596358205108215,0.578984898263049,0.113450484423187,0.327036322569491,0.594524783326216,0.57916471899876,0.0772894342467271
Shanghai,2013,observed,observed,TRUE,TRUE,116,46,90,138,116,116,46,46,90,90,138,138,116,46,90,138,0.28733941576364,0.518156979410668,0.521048360168053,0.0747287635853591,0.338030251892783,0.558236520375013,0.559447213412795,0.144543987615034,0.327036322569491,0.555205233410342,0.558671742579329,0.110449631664251
Shanghai,2014,observed,observed,TRUE,TRUE,136,46,107,56,136,136,46,46,107,107,56,56,136,46,107,56,0.364414122745339,0.518156979410668,0.631656977748333,-0.369657780022064,0.411533987594021,0.558236520375013,0.662614299965531,-0.269523351733804,0.403085140707468,0.555205233410342,0.666883165180871,-0.331139552810679
Shanghai,2015,observed,observed,TRUE,TRUE,309,91,171,105,309,309,91,91,171,171,105,105,309,91,171,105,0.763246520998707,0.950017579801615,0.932192206437907,-0.0603858571189146,0.791887962825704,0.972037222709481,0.942930107437404,0.0186478453781755,0.796608952993978,0.982008442254176,0.960904963389988,-0.0238144589697553
Shanghai,2016,observed,observed,TRUE,TRUE,609,124,243,400,609,609,124,124,243,243,400,400,609,124,243,400,1.09384556870025,1.14711118278659,1.15801424983364,0.602897951852179,1.10716992725932,1.16088860500039,1.15355928630418,0.63667772491577,1.12280762230858,1.17679394044602,1.18183281788472,0.635294059261439
Shanghai,2017,observed,observed,TRUE,TRUE,856,179,277,380,856,856,179,179,277,277,380,380,856,179,277,380,1.25989511226673,1.38157423632948,1.24226174611514,0.57739296031764,1.26552617980427,1.38554669175269,1.23213877613838,0.612912864938032,1.28664699368083,1.40851126663146,1.26425443767056,0.609949618540195
Shanghai,2018,observed,observed,TRUE,TRUE,1324,239,333,824,1324,1324,239,239,333,333,824,824,1324,239,333,824,1.47271045059067,1.56655186141859,1.36078032042704,0.962536789112946,1.46848150709531,1.56278877197197,1.34268365303523,0.971779447983759,1.49662969222047,1.59132267355507,1.3802043863415,0.992669013872557
Shanghai,2019,observed,observed,TRUE,TRUE,1821,260,352,659,1821,1821,260,260,352,352,659,659,1821,260,352,659,1.6282803389464,1.62048708777268,1.39651097133259,0.851296638556684,1.61684364046659,1.61446849113525,1.37601041577035,0.868128890080533,1.65012889592318,1.6446262804523,1.41516065511651,0.882129106506676
Shanghai,2020,observed,observed,TRUE,TRUE,1853,186,348,2018,1853,1853,186,186,348,348,2018,2018,1853,186,348,2018,1.63678390491183,1.40610556357174,1.38915125833461,1.40869383789559,1.62495322517625,1.40905214798754,1.36914584983981,1.38749649607772,1.65851927672323,1.43275531476809,1.40796044747561,1.43601755840841
Shanghai,2021,observed,observed,TRUE,TRUE,2336,259,350,6033,2336,2336,259,259,350,350,6033,6033,2336,259,350,6033.00000000001,1.74986213766355,1.61801878059421,1.39284159881198,1.95447068845357,1.73279239653657,1.6121034056352,1.37258791144195,1.89603657596901,1.77009240226157,1.64218687888794,1.4115708080576,1.97835881020856
Shanghai,2022,observed,observed,TRUE,TRUE,2676,261,359,9405,2676,2676,261,261,359,359,9405,9405,2676,261,359,9405,1.81620240482216,1.6229459558949,1.40919203735125,2.17577975129791,1.7960590329538,1.61682453230919,1.38783832451877,2.10224636369537,1.83554965938183,1.64705635349842,1.4275668873252,2.19827475947429
Shanghai,2023,observed,observed,TRUE,TRUE,5792,732,365,18693,5792,5792,732,732,365,365,18693,18693,5792,732,365,18693,2.19323317863611,2.28445816169978,1.41986678991347,2.51818639764572,2.15562148132268,2.25067308232065,1.39779490064826,2.4212915982285,2.20756203377861,2.30082178584232,1.43801028844482,2.53852599771408
Shanghai,2024,observed,observed,TRUE,TRUE,6130,1021,153,22830,6130,6130,1021,1021,153,153,22830,22830,6130,1021,153,22830,2.22092979604603,2.49817050896292,0.860803398824262,2.61784761366288,2.18203487847514,2.45544823271636,0.876344198897068,2.51415321869411,2.23489000040902,2.5120314111216,0.891063348887453,2.63755985852261
Shanxi,2002,observed,observed,TRUE,TRUE,1,1,1,,1,1,1,1,1,1,,,1,1,1,,-1.70001895623155,-1.51177291970582,-1.94446013823328,,-1.5572512255115,-1.38680411816374,-1.74018670495223,,-1.63386967792605,-1.45095275804953,-1.85340236054882,
Shanxi,2003,structural_zero,coverage_gap,TRUE,TRUE,0,0,0,0,,0,,0,,0,,0,1,1,1,4,,,,,-1.88010705610098,-1.81385487990754,-2.1577102454236,-2.14752752023567,-1.63386967792605,-1.45095275804953,-1.85340236054882,-1.53669262967974
Shanxi,2004,structural_zero,coverage_gap,TRUE,TRUE,0,0,0,0,,0,,0,,0,,0,1,1,1,4,,,,,-1.88010705610098,-1.81385487990754,-2.1577102454236,-2.14752752023567,-1.63386967792605,-1.45095275804953,-1.85340236054882,-1.53669262967974
Shanxi,2005,observed,observed,TRUE,TRUE,1,1,1,4,1,1,1,1,1,1,4,4,1,1,1,4,-1.70001895623155,-1.51177291970582,-1.94446013823328,-1.58284773983085,-1.5572512255115,-1.38680411816374,-1.74018670495223,-1.39994088126756,-1.63386967792605,-1.45095275804953,-1.85340236054882,-1.53669262967974
Shanxi,2006,structural_zero,coverage_gap,TRUE,TRUE,0,0,0,0,,0,,0,,0,,0,2.46410161513775,1.44948974278318,2.46410161513775,4.47722557505166,,,,,-1.88010705610098,-1.81385487990754,-2.1577102454236,-2.14752752023567,-1.36915337607036,-1.3221236547273,-1.5063444860126,-1.49153378937244
Shanxi,2007,observed,observed,TRUE,TRUE,5,2,5,5,5,5,2,2,5,5,5,5,5,2,5,5,-1.16344437431526,-1.25106160003567,-1.23496772421792,-1.49195791887047,-1.04553684088799,-1.13699543663922,-1.07842755013676,-1.31525220902864,-1.10443707421466,-1.19329455140507,-1.15928661147637,-1.44637494906513
Shanxi,2008,observed,observed,TRUE,TRUE,3,3,3,4,3,3,3,3,3,3,4,4,3,3,3,4,-1.36147808749039,-1.06608397494656,-1.49682026429775,-1.58284773983085,-1.23439539492202,-0.959753356419943,-1.32266316448085,-1.39994088126756,-1.29983489573373,-1.01048314448146,-1.41546408203647,-1.53669262967974
Shanxi,2009,observed,observed,TRUE,TRUE,1,1,1,3,1,1,1,1,1,1,3,3,1,1,1,3,-1.70001895623155,-1.51177291970582,-1.94446013823328,-1.69408789038711,-1.5572512255115,-1.38680411816374,-1.74018670495223,-1.50359143917079,-1.63386967792605,-1.45095275804953,-1.85340236054882,-1.64723253704562
Shanxi,2010,observed,observed,TRUE,TRUE,2,2,2,4,2,2,2,2,2,2,4,4,2,2,2,4,-1.50198524305641,-1.25106160003567,-1.68260759815345,-1.58284773983085,-1.36839267147747,-1.13699543663922,-1.49595109060814,-1.39994088126756,-1.43847185640698,-1.19329455140507,-1.59722488998872,-1.53669262967974
Shanxi,2011,observed,observed,TRUE,TRUE,5,4,5,11,5,5,4,4,5,5,11,11,5,4,5,11,-1.16344437431526,-0.922604182047855,-1.23496772421792,-1.14641445024223,-1.04553684088799,-0.822273718271565,-1.07842755013676,-0.993284168496198,-1.10443707421466,-0.868683600929724,-1.15928661147637,-1.10300663445886
Shanxi,2012,observed,observed,TRUE,TRUE,19,12,15,6,19,19,12,12,15,15,6,6,19,12,15,6,-0.575410533092733,-0.308216791341528,-0.601540516426688,-1.41511167020524,-0.484747371278109,-0.233579279488376,-0.487616083538102,-1.24364895690168,-0.524230150291793,-0.261491118936065,-0.539587525011779,-1.37001243816963
Shanxi,2013,observed,observed,TRUE,TRUE,21,15,17,20,21,21,15,15,17,17,20,20,21,15,17,20,-0.52885997070746,-0.174706085428045,-0.525475310202557,-0.867438230060357,-0.440353556908843,-0.105651832932342,-0.416668395321304,-0.733341686227089,-0.478299190685306,-0.129543917345331,-0.465170862403925,-0.825786535582868
Shanxi,2014,observed,observed,TRUE,TRUE,19,18,15,7,19,19,18,18,15,15,7,7,19,18,15,7,-0.575410533092733,-0.064207533584587,-0.601540516426688,-1.34854442175887,-0.484747371278109,0.000225800540987319,-0.487616083538102,-1.18162339863835,-0.524230150291793,-0.0203393813059435,-0.539587525011779,-1.30386422243935
Shanxi,2015,observed,observed,TRUE,TRUE,6,4,6,34,6,6,4,4,6,6,34,34,6,4,6,34,-1.08815545079457,-0.922604182047855,-1.13541600876665,-0.61278458239249,-0.973736150980604,-0.822273718271565,-0.985573479006369,-0.49606231793357,-1.03015027019232,-0.868683600929724,-1.0618924573221,-0.572735901591211
Shanxi,2016,observed,observed,TRUE,TRUE,26,13,22,34,26,26,13,13,22,22,34,34,26,13,22,34,-0.428836079223825,-0.260565866929257,-0.367173308419888,-0.61278458239249,-0.344963902230452,-0.187921060213836,-0.26901664198906,-0.49606231793357,-0.379606648984201,-0.214398220382408,-0.310299703281614,-0.572735901591211
Shanxi,2017,observed,observed,TRUE,TRUE,22,17,15,26,22,22,17,17,15,15,26,26,22,17,15,26,-0.507149230564726,-0.0989723908470057,-0.601540516426688,-0.742154507208946,-0.419648703555217,-0.0330852316270863,-0.487616083538102,-0.616605708211903,-0.456877427393391,-0.0546971176244828,-0.539587525011779,-0.70129145849788
Shanxi,2018,observed,observed,TRUE,TRUE,42,21,38,65,42,42,21,21,38,38,65,65,42,21,38,65,-0.201547440896348,0.0300575078714499,-0.0261432292187414,-0.296573917884316,-0.12820584172321,0.0905487897759031,0.0490696018110247,-0.201425789420017,-0.155343294663579,0.0728217501767907,0.0233393099127053,-0.258515744678008
Shanxi,2019,observed,observed,TRUE,TRUE,80,37,48,73,80,80,37,37,48,48,73,73,80,37,48,73,0.107738502692468,0.381481411174671,0.121267994635502,-0.239538773398844,0.166750482393056,0.427276562284788,0.186563287410861,-0.148281987326543,0.149825954727192,0.420130232262123,0.167555724416976,-0.201839629475926
Shanxi,2020,observed,observed,TRUE,TRUE,97,23,84,232,97,97,23,23,84,84,232,232,97,23,84,232,0.200789792124725,0.0860052342421038,0.4769989384874,0.332243330718425,0.255490584729249,0.144156848592186,0.518361350497751,0.384489083141043,0.241638701926066,0.128114289299126,0.515576993823619,0.366343175981747
Shanxi,2021,observed,observed,TRUE,TRUE,145,36,100,413,145,145,36,36,100,100,413,413,145,36,100,413,0.395489627287025,0.364333908834655,0.588380936606302,0.618802810125126,0.441169723648873,0.410846148153104,0.62224978606209,0.651497440864723,0.433747020408129,0.40318353924185,0.624545035666297,0.651098798389958
Shanxi,2022,observed,observed,TRUE,TRUE,74,19,64,402,74,74,19,19,64,64,402,402,74,19,64,402,0.0701498657389117,-0.0312262925293385,0.303751956448642,0.605378125368933,0.130903375810348,0.0318278052160364,0.356770085892889,0.63898868339095,0.112737634476889,0.0122556262064091,0.346084753544683,0.637758620388175
Shanxi,2023,observed,observed,TRUE,TRUE,391,134,199,1404,391,391,134,134,199,199,1404,1404,391,134,199,1404,0.877871529607034,1.19659661124037,1.02959480900327,1.22795014615918,0.901202245908209,1.20830461153342,1.03377965378517,1.21908442190949,0.909708266310713,1.22569985970785,1.05619658188473,1.25641162618338
Shanxi,2024,observed,observed,TRUE,TRUE,2228,405,363,2463,2228,2228,405,405,363,363,2463,2463,2228,405,363,2463,1.72675295963605,1.90458255644968,1.41632810803911,1.50798967392214,1.71075389674169,1.8866834242923,1.39449429435554,1.48001766536915,1.74729081473755,1.92539479126245,1.43454829960402,1.53468833924884
Sichuan,2002,observed,observed,TRUE,TRUE,209,21,103,4,209,209,21,21,103,103,4,4,209,21,103,4,0.573027554260542,0.0300575078714499,0.607283978572487,-1.58284773983085,0.610482087876293,0.0905487897759031,0.639881068409688,-1.39994088126756,0.608921861153335,0.0728217501767907,0.643038396377299,-1.53669262967974
Sichuan,2003,observed,observed,TRUE,TRUE,23,9,21,7,23,23,9,9,21,21,7,7,23,9,21,7,-0.486362636832947,-0.476915237288597,-0.395880604577892,-1.34854442175887,-0.399825179709029,-0.395222956527764,-0.295792567520163,-1.18162339863835,-0.436367509830014,-0.428213987361657,-0.33838483285162,-1.30386422243935
Sichuan,2004,observed,observed,TRUE,TRUE,57,9,33,50,57,57,9,9,33,33,50,50,57,9,33,50,-0.0553938498130431,-0.476915237288597,-0.114748787259813,-0.425105299444013,0.011176263658324,-0.395222956527764,-0.0335747479281997,-0.321187847814544,-0.011135054324167,-0.428213987361657,-0.0633459203684594,-0.386238036855521
Sichuan,2005,observed,observed,TRUE,TRUE,50,10,49,149,50,50,10,10,49,49,149,149,50,10,49,149,-0.118212021832333,-0.415631436887809,0.134315061132209,0.112696256755034,-0.0487314608619545,-0.336501971967897,0.198732572842425,0.179921068907578,-0.0731170965107113,-0.367647863391276,0.18032002486003,0.148178124091702
Sichuan,2006,observed,observed,TRUE,TRUE,128,15,89,183,128,128,15,15,89,89,183,183,128,15,89,183,0.335027141019945,-0.174706085428045,0.513912289480186,0.214542867091844,0.383508542900298,-0.105651832932342,0.552791243576021,0.274818980580428,0.374089309047813,-0.129543917345331,0.551690330300501,0.249383622428976
Sichuan,2007,observed,observed,TRUE,TRUE,133,23,88,185,133,133,23,23,88,88,185,185,133,23,88,185,0.353600148167351,0.0860052342421038,0.506696484509086,0.219932258485865,0.401221038503614,0.144156848592186,0.546060903822332,0.279840669439673,0.392415103567718,0.128114289299126,0.544630911801113,0.254739088261003
Sichuan,2008,observed,observed,TRUE,TRUE,54,17,51,154,54,54,17,17,51,51,154,154,54,17,51,154,-0.0813332850509534,-0.0989723908470057,0.159644104636958,0.129042437525486,-0.0135613638544146,-0.0330852316270863,0.222357527938313,0.195151997200752,-0.0367292274356923,-0.0546971176244828,0.205100117864952,0.164421407646392
Sichuan,2009,observed,observed,TRUE,TRUE,55,19,48,205,55,55,19,19,48,48,205,205,55,19,48,205,-0.0725328445711029,-0.0312262925293385,0.121267994635502,0.270845226132123,-0.00516865921216394,0.0318278052160364,0.186563287410861,0.327279993053089,-0.0280459236153461,0.0122556262064091,0.167555724416976,0.305331564980935
Sichuan,2010,observed,observed,TRUE,TRUE,182,33,93,122,182,182,33,33,93,93,122,122,182,33,93,122,0.50581172747773,0.309964080753723,0.541995315095399,0.0137657155332243,0.546380457649439,0.358750001791693,0.578984898263049,0.0877402714164565,0.542600698385716,0.349450420109838,0.57916471899876,0.0498703385697456
Sichuan,2011,observed,observed,TRUE,TRUE,143,32,87,87,143,143,32,32,87,87,87,87,143,32,87,87,0.3887528138245,0.290768827541599,0.499399143293167,-0.15316042077271,0.43474503550396,0.340357471300431,0.539254513422586,-0.067796979029723,0.427099876073702,0.330479956821248,0.537491724173075,-0.116005018052231
Sichuan,2012,observed,observed,TRUE,TRUE,170,46,104,119,170,170,46,46,104,104,119,119,170,46,104,119,0.472686409610526,0.518156979410668,0.613464004931451,0.00145610619877144,0.514789878782773,0.558236520375013,0.645645314706416,0.0762705110043516,0.509916289026315,0.555205233410342,0.649084484454778,0.0376382167258221
Sichuan,2013,observed,observed,TRUE,TRUE,293,50,147,78,293,293,50,50,147,147,78,78,293,50,147,78,0.737364374041018,0.570675400423872,0.835138783565416,-0.206944562446532,0.767204969352757,0.608558683316221,0.852406248657066,-0.117911584798961,0.771071305637458,0.607108626754295,0.865954956897422,-0.169450595109146
Sichuan,2014,observed,observed,TRUE,TRUE,350,63,150,3,350,350,63,63,150,150,3,3,350,63,150,3,0.823913997679932,0.716671804090471,0.848098572837011,-1.69408789038711,0.849744636516292,0.748449690555259,0.864494128704184,-1.50359143917079,0.856468926280883,0.751395309790802,0.878633871654473,-1.64723253704562
Sichuan,2015,observed,observed,TRUE,TRUE,449,79,220,67,449,449,79,79,220,220,67,67,449,79,220,67,0.945265316396359,0.860151596989178,1.09407570773936,-0.281691802332408,0.965473591023337,0.885929328703637,1.09392240401959,-0.18755903742425,0.976205020380605,0.893194853342542,1.11928000102062,-0.243727310229745
Sichuan,2016,observed,observed,TRUE,TRUE,581,99,229,29,581,581,99,99,229,229,29,29,581,99.0000000000001,229,29,1.07089585289468,1.00363138988789,1.11985416519838,-0.68963083105772,1.08528350159451,1.02340896685202,1.11796653737964,-0.567665570060531,1.10016337451364,1.03499439689428,1.14449976793516,-0.649098412486714
Sichuan,2017,observed,observed,TRUE,TRUE,692,125,256,31,692,692,125,125,256,256,31,31,692,125,256,31,1.15615269856211,1.15223466192956,1.19153675180752,-0.657457484502378,1.16659028686907,1.16579782632282,1.18482646004038,-0.537687317573463,1.18428542447121,1.18185742004264,1.21462879442899,-0.617127593226817
Sichuan,2018,observed,observed,TRUE,TRUE,888,158,289,333,888,888,158,158,289,289,333,333,888,158,289,333,1.27779993442329,1.30180922302357,1.26955346168957,0.511759433531391,1.2826014482952,1.30911735668989,1.25759435857342,0.551757323215619,1.30431349696445,1.329680357765,1.29095466620747,0.544729246805993
Sichuan,2019,observed,observed,TRUE,TRUE,1017,204,281,530,1017,1017,204,204,281,281,530,530,1017,204,281,530,1.34397866084398,1.46519751738323,1.25148772911076,0.742880936624499,1.34571402836673,1.46567294638261,1.24074405307851,0.767110076868326,1.36961136350536,1.49115526021522,1.27328046807121,0.774395868205013
Sichuan,2020,observed,observed,TRUE,TRUE,947,157,285,1170,947,947,157,157,285,285,1170,1170,947,157,285,1170,1.30918390526754,1.29775246994296,1.26058376435681,1.13713128297397,1.31253135900818,1.30523025221119,1.249228124899,1.13446186620265,1.33527973718316,1.32567111211786,1.28217936704981,1.16616445667339
Sichuan,2021,observed,observed,TRUE,TRUE,1535,209,337,3016,1535,1535,209,209,337,337,3016,3016,1535,209,337,3016,1.54488257561398,1.48069207991737,1.36846859963613,1.60892721982532,1.53730980382785,1.48051954469047,1.3498546798861,1.57406853543657,1.56784118332393,1.50646837051799,1.38772603925403,1.63499049560229
Sichuan,2022,observed,observed,TRUE,TRUE,2032,201,349,4234,2032,2032,201,201,349,349,4234,4234,2032,201,349,4234,1.681799335944,1.4557183300258,1.39099906453436,1.77798341957983,1.66788303282186,1.45659016739673,1.37086933925966,1.73159052128367,1.70293553806278,1.48178708081262,1.4097682065991,1.80298250718303
Sichuan,2023,observed,observed,TRUE,TRUE,4401,615,365,10766,4401,4401,615,615,365,365,10766,10766,4401,615,365,10766,2.05911969897657,2.17264245016653,1.41986678991347,2.24314797425124,2.02772165336474,2.14353337121341,1.39779490064826,2.16501824829949,2.07523364715366,2.19031551498005,1.43801028844482,2.26521890767462
Sichuan,2024,observed,observed,TRUE,TRUE,10072,1546,362,11179,10072,10072,1546,1546,362,362,11179,11179,10072,1546,362,11179,2.46342631885099,2.76472726189458,1.41455146915732,2.2619123181168,2.41329622241976,2.71085789841697,1.39283718425599,2.18250235543731,2.47415881743178,2.77546659689043,1.43281016540568,2.28386513228245
Taiwan,2002,no_data,no_coverage,FALSE,FALSE,,,,,,,,,,,,,,,,,,,,,,,,,,,,
Taiwan,2003,no_data,no_coverage,FALSE,FALSE,,,,,,,,,,,,,,,,,,,,,,,,,,,,
Taiwan,2004,observed,observed,FALSE,FALSE,1,1,1,2,1,1,1,1,1,1,2,2,1,1,1,2,,,,,,,,,,,,
Taiwan,2005,no_data,no_coverage,FALSE,FALSE,,,,,,,,,,,,,,,,,,,,,,,,,,,,
Taiwan,2006,no_data,no_coverage,FALSE,FALSE,,,,,,,,,,,,,,,,,,,,,,,,,,,,
Taiwan,2007,no_data,no_coverage,FALSE,FALSE,,,,,,,,,,,,,,,,,,,,,,,,,,,,
Taiwan,2008,no_data,no_coverage,FALSE,FALSE,,,,,,,,,,,,,,,,,,,,,,,,,,,,
Taiwan,2009,no_data,no_coverage,FALSE,FALSE,,,,,,,,,,,,,,,,,,,,,,,,,,,,
Taiwan,2010,no_data,no_coverage,FALSE,FALSE,,,,,,,,,,,,,,,,,,,,,,,,,,,,
Taiwan,2011,observed,observed,FALSE,FALSE,1,1,1,5,1,1,1,1,1,1,5,5,1,1,1,5,,,,,,,,,,,,
Taiwan,2012,no_data,no_coverage,FALSE,FALSE,,,,,,,,,,,,,,,,,,,,,,,,,,,,
Taiwan,2013,observed,observed,FALSE,FALSE,2,1,2,45,2,2,1,1,2,2,45,45,2,1,2,45,,,,,,,,,,,,
Taiwan,2014,observed,observed,FALSE,FALSE,1,1,1,4,1,1,1,1,1,1,4,4,1,1,1,4,,,,,,,,,,,,
Taiwan,2015,observed,observed,FALSE,FALSE,3,1,3,13,3,3,1,1,3,3,13,13,3,1,3,13,,,,,,,,,,,,
Taiwan,2016,observed,observed,FALSE,FALSE,5,4,4,20,5,5,4,4,4,4,20,20,5,4,4,20,,,,,,,,,,,,
Taiwan,2017,observed,observed,FALSE,FALSE,22,7,20,58,22,22,7,7,20,20,58,58,22,7,20,58,,,,,,,,,,,,
Taiwan,2018,observed,observed,FALSE,FALSE,17,5,17,144,17,17,5,5,17,17,144,144,17,5,17,144,,,,,,,,,,,,
Taiwan,2019,observed,observed,FALSE,FALSE,24,3,23,68,24,24,3,3,23,23,68,68,24,3,23,68,,,,,,,,,,,,
Taiwan,2020,no_data,no_coverage,FALSE,FALSE,,,,,,,,,,,,,,,,,,,,,,,,,,,,
Taiwan,2021,no_data,no_coverage,FALSE,FALSE,,,,,,,,,,,,,,,,,,,,,,,,,,,,
Taiwan,2022,observed,observed,FALSE,FALSE,1,1,1,287,1,1,1,1,1,1,287,287,1,1,1,287,,,,,,,,,,,,
Taiwan,2023,observed,observed,FALSE,FALSE,57,5,57,535,57,57,5,5,57,57,535,535,57,5,57,535,,,,,,,,,,,,
Taiwan,2024,observed,observed,FALSE,FALSE,301,40,211,473,301,301,40,40,211,211,473,473,301,40,211,473,,,,,,,,,,,,
Tianjin,2002,observed,observed,TRUE,TRUE,1,1,1,2,1,1,1,1,1,1,2,2,1,1,1,2,-1.70001895623155,-1.51177291970582,-1.94446013823328,-1.83750138749872,-1.5572512255115,-1.38680411816374,-1.74018670495223,-1.63722024956108,-1.63386967792605,-1.45095275804953,-1.85340236054882,-1.7897432636714
Tianjin,2003,observed,observed,TRUE,TRUE,1,1,1,31,1,1,1,1,1,1,31,31,1,1,1,31,-1.70001895623155,-1.51177291970582,-1.94446013823328,-0.657457484502378,-1.5572512255115,-1.38680411816374,-1.74018670495223,-0.537687317573463,-1.63386967792605,-1.45095275804953,-1.85340236054882,-0.617127593226817
Tianjin,2004,structural_zero,coverage_gap,TRUE,TRUE,0,0,0,0,,0,,0,,0,,0,1,1,1,24.9229627936314,,,,,-1.88010705610098,-1.81385487990754,-2.1577102454236,-2.14752752023567,-1.63386967792605,-1.45095275804953,-1.85340236054882,-0.721457064404842
Tianjin,2005,observed,observed,TRUE,TRUE,1,1,1,20,1,1,1,1,1,1,20,20,1,1,1,20,-1.70001895623155,-1.51177291970582,-1.94446013823328,-0.867438230060357,-1.5572512255115,-1.38680411816374,-1.74018670495223,-0.733341686227089,-1.63386967792605,-1.45095275804953,-1.85340236054882,-0.825786535582868
Tianjin,2006,structural_zero,coverage_gap,TRUE,TRUE,0,0,0,0,,0,,0,,0,,0,1,1,1,21.2566364919149,,,,,-1.88010705610098,-1.81385487990754,-2.1577102454236,-2.14752752023567,-1.63386967792605,-1.45095275804953,-1.85340236054882,-0.79699638808902
Tianjin,2007,structural_zero,coverage_gap,TRUE,TRUE,0,0,0,0,,0,,0,,0,,0,1,1,1,22.5884699015827,,,,,-1.88010705610098,-1.81385487990754,-2.1577102454236,-2.14752752023567,-1.63386967792605,-1.45095275804953,-1.85340236054882,-0.768206240595172
Tianjin,2008,observed,observed,TRUE,TRUE,1,1,1,24,1,1,1,1,1,1,24,24,1,1,1,24,-1.70001895623155,-1.51177291970582,-1.94446013823328,-0.780520652018099,-1.5572512255115,-1.38680411816374,-1.74018670495223,-0.652354242299453,-1.63386967792605,-1.45095275804953,-1.85340236054882,-0.739416093101325
Tianjin,2009,observed,observed,TRUE,TRUE,2,2,2,11,2,2,2,2,2,2,11,11,2,2,2,11,-1.50198524305641,-1.25106160003567,-1.68260759815345,-1.14641445024223,-1.36839267147747,-1.13699543663922,-1.49595109060814,-0.993284168496198,-1.43847185640698,-1.19329455140507,-1.59722488998872,-1.10300663445886
Tianjin,2010,observed,observed,TRUE,TRUE,1,1,1,37,1,1,1,1,1,1,37,37,1,1,1,37,-1.70001895623155,-1.51177291970582,-1.94446013823328,-0.571787751538705,-1.5572512255115,-1.38680411816374,-1.74018670495223,-0.457862581875951,-1.63386967792605,-1.45095275804953,-1.85340236054882,-0.53199714079117
Tianjin,2011,observed,observed,TRUE,TRUE,1,1,1,34,1,1,1,1,1,1,34,34,1,1,1,34,-1.70001895623155,-1.51177291970582,-1.94446013823328,-0.61278458239249,-1.5572512255115,-1.38680411816374,-1.74018670495223,-0.49606231793357,-1.63386967792605,-1.45095275804953,-1.85340236054882,-0.572735901591211
Tianjin,2012,observed,observed,TRUE,TRUE,11,4,11,22,11,11,4,4,11,11,22,22,11,4,11,22,-0.824903505574102,-0.922604182047855,-0.787327850282387,-0.822087538792894,-0.722681010298509,-0.822273718271565,-0.66090400966539,-0.691085141016896,-0.770402292022338,-0.868683600929724,-0.721348332964026,-0.780721321389828
Tianjin,2013,observed,observed,TRUE,TRUE,16,6,15,39,16,16,6,6,15,15,39,39,16,6,15,39,-0.654786603748626,-0.706254811688515,-0.601540516426688,-0.546217333946115,-0.560445845485463,-0.614971821957637,-0.487616083538102,-0.434036759670237,-0.602549700222103,-0.654867833950475,-0.539587525011779,-0.506587685860937
Tianjin,2014,observed,observed,TRUE,TRUE,77,11,70,10,77,77,11,11,70,70,10,10,77,11,70,10,0.0893057025885016,-0.359683710517155,0.360772013141655,-1.18979082665745,0.149171697858755,-0.282893913151614,0.409953944915632,-1.03370110062705,0.131638501050422,-0.31235532426894,0.401869027740979,-1.14610996187103
Tianjin,2015,observed,observed,TRUE,TRUE,76,10,70,189,76,76,10,10,70,70,189,189,76,10,70,189,0.0830035347295224,-0.415631436887809,0.360772013141655,0.230539336274049,0.14316151762205,-0.336501971967897,0.409953944915632,0.289724057092157,0.12542021704843,-0.367647863391276,0.401869027740979,0.265279395787246
Tianjin,2016,observed,observed,TRUE,TRUE,63,19,53,103,63,63,19,19,53,53,103,103,63,19,53,103,-0.00731461252577715,-0.0312262925293385,0.184017103812803,-0.069881646102668,0.0570279274359031,0.0318278052160364,0.245090759494157,0.00979992651996124,0.036304233035565,0.0122556262064091,0.228944886668524,-0.0332504731191532
Tianjin,2017,observed,observed,TRUE,TRUE,87,29,65,55,87,87,29,29,65,65,55,55,87,29,65,55,0.148221766774849,0.229485027140811,0.313611809437468,-0.378481264320506,0.205358104270117,0.281636486740565,0.365966587295297,-0.277744835304354,0.189770373699342,0.269913832850867,0.355730916220828,-0.339907494350823
Tianjin,2018,observed,observed,TRUE,TRUE,123,51,77,146,123,123,51,51,77,77,146,146,123,51,77,146,0.3157198353422,0.583161098176989,0.421496644716788,0.102624927378006,0.365095769771275,0.620522243999225,0.466593142282399,0.170536877106902,0.355038989744364,0.619448108200068,0.461277588425053,0.138170192505662
Tianjin,2019,observed,observed,TRUE,TRUE,208,55,139,100,208,208,55,55,139,139,100,100,208,55,139,100,0.570696231302028,0.63081202258926,0.79925133878715,-0.0844733370331357,0.608258778138411,0.666180463273765,0.818933240833705,-0.00379621568347336,0.606621568844278,0.666541006753725,0.830845292407024,-0.0477503111335728
Tianjin,2020,observed,observed,TRUE,TRUE,186,34,114,203,186,186,34,34,114,114,203,203,186,34,114,203,0.516372381775462,0.328602870728708,0.672214291262855,0.265981637812479,0.556451823117192,0.376609339678343,0.700442996908266,0.322748233250339,0.553020787018644,0.367870936737399,0.706561489422812,0.300498592357014
Tianjin,2021,observed,observed,TRUE,TRUE,424,55,189,554,424,424,55,55,189,189,554,554,424,55,189,554,0.917348505046696,0.63081202258926,0.99646919805462,0.764918285930551,0.938850201802355,0.666180463273765,1.00288266902383,0.787643881783712,0.948659790661771,0.666541006753725,1.02378889463832,0.796294495082981
Tianjin,2022,observed,observed,TRUE,TRUE,380,36,224,1003,380,380,36,36,224,224,1003,1003,380,36,224,1003,0.863970142161441,0.364333908834655,1.1056600152274,1.06042691956617,0.887944927798339,0.410846148153104,1.10472734200197,1.06299081891376,0.895991910749784,0.40318353924185,1.13061324449258,1.08994293788491
Tianjin,2023,observed,observed,TRUE,TRUE,1660,200,343,3515,1660,1660,200,200,343,343,3515,3515,1660,200,343,3515,1.58309498930259,1.452527290075,1.37983208037344,1.68523025779993,1.5737517867593,1.45353257295161,1.36045364790878,1.64516563856193,1.60554497764271,1.47863341018529,1.39884324190234,1.71081321525227
Tianjin,2024,observed,observed,TRUE,TRUE,3706,429,363,3648,3706,3706,429,429,363,363,3648,3648,3706,429,363,3648,1.97519303764882,1.94151097521894,1.41632810803911,1.70373966703636,1.94768342326175,1.9220675403913,1.39449429435554,1.66241220452054,1.99242407635948,1.96189075226,1.43454829960402,1.72920611001338
Tibet,2002,observed,observed,TRUE,TRUE,11,4,11,,11,11,4,4,11,11,,,11,4,11,,-0.824903505574102,-0.922604182047855,-0.787327850282387,,-0.722681010298509,-0.822273718271565,-0.66090400966539,,-0.770402292022338,-0.868683600929724,-0.721348332964026,
Tibet,2003,observed,observed,TRUE,TRUE,1,1,1,11,1,1,1,1,1,1,11,11,1,1,1,11,-1.70001895623155,-1.51177291970582,-1.94446013823328,-1.14641445024223,-1.5572512255115,-1.38680411816374,-1.74018670495223,-0.993284168496198,-1.63386967792605,-1.45095275804953,-1.85340236054882,-1.10300663445886
Tibet,2004,observed,observed,TRUE,TRUE,60,10,58,5,60,60,10,10,58,58,5,5,60,10,58,5,-0.0307628544385627,-0.415631436887809,0.241205580855248,-1.49195791887047,0.0346660730259302,-0.336501971967897,0.298431707875279,-1.31525220902864,0.0131680946743235,-0.367647863391276,0.284893931078982,-1.44637494906513
Tibet,2005,observed,observed,TRUE,TRUE,15,1,15,31,15,15,1,1,15,15,31,31,15,1,15,31,-0.684396350008086,-1.51177291970582,-0.601540516426688,-0.657457484502378,-0.588683733743057,-1.38680411816374,-0.487616083538102,-0.537687317573463,-0.631765331349082,-1.45095275804953,-0.539587525011779,-0.617127593226817
Tibet,2006,observed,observed,TRUE,TRUE,14,9,13,8,14,14,9,9,13,13,8,8,14,9,13,8,-0.715917688658749,-0.476915237288597,-0.687776134831122,-1.28982794735383,-0.618744647833561,-0.395222956527764,-0.568049938534995,-1.12691297888649,-0.662867110965048,-0.428213987361657,-0.623954178809749,-1.24551736108464
Tibet,2007,observed,observed,TRUE,TRUE,110,15,60,9,110,110,15,15,60,60,9,9,110,15,60,9,0.261627625010145,-0.174706085428045,0.262734501962582,-1.23730427120261,0.313509721799828,-0.105651832932342,0.31851220536143,-1.07797284073512,0.301666763921949,-0.129543917345331,0.305956260860024,-1.19332431507347
Tibet,2008,observed,observed,TRUE,TRUE,11,5,11,12,11,11,5,5,11,11,12,12,11,5,11,12,-0.824903505574102,-0.805372655276413,-0.787327850282387,-1.10651205198741,-0.722681010298509,-0.709944674895415,-0.66090400966539,-0.956104195077362,-0.770402292022338,-0.752824937837007,-0.721348332964026,-1.06335541693796
Tibet,2009,observed,observed,TRUE,TRUE,38,8,26,23,38,38,8,8,26,26,23,23,38,8,26,23,-0.249235166152653,-0.544661335606264,-0.263622770122726,-0.800870981613982,-0.173684132730725,-0.460135993370887,-0.172432780977218,-0.671316127963757,-0.202396281141902,-0.495166731192549,-0.208993391843824,-0.759638319852594
Tibet,2010,observed,observed,TRUE,TRUE,33,13,32,31,33,33,13,13,32,32,31,31,33,13,32,31,-0.316245735007472,-0.260565866929257,-0.134028064498062,-0.657457484502378,-0.237590014895983,-0.187921060213836,-0.051556953176077,-0.537687317573463,-0.26851491802978,-0.214398220382408,-0.0822073622915191,-0.617127593226817
Tibet,2011,observed,observed,TRUE,TRUE,29,11,29,30,29,29,11,11,29,29,30,30,29,11,29,30,-0.377376819917595,-0.359683710517155,-0.195580124535173,-0.673284650287268,-0.29588881724408,-0.282893913151614,-0.10896791123944,-0.552434641767357,-0.328832328772724,-0.31235532426894,-0.142425418771947,-0.632855128932024
Tibet,2012,observed,observed,TRUE,TRUE,15,5,15,36,15,15,5,5,15,15,36,36,15,5,15,36,-0.684396350008086,-0.805372655276413,-0.601540516426688,-0.58508224202709,-0.588683733743057,-0.709944674895415,-0.487616083538102,-0.470250027858985,-0.631765331349082,-0.752824937837007,-0.539587525011779,-0.545207944082194
Tibet,2013,observed,observed,TRUE,TRUE,40,14,31,49,40,40,14,14,31,31,49,49,40,14,31,49,-0.224809515003384,-0.216203917618448,-0.153900642491159,-0.434977183389853,-0.150390153723672,-0.145414275003236,-0.0700925430667273,-0.330386201767011,-0.178295743171728,-0.1705557807172,-0.101649246499432,-0.396047778495057
Tibet,2014,observed,observed,TRUE,TRUE,32,18,31,12,32,32,18,18,31,31,12,12,32,18,31,12,-0.330826257532322,-0.064207533584587,-0.153900642491159,-1.10651205198741,-0.251495002874815,0.000225800540987319,-0.0700925430667273,-0.956104195077362,-0.282901369166238,-0.0203393813059435,-0.101649246499432,-1.06335541693796
Tibet,2015,observed,observed,TRUE,TRUE,63,22,49,34,63,63,22,22,49,49,34,34,63,22,49,34,-0.00731461252577715,0.0586396902830979,0.134315061132209,-0.61278458239249,0.0570279274359031,0.117935699221879,0.198732572842425,-0.49606231793357,0.036304233035565,0.101069215118042,0.18032002486003,-0.572735901591211
Tibet,2016,observed,observed,TRUE,TRUE,72,26,44,56,72,72,26,26,44,44,56,56,72,26,44,56,0.0569487585458704,0.161738928823143,0.0662724155446568,-0.369657780022064,0.118313893059393,0.216723449897442,0.135267703104646,-0.269523351733804,0.0997122382158055,0.202961089019975,0.113752051788154,-0.331139552810679
Tibet,2017,observed,observed,TRUE,TRUE,71,23,59,14,71,71,23,23,59,59,14,14,71,23,59,14,0.0502119450833454,0.0860052342421038,0.252059749400356,-1.03517429968597,0.11188920491448,0.144156848592186,0.308555629231935,-0.889633610592972,0.0930650938813782,0.128114289299126,0.2955128597404,-0.992466727092981
Tibet,2018,observed,observed,TRUE,TRUE,170,36,91,140,170,170,36,36,91,91,140,140,170,36,91,140,0.472686409610526,0.364333908834655,0.528106439451172,0.0818505111137559,0.514789878782773,0.410846148153104,0.56603043895369,0.151179838976912,0.509916289026315,0.40318353924185,0.565576853743081,0.117526548659918
Tibet,2019,observed,observed,TRUE,TRUE,121,29,88,46,121,121,29,29,88,88,46,46,121,29,88,46,0.307778014302592,0.229485027140811,0.506696484509086,-0.465822929031131,0.35752190361541,0.281636486740565,0.546060903822332,-0.359127431697677,0.347202876866647,0.269913832850867,0.544630911801113,-0.426699353926841
Tibet,2020,observed,observed,TRUE,TRUE,271,44,112,239,271,271,44,44,112,112,239,239,271,44,112,239,0.699376871215991,0.49019634681096,0.660884038784479,0.346999574827017,0.730977476872458,0.531445168265093,0.689875021612375,0.398238551536793,0.733589428547192,0.527572039495324,0.695476794885066,0.38100653133209
Tibet,2021,observed,observed,TRUE,TRUE,635,82,235,1170,635,635,82,82,235,235,1170,1170,635,82,235,1170,1.11423166119395,0.883822732490595,1.13648532872631,1.13713128297397,1.12661150560997,0.908610565395925,1.13347878881803,1.13446186620265,1.14292236943264,0.91658878318897,1.16077048810368,1.16616445667339
Tibet,2022,observed,observed,TRUE,TRUE,225,39,109,678,225,225,39,39,109,109,678,678,225,39,109,678,0.608890354674634,0.41446265222992,0.643506995104851,0.865445105928201,0.644683318167957,0.458878566959837,0.673667071377162,0.881312048582207,0.644307316296972,0.452725239774476,0.678476359852806,0.896188511000431
Tibet,2023,observed,observed,TRUE,TRUE,1172,163,277,4453,1172,1172,163,163,277,277,4453,4453,1172,163,277,4453,1.41319857257564,1.32171772448452,1.24226174611514,1.80311810932029,1.41172689168381,1.32819330823424,1.23213877613838,1.75501034408412,1.43790993621428,1.34935571666348,1.26425443767056,1.82795897711486
Tibet,2024,observed,observed,TRUE,TRUE,2040,322,324,3202,2040,2040,322,322,324,324,3202,3202,2040,322,324,3202,1.68371749739808,1.75752946687496,1.34313955613138,1.63875076617604,1.66971232336443,1.74577992049642,1.32622972479021,1.60185730776784,1.70482816817833,1.78006379685343,1.36294594624911,1.66462630636348
Xinjiang,2002,observed,observed,TRUE,TRUE,5,2,5,,5,5,2,2,5,5,,,5,2,5,,-1.16344437431526,-1.25106160003567,-1.23496772421792,,-1.04553684088799,-1.13699543663922,-1.07842755013676,,-1.10443707421466,-1.19329455140507,-1.15928661147637,
Xinjiang,2003,observed,observed,TRUE,TRUE,5,2,5,1,5,5,2,2,5,5,1,1,5,2,5,1,-1.16344437431526,-1.25106160003567,-1.23496772421792,-2.03963135901536,-1.04553684088799,-1.13699543663922,-1.07842755013676,-1.82555947970323,-1.10443707421466,-1.19329455140507,-1.15928661147637,-1.99060085165189
Xinjiang,2004,observed,observed,TRUE,TRUE,5,3,5,21,5,5,3,3,5,5,21,21,5,3,5,21,-1.16344437431526,-1.06608397494656,-1.23496772421792,-0.844247358029202,-1.04553684088799,-0.959753356419943,-1.07842755013676,-0.711733060094606,-1.10443707421466,-1.01048314448146,-1.15928661147637,-0.802741647264767
Xinjiang,2005,observed,observed,TRUE,TRUE,11,6,10,65,11,11,6,6,10,10,65,65,11,6,10,65,-0.824903505574102,-0.706254811688515,-0.843520478513421,-0.296573917884316,-0.722681010298509,-0.614971821957637,-0.713316107991538,-0.201425789420017,-0.770402292022338,-0.654867833950475,-0.776323111363968,-0.258515744678008
Xinjiang,2006,observed,observed,TRUE,TRUE,16,3,16,117,16,16,3,3,16,16,117,117,16,3,16,117,-0.654786603748626,-1.06608397494656,-0.562388661195343,-0.00692247503702897,-0.560445845485463,-0.959753356419943,-0.451098288399574,0.0684635760515895,-0.602549700222103,-1.01048314448146,-0.501284198880807,0.0293123776377633
Xinjiang,2007,observed,observed,TRUE,TRUE,36,8,36,136,36,36,8,8,36,36,136,136,36,8,36,136,-0.274946956906148,-0.544661335606264,-0.0601409643056431,0.0675037987371465,-0.19820466282368,-0.460135993370887,0.0173591677143171,0.137811961151534,-0.227765839789443,-0.495166731192549,-0.00992160012727238,0.103270147089217
Xinjiang,2008,observed,observed,TRUE,TRUE,27,3,14,121,27,27,3,3,14,14,121,121,27,3,14,121,-0.411073713312257,-1.06608397494656,-0.643219998470703,0.00969619212916657,-0.328024489801644,-0.959753356419943,-0.526491451710814,0.0839483997844824,-0.36208070580767,-1.01048314448146,-0.580363697284295,0.0458264323195441
Xinjiang,2009,structural_zero,coverage_gap,TRUE,TRUE,0,0,0,0,,0,,0,,0,,0,24.9229627936314,3.89897948556636,17.165902124585,89.4101764183657,,,,,-1.88010705610098,-1.81385487990754,-2.1577102454236,-2.14752752023567,-0.399224107818842,-0.881654041159236,-0.459374265067957,-0.102619956179914
Xinjiang,2010,observed,observed,TRUE,TRUE,23,5,21,66,23,23,5,5,21,21,66,66,23,5,21,66,-0.486362636832947,-0.805372655276413,-0.395880604577892,-0.289077327764521,-0.399825179709029,-0.709944674895415,-0.295792567520163,-0.194440669888957,-0.436367509830014,-0.752824937837007,-0.33838483285162,-0.251066344679371
Xinjiang,2011,observed,observed,TRUE,TRUE,73,13,48,77,73,73,13,13,48,48,77,77,73,13,48,77,0.0635939118350065,-0.260565866929257,0.121267994635502,-0.213295143214273,0.1246511677658,-0.187921060213836,0.186563287410861,-0.123828883870333,0.106268942402881,-0.214398220382408,0.167555724416976,-0.17576119974493
Xinjiang,2012,observed,observed,TRUE,TRUE,62,17,50,111,62,62,17,17,50,50,111,111,62,17,50,111,-0.0150062869619808,-0.0989723908470057,0.147103752820017,-0.0329377956922604,0.0496926182664122,-0.0330852316270863,0.210660866415886,0.0442232052280869,0.0287149372304668,-0.0546971176244828,0.192831550191641,0.00346082025544486
Xinjiang,2013,observed,observed,TRUE,TRUE,44,8,32,31,44,44,8,8,32,32,31,31,44,8,32,31,-0.179343106742457,-0.544661335606264,-0.134028064498062,-0.657457484502378,-0.107030263210052,-0.460135993370887,-0.051556953176077,-0.537687317573463,-0.133434507253656,-0.495166731192549,-0.0822073622915191,-0.617127593226817
Xinjiang,2014,observed,observed,TRUE,TRUE,57,11,45,21,57,57,11,11,45,45,21,21,57,11,45,21,-0.0553938498130431,-0.359683710517155,0.080466565515642,-0.844247358029202,0.011176263658324,-0.282893913151614,0.148506898482315,-0.711733060094606,-0.011135054324167,-0.31235532426894,0.127638575230734,-0.802741647264767
Xinjiang,2015,observed,observed,TRUE,TRUE,49,11,46,303,49,49,11,11,46,46,303,303,49,11,46,303,-0.127883847436227,-0.359683710517155,0.094355441159869,0.464842654346033,-0.0579551782236803,-0.282893913151614,0.161461357791674,0.508041539721373,-0.082660187042179,-0.31235532426894,0.141226440486412,0.498107803027633
Xinjiang,2016,observed,observed,TRUE,TRUE,97,17,56,214,97,97,17,17,56,56,214,214,97,17,56,214,0.200789792124725,-0.0989723908470057,0.218934138451708,0.292162605204107,0.255490584729249,-0.0330852316270863,0.277658644470589,0.347142949214122,0.241638701926066,-0.0546971176244828,0.263105172494,0.326514753749712
Xinjiang,2017,observed,observed,TRUE,TRUE,132,29,69,77,132,132,29,29,69,69,77,77,132,29,69,77,0.349941619956077,0.229485027140811,0.351611464851621,-0.213295143214273,0.397732014656129,0.281636486740565,0.401409700362331,-0.123828883870333,0.38880527152959,0.269913832850867,0.392907013894677,-0.17576119974493
Xinjiang,2018,observed,observed,TRUE,TRUE,315,57,118,530,315,315,57,57,118,118,530,530,315,57,118,530,0.772609323351246,0.653375503673119,0.694295342206811,0.742880936624499,0.800816974384676,0.687800366342392,0.721038478017657,0.767110076868326,0.805847133471772,0.688840253595322,0.728163982858266,0.774395868205013
Xinjiang,2019,observed,observed,TRUE,TRUE,344,45,207,243,344,344,45,45,207,207,243,243,344,45,207,243,0.815492905749227,0.504328635042356,1.05492385250802,0.355239660757412,0.8417137047122,0.54498646096568,1.05740460888106,0.405916440316924,0.848159921759939,0.541538828686109,1.08097667488965,0.389194746925812
Xinjiang,2020,observed,observed,TRUE,TRUE,87,14,77,307,87,87,14,14,77,77,307,307,87,14,77,307,0.148221766774849,-0.216203917618448,0.421496644716788,0.471359268037407,0.205358104270117,-0.145414275003236,0.466593142282399,0.514113543771827,0.189770373699342,-0.1705557807172,0.461277588425053,0.504583395430031
Xinjiang,2021,observed,observed,TRUE,TRUE,496,80,182,1878,496,496,80,80,182,182,1878,1878,496,80,182,1878,0.99378528158096,0.868139193252551,0.972226915977942,1.37286932717747,1.01174556320234,0.893582893165771,0.980271360176891,1.35411618776302,1.0240791694093,0.901088909232499,1.00007200993247,1.40041855861916
Xinjiang,2022,observed,observed,TRUE,TRUE,553,63,180,2314,553,553,63,63,180,180,2314,2314,553,63,180,2314,1.04681436540448,0.716671804090471,0.965130055261019,1.47689419556748,1.0623177406972,0.748449690555259,0.973651962341057,1.4510437412634,1.07640241927486,0.751395309790802,0.993128957835959,1.50378860314066
Xinjiang,2023,observed,observed,TRUE,TRUE,1610,204,305,5750,1610,1610,204,204,305,305,5750,5750,1610,204,305,5750,1.56816683359368,1.46519751738323,1.30423604077091,1.93052388379615,1.55951527189335,1.46567294638261,1.28994356170272,1.87372359229963,1.59081552043035,1.49115526021522,1.32488557777644,1.95456274776795
Xinjiang,2024,observed,observed,TRUE,TRUE,4084,472,357,1820,4084,4084,472,472,357,357,1820,1820,4084,472,357,1820,2.02261718425196,2.00279477561973,1.40559421285802,1.35723896400613,1.99291034755743,1.98078852495117,1.38448255460668,1.33955223891147,2.03921699250027,2.02245687623038,1.42404703764983,1.38488658667904
Yunnan,2002,observed,observed,TRUE,TRUE,92,16,58,2,92,92,16,16,58,58,2,2,92,16,58,2,0.175212679776184,-0.135724864005535,0.241205580855248,-1.83750138749872,0.231098493215824,-0.0683007599521075,0.298431707875279,-1.63722024956108,0.216402029071109,-0.0910191934582289,0.284893931078982,-1.7897432636714
Yunnan,2003,observed,observed,TRUE,TRUE,73,13,55,41,73,73,13,13,55,55,41,41,73,13,55,41,0.0635939118350065,-0.260565866929257,0.207503613039937,-0.521894761432111,0.1246511677658,-0.187921060213836,0.266997142407755,-0.411373645694648,0.106268942402881,-0.214398220382408,0.251922378214946,-0.4824182209766
Yunnan,2004,observed,observed,TRUE,TRUE,22,11,20,51,22,22,11,11,20,20,51,51,22,11,20,51,-0.507149230564726,-0.359683710517155,-0.425923594751292,-0.415425114730914,-0.419648703555217,-0.282893913151614,-0.323814324190909,-0.31216811401248,-0.456877427393391,-0.31235532426894,-0.367776708249648,-0.376618787725421
Yunnan,2005,observed,observed,TRUE,TRUE,43,12,37,112,43,43,12,12,37,37,112,112,43,12,37,112,-0.190319101966306,-0.308216791341528,-0.0429184016281227,-0.028506532305272,-0.117497726319363,-0.233579279488376,0.0334230301265028,0.0483521363737273,-0.144264408492982,-0.261491118936065,0.00692770193389877,0.00786418937947141
Yunnan,2006,observed,observed,TRUE,TRUE,57,18,48,169,57,57,18,18,48,48,169,169,57,18,48,169,-0.0553938498130431,-0.064207533584587,0.121267994635502,0.1750918168521,0.011176263658324,0.000225800540987319,0.186563287410861,0.238059561011418,-0.011135054324167,-0.0203393813059435,0.167555724416976,0.210180911742404
Yunnan,2007,observed,observed,TRUE,TRUE,92,15,83,159,92,92,15,15,83,83,159,159,92,15,83,159,0.175212679776184,-0.174706085428045,0.469356153119767,0.144869603310376,0.231098493215824,-0.105651832932342,0.51123275675184,0.209899321394645,0.216402029071109,-0.129543917345331,0.508099848775047,0.180148943351599
Yunnan,2008,observed,observed,TRUE,TRUE,150,22,108,355,150,150,22,22,108,108,355,355,150,22,108,355,0.411936003778498,0.0586396902830979,0.637609165746764,0.543559501260905,0.45685411815665,0.117935699221879,0.668166036420122,0.581387764607888,0.449974490401959,0.101069215118042,0.672706352785893,0.576329136984776
Yunnan,2009,observed,observed,TRUE,TRUE,84,15,70,250,84,84,15,15,70,70,250,250,84,15,70,250,0.131280950649035,-0.174706085428045,0.360772013141655,0.369339982309677,0.189202178158446,-0.105651832932342,0.409953944915632,0.419054737848874,0.173055045219834,-0.129543917345331,0.401869027740979,0.403206308672379
Yunnan,2010,observed,observed,TRUE,TRUE,80,17,62,228,80,80,17,17,62,62,228,228,80,17,62,228,0.107738502692468,-0.0989723908470057,0.283568819264068,0.323610840579096,0.166750482393056,-0.0330852316270863,0.337944830624552,0.376445562752395,0.149825954727192,-0.0546971176244828,0.3263390408228,0.357765026315762
Yunnan,2011,observed,observed,TRUE,TRUE,88,17,77,149,88,88,17,17,77,77,149,149,88,17,77,149,0.153740596482797,-0.0989723908470057,0.421496644716788,0.112696256755034,0.210621239429743,-0.0330852316270863,0.466593142282399,0.179921068907578,0.195215746030033,-0.0546971176244828,0.461277588425053,0.148178124091702
Yunnan,2012,observed,observed,TRUE,TRUE,168,28,142,167,168,168,28,28,142,142,167,167,168,28,142,167,0.466940328834812,0.207686558913861,0.812943890421283,0.169192175824381,0.509310021392511,0.260749604598592,0.831704584427626,0.232562435370234,0.50424669041179,0.248370640027256,0.844241088537459,0.204318408235936
Yunnan,2013,observed,observed,TRUE,TRUE,226,47,147,145,226,226,47,47,147,147,145,145,226,47,147,145,0.611046699159531,0.531694179001362,0.835138783565416,0.0992220892603418,0.64673975641217,0.571207610335987,0.852406248657066,0.167366204758954,0.646434959151504,0.568583902867193,0.865954956897422,0.134788774839228
Yunnan,2014,observed,observed,TRUE,TRUE,322,49,162,104,322,322,49,49,162,162,104,104,322,49,162,104,0.783310467002017,0.557942445128627,0.89748373237767,-0.0651111422476029,0.811022320151271,0.596358205108215,0.910556751492629,0.014244952741019,0.816405841499804,0.594524783326216,0.92694871805801,-0.0285099990044515
Yunnan,2015,observed,observed,TRUE,TRUE,399,67,193,536,399,399,67,67,193,193,536,536,399,67,193,536,0.887738758787236,0.755653025512982,1.00992401442885,0.748482274751963,0.91061231354476,0.785800763535494,1.01543227172024,0.772329251950461,0.919444159534792,0.789920033677904,1.03695210789014,0.779961946591627
Yunnan,2016,observed,observed,TRUE,TRUE,583,93,257,515,583,583,93,93,257,257,515,515,583,93,257,515,1.07257136476933,0.963845924169926,1.19404474651774,0.728595894792732,1.08688138482783,0.985287282118813,1.18716572178149,0.753799661985485,1.10181658479278,0.995674846978409,1.21708243395009,0.760200748970591
Yunnan,2017,observed,observed,TRUE,TRUE,719,107,275,497,719,719,107,107,275,275,497,497,719,107,275,497,1.17482036822216,1.05311681834166,1.23759885346653,0.710895318878982,1.18439305914787,1.07082497338504,1.22778959376915,0.737306744999179,1.20270462151564,1.08390031615611,1.25969260281553,0.742611596024964
Yunnan,2018,observed,observed,TRUE,TRUE,1053,139,319,1268,1053,1053,139,139,319,319,1268,1268,1053,139,319,1268,1.36095218782512,1.21998076024722,1.33312683112711,1.17719739140353,1.36190114979731,1.23071086316594,1.31689063630197,1.17179438032609,1.38635896744831,1.24881016387353,1.35315022471734,1.20597835383344
Yunnan,2019,observed,observed,TRUE,TRUE,1218,169,334,984,1218,1218,169,169,334,334,984,984,1218,169,334,984,1.43198593620333,1.34482176317095,1.36271098801213,1.05090248392834,1.42964381235326,1.35033116342767,1.34448442908879,1.05411620787954,1.45644723406158,1.37218919079771,1.38209321101469,1.08047845740863
Yunnan,2020,observed,observed,TRUE,TRUE,845,113,247,2119,845,845,113,113,247,247,2119,2119,845,113,247,2119,1.25358554294791,1.08788167560408,1.16851542147123,1.43302816795033,1.25950894102697,1.10413600555312,1.16335395969347,1.41017056541117,1.28042140673478,1.11825805247465,1.19210640005893,1.4601987068212
Yunnan,2021,observed,observed,TRUE,TRUE,661,93,262,3871,661,661,93,93,262,262,3871,3871,661,93,262,3871,1.13380083042961,0.963845924169926,1.20644067077593,1.73331051746994,1.14527400981815,0.985287282118813,1.19872767254829,1.68996552164378,1.16223106680682,0.995674846978409,1.22920970420972,1.75859081554743
Yunnan,2022,observed,observed,TRUE,TRUE,586,74,229,6804,586,586,74,74,229,229,6804,6804,586,74,229,6804,1.07507390431342,0.818653764798776,1.11985416519838,2.01441573015345,1.0892679784645,0.846166886632744,1.11796653737964,1.95189174143449,1.10428581474024,0.852182989970674,1.14449976793516,2.03792650517673
Yunnan,2023,observed,observed,TRUE,TRUE,1802,251,329,16429,1802,1802,251,251,329,329,16429,16429,1802,251,329,16429,1.6231603950033,1.59792360668882,1.35299940912021,2.45383140805018,1.61196091017624,1.59284858806662,1.33542622619262,2.3613273628146,1.64507710006104,1.62232703361071,1.37259210892525,2.47457611493479
Yunnan,2024,observed,observed,TRUE,TRUE,5,5,5,16889,5,5,5,5,5,5,16889,16889,5,5,5,16889,-1.16344437431526,-0.805372655276413,-1.23496772421792,2.46759677063594,-1.04553684088799,-0.709944674895415,-1.07842755013676,2.37415355465827,-1.10443707421466,-0.752824937837007,-1.15928661147637,2.48825482624072
Zhejiang,2002,observed,observed,TRUE,TRUE,16,6,15,13,16,16,6,6,15,15,13,13,16,6,15,13,-0.654786603748626,-0.706254811688515,-0.601540516426688,-1.069568201577,-0.560445845485463,-0.614971821957637,-0.487616083538102,-0.921680916369237,-0.602549700222103,-0.654867833950475,-0.539587525011779,-1.02664412356336
Zhejiang,2003,observed,observed,TRUE,TRUE,8,1,8,93,8,8,1,1,8,8,93,93,8,1,8,93,-0.965410661140117,-1.51177291970582,-0.973115184138086,-0.120279460402885,-0.856678286853961,-1.38680411816374,-0.834191935792679,-0.037159391165236,-0.909039252695593,-1.45095275804953,-0.903109140916272,-0.0833310393205735
Zhejiang,2004,observed,observed,TRUE,TRUE,20,9,18,104,20,20,9,9,18,18,104,104,20,9,18,104,-0.551580868878273,-0.476915237288597,-0.490558275563652,-0.0651111422476029,-0.462021766357096,-0.395222956527764,-0.384100510344872,0.014244952741019,-0.500717666480925,-0.428213987361657,-0.431010576578449,-0.0285099990044515
Zhejiang,2005,observed,observed,TRUE,TRUE,68,6,59,172,68,68,6,6,59,59,172,172,68,6,59,172,0.0294253513515664,-0.706254811688515,0.252059749400356,0.183812398095455,0.0920656810682913,-0.614971821957637,0.308555629231935,0.246185162303704,0.0725551763180012,-0.654867833950475,0.2955128597404,0.21884659798965
Zhejiang,2006,observed,observed,TRUE,TRUE,77,9,66,231,77,77,9,9,66,66,231,231,77,9,66,231,0.0893057025885016,-0.476915237288597,0.323323388329389,0.330099181827609,0.149171697858755,-0.395222956527764,0.375024790191463,0.382491223306718,0.131638501050422,-0.428213987361657,0.365232018310267,0.364212524246882
Zhejiang,2007,observed,observed,TRUE,TRUE,89,8,78,260,89,89,8,8,78,78,260,260,89,8,78,260,0.159197761998698,-0.544661335606264,0.42972360726241,0.388815656232646,0.215825567379428,-0.460135993370887,0.474266610910594,0.437201643058572,0.200600274938668,-0.495166731192549,0.469326249914789,0.422559385601596
Zhejiang,2008,observed,observed,TRUE,TRUE,116,8,98,241,116,116,8,8,98,98,241,241,116,8,98,241,0.28733941576364,-0.544661335606264,0.575464349517298,0.351136642956956,0.338030251892783,-0.460135993370887,0.610202201639384,0.402093359514017,0.327036322569491,-0.495166731192549,0.611908386780929,0.385117557122356
Zhejiang,2009,observed,observed,TRUE,TRUE,114,16,102,296,114,114,16,16,102,102,296,296,114,16,102,296,0.278918323832935,-0.135724864005535,0.601044240889341,0.453229493777213,0.329999320088691,-0.0683007599521075,0.63406112804965,0.497220711396719,0.318727318048546,-0.0910191934582289,0.636933891085353,0.486567745889243
Zhejiang,2010,observed,observed,TRUE,TRUE,225,17,164,393,225,225,17,17,164,164,393,393,225,17,164,393,0.608890354674634,-0.0989723908470057,0.905359535184681,0.594118864743828,0.644683318167957,-0.0330852316270863,0.917902685721248,0.62849760944387,0.644307316296972,-0.0546971176244828,0.934653830412907,0.626570235436485
Zhejiang,2011,observed,observed,TRUE,TRUE,173,18,129,334,173,173,18,18,129,129,334,334,173,18,129,334,0.48118073210325,-0.064207533584587,0.751391830384171,0.513249760048233,0.522890648281833,0.000225800540987319,0.774293626364264,0.553145969079151,0.518297549387225,-0.0203393813059435,0.78402303205703,0.546210191899045
Zhejiang,2012,observed,observed,TRUE,TRUE,182,26,140,333,182,182,26,26,140,140,333,333,182,26,140,333,0.50581172747773,0.161738928823143,0.803847855175229,0.511759433531391,0.546380457649439,0.216723449897442,0.823220512607135,0.551757323215619,0.542600698385716,0.202961089019975,0.835342189558861,0.544729246805993
Zhejiang,2013,observed,observed,TRUE,TRUE,214,28,154,451,214,214,28,28,154,154,451,451,214,28,154,451,0.584520113501313,0.207686558913861,0.864983399347383,0.66258040495122,0.621442181920699,0.260749604598592,0.880242977176674,0.69228821743861,0.620261450778358,0.248370640027256,0.895152757226309,0.694600818592007
Zhejiang,2014,observed,observed,TRUE,TRUE,198,40,140,27,198,198,40,40,140,140,27,27,198,40,140,27,0.546749708316232,0.430339834966004,0.803847855175229,-0.724024732948752,0.585421728664716,0.474091784746634,0.823220512607135,-0.599712875836796,0.582993781689457,0.46841648952735,0.835342189558861,-0.683275808957091
Zhejiang,2015,observed,observed,TRUE,TRUE,326,58,174,190,326,326,58,58,174,174,190,190,326,58,174,190,0.789321758053833,0.664367108600386,0.943359190598834,0.23315621287953,0.816755100281085,0.698332315389304,0.953345798788281,0.292162391801034,0.822337120357375,0.699703139093686,0.971829928086756,0.267879799473426
Zhejiang,2016,observed,observed,TRUE,TRUE,337,76,182,91,337,337,76,76,182,182,91,91,337,76,182,91,0.805481197575967,0.835575615888755,0.972226915977942,-0.131000601536402,0.832165851981991,0.86238108598201,0.980271360176891,-0.047149059952013,0.838281472604114,0.868906674275847,1.00007200993247,-0.0939846921772918
Zhejiang,2017,observed,observed,TRUE,TRUE,367,85,201,49,367,367,85,85,201,201,49,49,367,85,201,49,0.847014244399891,0.906653292801713,1.03602081054183,-0.434977183389853,0.871774618802703,0.930486378755324,1.03977332653346,-0.330386201767011,0.879261701375904,0.939151981572122,1.06248331417864,-0.396047778495057
Zhejiang,2018,observed,observed,TRUE,TRUE,587,103,264,105,587,587,103,103,264,264,105,105,587,103,264,105,1.07590524278217,1.02885004293625,1.21133317770735,-0.0603858571189146,1.09006079994224,1.04757300574303,1.20329102120136,0.0186478453781755,1.10510608782978,1.05991772176813,1.23399617697033,-0.0238144589697553
Zhejiang,2019,observed,observed,TRUE,TRUE,824,150,299,110,824,824,150,150,299,299,110,110,824,150,299,110,1.241308851263,1.26861510554513,1.2914473490831,-0.0374088018822033,1.247801044413,1.27731137783117,1.27801526812926,0.0400572428156037,1.26830812171764,1.29687496676218,1.31237405244483,-0.000982041495435315
Zhejiang,2020,observed,observed,TRUE,TRUE,1131,124,324,251,1131,1131,124,124,324,324,251,251,1131,124,324,251,1.39582158963771,1.14711118278659,1.34313955613138,0.371322147341022,1.39515500693493,1.16088860500039,1.32622972479021,0.420901665512382,1.42076424644153,1.17679394044602,1.36294594624911,0.405175996216427
Zhejiang,2021,observed,observed,TRUE,TRUE,2297,194,361,817,2297,2297,194,194,361,361,817,817,2297,194,361,817,1.74164272553172,1.4330411555051,1.41276992919655,0.958288927816955,1.72495380044432,1.43486132541593,1.39117550281243,0.96782140593668,1.76198239311728,1.45937547196433,1.43106723634831,0.988447892345716
Zhejiang,2022,observed,observed,TRUE,TRUE,4073,257,365,2136,4073,4073,257,257,365,365,2136,2136,4073,257,365,2136,2.02130022707281,1.61305355723112,1.41986678991347,1.43700974205262,1.99165440671489,1.60734582202365,1.39779490064826,1.413880488267,2.0379175644397,1.63727980178465,1.43801028844482,1.46415521739977
Zhejiang,2023,observed,observed,TRUE,TRUE,8683,778,365,6219,8683,8683,778,778,365,365,6219,6219,8682.99999999999,778,365,6219,2.39095765511532,2.3235941658465,1.41986678991347,1.96960545225196,2.34418512599855,2.28817246519517,1.39779490064826,1.91013873875459,2.40265473464045,2.339499479839,1.43801028844482,1.99339830251339
Zhejiang,2024,observed,observed,TRUE,TRUE,14966,1824,361,20702,14966,14966,1824,1824,361,361,20702,20702,14966,1824,361,20702,2.65683189235468,2.87098987626155,1.41276992919655,2.56907269752785,2.59774106450442,2.81267673629461,1.39117550281243,2.46870607354195,2.66499010128921,2.88048480126216,1.43106723634831,2.58909197454021
