species,year,val
Abroscopus albogularis,1970,6.29556274414063
Accipiter gularis,1970,2.59817504882813
Accipiter soloensis,1970,5.58830785751343
Accipiter trivirgatus,1970,7.14108753204346
Accipiter virgatus,1970,5.75811719894409
Acridotheres cristatellus,1970,6.01171159744263
Acridotheres tristis,1970,5.23772048950195
Acrocephalus agricola,1970,3.60837745666504
Acrocephalus bistrigiceps,1970,3.57633900642395
Acrocephalus concinens,1970,5.22513818740845
Acrocephalus orientalis,1970,3.67744541168213
Acrocephalus tangorum,1970,2.97016859054565
Aegithalos bonvaloti,1970,3.9022958278656
Aegithalos caudatus,1970,2.49014091491699
Aegithalos concinnus,1970,5.91154479980469
Aegithalos fuliginosus,1970,4.41397380828857
Aerodramus brevirostris,1970,5.38977575302124
Aethopyga christinae,1970,8.01166534423828
Aethopyga gouldiae,1970,4.73389530181885
Agropsar sturninus,1970,3.11645221710205
Aix galericulata,1970,2.88385677337647
Alauda gulgula,1970,4.29132127761841
Alaudala cheleensis,1970,3.15259861946106
Alcedo hercules,1970,6.89325094223023
Alcippe morrisonia,1970,6.03143835067749
Amaurornis phoenicurus,1970,5.93150329589844
Anastomus oscitans,1970,6.00973796844482
Anser anser,1970,2.54904723167419
Anser fabalis,1970,1.86755573749542
Anser indicus,1970,2.19862937927246
Anthus godlewskii,1970,2.21478080749512
Anthus gustavi,1970,2.68221521377564
Anthus richardi,1970,3.99237871170044
Anthus roseatus,1970,2.84309506416321
Anthus trivialis,1970,2.35755944252014
Aquila fasciata,1970,6.7535982131958
Aquila heliaca,1970,2.07436656951904
Ardea intermedia,1970,6.16652297973633
Ardea purpurea,1970,5.35906934738159
Ardenna pacifica,1970,7.35004663467407
Artamus fuscus,1970,7.05353212356567
Asio flammeus,1970,2.06348013877869
Athene noctua,1970,2.87113666534424
Aviceda jerdoni,1970,7.19648838043213
Aviceda leuphotes,1970,5.94805860519409
Aythya fuligula,1970,2.13893580436707
Aythya nyroca,1970,2.75770044326782
Bombycilla japonica,1970,1.24663615226746
Branta canadensis,1970,3.84572005271912
Bubo nipalensis,1970,4.84985208511353
Bucanetes mongolicus,1970,3.17630100250244
Butastur indicus,1970,2.98719072341919
Cacomantis merulinus,1970,6.76276779174805
Calandrella brachydactyla,1970,3.25458121299744
Calliope obscura,1970,4.06996965408325
Caprimulgus macrurus,1970,7.22115278244019
Carpodacus roborowskii,1970,0.895983874797821
Carpodacus vinaceus,1970,5.24725294113159
Cecropis daurica,1970,4.21183776855469
Centropus bengalensis,1970,6.58134603500366
Cephalopyrus flammiceps,1970,4.78223514556885
Certhia familiaris,1970,2.92302989959717
Certhia himalayana,1970,4.32585859298706
Certhia tianquanensis,1970,3.98160004615784
Ceryle rudis,1970,6.33224868774414
Cettia brunnifrons,1970,4.25378894805908
Cettia castaneocoronata,1970,4.98823499679565
Chalcophaps indica,1970,7.07183980941773
Charadrius atrifrons,1970,1.93320155143738
Charadrius dealbatus,1970,7.53081512451172
Charadrius placidus,1970,3.62010717391968
Charadrius veredus,1970,2.26521182060242
Chlidonias leucopterus,1970,2.80545997619629
Chlidonias niger,1970,2.57266688346863
Chloris ambigua,1970,5.40493535995483
Chloris sinica,1970,4.43695497512817
Chrysolophus pictus,1970,5.0341100692749
Ciconia boyciana,1970,2.86755442619324
Ciconia nigra,1970,3.32541799545288
Circaetus gallicus,1970,3.35614562034607
Circus macrourus,1970,2.40071225166321
Circus spilonotus,1970,2.29079413414001
Cisticola exilis,1970,6.52732563018799
Cisticola juncidis,1970,5.90297079086304
Clamator coromandus,1970,6.06229972839356
Clanga clanga,1970,2.39073634147644
Columba oenas,1970,2.41253280639648
Copsychus saularis,1970,6.00233936309815
Coracias garrulus,1970,2.32500195503235
Coturnicops exquisitus,1970,1.95560371875763
Crex crex,1970,2.30502057075501
Crossoptilon mantchuricum,1970,3.8407289981842
Curruca curruca,1970,3.06333470344543
Cyanistes cyanus,1970,2.11710286140442
Cyanoderma pyrrhops,1970,4.96768474578857
Cygnus cygnus,1970,2.38862681388855
Cygnus olor,1970,2.5561580657959
Cyornis glaucicomans,1970,5.75505876541138
Cyornis hainanus,1970,7.29578971862793
Cyornis rubeculoides,1970,6.19314813613892
Delichon dasypus,1970,3.72166204452515
Dendrocitta formosae,1970,6.20977449417114
Dendrocopos hyperythrus,1970,4.05108499526978
Dendrocygna javanica,1970,6.42649269104004
Dicaeum cruentatum,1970,6.63603067398071
Dicaeum ignipectus,1970,5.84669876098633
Dicaeum minullum,1970,5.6532826423645
Dicrurus annectens,1970,6.92326307296753
Dicrurus hottentottus,1970,5.64827013015747
Dicrurus remifer,1970,6.36389112472534
Egretta eulophotes,1970,4.31617307662964
Egretta garzetta,1970,5.11870241165161
Elachura formosa,1970,5.94518089294434
Elanus caeruleus,1970,6.93344163894653
Emberiza buchanani,1970,2.0705099105835
Emberiza citrinella,1970,2.08710908889771
Emberiza elegans,1970,4.12982225418091
Emberiza godlewskii,1970,3.03827428817749
Emberiza hortulana,1970,2.69341397285461
Emberiza leucocephalos,1970,1.8975613117218
Emberiza pallasi,1970,1.24034214019775
Emberiza pusilla,1970,2.57175636291504
Emberiza rustica,1970,0.72730815410614
Emberiza siemsseni,1970,4.4344048500061
Emberiza yessoensis,1970,2.64378356933594
Enicurus leschenaulti,1970,5.67267656326294
Enicurus maculatus,1970,6.32213163375855
Enicurus schistaceus,1970,6.24594020843506
Erpornis zantholeuca,1970,6.42844104766846
Erythrogenys hypoleucos,1970,6.93623876571655
Eudynamys scolopaceus,1970,6.00231695175171
Eumyias thalassinus,1970,5.5318808555603
Falco cherrug,1970,2.59674596786499
Falco severus,1970,6.413405418396
Ficedula albicilla,1970,1.31354463100433
Ficedula elisae,1970,3.74486446380615
Ficedula erithacus,1970,3.83017039299011
Ficedula hyperythra,1970,5.97663259506226
Ficedula mugimaki,1970,2.51401329040527
Ficedula strophiata,1970,5.2130765914917
Ficedula superciliaris,1970,3.31081914901733
Ficedula tricolor,1970,4.90993976593018
Fringilla coelebs,1970,0.920407235622406
Fringilla montifringilla,1970,1.14860594272614
Galerida cristata,1970,3.5262885093689
Gallicrex cinerea,1970,5.37738847732544
Garrulax maesi,1970,6.21455192565918
Garrulax monileger,1970,6.73453664779663
Gavia arctica,1970,2.42957210540772
Gelochelidon nilotica,1970,3.85916757583618
Geokichla citrina,1970,6.34447860717773
Glaucidium cuculoides,1970,6.11608982086182
Gorsachius melanolophus,1970,7.36945009231567
Gracupica nigricollis,1970,6.44033050537109
Grandala coelicolor,1970,2.00673723220825
Grus japonensis,1970,2.59443712234497
Grus monacha,1970,1.92100596427917
Grus nigricollis,1970,1.30435538291931
Gypaetus barbatus,1970,2.17843222618103
Gyps himalayensis,1970,2.25895953178406
Halcyon coromanda,1970,4.28846836090088
Halcyon pileata,1970,5.35012817382813
Halcyon smyrnensis,1970,7.36084032058716
Haliaeetus leucoryphus,1970,5.52442407608032
Harpactes wardi,1970,4.2311282157898
Helopsaltes certhiola,1970,3.0076756477356
Helopsaltes pryeri,1970,3.58374404907227
Hemiprocne coronata,1970,6.18306350708008
Hemitesia pallidipes,1970,6.20731115341187
Hemixos castanonotus,1970,6.73224687576294
Heterophasia desgodinsi,1970,5.84839773178101
Heteroxenicus stellatus,1970,4.61979818344116
Hieraaetus pennatus,1970,1.56709396839142
Hierococcyx nisicolor,1970,6.21704006195068
Hirundapus caudacutus,1970,2.86790037155151
Hirundo rustica,1970,3.56283664703369
Histrionicus histrionicus,1970,2.57155156135559
Hydrocoloeus minutus,1970,4.02816724777222
Hydrophasianus chirurgus,1970,6.20273733139038
Hydroprogne caspia,1970,5.30608177185059
Hypothymis azurea,1970,6.300612449646
Hypsipetes leucocephalus,1970,5.72889089584351
Ianthocincla lunulata,1970,4.55917167663574
Ibidorhyncha struthersii,1970,2.61480689048767
Ictinaetus malaiensis,1970,6.39971780776978
Iduna caligata,1970,2.34770965576172
Indicator xanthonotus,1970,5.10103845596314
Ixobrychus cinnamomeus,1970,5.75179243087769
Ixobrychus eurhythmus,1970,4.3337254524231
Ixobrychus minutus,1970,2.80488586425781
Ixos mcclellandii,1970,6.34257650375366
Ketupa flavipes,1970,6.1855034828186
Lalage melaschistos,1970,5.60235595703125
Lanius borealis,1970,2.16843247413635
Lanius collurioides,1970,6.63139724731445
Lanius isabellinus,1970,2.95127654075623
Lanius schach,1970,5.49456262588501
Lanius sphenocercus,1970,2.86860799789429
Lanius tephronotus,1970,3.07323980331421
Larus crassirostris,1970,5.77892065048218
Larvivora brunnea,1970,3.68434166908264
Larvivora cyane,1970,2.18992233276367
Leptopoecile elegans,1970,2.21360683441162
Leptoptilos javanicus,1970,6.25335502624512
Limnodromus semipalmatus,1970,2.07745695114136
Limosa limosa,1970,2.15670132637024
Linaria cannabina,1970,2.79136991500855
Locustella davidi,1970,2.19157552719116
Locustella mandelli,1970,6.18067836761475
Lonchura striata,1970,6.44025945663452
Lophotriorchis kienerii,1970,7.41060209274292
Lophura leucomelanos,1970,4.6490740776062
Lophura nycthemera,1970,6.59491348266602
Loxia curvirostra,1970,2.32083010673523
Macropygia unchall,1970,6.00842332839966
Mareca falcata,1970,1.85331690311432
Megaceryle lugubris,1970,5.71222019195557
Melanitta fusca,1970,2.03938055038452
Melanitta stejnegeri,1970,0.863687574863434
Melanochlora sultanea,1970,6.52719116210938
Mergus serrator,1970,2.27423000335693
Merops philippinus,1970,6.55226850509644
Mixornis gularis,1970,6.16059446334839
Monticola gularis,1970,2.54055213928223
Monticola rufiventris,1970,5.76896905899048
Monticola solitarius,1970,4.65217542648315
Motacilla citreola,1970,2.48676824569702
Moupinia poecilotis,1970,3.47816252708435
Muscicapa dauurica,1970,2.36086440086365
Muscicapa ferruginea,1970,5.11899948120117
Muscicapa muttui,1970,6.12766265869141
Mycerobas affinis,1970,3.16799211502075
Mycerobas carnipes,1970,2.54255723953247
Myiomela leucura,1970,5.71046686172485
Myophonus caeruleus,1970,5.05014610290527
Netta rufina,1970,3.00586771965027
Niltava davidi,1970,6.05221462249756
Niltava grandis,1970,5.88716888427734
Niltava macgrigoriae,1970,6.25817441940308
Niltava sundara,1970,4.82376194000244
Ninox japonica,1970,4.69747495651245
Nipponia nippon,1970,5.23244333267212
Nisaetus nipalensis,1970,5.96425867080689
Numenius madagascariensis,1970,2.1471483707428
Nycticorax nycticorax,1970,5.54276657104492
Oenanthe deserti,1970,2.63109135627747
Oenanthe oenanthe,1970,2.92128396034241
Onychoprion anaethetus,1970,7.22165012359619
Oriolus oriolus,1970,2.59952712059021
Otus lettia,1970,6.30428075790405
Otus semitorques,1970,3.81651401519775
Otus spilocephalus,1970,6.08029556274414
Oxyura leucocephala,1970,3.35225868225098
Panurus biarmicus,1970,2.94712591171265
Paradoxornis guttaticollis,1970,6.11202049255371
Paradoxornis heudei,1970,4.9220118522644
Parayuhina diademata,1970,5.22727870941162
Pardaliparus venustulus,1970,5.29405450820923
Parus monticolus,1970,5.13790369033814
Passer cinnamomeus,1970,5.11279821395874
Passer domesticus,1970,2.14609885215759
Passer hispaniolensis,1970,2.9277172088623
Pelecanus crispus,1970,2.02661514282227
Pellorneum tickelli,1970,6.69127798080444
Perdix hodgsoniae,1970,1.56875836849213
Pericrocotus cantonensis,1970,6.03413963317871
Pericrocotus divaricatus,1970,2.61557793617249
Pericrocotus ethologus,1970,4.45910358428955
Pericrocotus solaris,1970,6.42391061782837
Periparus rubidiventris,1970,2.19875383377075
Pernis ptilorhynchus,1970,2.83029556274414
Phasianus colchicus,1970,4.01128768920898
Phoenicurus erythronotus,1970,3.00599431991577
Phoenicurus frontalis,1970,3.1485230922699
Phoenicurus leucocephalus,1970,3.86537170410156
Phoenicurus ochruros,1970,2.74956583976746
Phoenicurus schisticeps,1970,2.73027396202087
Phylloscopus affinis,1970,3.28675031661987
Phylloscopus burkii,1970,2.74495124816895
Phylloscopus cantator,1970,5.92670679092407
Phylloscopus castaniceps,1970,5.95992708206177
Phylloscopus claudiae,1970,4.37161493301392
Phylloscopus coronatus,1970,3.62872815132141
Phylloscopus emeiensis,1970,5.10461139678955
Phylloscopus intermedius,1970,5.49414014816284
Phylloscopus magnirostris,1970,3.60696959495544
Phylloscopus ogilviegranti,1970,6.38336372375488
Phylloscopus omeiensis,1970,4.51928234100342
Phylloscopus pulcher,1970,3.97188663482666
Phylloscopus ricketti,1970,5.7511830329895
Phylloscopus soror,1970,5.34036016464233
Phylloscopus subaffinis,1970,4.79816627502441
Phylloscopus tenellipes,1970,3.08938932418823
Phylloscopus tephrocephalus,1970,4.95317316055298
Phylloscopus yunnanensis,1970,3.88855147361755
Picumnus innominatus,1970,5.77358627319336
Picus chlorolophus,1970,6.57000827789307
Pitta nympha,1970,6.23526096343994
Platalea minor,1970,4.25480318069458
Pnoepyga immaculata,1970,3.54641580581665
Podiceps auritus,1970,1.93243169784546
Podiceps grisegena,1970,2.37244248390198
Podiceps nigricollis,1970,2.77969908714294
Podoces biddulphi,1970,4.80895090103149
Pomatorhinus schisticeps,1970,6.28948545455933
Pomatorhinus superciliaris,1970,5.90591621398926
Prinia atrogularis,1970,5.46746635437012
Prinia flaviventris,1970,6.75632953643799
Prinia inornata,1970,6.37292194366455
Prunella collaris,1970,2.16102004051209
Prunella himalayana,1970,1.72357940673828
Prunella immaculata,1970,2.56064009666443
Prunella montanella,1970,0.876990795135498
Prunella strophiata,1970,3.14396214485168
Psarisomus dalhousiae,1970,6.2966742515564
Pseudopodoces humilis,1970,1.41098308563232
Psilopogon faber,1970,6.71029567718506
Psilopogon virens,1970,6.05435037612915
Pterorhinus berthemyi,1970,5.89703130722046
Pterorhinus lanceolatus,1970,5.45559644699097
Pterorhinus pectoralis,1970,6.03608369827271
Pterorhinus sannio,1970,6.06021547317505
Pteruthius rufiventer,1970,5.44062471389771
Pteruthius xanthochlorus,1970,4.55663251876831
Ptyonoprogne rupestris,1970,3.27124691009522
Pycnonotus aurigaster,1970,6.36013889312744
Pycnonotus jocosus,1970,6.51687431335449
Pycnonotus sinensis,1970,5.67280387878418
Pycnonotus xanthorrhous,1970,5.66466522216797
Pyrrhula erythaca,1970,4.20077037811279
Pyrrhula nipalensis,1970,5.66544675827026
Rallina eurizonoides,1970,7.02747869491577
Rallus aquaticus,1970,2.55711317062378
Recurvirostra avosetta,1970,2.23916006088257
Regulus regulus,1970,3.72843098640442
Remiz consobrinus,1970,2.76053190231323
Remiz coronatus,1970,2.47637009620667
Rhodospiza obsoleta,1970,3.17544031143189
Rubigula flaviventris,1970,6.67403888702393
Sasia ochracea,1970,6.75284290313721
Saxicola ferreus,1970,5.6097002029419
Sitta cinnamoventris,1970,6.26564836502075
Sitta formosa,1970,5.98371887207031
Sitta villosa,1970,3.41154670715332
Sittiparus varius,1970,3.38530468940735
Spilopelia chinensis,1970,5.62910890579224
Spilopelia senegalensis,1970,2.88045239448547
Spilornis cheela,1970,6.30684280395508
Spinus spinus,1970,1.78027939796448
Spizixos semitorques,1970,5.92435598373413
Spodiopsar cineraceus,1970,2.98453712463379
Spodiopsar sericeus,1970,6.28161239624023
Stachyris humei,1970,5.41623163223267
Staphida torqueola,1970,6.26824378967285
Streptopelia decaocto,1970,3.77415490150452
Sturnia sinensis,1970,6.70191478729248
Sturnus vulgaris,1970,3.13435125350952
Suthora fulvifrons,1970,4.26376008987427
Syrmaticus humiae,1970,6.21569871902466
Syrmaticus reevesii,1970,5.51904678344727
Syrrhaptes paradoxus,1970,2.93974471092224
Tarsiger chrysaeus,1970,3.78052949905396
Tarsiger indicus,1970,4.33575963973999
Temnurus temnurus,1970,7.89169979095459
Tephrodornis virgatus,1970,6.81036949157715
Thalasseus bergii,1970,7.48854780197144
Timalia pileata,1970,6.7571268081665
Tragopan caboti,1970,6.5449333190918
Tragopan temminckii,1970,5.12447166442871
Treron curvirostra,1970,6.66974782943726
Treron sieboldii,1970,6.37064647674561
Treron sphenurus,1970,5.61400127410889
Turdus boulboul,1970,6.33285045623779
Turdus cardis,1970,5.65417146682739
Turdus feae,1970,3.70878767967224
Turdus mandarinus,1970,5.61830186843872
Turdus pilaris,1970,1.45565330982208
Turdus rubrocanus,1970,3.40174627304077
Turdus ruficollis,1970,2.60654020309448
Turdus viscivorus,1970,3.04246926307678
Turnix suscitator,1970,6.44833135604858
Tyto longimembris,1970,6.36456632614136
Urile pelagicus,1970,4.52972221374512
Urosphena squameiceps,1970,2.87393617630005
Vanellus cinereus,1970,2.87450242042542
Vanellus indicus,1970,6.387451171875
Vanellus vanellus,1970,2.62630009651184
Yuhina nigrimenta,1970,5.71265316009522
Zoothera dixoni,1970,4.78729486465454
Zoothera mollissima,1970,2.71282958984375
Zoothera monticola,1970,5.24569988250732
Zosterops erythropleurus,1970,3.10569357872009
Abroscopus albogularis,1971,6.37083435058594
Accipiter gularis,1971,2.73595523834229
Accipiter soloensis,1971,5.68284273147583
Accipiter trivirgatus,1971,7.10422277450562
Accipiter virgatus,1971,5.82170915603638
Acridotheres cristatellus,1971,6.10581064224243
Acridotheres tristis,1971,5.25687980651856
Acrocephalus agricola,1971,3.83511447906494
Acrocephalus bistrigiceps,1971,3.71997213363647
Acrocephalus concinens,1971,5.36508512496948
Acrocephalus orientalis,1971,3.81634545326233
Acrocephalus tangorum,1971,3.07851505279541
Aegithalos bonvaloti,1971,3.95801377296448
Aegithalos caudatus,1971,2.65329027175903
Aegithalos concinnus,1971,6.0083818435669
Aegithalos fuliginosus,1971,4.5587329864502
Aerodramus brevirostris,1971,5.44665765762329
Aethopyga christinae,1971,8.02781295776367
Aethopyga gouldiae,1971,4.7956337928772
Agropsar sturninus,1971,3.26187539100647
Aix galericulata,1971,2.9986879825592
Alauda gulgula,1971,4.38778686523438
Alaudala cheleensis,1971,3.32247757911682
Alcedo hercules,1971,6.87928867340088
Alcippe morrisonia,1971,6.11921167373657
Amaurornis phoenicurus,1971,6.02489852905273
Anastomus oscitans,1971,6.00662851333618
Anser anser,1971,2.7644624710083
Anser fabalis,1971,2.07965135574341
Anser indicus,1971,2.33839750289917
Anthus godlewskii,1971,2.37689828872681
Anthus gustavi,1971,2.81235504150391
Anthus richardi,1971,4.14783906936646
Anthus roseatus,1971,2.94817590713501
Anthus trivialis,1971,2.61816549301147
Aquila fasciata,1971,6.85062742233276
Aquila heliaca,1971,2.34688115119934
Ardea intermedia,1971,6.25633811950684
Ardea purpurea,1971,5.46773958206177
Ardenna pacifica,1971,7.41128158569336
Artamus fuscus,1971,7.04323101043701
Asio flammeus,1971,2.31195878982544
Athene noctua,1971,3.01266241073608
Aviceda jerdoni,1971,7.15601968765259
Aviceda leuphotes,1971,6.01677799224854
Aythya fuligula,1971,2.33884191513062
Aythya nyroca,1971,2.9835307598114
Bombycilla japonica,1971,1.50669395923615
Branta canadensis,1971,3.86800289154053
Bubo nipalensis,1971,4.85786247253418
Bucanetes mongolicus,1971,3.36499762535095
Butastur indicus,1971,3.0914363861084
Cacomantis merulinus,1971,6.76713371276856
Calandrella brachydactyla,1971,3.49459624290466
Calliope obscura,1971,4.24679183959961
Caprimulgus macrurus,1971,7.18842267990112
Carpodacus roborowskii,1971,1.04110395908356
Carpodacus vinaceus,1971,5.33441877365112
Cecropis daurica,1971,4.32877349853516
Centropus bengalensis,1971,6.65544652938843
Cephalopyrus flammiceps,1971,4.83932971954346
Certhia familiaris,1971,3.09869384765625
Certhia himalayana,1971,4.40822124481201
Certhia tianquanensis,1971,4.11579370498657
Ceryle rudis,1971,6.40466356277466
Cettia brunnifrons,1971,4.32996940612793
Cettia castaneocoronata,1971,5.02186012268066
Chalcophaps indica,1971,7.05135154724121
Charadrius atrifrons,1971,2.04254341125488
Charadrius dealbatus,1971,7.54647254943848
Charadrius placidus,1971,3.75277328491211
Charadrius veredus,1971,2.40155696868897
Chlidonias leucopterus,1971,2.95737671852112
Chlidonias niger,1971,2.84028482437134
Chloris ambigua,1971,5.38865566253662
Chloris sinica,1971,4.56430387496948
Chrysolophus pictus,1971,5.16094970703125
Ciconia boyciana,1971,2.99625110626221
Ciconia nigra,1971,3.49852633476257
Circaetus gallicus,1971,3.60907983779907
Circus macrourus,1971,2.66535711288452
Circus spilonotus,1971,2.44971632957459
Cisticola exilis,1971,6.57102108001709
Cisticola juncidis,1971,5.99401807785034
Clamator coromandus,1971,6.16578817367554
Clanga clanga,1971,2.54961133003235
Columba oenas,1971,2.63058733940125
Copsychus saularis,1971,6.09162950515747
Coracias garrulus,1971,2.55935215950012
Coturnicops exquisitus,1971,2.15692782402039
Crex crex,1971,2.54847526550293
Crossoptilon mantchuricum,1971,3.99635171890259
Curruca curruca,1971,3.28021216392517
Cyanistes cyanus,1971,2.33901071548462
Cyanoderma pyrrhops,1971,4.80021238327026
Cygnus cygnus,1971,2.56690883636475
Cygnus olor,1971,2.75225138664246
Cyornis glaucicomans,1971,5.86274194717407
Cyornis hainanus,1971,7.30496549606323
Cyornis rubeculoides,1971,6.18992710113525
Delichon dasypus,1971,3.80730700492859
Dendrocitta formosae,1971,6.28794717788696
Dendrocopos hyperythrus,1971,4.09079074859619
Dendrocygna javanica,1971,6.50047588348389
Dicaeum cruentatum,1971,6.6863865852356
Dicaeum ignipectus,1971,5.92505407333374
Dicaeum minullum,1971,5.71575450897217
Dicrurus annectens,1971,6.87539291381836
Dicrurus hottentottus,1971,5.74992179870606
Dicrurus remifer,1971,6.3142671585083
Egretta eulophotes,1971,4.38342666625977
Egretta garzetta,1971,5.21029138565064
Elachura formosa,1971,5.94323682785034
Elanus caeruleus,1971,7.02805376052856
Emberiza buchanani,1971,2.32742953300476
Emberiza citrinella,1971,2.40338540077209
Emberiza elegans,1971,4.25062036514282
Emberiza godlewskii,1971,3.18940329551697
Emberiza hortulana,1971,2.97748494148254
Emberiza leucocephalos,1971,2.11696028709412
Emberiza pallasi,1971,1.50550818443298
Emberiza pusilla,1971,2.72265076637268
Emberiza rustica,1971,0.966459333896637
Emberiza siemsseni,1971,4.59569692611694
Emberiza yessoensis,1971,2.79684996604919
Enicurus leschenaulti,1971,5.76691818237305
Enicurus maculatus,1971,6.33577919006348
Enicurus schistaceus,1971,6.3031849861145
Erpornis zantholeuca,1971,6.46186017990112
Erythrogenys hypoleucos,1971,6.97278594970703
Eudynamys scolopaceus,1971,6.09871816635132
Eumyias thalassinus,1971,5.60795307159424
Falco cherrug,1971,2.74972724914551
Falco severus,1971,6.40608549118042
Ficedula albicilla,1971,1.59096193313599
Ficedula elisae,1971,3.86017894744873
Ficedula erithacus,1971,3.89281129837036
Ficedula hyperythra,1971,5.99685478210449
Ficedula mugimaki,1971,2.65843963623047
Ficedula strophiata,1971,5.29346704483032
Ficedula superciliaris,1971,3.31907081604004
Ficedula tricolor,1971,4.97250747680664
Fringilla coelebs,1971,1.15909063816071
Fringilla montifringilla,1971,1.44279396533966
Galerida cristata,1971,3.6779146194458
Gallicrex cinerea,1971,5.47206497192383
Garrulax maesi,1971,6.29792261123657
Garrulax monileger,1971,6.78482437133789
Gavia arctica,1971,2.70553922653198
Gelochelidon nilotica,1971,4.0266580581665
Geokichla citrina,1971,6.40713357925415
Glaucidium cuculoides,1971,6.20690584182739
Gorsachius melanolophus,1971,7.34245157241821
Gracupica nigricollis,1971,6.47502088546753
Grandala coelicolor,1971,2.08088517189026
Grus japonensis,1971,2.74267649650574
Grus monacha,1971,2.146723985672
Grus nigricollis,1971,1.3479939699173
Gypaetus barbatus,1971,2.30397820472717
Gyps himalayensis,1971,2.37864136695862
Halcyon coromanda,1971,4.29790735244751
Halcyon pileata,1971,5.45169353485107
Halcyon smyrnensis,1971,7.39501571655273
Haliaeetus leucoryphus,1971,5.51216316223145
Harpactes wardi,1971,4.24084615707397
Helopsaltes certhiola,1971,3.20533084869385
Helopsaltes pryeri,1971,3.76684331893921
Hemiprocne coronata,1971,6.14327144622803
Hemitesia pallidipes,1971,6.14213466644287
Hemixos castanonotus,1971,6.80099773406982
Heterophasia desgodinsi,1971,5.86852979660034
Heteroxenicus stellatus,1971,4.65721368789673
Hieraaetus pennatus,1971,1.8266304731369
Hierococcyx nisicolor,1971,6.2598295211792
Hirundapus caudacutus,1971,2.95721101760864
Hirundo rustica,1971,3.69593214988709
Histrionicus histrionicus,1971,2.71589374542236
Hydrocoloeus minutus,1971,4.33123397827148
Hydrophasianus chirurgus,1971,6.27461051940918
Hydroprogne caspia,1971,5.45989799499512
Hypothymis azurea,1971,6.31782245635986
Hypsipetes leucocephalus,1971,5.80905246734619
Ianthocincla lunulata,1971,4.68582916259766
Ibidorhyncha struthersii,1971,2.72113156318665
Ictinaetus malaiensis,1971,6.47745561599731
Iduna caligata,1971,2.63736987113953
Indicator xanthonotus,1971,5.10600233078003
Ixobrychus cinnamomeus,1971,5.84891843795776
Ixobrychus eurhythmus,1971,4.4695839881897
Ixobrychus minutus,1971,3.03255343437195
Ixos mcclellandii,1971,6.40376329421997
Ketupa flavipes,1971,6.29700374603272
Lalage melaschistos,1971,5.7077260017395
Lanius borealis,1971,2.44140768051147
Lanius collurioides,1971,6.63307285308838
Lanius isabellinus,1971,3.14410996437073
Lanius schach,1971,5.58720207214356
Lanius sphenocercus,1971,3.014728307724
Lanius tephronotus,1971,3.16902542114258
Larus crassirostris,1971,5.89115238189697
Larvivora brunnea,1971,3.77968239784241
Larvivora cyane,1971,2.35686492919922
Leptopoecile elegans,1971,2.35302901268005
Leptoptilos javanicus,1971,6.19571733474731
Limnodromus semipalmatus,1971,2.27591156959534
Limosa limosa,1971,2.40038204193115
Linaria cannabina,1971,3.06238150596619
Locustella davidi,1971,2.35881853103638
Locustella mandelli,1971,6.23862886428833
Lonchura striata,1971,6.52960634231567
Lophotriorchis kienerii,1971,7.40801429748535
Lophura leucomelanos,1971,4.6504430770874
Lophura nycthemera,1971,6.58245754241943
Loxia curvirostra,1971,2.45600605010986
Macropygia unchall,1971,6.05745315551758
Mareca falcata,1971,2.06498980522156
Megaceryle lugubris,1971,5.81077146530151
Melanitta fusca,1971,2.32813882827759
Melanitta stejnegeri,1971,1.16491591930389
Melanochlora sultanea,1971,6.52646017074585
Mergus serrator,1971,2.43049120903015
Merops philippinus,1971,6.52017402648926
Mixornis gularis,1971,6.09369707107544
Monticola gularis,1971,2.69054889678955
Monticola rufiventris,1971,5.85217523574829
Monticola solitarius,1971,4.74872732162476
Motacilla citreola,1971,2.63131809234619
Moupinia poecilotis,1971,3.58875632286072
Muscicapa dauurica,1971,2.51451516151428
Muscicapa ferruginea,1971,5.18455457687378
Muscicapa muttui,1971,6.19517612457275
Mycerobas affinis,1971,3.23522329330444
Mycerobas carnipes,1971,2.68816661834717
Myiomela leucura,1971,5.77515125274658
Myophonus caeruleus,1971,5.1521520614624
Netta rufina,1971,3.24679970741272
Niltava davidi,1971,6.11888408660889
Niltava grandis,1971,5.84187936782837
Niltava macgrigoriae,1971,6.24420309066773
Niltava sundara,1971,4.87993383407593
Ninox japonica,1971,4.81752586364746
Nipponia nippon,1971,5.41556835174561
Nisaetus nipalensis,1971,5.99376106262207
Numenius madagascariensis,1971,2.32413935661316
Nycticorax nycticorax,1971,5.6402473449707
Oenanthe deserti,1971,2.78287363052368
Oenanthe oenanthe,1971,3.10750079154968
Onychoprion anaethetus,1971,7.16825151443481
Oriolus oriolus,1971,2.86576128005981
Otus lettia,1971,6.38525152206421
Otus semitorques,1971,3.91875982284546
Otus spilocephalus,1971,6.13494873046875
Oxyura leucocephala,1971,3.58483719825745
Panurus biarmicus,1971,3.12311601638794
Paradoxornis guttaticollis,1971,6.17021751403809
Paradoxornis heudei,1971,5.06108522415161
Parayuhina diademata,1971,5.28897190093994
Pardaliparus venustulus,1971,5.42974424362183
Parus monticolus,1971,5.23549509048462
Passer cinnamomeus,1971,5.23068046569824
Passer domesticus,1971,2.35876631736755
Passer hispaniolensis,1971,3.17754650115967
Pelecanus crispus,1971,2.25106859207153
Pellorneum tickelli,1971,6.61355257034302
Perdix hodgsoniae,1971,1.61658811569214
Pericrocotus cantonensis,1971,6.14948081970215
Pericrocotus divaricatus,1971,2.74068999290466
Pericrocotus ethologus,1971,4.54283618927002
Pericrocotus solaris,1971,6.46613693237305
Periparus rubidiventris,1971,2.31433200836182
Pernis ptilorhynchus,1971,2.95805430412293
Phasianus colchicus,1971,4.14749050140381
Phoenicurus erythronotus,1971,3.25094199180603
Phoenicurus frontalis,1971,3.2447144985199
Phoenicurus leucocephalus,1971,3.9681384563446
Phoenicurus ochruros,1971,2.89496517181397
Phoenicurus schisticeps,1971,2.83209872245789
Phylloscopus affinis,1971,3.3852744102478
Phylloscopus burkii,1971,2.70782828330994
Phylloscopus cantator,1971,5.87290763854981
Phylloscopus castaniceps,1971,6.02698278427124
Phylloscopus claudiae,1971,4.52592897415161
Phylloscopus coronatus,1971,3.80277538299561
Phylloscopus emeiensis,1971,5.2061915397644
Phylloscopus intermedius,1971,5.58437156677246
Phylloscopus magnirostris,1971,3.69207191467285
Phylloscopus ogilviegranti,1971,6.42720556259155
Phylloscopus omeiensis,1971,4.65628051757813
Phylloscopus pulcher,1971,4.02667427062988
Phylloscopus ricketti,1971,5.87232398986816
Phylloscopus soror,1971,5.4911003112793
Phylloscopus subaffinis,1971,4.92802000045776
Phylloscopus tenellipes,1971,3.16365265846252
Phylloscopus tephrocephalus,1971,5.05586767196655
Phylloscopus yunnanensis,1971,4.04541301727295
Picumnus innominatus,1971,5.86405611038208
Picus chlorolophus,1971,6.56305456161499
Pitta nympha,1971,6.36080694198608
Platalea minor,1971,4.34887647628784
Pnoepyga immaculata,1971,3.43634939193726
Podiceps auritus,1971,2.17603635787964
Podiceps grisegena,1971,2.55375409126282
Podiceps nigricollis,1971,2.91376757621765
Podoces biddulphi,1971,5.03511714935303
Pomatorhinus schisticeps,1971,6.2873911857605
Pomatorhinus superciliaris,1971,5.86448907852173
Prinia atrogularis,1971,5.47083568572998
Prinia flaviventris,1971,6.66893196105957
Prinia inornata,1971,6.46463060379028
Prunella collaris,1971,2.29916644096375
Prunella himalayana,1971,1.95753848552704
Prunella immaculata,1971,2.66214036941528
Prunella montanella,1971,1.19234001636505
Prunella strophiata,1971,3.25496816635132
Psarisomus dalhousiae,1971,6.23452997207642
Pseudopodoces humilis,1971,1.497523188591
Psilopogon faber,1971,6.85084009170532
Psilopogon virens,1971,6.11483955383301
Pterorhinus berthemyi,1971,6.02853441238403
Pterorhinus lanceolatus,1971,5.54261541366577
Pterorhinus pectoralis,1971,6.1608738899231
Pterorhinus sannio,1971,6.1424355506897
Pteruthius rufiventer,1971,5.41563844680786
Pteruthius xanthochlorus,1971,4.63031053543091
Ptyonoprogne rupestris,1971,3.4101402759552
Pycnonotus aurigaster,1971,6.4117693901062
Pycnonotus jocosus,1971,6.52409076690674
Pycnonotus sinensis,1971,5.78689384460449
Pycnonotus xanthorrhous,1971,5.74157857894898
Pyrrhula erythaca,1971,4.28730058670044
Pyrrhula nipalensis,1971,5.71708202362061
Rallina eurizonoides,1971,6.97020673751831
Rallus aquaticus,1971,2.73195624351501
Recurvirostra avosetta,1971,2.46237397193909
Regulus regulus,1971,3.85039401054382
Remiz consobrinus,1971,2.89248061180115
Remiz coronatus,1971,2.72600531578064
Rhodospiza obsoleta,1971,3.3898868560791
Rubigula flaviventris,1971,6.62090015411377
Sasia ochracea,1971,6.7033281326294
Saxicola ferreus,1971,5.69653129577637
Sitta cinnamoventris,1971,6.19181299209595
Sitta formosa,1971,5.92856931686401
Sitta villosa,1971,3.5465304851532
Sittiparus varius,1971,3.42815279960632
Spilopelia chinensis,1971,5.73507070541382
Spilopelia senegalensis,1971,3.10850715637207
Spilornis cheela,1971,6.35497426986694
Spinus spinus,1971,1.99189722537994
Spizixos semitorques,1971,6.04007863998413
Spodiopsar cineraceus,1971,3.12862539291382
Spodiopsar sericeus,1971,6.39272928237915
Stachyris humei,1971,5.41983270645142
Staphida torqueola,1971,6.35435724258423
Streptopelia decaocto,1971,3.9505877494812
Sturnia sinensis,1971,6.79993486404419
Sturnus vulgaris,1971,3.38345742225647
Suthora fulvifrons,1971,4.33792018890381
Syrmaticus humiae,1971,6.14924240112305
Syrmaticus reevesii,1971,5.65526151657105
Syrrhaptes paradoxus,1971,3.11599826812744
Tarsiger chrysaeus,1971,3.84070539474487
Tarsiger indicus,1971,4.35933685302734
Temnurus temnurus,1971,7.89624261856079
Tephrodornis virgatus,1971,6.88182163238525
Thalasseus bergii,1971,7.54682493209839
Timalia pileata,1971,6.78467082977295
Tragopan caboti,1971,6.65338706970215
Tragopan temminckii,1971,5.21479272842407
Treron curvirostra,1971,6.61305379867554
Treron sieboldii,1971,6.47881364822388
Treron sphenurus,1971,5.59507846832275
Turdus boulboul,1971,6.29243183135986
Turdus cardis,1971,5.78824472427368
Turdus feae,1971,3.83091640472412
Turdus mandarinus,1971,5.73392295837402
Turdus pilaris,1971,1.72322082519531
Turdus rubrocanus,1971,3.51410412788391
Turdus ruficollis,1971,2.85573959350586
Turdus viscivorus,1971,3.28056502342224
Turnix suscitator,1971,6.45910978317261
Tyto longimembris,1971,6.44881248474121
Urile pelagicus,1971,4.58643674850464
Urosphena squameiceps,1971,2.93007898330689
Vanellus cinereus,1971,3.00999760627747
Vanellus indicus,1971,6.32538509368897
Vanellus vanellus,1971,2.78859305381775
Yuhina nigrimenta,1971,5.7897253036499
Zoothera dixoni,1971,4.80325412750244
Zoothera mollissima,1971,2.78994512557983
Zoothera monticola,1971,5.23950862884522
Zosterops erythropleurus,1971,3.18620800971985
Abroscopus albogularis,1972,6.42999649047852
Accipiter gularis,1972,2.60189723968506
Accipiter soloensis,1972,5.69125080108643
Accipiter trivirgatus,1972,7.22190952301025
Accipiter virgatus,1972,5.89257907867432
Acridotheres cristatellus,1972,6.14080810546875
Acridotheres tristis,1972,5.30477523803711
Acrocephalus agricola,1972,3.69979000091553
Acrocephalus bistrigiceps,1972,3.62437057495117
Acrocephalus concinens,1972,5.33479595184326
Acrocephalus orientalis,1972,3.73529410362244
Acrocephalus tangorum,1972,2.96132755279541
Aegithalos bonvaloti,1972,4.08186197280884
Aegithalos caudatus,1972,2.49751687049866
Aegithalos concinnus,1972,6.04258584976196
Aegithalos fuliginosus,1972,4.57827281951904
Aerodramus brevirostris,1972,5.52860879898071
Aethopyga christinae,1972,8.14107513427734
Aethopyga gouldiae,1972,4.87440538406372
Agropsar sturninus,1972,3.18191146850586
Aix galericulata,1972,2.87471461296082
Alauda gulgula,1972,4.44297027587891
Alaudala cheleensis,1972,3.2609179019928
Alcedo hercules,1972,7.00290536880493
Alcippe morrisonia,1972,6.16429615020752
Amaurornis phoenicurus,1972,6.06251287460327
Anastomus oscitans,1972,6.13217782974243
Anser anser,1972,2.57883191108704
Anser fabalis,1972,1.85218393802643
Anser indicus,1972,2.24273824691772
Anthus godlewskii,1972,2.30760979652405
Anthus gustavi,1972,2.70529341697693
Anthus richardi,1972,4.09107637405396
Anthus roseatus,1972,2.98394632339478
Anthus trivialis,1972,2.41504836082459
Aquila fasciata,1972,6.87738800048828
Aquila heliaca,1972,2.10691499710083
Ardea intermedia,1972,6.2982931137085
Ardea purpurea,1972,5.45204544067383
Ardenna pacifica,1972,7.45166301727295
Artamus fuscus,1972,7.15280342102051
Asio flammeus,1972,2.07739615440369
Athene noctua,1972,2.96513080596924
Aviceda jerdoni,1972,7.29629564285278
Aviceda leuphotes,1972,6.08488941192627
Aythya fuligula,1972,2.16804981231689
Aythya nyroca,1972,2.8620765209198
Bombycilla japonica,1972,1.19074440002441
Branta canadensis,1972,3.88980078697205
Bubo nipalensis,1972,4.99058485031128
Bucanetes mongolicus,1972,3.26588273048401
Butastur indicus,1972,2.98627543449402
Cacomantis merulinus,1972,6.86834764480591
Calandrella brachydactyla,1972,3.35436010360718
Calliope obscura,1972,4.2484974861145
Caprimulgus macrurus,1972,7.32818508148193
Carpodacus roborowskii,1972,1.2022716999054
Carpodacus vinaceus,1972,5.39360666275024
Cecropis daurica,1972,4.31371831893921
Centropus bengalensis,1972,6.69971513748169
Cephalopyrus flammiceps,1972,4.92807769775391
Certhia familiaris,1972,2.99867367744446
Certhia himalayana,1972,4.49137353897095
Certhia tianquanensis,1972,4.13919401168823
Ceryle rudis,1972,6.45777988433838
Cettia brunnifrons,1972,4.42274141311646
Cettia castaneocoronata,1972,5.13691568374634
Chalcophaps indica,1972,7.15495157241821
Charadrius atrifrons,1972,2.07323265075684
Charadrius dealbatus,1972,7.60561847686768
Charadrius placidus,1972,3.66771483421326
Charadrius veredus,1972,2.33404278755188
Chlidonias leucopterus,1972,2.86432909965515
Chlidonias niger,1972,2.6221022605896
Chloris ambigua,1972,5.53182697296143
Chloris sinica,1972,4.54396915435791
Chrysolophus pictus,1972,5.19492340087891
Ciconia boyciana,1972,2.87246108055115
Ciconia nigra,1972,3.39993691444397
Circaetus gallicus,1972,3.49702334403992
Circus macrourus,1972,2.4866898059845
Circus spilonotus,1972,2.29452276229858
Cisticola exilis,1972,6.64542436599731
Cisticola juncidis,1972,6.01718330383301
Clamator coromandus,1972,6.18826103210449
Clanga clanga,1972,2.38276648521423
Columba oenas,1972,2.3167405128479
Copsychus saularis,1972,6.13701820373535
Coracias garrulus,1972,2.27894735336304
Coturnicops exquisitus,1972,1.94631254673004
Crex crex,1972,2.2895073890686
Crossoptilon mantchuricum,1972,3.96091508865356
Curruca curruca,1972,3.17551636695862
Cyanistes cyanus,1972,2.11980986595154
Cyanoderma pyrrhops,1972,4.92936372756958
Cygnus cygnus,1972,2.44578003883362
Cygnus olor,1972,2.75749945640564
Cyornis glaucicomans,1972,5.9011492729187
Cyornis hainanus,1972,7.39602470397949
Cyornis rubeculoides,1972,6.31013298034668
Delichon dasypus,1972,3.88090038299561
Dendrocitta formosae,1972,6.33870077133179
Dendrocopos hyperythrus,1972,4.19164514541626
Dendrocygna javanica,1972,6.54927158355713
Dicaeum cruentatum,1972,6.7588210105896
Dicaeum ignipectus,1972,5.98341417312622
Dicaeum minullum,1972,5.79588556289673
Dicrurus annectens,1972,7.01782608032227
Dicrurus hottentottus,1972,5.77853631973267
Dicrurus remifer,1972,6.46344518661499
Egretta eulophotes,1972,4.38955640792847
Egretta garzetta,1972,5.24536991119385
Elachura formosa,1972,6.063720703125
Elanus caeruleus,1972,7.06409406661987
Emberiza buchanani,1972,2.12317800521851
Emberiza citrinella,1972,2.39825749397278
Emberiza elegans,1972,4.20131301879883
Emberiza godlewskii,1972,3.15654635429382
Emberiza hortulana,1972,2.9087815284729
Emberiza leucocephalos,1972,1.97812271118164
Emberiza pallasi,1972,1.25422346591949
Emberiza pusilla,1972,2.53855872154236
Emberiza rustica,1972,1.00327956676483
Emberiza siemsseni,1972,4.59262609481812
Emberiza yessoensis,1972,2.66686701774597
Enicurus leschenaulti,1972,5.81342267990112
Enicurus maculatus,1972,6.43611097335815
Enicurus schistaceus,1972,6.37876605987549
Erpornis zantholeuca,1972,6.54858350753784
Erythrogenys hypoleucos,1972,7.05585765838623
Eudynamys scolopaceus,1972,6.13067817687988
Eumyias thalassinus,1972,5.67688989639282
Falco cherrug,1972,2.71702766418457
Falco severus,1972,6.52762174606323
Ficedula albicilla,1972,1.27781271934509
Ficedula elisae,1972,3.85127091407776
Ficedula erithacus,1972,4.01677894592285
Ficedula hyperythra,1972,6.10235452651978
Ficedula mugimaki,1972,2.51329183578491
Ficedula strophiata,1972,5.3618221282959
Ficedula superciliaris,1972,3.43692445755005
Ficedula tricolor,1972,5.06444501876831
Fringilla coelebs,1972,1.19456589221954
Fringilla montifringilla,1972,1.46638941764832
Galerida cristata,1972,3.64373517036438
Gallicrex cinerea,1972,5.48277473449707
Garrulax maesi,1972,6.35717868804932
Garrulax monileger,1972,6.85666847229004
Gavia arctica,1972,2.46591997146606
Gelochelidon nilotica,1972,3.84499669075012
Geokichla citrina,1972,6.47090291976929
Glaucidium cuculoides,1972,6.24773693084717
Gorsachius melanolophus,1972,7.44970512390137
Gracupica nigricollis,1972,6.56047964096069
Grandala coelicolor,1972,2.20574069023132
Grus japonensis,1972,2.59186387062073
Grus monacha,1972,1.8874454498291
Grus nigricollis,1972,1.42819845676422
Gypaetus barbatus,1972,2.30912280082703
Gyps himalayensis,1972,2.41313052177429
Halcyon coromanda,1972,4.32419538497925
Halcyon pileata,1972,5.47091770172119
Halcyon smyrnensis,1972,7.4575343132019
Haliaeetus leucoryphus,1972,5.61234283447266
Harpactes wardi,1972,4.38421154022217
Helopsaltes certhiola,1972,3.08812856674194
Helopsaltes pryeri,1972,3.63345241546631
Hemiprocne coronata,1972,6.28597354888916
Hemitesia pallidipes,1972,6.30291032791138
Hemixos castanonotus,1972,6.8588924407959
Heterophasia desgodinsi,1972,5.97473812103272
Heteroxenicus stellatus,1972,4.77429866790772
Hieraaetus pennatus,1972,1.56455171108246
Hierococcyx nisicolor,1972,6.34045791625977
Hirundapus caudacutus,1972,2.91549730300903
Hirundo rustica,1972,3.66349768638611
Histrionicus histrionicus,1972,2.57821035385132
Hydrocoloeus minutus,1972,4.17273902893066
Hydrophasianus chirurgus,1972,6.33050394058228
Hydroprogne caspia,1972,5.39729118347168
Hypothymis azurea,1972,6.41817951202393
Hypsipetes leucocephalus,1972,5.86258363723755
Ianthocincla lunulata,1972,4.70746231079102
Ibidorhyncha struthersii,1972,2.75184273719788
Ictinaetus malaiensis,1972,6.50544691085815
Iduna caligata,1972,2.5721869468689
Indicator xanthonotus,1972,5.23656988143921
Ixobrychus cinnamomeus,1972,5.86461400985718
Ixobrychus eurhythmus,1972,4.39639854431152
Ixobrychus minutus,1972,2.80486512184143
Ixos mcclellandii,1972,6.47295093536377
Ketupa flavipes,1972,6.3131856918335
Lalage melaschistos,1972,5.73516416549683
Lanius borealis,1972,2.21575784683228
Lanius collurioides,1972,6.74321556091309
Lanius isabellinus,1972,3.09446883201599
Lanius schach,1972,5.63010168075562
Lanius sphenocercus,1972,2.92657923698425
Lanius tephronotus,1972,3.28061389923096
Larus crassirostris,1972,5.87599563598633
Larvivora brunnea,1972,3.86371397972107
Larvivora cyane,1972,2.1884560585022
Leptopoecile elegans,1972,2.44717073440552
Leptoptilos javanicus,1972,6.35142517089844
Limnodromus semipalmatus,1972,2.09221649169922
Limosa limosa,1972,2.20422053337097
Linaria cannabina,1972,2.91234278678894
Locustella davidi,1972,2.17220878601074
Locustella mandelli,1972,6.3151445388794
Lonchura striata,1972,6.56895399093628
Lophotriorchis kienerii,1972,7.5259280204773
Lophura leucomelanos,1972,4.78540277481079
Lophura nycthemera,1972,6.70278787612915
Loxia curvirostra,1972,2.40755748748779
Macropygia unchall,1972,6.14023590087891
Mareca falcata,1972,1.84295570850372
Megaceryle lugubris,1972,5.82916164398193
Melanitta fusca,1972,2.30839920043945
Melanitta stejnegeri,1972,0.773267984390259
Melanochlora sultanea,1972,6.643630027771
Mergus serrator,1972,2.25901460647583
Merops philippinus,1972,6.6532096862793
Mixornis gularis,1972,6.2617974281311
Monticola gularis,1972,2.54008555412293
Monticola rufiventris,1972,5.90897130966187
Monticola solitarius,1972,4.75261497497559
Motacilla citreola,1972,2.61379170417786
Moupinia poecilotis,1972,3.67215657234192
Muscicapa dauurica,1972,2.3631227016449
Muscicapa ferruginea,1972,5.26436376571655
Muscicapa muttui,1972,6.261549949646
Mycerobas affinis,1972,3.36140966415405
Mycerobas carnipes,1972,2.705721616745
Myiomela leucura,1972,5.8466944694519
Myophonus caeruleus,1972,5.17071104049683
Netta rufina,1972,3.08048868179321
Niltava davidi,1972,6.18975353240967
Niltava grandis,1972,5.99451446533203
Niltava macgrigoriae,1972,6.3716459274292
Niltava sundara,1972,4.96160793304443
Ninox japonica,1972,4.77211904525757
Nipponia nippon,1972,5.35945987701416
Nisaetus nipalensis,1972,6.08899402618408
Numenius madagascariensis,1972,2.14080119132996
Nycticorax nycticorax,1972,5.64615869522095
Oenanthe deserti,1972,2.73391509056091
Oenanthe oenanthe,1972,3.00430107116699
Onychoprion anaethetus,1972,7.19385004043579
Oriolus oriolus,1972,2.69618129730225
Otus lettia,1972,6.43022966384888
Otus semitorques,1972,3.86635065078735
Otus spilocephalus,1972,6.21228885650635
Oxyura leucocephala,1972,3.28833508491516
Panurus biarmicus,1972,3.02066683769226
Paradoxornis guttaticollis,1972,6.24462699890137
Paradoxornis heudei,1972,4.98758554458618
Parayuhina diademata,1972,5.36959409713745
Pardaliparus venustulus,1972,5.43283700942993
Parus monticolus,1972,5.28807735443115
Passer cinnamomeus,1972,5.25325298309326
Passer domesticus,1972,2.14820790290833
Passer hispaniolensis,1972,2.94135427474976
Pelecanus crispus,1972,2.22870683670044
Pellorneum tickelli,1972,6.77659702301025
Perdix hodgsoniae,1972,1.74645388126373
Pericrocotus cantonensis,1972,6.17333841323853
Pericrocotus divaricatus,1972,2.63857483863831
Pericrocotus ethologus,1972,4.59642553329468
Pericrocotus solaris,1972,6.54574489593506
Periparus rubidiventris,1972,2.44169116020203
Pernis ptilorhynchus,1972,2.86538887023926
Phasianus colchicus,1972,4.11210584640503
Phoenicurus erythronotus,1972,3.0089430809021
Phoenicurus frontalis,1972,3.33751320838928
Phoenicurus leucocephalus,1972,4.02776098251343
Phoenicurus ochruros,1972,2.87045884132385
Phoenicurus schisticeps,1972,2.94868850708008
Phylloscopus affinis,1972,3.47862124443054
Phylloscopus burkii,1972,2.82577586174011
Phylloscopus cantator,1972,6.02173805236816
Phylloscopus castaniceps,1972,6.09825086593628
Phylloscopus claudiae,1972,4.52294445037842
Phylloscopus coronatus,1972,3.68972277641296
Phylloscopus emeiensis,1972,5.23568201065064
Phylloscopus intermedius,1972,5.64199829101563
Phylloscopus magnirostris,1972,3.79755425453186
Phylloscopus ogilviegranti,1972,6.50710201263428
Phylloscopus omeiensis,1972,4.69172191619873
Phylloscopus pulcher,1972,4.14162540435791
Phylloscopus ricketti,1972,5.89698457717896
Phylloscopus soror,1972,5.49912071228027
Phylloscopus subaffinis,1972,4.97306966781616
Phylloscopus tenellipes,1972,3.09447836875916
Phylloscopus tephrocephalus,1972,5.10146903991699
Phylloscopus yunnanensis,1972,4.04436206817627
Picumnus innominatus,1972,5.91165351867676
Picus chlorolophus,1972,6.67926025390625
Pitta nympha,1972,6.34485101699829
Platalea minor,1972,4.36415481567383
Pnoepyga immaculata,1972,3.52596950531006
Podiceps auritus,1972,1.89711427688599
Podiceps grisegena,1972,2.35521554946899
Podiceps nigricollis,1972,2.77452898025513
Podoces biddulphi,1972,4.80815410614014
Pomatorhinus schisticeps,1972,6.40477323532105
Pomatorhinus superciliaris,1972,6.0086145401001
Prinia atrogularis,1972,5.59906053543091
Prinia flaviventris,1972,6.84023904800415
Prinia inornata,1972,6.50283145904541
Prunella collaris,1972,2.27356743812561
Prunella himalayana,1972,1.69753003120422
Prunella immaculata,1972,2.78482341766357
Prunella montanella,1972,0.881747126579285
Prunella strophiata,1972,3.34878063201904
Psarisomus dalhousiae,1972,6.39322328567505
Pseudopodoces humilis,1972,1.57576441764832
Psilopogon faber,1972,6.87305593490601
Psilopogon virens,1972,6.18441152572632
Pterorhinus berthemyi,1972,6.05439567565918
Pterorhinus lanceolatus,1972,5.60515260696411
Pterorhinus pectoralis,1972,6.18331289291382
Pterorhinus sannio,1972,6.19605255126953
Pteruthius rufiventer,1972,5.56286907196045
Pteruthius xanthochlorus,1972,4.71214962005615
Ptyonoprogne rupestris,1972,3.39122009277344
Pycnonotus aurigaster,1972,6.48744058609009
Pycnonotus jocosus,1972,6.63174915313721
Pycnonotus sinensis,1972,5.78827428817749
Pycnonotus xanthorrhous,1972,5.8035478591919
Pyrrhula erythaca,1972,4.36378192901611
Pyrrhula nipalensis,1972,5.8029088973999
Rallina eurizonoides,1972,7.09516477584839
Rallus aquaticus,1972,2.66485548019409
Recurvirostra avosetta,1972,2.2553186416626
Regulus regulus,1972,3.8838324546814
Remiz consobrinus,1972,2.78306317329407
Remiz coronatus,1972,2.57763695716858
Rhodospiza obsoleta,1972,3.32019090652466
Rubigula flaviventris,1972,6.76497793197632
Sasia ochracea,1972,6.84281969070435
Saxicola ferreus,1972,5.74188423156738
Sitta cinnamoventris,1972,6.35865640640259
Sitta formosa,1972,6.08648872375488
Sitta villosa,1972,3.54902911186218
Sittiparus varius,1972,3.41514301300049
Spilopelia chinensis,1972,5.75480842590332
Spilopelia senegalensis,1972,2.81320858001709
Spilornis cheela,1972,6.43108940124512
Spinus spinus,1972,1.76079940795898
Spizixos semitorques,1972,6.05804681777954
Spodiopsar cineraceus,1972,3.07161259651184
Spodiopsar sericeus,1972,6.4177131652832
Stachyris humei,1972,5.53891563415527
Staphida torqueola,1972,6.40234756469727
Streptopelia decaocto,1972,3.87110543251038
Sturnia sinensis,1972,6.83860969543457
Sturnus vulgaris,1972,3.14179277420044
Suthora fulvifrons,1972,4.42320489883423
Syrmaticus humiae,1972,6.31073760986328
Syrmaticus reevesii,1972,5.66274833679199
Syrrhaptes paradoxus,1972,3.01832509040833
Tarsiger chrysaeus,1972,3.95318961143494
Tarsiger indicus,1972,4.49280691146851
Temnurus temnurus,1972,8.01115036010742
Tephrodornis virgatus,1972,6.93810224533081
Thalasseus bergii,1972,7.59871435165405
Timalia pileata,1972,6.87620067596436
Tragopan caboti,1972,6.68776607513428
Tragopan temminckii,1972,5.28114223480225
Treron curvirostra,1972,6.76566362380981
Treron sieboldii,1972,6.50179767608643
Treron sphenurus,1972,5.73331451416016
Turdus boulboul,1972,6.43307209014893
Turdus cardis,1972,5.7831130027771
Turdus feae,1972,3.82461094856262
Turdus mandarinus,1972,5.76066112518311
Turdus pilaris,1972,1.49803519248962
Turdus rubrocanus,1972,3.59613990783691
Turdus ruficollis,1972,2.62247395515442
Turdus viscivorus,1972,3.07805037498474
Turnix suscitator,1972,6.55714178085327
Tyto longimembris,1972,6.48520803451538
Urile pelagicus,1972,4.59510231018066
Urosphena squameiceps,1972,2.89230442047119
Vanellus cinereus,1972,2.85774683952332
Vanellus indicus,1972,6.48470497131348
Vanellus vanellus,1972,2.66765213012695
Yuhina nigrimenta,1972,5.8584475517273
Zoothera dixoni,1972,4.92792940139771
Zoothera mollissima,1972,2.90299320220947
Zoothera monticola,1972,5.33849048614502
Zosterops erythropleurus,1972,3.10737991333008
Abroscopus albogularis,1973,6.50208425521851
Accipiter gularis,1973,2.7959520816803
Accipiter soloensis,1973,5.79682397842407
Accipiter trivirgatus,1973,7.28928470611572
Accipiter virgatus,1973,5.94485473632813
Acridotheres cristatellus,1973,6.21152925491333
Acridotheres tristis,1973,5.38654136657715
Acrocephalus agricola,1973,3.78752088546753
Acrocephalus bistrigiceps,1973,3.78650808334351
Acrocephalus concinens,1973,5.44152164459229
Acrocephalus orientalis,1973,3.88740515708923
Acrocephalus tangorum,1973,3.16580820083618
Aegithalos bonvaloti,1973,4.04681444168091
Aegithalos caudatus,1973,2.69182205200195
Aegithalos concinnus,1973,6.11300849914551
Aegithalos fuliginosus,1973,4.62445259094238
Aerodramus brevirostris,1973,5.56695556640625
Aethopyga christinae,1973,8.21100807189941
Aethopyga gouldiae,1973,4.90224456787109
Agropsar sturninus,1973,3.33278679847717
Aix galericulata,1973,3.04893779754639
Alauda gulgula,1973,4.45997142791748
Alaudala cheleensis,1973,3.3512864112854
Alcedo hercules,1973,7.05995225906372
Alcippe morrisonia,1973,6.23196268081665
Amaurornis phoenicurus,1973,6.12980937957764
Anastomus oscitans,1973,6.18216419219971
Anser anser,1973,2.74488425254822
Anser fabalis,1973,2.03393316268921
Anser indicus,1973,2.31027698516846
Anthus godlewskii,1973,2.47015857696533
Anthus gustavi,1973,2.78409075737
Anthus richardi,1973,4.20379877090454
Anthus roseatus,1973,2.98903322219849
Anthus trivialis,1973,2.58896398544312
Aquila fasciata,1973,6.96256303787231
Aquila heliaca,1973,2.31527495384216
Ardea intermedia,1973,6.36981916427612
Ardea purpurea,1973,5.56826734542847
Ardenna pacifica,1973,7.53809595108032
Artamus fuscus,1973,7.23006868362427
Asio flammeus,1973,2.26944756507874
Athene noctua,1973,3.03953099250793
Aviceda jerdoni,1973,7.33615446090698
Aviceda leuphotes,1973,6.14441633224487
Aythya fuligula,1973,2.34026193618774
Aythya nyroca,1973,2.98606419563293
Bombycilla japonica,1973,1.38909125328064
Branta canadensis,1973,4.07726049423218
Bubo nipalensis,1973,4.98959732055664
Bucanetes mongolicus,1973,3.37602758407593
Butastur indicus,1973,3.16912770271301
Cacomantis merulinus,1973,6.93549299240112
Calandrella brachydactyla,1973,3.46712422370911
Calliope obscura,1973,4.29604864120483
Caprimulgus macrurus,1973,7.37099742889404
Carpodacus roborowskii,1973,1.06956040859222
Carpodacus vinaceus,1973,5.44170713424683
Cecropis daurica,1973,4.40605068206787
Centropus bengalensis,1973,6.78222942352295
Cephalopyrus flammiceps,1973,4.9412579536438
Certhia familiaris,1973,3.13302874565125
Certhia himalayana,1973,4.4960823059082
Certhia tianquanensis,1973,4.17375183105469
Ceryle rudis,1973,6.52890872955322
Cettia brunnifrons,1973,4.40924453735352
Cettia castaneocoronata,1973,5.14886093139648
Chalcophaps indica,1973,7.23045063018799
Charadrius atrifrons,1973,2.05529856681824
Charadrius dealbatus,1973,7.69963216781616
Charadrius placidus,1973,3.82648801803589
Charadrius veredus,1973,2.50294995307922
Chlidonias leucopterus,1973,3.02266836166382
Chlidonias niger,1973,2.81468343734741
Chloris ambigua,1973,5.54698848724365
Chloris sinica,1973,4.64673328399658
Chrysolophus pictus,1973,5.24921131134033
Ciconia boyciana,1973,3.03587698936462
Ciconia nigra,1973,3.52937078475952
Circaetus gallicus,1973,3.61373424530029
Circus macrourus,1973,2.63943362236023
Circus spilonotus,1973,2.48410320281982
Cisticola exilis,1973,6.71167516708374
Cisticola juncidis,1973,6.11092042922974
Clamator coromandus,1973,6.26715564727783
Clanga clanga,1973,2.57597017288208
Columba oenas,1973,2.56441736221314
Copsychus saularis,1973,6.20212078094482
Coracias garrulus,1973,2.5197377204895
Coturnicops exquisitus,1973,2.13092637062073
Crex crex,1973,2.50861406326294
Crossoptilon mantchuricum,1973,4.08304738998413
Curruca curruca,1973,3.24688696861267
Cyanistes cyanus,1973,2.29441523551941
Cyanoderma pyrrhops,1973,4.9391942024231
Cygnus cygnus,1973,2.60931611061096
Cygnus olor,1973,2.75441670417786
Cyornis glaucicomans,1973,5.97367000579834
Cyornis hainanus,1973,7.48493957519531
Cyornis rubeculoides,1973,6.29804515838623
Delichon dasypus,1973,3.88812136650085
Dendrocitta formosae,1973,6.4055118560791
Dendrocopos hyperythrus,1973,4.18062686920166
Dendrocygna javanica,1973,6.62678956985474
Dicaeum cruentatum,1973,6.83477258682251
Dicaeum ignipectus,1973,6.03878450393677
Dicaeum minullum,1973,5.83955430984497
Dicrurus annectens,1973,7.07478857040405
Dicrurus hottentottus,1973,5.84619808197022
Dicrurus remifer,1973,6.50685977935791
Egretta eulophotes,1973,4.56375074386597
Egretta garzetta,1973,5.30102157592773
Elachura formosa,1973,6.1078519821167
Elanus caeruleus,1973,7.14561223983765
Emberiza buchanani,1973,2.29824233055115
Emberiza citrinella,1973,2.40837335586548
Emberiza elegans,1973,4.32484531402588
Emberiza godlewskii,1973,3.22063732147217
Emberiza hortulana,1973,2.97818565368652
Emberiza leucocephalos,1973,2.09480285644531
Emberiza pallasi,1973,1.49710273742676
Emberiza pusilla,1973,2.76737523078918
Emberiza rustica,1973,0.969079732894897
Emberiza siemsseni,1973,4.65212106704712
Emberiza yessoensis,1973,2.78801369667053
Enicurus leschenaulti,1973,5.86951541900635
Enicurus maculatus,1973,6.49226713180542
Enicurus schistaceus,1973,6.44244003295898
Erpornis zantholeuca,1973,6.61499071121216
Erythrogenys hypoleucos,1973,7.13133049011231
Eudynamys scolopaceus,1973,6.2030553817749
Eumyias thalassinus,1973,5.72437191009522
Falco cherrug,1973,2.75982928276062
Falco severus,1973,6.58235025405884
Ficedula albicilla,1973,1.49832189083099
Ficedula elisae,1973,3.98697781562805
Ficedula erithacus,1973,3.98611903190613
Ficedula hyperythra,1973,6.15000534057617
Ficedula mugimaki,1973,2.71125054359436
Ficedula strophiata,1973,5.40290451049805
Ficedula superciliaris,1973,3.40942430496216
Ficedula tricolor,1973,5.08341312408447
Fringilla coelebs,1973,1.16082751750946
Fringilla montifringilla,1973,1.45108771324158
Galerida cristata,1973,3.74441504478455
Gallicrex cinerea,1973,5.58330869674683
Garrulax maesi,1973,6.4349308013916
Garrulax monileger,1973,6.93256664276123
Gavia arctica,1973,2.66611409187317
Gelochelidon nilotica,1973,4.05411100387573
Geokichla citrina,1973,6.5431547164917
Glaucidium cuculoides,1973,6.31799364089966
Gorsachius melanolophus,1973,7.52514553070068
Gracupica nigricollis,1973,6.63174533843994
Grandala coelicolor,1973,2.13889694213867
Grus japonensis,1973,2.70546936988831
Grus monacha,1973,1.94631791114807
Grus nigricollis,1973,1.36120629310608
Gypaetus barbatus,1973,2.31097531318665
Gyps himalayensis,1973,2.39664626121521
Halcyon coromanda,1973,4.4632740020752
Halcyon pileata,1973,5.56035280227661
Halcyon smyrnensis,1973,7.55136203765869
Haliaeetus leucoryphus,1973,5.62529802322388
Harpactes wardi,1973,4.32906770706177
Helopsaltes certhiola,1973,3.20394802093506
Helopsaltes pryeri,1973,3.79746317863464
Hemiprocne coronata,1973,6.30477142333984
Hemitesia pallidipes,1973,6.33421134948731
Hemixos castanonotus,1973,6.94371843338013
Heterophasia desgodinsi,1973,6.03231763839722
Heteroxenicus stellatus,1973,4.75771284103394
Hieraaetus pennatus,1973,1.7914662361145
Hierococcyx nisicolor,1973,6.39971303939819
Hirundapus caudacutus,1973,3.01729202270508
Hirundo rustica,1973,3.73871731758118
Histrionicus histrionicus,1973,2.66897797584534
Hydrocoloeus minutus,1973,4.32425785064697
Hydrophasianus chirurgus,1973,6.3980393409729
Hydroprogne caspia,1973,5.5342378616333
Hypothymis azurea,1973,6.48113965988159
Hypsipetes leucocephalus,1973,5.91671562194824
Ianthocincla lunulata,1973,4.76464414596558
Ibidorhyncha struthersii,1973,2.76073050498962
Ictinaetus malaiensis,1973,6.57032442092896
Iduna caligata,1973,2.63253235816956
Indicator xanthonotus,1973,5.19052648544312
Ixobrychus cinnamomeus,1973,5.95883798599243
Ixobrychus eurhythmus,1973,4.53827238082886
Ixobrychus minutus,1973,2.99459528923035
Ixos mcclellandii,1973,6.54113960266113
Ketupa flavipes,1973,6.39503765106201
Lalage melaschistos,1973,5.80220127105713
Lanius borealis,1973,2.40157794952393
Lanius collurioides,1973,6.81810092926025
Lanius isabellinus,1973,3.15148830413818
Lanius schach,1973,5.68361949920654
Lanius sphenocercus,1973,3.07663059234619
Lanius tephronotus,1973,3.23231148719788
Larus crassirostris,1973,5.99807453155518
Larvivora brunnea,1973,3.84222292900085
Larvivora cyane,1973,2.37471628189087
Leptopoecile elegans,1973,2.37843823432922
Leptoptilos javanicus,1973,6.39898109436035
Limnodromus semipalmatus,1973,2.29149222373962
Limosa limosa,1973,2.40060067176819
Linaria cannabina,1973,3.04812240600586
Locustella davidi,1973,2.37749242782593
Locustella mandelli,1973,6.37876176834106
Lonchura striata,1973,6.64657306671143
Lophotriorchis kienerii,1973,7.5748553276062
Lophura leucomelanos,1973,4.74673891067505
Lophura nycthemera,1973,6.76805639266968
Loxia curvirostra,1973,2.49664735794067
Macropygia unchall,1973,6.19649696350098
Mareca falcata,1973,2.02486777305603
Megaceryle lugubris,1973,5.91764831542969
Melanitta fusca,1973,2.30263900756836
Melanitta stejnegeri,1973,1.06722128391266
Melanochlora sultanea,1973,6.68027496337891
Mergus serrator,1973,2.40744137763977
Merops philippinus,1973,6.71145439147949
Mixornis gularis,1973,6.29587125778198
Monticola gularis,1973,2.73442339897156
Monticola rufiventris,1973,5.96257400512695
Monticola solitarius,1973,4.84086036682129
Motacilla citreola,1973,2.63792490959168
Moupinia poecilotis,1973,3.65326023101807
Muscicapa dauurica,1973,2.55786061286926
Muscicapa ferruginea,1973,5.2955846786499
Muscicapa muttui,1973,6.34085416793823
Mycerobas affinis,1973,3.30681848526001
Mycerobas carnipes,1973,2.69595766067505
Myiomela leucura,1973,5.9006781578064
Myophonus caeruleus,1973,5.23767232894898
Netta rufina,1973,3.21839284896851
Niltava davidi,1973,6.25063037872315
Niltava grandis,1973,6.00543928146362
Niltava macgrigoriae,1973,6.42222404479981
Niltava sundara,1973,4.99241876602173
Ninox japonica,1973,4.90236139297485
Nipponia nippon,1973,5.49511098861694
Nisaetus nipalensis,1973,6.13690185546875
Numenius madagascariensis,1973,2.26557874679565
Nycticorax nycticorax,1973,5.74952697753906
Oenanthe deserti,1973,2.77611923217773
Oenanthe oenanthe,1973,3.14679098129272
Onychoprion anaethetus,1973,7.29232358932495
Oriolus oriolus,1973,2.84740257263184
Otus lettia,1973,6.50370407104492
Otus semitorques,1973,4.03259563446045
Otus spilocephalus,1973,6.25942087173462
Oxyura leucocephala,1973,3.53119325637817
Panurus biarmicus,1973,3.12853455543518
Paradoxornis guttaticollis,1973,6.31511354446411
Paradoxornis heudei,1973,5.13387823104858
Parayuhina diademata,1973,5.41557693481445
Pardaliparus venustulus,1973,5.5203971862793
Parus monticolus,1973,5.3347110748291
Passer cinnamomeus,1973,5.3149881362915
Passer domesticus,1973,2.32417511940002
Passer hispaniolensis,1973,3.14832639694214
Pelecanus crispus,1973,2.22799611091614
Pellorneum tickelli,1973,6.82314777374268
Perdix hodgsoniae,1973,1.66733038425446
Pericrocotus cantonensis,1973,6.24738883972168
Pericrocotus divaricatus,1973,2.74640679359436
Pericrocotus ethologus,1973,4.63935613632202
Pericrocotus solaris,1973,6.6137547492981
Periparus rubidiventris,1973,2.35585308074951
Pernis ptilorhynchus,1973,3.01091909408569
Phasianus colchicus,1973,4.21715021133423
Phoenicurus erythronotus,1973,3.20769762992859
Phoenicurus frontalis,1973,3.30826735496521
Phoenicurus leucocephalus,1973,4.03806829452515
Phoenicurus ochruros,1973,2.90134692192078
Phoenicurus schisticeps,1973,2.88435935974121
Phylloscopus affinis,1973,3.4454939365387
Phylloscopus burkii,1973,2.80364108085632
Phylloscopus cantator,1973,6.03536081314087
Phylloscopus castaniceps,1973,6.1528525352478
Phylloscopus claudiae,1973,4.59349727630615
Phylloscopus coronatus,1973,3.81514883041382
Phylloscopus emeiensis,1973,5.2761812210083
Phylloscopus intermedius,1973,5.66615343093872
Phylloscopus magnirostris,1973,3.75709819793701
Phylloscopus ogilviegranti,1973,6.5766077041626
Phylloscopus omeiensis,1973,4.72567653656006
Phylloscopus pulcher,1973,4.12189626693726
Phylloscopus ricketti,1973,5.96260118484497
Phylloscopus soror,1973,5.5592827796936
Phylloscopus subaffinis,1973,5.00184202194214
Phylloscopus tenellipes,1973,3.27894496917725
Phylloscopus tephrocephalus,1973,5.15079975128174
Phylloscopus yunnanensis,1973,4.1192512512207
Picumnus innominatus,1973,5.9685206413269
Picus chlorolophus,1973,6.72361087799072
Pitta nympha,1973,6.43282222747803
Platalea minor,1973,4.48805713653564
Pnoepyga immaculata,1973,3.54948687553406
Podiceps auritus,1973,2.10626006126404
Podiceps grisegena,1973,2.49156308174133
Podiceps nigricollis,1973,2.99651718139648
Podoces biddulphi,1973,4.96071434020996
Pomatorhinus schisticeps,1973,6.37958478927612
Pomatorhinus superciliaris,1973,6.01029205322266
Prinia atrogularis,1973,5.55305910110474
Prinia flaviventris,1973,6.88180875778198
Prinia inornata,1973,6.57812070846558
Prunella collaris,1973,2.31476354598999
Prunella himalayana,1973,1.89872777462006
Prunella immaculata,1973,2.71656537055969
Prunella montanella,1973,1.1451815366745
Prunella strophiata,1973,3.30636239051819
Psarisomus dalhousiae,1973,6.41523551940918
Pseudopodoces humilis,1973,1.51646077632904
Psilopogon faber,1973,6.97819519042969
Psilopogon virens,1973,6.24441480636597
Pterorhinus berthemyi,1973,6.121178150177
Pterorhinus lanceolatus,1973,5.65364456176758
Pterorhinus pectoralis,1973,6.25600624084473
Pterorhinus sannio,1973,6.26450729370117
Pteruthius rufiventer,1973,5.54652786254883
Pteruthius xanthochlorus,1973,4.72083902359009
Ptyonoprogne rupestris,1973,3.44881701469421
Pycnonotus aurigaster,1973,6.55648565292358
Pycnonotus jocosus,1973,6.69418954849243
Pycnonotus sinensis,1973,5.88792896270752
Pycnonotus xanthorrhous,1973,5.86264991760254
Pyrrhula erythaca,1973,4.37962341308594
Pyrrhula nipalensis,1973,5.84329462051392
Rallina eurizonoides,1973,7.15658664703369
Rallus aquaticus,1973,2.69612860679626
Recurvirostra avosetta,1973,2.44028401374817
Regulus regulus,1973,3.9045295715332
Remiz consobrinus,1973,2.95428228378296
Remiz coronatus,1973,2.71535778045654
Rhodospiza obsoleta,1973,3.36729621887207
Rubigula flaviventris,1973,6.82543325424194
Sasia ochracea,1973,6.89122629165649
Saxicola ferreus,1973,5.80093193054199
Sitta cinnamoventris,1973,6.39712619781494
Sitta formosa,1973,6.10637140274048
Sitta villosa,1973,3.63629150390625
Sittiparus varius,1973,3.60523247718811
Spilopelia chinensis,1973,5.83273267745972
Spilopelia senegalensis,1973,3.04349231719971
Spilornis cheela,1973,6.4903769493103
Spinus spinus,1973,1.93356490135193
Spizixos semitorques,1973,6.13278818130493
Spodiopsar cineraceus,1973,3.19440007209778
Spodiopsar sericeus,1973,6.49742031097412
Stachyris humei,1973,5.5052809715271
Staphida torqueola,1973,6.47392511367798
Streptopelia decaocto,1973,3.97236561775208
Sturnia sinensis,1973,6.92350959777832
Sturnus vulgaris,1973,3.33596992492676
Suthora fulvifrons,1973,4.42082405090332
Syrmaticus humiae,1973,6.3609766960144
Syrmaticus reevesii,1973,5.73097562789917
Syrrhaptes paradoxus,1973,3.15179061889648
Tarsiger chrysaeus,1973,3.91749978065491
Tarsiger indicus,1973,4.47151708602905
Temnurus temnurus,1973,8.08321189880371
Tephrodornis virgatus,1973,7.01863050460815
Thalasseus bergii,1973,7.68553972244263
Timalia pileata,1973,6.95165252685547
Tragopan caboti,1973,6.76054382324219
Tragopan temminckii,1973,5.3161506652832
Treron curvirostra,1973,6.81049013137817
Treron sieboldii,1973,6.58168601989746
Treron sphenurus,1973,5.76111364364624
Turdus boulboul,1973,6.48565149307251
Turdus cardis,1973,5.85650825500488
Turdus feae,1973,3.94792151451111
Turdus mandarinus,1973,5.82454967498779
Turdus pilaris,1973,1.6970671415329
Turdus rubrocanus,1973,3.57421660423279
Turdus ruficollis,1973,2.82041525840759
Turdus viscivorus,1973,3.23988366127014
Turnix suscitator,1973,6.615797996521
Tyto longimembris,1973,6.57787322998047
Urile pelagicus,1973,4.79261207580566
Urosphena squameiceps,1973,3.0671010017395
Vanellus cinereus,1973,3.04613924026489
Vanellus indicus,1973,6.52047157287598
Vanellus vanellus,1973,2.83841848373413
Yuhina nigrimenta,1973,5.90807628631592
Zoothera dixoni,1973,4.93313407897949
Zoothera mollissima,1973,2.83799386024475
Zoothera monticola,1973,5.34429740905762
Zosterops erythropleurus,1973,3.29274892807007
Abroscopus albogularis,1974,6.38382816314697
Accipiter gularis,1974,2.54701972007751
Accipiter soloensis,1974,5.65103387832642
Accipiter trivirgatus,1974,7.18679809570313
Accipiter virgatus,1974,5.85014009475708
Acridotheres cristatellus,1974,6.10794639587402
Acridotheres tristis,1974,5.28565216064453
Acrocephalus agricola,1974,3.6416802406311
Acrocephalus bistrigiceps,1974,3.58191323280334
Acrocephalus concinens,1974,5.3108344078064
Acrocephalus orientalis,1974,3.68523502349854
Acrocephalus tangorum,1974,2.90977787971497
Aegithalos bonvaloti,1974,4.04366445541382
Aegithalos caudatus,1974,2.44751787185669
Aegithalos concinnus,1974,6.0099196434021
Aegithalos fuliginosus,1974,4.53679466247559
Aerodramus brevirostris,1974,5.4784631729126
Aethopyga christinae,1974,8.09146976470947
Aethopyga gouldiae,1974,4.83947229385376
Agropsar sturninus,1974,3.12362170219421
Aix galericulata,1974,2.8315315246582
Alauda gulgula,1974,4.4026517868042
Alaudala cheleensis,1974,3.20081281661987
Alcedo hercules,1974,6.96698808670044
Alcippe morrisonia,1974,6.12879657745361
Amaurornis phoenicurus,1974,6.02889060974121
Anastomus oscitans,1974,6.07525539398193
Anser anser,1974,2.5438129901886
Anser fabalis,1974,1.82549047470093
Anser indicus,1974,2.21524691581726
Anthus godlewskii,1974,2.1706554889679
Anthus gustavi,1974,2.66241383552551
Anthus richardi,1974,4.04020166397095
Anthus roseatus,1974,2.94026207923889
Anthus trivialis,1974,2.3892285823822
Aquila fasciata,1974,6.86272954940796
Aquila heliaca,1974,2.07740926742554
Ardea intermedia,1974,6.26275300979614
Ardea purpurea,1974,5.41664266586304
Ardenna pacifica,1974,7.44205474853516
Artamus fuscus,1974,7.11317920684815
Asio flammeus,1974,2.04937028884888
Athene noctua,1974,2.91802930831909
Aviceda jerdoni,1974,7.25314617156982
Aviceda leuphotes,1974,6.04265069961548
Aythya fuligula,1974,2.10718679428101
Aythya nyroca,1974,2.81482934951782
Bombycilla japonica,1974,1.19348156452179
Branta canadensis,1974,3.7688159942627
Bubo nipalensis,1974,4.94721841812134
Bucanetes mongolicus,1974,3.19661974906921
Butastur indicus,1974,2.93195700645447
Cacomantis merulinus,1974,6.83354091644287
Calandrella brachydactyla,1974,3.31191301345825
Calliope obscura,1974,4.2000470161438
Caprimulgus macrurus,1974,7.28306531906128
Carpodacus roborowskii,1974,1.12152934074402
Carpodacus vinaceus,1974,5.33745336532593
Cecropis daurica,1974,4.27871322631836
Centropus bengalensis,1974,6.6736044883728
Cephalopyrus flammiceps,1974,4.88875389099121
Certhia familiaris,1974,2.941166639328
Certhia himalayana,1974,4.45141220092773
Certhia tianquanensis,1974,4.10208320617676
Ceryle rudis,1974,6.4271936416626
Cettia brunnifrons,1974,4.38131904602051
Cettia castaneocoronata,1974,5.08786058425903
Chalcophaps indica,1974,7.12155628204346
Charadrius atrifrons,1974,2.02800607681274
Charadrius dealbatus,1974,7.58886861801148
Charadrius placidus,1974,3.62584686279297
Charadrius veredus,1974,2.20511603355408
Chlidonias leucopterus,1974,2.79413294792175
Chlidonias niger,1974,2.60145831108093
Chloris ambigua,1974,5.48157691955566
Chloris sinica,1974,4.4991774559021
Chrysolophus pictus,1974,5.14637517929077
Ciconia boyciana,1974,2.82975029945374
Ciconia nigra,1974,3.34454011917114
Circaetus gallicus,1974,3.43583869934082
Circus macrourus,1974,2.46548366546631
Circus spilonotus,1974,2.23881006240845
Cisticola exilis,1974,6.61695098876953
Cisticola juncidis,1974,5.98057460784912
Clamator coromandus,1974,6.15626192092896
Clanga clanga,1974,2.34314227104187
Columba oenas,1974,2.39809370040894
Copsychus saularis,1974,6.10188484191895
Coracias garrulus,1974,2.34125661849976
Coturnicops exquisitus,1974,1.91344785690308
Crex crex,1974,2.33361482620239
Crossoptilon mantchuricum,1974,3.94925832748413
Curruca curruca,1974,3.11520862579346
Cyanistes cyanus,1974,2.10506677627563
Cyanoderma pyrrhops,1974,4.98286819458008
Cygnus cygnus,1974,2.37022042274475
Cygnus olor,1974,2.64656829833984
Cyornis glaucicomans,1974,5.84227800369263
Cyornis hainanus,1974,7.35880470275879
Cyornis rubeculoides,1974,6.26880550384522
Delichon dasypus,1974,3.84571194648743
Dendrocitta formosae,1974,6.30337715148926
Dendrocopos hyperythrus,1974,4.15626382827759
Dendrocygna javanica,1974,6.52114343643189
Dicaeum cruentatum,1974,6.7266583442688
Dicaeum ignipectus,1974,5.94618558883667
Dicaeum minullum,1974,5.75379323959351
Dicrurus annectens,1974,6.9709677696228
Dicrurus hottentottus,1974,5.74756574630737
Dicrurus remifer,1974,6.41419553756714
Egretta eulophotes,1974,4.29776096343994
Egretta garzetta,1974,5.22081279754639
Elachura formosa,1974,6.0155234336853
Elanus caeruleus,1974,7.04665803909302
Emberiza buchanani,1974,2.11563420295715
Emberiza citrinella,1974,2.18058896064758
Emberiza elegans,1974,4.15632772445679
Emberiza godlewskii,1974,3.11365151405334
Emberiza hortulana,1974,2.76112604141235
Emberiza leucocephalos,1974,1.92241084575653
Emberiza pallasi,1974,1.19221615791321
Emberiza pusilla,1974,2.49787473678589
Emberiza rustica,1974,0.758537173271179
Emberiza siemsseni,1974,4.55629873275757
Emberiza yessoensis,1974,2.61270833015442
Enicurus leschenaulti,1974,5.77745962142944
Enicurus maculatus,1974,6.39456272125244
Enicurus schistaceus,1974,6.33708143234253
Erpornis zantholeuca,1974,6.51251316070557
Erythrogenys hypoleucos,1974,7.00204801559448
Eudynamys scolopaceus,1974,6.09858179092407
Eumyias thalassinus,1974,5.63207769393921
Falco cherrug,1974,2.66359329223633
Falco severus,1974,6.48250865936279
Ficedula albicilla,1974,1.25436115264893
Ficedula elisae,1974,3.78186058998108
Ficedula erithacus,1974,3.9691162109375
Ficedula hyperythra,1974,6.05118417739868
Ficedula mugimaki,1974,2.46159362792969
Ficedula strophiata,1974,5.31067228317261
Ficedula superciliaris,1974,3.4185619354248
Ficedula tricolor,1974,5.0159158706665
Fringilla coelebs,1974,0.955057859420776
Fringilla montifringilla,1974,1.23243069648743
Galerida cristata,1974,3.57884621620178
Gallicrex cinerea,1974,5.44529962539673
Garrulax maesi,1974,6.3067946434021
Garrulax monileger,1974,6.82555150985718
Gavia arctica,1974,2.4385826587677
Gelochelidon nilotica,1974,3.837566614151
Geokichla citrina,1974,6.43930721282959
Glaucidium cuculoides,1974,6.21222829818726
Gorsachius melanolophus,1974,7.41323804855347
Gracupica nigricollis,1974,6.52348756790161
Grandala coelicolor,1974,2.17359757423401
Grus japonensis,1974,2.56496405601501
Grus monacha,1974,1.86531865596771
Grus nigricollis,1974,1.39011943340302
Gypaetus barbatus,1974,2.27275824546814
Gyps himalayensis,1974,2.3667254447937
Halcyon coromanda,1974,4.26286697387695
Halcyon pileata,1974,5.43612718582153
Halcyon smyrnensis,1974,7.43312931060791
Haliaeetus leucoryphus,1974,5.5866813659668
Harpactes wardi,1974,4.33306884765625
Helopsaltes certhiola,1974,3.02768087387085
Helopsaltes pryeri,1974,3.5879807472229
Hemiprocne coronata,1974,6.24618768692017
Hemitesia pallidipes,1974,6.25277709960938
Hemixos castanonotus,1974,6.82670497894287
Heterophasia desgodinsi,1974,5.91346502304077
Heteroxenicus stellatus,1974,4.73388719558716
Hieraaetus pennatus,1974,1.53479588031769
Hierococcyx nisicolor,1974,6.30319833755493
Hirundapus caudacutus,1974,2.87584447860718
Hirundo rustica,1974,3.61948323249817
Histrionicus histrionicus,1974,2.5481641292572
Hydrocoloeus minutus,1974,4.08805799484253
Hydrophasianus chirurgus,1974,6.29645109176636
Hydroprogne caspia,1974,5.37335300445557
Hypothymis azurea,1974,6.37510013580322
Hypsipetes leucocephalus,1974,5.82897043228149
Ianthocincla lunulata,1974,4.67785453796387
Ibidorhyncha struthersii,1974,2.71118783950806
Ictinaetus malaiensis,1974,6.50153923034668
Iduna caligata,1974,2.41631722450256
Indicator xanthonotus,1974,5.18979501724243
Ixobrychus cinnamomeus,1974,5.83084392547607
Ixobrychus eurhythmus,1974,4.36235094070435
Ixobrychus minutus,1974,2.81526017189026
Ixos mcclellandii,1974,6.43506145477295
Ketupa flavipes,1974,6.28411054611206
Lalage melaschistos,1974,5.70369005203247
Lanius borealis,1974,2.16995882987976
Lanius collurioides,1974,6.69634294509888
Lanius isabellinus,1974,3.0103611946106
Lanius schach,1974,5.59642457962036
Lanius sphenocercus,1974,2.86852478981018
Lanius tephronotus,1974,3.20858764648438
Larus crassirostris,1974,5.85238218307495
Larvivora brunnea,1974,3.82173109054565
Larvivora cyane,1974,2.14276218414307
Leptopoecile elegans,1974,2.37174558639526
Leptoptilos javanicus,1974,6.29812479019165
Limnodromus semipalmatus,1974,2.04196786880493
Limosa limosa,1974,2.15044045448303
Linaria cannabina,1974,2.83912467956543
Locustella davidi,1974,2.13438439369202
Locustella mandelli,1974,6.27507543563843
Lonchura striata,1974,6.53645610809326
Lophotriorchis kienerii,1974,7.47999048233032
Lophura leucomelanos,1974,4.74302244186401
Lophura nycthemera,1974,6.65895700454712
Loxia curvirostra,1974,2.36047887802124
Macropygia unchall,1974,6.09832143783569
Mareca falcata,1974,1.81236684322357
Megaceryle lugubris,1974,5.7952036857605
Melanitta fusca,1974,2.09958696365356
Melanitta stejnegeri,1974,0.768088638782501
Melanochlora sultanea,1974,6.60291862487793
Mergus serrator,1974,2.23018217086792
Merops philippinus,1974,6.60925960540772
Mixornis gularis,1974,6.21478796005249
Monticola gularis,1974,2.49393129348755
Monticola rufiventris,1974,5.87072992324829
Monticola solitarius,1974,4.71595764160156
Motacilla citreola,1974,2.56655550003052
Moupinia poecilotis,1974,3.63894248008728
Muscicapa dauurica,1974,2.30922913551331
Muscicapa ferruginea,1974,5.211256980896
Muscicapa muttui,1974,6.20156574249268
Mycerobas affinis,1974,3.33014249801636
Mycerobas carnipes,1974,2.64684557914734
Myiomela leucura,1974,5.79800510406494
Myophonus caeruleus,1974,5.14358043670654
Netta rufina,1974,3.05122518539429
Niltava davidi,1974,6.14783811569214
Niltava grandis,1974,5.95017957687378
Niltava macgrigoriae,1974,6.31954956054688
Niltava sundara,1974,4.92069482803345
Ninox japonica,1974,4.73734331130981
Nipponia nippon,1974,5.34977293014526
Nisaetus nipalensis,1974,6.05187129974365
Numenius madagascariensis,1974,2.11456251144409
Nycticorax nycticorax,1974,5.61198997497559
Oenanthe deserti,1974,2.68146419525147
Oenanthe oenanthe,1974,2.94375491142273
Onychoprion anaethetus,1974,7.20417356491089
Oriolus oriolus,1974,2.65241146087647
Otus lettia,1974,6.3969259262085
Otus semitorques,1974,3.82076787948608
Otus spilocephalus,1974,6.18464040756226
Oxyura leucocephala,1974,3.35025644302368
Panurus biarmicus,1974,2.95701885223389
Paradoxornis guttaticollis,1974,6.20307540893555
Paradoxornis heudei,1974,4.95987892150879
Parayuhina diademata,1974,5.31817674636841
Pardaliparus venustulus,1974,5.39239454269409
Parus monticolus,1974,5.23688936233521
Passer cinnamomeus,1974,5.22155046463013
Passer domesticus,1974,2.11810040473938
Passer hispaniolensis,1974,2.96667718887329
Pelecanus crispus,1974,2.12250566482544
Pellorneum tickelli,1974,6.72339391708374
Perdix hodgsoniae,1974,1.7292366027832
Pericrocotus cantonensis,1974,6.13885259628296
Pericrocotus divaricatus,1974,2.58603072166443
Pericrocotus ethologus,1974,4.55827856063843
Pericrocotus solaris,1974,6.50811100006104
Periparus rubidiventris,1974,2.39019417762756
Pernis ptilorhynchus,1974,2.82013487815857
Phasianus colchicus,1974,4.06026601791382
Phoenicurus erythronotus,1974,3.01670050621033
Phoenicurus frontalis,1974,3.28680086135864
Phoenicurus leucocephalus,1974,3.98197460174561
Phoenicurus ochruros,1974,2.82746815681458
Phoenicurus schisticeps,1974,2.910804271698
Phylloscopus affinis,1974,3.43404674530029
Phylloscopus burkii,1974,2.84284996986389
Phylloscopus cantator,1974,5.98117971420288
Phylloscopus castaniceps,1974,6.05375337600708
Phylloscopus claudiae,1974,4.48195695877075
Phylloscopus coronatus,1974,3.6445734500885
Phylloscopus emeiensis,1974,5.18499851226807
Phylloscopus intermedius,1974,5.60497713088989
Phylloscopus magnirostris,1974,3.73799324035645
Phylloscopus ogilviegranti,1974,6.46977853775024
Phylloscopus omeiensis,1974,4.64670610427856
Phylloscopus pulcher,1974,4.09312295913696
Phylloscopus ricketti,1974,5.86123275756836
Phylloscopus soror,1974,5.4552755355835
Phylloscopus subaffinis,1974,4.9267749786377
Phylloscopus tenellipes,1974,3.03465485572815
Phylloscopus tephrocephalus,1974,5.06297159194946
Phylloscopus yunnanensis,1974,3.98738646507263
Picumnus innominatus,1974,5.87683963775635
Picus chlorolophus,1974,6.64289569854736
Pitta nympha,1974,6.33823919296265
Platalea minor,1974,4.25207948684692
Pnoepyga immaculata,1974,3.61201691627502
Podiceps auritus,1974,1.93772995471954
Podiceps grisegena,1974,2.34121322631836
Podiceps nigricollis,1974,2.73191857337952
Podoces biddulphi,1974,4.78908348083496
Pomatorhinus schisticeps,1974,6.36424255371094
Pomatorhinus superciliaris,1974,5.96723604202271
Prinia atrogularis,1974,5.5494966506958
Prinia flaviventris,1974,6.79691028594971
Prinia inornata,1974,6.46790790557861
Prunella collaris,1974,2.23847460746765
Prunella himalayana,1974,1.72434842586517
Prunella immaculata,1974,2.75615549087524
Prunella montanella,1974,0.805185794830322
Prunella strophiata,1974,3.28141903877258
Psarisomus dalhousiae,1974,6.34831285476685
Pseudopodoces humilis,1974,1.53782749176025
Psilopogon faber,1974,6.82534551620483
Psilopogon virens,1974,6.1508903503418
Pterorhinus berthemyi,1974,6.01808214187622
Pterorhinus lanceolatus,1974,5.56276750564575
Pterorhinus pectoralis,1974,6.14903688430786
Pterorhinus sannio,1974,6.15870046615601
Pteruthius rufiventer,1974,5.51419639587402
Pteruthius xanthochlorus,1974,4.67419767379761
Ptyonoprogne rupestris,1974,3.33874988555908
Pycnonotus aurigaster,1974,6.45221614837647
Pycnonotus jocosus,1974,6.58907794952393
Pycnonotus sinensis,1974,5.7551417350769
Pycnonotus xanthorrhous,1974,5.76488304138184
Pyrrhula erythaca,1974,4.3186297416687
Pyrrhula nipalensis,1974,5.76862001419067
Rallina eurizonoides,1974,7.06102180480957
Rallus aquaticus,1974,2.62274885177612
Recurvirostra avosetta,1974,2.22029900550842
Regulus regulus,1974,3.8363208770752
Remiz consobrinus,1974,2.73089146614075
Remiz coronatus,1974,2.51931738853455
Rhodospiza obsoleta,1974,3.25036931037903
Rubigula flaviventris,1974,6.71773767471314
Sasia ochracea,1974,6.7968487739563
Saxicola ferreus,1974,5.71079683303833
Sitta cinnamoventris,1974,6.31166172027588
Sitta formosa,1974,6.04297256469727
Sitta villosa,1974,3.47818899154663
Sittiparus varius,1974,3.32931780815125
Spilopelia chinensis,1974,5.72407388687134
Spilopelia senegalensis,1974,2.88499450683594
Spilornis cheela,1974,6.40005493164063
Spinus spinus,1974,1.73693919181824
Spizixos semitorques,1974,6.02504396438599
Spodiopsar cineraceus,1974,3.00526690483093
Spodiopsar sericeus,1974,6.38451528549194
Stachyris humei,1974,5.49606609344482
Staphida torqueola,1974,6.36496829986572
Streptopelia decaocto,1974,3.81980657577515
Sturnia sinensis,1974,6.81450891494751
Sturnus vulgaris,1974,3.13213205337524
Suthora fulvifrons,1974,4.38525485992432
Syrmaticus humiae,1974,6.26496028900147
Syrmaticus reevesii,1974,5.61189842224121
Syrrhaptes paradoxus,1974,2.9510281085968
Tarsiger chrysaeus,1974,3.9179105758667
Tarsiger indicus,1974,4.45485830307007
Temnurus temnurus,1974,7.95809555053711
Tephrodornis virgatus,1974,6.90942192077637
Thalasseus bergii,1974,7.58240509033203
Timalia pileata,1974,6.83278560638428
Tragopan caboti,1974,6.67591524124146
Tragopan temminckii,1974,5.2299075126648
Treron curvirostra,1974,6.71947860717773
Treron sieboldii,1974,6.47529602050781
Treron sphenurus,1974,5.68172597885132
Turdus boulboul,1974,6.37891674041748
Turdus cardis,1974,5.74514770507813
Turdus feae,1974,3.76966452598572
Turdus mandarinus,1974,5.72780656814575
Turdus pilaris,1974,1.43051874637604
Turdus rubrocanus,1974,3.55658626556397
Turdus ruficollis,1974,2.65085124969482
Turdus viscivorus,1974,3.07543349266052
Turnix suscitator,1974,6.51978540420532
Tyto longimembris,1974,6.45465707778931
Urile pelagicus,1974,4.50700902938843
Urosphena squameiceps,1974,2.80964589118958
Vanellus cinereus,1974,2.82165384292603
Vanellus indicus,1974,6.44345951080322
Vanellus vanellus,1974,2.60688471794128
Yuhina nigrimenta,1974,5.81830167770386
Zoothera dixoni,1974,4.88656187057495
Zoothera mollissima,1974,2.87271356582642
Zoothera monticola,1974,5.31638050079346
Zosterops erythropleurus,1974,3.04765152931213
Abroscopus albogularis,1975,6.41268873214722
Accipiter gularis,1975,2.97229838371277
Accipiter soloensis,1975,5.76896095275879
Accipiter trivirgatus,1975,7.21483755111694
Accipiter virgatus,1975,5.87163209915161
Acridotheres cristatellus,1975,6.14827919006348
Acridotheres tristis,1975,5.33413362503052
Acrocephalus agricola,1975,3.6823558807373
Acrocephalus bistrigiceps,1975,3.89165425300598
Acrocephalus concinens,1975,5.43088722229004
Acrocephalus orientalis,1975,3.98107552528381
Acrocephalus tangorum,1975,3.33479237556458
Aegithalos bonvaloti,1975,4.05474042892456
Aegithalos caudatus,1975,2.85658550262451
Aegithalos concinnus,1975,6.05024003982544
Aegithalos fuliginosus,1975,4.5407600402832
Aerodramus brevirostris,1975,5.49877834320068
Aethopyga christinae,1975,8.11153221130371
Aethopyga gouldiae,1975,4.84212398529053
Agropsar sturninus,1975,3.43771123886108
Aix galericulata,1975,3.24717330932617
Alauda gulgula,1975,4.40696287155151
Alaudala cheleensis,1975,3.33849501609802
Alcedo hercules,1975,6.99547004699707
Alcippe morrisonia,1975,6.16324043273926
Amaurornis phoenicurus,1975,6.06726837158203
Anastomus oscitans,1975,6.10788679122925
Anser anser,1975,2.83155369758606
Anser fabalis,1975,2.29713821411133
Anser indicus,1975,2.21634817123413
Anthus godlewskii,1975,2.56779956817627
Anthus gustavi,1975,3.04449248313904
Anthus richardi,1975,4.21285820007324
Anthus roseatus,1975,2.93462991714478
Anthus trivialis,1975,2.50731444358826
Aquila fasciata,1975,6.90127086639404
Aquila heliaca,1975,2.3389003276825
Ardea intermedia,1975,6.30351066589356
Ardea purpurea,1975,5.55966806411743
Ardenna pacifica,1975,7.48085451126099
Artamus fuscus,1975,7.14684152603149
Asio flammeus,1975,2.38999390602112
Athene noctua,1975,3.03726315498352
Aviceda jerdoni,1975,7.26769638061523
Aviceda leuphotes,1975,6.07096195220947
Aythya fuligula,1975,2.52287006378174
Aythya nyroca,1975,2.93434190750122
Bombycilla japonica,1975,1.7055652141571
Branta canadensis,1975,4.11044216156006
Bubo nipalensis,1975,4.95908880233765
Bucanetes mongolicus,1975,3.32446599006653
Butastur indicus,1975,3.34791874885559
Cacomantis merulinus,1975,6.86477851867676
Calandrella brachydactyla,1975,3.38757157325745
Calliope obscura,1975,4.19110488891602
Caprimulgus macrurus,1975,7.30599880218506
Carpodacus roborowskii,1975,1.05216503143311
Carpodacus vinaceus,1975,5.35841608047485
Cecropis daurica,1975,4.42635536193848
Centropus bengalensis,1975,6.71390390396118
Cephalopyrus flammiceps,1975,4.90962409973145
Certhia familiaris,1975,3.18381714820862
Certhia himalayana,1975,4.45820903778076
Certhia tianquanensis,1975,4.09928607940674
Ceryle rudis,1975,6.46711015701294
Cettia brunnifrons,1975,4.37490701675415
Cettia castaneocoronata,1975,5.09878778457642
Chalcophaps indica,1975,7.15387439727783
Charadrius atrifrons,1975,1.99819660186768
Charadrius dealbatus,1975,7.63226222991943
Charadrius placidus,1975,3.92696666717529
Charadrius veredus,1975,2.62402749061584
Chlidonias leucopterus,1975,3.1357307434082
Chlidonias niger,1975,2.73965644836426
Chloris ambigua,1975,5.50119161605835
Chloris sinica,1975,4.66333246231079
Chrysolophus pictus,1975,5.16360950469971
Ciconia boyciana,1975,3.25411534309387
Ciconia nigra,1975,3.55429363250732
Circaetus gallicus,1975,3.55370688438416
Circus macrourus,1975,2.56730055809021
Circus spilonotus,1975,2.6820764541626
Cisticola exilis,1975,6.64731645584106
Cisticola juncidis,1975,6.05957078933716
Clamator coromandus,1975,6.2029013633728
Clanga clanga,1975,2.76666164398193
Columba oenas,1975,2.51412701606751
Copsychus saularis,1975,6.13757181167603
Coracias garrulus,1975,2.46774220466614
Coturnicops exquisitus,1975,2.37732839584351
Crex crex,1975,2.45296716690064
Crossoptilon mantchuricum,1975,4.1239275932312
Curruca curruca,1975,3.14957046508789
Cyanistes cyanus,1975,2.40858101844788
Cyanoderma pyrrhops,1975,4.91202402114868
Cygnus cygnus,1975,2.72079658508301
Cygnus olor,1975,2.70354962348938
Cyornis glaucicomans,1975,5.86802101135254
Cyornis hainanus,1975,7.39154481887817
Cyornis rubeculoides,1975,6.25825309753418
Delichon dasypus,1975,3.85283398628235
Dendrocitta formosae,1975,6.33987045288086
Dendrocopos hyperythrus,1975,4.2148380279541
Dendrocygna javanica,1975,6.56482553482056
Dicaeum cruentatum,1975,6.75719690322876
Dicaeum ignipectus,1975,5.97285175323486
Dicaeum minullum,1975,5.77249622344971
Dicrurus annectens,1975,6.99660587310791
Dicrurus hottentottus,1975,5.8001012802124
Dicrurus remifer,1975,6.44052219390869
Egretta eulophotes,1975,4.62199211120606
Egretta garzetta,1975,5.25874853134155
Elachura formosa,1975,6.04071140289307
Elanus caeruleus,1975,7.06825828552246
Emberiza buchanani,1975,2.23022150993347
Emberiza citrinella,1975,2.28672361373901
Emberiza elegans,1975,4.38092422485352
Emberiza godlewskii,1975,3.23013830184937
Emberiza hortulana,1975,2.87747836112976
Emberiza leucocephalos,1975,2.16661286354065
Emberiza pallasi,1975,1.65037679672241
Emberiza pusilla,1975,2.96500182151794
Emberiza rustica,1975,0.854876041412354
Emberiza siemsseni,1975,4.55773019790649
Emberiza yessoensis,1975,3.00862407684326
Enicurus leschenaulti,1975,5.80621767044067
Enicurus maculatus,1975,6.42370128631592
Enicurus schistaceus,1975,6.36541080474854
Erpornis zantholeuca,1975,6.54283571243286
Erythrogenys hypoleucos,1975,7.02355909347534
Eudynamys scolopaceus,1975,6.14090824127197
Eumyias thalassinus,1975,5.65485048294067
Falco cherrug,1975,2.71369552612305
Falco severus,1975,6.5084400177002
Ficedula albicilla,1975,1.74262976646423
Ficedula elisae,1975,4.02061557769775
Ficedula erithacus,1975,3.95452857017517
Ficedula hyperythra,1975,6.07585144042969
Ficedula mugimaki,1975,2.89602422714233
Ficedula strophiata,1975,5.32753467559815
Ficedula superciliaris,1975,3.39382743835449
Ficedula tricolor,1975,5.02377986907959
Fringilla coelebs,1975,1.04882180690765
Fringilla montifringilla,1975,1.32884395122528
Galerida cristata,1975,3.73048806190491
Gallicrex cinerea,1975,5.56016874313355
Garrulax maesi,1975,6.32918500900269
Garrulax monileger,1975,6.85530138015747
Gavia arctica,1975,2.65230512619019
Gelochelidon nilotica,1975,4.04599952697754
Geokichla citrina,1975,6.47665596008301
Glaucidium cuculoides,1975,6.24805402755737
Gorsachius melanolophus,1975,7.4431471824646
Gracupica nigricollis,1975,6.55729341506958
Grandala coelicolor,1975,2.12351226806641
Grus japonensis,1975,2.99581575393677
Grus monacha,1975,2.40179061889648
Grus nigricollis,1975,1.30532956123352
Gypaetus barbatus,1975,2.25172233581543
Gyps himalayensis,1975,2.34050250053406
Halcyon coromanda,1975,4.506178855896
Halcyon pileata,1975,5.5308632850647
Halcyon smyrnensis,1975,7.469078540802
Haliaeetus leucoryphus,1975,5.57197570800781
Harpactes wardi,1975,4.31141662597656
Helopsaltes certhiola,1975,3.22716808319092
Helopsaltes pryeri,1975,3.9286413192749
Hemiprocne coronata,1975,6.26404857635498
Hemitesia pallidipes,1975,6.27019834518433
Hemixos castanonotus,1975,6.85792016983032
Heterophasia desgodinsi,1975,5.94739055633545
Heteroxenicus stellatus,1975,4.74224805831909
Hieraaetus pennatus,1975,1.84125530719757
Hierococcyx nisicolor,1975,6.33570766448975
Hirundapus caudacutus,1975,3.10946726799011
Hirundo rustica,1975,3.72326731681824
Histrionicus histrionicus,1975,2.95711207389832
Hydrocoloeus minutus,1975,4.25013971328735
Hydrophasianus chirurgus,1975,6.33158206939697
Hydroprogne caspia,1975,5.50245809555054
Hypothymis azurea,1975,6.40686178207398
Hypsipetes leucocephalus,1975,5.85761404037476
Ianthocincla lunulata,1975,4.68629789352417
Ibidorhyncha struthersii,1975,2.72087407112122
Ictinaetus malaiensis,1975,6.52316379547119
Iduna caligata,1975,2.52882504463196
Indicator xanthonotus,1975,5.1557993888855
Ixobrychus cinnamomeus,1975,5.92011260986328
Ixobrychus eurhythmus,1975,4.60861873626709
Ixobrychus minutus,1975,2.9252462387085
Ixos mcclellandii,1975,6.46538162231445
Ketupa flavipes,1975,6.32836198806763
Lalage melaschistos,1975,5.75396633148193
Lanius borealis,1975,2.44350743293762
Lanius collurioides,1975,6.73205137252808
Lanius isabellinus,1975,3.10278367996216
Lanius schach,1975,5.62595319747925
Lanius sphenocercus,1975,3.20847296714783
Lanius tephronotus,1975,3.18433570861816
Larus crassirostris,1975,5.98504114151001
Larvivora brunnea,1975,3.80797624588013
Larvivora cyane,1975,2.5798830986023
Leptopoecile elegans,1975,2.339679479599
Leptoptilos javanicus,1975,6.33115577697754
Limnodromus semipalmatus,1975,2.49841547012329
Limosa limosa,1975,2.49994850158691
Linaria cannabina,1975,2.96501660346985
Locustella davidi,1975,2.59012770652771
Locustella mandelli,1975,6.30424070358276
Lonchura striata,1975,6.57299852371216
Lophotriorchis kienerii,1975,7.49773168563843
Lophura leucomelanos,1975,4.7285099029541
Lophura nycthemera,1975,6.6944751739502
Loxia curvirostra,1975,2.57186889648438
Macropygia unchall,1975,6.12473487854004
Mareca falcata,1975,2.28018069267273
Megaceryle lugubris,1975,5.87785291671753
Melanitta fusca,1975,2.17954206466675
Melanitta stejnegeri,1975,1.28983557224274
Melanochlora sultanea,1975,6.61644554138184
Mergus serrator,1975,2.66643404960632
Merops philippinus,1975,6.64421367645264
Mixornis gularis,1975,6.2502760887146
Monticola gularis,1975,2.92119979858398
Monticola rufiventris,1975,5.89708709716797
Monticola solitarius,1975,4.82979106903076
Motacilla citreola,1975,2.59019184112549
Moupinia poecilotis,1975,3.62989568710327
Muscicapa dauurica,1975,2.74931955337524
Muscicapa ferruginea,1975,5.22467374801636
Muscicapa muttui,1975,6.23353147506714
Mycerobas affinis,1975,3.29978060722351
Mycerobas carnipes,1975,2.63287353515625
Myiomela leucura,1975,5.82126379013062
Myophonus caeruleus,1975,5.1927638053894
Netta rufina,1975,3.14510774612427
Niltava davidi,1975,6.17487478256226
Niltava grandis,1975,5.9640645980835
Niltava macgrigoriae,1975,6.34707593917847
Niltava sundara,1975,4.92876577377319
Ninox japonica,1975,4.94822788238525
Nipponia nippon,1975,5.36643075942993
Nisaetus nipalensis,1975,6.07558012008667
Numenius madagascariensis,1975,2.54847812652588
Nycticorax nycticorax,1975,5.72429513931274
Oenanthe deserti,1975,2.70239400863647
Oenanthe oenanthe,1975,3.16294360160828
Onychoprion anaethetus,1975,7.25146722793579
Oriolus oriolus,1975,2.77150416374207
Otus lettia,1975,6.43523263931274
Otus semitorques,1975,4.10297155380249
Otus spilocephalus,1975,6.2094349861145
Oxyura leucocephala,1975,3.47557902336121
Panurus biarmicus,1975,3.10460638999939
Paradoxornis guttaticollis,1975,6.23055696487427
Paradoxornis heudei,1975,5.186851978302
Parayuhina diademata,1975,5.34050416946411
Pardaliparus venustulus,1975,5.46612548828125
Parus monticolus,1975,5.25576543807983
Passer cinnamomeus,1975,5.27874088287354
Passer domesticus,1975,2.36853575706482
Passer hispaniolensis,1975,3.09056663513184
Pelecanus crispus,1975,2.11958289146423
Pellorneum tickelli,1975,6.74714040756226
Perdix hodgsoniae,1975,1.65674674510956
Pericrocotus cantonensis,1975,6.17358493804932
Pericrocotus divaricatus,1975,2.9645459651947
Pericrocotus ethologus,1975,4.60521459579468
Pericrocotus solaris,1975,6.53916072845459
Periparus rubidiventris,1975,2.34639048576355
Pernis ptilorhynchus,1975,3.16181612014771
Phasianus colchicus,1975,4.22980213165283
Phoenicurus erythronotus,1975,3.13936257362366
Phoenicurus frontalis,1975,3.26115036010742
Phoenicurus leucocephalus,1975,3.99580693244934
Phoenicurus ochruros,1975,2.84131455421448
Phoenicurus schisticeps,1975,2.87380170822144
Phylloscopus affinis,1975,3.40616130828857
Phylloscopus burkii,1975,2.7825186252594
Phylloscopus cantator,1975,5.97947454452515
Phylloscopus castaniceps,1975,6.07935333251953
Phylloscopus claudiae,1975,4.55029535293579
Phylloscopus coronatus,1975,3.89662957191467
Phylloscopus emeiensis,1975,5.17390823364258
Phylloscopus intermedius,1975,5.60360383987427
Phylloscopus magnirostris,1975,3.72031569480896
Phylloscopus ogilviegranti,1975,6.49970006942749
Phylloscopus omeiensis,1975,4.65187740325928
Phylloscopus pulcher,1975,4.08480453491211
Phylloscopus ricketti,1975,5.89085388183594
Phylloscopus soror,1975,5.47640752792358
Phylloscopus subaffinis,1975,4.94132232666016
Phylloscopus tenellipes,1975,3.41907739639282
Phylloscopus tephrocephalus,1975,5.0822548866272
Phylloscopus yunnanensis,1975,4.08240461349487
Picumnus innominatus,1975,5.90863180160523
Picus chlorolophus,1975,6.66290473937988
Pitta nympha,1975,6.40003442764282
Platalea minor,1975,4.58731842041016
Pnoepyga immaculata,1975,3.52131175994873
Podiceps auritus,1975,2.16994452476501
Podiceps grisegena,1975,2.72731304168701
Podiceps nigricollis,1975,3.08475708961487
Podoces biddulphi,1975,4.84836959838867
Pomatorhinus schisticeps,1975,6.33517694473267
Pomatorhinus superciliaris,1975,5.96443891525269
Prinia atrogularis,1975,5.52251768112183
Prinia flaviventris,1975,6.82443046569824
Prinia inornata,1975,6.50452470779419
Prunella collaris,1975,2.31170296669006
Prunella himalayana,1975,1.83097755908966
Prunella immaculata,1975,2.71602725982666
Prunella montanella,1975,1.22825658321381
Prunella strophiata,1975,3.25974321365356
Psarisomus dalhousiae,1975,6.36182832717896
Pseudopodoces humilis,1975,1.47141492366791
Psilopogon faber,1975,6.85746192932129
Psilopogon virens,1975,6.18345403671265
Pterorhinus berthemyi,1975,6.04937887191773
Pterorhinus lanceolatus,1975,5.58460283279419
Pterorhinus pectoralis,1975,6.18138456344605
Pterorhinus sannio,1975,6.19270992279053
Pteruthius rufiventer,1975,5.50490856170654
Pteruthius xanthochlorus,1975,4.67645215988159
Ptyonoprogne rupestris,1975,3.40650081634522
Pycnonotus aurigaster,1975,6.48645114898682
Pycnonotus jocosus,1975,6.62161111831665
Pycnonotus sinensis,1975,5.84710788726807
Pycnonotus xanthorrhous,1975,5.7959246635437
Pyrrhula erythaca,1975,4.34251165390015
Pyrrhula nipalensis,1975,5.78720474243164
Rallina eurizonoides,1975,7.08640813827515
Rallus aquaticus,1975,2.6140148639679
Recurvirostra avosetta,1975,2.5748245716095
Regulus regulus,1975,3.88187527656555
Remiz consobrinus,1975,3.13371682167053
Remiz coronatus,1975,2.67180943489075
Rhodospiza obsoleta,1975,3.2770619392395
Rubigula flaviventris,1975,6.74662685394287
Sasia ochracea,1975,6.81474590301514
Saxicola ferreus,1975,5.74243450164795
Sitta cinnamoventris,1975,6.34143972396851
Sitta formosa,1975,6.06220817565918
Sitta villosa,1975,3.63477206230164
Sittiparus varius,1975,3.67741513252258
Spilopelia chinensis,1975,5.78763055801392
Spilopelia senegalensis,1975,2.99232196807861
Spilornis cheela,1975,6.43068504333496
Spinus spinus,1975,2.208904504776
Spizixos semitorques,1975,6.06250524520874
Spodiopsar cineraceus,1975,3.27934646606445
Spodiopsar sericeus,1975,6.42297887802124
Stachyris humei,1975,5.45784711837769
Staphida torqueola,1975,6.39876365661621
Streptopelia decaocto,1975,3.92422795295715
Sturnia sinensis,1975,6.84332752227783
Sturnus vulgaris,1975,3.26869201660156
Suthora fulvifrons,1975,4.38656187057495
Syrmaticus humiae,1975,6.30582618713379
Syrmaticus reevesii,1975,5.64498615264893
Syrrhaptes paradoxus,1975,3.20514941215515
Tarsiger chrysaeus,1975,3.91186213493347
Tarsiger indicus,1975,4.45707035064697
Temnurus temnurus,1975,7.98008537292481
Tephrodornis virgatus,1975,6.93955755233765
Thalasseus bergii,1975,7.61636447906494
Timalia pileata,1975,6.86236095428467
Tragopan caboti,1975,6.70512294769287
Tragopan temminckii,1975,5.24732780456543
Treron curvirostra,1975,6.74758243560791
Treron sieboldii,1975,6.51534128189087
Treron sphenurus,1975,5.705078125
Turdus boulboul,1975,6.40673542022705
Turdus cardis,1975,5.80197811126709
Turdus feae,1975,3.98813438415527
Turdus mandarinus,1975,5.76697587966919
Turdus pilaris,1975,1.84664177894592
Turdus rubrocanus,1975,3.53610515594482
Turdus ruficollis,1975,2.75895690917969
Turdus viscivorus,1975,3.17022442817688
Turnix suscitator,1975,6.546471118927
Tyto longimembris,1975,6.51416969299316
Urile pelagicus,1975,4.83260440826416
Urosphena squameiceps,1975,3.16221690177918
Vanellus cinereus,1975,3.26486587524414
Vanellus indicus,1975,6.48430299758911
Vanellus vanellus,1975,2.95100593566895
Yuhina nigrimenta,1975,5.84090852737427
Zoothera dixoni,1975,4.89822673797607
Zoothera mollissima,1975,2.84236240386963
Zoothera monticola,1975,5.28564548492432
Zosterops erythropleurus,1975,3.4447774887085
Abroscopus albogularis,1976,6.28176641464233
Accipiter gularis,1976,2.60175323486328
Accipiter soloensis,1976,5.58410024642944
Accipiter trivirgatus,1976,7.12646198272705
Accipiter virgatus,1976,5.74808263778687
Acridotheres cristatellus,1976,6.01833486557007
Acridotheres tristis,1976,5.2646222114563
Acrocephalus agricola,1976,3.63252305984497
Acrocephalus bistrigiceps,1976,3.60469889640808
Acrocephalus concinens,1976,5.26839399337769
Acrocephalus orientalis,1976,3.70351767539978
Acrocephalus tangorum,1976,2.95293045043945
Aegithalos bonvaloti,1976,3.95069408416748
Aegithalos caudatus,1976,2.50456166267395
Aegithalos concinnus,1976,5.9213457107544
Aegithalos fuliginosus,1976,4.39774894714355
Aerodramus brevirostris,1976,5.39754724502564
Aethopyga christinae,1976,7.96414136886597
Aethopyga gouldiae,1976,4.74371814727783
Agropsar sturninus,1976,3.13490462303162
Aix galericulata,1976,2.87770986557007
Alauda gulgula,1976,4.30520343780518
Alaudala cheleensis,1976,3.17555999755859
Alcedo hercules,1976,6.90601348876953
Alcippe morrisonia,1976,6.0338978767395
Amaurornis phoenicurus,1976,5.93961572647095
Anastomus oscitans,1976,6.008629322052
Anser anser,1976,2.5829861164093
Anser fabalis,1976,1.88819360733032
Anser indicus,1976,2.19506740570068
Anthus godlewskii,1976,2.26036524772644
Anthus gustavi,1976,2.69225740432739
Anthus richardi,1976,4.00956678390503
Anthus roseatus,1976,2.85193705558777
Anthus trivialis,1976,2.43222737312317
Aquila fasciata,1976,6.74075746536255
Aquila heliaca,1976,2.13188290596008
Ardea intermedia,1976,6.1757869720459
Ardea purpurea,1976,5.36606168746948
Ardenna pacifica,1976,7.31949996948242
Artamus fuscus,1976,7.03175067901611
Asio flammeus,1976,2.11599588394165
Athene noctua,1976,2.88742399215698
Aviceda jerdoni,1976,7.20115900039673
Aviceda leuphotes,1976,5.9401159286499
Aythya fuligula,1976,2.17305254936218
Aythya nyroca,1976,2.82578015327454
Bombycilla japonica,1976,1.26946794986725
Branta canadensis,1976,3.82578468322754
Bubo nipalensis,1976,4.87655735015869
Bucanetes mongolicus,1976,3.18973875045776
Butastur indicus,1976,2.98142671585083
Cacomantis merulinus,1976,6.74810552597046
Calandrella brachydactyla,1976,3.30279183387756
Calliope obscura,1976,4.04699087142944
Caprimulgus macrurus,1976,7.23248338699341
Carpodacus roborowskii,1976,0.970266997814178
Carpodacus vinaceus,1976,5.23742628097534
Cecropis daurica,1976,4.23162031173706
Centropus bengalensis,1976,6.58222389221191
Cephalopyrus flammiceps,1976,4.83346557617188
Certhia familiaris,1976,2.93925285339355
Certhia himalayana,1976,4.34914207458496
Certhia tianquanensis,1976,3.94978713989258
Ceryle rudis,1976,6.34401750564575
Cettia brunnifrons,1976,4.27458238601685
Cettia castaneocoronata,1976,5.00369167327881
Chalcophaps indica,1976,7.04439926147461
Charadrius atrifrons,1976,1.93949973583221
Charadrius dealbatus,1976,7.47792959213257
Charadrius placidus,1976,3.63261890411377
Charadrius veredus,1976,2.29502201080322
Chlidonias leucopterus,1976,2.83267784118652
Chlidonias niger,1976,2.65746426582336
Chloris ambigua,1976,5.41987276077271
Chloris sinica,1976,4.45081472396851
Chrysolophus pictus,1976,5.02448177337647
Ciconia boyciana,1976,2.86849856376648
Ciconia nigra,1976,3.34178400039673
Circaetus gallicus,1976,3.44171333312988
Circus macrourus,1976,2.47557258605957
Circus spilonotus,1976,2.30212306976318
Cisticola exilis,1976,6.52425527572632
Cisticola juncidis,1976,5.90938329696655
Clamator coromandus,1976,6.0713996887207
Clanga clanga,1976,2.39619922637939
Columba oenas,1976,2.43066644668579
Copsychus saularis,1976,6.00849771499634
Coracias garrulus,1976,2.37487530708313
Coturnicops exquisitus,1976,1.97432219982147
Crex crex,1976,2.35448694229126
Crossoptilon mantchuricum,1976,3.90796327590942
Curruca curruca,1976,3.07093095779419
Cyanistes cyanus,1976,2.14409947395325
Cyanoderma pyrrhops,1976,4.9110426902771
Cygnus cygnus,1976,2.41593933105469
Cygnus olor,1976,2.54819679260254
Cyornis glaucicomans,1976,5.73087596893311
Cyornis hainanus,1976,7.2518835067749
Cyornis rubeculoides,1976,6.260986328125
Delichon dasypus,1976,3.73174214363098
Dendrocitta formosae,1976,6.21521329879761
Dendrocopos hyperythrus,1976,4.09870862960815
Dendrocygna javanica,1976,6.43638467788696
Dicaeum cruentatum,1976,6.62575817108154
Dicaeum ignipectus,1976,5.8490104675293
Dicaeum minullum,1976,5.64869451522827
Dicrurus annectens,1976,6.92447471618652
Dicrurus hottentottus,1976,5.66588973999023
Dicrurus remifer,1976,6.37732362747192
Egretta eulophotes,1976,4.3021035194397
Egretta garzetta,1976,5.13667821884155
Elachura formosa,1976,5.95932102203369
Elanus caeruleus,1976,6.91078758239746
Emberiza buchanani,1976,2.14164662361145
Emberiza citrinella,1976,2.24934458732605
Emberiza elegans,1976,4.1285548210144
Emberiza godlewskii,1976,3.06434607505798
Emberiza hortulana,1976,2.81913495063782
Emberiza leucocephalos,1976,1.92300069332123
Emberiza pallasi,1976,1.27052855491638
Emberiza pusilla,1976,2.55900382995605
Emberiza rustica,1976,0.84657096862793
Emberiza siemsseni,1976,4.41802072525024
Emberiza yessoensis,1976,2.65727019309998
Enicurus leschenaulti,1976,5.68095541000366
Enicurus maculatus,1976,6.30805253982544
Enicurus schistaceus,1976,6.2376971244812
Erpornis zantholeuca,1976,6.4196949005127
Erythrogenys hypoleucos,1976,6.93231964111328
Eudynamys scolopaceus,1976,6.01099538803101
Eumyias thalassinus,1976,5.53647422790527
Falco cherrug,1976,2.61749386787415
Falco severus,1976,6.41025400161743
Ficedula albicilla,1976,1.33512032032013
Ficedula elisae,1976,3.78175258636475
Ficedula erithacus,1976,3.85722064971924
Ficedula hyperythra,1976,5.9706072807312
Ficedula mugimaki,1976,2.51844000816345
Ficedula strophiata,1976,5.21313858032227
Ficedula superciliaris,1976,3.33575034141541
Ficedula tricolor,1976,4.91552686691284
Fringilla coelebs,1976,1.04737365245819
Fringilla montifringilla,1976,1.31163001060486
Galerida cristata,1976,3.54888582229614
Gallicrex cinerea,1976,5.38816213607788
Garrulax maesi,1976,6.18788528442383
Garrulax monileger,1976,6.72121143341065
Gavia arctica,1976,2.49474358558655
Gelochelidon nilotica,1976,3.86270666122437
Geokichla citrina,1976,6.3533353805542
Glaucidium cuculoides,1976,6.11996793746948
Gorsachius melanolophus,1976,7.31739521026611
Gracupica nigricollis,1976,6.42833518981934
Grandala coelicolor,1976,2.05022215843201
Grus japonensis,1976,2.60547995567322
Grus monacha,1976,1.99342668056488
Grus nigricollis,1976,1.28699636459351
Gypaetus barbatus,1976,2.19393515586853
Gyps himalayensis,1976,2.27595543861389
Halcyon coromanda,1976,4.28718137741089
Halcyon pileata,1976,5.3701696395874
Halcyon smyrnensis,1976,7.30884075164795
Haliaeetus leucoryphus,1976,5.5783224105835
Harpactes wardi,1976,4.30338525772095
Helopsaltes certhiola,1976,3.02707290649414
Helopsaltes pryeri,1976,3.6259777545929
Hemiprocne coronata,1976,6.24271059036255
Hemitesia pallidipes,1976,6.22653675079346
Hemixos castanonotus,1976,6.70505142211914
Heterophasia desgodinsi,1976,5.84123277664185
Heteroxenicus stellatus,1976,4.68240118026733
Hieraaetus pennatus,1976,1.60504770278931
Hierococcyx nisicolor,1976,6.21299123764038
Hirundapus caudacutus,1976,2.86779308319092
Hirundo rustica,1976,3.57582020759583
Histrionicus histrionicus,1976,2.5837037563324
Hydrocoloeus minutus,1976,4.12737894058228
Hydrophasianus chirurgus,1976,6.20693731307983
Hydroprogne caspia,1976,5.34041595458984
Hypothymis azurea,1976,6.28970861434937
Hypsipetes leucocephalus,1976,5.73881006240845
Ianthocincla lunulata,1976,4.55034971237183
Ibidorhyncha struthersii,1976,2.62625098228455
Ictinaetus malaiensis,1976,6.39824056625366
Iduna caligata,1976,2.48281741142273
Indicator xanthonotus,1976,5.16109228134155
Ixobrychus cinnamomeus,1976,5.76563215255737
Ixobrychus eurhythmus,1976,4.3524284362793
Ixobrychus minutus,1976,2.84145307540894
Ixos mcclellandii,1976,6.33813142776489
Ketupa flavipes,1976,6.19410800933838
Lalage melaschistos,1976,5.61893081665039
Lanius borealis,1976,2.230064868927
Lanius collurioides,1976,6.61834907531738
Lanius isabellinus,1976,2.96845984458923
Lanius schach,1976,5.5057520866394
Lanius sphenocercus,1976,2.88924980163574
Lanius tephronotus,1976,3.08930850028992
Larus crassirostris,1976,5.78858041763306
Larvivora brunnea,1976,3.7101776599884
Larvivora cyane,1976,2.19870781898499
Leptopoecile elegans,1976,2.24259185791016
Leptoptilos javanicus,1976,6.25309467315674
Limnodromus semipalmatus,1976,2.10106682777405
Limosa limosa,1976,2.21024560928345
Linaria cannabina,1976,2.88844466209412
Locustella davidi,1976,2.19085907936096
Locustella mandelli,1976,6.17185211181641
Lonchura striata,1976,6.44138193130493
Lophotriorchis kienerii,1976,7.41701316833496
Lophura leucomelanos,1976,4.72041320800781
Lophura nycthemera,1976,6.58893013000488
Loxia curvirostra,1976,2.34478998184204
Macropygia unchall,1976,6.00305128097534
Mareca falcata,1976,1.87533915042877
Megaceryle lugubris,1976,5.72806262969971
Melanitta fusca,1976,2.18745708465576
Melanitta stejnegeri,1976,0.851900279521942
Melanochlora sultanea,1976,6.54273128509522
Mergus serrator,1976,2.28046631813049
Merops philippinus,1976,6.54505491256714
Mixornis gularis,1976,6.19453477859497
Monticola gularis,1976,2.54710674285889
Monticola rufiventris,1976,5.77622795104981
Monticola solitarius,1976,4.65845108032227
Motacilla citreola,1976,2.49903464317322
Moupinia poecilotis,1976,3.49662756919861
Muscicapa dauurica,1976,2.37018418312073
Muscicapa ferruginea,1976,5.11615133285523
Muscicapa muttui,1976,6.11383104324341
Mycerobas affinis,1976,3.21394920349121
Mycerobas carnipes,1976,2.55456876754761
Myiomela leucura,1976,5.70674896240234
Myophonus caeruleus,1976,5.0662088394165
Netta rufina,1976,3.0600962638855
Niltava davidi,1976,6.03971862792969
Niltava grandis,1976,5.93896675109863
Niltava macgrigoriae,1976,6.26581382751465
Niltava sundara,1976,4.83150863647461
Ninox japonica,1976,4.71859121322632
Nipponia nippon,1976,5.21811580657959
Nisaetus nipalensis,1976,5.97031307220459
Numenius madagascariensis,1976,2.16769456863403
Nycticorax nycticorax,1976,5.55308675765991
Oenanthe deserti,1976,2.63463068008423
Oenanthe oenanthe,1976,2.95776748657227
Onychoprion anaethetus,1976,7.15359163284302
Oriolus oriolus,1976,2.68426275253296
Otus lettia,1976,6.30755996704102
Otus semitorques,1976,3.8248188495636
Otus spilocephalus,1976,6.08721923828125
Oxyura leucocephala,1976,3.40319275856018
Panurus biarmicus,1976,2.95249128341675
Paradoxornis guttaticollis,1976,6.1027398109436
Paradoxornis heudei,1976,4.95696544647217
Parayuhina diademata,1976,5.2272629737854
Pardaliparus venustulus,1976,5.30481958389282
Parus monticolus,1976,5.133957862854
Passer cinnamomeus,1976,5.1378116607666
Passer domesticus,1976,2.16456437110901
Passer hispaniolensis,1976,2.98473191261292
Pelecanus crispus,1976,2.08847117424011
Pellorneum tickelli,1976,6.69108104705811
Perdix hodgsoniae,1976,1.6093475818634
Pericrocotus cantonensis,1976,6.03347015380859
Pericrocotus divaricatus,1976,2.62418031692505
Pericrocotus ethologus,1976,4.48117733001709
Pericrocotus solaris,1976,6.41570377349854
Periparus rubidiventris,1976,2.25080871582031
Pernis ptilorhynchus,1976,2.84813714027405
Phasianus colchicus,1976,4.02445936203003
Phoenicurus erythronotus,1976,3.05709171295166
Phoenicurus frontalis,1976,3.16569757461548
Phoenicurus leucocephalus,1976,3.88859128952026
Phoenicurus ochruros,1976,2.76535773277283
Phoenicurus schisticeps,1976,2.7754533290863
Phylloscopus affinis,1976,3.31025457382202
Phylloscopus burkii,1976,2.78308725357056
Phylloscopus cantator,1976,5.96110343933106
Phylloscopus castaniceps,1976,5.96911954879761
Phylloscopus claudiae,1976,4.38315010070801
Phylloscopus coronatus,1976,3.61835551261902
Phylloscopus emeiensis,1976,5.03094100952148
Phylloscopus intermedius,1976,5.51580095291138
Phylloscopus magnirostris,1976,3.62749171257019
Phylloscopus ogilviegranti,1976,6.36579179763794
Phylloscopus omeiensis,1976,4.50814437866211
Phylloscopus pulcher,1976,3.99383902549744
Phylloscopus ricketti,1976,5.75294303894043
Phylloscopus soror,1976,5.33325672149658
Phylloscopus subaffinis,1976,4.81336498260498
Phylloscopus tenellipes,1976,3.06632161140442
Phylloscopus tephrocephalus,1976,4.9669680595398
Phylloscopus yunnanensis,1976,3.89659833908081
Picumnus innominatus,1976,5.78441572189331
Picus chlorolophus,1976,6.58149528503418
Pitta nympha,1976,6.25625848770142
Platalea minor,1976,4.24023580551147
Pnoepyga immaculata,1976,3.52381801605225
Podiceps auritus,1976,1.97487187385559
Podiceps grisegena,1976,2.39181566238403
Podiceps nigricollis,1976,2.77837824821472
Podoces biddulphi,1976,4.7980055809021
Pomatorhinus schisticeps,1976,6.34615898132324
Pomatorhinus superciliaris,1976,5.95267534255981
Prinia atrogularis,1976,5.53282451629639
Prinia flaviventris,1976,6.78467130661011
Prinia inornata,1976,6.37175559997559
Prunella collaris,1976,2.18369579315186
Prunella himalayana,1976,1.7541971206665
Prunella immaculata,1976,2.61216568946838
Prunella montanella,1976,0.890559792518616
Prunella strophiata,1976,3.16267371177673
Psarisomus dalhousiae,1976,6.33047437667847
Pseudopodoces humilis,1976,1.43167233467102
Psilopogon faber,1976,6.71639823913574
Psilopogon virens,1976,6.06101989746094
Pterorhinus berthemyi,1976,5.90625953674316
Pterorhinus lanceolatus,1976,5.45509052276611
Pterorhinus pectoralis,1976,6.04869937896729
Pterorhinus sannio,1976,6.06342077255249
Pteruthius rufiventer,1976,5.49216318130493
Pteruthius xanthochlorus,1976,4.58258199691773
Ptyonoprogne rupestris,1976,3.28722238540649
Pycnonotus aurigaster,1976,6.35657501220703
Pycnonotus jocosus,1976,6.50957298278809
Pycnonotus sinensis,1976,5.68378067016602
Pycnonotus xanthorrhous,1976,5.67301654815674
Pyrrhula erythaca,1976,4.22428417205811
Pyrrhula nipalensis,1976,5.67032051086426
Rallina eurizonoides,1976,7.01268291473389
Rallus aquaticus,1976,2.5640082359314
Recurvirostra avosetta,1976,2.28114080429077
Regulus regulus,1976,3.7486720085144
Remiz consobrinus,1976,2.7762987613678
Remiz coronatus,1976,2.54674601554871
Rhodospiza obsoleta,1976,3.17767643928528
Rubigula flaviventris,1976,6.67438745498657
Sasia ochracea,1976,6.75678014755249
Saxicola ferreus,1976,5.62256097793579
Sitta cinnamoventris,1976,6.2930178642273
Sitta formosa,1976,6.03242635726929
Sitta villosa,1976,3.42458605766296
Sittiparus varius,1976,3.36173295974731
Spilopelia chinensis,1976,5.64475297927856
Spilopelia senegalensis,1976,2.90686392784119
Spilornis cheela,1976,6.31070852279663
Spinus spinus,1976,1.80041480064392
Spizixos semitorques,1976,5.92542934417725
Spodiopsar cineraceus,1976,3.00055146217346
Spodiopsar sericeus,1976,6.28306150436401
Stachyris humei,1976,5.47018909454346
Staphida torqueola,1976,6.26325607299805
Streptopelia decaocto,1976,3.78278994560242
Sturnia sinensis,1976,6.68624925613403
Sturnus vulgaris,1976,3.19148111343384
Suthora fulvifrons,1976,4.29268264770508
Syrmaticus humiae,1976,6.24428176879883
Syrmaticus reevesii,1976,5.49689769744873
Syrrhaptes paradoxus,1976,2.96664762496948
Tarsiger chrysaeus,1976,3.83317184448242
Tarsiger indicus,1976,4.37445116043091
Temnurus temnurus,1976,7.83752107620239
Tephrodornis virgatus,1976,6.79094314575195
Thalasseus bergii,1976,7.45470237731934
Timalia pileata,1976,6.75308799743652
Tragopan caboti,1976,6.53377342224121
Tragopan temminckii,1976,5.12860631942749
Treron curvirostra,1976,6.68602228164673
Treron sieboldii,1976,6.37794399261475
Treron sphenurus,1976,5.62684535980225
Turdus boulboul,1976,6.33767938613892
Turdus cardis,1976,5.68283700942993
Turdus feae,1976,3.74931144714355
Turdus mandarinus,1976,5.62785243988037
Turdus pilaris,1976,1.50472223758698
Turdus rubrocanus,1976,3.42390942573547
Turdus ruficollis,1976,2.65265965461731
Turdus viscivorus,1976,3.08938431739807
Turnix suscitator,1976,6.43427705764771
Tyto longimembris,1976,6.36435508728027
Urile pelagicus,1976,4.52119493484497
Urosphena squameiceps,1976,2.84351372718811
Vanellus cinereus,1976,2.87584853172302
Vanellus indicus,1976,6.44505977630615
Vanellus vanellus,1976,2.65368747711182
Yuhina nigrimenta,1976,5.71788835525513
Zoothera dixoni,1976,4.81012296676636
Zoothera mollissima,1976,2.77401852607727
Zoothera monticola,1976,5.29481506347656
Zosterops erythropleurus,1976,3.08921527862549
Abroscopus albogularis,1977,6.45907068252564
Accipiter gularis,1977,2.62439107894897
Accipiter soloensis,1977,5.73352336883545
Accipiter trivirgatus,1977,7.26560688018799
Accipiter virgatus,1977,5.90834331512451
Acridotheres cristatellus,1977,6.18017196655273
Acridotheres tristis,1977,5.37131452560425
Acrocephalus agricola,1977,3.81767797470093
Acrocephalus bistrigiceps,1977,3.68599820137024
Acrocephalus concinens,1977,5.42157411575317
Acrocephalus orientalis,1977,3.795405626297
Acrocephalus tangorum,1977,2.98094844818115
Aegithalos bonvaloti,1977,4.00964736938477
Aegithalos caudatus,1977,2.52784180641174
Aegithalos concinnus,1977,6.08066129684448
Aegithalos fuliginosus,1977,4.58373928070068
Aerodramus brevirostris,1977,5.51056051254273
Aethopyga christinae,1977,8.21886253356934
Aethopyga gouldiae,1977,4.84805297851563
Agropsar sturninus,1977,3.23024129867554
Aix galericulata,1977,2.88068294525147
Alauda gulgula,1977,4.41662645339966
Alaudala cheleensis,1977,3.3160035610199
Alcedo hercules,1977,7.03195238113403
Alcippe morrisonia,1977,6.1983494758606
Amaurornis phoenicurus,1977,6.09823036193848
Anastomus oscitans,1977,6.13359785079956
Anser anser,1977,2.66623997688293
Anser fabalis,1977,1.83670127391815
Anser indicus,1977,2.29598832130432
Anthus godlewskii,1977,2.35232424736023
Anthus gustavi,1977,2.64028692245483
Anthus richardi,1977,4.15054988861084
Anthus roseatus,1977,2.95568561553955
Anthus trivialis,1977,2.63379788398743
Aquila fasciata,1977,6.96513223648071
Aquila heliaca,1977,2.25002026557922
Ardea intermedia,1977,6.33263492584229
Ardea purpurea,1977,5.51067113876343
Ardenna pacifica,1977,7.56892395019531
Artamus fuscus,1977,7.20533084869385
Asio flammeus,1977,2.16818523406982
Athene noctua,1977,2.99403429031372
Aviceda jerdoni,1977,7.30034685134888
Aviceda leuphotes,1977,6.10457754135132
Aythya fuligula,1977,2.17896008491516
Aythya nyroca,1977,3.01766633987427
Bombycilla japonica,1977,1.18246304988861
Branta canadensis,1977,3.98399257659912
Bubo nipalensis,1977,4.94208478927612
Bucanetes mongolicus,1977,3.38323163986206
Butastur indicus,1977,3.00149941444397
Cacomantis merulinus,1977,6.9164514541626
Calandrella brachydactyla,1977,3.50755476951599
Calliope obscura,1977,4.25770998001099
Caprimulgus macrurus,1977,7.34378004074097
Carpodacus roborowskii,1977,0.976467132568359
Carpodacus vinaceus,1977,5.39315176010132
Cecropis daurica,1977,4.34059047698975
Centropus bengalensis,1977,6.7604250907898
Cephalopyrus flammiceps,1977,4.89309406280518
Certhia familiaris,1977,3.05785918235779
Certhia himalayana,1977,4.45644855499268
Certhia tianquanensis,1977,4.11432027816772
Ceryle rudis,1977,6.49858522415161
Cettia brunnifrons,1977,4.35133504867554
Cettia castaneocoronata,1977,5.09270668029785
Chalcophaps indica,1977,7.21291017532349
Charadrius atrifrons,1977,2.02327156066895
Charadrius dealbatus,1977,7.72309446334839
Charadrius placidus,1977,3.71321797370911
Charadrius veredus,1977,2.40261006355286
Chlidonias leucopterus,1977,2.92337012290955
Chlidonias niger,1977,2.85124802589417
Chloris ambigua,1977,5.50327014923096
Chloris sinica,1977,4.58145332336426
Chrysolophus pictus,1977,5.19009780883789
Ciconia boyciana,1977,2.85971999168396
Ciconia nigra,1977,3.4789776802063
Circaetus gallicus,1977,3.63916659355164
Circus macrourus,1977,2.69145131111145
Circus spilonotus,1977,2.30955171585083
Cisticola exilis,1977,6.69471406936646
Cisticola juncidis,1977,6.07011365890503
Clamator coromandus,1977,6.23621892929077
Clanga clanga,1977,2.40291404724121
Columba oenas,1977,2.65100693702698
Copsychus saularis,1977,6.16646432876587
Coracias garrulus,1977,2.60001468658447
Coturnicops exquisitus,1977,1.93518817424774
Crex crex,1977,2.58305263519287
Crossoptilon mantchuricum,1977,4.0992603302002
Curruca curruca,1977,3.25962400436401
Cyanistes cyanus,1977,2.20642471313477
Cyanoderma pyrrhops,1977,4.89269876480103
Cygnus cygnus,1977,2.51412177085876
Cygnus olor,1977,2.70889711380005
Cyornis glaucicomans,1977,5.9131007194519
Cyornis hainanus,1977,7.46816825866699
Cyornis rubeculoides,1977,6.20503377914429
Delichon dasypus,1977,3.83215069770813
Dendrocitta formosae,1977,6.37182092666626
Dendrocopos hyperythrus,1977,4.10895919799805
Dendrocygna javanica,1977,6.60136079788208
Dicaeum cruentatum,1977,6.81094598770142
Dicaeum ignipectus,1977,6.00209379196167
Dicaeum minullum,1977,5.79685688018799
Dicrurus annectens,1977,7.03102207183838
Dicrurus hottentottus,1977,5.81758451461792
Dicrurus remifer,1977,6.45779895782471
Egretta eulophotes,1977,4.43469285964966
Egretta garzetta,1977,5.26734638214111
Elachura formosa,1977,6.0571174621582
Elanus caeruleus,1977,7.14352226257324
Emberiza buchanani,1977,2.35558533668518
Emberiza citrinella,1977,2.39979720115662
Emberiza elegans,1977,4.20847606658936
Emberiza godlewskii,1977,3.16147637367249
Emberiza hortulana,1977,2.98209810256958
Emberiza leucocephalos,1977,1.98913955688477
Emberiza pallasi,1977,1.27170741558075
Emberiza pusilla,1977,2.5646378993988
Emberiza rustica,1977,0.96022355556488
Emberiza siemsseni,1977,4.61201477050781
Emberiza yessoensis,1977,2.62116098403931
Enicurus leschenaulti,1977,5.83168888092041
Enicurus maculatus,1977,6.46482038497925
Enicurus schistaceus,1977,6.40717220306397
Erpornis zantholeuca,1977,6.59003400802612
Erythrogenys hypoleucos,1977,7.06200647354126
Eudynamys scolopaceus,1977,6.17003297805786
Eumyias thalassinus,1977,5.67547082901001
Falco cherrug,1977,2.74203896522522
Falco severus,1977,6.54494428634644
Ficedula albicilla,1977,1.285973072052
Ficedula elisae,1977,3.98077344894409
Ficedula erithacus,1977,3.92158460617065
Ficedula hyperythra,1977,6.10152912139893
Ficedula mugimaki,1977,2.53067231178284
Ficedula strophiata,1977,5.34855842590332
Ficedula superciliaris,1977,3.35881042480469
Ficedula tricolor,1977,5.0268120765686
Fringilla coelebs,1977,1.1593759059906
Fringilla montifringilla,1977,1.4353814125061
Galerida cristata,1977,3.71475100517273
Gallicrex cinerea,1977,5.53594541549683
Garrulax maesi,1977,6.38108444213867
Garrulax monileger,1977,6.91391801834106
Gavia arctica,1977,2.64529418945313
Gelochelidon nilotica,1977,4.02884912490845
Geokichla citrina,1977,6.51717185974121
Glaucidium cuculoides,1977,6.28266954421997
Gorsachius melanolophus,1977,7.52565574645996
Gracupica nigricollis,1977,6.60559415817261
Grandala coelicolor,1977,2.06763744354248
Grus japonensis,1977,2.55001091957092
Grus monacha,1977,1.83059227466583
Grus nigricollis,1977,1.31889426708221
Gypaetus barbatus,1977,2.28747916221619
Gyps himalayensis,1977,2.36046242713928
Halcyon coromanda,1977,4.33824777603149
Halcyon pileata,1977,5.53239059448242
Halcyon smyrnensis,1977,7.5550971031189
Haliaeetus leucoryphus,1977,5.5207314491272
Harpactes wardi,1977,4.26341581344605
Helopsaltes certhiola,1977,3.15829730033875
Helopsaltes pryeri,1977,3.65947413444519
Hemiprocne coronata,1977,6.24122858047485
Hemitesia pallidipes,1977,6.27714729309082
Hemixos castanonotus,1977,6.92921686172485
Heterophasia desgodinsi,1977,5.9765772819519
Heteroxenicus stellatus,1977,4.69891738891602
Hieraaetus pennatus,1977,1.69425201416016
Hierococcyx nisicolor,1977,6.37344598770142
Hirundapus caudacutus,1977,2.89565873146057
Hirundo rustica,1977,3.69625973701477
Histrionicus histrionicus,1977,2.51968050003052
Hydrocoloeus minutus,1977,4.37044715881348
Hydrophasianus chirurgus,1977,6.36666679382324
Hydroprogne caspia,1977,5.5309739112854
Hypothymis azurea,1977,6.4477424621582
Hypsipetes leucocephalus,1977,5.88072824478149
Ianthocincla lunulata,1977,4.72161817550659
Ibidorhyncha struthersii,1977,2.72564363479614
Ictinaetus malaiensis,1977,6.57693433761597
Iduna caligata,1977,2.63642334938049
Indicator xanthonotus,1977,5.1069540977478
Ixobrychus cinnamomeus,1977,5.92544841766357
Ixobrychus eurhythmus,1977,4.44932317733765
Ixobrychus minutus,1977,3.05084609985352
Ixos mcclellandii,1977,6.50693273544312
Ketupa flavipes,1977,6.36581707000732
Lalage melaschistos,1977,5.77479314804077
Lanius borealis,1977,2.33427405357361
Lanius collurioides,1977,6.77972745895386
Lanius isabellinus,1977,3.13305306434631
Lanius schach,1977,5.64866447448731
Lanius sphenocercus,1977,2.97042107582092
Lanius tephronotus,1977,3.16680693626404
Larus crassirostris,1977,5.97393369674683
Larvivora brunnea,1977,3.79286813735962
Larvivora cyane,1977,2.18815302848816
Leptopoecile elegans,1977,2.3121166229248
Leptoptilos javanicus,1977,6.35454702377319
Limnodromus semipalmatus,1977,2.0924379825592
Limosa limosa,1977,2.27984046936035
Linaria cannabina,1977,3.07919549942017
Locustella davidi,1977,2.17752075195313
Locustella mandelli,1977,6.34881496429443
Lonchura striata,1977,6.61502695083618
Lophotriorchis kienerii,1977,7.53792715072632
Lophura leucomelanos,1977,4.68334102630615
Lophura nycthemera,1977,6.73846340179443
Loxia curvirostra,1977,2.38446021080017
Macropygia unchall,1977,6.1619815826416
Mareca falcata,1977,1.82700002193451
Megaceryle lugubris,1977,5.88381195068359
Melanitta fusca,1977,2.30559921264648
Melanitta stejnegeri,1977,0.792248666286469
Melanochlora sultanea,1977,6.64104270935059
Mergus serrator,1977,2.23772668838501
Merops philippinus,1977,6.68152952194214
Mixornis gularis,1977,6.2531361579895
Monticola gularis,1977,2.55763339996338
Monticola rufiventris,1977,5.92365837097168
Monticola solitarius,1977,4.77742147445679
Motacilla citreola,1977,2.60496807098389
Moupinia poecilotis,1977,3.6088273525238
Muscicapa dauurica,1977,2.3779444694519
Muscicapa ferruginea,1977,5.24566268920898
Muscicapa muttui,1977,6.27764415740967
Mycerobas affinis,1977,3.24067091941834
Mycerobas carnipes,1977,2.6578860282898
Myiomela leucura,1977,5.84950828552246
Myophonus caeruleus,1977,5.2121901512146
Netta rufina,1977,3.26108264923096
Niltava davidi,1977,6.21654558181763
Niltava grandis,1977,5.94625759124756
Niltava macgrigoriae,1977,6.36953592300415
Niltava sundara,1977,4.93713998794556
Ninox japonica,1977,4.83768606185913
Nipponia nippon,1977,5.44433689117432
Nisaetus nipalensis,1977,6.10915184020996
Numenius madagascariensis,1977,2.10136008262634
Nycticorax nycticorax,1977,5.70357894897461
Oenanthe deserti,1977,2.77494740486145
Oenanthe oenanthe,1977,3.12719750404358
Onychoprion anaethetus,1977,7.34898376464844
Oriolus oriolus,1977,2.88899517059326
Otus lettia,1977,6.47173452377319
Otus semitorques,1977,3.93703842163086
Otus spilocephalus,1977,6.24170923233032
Oxyura leucocephala,1977,3.60285687446594
Panurus biarmicus,1977,3.10172533988953
Paradoxornis guttaticollis,1977,6.28293466567993
Paradoxornis heudei,1977,5.07833099365234
Parayuhina diademata,1977,5.36791753768921
Pardaliparus venustulus,1977,5.48555278778076
Parus monticolus,1977,5.28426265716553
Passer cinnamomeus,1977,5.28438901901245
Passer domesticus,1977,2.25477743148804
Passer hispaniolensis,1977,3.21210098266602
Pelecanus crispus,1977,2.25008726119995
Pellorneum tickelli,1977,6.77102136611939
Perdix hodgsoniae,1977,1.59654688835144
Pericrocotus cantonensis,1977,6.21295022964478
Pericrocotus divaricatus,1977,2.59299683570862
Pericrocotus ethologus,1977,4.59846258163452
Pericrocotus solaris,1977,6.58368921279907
Periparus rubidiventris,1977,2.27890157699585
Pernis ptilorhynchus,1977,2.85401701927185
Phasianus colchicus,1977,4.15034198760986
Phoenicurus erythronotus,1977,3.26405310630798
Phoenicurus frontalis,1977,3.24666285514832
Phoenicurus leucocephalus,1977,3.98932528495789
Phoenicurus ochruros,1977,2.88906621932983
Phoenicurus schisticeps,1977,2.81460094451904
Phylloscopus affinis,1977,3.38016963005066
Phylloscopus burkii,1977,2.73942255973816
Phylloscopus cantator,1977,5.96819543838501
Phylloscopus castaniceps,1977,6.10335683822632
Phylloscopus claudiae,1977,4.56484079360962
Phylloscopus coronatus,1977,3.68427777290344
Phylloscopus emeiensis,1977,5.23643064498901
Phylloscopus intermedius,1977,5.61208963394165
Phylloscopus magnirostris,1977,3.69496607780457
Phylloscopus ogilviegranti,1977,6.55562829971314
Phylloscopus omeiensis,1977,4.67827987670898
Phylloscopus pulcher,1977,4.06517839431763
Phylloscopus ricketti,1977,5.92684364318848
Phylloscopus soror,1977,5.51506757736206
Phylloscopus subaffinis,1977,4.95139122009277
Phylloscopus tenellipes,1977,3.1098518371582
Phylloscopus tephrocephalus,1977,5.1025276184082
Phylloscopus yunnanensis,1977,4.10263013839722
Picumnus innominatus,1977,5.93142127990723
Picus chlorolophus,1977,6.69084024429321
Pitta nympha,1977,6.4373025894165
Platalea minor,1977,4.39076232910156
Pnoepyga immaculata,1977,3.50330710411072
Podiceps auritus,1977,2.10746645927429
Podiceps grisegena,1977,2.36547660827637
Podiceps nigricollis,1977,2.86744570732117
Podoces biddulphi,1977,5.00142765045166
Pomatorhinus schisticeps,1977,6.28370523452759
Pomatorhinus superciliaris,1977,5.94223833084106
Prinia atrogularis,1977,5.46829748153687
Prinia flaviventris,1977,6.8366322517395
Prinia inornata,1977,6.54554224014282
Prunella collaris,1977,2.26566529273987
Prunella himalayana,1977,1.96912741661072
Prunella immaculata,1977,2.647705078125
Prunella montanella,1977,0.902195155620575
Prunella strophiata,1977,3.24632167816162
Psarisomus dalhousiae,1977,6.35745573043823
Pseudopodoces humilis,1977,1.47221457958221
Psilopogon faber,1977,6.90825891494751
Psilopogon virens,1977,6.21383380889893
Pterorhinus berthemyi,1977,6.07331562042236
Pterorhinus lanceolatus,1977,5.61254549026489
Pterorhinus pectoralis,1977,6.21514511108398
Pterorhinus sannio,1977,6.22890901565552
Pteruthius rufiventer,1977,5.47326135635376
Pteruthius xanthochlorus,1977,4.67308282852173
Ptyonoprogne rupestris,1977,3.42881155014038
Pycnonotus aurigaster,1977,6.52848291397095
Pycnonotus jocosus,1977,6.66403865814209
Pycnonotus sinensis,1977,5.85636425018311
Pycnonotus xanthorrhous,1977,5.82748746871948
Pyrrhula erythaca,1977,4.32486152648926
Pyrrhula nipalensis,1977,5.81040191650391
Rallina eurizonoides,1977,7.13045930862427
Rallus aquaticus,1977,2.69549059867859
Recurvirostra avosetta,1977,2.32699489593506
Regulus regulus,1977,3.8386070728302
Remiz consobrinus,1977,2.8149733543396
Remiz coronatus,1977,2.7150776386261
Rhodospiza obsoleta,1977,3.36798024177551
Rubigula flaviventris,1977,6.77965497970581
Sasia ochracea,1977,6.83798742294312
Saxicola ferreus,1977,5.76328277587891
Sitta cinnamoventris,1977,6.34470653533936
Sitta formosa,1977,6.05052280426025
Sitta villosa,1977,3.58334064483643
Sittiparus varius,1977,3.4585428237915
Spilopelia chinensis,1977,5.80492353439331
Spilopelia senegalensis,1977,3.12880349159241
Spilornis cheela,1977,6.46801614761353
Spinus spinus,1977,1.73887741565704
Spizixos semitorques,1977,6.10065174102783
Spodiopsar cineraceus,1977,3.09873223304749
Spodiopsar sericeus,1977,6.46420621871948
Stachyris humei,1977,5.40965414047241
Staphida torqueola,1977,6.43923854827881
Streptopelia decaocto,1977,3.961341381073
Sturnia sinensis,1977,6.90592670440674
Sturnus vulgaris,1977,3.38073587417603
Suthora fulvifrons,1977,4.36765241622925
Syrmaticus humiae,1977,6.31908464431763
Syrmaticus reevesii,1977,5.67853260040283
Syrrhaptes paradoxus,1977,3.09380531311035
Tarsiger chrysaeus,1977,3.86338019371033
Tarsiger indicus,1977,4.42348480224609
Temnurus temnurus,1977,8.08154487609863
Tephrodornis virgatus,1977,7.00571584701538
Thalasseus bergii,1977,7.71030139923096
Timalia pileata,1977,6.90600347518921
Tragopan caboti,1977,6.77405071258545
Tragopan temminckii,1977,5.25879096984863
Treron curvirostra,1977,6.76468801498413
Treron sieboldii,1977,6.55599880218506
Treron sphenurus,1977,5.71149682998657
Turdus boulboul,1977,6.43113613128662
Turdus cardis,1977,5.8150315284729
Turdus feae,1977,3.95367693901062
Turdus mandarinus,1977,5.7897744178772
Turdus pilaris,1977,1.51422238349915
Turdus rubrocanus,1977,3.50958561897278
Turdus ruficollis,1977,2.89240837097168
Turdus viscivorus,1977,3.29407143592834
Turnix suscitator,1977,6.59147834777832
Tyto longimembris,1977,6.55209398269653
Urile pelagicus,1977,4.65555429458618
Urosphena squameiceps,1977,2.90248131752014
Vanellus cinereus,1977,2.87259984016418
Vanellus indicus,1977,6.47350168228149
Vanellus vanellus,1977,2.74407911300659
Yuhina nigrimenta,1977,5.86966419219971
Zoothera dixoni,1977,4.88619136810303
Zoothera mollissima,1977,2.78291726112366
Zoothera monticola,1977,5.23604965209961
Zosterops erythropleurus,1977,3.12438917160034
Abroscopus albogularis,1978,6.44772243499756
Accipiter gularis,1978,2.74268364906311
Accipiter soloensis,1978,5.76508045196533
Accipiter trivirgatus,1978,7.19080114364624
Accipiter virgatus,1978,5.86937522888184
Acridotheres cristatellus,1978,6.1889328956604
Acridotheres tristis,1978,5.33664655685425
Acrocephalus agricola,1978,3.87618446350098
Acrocephalus bistrigiceps,1978,3.78285765647888
Acrocephalus concinens,1978,5.49586629867554
Acrocephalus orientalis,1978,3.88293838500977
Acrocephalus tangorum,1978,3.10336470603943
Aegithalos bonvaloti,1978,3.93678069114685
Aegithalos caudatus,1978,2.65454006195068
Aegithalos concinnus,1978,6.09246158599854
Aegithalos fuliginosus,1978,4.601233959198
Aerodramus brevirostris,1978,5.5101203918457
Aethopyga christinae,1978,8.10380840301514
Aethopyga gouldiae,1978,4.8394021987915
Agropsar sturninus,1978,3.31270790100098
Aix galericulata,1978,3.01034069061279
Alauda gulgula,1978,4.42026710510254
Alaudala cheleensis,1978,3.36603283882141
Alcedo hercules,1978,6.961341381073
Alcippe morrisonia,1978,6.19750738143921
Amaurornis phoenicurus,1978,6.10453844070435
Anastomus oscitans,1978,6.08643293380737
Anser anser,1978,2.77893400192261
Anser fabalis,1978,2.00971436500549
Anser indicus,1978,2.30275893211365
Anthus godlewskii,1978,2.39392638206482
Anthus gustavi,1978,2.80134582519531
Anthus richardi,1978,4.21240663528442
Anthus roseatus,1978,2.95250105857849
Anthus trivialis,1978,2.70974445343018
Aquila fasciata,1978,6.89439535140991
Aquila heliaca,1978,2.36364030838013
Ardea intermedia,1978,6.34181022644043
Ardea purpurea,1978,5.55601119995117
Ardenna pacifica,1978,7.44259738922119
Artamus fuscus,1978,7.13037586212158
Asio flammeus,1978,2.29615211486816
Athene noctua,1978,3.0321900844574
Aviceda jerdoni,1978,7.23768472671509
Aviceda leuphotes,1978,6.07996702194214
Aythya fuligula,1978,2.31757974624634
Aythya nyroca,1978,3.09125328063965
Bombycilla japonica,1978,1.37977492809296
Branta canadensis,1978,4.00386238098145
Bubo nipalensis,1978,4.88656234741211
Bucanetes mongolicus,1978,3.43550944328308
Butastur indicus,1978,3.12076234817505
Cacomantis merulinus,1978,6.83753347396851
Calandrella brachydactyla,1978,3.58717012405396
Calliope obscura,1978,4.28312635421753
Caprimulgus macrurus,1978,7.2726936340332
Carpodacus roborowskii,1978,0.987414836883545
Carpodacus vinaceus,1978,5.39680671691895
Cecropis daurica,1978,4.38070774078369
Centropus bengalensis,1978,6.73097515106201
Cephalopyrus flammiceps,1978,4.88595724105835
Certhia familiaris,1978,3.13955235481262
Certhia himalayana,1978,4.42559289932251
Certhia tianquanensis,1978,4.11927080154419
Ceryle rudis,1978,6.4858775138855
Cettia brunnifrons,1978,4.32336378097534
Cettia castaneocoronata,1978,5.05497694015503
Chalcophaps indica,1978,7.1343207359314
Charadrius atrifrons,1978,2.02117133140564
Charadrius dealbatus,1978,7.60342121124268
Charadrius placidus,1978,3.81007385253906
Charadrius veredus,1978,2.41610240936279
Chlidonias leucopterus,1978,3.00954341888428
Chlidonias niger,1978,2.92854762077332
Chloris ambigua,1978,5.44339847564697
Chloris sinica,1978,4.63021326065064
Chrysolophus pictus,1978,5.21355962753296
Ciconia boyciana,1978,2.99684906005859
Ciconia nigra,1978,3.5527286529541
Circaetus gallicus,1978,3.7245934009552
Circus macrourus,1978,2.76732635498047
Circus spilonotus,1978,2.42981934547424
Cisticola exilis,1978,6.63155174255371
Cisticola juncidis,1978,6.08637046813965
Clamator coromandus,1978,6.25551748275757
Clanga clanga,1978,2.54027843475342
Columba oenas,1978,2.68540954589844
Copsychus saularis,1978,6.16829776763916
Coracias garrulus,1978,2.64517784118652
Coturnicops exquisitus,1978,2.09846377372742
Crex crex,1978,2.63730788230896
Crossoptilon mantchuricum,1978,4.15371036529541
Curruca curruca,1978,3.30979323387146
Cyanistes cyanus,1978,2.32424092292786
Cyanoderma pyrrhops,1978,4.80158376693726
Cygnus cygnus,1978,2.59006762504578
Cygnus olor,1978,2.76690483093262
Cyornis glaucicomans,1978,5.93894147872925
Cyornis hainanus,1978,7.38655090332031
Cyornis rubeculoides,1978,6.20723628997803
Delichon dasypus,1978,3.8086256980896
Dendrocitta formosae,1978,6.36739635467529
Dendrocopos hyperythrus,1978,4.09491300582886
Dendrocygna javanica,1978,6.58360290527344
Dicaeum cruentatum,1978,6.75277757644653
Dicaeum ignipectus,1978,5.98870182037354
Dicaeum minullum,1978,5.76232194900513
Dicrurus annectens,1978,6.97681379318237
Dicrurus hottentottus,1978,5.83050727844238
Dicrurus remifer,1978,6.40704536437988
Egretta eulophotes,1978,4.50723600387573
Egretta garzetta,1978,5.27431154251099
Elachura formosa,1978,6.01248836517334
Elanus caeruleus,1978,7.05840301513672
Emberiza buchanani,1978,2.43022274971008
Emberiza citrinella,1978,2.55519652366638
Emberiza elegans,1978,4.28097248077393
Emberiza godlewskii,1978,3.20494604110718
Emberiza hortulana,1978,3.11414432525635
Emberiza leucocephalos,1978,2.09912514686584
Emberiza pallasi,1978,1.4206018447876
Emberiza pusilla,1978,2.70592951774597
Emberiza rustica,1978,1.11581063270569
Emberiza siemsseni,1978,4.64308786392212
Emberiza yessoensis,1978,2.79099297523499
Enicurus leschenaulti,1978,5.83501672744751
Enicurus maculatus,1978,6.3964204788208
Enicurus schistaceus,1978,6.36500644683838
Erpornis zantholeuca,1978,6.52549839019775
Erythrogenys hypoleucos,1978,7.06376028060913
Eudynamys scolopaceus,1978,6.18255996704102
Eumyias thalassinus,1978,5.66887998580933
Falco cherrug,1978,2.76343464851379
Falco severus,1978,6.48097038269043
Ficedula albicilla,1978,1.47441804409027
Ficedula elisae,1978,4.01230335235596
Ficedula erithacus,1978,3.89171075820923
Ficedula hyperythra,1978,6.05973482131958
Ficedula mugimaki,1978,2.65439915657043
Ficedula strophiata,1978,5.35128164291382
Ficedula superciliaris,1978,3.30013489723206
Ficedula tricolor,1978,5.00163888931274
Fringilla coelebs,1978,1.30913245677948
Fringilla montifringilla,1978,1.59784710407257
Galerida cristata,1978,3.76357269287109
Gallicrex cinerea,1978,5.55973339080811
Garrulax maesi,1978,6.37430906295776
Garrulax monileger,1978,6.84670782089233
Gavia arctica,1978,2.75006031990051
Gelochelidon nilotica,1978,4.05812549591064
Geokichla citrina,1978,6.48462247848511
Glaucidium cuculoides,1978,6.2878589630127
Gorsachius melanolophus,1978,7.43213939666748
Gracupica nigricollis,1978,6.54388952255249
Grandala coelicolor,1978,2.03975057601929
Grus japonensis,1978,2.71104741096497
Grus monacha,1978,2.04318308830261
Grus nigricollis,1978,1.29424667358398
Gypaetus barbatus,1978,2.29247641563416
Gyps himalayensis,1978,2.35902667045593
Halcyon coromanda,1978,4.385657787323
Halcyon pileata,1978,5.54377937316895
Halcyon smyrnensis,1978,7.45191431045532
Haliaeetus leucoryphus,1978,5.53173112869263
Harpactes wardi,1978,4.23647022247314
Helopsaltes certhiola,1978,3.23893523216248
Helopsaltes pryeri,1978,3.78627467155457
Hemiprocne coronata,1978,6.21001958847046
Hemitesia pallidipes,1978,6.23585367202759
Hemixos castanonotus,1978,6.85915517807007
Heterophasia desgodinsi,1978,5.9567232131958
Heteroxenicus stellatus,1978,4.66513967514038
Hieraaetus pennatus,1978,1.81667602062225
Hierococcyx nisicolor,1978,6.31727075576782
Hirundapus caudacutus,1978,2.9492073059082
Hirundo rustica,1978,3.72935152053833
Histrionicus histrionicus,1978,2.68538904190064
Hydrocoloeus minutus,1978,4.44322490692139
Hydrophasianus chirurgus,1978,6.35290002822876
Hydroprogne caspia,1978,5.55668163299561
Hypothymis azurea,1978,6.38739967346191
Hypsipetes leucocephalus,1978,5.87341928482056
Ianthocincla lunulata,1978,4.73499441146851
Ibidorhyncha struthersii,1978,2.72365689277649
Ictinaetus malaiensis,1978,6.49160432815552
Iduna caligata,1978,2.77052235603333
Indicator xanthonotus,1978,5.10308599472046
Ixobrychus cinnamomeus,1978,5.94433736801148
Ixobrychus eurhythmus,1978,4.53022289276123
Ixobrychus minutus,1978,3.10131859779358
Ixos mcclellandii,1978,6.47863578796387
Ketupa flavipes,1978,6.38834095001221
Lalage melaschistos,1978,5.7879695892334
Lanius borealis,1978,2.45541620254517
Lanius collurioides,1978,6.71954965591431
Lanius isabellinus,1978,3.18121218681335
Lanius schach,1978,5.65284204483032
Lanius sphenocercus,1978,3.0583803653717
Lanius tephronotus,1978,3.15868973731995
Larus crassirostris,1978,5.96089172363281
Larvivora brunnea,1978,3.76825976371765
Larvivora cyane,1978,2.33229494094849
Leptopoecile elegans,1978,2.31868314743042
Leptoptilos javanicus,1978,6.29320430755615
Limnodromus semipalmatus,1978,2.23355078697205
Limosa limosa,1978,2.39673781394959
Linaria cannabina,1978,3.17730236053467
Locustella davidi,1978,2.32980608940125
Locustella mandelli,1978,6.29797983169556
Lonchura striata,1978,6.61102676391602
Lophotriorchis kienerii,1978,7.47145700454712
Lophura leucomelanos,1978,4.65328741073608
Lophura nycthemera,1978,6.67041730880737
Loxia curvirostra,1978,2.44994115829468
Macropygia unchall,1978,6.11338615417481
Mareca falcata,1978,1.99537169933319
Megaceryle lugubris,1978,5.90343141555786
Melanitta fusca,1978,2.45008325576782
Melanitta stejnegeri,1978,1.00389015674591
Melanochlora sultanea,1978,6.58641338348389
Mergus serrator,1978,2.39825105667114
Merops philippinus,1978,6.60445499420166
Mixornis gularis,1978,6.18935251235962
Monticola gularis,1978,2.6861674785614
Monticola rufiventris,1978,5.91719818115234
Monticola solitarius,1978,4.80342292785645
Motacilla citreola,1978,2.6232442855835
Moupinia poecilotis,1978,3.57276487350464
Muscicapa dauurica,1978,2.49993276596069
Muscicapa ferruginea,1978,5.23229694366455
Muscicapa muttui,1978,6.28268766403198
Mycerobas affinis,1978,3.20594525337219
Mycerobas carnipes,1978,2.66964459419251
Myiomela leucura,1978,5.84248542785645
Myophonus caeruleus,1978,5.22414684295654
Netta rufina,1978,3.34438800811768
Niltava davidi,1978,6.17116403579712
Niltava grandis,1978,5.90861082077026
Niltava macgrigoriae,1978,6.32707357406616
Niltava sundara,1978,4.92499208450317
Ninox japonica,1978,4.9065113067627
Nipponia nippon,1978,5.49234104156494
Nisaetus nipalensis,1978,6.05060577392578
Numenius madagascariensis,1978,2.27388691902161
Nycticorax nycticorax,1978,5.72914123535156
Oenanthe deserti,1978,2.79645013809204
Oenanthe oenanthe,1978,3.18394112586975
Onychoprion anaethetus,1978,7.24672985076904
Oriolus oriolus,1978,2.9765899181366
Otus lettia,1978,6.46985530853272
Otus semitorques,1978,4.01443099975586
Otus spilocephalus,1978,6.17244243621826
Oxyura leucocephala,1978,3.65283131599426
Panurus biarmicus,1978,3.15499305725098
Paradoxornis guttaticollis,1978,6.2407283782959
Paradoxornis heudei,1978,5.16742706298828
Parayuhina diademata,1978,5.35759019851685
Pardaliparus venustulus,1978,5.52637624740601
Parus monticolus,1978,5.29323720932007
Passer cinnamomeus,1978,5.30784130096436
Passer domesticus,1978,2.338951587677
Passer hispaniolensis,1978,3.27064418792725
Pelecanus crispus,1978,2.28526186943054
Pellorneum tickelli,1978,6.72636890411377
Perdix hodgsoniae,1978,1.55982208251953
Pericrocotus cantonensis,1978,6.22569751739502
Pericrocotus divaricatus,1978,2.74552655220032
Pericrocotus ethologus,1978,4.60641527175903
Pericrocotus solaris,1978,6.53810405731201
Periparus rubidiventris,1978,2.26543545722961
Pernis ptilorhynchus,1978,2.94689774513245
Phasianus colchicus,1978,4.19501495361328
Phoenicurus erythronotus,1978,3.32907629013062
Phoenicurus frontalis,1978,3.23630857467651
Phoenicurus leucocephalus,1978,4.00766038894653
Phoenicurus ochruros,1978,2.90605473518372
Phoenicurus schisticeps,1978,2.79446196556091
Phylloscopus affinis,1978,3.36897277832031
Phylloscopus burkii,1978,2.68499422073364
Phylloscopus cantator,1978,5.94162940979004
Phylloscopus castaniceps,1978,6.10861539840698
Phylloscopus claudiae,1978,4.60860824584961
Phylloscopus coronatus,1978,3.79155039787293
Phylloscopus emeiensis,1978,5.246985912323
Phylloscopus intermedius,1978,5.60220289230347
Phylloscopus magnirostris,1978,3.67769479751587
Phylloscopus ogilviegranti,1978,6.48998689651489
Phylloscopus omeiensis,1978,4.67841863632202
Phylloscopus pulcher,1978,4.03299522399902
Phylloscopus ricketti,1978,5.94652843475342
Phylloscopus soror,1978,5.54316997528076
Phylloscopus subaffinis,1978,4.97705459594727
Phylloscopus tenellipes,1978,3.21863484382629
Phylloscopus tephrocephalus,1978,5.10755014419556
Phylloscopus yunnanensis,1978,4.1413106918335
Picumnus innominatus,1978,5.93288040161133
Picus chlorolophus,1978,6.62523460388184
Pitta nympha,1978,6.43176651000977
Platalea minor,1978,4.46616649627686
Pnoepyga immaculata,1978,3.41123867034912
Podiceps auritus,1978,2.19962906837463
Podiceps grisegena,1978,2.52129244804382
Podiceps nigricollis,1978,2.9555926322937
Podoces biddulphi,1978,5.04303503036499
Pomatorhinus schisticeps,1978,6.29307222366333
Pomatorhinus superciliaris,1978,5.91916275024414
Prinia atrogularis,1978,5.4663553237915
Prinia flaviventris,1978,6.78357315063477
Prinia inornata,1978,6.5457649230957
Prunella collaris,1978,2.2908570766449
Prunella himalayana,1978,2.01625823974609
Prunella immaculata,1978,2.62031769752502
Prunella montanella,1978,1.11215555667877
Prunella strophiata,1978,3.24055910110474
Psarisomus dalhousiae,1978,6.32020902633667
Pseudopodoces humilis,1978,1.44910502433777
Psilopogon faber,1978,6.9203782081604
Psilopogon virens,1978,6.17344236373901
Pterorhinus berthemyi,1978,6.0992283821106
Pterorhinus lanceolatus,1978,5.59635448455811
Pterorhinus pectoralis,1978,6.24587440490723
Pterorhinus sannio,1978,6.22341871261597
Pteruthius rufiventer,1978,5.44912958145142
Pteruthius xanthochlorus,1978,4.64747953414917
Ptyonoprogne rupestris,1978,3.44499015808105
Pycnonotus aurigaster,1978,6.48212003707886
Pycnonotus jocosus,1978,6.59569120407105
Pycnonotus sinensis,1978,5.88467359542847
Pycnonotus xanthorrhous,1978,5.81064033508301
Pyrrhula erythaca,1978,4.32281494140625
Pyrrhula nipalensis,1978,5.75569915771484
Rallina eurizonoides,1978,7.06632566452026
Rallus aquaticus,1978,2.71359586715698
Recurvirostra avosetta,1978,2.45407581329346
Regulus regulus,1978,3.86644744873047
Remiz consobrinus,1978,2.92175006866455
Remiz coronatus,1978,2.79855465888977
Rhodospiza obsoleta,1978,3.42204880714417
Rubigula flaviventris,1978,6.72590160369873
Sasia ochracea,1978,6.79892873764038
Saxicola ferreus,1978,5.76822328567505
Sitta cinnamoventris,1978,6.29230213165283
Sitta formosa,1978,6.00717639923096
Sitta villosa,1978,3.6301589012146
Sittiparus varius,1978,3.54150199890137
Spilopelia chinensis,1978,5.82007598876953
Spilopelia senegalensis,1978,3.16972804069519
Spilornis cheela,1978,6.41231346130371
Spinus spinus,1978,1.91314971446991
Spizixos semitorques,1978,6.12226057052612
Spodiopsar cineraceus,1978,3.1730899810791
Spodiopsar sericeus,1978,6.47584009170532
Stachyris humei,1978,5.41904258728027
Staphida torqueola,1978,6.43264102935791
Streptopelia decaocto,1978,4.00756645202637
Sturnia sinensis,1978,6.85656023025513
Sturnus vulgaris,1978,3.44909620285034
Suthora fulvifrons,1978,4.3443775177002
Syrmaticus humiae,1978,6.25477647781372
Syrmaticus reevesii,1978,5.71386194229126
Syrrhaptes paradoxus,1978,3.17389345169067
Tarsiger chrysaeus,1978,3.81966066360474
Tarsiger indicus,1978,4.36773204803467
Temnurus temnurus,1978,7.97871112823486
Tephrodornis virgatus,1978,6.93673706054688
Thalasseus bergii,1978,7.58205842971802
Timalia pileata,1978,6.86420106887817
Tragopan caboti,1978,6.68258285522461
Tragopan temminckii,1978,5.25611019134522
Treron curvirostra,1978,6.70989751815796
Treron sieboldii,1978,6.56651544570923
Treron sphenurus,1978,5.66101837158203
Turdus boulboul,1978,6.38956308364868
Turdus cardis,1978,5.91847467422485
Turdus feae,1978,3.9974479675293
Turdus mandarinus,1978,5.80456781387329
Turdus pilaris,1978,1.66686701774597
Turdus rubrocanus,1978,3.50838470458984
Turdus ruficollis,1978,2.95069909095764
Turdus viscivorus,1978,3.36230182647705
Turnix suscitator,1978,6.52498149871826
Tyto longimembris,1978,6.53105688095093
Urile pelagicus,1978,4.71874666213989
Urosphena squameiceps,1978,3.00896739959717
Vanellus cinereus,1978,3.01058316230774
Vanellus indicus,1978,6.42044115066528
Vanellus vanellus,1978,2.83240032196045
Yuhina nigrimenta,1978,5.84431791305542
Zoothera dixoni,1978,4.8343243598938
Zoothera mollissima,1978,2.7385687828064
Zoothera monticola,1978,5.25245428085327
Zosterops erythropleurus,1978,3.23323369026184
Abroscopus albogularis,1979,6.51188182830811
Accipiter gularis,1979,2.72726845741272
Accipiter soloensis,1979,5.80478239059448
Accipiter trivirgatus,1979,7.32248830795288
Accipiter virgatus,1979,5.96354293823242
Acridotheres cristatellus,1979,6.24217891693115
Acridotheres tristis,1979,5.45030927658081
Acrocephalus agricola,1979,3.87886714935303
Acrocephalus bistrigiceps,1979,3.75145816802979
Acrocephalus concinens,1979,5.46715307235718
Acrocephalus orientalis,1979,3.86157178878784
Acrocephalus tangorum,1979,3.10383081436157
Aegithalos bonvaloti,1979,4.13767576217651
Aegithalos caudatus,1979,2.64331746101379
Aegithalos concinnus,1979,6.14445877075195
Aegithalos fuliginosus,1979,4.65184211730957
Aerodramus brevirostris,1979,5.60789346694946
Aethopyga christinae,1979,8.19277954101563
Aethopyga gouldiae,1979,4.93487453460693
Agropsar sturninus,1979,3.29055881500244
Aix galericulata,1979,3.00899505615234
Alauda gulgula,1979,4.48791551589966
Alaudala cheleensis,1979,3.36517190933228
Alcedo hercules,1979,7.10916042327881
Alcippe morrisonia,1979,6.25936985015869
Amaurornis phoenicurus,1979,6.16191005706787
Anastomus oscitans,1979,6.2309136390686
Anser anser,1979,2.76720333099365
Anser fabalis,1979,1.96212470531464
Anser indicus,1979,2.36014485359192
Anthus godlewskii,1979,2.39778804779053
Anthus gustavi,1979,2.80258798599243
Anthus richardi,1979,4.21651601791382
Anthus roseatus,1979,3.01047110557556
Anthus trivialis,1979,2.71936535835266
Aquila fasciata,1979,6.95774126052856
Aquila heliaca,1979,2.35733485221863
Ardea intermedia,1979,6.40280103683472
Ardea purpurea,1979,5.57220029830933
Ardenna pacifica,1979,7.52334785461426
Artamus fuscus,1979,7.24714708328247
Asio flammeus,1979,2.26539468765259
Athene noctua,1979,3.05631399154663
Aviceda jerdoni,1979,7.3880410194397
Aviceda leuphotes,1979,6.16575908660889
Aythya fuligula,1979,2.30823969841003
Aythya nyroca,1979,3.14233088493347
Bombycilla japonica,1979,1.30275428295136
Branta canadensis,1979,4.03586435317993
Bubo nipalensis,1979,5.06112194061279
Bucanetes mongolicus,1979,3.46016120910645
Butastur indicus,1979,3.12666654586792
Cacomantis merulinus,1979,6.95576143264771
Calandrella brachydactyla,1979,3.61069965362549
Calliope obscura,1979,4.31222248077393
Caprimulgus macrurus,1979,7.4276876449585
Carpodacus roborowskii,1979,1.05674695968628
Carpodacus vinaceus,1979,5.47583293914795
Cecropis daurica,1979,4.40846157073975
Centropus bengalensis,1979,6.79783153533936
Cephalopyrus flammiceps,1979,5.00572824478149
Certhia familiaris,1979,3.13533711433411
Certhia himalayana,1979,4.55506467819214
Certhia tianquanensis,1979,4.19042682647705
Ceryle rudis,1979,6.56035137176514
Cettia brunnifrons,1979,4.45361852645874
Cettia castaneocoronata,1979,5.19816303253174
Chalcophaps indica,1979,7.24676275253296
Charadrius atrifrons,1979,2.08330225944519
Charadrius dealbatus,1979,7.67965602874756
Charadrius placidus,1979,3.7987072467804
Charadrius veredus,1979,2.41029763221741
Chlidonias leucopterus,1979,3.00539898872376
Chlidonias niger,1979,2.92781710624695
Chloris ambigua,1979,5.62010002136231
Chloris sinica,1979,4.64269018173218
Chrysolophus pictus,1979,5.26234579086304
Ciconia boyciana,1979,2.9941611289978
Ciconia nigra,1979,3.54129719734192
Circaetus gallicus,1979,3.79107928276062
Circus macrourus,1979,2.81084060668945
Circus spilonotus,1979,2.4060389995575
Cisticola exilis,1979,6.73118686676025
Cisticola juncidis,1979,6.12919855117798
Clamator coromandus,1979,6.29506254196167
Clanga clanga,1979,2.51699781417847
Columba oenas,1979,2.62103486061096
Copsychus saularis,1979,6.23240613937378
Coracias garrulus,1979,2.55627703666687
Coturnicops exquisitus,1979,2.05257081985474
Crex crex,1979,2.58917784690857
Crossoptilon mantchuricum,1979,4.07206392288208
Curruca curruca,1979,3.31034231185913
Cyanistes cyanus,1979,2.29820013046265
Cyanoderma pyrrhops,1979,4.95381164550781
Cygnus cygnus,1979,2.56191635131836
Cygnus olor,1979,2.77782320976257
Cyornis glaucicomans,1979,5.97815608978272
Cyornis hainanus,1979,7.47885847091675
Cyornis rubeculoides,1979,6.36322975158691
Delichon dasypus,1979,3.89676070213318
Dendrocitta formosae,1979,6.43569040298462
Dendrocopos hyperythrus,1979,4.24523115158081
Dendrocygna javanica,1979,6.65603971481323
Dicaeum cruentatum,1979,6.84365034103394
Dicaeum ignipectus,1979,6.06649971008301
Dicaeum minullum,1979,5.8611011505127
Dicrurus annectens,1979,7.12901306152344
Dicrurus hottentottus,1979,5.87686204910278
Dicrurus remifer,1979,6.57445240020752
Egretta eulophotes,1979,4.53809881210327
Egretta garzetta,1979,5.33029174804688
Elachura formosa,1979,6.15519285202026
Elanus caeruleus,1979,7.13115167617798
Emberiza buchanani,1979,2.44340229034424
Emberiza citrinella,1979,2.79840230941772
Emberiza elegans,1979,4.30770683288574
Emberiza godlewskii,1979,3.22654247283936
Emberiza hortulana,1979,3.28695368766785
Emberiza leucocephalos,1979,2.0778956413269
Emberiza pallasi,1979,1.37489140033722
Emberiza pusilla,1979,2.68317818641663
Emberiza rustica,1979,1.41128814220428
Emberiza siemsseni,1979,4.6752028465271
Emberiza yessoensis,1979,2.75668740272522
Enicurus leschenaulti,1979,5.90132474899292
Enicurus maculatus,1979,6.52213954925537
Enicurus schistaceus,1979,6.46005153656006
Erpornis zantholeuca,1979,6.63287353515625
Erythrogenys hypoleucos,1979,7.14967393875122
Eudynamys scolopaceus,1979,6.23345613479614
Eumyias thalassinus,1979,5.75487804412842
Falco cherrug,1979,2.79531502723694
Falco severus,1979,6.61738252639771
Ficedula albicilla,1979,1.41902101039886
Ficedula elisae,1979,3.95436882972717
Ficedula erithacus,1979,4.02978467941284
Ficedula hyperythra,1979,6.18566226959229
Ficedula mugimaki,1979,2.63837766647339
Ficedula strophiata,1979,5.43749141693115
Ficedula superciliaris,1979,3.46859455108643
Ficedula tricolor,1979,5.11782646179199
Fringilla coelebs,1979,1.61031079292297
Fringilla montifringilla,1979,1.89858913421631
Galerida cristata,1979,3.77564525604248
Gallicrex cinerea,1979,5.59801912307739
Garrulax maesi,1979,6.43445491790772
Garrulax monileger,1979,6.93750953674316
Gavia arctica,1979,2.73454666137695
Gelochelidon nilotica,1979,4.03072071075439
Geokichla citrina,1979,6.5712513923645
Glaucidium cuculoides,1979,6.3457612991333
Gorsachius melanolophus,1979,7.52990245819092
Gracupica nigricollis,1979,6.64751672744751
Grandala coelicolor,1979,2.16520738601685
Grus japonensis,1979,2.70570826530457
Grus monacha,1979,1.9847639799118
Grus nigricollis,1979,1.39691066741943
Gypaetus barbatus,1979,2.35645723342896
Gyps himalayensis,1979,2.43440866470337
Halcyon coromanda,1979,4.48084163665772
Halcyon pileata,1979,5.58214807510376
Halcyon smyrnensis,1979,7.52270412445068
Haliaeetus leucoryphus,1979,5.68113470077515
Harpactes wardi,1979,4.40444040298462
Helopsaltes certhiola,1979,3.22686409950256
Helopsaltes pryeri,1979,3.74715781211853
Hemiprocne coronata,1979,6.396240234375
Hemitesia pallidipes,1979,6.40824890136719
Hemixos castanonotus,1979,6.93024682998657
Heterophasia desgodinsi,1979,6.06842470169067
Heteroxenicus stellatus,1979,4.83632135391235
Hieraaetus pennatus,1979,1.78389143943787
Hierococcyx nisicolor,1979,6.42750597000122
Hirundapus caudacutus,1979,3.00335931777954
Hirundo rustica,1979,3.75657510757446
Histrionicus histrionicus,1979,2.68290448188782
Hydrocoloeus minutus,1979,4.42673778533936
Hydrophasianus chirurgus,1979,6.42608833312988
Hydroprogne caspia,1979,5.57758808135986
Hypothymis azurea,1979,6.5045804977417
Hypsipetes leucocephalus,1979,5.94853067398071
Ianthocincla lunulata,1979,4.78771781921387
Ibidorhyncha struthersii,1979,2.78054165840149
Ictinaetus malaiensis,1979,6.57390594482422
Iduna caligata,1979,2.96412658691406
Indicator xanthonotus,1979,5.25317621231079
Ixobrychus cinnamomeus,1979,5.97830200195313
Ixobrychus eurhythmus,1979,4.52278327941895
Ixobrychus minutus,1979,3.08330678939819
Ixos mcclellandii,1979,6.56086015701294
Ketupa flavipes,1979,6.41713809967041
Lalage melaschistos,1979,5.83267831802368
Lanius borealis,1979,2.45913767814636
Lanius collurioides,1979,6.84205293655396
Lanius isabellinus,1979,3.18381190299988
Lanius schach,1979,5.71688508987427
Lanius sphenocercus,1979,3.03564023971558
Lanius tephronotus,1979,3.26902532577515
Larus crassirostris,1979,6.00134706497192
Larvivora brunnea,1979,3.89588260650635
Larvivora cyane,1979,2.31485056877136
Leptopoecile elegans,1979,2.40549659729004
Leptoptilos javanicus,1979,6.4672966003418
Limnodromus semipalmatus,1979,2.1866512298584
Limosa limosa,1979,2.37510442733765
Linaria cannabina,1979,3.24560475349426
Locustella davidi,1979,2.30148196220398
Locustella mandelli,1979,6.3965654373169
Lonchura striata,1979,6.66485261917114
Lophotriorchis kienerii,1979,7.59788513183594
Lophura leucomelanos,1979,4.82487201690674
Lophura nycthemera,1979,6.80639982223511
Loxia curvirostra,1979,2.48399090766907
Macropygia unchall,1979,6.21915721893311
Mareca falcata,1979,1.94705367088318
Megaceryle lugubris,1979,5.93968057632446
Melanitta fusca,1979,2.7068395614624
Melanitta stejnegeri,1979,0.913841545581818
Melanochlora sultanea,1979,6.72916841506958
Mergus serrator,1979,2.38341450691223
Merops philippinus,1979,6.75793504714966
Mixornis gularis,1979,6.38911533355713
Monticola gularis,1979,2.66720914840698
Monticola rufiventris,1979,5.99408960342407
Monticola solitarius,1979,4.85056447982788
Motacilla citreola,1979,2.67642855644226
Moupinia poecilotis,1979,3.71163654327393
Muscicapa dauurica,1979,2.47855544090271
Muscicapa ferruginea,1979,5.3351936340332
Muscicapa muttui,1979,6.34993982315064
Mycerobas affinis,1979,3.35528492927551
Mycerobas carnipes,1979,2.72537541389465
Myiomela leucura,1979,5.9286584854126
Myophonus caeruleus,1979,5.26896572113037
Netta rufina,1979,3.37348604202271
Niltava davidi,1979,6.26650953292847
Niltava grandis,1979,6.09213399887085
Niltava macgrigoriae,1979,6.47161293029785
Niltava sundara,1979,5.02772331237793
Ninox japonica,1979,4.90216875076294
Nipponia nippon,1979,5.42434167861939
Nisaetus nipalensis,1979,6.17345380783081
Numenius madagascariensis,1979,2.24728131294251
Nycticorax nycticorax,1979,5.76328468322754
Oenanthe deserti,1979,2.82906770706177
Oenanthe oenanthe,1979,3.17462682723999
Onychoprion anaethetus,1979,7.28366899490356
Oriolus oriolus,1979,3.02126121520996
Otus lettia,1979,6.5306887626648
Otus semitorques,1979,4.00945663452148
Otus spilocephalus,1979,6.28617525100708
Oxyura leucocephala,1979,3.5897011756897
Panurus biarmicus,1979,3.15063428878784
Paradoxornis guttaticollis,1979,6.33290195465088
Paradoxornis heudei,1979,5.13800525665283
Parayuhina diademata,1979,5.45757246017456
Pardaliparus venustulus,1979,5.52811813354492
Parus monticolus,1979,5.36144590377808
Passer cinnamomeus,1979,5.34549236297607
Passer domesticus,1979,2.32709097862244
Passer hispaniolensis,1979,3.24264144897461
Pelecanus crispus,1979,2.34931206703186
Pellorneum tickelli,1979,6.8930516242981
Perdix hodgsoniae,1979,1.68878734111786
Pericrocotus cantonensis,1979,6.26601648330689
Pericrocotus divaricatus,1979,2.74894762039185
Pericrocotus ethologus,1979,4.66633224487305
Pericrocotus solaris,1979,6.6305513381958
Periparus rubidiventris,1979,2.38629412651062
Pernis ptilorhynchus,1979,2.97409677505493
Phasianus colchicus,1979,4.22332859039307
Phoenicurus erythronotus,1979,3.33147358894348
Phoenicurus frontalis,1979,3.3336808681488
Phoenicurus leucocephalus,1979,4.06770181655884
Phoenicurus ochruros,1979,2.94787502288818
Phoenicurus schisticeps,1979,2.92485570907593
Phylloscopus affinis,1979,3.47298288345337
Phylloscopus burkii,1979,2.84488844871521
Phylloscopus cantator,1979,6.11223936080933
Phylloscopus castaniceps,1979,6.18893909454346
Phylloscopus claudiae,1979,4.60542583465576
Phylloscopus coronatus,1979,3.7786693572998
Phylloscopus emeiensis,1979,5.30286026000977
Phylloscopus intermedius,1979,5.68789625167847
Phylloscopus magnirostris,1979,3.81625294685364
Phylloscopus ogilviegranti,1979,6.59240436553955
Phylloscopus omeiensis,1979,4.75152254104614
Phylloscopus pulcher,1979,4.18276262283325
Phylloscopus ricketti,1979,5.98437738418579
Phylloscopus soror,1979,5.57860946655273
Phylloscopus subaffinis,1979,5.03128147125244
Phylloscopus tenellipes,1979,3.25124931335449
Phylloscopus tephrocephalus,1979,5.18118381500244
Phylloscopus yunnanensis,1979,4.12656354904175
Picumnus innominatus,1979,6.00181674957275
Picus chlorolophus,1979,6.76713085174561
Pitta nympha,1979,6.46158742904663
Platalea minor,1979,4.51782178878784
Pnoepyga immaculata,1979,3.59224915504456
Podiceps auritus,1979,2.14425110816956
Podiceps grisegena,1979,2.48991370201111
Podiceps nigricollis,1979,2.94311666488647
Podoces biddulphi,1979,4.99092769622803
Pomatorhinus schisticeps,1979,6.43615961074829
Pomatorhinus superciliaris,1979,6.09091854095459
Prinia atrogularis,1979,5.61196851730347
Prinia flaviventris,1979,6.97877359390259
Prinia inornata,1979,6.59748458862305
Prunella collaris,1979,2.33936858177185
Prunella himalayana,1979,2.01034617424011
Prunella immaculata,1979,2.75311422348022
Prunella montanella,1979,1.10019683837891
Prunella strophiata,1979,3.35032963752747
Psarisomus dalhousiae,1979,6.50142526626587
Pseudopodoces humilis,1979,1.54103243350983
Psilopogon faber,1979,6.94887781143189
Psilopogon virens,1979,6.27349901199341
Pterorhinus berthemyi,1979,6.14372682571411
Pterorhinus lanceolatus,1979,5.68068838119507
Pterorhinus pectoralis,1979,6.27748584747315
Pterorhinus sannio,1979,6.29169988632202
Pteruthius rufiventer,1979,5.61671209335327
Pteruthius xanthochlorus,1979,4.77045917510986
Ptyonoprogne rupestris,1979,3.48363876342773
Pycnonotus aurigaster,1979,6.57916450500488
Pycnonotus jocosus,1979,6.71891832351685
Pycnonotus sinensis,1979,5.89977264404297
Pycnonotus xanthorrhous,1979,5.89618301391602
Pyrrhula erythaca,1979,4.40565729141235
Pyrrhula nipalensis,1979,5.86871433258057
Rallina eurizonoides,1979,7.20250701904297
Rallus aquaticus,1979,2.73219633102417
Recurvirostra avosetta,1979,2.43179607391357
Regulus regulus,1979,3.94287061691284
Remiz consobrinus,1979,2.90068936347961
Remiz coronatus,1979,2.83081555366516
Rhodospiza obsoleta,1979,3.41592502593994
Rubigula flaviventris,1979,6.88334465026856
Sasia ochracea,1979,6.95223045349121
Saxicola ferreus,1979,5.83545351028442
Sitta cinnamoventris,1979,6.48116779327393
Sitta formosa,1979,6.19725704193115
Sitta villosa,1979,3.63043856620789
Sittiparus varius,1979,3.58647751808167
Spilopelia chinensis,1979,5.85910701751709
Spilopelia senegalensis,1979,3.10524654388428
Spilornis cheela,1979,6.51673603057861
Spinus spinus,1979,1.87026977539063
Spizixos semitorques,1979,6.15394067764282
Spodiopsar cineraceus,1979,3.16569352149963
Spodiopsar sericeus,1979,6.5120701789856
Stachyris humei,1979,5.55941104888916
Staphida torqueola,1979,6.49461698532105
Streptopelia decaocto,1979,3.99104356765747
Sturnia sinensis,1979,6.91180753707886
Sturnus vulgaris,1979,3.46252512931824
Suthora fulvifrons,1979,4.47895574569702
Syrmaticus humiae,1979,6.44936895370483
Syrmaticus reevesii,1979,5.73671007156372
Syrrhaptes paradoxus,1979,3.17038345336914
Tarsiger chrysaeus,1979,3.98937773704529
Tarsiger indicus,1979,4.54489612579346
Temnurus temnurus,1979,8.06982803344727
Tephrodornis virgatus,1979,7.01150798797607
Thalasseus bergii,1979,7.66598701477051
Timalia pileata,1979,6.96717357635498
Tragopan caboti,1979,6.75250434875488
Tragopan temminckii,1979,5.34567403793335
Treron curvirostra,1979,6.88108634948731
Treron sieboldii,1979,6.60049057006836
Treron sphenurus,1979,5.82663917541504
Turdus boulboul,1979,6.54158735275269
Turdus cardis,1979,5.90378189086914
Turdus feae,1979,3.92390871047974
Turdus mandarinus,1979,5.85096120834351
Turdus pilaris,1979,1.65432846546173
Turdus rubrocanus,1979,3.60276651382446
Turdus ruficollis,1979,2.92736005783081
Turdus viscivorus,1979,3.38068175315857
Turnix suscitator,1979,6.6466965675354
Tyto longimembris,1979,6.58441352844238
Urile pelagicus,1979,4.74620008468628
Urosphena squameiceps,1979,3.04203486442566
Vanellus cinereus,1979,2.99823307991028
Vanellus indicus,1979,6.62948799133301
Vanellus vanellus,1979,2.82018327713013
Yuhina nigrimenta,1979,5.9354100227356
Zoothera dixoni,1979,5.00482892990112
Zoothera mollissima,1979,2.89637446403503
Zoothera monticola,1979,5.39785289764404
Zosterops erythropleurus,1979,3.2593846321106
Abroscopus albogularis,1980,6.46795845031738
Accipiter gularis,1980,2.59835553169251
Accipiter soloensis,1980,5.7148609161377
Accipiter trivirgatus,1980,7.30755519866943
Accipiter virgatus,1980,5.92078876495361
Acridotheres cristatellus,1980,6.16715002059937
Acridotheres tristis,1980,5.44319534301758
Acrocephalus agricola,1980,3.86882138252258
Acrocephalus bistrigiceps,1980,3.62674522399902
Acrocephalus concinens,1980,5.34524726867676
Acrocephalus orientalis,1980,3.73588609695435
Acrocephalus tangorum,1980,2.95601749420166
Aegithalos bonvaloti,1980,4.05181360244751
Aegithalos caudatus,1980,2.52015256881714
Aegithalos concinnus,1980,6.06856536865234
Aegithalos fuliginosus,1980,4.55433320999146
Aerodramus brevirostris,1980,5.53156518936157
Aethopyga christinae,1980,8.24165153503418
Aethopyga gouldiae,1980,4.86614370346069
Agropsar sturninus,1980,3.18016576766968
Aix galericulata,1980,2.87999391555786
Alauda gulgula,1980,4.42822885513306
Alaudala cheleensis,1980,3.31494283676147
Alcedo hercules,1980,7.07160091400147
Alcippe morrisonia,1980,6.19305419921875
Amaurornis phoenicurus,1980,6.0867486000061
Anastomus oscitans,1980,6.18891716003418
Anser anser,1980,2.7014102935791
Anser fabalis,1980,1.86625015735626
Anser indicus,1980,2.33626556396484
Anthus godlewskii,1980,2.26101589202881
Anthus gustavi,1980,2.68930768966675
Anthus richardi,1980,4.13239431381226
Anthus roseatus,1980,2.96842694282532
Anthus trivialis,1980,2.69528651237488
Aquila fasciata,1980,6.94727849960327
Aquila heliaca,1980,2.29477381706238
Ardea intermedia,1980,6.32813167572022
Ardea purpurea,1980,5.47081232070923
Ardenna pacifica,1980,7.54367780685425
Artamus fuscus,1980,7.23606729507446
Asio flammeus,1980,2.20402336120605
Athene noctua,1980,3.0023946762085
Aviceda jerdoni,1980,7.35482978820801
Aviceda leuphotes,1980,6.11588668823242
Aythya fuligula,1980,2.17832088470459
Aythya nyroca,1980,3.06107187271118
Bombycilla japonica,1980,1.25572514533997
Branta canadensis,1980,3.86240768432617
Bubo nipalensis,1980,4.99137735366821
Bucanetes mongolicus,1980,3.41319298744202
Butastur indicus,1980,2.98046112060547
Cacomantis merulinus,1980,6.94118976593018
Calandrella brachydactyla,1980,3.57286334037781
Calliope obscura,1980,4.21146249771118
Caprimulgus macrurus,1980,7.39343309402466
Carpodacus roborowskii,1980,1.05271780490875
Carpodacus vinaceus,1980,5.39869022369385
Cecropis daurica,1980,4.32274770736694
Centropus bengalensis,1980,6.76088857650757
Cephalopyrus flammiceps,1980,4.89951276779175
Certhia familiaris,1980,3.0518171787262
Certhia himalayana,1980,4.46792078018189
Certhia tianquanensis,1980,4.12220478057861
Ceryle rudis,1980,6.50173664093018
Cettia brunnifrons,1980,4.36976003646851
Cettia castaneocoronata,1980,5.13803625106812
Chalcophaps indica,1980,7.24335956573486
Charadrius atrifrons,1980,2.05856156349182
Charadrius dealbatus,1980,7.72188568115234
Charadrius placidus,1980,3.66928720474243
Charadrius veredus,1980,2.29273843765259
Chlidonias leucopterus,1980,2.88584446907043
Chlidonias niger,1980,2.92055726051331
Chloris ambigua,1980,5.5596718788147
Chloris sinica,1980,4.54605102539063
Chrysolophus pictus,1980,5.18464040756226
Ciconia boyciana,1980,2.8650815486908
Ciconia nigra,1980,3.47064685821533
Circaetus gallicus,1980,3.65913820266724
Circus macrourus,1980,2.73771238327026
Circus spilonotus,1980,2.29164028167725
Cisticola exilis,1980,6.70832300186157
Cisticola juncidis,1980,6.04456472396851
Clamator coromandus,1980,6.21420240402222
Clanga clanga,1980,2.40270900726318
Columba oenas,1980,2.74620342254639
Copsychus saularis,1980,6.16139888763428
Coracias garrulus,1980,2.70185351371765
Coturnicops exquisitus,1980,1.9537113904953
Crex crex,1980,2.66420078277588
Crossoptilon mantchuricum,1980,4.00933837890625
Curruca curruca,1980,3.31319761276245
Cyanistes cyanus,1980,2.24877858161926
Cyanoderma pyrrhops,1980,4.90817308425903
Cygnus cygnus,1980,2.49166798591614
Cygnus olor,1980,2.73411798477173
Cyornis glaucicomans,1980,5.90991115570068
Cyornis hainanus,1980,7.48671245574951
Cyornis rubeculoides,1980,6.2588529586792
Delichon dasypus,1980,3.84088850021362
Dendrocitta formosae,1980,6.37188386917114
Dendrocopos hyperythrus,1980,4.15820550918579
Dendrocygna javanica,1980,6.60155820846558
Dicaeum cruentatum,1980,6.82953023910523
Dicaeum ignipectus,1980,6.0059986114502
Dicaeum minullum,1980,5.81628608703613
Dicrurus annectens,1980,7.0903811454773
Dicrurus hottentottus,1980,5.79662847518921
Dicrurus remifer,1980,6.51918840408325
Egretta eulophotes,1980,4.31477499008179
Egretta garzetta,1980,5.25419759750366
Elachura formosa,1980,6.10959005355835
Elanus caeruleus,1980,7.15236520767212
Emberiza buchanani,1980,2.42022943496704
Emberiza citrinella,1980,2.38359069824219
Emberiza elegans,1980,4.21200084686279
Emberiza godlewskii,1980,3.17623543739319
Emberiza hortulana,1980,3.00168037414551
Emberiza leucocephalos,1980,2.02877020835876
Emberiza pallasi,1980,1.25342798233032
Emberiza pusilla,1980,2.55911707878113
Emberiza rustica,1980,0.908596038818359
Emberiza siemsseni,1980,4.57822608947754
Emberiza yessoensis,1980,2.64107465744019
Enicurus leschenaulti,1980,5.82715940475464
Enicurus maculatus,1980,6.49646902084351
Enicurus schistaceus,1980,6.42816305160523
Erpornis zantholeuca,1980,6.61503267288208
Erythrogenys hypoleucos,1980,7.09847021102905
Eudynamys scolopaceus,1980,6.15519714355469
Eumyias thalassinus,1980,5.6862940788269
Falco cherrug,1980,2.77179718017578
Falco severus,1980,6.58652353286743
Ficedula albicilla,1980,1.33837556838989
Ficedula elisae,1980,3.86130261421204
Ficedula erithacus,1980,3.96731424331665
Ficedula hyperythra,1980,6.14421987533569
Ficedula mugimaki,1980,2.51003956794739
Ficedula strophiata,1980,5.36012411117554
Ficedula superciliaris,1980,3.39953422546387
Ficedula tricolor,1980,5.04913520812988
Fringilla coelebs,1980,1.1053272485733
Fringilla montifringilla,1980,1.41829979419708
Galerida cristata,1980,3.68759799003601
Gallicrex cinerea,1980,5.50118494033814
Garrulax maesi,1980,6.40139102935791
Garrulax monileger,1980,6.92918825149536
Gavia arctica,1980,2.70575666427612
Gelochelidon nilotica,1980,4.02832508087158
Geokichla citrina,1980,6.52781248092651
Glaucidium cuculoides,1980,6.27492809295654
Gorsachius melanolophus,1980,7.54986476898193
Gracupica nigricollis,1980,6.63197183609009
Grandala coelicolor,1980,2.11216449737549
Grus japonensis,1980,2.59101796150208
Grus monacha,1980,1.90872192382813
Grus nigricollis,1980,1.38270092010498
Gypaetus barbatus,1980,2.32529282569885
Gyps himalayensis,1980,2.40859079360962
Halcyon coromanda,1980,4.33416748046875
Halcyon pileata,1980,5.49446964263916
Halcyon smyrnensis,1980,7.55190229415894
Haliaeetus leucoryphus,1980,5.57710027694702
Harpactes wardi,1980,4.30656385421753
Helopsaltes certhiola,1980,3.18360829353333
Helopsaltes pryeri,1980,3.61498594284058
Hemiprocne coronata,1980,6.30396366119385
Hemitesia pallidipes,1980,6.34644746780396
Hemixos castanonotus,1980,6.93723249435425
Heterophasia desgodinsi,1980,6.02353096008301
Heteroxenicus stellatus,1980,4.73782396316528
Hieraaetus pennatus,1980,1.73474526405334
Hierococcyx nisicolor,1980,6.39375829696655
Hirundapus caudacutus,1980,2.9001829624176
Hirundo rustica,1980,3.69916391372681
Histrionicus histrionicus,1980,2.57442760467529
Hydrocoloeus minutus,1980,4.36126947402954
Hydrophasianus chirurgus,1980,6.37124824523926
Hydroprogne caspia,1980,5.49599838256836
Hypothymis azurea,1980,6.48300266265869
Hypsipetes leucocephalus,1980,5.8800196647644
Ianthocincla lunulata,1980,4.70184135437012
Ibidorhyncha struthersii,1980,2.73251080513001
Ictinaetus malaiensis,1980,6.57587957382202
Iduna caligata,1980,2.64809012413025
Indicator xanthonotus,1980,5.15501165390015
Ixobrychus cinnamomeus,1980,5.89084768295288
Ixobrychus eurhythmus,1980,4.40617322921753
Ixobrychus minutus,1980,3.11852431297302
Ixos mcclellandii,1980,6.52170896530151
Ketupa flavipes,1980,6.34122276306152
Lalage melaschistos,1980,5.7541618347168
Lanius borealis,1980,2.37595200538635
Lanius collurioides,1980,6.82082557678223
Lanius isabellinus,1980,3.15059447288513
Lanius schach,1980,5.64057350158691
Lanius sphenocercus,1980,2.92887949943543
Lanius tephronotus,1980,3.21828150749207
Larus crassirostris,1980,5.91650581359863
Larvivora brunnea,1980,3.80578446388245
Larvivora cyane,1980,2.18827366828918
Leptopoecile elegans,1980,2.35661959648132
Leptoptilos javanicus,1980,6.42023134231567
Limnodromus semipalmatus,1980,2.07218456268311
Limosa limosa,1980,2.27467918395996
Linaria cannabina,1980,3.12586617469788
Locustella davidi,1980,2.18308043479919
Locustella mandelli,1980,6.36826896667481
Lonchura striata,1980,6.61119604110718
Lophotriorchis kienerii,1980,7.57520151138306
Lophura leucomelanos,1980,4.72664499282837
Lophura nycthemera,1980,6.77593183517456
Loxia curvirostra,1980,2.40252137184143
Macropygia unchall,1980,6.18508386611939
Mareca falcata,1980,1.85154736042023
Megaceryle lugubris,1980,5.8507890701294
Melanitta fusca,1980,2.25527715682983
Melanitta stejnegeri,1980,0.873282730579376
Melanochlora sultanea,1980,6.68418073654175
Mergus serrator,1980,2.27687549591064
Merops philippinus,1980,6.72819709777832
Mixornis gularis,1980,6.32236528396606
Monticola gularis,1980,2.54230332374573
Monticola rufiventris,1980,5.92695713043213
Monticola solitarius,1980,4.76293182373047
Motacilla citreola,1980,2.64379143714905
Moupinia poecilotis,1980,3.6253616809845
Muscicapa dauurica,1980,2.35867953300476
Muscicapa ferruginea,1980,5.26202297210693
Muscicapa muttui,1980,6.30200099945068
Mycerobas affinis,1980,3.28258490562439
Mycerobas carnipes,1980,2.70683693885803
Myiomela leucura,1980,5.86709260940552
Myophonus caeruleus,1980,5.19562673568726
Netta rufina,1980,3.33047533035278
Niltava davidi,1980,6.23302888870239
Niltava grandis,1980,6.00919198989868
Niltava macgrigoriae,1980,6.42604303359985
Niltava sundara,1980,4.95596885681152
Ninox japonica,1980,4.78208255767822
Nipponia nippon,1980,5.35054540634155
Nisaetus nipalensis,1980,6.1341290473938
Numenius madagascariensis,1980,2.15389943122864
Nycticorax nycticorax,1980,5.67025995254517
Oenanthe deserti,1980,2.81455254554749
Oenanthe oenanthe,1980,3.10158896446228
Onychoprion anaethetus,1980,7.35819864273071
Oriolus oriolus,1980,2.93974351882935
Otus lettia,1980,6.47039985656738
Otus semitorques,1980,3.87021994590759
Otus spilocephalus,1980,6.25606393814087
Oxyura leucocephala,1980,3.72133803367615
Panurus biarmicus,1980,3.11623311042786
Paradoxornis guttaticollis,1980,6.30343580245972
Paradoxornis heudei,1980,4.99637460708618
Parayuhina diademata,1980,5.38804149627686
Pardaliparus venustulus,1980,5.44210910797119
Parus monticolus,1980,5.28798151016235
Passer cinnamomeus,1980,5.25910139083862
Passer domesticus,1980,2.27940320968628
Passer hispaniolensis,1980,3.28763484954834
Pelecanus crispus,1980,2.25966835021973
Pellorneum tickelli,1980,6.84260129928589
Perdix hodgsoniae,1980,1.6565465927124
Pericrocotus cantonensis,1980,6.19514465332031
Pericrocotus divaricatus,1980,2.6211302280426
Pericrocotus ethologus,1980,4.58582925796509
Pericrocotus solaris,1980,6.60573720932007
Periparus rubidiventris,1980,2.32699799537659
Pernis ptilorhynchus,1980,2.85445189476013
Phasianus colchicus,1980,4.14371824264526
Phoenicurus erythronotus,1980,3.3328697681427
Phoenicurus frontalis,1980,3.27394032478333
Phoenicurus leucocephalus,1980,3.99559664726257
Phoenicurus ochruros,1980,2.92323517799377
Phoenicurus schisticeps,1980,2.85154056549072
Phylloscopus affinis,1980,3.40637826919556
Phylloscopus burkii,1980,2.77399492263794
Phylloscopus cantator,1980,6.0343074798584
Phylloscopus castaniceps,1980,6.11923170089722
Phylloscopus claudiae,1980,4.51241064071655
Phylloscopus coronatus,1980,3.69033408164978
Phylloscopus emeiensis,1980,5.22492456436157
Phylloscopus intermedius,1980,5.6219482421875
Phylloscopus magnirostris,1980,3.73142075538635
Phylloscopus ogilviegranti,1980,6.56867980957031
Phylloscopus omeiensis,1980,4.66324901580811
Phylloscopus pulcher,1980,4.10592889785767
Phylloscopus ricketti,1980,5.90713167190552
Phylloscopus soror,1980,5.48753070831299
Phylloscopus subaffinis,1980,4.95036268234253
Phylloscopus tenellipes,1980,3.07972168922424
Phylloscopus tephrocephalus,1980,5.09153461456299
Phylloscopus yunnanensis,1980,4.03608274459839
Picumnus innominatus,1980,5.92677879333496
Picus chlorolophus,1980,6.73109579086304
Pitta nympha,1980,6.38908958435059
Platalea minor,1980,4.2392725944519
Pnoepyga immaculata,1980,3.51229095458984
Podiceps auritus,1980,2.19862341880798
Podiceps grisegena,1980,2.44651985168457
Podiceps nigricollis,1980,2.84530019760132
Podoces biddulphi,1980,5.07583808898926
Pomatorhinus schisticeps,1980,6.33358526229858
Pomatorhinus superciliaris,1980,6.00262880325317
Prinia atrogularis,1980,5.51249074935913
Prinia flaviventris,1980,6.91178798675537
Prinia inornata,1980,6.53896856307983
Prunella collaris,1980,2.28457069396973
Prunella himalayana,1980,2.02912855148315
Prunella immaculata,1980,2.68491053581238
Prunella montanella,1980,0.953895390033722
Prunella strophiata,1980,3.28198719024658
Psarisomus dalhousiae,1980,6.42766761779785
Pseudopodoces humilis,1980,1.5122264623642
Psilopogon faber,1980,6.93581533432007
Psilopogon virens,1980,6.23112154006958
Pterorhinus berthemyi,1980,6.0690598487854
Pterorhinus lanceolatus,1980,5.61896705627441
Pterorhinus pectoralis,1980,6.1984715461731
Pterorhinus sannio,1980,6.23026180267334
Pteruthius rufiventer,1980,5.52973604202271
Pteruthius xanthochlorus,1980,4.6854829788208
Ptyonoprogne rupestris,1980,3.44231510162354
Pycnonotus aurigaster,1980,6.54809236526489
Pycnonotus jocosus,1980,6.69629096984863
Pycnonotus sinensis,1980,5.811354637146
Pycnonotus xanthorrhous,1980,5.83481979370117
Pyrrhula erythaca,1980,4.33178281784058
Pyrrhula nipalensis,1980,5.83578634262085
Rallina eurizonoides,1980,7.18416976928711
Rallus aquaticus,1980,2.74894380569458
Recurvirostra avosetta,1980,2.35043811798096
Regulus regulus,1980,3.865891456604
Remiz consobrinus,1980,2.7854859828949
Remiz coronatus,1980,2.74557971954346
Rhodospiza obsoleta,1980,3.42787265777588
Rubigula flaviventris,1980,6.84149217605591
Sasia ochracea,1980,6.89902257919312
Saxicola ferreus,1980,5.75694227218628
Sitta cinnamoventris,1980,6.41716766357422
Sitta formosa,1980,6.11688899993897
Sitta villosa,1980,3.52992963790894
Sittiparus varius,1980,3.37750363349915
Spilopelia chinensis,1980,5.77685976028442
Spilopelia senegalensis,1980,3.22448801994324
Spilornis cheela,1980,6.48512840270996
Spinus spinus,1980,1.77944433689117
Spizixos semitorques,1980,6.07790231704712
Spodiopsar cineraceus,1980,3.06257724761963
Spodiopsar sericeus,1980,6.44989585876465
Stachyris humei,1980,5.45974016189575
Staphida torqueola,1980,6.43939924240112
Streptopelia decaocto,1980,3.95943999290466
Sturnia sinensis,1980,6.90271902084351
Sturnus vulgaris,1980,3.44131588935852
Suthora fulvifrons,1980,4.38811206817627
Syrmaticus humiae,1980,6.3873438835144
Syrmaticus reevesii,1980,5.64615488052368
Syrrhaptes paradoxus,1980,3.09086847305298
Tarsiger chrysaeus,1980,3.89759683609009
Tarsiger indicus,1980,4.46828413009644
Temnurus temnurus,1980,8.1091480255127
Tephrodornis virgatus,1980,7.01166772842407
Thalasseus bergii,1980,7.68712282180786
Timalia pileata,1980,6.93987989425659
Tragopan caboti,1980,6.75213003158569
Tragopan temminckii,1980,5.27201461791992
Treron curvirostra,1980,6.82898235321045
Treron sieboldii,1980,6.53824090957642
Treron sphenurus,1980,5.76985454559326
Turdus boulboul,1980,6.4931812286377
Turdus cardis,1980,5.76922082901001
Turdus feae,1980,3.8481023311615
Turdus mandarinus,1980,5.76932716369629
Turdus pilaris,1980,1.51542687416077
Turdus rubrocanus,1980,3.52258110046387
Turdus ruficollis,1980,2.95588374137878
Turdus viscivorus,1980,3.36029434204102
Turnix suscitator,1980,6.61468553543091
Tyto longimembris,1980,6.54238939285278
Urile pelagicus,1980,4.52419853210449
Urosphena squameiceps,1980,2.86322546005249
Vanellus cinereus,1980,2.8683135509491
Vanellus indicus,1980,6.54328536987305
Vanellus vanellus,1980,2.72134780883789
Yuhina nigrimenta,1980,5.88398122787476
Zoothera dixoni,1980,4.93114948272705
Zoothera mollissima,1980,2.80752277374268
Zoothera monticola,1980,5.29166126251221
Zosterops erythropleurus,1980,3.09552955627441
Abroscopus albogularis,1981,6.44013690948486
Accipiter gularis,1981,2.7167797088623
Accipiter soloensis,1981,5.711350440979
Accipiter trivirgatus,1981,7.26730298995972
Accipiter virgatus,1981,5.91280031204224
Acridotheres cristatellus,1981,6.15617561340332
Acridotheres tristis,1981,5.41854476928711
Acrocephalus agricola,1981,3.74947333335876
Acrocephalus bistrigiceps,1981,3.71754288673401
Acrocephalus concinens,1981,5.37708139419556
Acrocephalus orientalis,1981,3.81471276283264
Acrocephalus tangorum,1981,3.05271458625793
Aegithalos bonvaloti,1981,4.11497116088867
Aegithalos caudatus,1981,2.62138748168945
Aegithalos concinnus,1981,6.05981540679932
Aegithalos fuliginosus,1981,4.58612251281738
Aerodramus brevirostris,1981,5.54723978042603
Aethopyga christinae,1981,8.15499973297119
Aethopyga gouldiae,1981,4.88053131103516
Agropsar sturninus,1981,3.26775622367859
Aix galericulata,1981,2.96553087234497
Alauda gulgula,1981,4.44470739364624
Alaudala cheleensis,1981,3.32307529449463
Alcedo hercules,1981,7.03528165817261
Alcippe morrisonia,1981,6.17807340621948
Amaurornis phoenicurus,1981,6.07793951034546
Anastomus oscitans,1981,6.19074487686157
Anser anser,1981,2.71206450462341
Anser fabalis,1981,2.00790858268738
Anser indicus,1981,2.29796552658081
Anthus godlewskii,1981,2.36612796783447
Anthus gustavi,1981,2.71628713607788
Anthus richardi,1981,4.14942312240601
Anthus roseatus,1981,2.99344778060913
Anthus trivialis,1981,2.58897113800049
Aquila fasciata,1981,6.87970638275147
Aquila heliaca,1981,2.31291556358337
Ardea intermedia,1981,6.31300020217896
Ardea purpurea,1981,5.48677206039429
Ardenna pacifica,1981,7.45885229110718
Artamus fuscus,1981,7.19000196456909
Asio flammeus,1981,2.26181101799011
Athene noctua,1981,3.01743912696838
Aviceda jerdoni,1981,7.33322715759277
Aviceda leuphotes,1981,6.1031665802002
Aythya fuligula,1981,2.28270697593689
Aythya nyroca,1981,2.95745134353638
Bombycilla japonica,1981,1.44148218631744
Branta canadensis,1981,3.97874736785889
Bubo nipalensis,1981,5.03029346466065
Bucanetes mongolicus,1981,3.33280086517334
Butastur indicus,1981,3.07224035263062
Cacomantis merulinus,1981,6.89962482452393
Calandrella brachydactyla,1981,3.44278454780579
Calliope obscura,1981,4.24325132369995
Caprimulgus macrurus,1981,7.35917282104492
Carpodacus roborowskii,1981,1.18296992778778
Carpodacus vinaceus,1981,5.41380262374878
Cecropis daurica,1981,4.36611318588257
Centropus bengalensis,1981,6.71997356414795
Cephalopyrus flammiceps,1981,4.93212556838989
Certhia familiaris,1981,3.0841076374054
Certhia himalayana,1981,4.51986074447632
Certhia tianquanensis,1981,4.16967487335205
Ceryle rudis,1981,6.47807216644287
Cettia brunnifrons,1981,4.42425060272217
Cettia castaneocoronata,1981,5.17061614990234
Chalcophaps indica,1981,7.19302034378052
Charadrius atrifrons,1981,2.07507562637329
Charadrius dealbatus,1981,7.64197635650635
Charadrius placidus,1981,3.74614858627319
Charadrius veredus,1981,2.40234875679016
Chlidonias leucopterus,1981,2.95348048210144
Chlidonias niger,1981,2.83200407028198
Chloris ambigua,1981,5.58558320999146
Chloris sinica,1981,4.58944749832153
Chrysolophus pictus,1981,5.20503568649292
Ciconia boyciana,1981,2.9479455947876
Ciconia nigra,1981,3.48232960700989
Circaetus gallicus,1981,3.57095503807068
Circus macrourus,1981,2.61202812194824
Circus spilonotus,1981,2.41492223739624
Cisticola exilis,1981,6.66465425491333
Cisticola juncidis,1981,6.04324150085449
Clamator coromandus,1981,6.20324516296387
Clanga clanga,1981,2.51263737678528
Columba oenas,1981,2.62947082519531
Copsychus saularis,1981,6.15045309066773
Coracias garrulus,1981,2.59939098358154
Coturnicops exquisitus,1981,2.0925567150116
Crex crex,1981,2.55707693099976
Crossoptilon mantchuricum,1981,4.04313659667969
Curruca curruca,1981,3.23991680145264
Cyanistes cyanus,1981,2.28836536407471
Cyanoderma pyrrhops,1981,4.88962650299072
Cygnus cygnus,1981,2.57209849357605
Cygnus olor,1981,2.75963068008423
Cyornis glaucicomans,1981,5.91153478622437
Cyornis hainanus,1981,7.42427968978882
Cyornis rubeculoides,1981,6.31024217605591
Delichon dasypus,1981,3.87336492538452
Dendrocitta formosae,1981,6.35364294052124
Dendrocopos hyperythrus,1981,4.21507263183594
Dendrocygna javanica,1981,6.57095575332642
Dicaeum cruentatum,1981,6.78245449066162
Dicaeum ignipectus,1981,5.99604320526123
Dicaeum minullum,1981,5.81420660018921
Dicrurus annectens,1981,7.06444358825684
Dicrurus hottentottus,1981,5.80121612548828
Dicrurus remifer,1981,6.51151084899902
Egretta eulophotes,1981,4.41852331161499
Egretta garzetta,1981,5.26501512527466
Elachura formosa,1981,6.10903263092041
Elanus caeruleus,1981,7.07373428344727
Emberiza buchanani,1981,2.30751991271973
Emberiza citrinella,1981,2.27719163894653
Emberiza elegans,1981,4.2695107460022
Emberiza godlewskii,1981,3.22074437141418
Emberiza hortulana,1981,2.89018654823303
Emberiza leucocephalos,1981,2.10067582130432
Emberiza pallasi,1981,1.44551932811737
Emberiza pusilla,1981,2.69620943069458
Emberiza rustica,1981,0.77569317817688
Emberiza siemsseni,1981,4.60707950592041
Emberiza yessoensis,1981,2.71397042274475
Enicurus leschenaulti,1981,5.82556867599487
Enicurus maculatus,1981,6.47405862808228
Enicurus schistaceus,1981,6.40138387680054
Erpornis zantholeuca,1981,6.57872581481934
Erythrogenys hypoleucos,1981,7.08867073059082
Eudynamys scolopaceus,1981,6.14617395401001
Eumyias thalassinus,1981,5.69307899475098
Falco cherrug,1981,2.7527928352356
Falco severus,1981,6.56733655929565
Ficedula albicilla,1981,1.5317370891571
Ficedula elisae,1981,3.93029808998108
Ficedula erithacus,1981,4.03270959854126
Ficedula hyperythra,1981,6.1439323425293
Ficedula mugimaki,1981,2.6317937374115
Ficedula strophiata,1981,5.38084220886231
Ficedula superciliaris,1981,3.43935394287109
Ficedula tricolor,1981,5.08074235916138
Fringilla coelebs,1981,0.976582229137421
Fringilla montifringilla,1981,1.27571833133698
Galerida cristata,1981,3.69464492797852
Gallicrex cinerea,1981,5.51915836334229
Garrulax maesi,1981,6.37484455108643
Garrulax monileger,1981,6.8765811920166
Gavia arctica,1981,2.6898398399353
Gelochelidon nilotica,1981,4.03073167800903
Geokichla citrina,1981,6.49411058425903
Glaucidium cuculoides,1981,6.26024484634399
Gorsachius melanolophus,1981,7.48201942443848
Gracupica nigricollis,1981,6.59531927108765
Grandala coelicolor,1981,2.18757271766663
Grus japonensis,1981,2.65704488754272
Grus monacha,1981,2.01432609558105
Grus nigricollis,1981,1.40389573574066
Gypaetus barbatus,1981,2.32780265808105
Gyps himalayensis,1981,2.42976474761963
Halcyon coromanda,1981,4.38273143768311
Halcyon pileata,1981,5.50953388214111
Halcyon smyrnensis,1981,7.47332239151001
Haliaeetus leucoryphus,1981,5.61677217483521
Harpactes wardi,1981,4.37555265426636
Helopsaltes certhiola,1981,3.17325234413147
Helopsaltes pryeri,1981,3.71808099746704
Hemiprocne coronata,1981,6.32104921340942
Hemitesia pallidipes,1981,6.34872531890869
Hemixos castanonotus,1981,6.87629365921021
Heterophasia desgodinsi,1981,6.02404975891113
Heteroxenicus stellatus,1981,4.7861065864563
Hieraaetus pennatus,1981,1.81106245517731
Hierococcyx nisicolor,1981,6.37225246429443
Hirundapus caudacutus,1981,2.97980499267578
Hirundo rustica,1981,3.70738172531128
Histrionicus histrionicus,1981,2.62263822555542
Hydrocoloeus minutus,1981,4.32774496078491
Hydrophasianus chirurgus,1981,6.34767150878906
Hydroprogne caspia,1981,5.47740316390991
Hypothymis azurea,1981,6.46185255050659
Hypsipetes leucocephalus,1981,5.87356662750244
Ianthocincla lunulata,1981,4.73421669006348
Ibidorhyncha struthersii,1981,2.76505565643311
Ictinaetus malaiensis,1981,6.50797080993652
Iduna caligata,1981,2.53906416893005
Indicator xanthonotus,1981,5.22588205337524
Ixobrychus cinnamomeus,1981,5.89862680435181
Ixobrychus eurhythmus,1981,4.46328163146973
Ixobrychus minutus,1981,3.02952361106873
Ixos mcclellandii,1981,6.49306154251099
Ketupa flavipes,1981,6.32118988037109
Lalage melaschistos,1981,5.75752973556519
Lanius borealis,1981,2.40379595756531
Lanius collurioides,1981,6.79107427597046
Lanius isabellinus,1981,3.12766742706299
Lanius schach,1981,5.64128112792969
Lanius sphenocercus,1981,3.0118625164032
Lanius tephronotus,1981,3.28697204589844
Larus crassirostris,1981,5.91601324081421
Larvivora brunnea,1981,3.8716561794281
Larvivora cyane,1981,2.31290149688721
Leptopoecile elegans,1981,2.43513178825378
Leptoptilos javanicus,1981,6.41802358627319
Limnodromus semipalmatus,1981,2.21633744239807
Limosa limosa,1981,2.35313892364502
Linaria cannabina,1981,3.01890063285828
Locustella davidi,1981,2.31739664077759
Locustella mandelli,1981,6.34111166000366
Lonchura striata,1981,6.57878398895264
Lophotriorchis kienerii,1981,7.54164457321167
Lophura leucomelanos,1981,4.78186130523682
Lophura nycthemera,1981,6.74344444274902
Loxia curvirostra,1981,2.48187494277954
Macropygia unchall,1981,6.16883707046509
Mareca falcata,1981,1.99511790275574
Megaceryle lugubris,1981,5.86077880859375
Melanitta fusca,1981,2.18060803413391
Melanitta stejnegeri,1981,1.13623213768005
Melanochlora sultanea,1981,6.66419696807861
Mergus serrator,1981,2.37170934677124
Merops philippinus,1981,6.70633363723755
Mixornis gularis,1981,6.32348394393921
Monticola gularis,1981,2.66119790077209
Monticola rufiventris,1981,5.9205002784729
Monticola solitarius,1981,4.78964900970459
Motacilla citreola,1981,2.64348149299622
Moupinia poecilotis,1981,3.69449734687805
Muscicapa dauurica,1981,2.48400592803955
Muscicapa ferruginea,1981,5.28515386581421
Muscicapa muttui,1981,6.29132890701294
Mycerobas affinis,1981,3.36641192436218
Mycerobas carnipes,1981,2.73819828033447
Myiomela leucura,1981,5.87053537368774
Myophonus caeruleus,1981,5.2012243270874
Netta rufina,1981,3.20069146156311
Niltava davidi,1981,6.21171522140503
Niltava grandis,1981,6.02823972702026
Niltava macgrigoriae,1981,6.4221248626709
Niltava sundara,1981,4.9735803604126
Ninox japonica,1981,4.82128381729126
Nipponia nippon,1981,5.35975980758667
Nisaetus nipalensis,1981,6.11685466766357
Numenius madagascariensis,1981,2.25004839897156
Nycticorax nycticorax,1981,5.68472146987915
Oenanthe deserti,1981,2.76322412490845
Oenanthe oenanthe,1981,3.10634994506836
Onychoprion anaethetus,1981,7.25850296020508
Oriolus oriolus,1981,2.82926344871521
Otus lettia,1981,6.44609642028809
Otus semitorques,1981,3.93518829345703
Otus spilocephalus,1981,6.22868776321411
Oxyura leucocephala,1981,3.58148241043091
Panurus biarmicus,1981,3.08680653572083
Paradoxornis guttaticollis,1981,6.27469444274902
Paradoxornis heudei,1981,5.05849933624268
Parayuhina diademata,1981,5.40451145172119
Pardaliparus venustulus,1981,5.4536600112915
Parus monticolus,1981,5.30700206756592
Passer cinnamomeus,1981,5.28049516677856
Passer domesticus,1981,2.30539727210999
Passer hispaniolensis,1981,3.17595553398132
Pelecanus crispus,1981,2.21055030822754
Pellorneum tickelli,1981,6.83116865158081
Perdix hodgsoniae,1981,1.72390043735504
Pericrocotus cantonensis,1981,6.17880153656006
Pericrocotus divaricatus,1981,2.6761634349823
Pericrocotus ethologus,1981,4.62086582183838
Pericrocotus solaris,1981,6.57231140136719
Periparus rubidiventris,1981,2.43240809440613
Pernis ptilorhynchus,1981,2.96376442909241
Phasianus colchicus,1981,4.16939830780029
Phoenicurus erythronotus,1981,3.22071361541748
Phoenicurus frontalis,1981,3.32913827896118
Phoenicurus leucocephalus,1981,4.03563833236694
Phoenicurus ochruros,1981,2.90054750442505
Phoenicurus schisticeps,1981,2.94443726539612
Phylloscopus affinis,1981,3.47271418571472
Phylloscopus burkii,1981,2.79001426696777
Phylloscopus cantator,1981,6.05401754379273
Phylloscopus castaniceps,1981,6.11347818374634
Phylloscopus claudiae,1981,4.54656505584717
Phylloscopus coronatus,1981,3.7655656337738
Phylloscopus emeiensis,1981,5.2580451965332
Phylloscopus intermedius,1981,5.63027763366699
Phylloscopus magnirostris,1981,3.80653882026672
Phylloscopus ogilviegranti,1981,6.53372049331665
Phylloscopus omeiensis,1981,4.69947004318237
Phylloscopus pulcher,1981,4.16427278518677
Phylloscopus ricketti,1981,5.89949607849121
Phylloscopus soror,1981,5.4996600151062
Phylloscopus subaffinis,1981,4.97476196289063
Phylloscopus tenellipes,1981,3.15560603141785
Phylloscopus tephrocephalus,1981,5.11618375778198
Phylloscopus yunnanensis,1981,4.07763481140137
Picumnus innominatus,1981,5.92374086380005
Picus chlorolophus,1981,6.7052698135376
Pitta nympha,1981,6.35496950149536
Platalea minor,1981,4.35562467575073
Pnoepyga immaculata,1981,3.50292348861694
Podiceps auritus,1981,2.16523599624634
Podiceps grisegena,1981,2.48928046226501
Podiceps nigricollis,1981,2.90875625610352
Podoces biddulphi,1981,4.92171812057495
Pomatorhinus schisticeps,1981,6.39983415603638
Pomatorhinus superciliaris,1981,6.028639793396
Prinia atrogularis,1981,5.58387327194214
Prinia flaviventris,1981,6.90160465240479
Prinia inornata,1981,6.51103115081787
Prunella collaris,1981,2.31722640991211
Prunella himalayana,1981,1.9192042350769
Prunella immaculata,1981,2.78570079803467
Prunella montanella,1981,1.14861106872559
Prunella strophiata,1981,3.34630584716797
Psarisomus dalhousiae,1981,6.43440055847168
Pseudopodoces humilis,1981,1.55401086807251
Psilopogon faber,1981,6.90247488021851
Psilopogon virens,1981,6.21278285980225
Pterorhinus berthemyi,1981,6.05632781982422
Pterorhinus lanceolatus,1981,5.6194634437561
Pterorhinus pectoralis,1981,6.18146848678589
Pterorhinus sannio,1981,6.21210384368897
Pteruthius rufiventer,1981,5.57255220413208
Pteruthius xanthochlorus,1981,4.72931528091431
Ptyonoprogne rupestris,1981,3.44399046897888
Pycnonotus aurigaster,1981,6.51661252975464
Pycnonotus jocosus,1981,6.66905117034912
Pycnonotus sinensis,1981,5.81921339035034
Pycnonotus xanthorrhous,1981,5.82843971252441
Pyrrhula erythaca,1981,4.38161087036133
Pyrrhula nipalensis,1981,5.8264856338501
Rallina eurizonoides,1981,7.14561700820923
Rallus aquaticus,1981,2.71585893630981
Recurvirostra avosetta,1981,2.41110897064209
Regulus regulus,1981,3.90706539154053
Remiz consobrinus,1981,2.88079380989075
Remiz coronatus,1981,2.69597053527832
Rhodospiza obsoleta,1981,3.37430334091187
Rubigula flaviventris,1981,6.82099342346191
Sasia ochracea,1981,6.88541984558106
Saxicola ferreus,1981,5.75294971466065
Sitta cinnamoventris,1981,6.41930532455444
Sitta formosa,1981,6.12989139556885
Sitta villosa,1981,3.5890793800354
Sittiparus varius,1981,3.46254658699036
Spilopelia chinensis,1981,5.78382921218872
Spilopelia senegalensis,1981,3.08993625640869
Spilornis cheela,1981,6.45560026168823
Spinus spinus,1981,1.92141401767731
Spizixos semitorques,1981,6.06466627120972
Spodiopsar cineraceus,1981,3.14494562149048
Spodiopsar sericeus,1981,6.4217700958252
Stachyris humei,1981,5.52933740615845
Staphida torqueola,1981,6.41443586349487
Streptopelia decaocto,1981,3.93944454193115
Sturnia sinensis,1981,6.84228992462158
Sturnus vulgaris,1981,3.34203624725342
Suthora fulvifrons,1981,4.43644285202026
Syrmaticus humiae,1981,6.37744665145874
Syrmaticus reevesii,1981,5.66098546981812
Syrrhaptes paradoxus,1981,3.09585046768189
Tarsiger chrysaeus,1981,3.96632146835327
Tarsiger indicus,1981,4.52603387832642
Temnurus temnurus,1981,8.02766990661621
Tephrodornis virgatus,1981,6.95081472396851
Thalasseus bergii,1981,7.60474014282227
Timalia pileata,1981,6.91036081314087
Tragopan caboti,1981,6.67444086074829
Tragopan temminckii,1981,5.29611825942993
Treron curvirostra,1981,6.81287240982056
Treron sieboldii,1981,6.50513076782227
Treron sphenurus,1981,5.78907823562622
Turdus boulboul,1981,6.48804378509522
Turdus cardis,1981,5.78343725204468
Turdus feae,1981,3.90198636054993
Turdus mandarinus,1981,5.77053594589233
Turdus pilaris,1981,1.65644788742065
Turdus rubrocanus,1981,3.5872049331665
Turdus ruficollis,1981,2.83916091918945
Turdus viscivorus,1981,3.23383641242981
Turnix suscitator,1981,6.5920467376709
Tyto longimembris,1981,6.51476240158081
Urile pelagicus,1981,4.63610124588013
Urosphena squameiceps,1981,2.93325424194336
Vanellus cinereus,1981,2.96939086914063
Vanellus indicus,1981,6.53992366790772
Vanellus vanellus,1981,2.78200578689575
Yuhina nigrimenta,1981,5.87668991088867
Zoothera dixoni,1981,4.97057676315308
Zoothera mollissima,1981,2.89230751991272
Zoothera monticola,1981,5.34419822692871
Zosterops erythropleurus,1981,3.17574858665466
Abroscopus albogularis,1982,6.41463422775269
Accipiter gularis,1982,2.96673154830933
Accipiter soloensis,1982,5.7813868522644
Accipiter trivirgatus,1982,7.21726179122925
Accipiter virgatus,1982,5.86028909683228
Acridotheres cristatellus,1982,6.14679765701294
Acridotheres tristis,1982,5.37221574783325
Acrocephalus agricola,1982,3.89287996292114
Acrocephalus bistrigiceps,1982,3.90111255645752
Acrocephalus concinens,1982,5.45804357528687
Acrocephalus orientalis,1982,3.99186444282532
Acrocephalus tangorum,1982,3.35123658180237
Aegithalos bonvaloti,1982,3.98779320716858
Aegithalos caudatus,1982,2.87276744842529
Aegithalos concinnus,1982,6.05114889144898
Aegithalos fuliginosus,1982,4.54813289642334
Aerodramus brevirostris,1982,5.48620319366455
Aethopyga christinae,1982,8.133713722229
Aethopyga gouldiae,1982,4.82667350769043
Agropsar sturninus,1982,3.45972323417664
Aix galericulata,1982,3.24615335464478
Alauda gulgula,1982,4.40946674346924
Alaudala cheleensis,1982,3.4300525188446
Alcedo hercules,1982,6.9872407913208
Alcippe morrisonia,1982,6.16231775283814
Amaurornis phoenicurus,1982,6.06549549102783
Anastomus oscitans,1982,6.1048150062561
Anser anser,1982,2.94360089302063
Anser fabalis,1982,2.24984812736511
Anser indicus,1982,2.28031706809998
Anthus godlewskii,1982,2.58463096618652
Anthus gustavi,1982,3.03505444526672
Anthus richardi,1982,4.27417755126953
Anthus roseatus,1982,2.95155763626099
Anthus trivialis,1982,2.76804709434509
Aquila fasciata,1982,6.89358377456665
Aquila heliaca,1982,2.50575566291809
Ardea intermedia,1982,6.3018102645874
Ardea purpurea,1982,5.57520914077759
Ardenna pacifica,1982,7.46107006072998
Artamus fuscus,1982,7.14718103408814
Asio flammeus,1982,2.46478343009949
Athene noctua,1982,3.09930419921875
Aviceda jerdoni,1982,7.26638078689575
Aviceda leuphotes,1982,6.06048774719238
Aythya fuligula,1982,2.53829431533814
Aythya nyroca,1982,3.19605755805969
Bombycilla japonica,1982,1.62388825416565
Branta canadensis,1982,4.17246866226196
Bubo nipalensis,1982,4.91659450531006
Bucanetes mongolicus,1982,3.51510953903198
Butastur indicus,1982,3.35405421257019
Cacomantis merulinus,1982,6.85609531402588
Calandrella brachydactyla,1982,3.67919898033142
Calliope obscura,1982,4.21859502792358
Caprimulgus macrurus,1982,7.30525255203247
Carpodacus roborowskii,1982,1.01996254920959
Carpodacus vinaceus,1982,5.36422157287598
Cecropis daurica,1982,4.43153238296509
Centropus bengalensis,1982,6.71629619598389
Cephalopyrus flammiceps,1982,4.87377977371216
Certhia familiaris,1982,3.26990604400635
Certhia himalayana,1982,4.42896509170532
Certhia tianquanensis,1982,4.08963537216187
Ceryle rudis,1982,6.46604490280151
Cettia brunnifrons,1982,4.3238091468811
Cettia castaneocoronata,1982,5.0711727142334
Chalcophaps indica,1982,7.1521954536438
Charadrius atrifrons,1982,2.03412938117981
Charadrius dealbatus,1982,7.62811374664307
Charadrius placidus,1982,3.94639348983765
Charadrius veredus,1982,2.61668992042542
Chlidonias leucopterus,1982,3.18594026565552
Chlidonias niger,1982,3.02368855476379
Chloris ambigua,1982,5.47510766983032
Chloris sinica,1982,4.67545318603516
Chrysolophus pictus,1982,5.15901803970337
Ciconia boyciana,1982,3.25129246711731
Ciconia nigra,1982,3.64785575866699
Circaetus gallicus,1982,3.82407164573669
Circus macrourus,1982,2.8906557559967
Circus spilonotus,1982,2.66389560699463
Cisticola exilis,1982,6.63945150375366
Cisticola juncidis,1982,6.06922101974487
Clamator coromandus,1982,6.20759916305542
Clanga clanga,1982,2.76426458358765
Columba oenas,1982,2.72078275680542
Copsychus saularis,1982,6.13278818130493
Coracias garrulus,1982,2.71625113487244
Coturnicops exquisitus,1982,2.33764266967773
Crex crex,1982,2.71576762199402
Crossoptilon mantchuricum,1982,4.16336393356323
Curruca curruca,1982,3.33817982673645
Cyanistes cyanus,1982,2.48080611228943
Cyanoderma pyrrhops,1982,4.87060070037842
Cygnus cygnus,1982,2.74487352371216
Cygnus olor,1982,2.78880929946899
Cyornis glaucicomans,1982,5.87386178970337
Cyornis hainanus,1982,7.39817333221436
Cyornis rubeculoides,1982,6.22555875778198
Delichon dasypus,1982,3.83354878425598
Dendrocitta formosae,1982,6.33699417114258
Dendrocopos hyperythrus,1982,4.17135763168335
Dendrocygna javanica,1982,6.56457090377808
Dicaeum cruentatum,1982,6.75843572616577
Dicaeum ignipectus,1982,5.96502876281738
Dicaeum minullum,1982,5.7547721862793
Dicrurus annectens,1982,6.99881505966187
Dicrurus hottentottus,1982,5.79794025421143
Dicrurus remifer,1982,6.43107604980469
Egretta eulophotes,1982,4.67189836502075
Egretta garzetta,1982,5.25571203231812
Elachura formosa,1982,6.03419303894043
Elanus caeruleus,1982,7.07952404022217
Emberiza buchanani,1982,2.52794337272644
Emberiza citrinella,1982,2.64858603477478
Emberiza elegans,1982,4.37197208404541
Emberiza godlewskii,1982,3.26523661613464
Emberiza hortulana,1982,3.22947096824646
Emberiza leucocephalos,1982,2.22432494163513
Emberiza pallasi,1982,1.61827337741852
Emberiza pusilla,1982,2.94755339622498
Emberiza rustica,1982,1.16736543178558
Emberiza siemsseni,1982,4.58454084396362
Emberiza yessoensis,1982,3.01738929748535
Enicurus leschenaulti,1982,5.80250835418701
Enicurus maculatus,1982,6.41460561752319
Enicurus schistaceus,1982,6.36039066314697
Erpornis zantholeuca,1982,6.53884983062744
Erythrogenys hypoleucos,1982,7.0408091545105
Eudynamys scolopaceus,1982,6.13894510269165
Eumyias thalassinus,1982,5.64262342453003
Falco cherrug,1982,2.80802702903748
Falco severus,1982,6.50264120101929
Ficedula albicilla,1982,1.68149602413178
Ficedula elisae,1982,4.07707691192627
Ficedula erithacus,1982,3.9156928062439
Ficedula hyperythra,1982,6.06815242767334
Ficedula mugimaki,1982,2.88418745994568
Ficedula strophiata,1982,5.32209300994873
Ficedula superciliaris,1982,3.3409731388092
Ficedula tricolor,1982,4.993483543396
Fringilla coelebs,1982,1.36847937107086
Fringilla montifringilla,1982,1.66169285774231
Galerida cristata,1982,3.83432459831238
Gallicrex cinerea,1982,5.57005500793457
Garrulax maesi,1982,6.33745384216309
Garrulax monileger,1982,6.85573291778565
Gavia arctica,1982,2.87259888648987
Gelochelidon nilotica,1982,4.12756872177124
Geokichla citrina,1982,6.47723388671875
Glaucidium cuculoides,1982,6.24874210357666
Gorsachius melanolophus,1982,7.45283699035645
Gracupica nigricollis,1982,6.55448722839356
Grandala coelicolor,1982,2.08061456680298
Grus japonensis,1982,2.96540856361389
Grus monacha,1982,2.29486775398254
Grus nigricollis,1982,1.31414294242859
Gypaetus barbatus,1982,2.31060075759888
Gyps himalayensis,1982,2.38296341896057
Halcyon coromanda,1982,4.53369569778442
Halcyon pileata,1982,5.5446662902832
Halcyon smyrnensis,1982,7.46558332443237
Haliaeetus leucoryphus,1982,5.54676389694214
Harpactes wardi,1982,4.26664209365845
Helopsaltes certhiola,1982,3.3444619178772
Helopsaltes pryeri,1982,3.9128577709198
Hemiprocne coronata,1982,6.24134731292725
Hemitesia pallidipes,1982,6.2590823173523
Hemixos castanonotus,1982,6.86366605758667
Heterophasia desgodinsi,1982,5.95204782485962
Heteroxenicus stellatus,1982,4.69370317459106
Hieraaetus pennatus,1982,1.95004081726074
Hierococcyx nisicolor,1982,6.32636070251465
Hirundapus caudacutus,1982,3.08840370178223
Hirundo rustica,1982,3.77259874343872
Histrionicus histrionicus,1982,2.93335700035095
Hydrocoloeus minutus,1982,4.62967109680176
Hydrophasianus chirurgus,1982,6.32959222793579
Hydroprogne caspia,1982,5.61624526977539
Hypothymis azurea,1982,6.40309143066406
Hypsipetes leucocephalus,1982,5.84797430038452
Ianthocincla lunulata,1982,4.68982458114624
Ibidorhyncha struthersii,1982,2.73697137832642
Ictinaetus malaiensis,1982,6.51246786117554
Iduna caligata,1982,2.8851912021637
Indicator xanthonotus,1982,5.12129783630371
Ixobrychus cinnamomeus,1982,5.92978668212891
Ixobrychus eurhythmus,1982,4.61208915710449
Ixobrychus minutus,1982,3.18949627876282
Ixos mcclellandii,1982,6.46530485153198
Ketupa flavipes,1982,6.33398532867432
Lalage melaschistos,1982,5.75589656829834
Lanius borealis,1982,2.60417246818543
Lanius collurioides,1982,6.735511302948
Lanius isabellinus,1982,3.23035264015198
Lanius schach,1982,5.62235307693481
Lanius sphenocercus,1982,3.22554278373718
Lanius tephronotus,1982,3.17433857917786
Larus crassirostris,1982,6.01015567779541
Larvivora brunnea,1982,3.77470350265503
Larvivora cyane,1982,2.56030297279358
Leptopoecile elegans,1982,2.33599090576172
Leptoptilos javanicus,1982,6.32139539718628
Limnodromus semipalmatus,1982,2.46426010131836
Limosa limosa,1982,2.5826518535614
Linaria cannabina,1982,3.27504301071167
Locustella davidi,1982,2.56870627403259
Locustella mandelli,1982,6.29923439025879
Lonchura striata,1982,6.57655715942383
Lophotriorchis kienerii,1982,7.49868488311768
Lophura leucomelanos,1982,4.68306636810303
Lophura nycthemera,1982,6.69046497344971
Loxia curvirostra,1982,2.58553576469421
Macropygia unchall,1982,6.11566400527954
Mareca falcata,1982,2.23303174972534
Megaceryle lugubris,1982,5.88640975952148
Melanitta fusca,1982,2.53205919265747
Melanitta stejnegeri,1982,1.20414006710053
Melanochlora sultanea,1982,6.61242437362671
Mergus serrator,1982,2.64819049835205
Merops philippinus,1982,6.63302755355835
Mixornis gularis,1982,6.22789907455444
Monticola gularis,1982,2.90814185142517
Monticola rufiventris,1982,5.88986825942993
Monticola solitarius,1982,4.83379507064819
Motacilla citreola,1982,2.66241312026978
Moupinia poecilotis,1982,3.58380818367004
Muscicapa dauurica,1982,2.73389196395874
Muscicapa ferruginea,1982,5.21482467651367
Muscicapa muttui,1982,6.24432611465454
Mycerobas affinis,1982,3.24221873283386
Mycerobas carnipes,1982,2.67746782302856
Myiomela leucura,1982,5.81686544418335
Myophonus caeruleus,1982,5.1989107131958
Netta rufina,1982,3.43178820610046
Niltava davidi,1982,6.16450500488281
Niltava grandis,1982,5.93983888626099
Niltava macgrigoriae,1982,6.34440135955811
Niltava sundara,1982,4.91141986846924
Ninox japonica,1982,4.96463251113892
Nipponia nippon,1982,5.36584758758545
Nisaetus nipalensis,1982,6.06497192382813
Numenius madagascariensis,1982,2.52115535736084
Nycticorax nycticorax,1982,5.73337459564209
Oenanthe deserti,1982,2.82173633575439
Oenanthe oenanthe,1982,3.27902150154114
Onychoprion anaethetus,1982,7.2509970664978
Oriolus oriolus,1982,3.07695055007935
Otus lettia,1982,6.43716096878052
Otus semitorques,1982,4.14027261734009
Otus spilocephalus,1982,6.18907833099365
Oxyura leucocephala,1982,3.69305396080017
Panurus biarmicus,1982,3.22848606109619
Paradoxornis guttaticollis,1982,6.23922061920166
Paradoxornis heudei,1982,5.21226167678833
Parayuhina diademata,1982,5.34134864807129
Pardaliparus venustulus,1982,5.48477554321289
Parus monticolus,1982,5.26040935516357
Passer cinnamomeus,1982,5.28406143188477
Passer domesticus,1982,2.4561243057251
Passer hispaniolensis,1982,3.39028000831604
Pelecanus crispus,1982,2.30208802223206
Pellorneum tickelli,1982,6.74700593948364
Perdix hodgsoniae,1982,1.6077938079834
Pericrocotus cantonensis,1982,6.17659568786621
Pericrocotus divaricatus,1982,2.98052978515625
Pericrocotus ethologus,1982,4.60184574127197
Pericrocotus solaris,1982,6.53828144073486
Periparus rubidiventris,1982,2.29542398452759
Pernis ptilorhynchus,1982,3.13501906394959
Phasianus colchicus,1982,4.2703914642334
Phoenicurus erythronotus,1982,3.39323401451111
Phoenicurus frontalis,1982,3.24324703216553
Phoenicurus leucocephalus,1982,3.9964907169342
Phoenicurus ochruros,1982,2.92704367637634
Phoenicurus schisticeps,1982,2.82370042800903
Phylloscopus affinis,1982,3.37177395820618
Phylloscopus burkii,1982,2.73993182182312
Phylloscopus cantator,1982,5.96737432479858
Phylloscopus castaniceps,1982,6.07825946807861
Phylloscopus claudiae,1982,4.57396411895752
Phylloscopus coronatus,1982,3.87033224105835
Phylloscopus emeiensis,1982,5.17136669158936
Phylloscopus intermedius,1982,5.58554315567017
Phylloscopus magnirostris,1982,3.69156837463379
Phylloscopus ogilviegranti,1982,6.49474048614502
Phylloscopus omeiensis,1982,4.63649034500122
Phylloscopus pulcher,1982,4.05291366577148
Phylloscopus ricketti,1982,5.8942723274231
Phylloscopus soror,1982,5.47965335845947
Phylloscopus subaffinis,1982,4.939621925354
Phylloscopus tenellipes,1982,3.44746685028076
Phylloscopus tephrocephalus,1982,5.0666389465332
Phylloscopus yunnanensis,1982,4.13300085067749
Picumnus innominatus,1982,5.89970684051514
Picus chlorolophus,1982,6.65458202362061
Pitta nympha,1982,6.39001274108887
Platalea minor,1982,4.63425016403198
Pnoepyga immaculata,1982,3.48388957977295
Podiceps auritus,1982,2.33092999458313
Podiceps grisegena,1982,2.71888041496277
Podiceps nigricollis,1982,3.14734172821045
Podoces biddulphi,1982,5.01994037628174
Pomatorhinus schisticeps,1982,6.30477905273438
Pomatorhinus superciliaris,1982,5.94465398788452
Prinia atrogularis,1982,5.48093128204346
Prinia flaviventris,1982,6.81634616851807
Prinia inornata,1982,6.50699949264526
Prunella collaris,1982,2.35092854499817
Prunella himalayana,1982,2.06499481201172
Prunella immaculata,1982,2.65517520904541
Prunella montanella,1982,1.25794613361359
Prunella strophiata,1982,3.25366377830505
Psarisomus dalhousiae,1982,6.34813022613525
Pseudopodoces humilis,1982,1.46709942817688
Psilopogon faber,1982,6.89444065093994
Psilopogon virens,1982,6.17500257492065
Pterorhinus berthemyi,1982,6.05029058456421
Pterorhinus lanceolatus,1982,5.57418155670166
Pterorhinus pectoralis,1982,6.1893630027771
Pterorhinus sannio,1982,6.19302988052368
Pteruthius rufiventer,1982,5.47558927536011
Pteruthius xanthochlorus,1982,4.6497859954834
Ptyonoprogne rupestris,1982,3.48081493377686
Pycnonotus aurigaster,1982,6.48454856872559
Pycnonotus jocosus,1982,6.61396408081055
Pycnonotus sinensis,1982,5.86250114440918
Pycnonotus xanthorrhous,1982,5.79244375228882
Pyrrhula erythaca,1982,4.32435178756714
Pyrrhula nipalensis,1982,5.770188331604
Rallina eurizonoides,1982,7.08914089202881
Rallus aquaticus,1982,2.7129647731781
Recurvirostra avosetta,1982,2.63752412796021
Regulus regulus,1982,3.88663625717163
Remiz consobrinus,1982,3.13778591156006
Remiz coronatus,1982,2.88822531700134
Rhodospiza obsoleta,1982,3.46189856529236
Rubigula flaviventris,1982,6.74700689315796
Sasia ochracea,1982,6.81766510009766
Saxicola ferreus,1982,5.73512649536133
Sitta cinnamoventris,1982,6.32611036300659
Sitta formosa,1982,6.0419807434082
Sitta villosa,1982,3.68248414993286
Sittiparus varius,1982,3.72575116157532
Spilopelia chinensis,1982,5.79311084747315
Spilopelia senegalensis,1982,3.21762490272522
Spilornis cheela,1982,6.42071962356567
Spinus spinus,1982,2.15615725517273
Spizixos semitorques,1982,6.06810712814331
Spodiopsar cineraceus,1982,3.30047202110291
Spodiopsar sericeus,1982,6.42801094055176
Stachyris humei,1982,5.43195343017578
Staphida torqueola,1982,6.39933395385742
Streptopelia decaocto,1982,4.03413486480713
Sturnia sinensis,1982,6.8450608253479
Sturnus vulgaris,1982,3.50330805778503
Suthora fulvifrons,1982,4.35170793533325
Syrmaticus humiae,1982,6.28942489624023
Syrmaticus reevesii,1982,5.62915706634522
Syrrhaptes paradoxus,1982,3.31967163085938
Tarsiger chrysaeus,1982,3.84864926338196
Tarsiger indicus,1982,4.40369653701782
Temnurus temnurus,1982,8.00359153747559
Tephrodornis virgatus,1982,6.94173812866211
Thalasseus bergii,1982,7.60185861587524
Timalia pileata,1982,6.87105417251587
Tragopan caboti,1982,6.68946266174316
Tragopan temminckii,1982,5.22813558578491
Treron curvirostra,1982,6.73934698104858
Treron sieboldii,1982,6.5222282409668
Treron sphenurus,1982,5.68781518936157
Turdus boulboul,1982,6.40757560729981
Turdus cardis,1982,5.81422996520996
Turdus feae,1982,4.03674745559692
Turdus mandarinus,1982,5.76295280456543
Turdus pilaris,1982,1.86279594898224
Turdus rubrocanus,1982,3.50415349006653
Turdus ruficollis,1982,3.06318974494934
Turdus viscivorus,1982,3.43908739089966
Turnix suscitator,1982,6.53816890716553
Tyto longimembris,1982,6.52963781356812
Urile pelagicus,1982,4.8720850944519
Urosphena squameiceps,1982,3.22145342826843
Vanellus cinereus,1982,3.24607300758362
Vanellus indicus,1982,6.46200513839722
Vanellus vanellus,1982,3.01349472999573
Yuhina nigrimenta,1982,5.83295583724976
Zoothera dixoni,1982,4.85900354385376
Zoothera mollissima,1982,2.77085518836975
Zoothera monticola,1982,5.26851272583008
Zosterops erythropleurus,1982,3.46224713325501
Abroscopus albogularis,1983,6.45293617248535
Accipiter gularis,1983,2.86377048492432
Accipiter soloensis,1983,5.78583383560181
Accipiter trivirgatus,1983,7.22961139678955
Accipiter virgatus,1983,5.88062953948975
Acridotheres cristatellus,1983,6.17919635772705
Acridotheres tristis,1983,5.41642904281616
Acrocephalus agricola,1983,3.90419459342957
Acrocephalus bistrigiceps,1983,3.84930515289307
Acrocephalus concinens,1983,5.47923851013184
Acrocephalus orientalis,1983,3.94359445571899
Acrocephalus tangorum,1983,3.19908547401428
Aegithalos bonvaloti,1983,3.99134635925293
Aegithalos caudatus,1983,2.77652955055237
Aegithalos concinnus,1983,6.08532762527466
Aegithalos fuliginosus,1983,4.53802728652954
Aerodramus brevirostris,1983,5.51487970352173
Aethopyga christinae,1983,8.09784412384033
Aethopyga gouldiae,1983,4.82899856567383
Agropsar sturninus,1983,3.37581539154053
Aix galericulata,1983,3.09816098213196
Alauda gulgula,1983,4.37392616271973
Alaudala cheleensis,1983,3.37750720977783
Alcedo hercules,1983,7.00324869155884
Alcippe morrisonia,1983,6.19579362869263
Amaurornis phoenicurus,1983,6.09541082382202
Anastomus oscitans,1983,6.13848400115967
Anser anser,1983,2.89542937278748
Anser fabalis,1983,2.11243081092834
Anser indicus,1983,2.25397443771362
Anthus godlewskii,1983,2.49787640571594
Anthus gustavi,1983,2.81583380699158
Anthus richardi,1983,4.2423529624939
Anthus roseatus,1983,2.88652515411377
Anthus trivialis,1983,2.83352184295654
Aquila fasciata,1983,6.92410707473755
Aquila heliaca,1983,2.53767323493958
Ardea intermedia,1983,6.34246587753296
Ardea purpurea,1983,5.57288980484009
Ardenna pacifica,1983,7.48812246322632
Artamus fuscus,1983,7.16377210617065
Asio flammeus,1983,2.43911600112915
Athene noctua,1983,3.03864169120789
Aviceda jerdoni,1983,7.2637186050415
Aviceda leuphotes,1983,6.09014511108398
Aythya fuligula,1983,2.42414522171021
Aythya nyroca,1983,3.20769000053406
Bombycilla japonica,1983,1.53336477279663
Branta canadensis,1983,4.18243789672852
Bubo nipalensis,1983,4.92369413375855
Bucanetes mongolicus,1983,3.48180770874023
Butastur indicus,1983,3.22502946853638
Cacomantis merulinus,1983,6.87531566619873
Calandrella brachydactyla,1983,3.7001633644104
Calliope obscura,1983,4.17298412322998
Caprimulgus macrurus,1983,7.30974864959717
Carpodacus roborowskii,1983,0.829014897346497
Carpodacus vinaceus,1983,5.36652565002441
Cecropis daurica,1983,4.40243196487427
Centropus bengalensis,1983,6.75361728668213
Cephalopyrus flammiceps,1983,4.88997077941895
Certhia familiaris,1983,3.19908142089844
Certhia himalayana,1983,4.41716241836548
Certhia tianquanensis,1983,4.07330179214478
Ceryle rudis,1983,6.50204229354858
Cettia brunnifrons,1983,4.31210899353027
Cettia castaneocoronata,1983,5.08245086669922
Chalcophaps indica,1983,7.17020702362061
Charadrius atrifrons,1983,1.92992055416107
Charadrius dealbatus,1983,7.64594507217407
Charadrius placidus,1983,3.86559414863586
Charadrius veredus,1983,2.52739882469177
Chlidonias leucopterus,1983,3.10499167442322
Chlidonias niger,1983,3.12051367759705
Chloris ambigua,1983,5.49272060394287
Chloris sinica,1983,4.64385080337524
Chrysolophus pictus,1983,5.18317556381226
Ciconia boyciana,1983,3.0778341293335
Ciconia nigra,1983,3.59992933273315
Circaetus gallicus,1983,3.8312349319458
Circus macrourus,1983,2.93514180183411
Circus spilonotus,1983,2.54276776313782
Cisticola exilis,1983,6.67064762115479
Cisticola juncidis,1983,6.09768438339233
Clamator coromandus,1983,6.23810625076294
Clanga clanga,1983,2.64847660064697
Columba oenas,1983,2.85455989837647
Copsychus saularis,1983,6.16580247879028
Coracias garrulus,1983,2.84001088142395
Coturnicops exquisitus,1983,2.2007098197937
Crex crex,1983,2.8153612613678
Crossoptilon mantchuricum,1983,4.14217901229858
Curruca curruca,1983,3.30746626853943
Cyanistes cyanus,1983,2.43426322937012
Cyanoderma pyrrhops,1983,4.88034677505493
Cygnus cygnus,1983,2.68161582946777
Cygnus olor,1983,2.64775705337524
Cyornis glaucicomans,1983,5.91213464736939
Cyornis hainanus,1983,7.41073513031006
Cyornis rubeculoides,1983,6.21345138549805
Delichon dasypus,1983,3.7746057510376
Dendrocitta formosae,1983,6.37302684783936
Dendrocopos hyperythrus,1983,4.11422681808472
Dendrocygna javanica,1983,6.60179805755615
Dicaeum cruentatum,1983,6.79217720031738
Dicaeum ignipectus,1983,5.99453163146973
Dicaeum minullum,1983,5.77130222320557
Dicrurus annectens,1983,7.01915836334229
Dicrurus hottentottus,1983,5.82260322570801
Dicrurus remifer,1983,6.4554328918457
Egretta eulophotes,1983,4.68082904815674
Egretta garzetta,1983,5.26095819473267
Elachura formosa,1983,6.06004095077515
Elanus caeruleus,1983,7.12329816818237
Emberiza buchanani,1983,2.5877857208252
Emberiza citrinella,1983,2.55453610420227
Emberiza elegans,1983,4.32929277420044
Emberiza godlewskii,1983,3.20722198486328
Emberiza hortulana,1983,3.20410943031311
Emberiza leucocephalos,1983,2.14009666442871
Emberiza pallasi,1983,1.56664085388184
Emberiza pusilla,1983,2.834721326828
Emberiza rustica,1983,1.0027859210968
Emberiza siemsseni,1983,4.56181478500366
Emberiza yessoensis,1983,2.81446242332459
Enicurus leschenaulti,1983,5.82273244857788
Enicurus maculatus,1983,6.44277572631836
Enicurus schistaceus,1983,6.39760637283325
Erpornis zantholeuca,1983,6.5706262588501
Erythrogenys hypoleucos,1983,7.09161329269409
Eudynamys scolopaceus,1983,6.17083072662354
Eumyias thalassinus,1983,5.66901397705078
Falco cherrug,1983,2.74645066261292
Falco severus,1983,6.51737880706787
Ficedula albicilla,1983,1.64002895355225
Ficedula elisae,1983,4.07506132125855
Ficedula erithacus,1983,3.86711263656616
Ficedula hyperythra,1983,6.09399604797363
Ficedula mugimaki,1983,2.77518773078918
Ficedula strophiata,1983,5.33397245407105
Ficedula superciliaris,1983,3.32232284545898
Ficedula tricolor,1983,4.99694538116455
Fringilla coelebs,1983,1.2105724811554
Fringilla montifringilla,1983,1.53449702262878
Galerida cristata,1983,3.7892472743988
Gallicrex cinerea,1983,5.58083295822144
Garrulax maesi,1983,6.38065242767334
Garrulax monileger,1983,6.88749265670776
Gavia arctica,1983,2.94083881378174
Gelochelidon nilotica,1983,4.19148969650269
Geokichla citrina,1983,6.51559400558472
Glaucidium cuculoides,1983,6.28171539306641
Gorsachius melanolophus,1983,7.45664930343628
Gracupica nigricollis,1983,6.58710765838623
Grandala coelicolor,1983,1.97351467609406
Grus japonensis,1983,2.76253390312195
Grus monacha,1983,2.10364413261414
Grus nigricollis,1983,1.18507516384125
Gypaetus barbatus,1983,2.23632216453552
Gyps himalayensis,1983,2.30422854423523
Halcyon coromanda,1983,4.47547912597656
Halcyon pileata,1983,5.56086921691895
Halcyon smyrnensis,1983,7.4691972732544
Haliaeetus leucoryphus,1983,5.528395652771
Harpactes wardi,1983,4.24199485778809
Helopsaltes certhiola,1983,3.28419017791748
Helopsaltes pryeri,1983,3.83063364028931
Hemiprocne coronata,1983,6.25572824478149
Hemitesia pallidipes,1983,6.28006267547607
Hemixos castanonotus,1983,6.89656496047974
Heterophasia desgodinsi,1983,5.99014806747437
Heteroxenicus stellatus,1983,4.68049097061157
Hieraaetus pennatus,1983,1.96808969974518
Hierococcyx nisicolor,1983,6.35376262664795
Hirundapus caudacutus,1983,3.01372599601746
Hirundo rustica,1983,3.73241877555847
Histrionicus histrionicus,1983,2.71804666519165
Hydrocoloeus minutus,1983,4.71712017059326
Hydrophasianus chirurgus,1983,6.36682653427124
Hydroprogne caspia,1983,5.66122484207153
Hypothymis azurea,1983,6.42778778076172
Hypsipetes leucocephalus,1983,5.87635135650635
Ianthocincla lunulata,1983,4.68854141235352
Ibidorhyncha struthersii,1983,2.66449594497681
Ictinaetus malaiensis,1983,6.56525945663452
Iduna caligata,1983,2.84100365638733
Indicator xanthonotus,1983,5.0959415435791
Ixobrychus cinnamomeus,1983,5.95694065093994
Ixobrychus eurhythmus,1983,4.58108615875244
Ixobrychus minutus,1983,3.28233575820923
Ixos mcclellandii,1983,6.50112295150757
Ketupa flavipes,1983,6.37120628356934
Lalage melaschistos,1983,5.77377510070801
Lanius borealis,1983,2.62408924102783
Lanius collurioides,1983,6.76276636123657
Lanius isabellinus,1983,3.16072344779968
Lanius schach,1983,5.63719272613525
Lanius sphenocercus,1983,3.12246179580689
Lanius tephronotus,1983,3.08805418014526
Larus crassirostris,1983,6.05995225906372
Larvivora brunnea,1983,3.74182558059692
Larvivora cyane,1983,2.44338607788086
Leptopoecile elegans,1983,2.21786689758301
Leptoptilos javanicus,1983,6.34972524642944
Limnodromus semipalmatus,1983,2.33862614631653
Limosa limosa,1983,2.5416898727417
Linaria cannabina,1983,3.31625771522522
Locustella davidi,1983,2.444091796875
Locustella mandelli,1983,6.3336615562439
Lonchura striata,1983,6.61658191680908
Lophotriorchis kienerii,1983,7.48172473907471
Lophura leucomelanos,1983,4.67348432540894
Lophura nycthemera,1983,6.71086883544922
Loxia curvirostra,1983,2.49442553520203
Macropygia unchall,1983,6.14755535125732
Mareca falcata,1983,2.09860372543335
Megaceryle lugubris,1983,5.91136693954468
Melanitta fusca,1983,2.38670229911804
Melanitta stejnegeri,1983,1.22344267368317
Melanochlora sultanea,1983,6.63019704818726
Mergus serrator,1983,2.4801561832428
Merops philippinus,1983,6.65282106399536
Mixornis gularis,1983,6.25459098815918
Monticola gularis,1983,2.79610872268677
Monticola rufiventris,1983,5.92377471923828
Monticola solitarius,1983,4.81927585601807
Motacilla citreola,1983,2.5948543548584
Moupinia poecilotis,1983,3.55753064155579
Muscicapa dauurica,1983,2.61724805831909
Muscicapa ferruginea,1983,5.22038793563843
Muscicapa muttui,1983,6.29380035400391
Mycerobas affinis,1983,3.18015646934509
Mycerobas carnipes,1983,2.6034688949585
Myiomela leucura,1983,5.84638261795044
Myophonus caeruleus,1983,5.21550846099854
Netta rufina,1983,3.47366237640381
Niltava davidi,1983,6.19674301147461
Niltava grandis,1983,5.95239067077637
Niltava macgrigoriae,1983,6.37496423721314
Niltava sundara,1983,4.92526197433472
Ninox japonica,1983,4.94289112091065
Nipponia nippon,1983,5.40291976928711
Nisaetus nipalensis,1983,6.08847045898438
Numenius madagascariensis,1983,2.34641909599304
Nycticorax nycticorax,1983,5.74680805206299
Oenanthe deserti,1983,2.76598262786865
Oenanthe oenanthe,1983,3.25619983673096
Onychoprion anaethetus,1983,7.31248950958252
Oriolus oriolus,1983,3.12306785583496
Otus lettia,1983,6.47605228424072
Otus semitorques,1983,4.0759711265564
Otus spilocephalus,1983,6.21225023269653
Oxyura leucocephala,1983,3.8373339176178
Panurus biarmicus,1983,3.1802966594696
Paradoxornis guttaticollis,1983,6.27216577529907
Paradoxornis heudei,1983,5.19399976730347
Parayuhina diademata,1983,5.35670185089111
Pardaliparus venustulus,1983,5.50461721420288
Parus monticolus,1983,5.26379585266113
Passer cinnamomeus,1983,5.28840112686157
Passer domesticus,1983,2.44118309020996
Passer hispaniolensis,1983,3.49026203155518
Pelecanus crispus,1983,2.23465800285339
Pellorneum tickelli,1983,6.77571630477905
Perdix hodgsoniae,1983,1.48756265640259
Pericrocotus cantonensis,1983,6.21059513092041
Pericrocotus divaricatus,1983,2.78308272361755
Pericrocotus ethologus,1983,4.59372329711914
Pericrocotus solaris,1983,6.57059144973755
Periparus rubidiventris,1983,2.1838436126709
Pernis ptilorhynchus,1983,3.0421895980835
Phasianus colchicus,1983,4.23695421218872
Phoenicurus erythronotus,1983,3.48493599891663
Phoenicurus frontalis,1983,3.16795611381531
Phoenicurus leucocephalus,1983,3.95257139205933
Phoenicurus ochruros,1983,2.87125754356384
Phoenicurus schisticeps,1983,2.73815727233887
Phylloscopus affinis,1983,3.30625796318054
Phylloscopus burkii,1983,2.69804930686951
Phylloscopus cantator,1983,5.97351312637329
Phylloscopus castaniceps,1983,6.11570358276367
Phylloscopus claudiae,1983,4.54644775390625
Phylloscopus coronatus,1983,3.8231565952301
Phylloscopus emeiensis,1983,5.17343664169312
Phylloscopus intermedius,1983,5.59867668151856
Phylloscopus magnirostris,1983,3.634605884552
Phylloscopus ogilviegranti,1983,6.51787185668945
Phylloscopus omeiensis,1983,4.62709808349609
Phylloscopus pulcher,1983,4.02036285400391
Phylloscopus ricketti,1983,5.92396688461304
Phylloscopus soror,1983,5.4965763092041
Phylloscopus subaffinis,1983,4.92950201034546
Phylloscopus tenellipes,1983,3.31644821166992
Phylloscopus tephrocephalus,1983,5.07524156570435
Phylloscopus yunnanensis,1983,4.08358860015869
Picumnus innominatus,1983,5.92923593521118
Picus chlorolophus,1983,6.67178678512573
Pitta nympha,1983,6.43409252166748
Platalea minor,1983,4.60983371734619
Pnoepyga immaculata,1983,3.43905711174011
Podiceps auritus,1983,2.38027596473694
Podiceps grisegena,1983,2.59971451759338
Podiceps nigricollis,1983,3.09125304222107
Podoces biddulphi,1983,5.08396768569946
Pomatorhinus schisticeps,1983,6.28015041351318
Pomatorhinus superciliaris,1983,5.94927787780762
Prinia atrogularis,1983,5.45458698272705
Prinia flaviventris,1983,6.85143327713013
Prinia inornata,1983,6.5466628074646
Prunella collaris,1983,2.27603888511658
Prunella himalayana,1983,2.15364050865173
Prunella immaculata,1983,2.5679202079773
Prunella montanella,1983,1.29196321964264
Prunella strophiata,1983,3.16966104507446
Psarisomus dalhousiae,1983,6.36895036697388
Pseudopodoces humilis,1983,1.35333621501923
Psilopogon faber,1983,6.95192718505859
Psilopogon virens,1983,6.20736694335938
Pterorhinus berthemyi,1983,6.09110641479492
Pterorhinus lanceolatus,1983,5.59641361236572
Pterorhinus pectoralis,1983,6.22596263885498
Pterorhinus sannio,1983,6.23349332809448
Pteruthius rufiventer,1983,5.46539068222046
Pteruthius xanthochlorus,1983,4.64498567581177
Ptyonoprogne rupestris,1983,3.441969871521
Pycnonotus aurigaster,1983,6.52052211761475
Pycnonotus jocosus,1983,6.63254404067993
Pycnonotus sinensis,1983,5.88589954376221
Pycnonotus xanthorrhous,1983,5.8253288269043
Pyrrhula erythaca,1983,4.30154848098755
Pyrrhula nipalensis,1983,5.79072189331055
Rallina eurizonoides,1983,7.11065530776978
Rallus aquaticus,1983,2.6705219745636
Recurvirostra avosetta,1983,2.5778956413269
Regulus regulus,1983,3.84431076049805
Remiz consobrinus,1983,3.02136278152466
Remiz coronatus,1983,2.88895654678345
Rhodospiza obsoleta,1983,3.40307068824768
Rubigula flaviventris,1983,6.77456951141357
Sasia ochracea,1983,6.84245729446411
Saxicola ferreus,1983,5.76388835906982
Sitta cinnamoventris,1983,6.3495135307312
Sitta formosa,1983,6.05705738067627
Sitta villosa,1983,3.61206936836243
Sittiparus varius,1983,3.67101359367371
Spilopelia chinensis,1983,5.81577062606812
Spilopelia senegalensis,1983,3.34444808959961
Spilornis cheela,1983,6.44994831085205
Spinus spinus,1983,2.01912474632263
Spizixos semitorques,1983,6.09728479385376
Spodiopsar cineraceus,1983,3.20764875411987
Spodiopsar sericeus,1983,6.46942567825317
Stachyris humei,1983,5.40328645706177
Staphida torqueola,1983,6.43917846679688
Streptopelia decaocto,1983,4.01209735870361
Sturnia sinensis,1983,6.88180446624756
Sturnus vulgaris,1983,3.59484934806824
Suthora fulvifrons,1983,4.3325777053833
Syrmaticus humiae,1983,6.32081890106201
Syrmaticus reevesii,1983,5.65637445449829
Syrrhaptes paradoxus,1983,3.25111556053162
Tarsiger chrysaeus,1983,3.83733057975769
Tarsiger indicus,1983,4.39550590515137
Temnurus temnurus,1983,7.97757339477539
Tephrodornis virgatus,1983,6.97383213043213
Thalasseus bergii,1983,7.6161675453186
Timalia pileata,1983,6.89673519134522
Tragopan caboti,1983,6.72251224517822
Tragopan temminckii,1983,5.25474309921265
Treron curvirostra,1983,6.75832176208496
Treron sieboldii,1983,6.56441116333008
Treron sphenurus,1983,5.70937919616699
Turdus boulboul,1983,6.43836116790772
Turdus cardis,1983,5.8583459854126
Turdus feae,1983,4.02721977233887
Turdus mandarinus,1983,5.78812551498413
Turdus pilaris,1983,1.80353844165802
Turdus rubrocanus,1983,3.44277667999268
Turdus ruficollis,1983,3.14276218414307
Turdus viscivorus,1983,3.50524067878723
Turnix suscitator,1983,6.54745483398438
Tyto longimembris,1983,6.56761264801025
Urile pelagicus,1983,4.91372108459473
Urosphena squameiceps,1983,3.09452247619629
Vanellus cinereus,1983,3.1061704158783
Vanellus indicus,1983,6.49410438537598
Vanellus vanellus,1983,2.9491457939148
Yuhina nigrimenta,1983,5.86545038223267
Zoothera dixoni,1983,4.86459827423096
Zoothera mollissima,1983,2.74134063720703
Zoothera monticola,1983,5.24974012374878
Zosterops erythropleurus,1983,3.33630084991455
Abroscopus albogularis,1984,6.32408094406128
Accipiter gularis,1984,2.60479950904846
Accipiter soloensis,1984,5.60663747787476
Accipiter trivirgatus,1984,7.19060039520264
Accipiter virgatus,1984,5.81552791595459
Acridotheres cristatellus,1984,6.05425643920898
Acridotheres tristis,1984,5.30504465103149
Acrocephalus agricola,1984,3.57945871353149
Acrocephalus bistrigiceps,1984,3.60485196113586
Acrocephalus concinens,1984,5.27343225479126
Acrocephalus orientalis,1984,3.70000982284546
Acrocephalus tangorum,1984,2.94976663589478
Aegithalos bonvaloti,1984,4.08607387542725
Aegithalos caudatus,1984,2.4789125919342
Aegithalos concinnus,1984,5.95706987380981
Aegithalos fuliginosus,1984,4.45945882797241
Aerodramus brevirostris,1984,5.47096824645996
Aethopyga christinae,1984,7.98609113693237
Aethopyga gouldiae,1984,4.81865358352661
Agropsar sturninus,1984,3.1316282749176
Aix galericulata,1984,2.87672710418701
Alauda gulgula,1984,4.37095975875855
Alaudala cheleensis,1984,3.17047142982483
Alcedo hercules,1984,6.96890926361084
Alcippe morrisonia,1984,6.07285213470459
Amaurornis phoenicurus,1984,5.97769594192505
Anastomus oscitans,1984,6.11212205886841
Anser anser,1984,2.50752639770508
Anser fabalis,1984,1.88063549995422
Anser indicus,1984,2.23617196083069
Anthus godlewskii,1984,2.17658519744873
Anthus gustavi,1984,2.68773174285889
Anthus richardi,1984,3.99736022949219
Anthus roseatus,1984,2.93692445755005
Anthus trivialis,1984,2.2328040599823
Aquila fasciata,1984,6.75703287124634
Aquila heliaca,1984,2.00071740150452
Ardea intermedia,1984,6.21477842330933
Ardea purpurea,1984,5.38331890106201
Ardenna pacifica,1984,7.32980394363403
Artamus fuscus,1984,7.08453464508057
Asio flammeus,1984,2.03017520904541
Athene noctua,1984,2.90909481048584
Aviceda jerdoni,1984,7.27119445800781
Aviceda leuphotes,1984,5.99887895584106
Aythya fuligula,1984,2.12324738502502
Aythya nyroca,1984,2.68419647216797
Bombycilla japonica,1984,1.3249968290329
Branta canadensis,1984,3.87057685852051
Bubo nipalensis,1984,4.99692440032959
Bucanetes mongolicus,1984,3.10728049278259
Butastur indicus,1984,2.98537111282349
Cacomantis merulinus,1984,6.80379581451416
Calandrella brachydactyla,1984,3.18018889427185
Calliope obscura,1984,4.095871925354
Caprimulgus macrurus,1984,7.29563808441162
Carpodacus roborowskii,1984,1.12092399597168
Carpodacus vinaceus,1984,5.31178283691406
Cecropis daurica,1984,4.2633810043335
Centropus bengalensis,1984,6.60986328125
Cephalopyrus flammiceps,1984,4.90009021759033
Certhia familiaris,1984,2.90844941139221
Certhia himalayana,1984,4.44439554214478
Certhia tianquanensis,1984,4.03806161880493
Ceryle rudis,1984,6.37994384765625
Cettia brunnifrons,1984,4.38453722000122
Cettia castaneocoronata,1984,5.11707258224487
Chalcophaps indica,1984,7.09383583068848
Charadrius atrifrons,1984,2.02024269104004
Charadrius dealbatus,1984,7.49846744537354
Charadrius placidus,1984,3.63986158370972
Charadrius veredus,1984,2.22163963317871
Chlidonias leucopterus,1984,2.79505372047424
Chlidonias niger,1984,2.42628455162048
Chloris ambigua,1984,5.53826951980591
Chloris sinica,1984,4.47295808792114
Chrysolophus pictus,1984,5.09206247329712
Ciconia boyciana,1984,2.853520154953
Ciconia nigra,1984,3.31116414070129
Circaetus gallicus,1984,3.28591370582581
Circus macrourus,1984,2.30059766769409
Circus spilonotus,1984,2.28727579116821
Cisticola exilis,1984,6.56662607192993
Cisticola juncidis,1984,5.94198846817017
Clamator coromandus,1984,6.09985017776489
Clanga clanga,1984,2.38806557655334
Columba oenas,1984,2.30725383758545
Copsychus saularis,1984,6.05001640319824
Coracias garrulus,1984,2.20116257667542
Coturnicops exquisitus,1984,1.96451842784882
Crex crex,1984,2.19118356704712
Crossoptilon mantchuricum,1984,3.89620184898376
Curruca curruca,1984,3.03594064712524
Cyanistes cyanus,1984,2.08779811859131
Cyanoderma pyrrhops,1984,5.05322885513306
Cygnus cygnus,1984,2.36581587791443
Cygnus olor,1984,2.57960414886475
Cyornis glaucicomans,1984,5.79077625274658
Cyornis hainanus,1984,7.28905963897705
Cyornis rubeculoides,1984,6.33165788650513
Delichon dasypus,1984,3.81535124778748
Dendrocitta formosae,1984,6.2539644241333
Dendrocopos hyperythrus,1984,4.19958877563477
Dendrocygna javanica,1984,6.4710431098938
Dicaeum cruentatum,1984,6.6658878326416
Dicaeum ignipectus,1984,5.89830636978149
Dicaeum minullum,1984,5.71996974945068
Dicrurus annectens,1984,7.00128889083862
Dicrurus hottentottus,1984,5.70438003540039
Dicrurus remifer,1984,6.47044610977173
Egretta eulophotes,1984,4.38913869857788
Egretta garzetta,1984,5.18588590621948
Elachura formosa,1984,6.05231952667236
Elanus caeruleus,1984,6.93671083450317
Emberiza buchanani,1984,1.95689082145691
Emberiza citrinella,1984,1.9675098657608
Emberiza elegans,1984,4.16195821762085
Emberiza godlewskii,1984,3.09907746315002
Emberiza hortulana,1984,2.56928396224976
Emberiza leucocephalos,1984,1.90590870380402
Emberiza pallasi,1984,1.22882103919983
Emberiza pusilla,1984,2.56363606452942
Emberiza rustica,1984,0.528468370437622
Emberiza siemsseni,1984,4.46858310699463
Emberiza yessoensis,1984,2.62492251396179
Enicurus leschenaulti,1984,5.7272219657898
Enicurus maculatus,1984,6.38494968414307
Enicurus schistaceus,1984,6.29612016677856
Erpornis zantholeuca,1984,6.47585248947144
Erythrogenys hypoleucos,1984,6.97091102600098
Eudynamys scolopaceus,1984,6.046875
Eumyias thalassinus,1984,5.60141754150391
Falco cherrug,1984,2.63095211982727
Falco severus,1984,6.48466396331787
Ficedula albicilla,1984,1.37185442447662
Ficedula elisae,1984,3.7957808971405
Ficedula erithacus,1984,3.98408603668213
Ficedula hyperythra,1984,6.05949687957764
Ficedula mugimaki,1984,2.51761388778687
Ficedula strophiata,1984,5.28910446166992
Ficedula superciliaris,1984,3.45446705818176
Ficedula tricolor,1984,5.01772356033325
Fringilla coelebs,1984,0.719398319721222
Fringilla montifringilla,1984,1.0097473859787
Galerida cristata,1984,3.53007507324219
Gallicrex cinerea,1984,5.42243337631226
Garrulax maesi,1984,6.23692035675049
Garrulax monileger,1984,6.75759410858154
Gavia arctica,1984,2.34417223930359
Gelochelidon nilotica,1984,3.81796765327454
Geokichla citrina,1984,6.39451551437378
Glaucidium cuculoides,1984,6.15656471252441
Gorsachius melanolophus,1984,7.36248397827148
Gracupica nigricollis,1984,6.48380374908447
Grandala coelicolor,1984,2.18048214912415
Grus japonensis,1984,2.60110783576965
Grus monacha,1984,1.99595654010773
Grus nigricollis,1984,1.40821707248688
Gypaetus barbatus,1984,2.25084686279297
Gyps himalayensis,1984,2.3523268699646
Halcyon coromanda,1984,4.33716869354248
Halcyon pileata,1984,5.40810108184815
Halcyon smyrnensis,1984,7.32641696929932
Haliaeetus leucoryphus,1984,5.65880346298218
Harpactes wardi,1984,4.37713193893433
Helopsaltes certhiola,1984,2.98079228401184
Helopsaltes pryeri,1984,3.59678864479065
Hemiprocne coronata,1984,6.33218288421631
Hemitesia pallidipes,1984,6.32166242599487
Hemixos castanonotus,1984,6.73447132110596
Heterophasia desgodinsi,1984,5.93271207809448
Heteroxenicus stellatus,1984,4.78082466125488
Hieraaetus pennatus,1984,1.5014979839325
Hierococcyx nisicolor,1984,6.27885103225708
Hirundapus caudacutus,1984,2.92089581489563
Hirundo rustica,1984,3.59885382652283
Histrionicus histrionicus,1984,2.58648157119751
Hydrocoloeus minutus,1984,3.96966338157654
Hydrophasianus chirurgus,1984,6.24623012542725
Hydroprogne caspia,1984,5.33148193359375
Hypothymis azurea,1984,6.36046028137207
Hypsipetes leucocephalus,1984,5.78720188140869
Ianthocincla lunulata,1984,4.61842823028565
Ibidorhyncha struthersii,1984,2.70388150215149
Ictinaetus malaiensis,1984,6.42661571502686
Iduna caligata,1984,2.20967578887939
Indicator xanthonotus,1984,5.22267770767212
Ixobrychus cinnamomeus,1984,5.79757118225098
Ixobrychus eurhythmus,1984,4.35791206359863
Ixobrychus minutus,1984,2.68996238708496
Ixos mcclellandii,1984,6.3811092376709
Ketupa flavipes,1984,6.2102689743042
Lalage melaschistos,1984,5.65485095977783
Lanius borealis,1984,2.11608600616455
Lanius collurioides,1984,6.69091081619263
Lanius isabellinus,1984,2.95524525642395
Lanius schach,1984,5.55114269256592
Lanius sphenocercus,1984,2.87488007545471
Lanius tephronotus,1984,3.20948386192322
Larus crassirostris,1984,5.8337984085083
Larvivora brunnea,1984,3.81093120574951
Larvivora cyane,1984,2.2014331817627
Leptopoecile elegans,1984,2.35506057739258
Leptoptilos javanicus,1984,6.36741304397583
Limnodromus semipalmatus,1984,2.06716012954712
Limosa limosa,1984,2.11324143409729
Linaria cannabina,1984,2.67253088951111
Locustella davidi,1984,2.19486999511719
Locustella mandelli,1984,6.23154735565186
Lonchura striata,1984,6.46672058105469
Lophotriorchis kienerii,1984,7.46316576004028
Lophura leucomelanos,1984,4.80218744277954
Lophura nycthemera,1984,6.65851020812988
Loxia curvirostra,1984,2.37582349777222
Macropygia unchall,1984,6.07079982757568
Mareca falcata,1984,1.8676061630249
Megaceryle lugubris,1984,5.76172924041748
Melanitta fusca,1984,1.8442188501358
Melanitta stejnegeri,1984,0.931121051311493
Melanochlora sultanea,1984,6.60619163513184
Mergus serrator,1984,2.29637789726257
Merops philippinus,1984,6.63146066665649
Mixornis gularis,1984,6.30715227127075
Monticola gularis,1984,2.5462646484375
Monticola rufiventris,1984,5.82467269897461
Monticola solitarius,1984,4.6950798034668
Motacilla citreola,1984,2.53920102119446
Moupinia poecilotis,1984,3.61996865272522
Muscicapa dauurica,1984,2.36066818237305
Muscicapa ferruginea,1984,5.20187282562256
Muscicapa muttui,1984,6.17614507675171
Mycerobas affinis,1984,3.34309101104736
Mycerobas carnipes,1984,2.63239526748657
Myiomela leucura,1984,5.77340650558472
Myophonus caeruleus,1984,5.10383272171021
Netta rufina,1984,2.9176561832428
Niltava davidi,1984,6.10431432723999
Niltava grandis,1984,6.03110313415527
Niltava macgrigoriae,1984,6.35316228866577
Niltava sundara,1984,4.9134111404419
Ninox japonica,1984,4.72355556488037
Nipponia nippon,1984,5.26117944717407
Nisaetus nipalensis,1984,6.04029750823975
Numenius madagascariensis,1984,2.18531656265259
Nycticorax nycticorax,1984,5.58291530609131
Oenanthe deserti,1984,2.64864015579224
Oenanthe oenanthe,1984,2.887127161026
Onychoprion anaethetus,1984,7.16712045669556
Oriolus oriolus,1984,2.48850703239441
Otus lettia,1984,6.34086179733276
Otus semitorques,1984,3.83844447135925
Otus spilocephalus,1984,6.13925504684448
Oxyura leucocephala,1984,3.24102187156677
Panurus biarmicus,1984,2.92693161964417
Paradoxornis guttaticollis,1984,6.16268348693848
Paradoxornis heudei,1984,4.98251342773438
Parayuhina diademata,1984,5.30969142913818
Pardaliparus venustulus,1984,5.32618188858032
Parus monticolus,1984,5.20039463043213
Passer cinnamomeus,1984,5.17980432510376
Passer domesticus,1984,2.10939764976501
Passer hispaniolensis,1984,2.82504200935364
Pelecanus crispus,1984,2.04837393760681
Pellorneum tickelli,1984,6.78587102890015
Perdix hodgsoniae,1984,1.75169897079468
Pericrocotus cantonensis,1984,6.06232023239136
Pericrocotus divaricatus,1984,2.62178516387939
Pericrocotus ethologus,1984,4.54497909545898
Pericrocotus solaris,1984,6.46380615234375
Periparus rubidiventris,1984,2.38743925094605
Pernis ptilorhynchus,1984,2.87586116790772
Phasianus colchicus,1984,4.03439283370972
Phoenicurus erythronotus,1984,2.89763498306274
Phoenicurus frontalis,1984,3.27178454399109
Phoenicurus leucocephalus,1984,3.96044754981995
Phoenicurus ochruros,1984,2.79583740234375
Phoenicurus schisticeps,1984,2.90161442756653
Phylloscopus affinis,1984,3.42179727554321
Phylloscopus burkii,1984,2.88915538787842
Phylloscopus cantator,1984,6.0476770401001
Phylloscopus castaniceps,1984,6.01723194122315
Phylloscopus claudiae,1984,4.41492795944214
Phylloscopus coronatus,1984,3.65399622917175
Phylloscopus emeiensis,1984,5.11192274093628
Phylloscopus intermedius,1984,5.56139898300171
Phylloscopus magnirostris,1984,3.73188924789429
Phylloscopus ogilviegranti,1984,6.42428541183472
Phylloscopus omeiensis,1984,4.59060573577881
Phylloscopus pulcher,1984,4.10859870910645
Phylloscopus ricketti,1984,5.77992343902588
Phylloscopus soror,1984,5.38272094726563
Phylloscopus subaffinis,1984,4.87051677703857
Phylloscopus tenellipes,1984,3.08574843406677
Phylloscopus tephrocephalus,1984,5.03583765029907
Phylloscopus yunnanensis,1984,3.9256329536438
Picumnus innominatus,1984,5.83110809326172
Picus chlorolophus,1984,6.64727735519409
Pitta nympha,1984,6.26754522323608
Platalea minor,1984,4.35503435134888
Pnoepyga immaculata,1984,3.66239166259766
Podiceps auritus,1984,1.87665700912476
Podiceps grisegena,1984,2.37520408630371
Podiceps nigricollis,1984,2.74044823646545
Podoces biddulphi,1984,4.77050542831421
Pomatorhinus schisticeps,1984,6.40998554229736
Pomatorhinus superciliaris,1984,6.03263473510742
Prinia atrogularis,1984,5.59824228286743
Prinia flaviventris,1984,6.88139724731445
Prinia inornata,1984,6.39926147460938
Prunella collaris,1984,2.22689700126648
Prunella himalayana,1984,1.61915743350983
Prunella immaculata,1984,2.74873304367065
Prunella montanella,1984,0.873159170150757
Prunella strophiata,1984,3.26902985572815
Psarisomus dalhousiae,1984,6.4190411567688
Pseudopodoces humilis,1984,1.55588674545288
Psilopogon faber,1984,6.71731090545654
Psilopogon virens,1984,6.11838483810425
Pterorhinus berthemyi,1984,5.93693161010742
Pterorhinus lanceolatus,1984,5.51952600479126
Pterorhinus pectoralis,1984,6.06467723846436
Pterorhinus sannio,1984,6.10429334640503
Pteruthius rufiventer,1984,5.57663202285767
Pteruthius xanthochlorus,1984,4.6674599647522
Ptyonoprogne rupestris,1984,3.3092246055603
Pycnonotus aurigaster,1984,6.40791368484497
Pycnonotus jocosus,1984,6.57519912719727
Pycnonotus sinensis,1984,5.70765924453735
Pycnonotus xanthorrhous,1984,5.73206329345703
Pyrrhula erythaca,1984,4.3111629486084
Pyrrhula nipalensis,1984,5.74009370803833
Rallina eurizonoides,1984,7.0835919380188
Rallus aquaticus,1984,2.60954570770264
Recurvirostra avosetta,1984,2.20633053779602
Regulus regulus,1984,3.80465793609619
Remiz consobrinus,1984,2.76774191856384
Remiz coronatus,1984,2.38580131530762
Rhodospiza obsoleta,1984,3.1594831943512
Rubigula flaviventris,1984,6.76398038864136
Sasia ochracea,1984,6.83305501937866
Saxicola ferreus,1984,5.6689715385437
Sitta cinnamoventris,1984,6.40037441253662
Sitta formosa,1984,6.12773084640503
Sitta villosa,1984,3.45137524604797
Sittiparus varius,1984,3.4026403427124
Spilopelia chinensis,1984,5.68285036087036
Spilopelia senegalensis,1984,2.78431439399719
Spilornis cheela,1984,6.36038494110107
Spinus spinus,1984,1.80399477481842
Spizixos semitorques,1984,5.94989156723023
Spodiopsar cineraceus,1984,3.00651359558105
Spodiopsar sericeus,1984,6.30160093307495
Stachyris humei,1984,5.53211259841919
Staphida torqueola,1984,6.30012273788452
Streptopelia decaocto,1984,3.7825722694397
Sturnia sinensis,1984,6.69648838043213
Sturnus vulgaris,1984,3.01957201957703
Suthora fulvifrons,1984,4.38926696777344
Syrmaticus humiae,1984,6.35995769500732
Syrmaticus reevesii,1984,5.55675935745239
Syrrhaptes paradoxus,1984,2.90368866920471
Tarsiger chrysaeus,1984,3.95260381698608
Tarsiger indicus,1984,4.49452686309814
Temnurus temnurus,1984,7.8699541091919
Tephrodornis virgatus,1984,6.81650590896606
Thalasseus bergii,1984,7.46598291397095
Timalia pileata,1984,6.80320262908936
Tragopan caboti,1984,6.54584693908691
Tragopan temminckii,1984,5.20838975906372
Treron curvirostra,1984,6.77438116073608
Treron sieboldii,1984,6.38436079025269
Treron sphenurus,1984,5.73691511154175
Turdus boulboul,1984,6.43211889266968
Turdus cardis,1984,5.6842155456543
Turdus feae,1984,3.75435662269592
Turdus mandarinus,1984,5.66722106933594
Turdus pilaris,1984,1.44654428958893
Turdus rubrocanus,1984,3.52783918380737
Turdus ruficollis,1984,2.51094889640808
Turdus viscivorus,1984,2.95235657691956
Turnix suscitator,1984,6.50006723403931
Tyto longimembris,1984,6.3958592414856
Urile pelagicus,1984,4.60012102127075
Urosphena squameiceps,1984,2.86774301528931
Vanellus cinereus,1984,2.87327194213867
Vanellus indicus,1984,6.54646921157837
Vanellus vanellus,1984,2.60647082328796
Yuhina nigrimenta,1984,5.77561664581299
Zoothera dixoni,1984,4.92830610275269
Zoothera mollissima,1984,2.90376877784729
Zoothera monticola,1984,5.36935949325562
Zosterops erythropleurus,1984,3.10050296783447
Abroscopus albogularis,1985,6.38609504699707
Accipiter gularis,1985,2.62105250358582
Accipiter soloensis,1985,5.68086862564087
Accipiter trivirgatus,1985,7.181725025177
Accipiter virgatus,1985,5.83322858810425
Acridotheres cristatellus,1985,6.11138296127319
Acridotheres tristis,1985,5.27611446380615
Acrocephalus agricola,1985,3.6681923866272
Acrocephalus bistrigiceps,1985,3.62833595275879
Acrocephalus concinens,1985,5.32796096801758
Acrocephalus orientalis,1985,3.73023676872253
Acrocephalus tangorum,1985,2.97616529464722
Aegithalos bonvaloti,1985,3.96538496017456
Aegithalos caudatus,1985,2.51329469680786
Aegithalos concinnus,1985,6.0130205154419
Aegithalos fuliginosus,1985,4.50559568405151
Aerodramus brevirostris,1985,5.46743822097778
Aethopyga christinae,1985,8.07372093200684
Aethopyga gouldiae,1985,4.81811428070068
Agropsar sturninus,1985,3.15994954109192
Aix galericulata,1985,2.90986633300781
Alauda gulgula,1985,4.39297342300415
Alaudala cheleensis,1985,3.21618175506592
Alcedo hercules,1985,6.95699787139893
Alcippe morrisonia,1985,6.12895202636719
Amaurornis phoenicurus,1985,6.02996921539307
Anastomus oscitans,1985,6.07674551010132
Anser anser,1985,2.57427835464478
Anser fabalis,1985,1.91329658031464
Anser indicus,1985,2.25527262687683
Anthus godlewskii,1985,2.16244840621948
Anthus gustavi,1985,2.74851632118225
Anthus richardi,1985,4.05898284912109
Anthus roseatus,1985,2.9329833984375
Anthus trivialis,1985,2.36841583251953
Aquila fasciata,1985,6.8600287437439
Aquila heliaca,1985,2.09599924087524
Ardea intermedia,1985,6.27298974990845
Ardea purpurea,1985,5.44383382797241
Ardenna pacifica,1985,7.41870880126953
Artamus fuscus,1985,7.10583114624023
Asio flammeus,1985,2.08965301513672
Athene noctua,1985,2.93325877189636
Aviceda jerdoni,1985,7.23881912231445
Aviceda leuphotes,1985,6.03015232086182
Aythya fuligula,1985,2.15731501579285
Aythya nyroca,1985,2.79587936401367
Bombycilla japonica,1985,1.33565878868103
Branta canadensis,1985,3.83796668052673
Bubo nipalensis,1985,4.9008207321167
Bucanetes mongolicus,1985,3.20345902442932
Butastur indicus,1985,3.01123929023743
Cacomantis merulinus,1985,6.8222804069519
Calandrella brachydactyla,1985,3.29749989509583
Calliope obscura,1985,4.16524934768677
Caprimulgus macrurus,1985,7.27294015884399
Carpodacus roborowskii,1985,1.05039036273956
Carpodacus vinaceus,1985,5.32567405700684
Cecropis daurica,1985,4.2886061668396
Centropus bengalensis,1985,6.68481922149658
Cephalopyrus flammiceps,1985,4.86034727096558
Certhia familiaris,1985,2.96948957443237
Certhia himalayana,1985,4.39523220062256
Certhia tianquanensis,1985,4.06278848648071
Ceryle rudis,1985,6.43561601638794
Cettia brunnifrons,1985,4.31932592391968
Cettia castaneocoronata,1985,5.05576229095459
Chalcophaps indica,1985,7.1142692565918
Charadrius atrifrons,1985,2.02768611907959
Charadrius dealbatus,1985,7.58175182342529
Charadrius placidus,1985,3.67164874076843
Charadrius veredus,1985,2.20336437225342
Chlidonias leucopterus,1985,2.8304328918457
Chlidonias niger,1985,2.57588338851929
Chloris ambigua,1985,5.45223999023438
Chloris sinica,1985,4.51320505142212
Chrysolophus pictus,1985,5.13084983825684
Ciconia boyciana,1985,2.89669489860535
Ciconia nigra,1985,3.37322306632996
Circaetus gallicus,1985,3.40481162071228
Circus macrourus,1985,2.42501020431519
Circus spilonotus,1985,2.30390286445618
Cisticola exilis,1985,6.61060523986816
Cisticola juncidis,1985,5.99577713012695
Clamator coromandus,1985,6.16570138931274
Clanga clanga,1985,2.41901612281799
Columba oenas,1985,2.41695022583008
Copsychus saularis,1985,6.1019606590271
Coracias garrulus,1985,2.34378552436829
Coturnicops exquisitus,1985,1.99259924888611
Crex crex,1985,2.3218674659729
Crossoptilon mantchuricum,1985,3.94359374046326
Curruca curruca,1985,3.13634014129639
Cyanistes cyanus,1985,2.1512885093689
Cyanoderma pyrrhops,1985,4.99816179275513
Cygnus cygnus,1985,2.40847659111023
Cygnus olor,1985,2.67898750305176
Cyornis glaucicomans,1985,5.84784936904907
Cyornis hainanus,1985,7.34852933883667
Cyornis rubeculoides,1985,6.24753284454346
Delichon dasypus,1985,3.811598777771
Dendrocitta formosae,1985,6.30739068984985
Dendrocopos hyperythrus,1985,4.11190891265869
Dendrocygna javanica,1985,6.53224563598633
Dicaeum cruentatum,1985,6.72647047042847
Dicaeum ignipectus,1985,5.93698740005493
Dicaeum minullum,1985,5.72943496704102
Dicrurus annectens,1985,6.96827459335327
Dicrurus hottentottus,1985,5.74392223358154
Dicrurus remifer,1985,6.40866470336914
Egretta eulophotes,1985,4.36868953704834
Egretta garzetta,1985,5.21135473251343
Elachura formosa,1985,6.01495885848999
Elanus caeruleus,1985,7.05202674865723
Emberiza buchanani,1985,2.08884620666504
Emberiza citrinella,1985,2.10164260864258
Emberiza elegans,1985,4.1951904296875
Emberiza godlewskii,1985,3.11407780647278
Emberiza hortulana,1985,2.69982028007507
Emberiza leucocephalos,1985,1.95732307434082
Emberiza pallasi,1985,1.24108684062958
Emberiza pusilla,1985,2.58837747573853
Emberiza rustica,1985,0.664418160915375
Emberiza siemsseni,1985,4.5289044380188
Emberiza yessoensis,1985,2.67084336280823
Enicurus leschenaulti,1985,5.769850730896
Enicurus maculatus,1985,6.38839387893677
Enicurus schistaceus,1985,6.33561515808106
Erpornis zantholeuca,1985,6.51035404205322
Erythrogenys hypoleucos,1985,7.02880144119263
Eudynamys scolopaceus,1985,6.10356426239014
Eumyias thalassinus,1985,5.61510324478149
Falco cherrug,1985,2.66828370094299
Falco severus,1985,6.47120237350464
Ficedula albicilla,1985,1.3914966583252
Ficedula elisae,1985,3.79364323616028
Ficedula erithacus,1985,3.90433120727539
Ficedula hyperythra,1985,6.04416847229004
Ficedula mugimaki,1985,2.53634643554688
Ficedula strophiata,1985,5.2931661605835
Ficedula superciliaris,1985,3.37061810493469
Ficedula tricolor,1985,4.98047304153442
Fringilla coelebs,1985,0.856985747814179
Fringilla montifringilla,1985,1.13618862628937
Galerida cristata,1985,3.58254194259644
Gallicrex cinerea,1985,5.45941638946533
Garrulax maesi,1985,6.30890035629273
Garrulax monileger,1985,6.82269668579102
Gavia arctica,1985,2.45885372161865
Gelochelidon nilotica,1985,3.87614703178406
Geokichla citrina,1985,6.44638967514038
Glaucidium cuculoides,1985,6.21670436859131
Gorsachius melanolophus,1985,7.4080286026001
Gracupica nigricollis,1985,6.52023124694824
Grandala coelicolor,1985,2.11303353309631
Grus japonensis,1985,2.66046237945557
Grus monacha,1985,2.00838565826416
Grus nigricollis,1985,1.38693046569824
Gypaetus barbatus,1985,2.26084566116333
Gyps himalayensis,1985,2.34560298919678
Halcyon coromanda,1985,4.31349420547485
Halcyon pileata,1985,5.44104766845703
Halcyon smyrnensis,1985,7.41430807113648
Haliaeetus leucoryphus,1985,5.59890460968018
Harpactes wardi,1985,4.27362298965454
Helopsaltes certhiola,1985,3.05820536613464
Helopsaltes pryeri,1985,3.62852907180786
Hemiprocne coronata,1985,6.23494243621826
Hemitesia pallidipes,1985,6.24511241912842
Hemixos castanonotus,1985,6.8270583152771
Heterophasia desgodinsi,1985,5.92389488220215
Heteroxenicus stellatus,1985,4.68785762786865
Hieraaetus pennatus,1985,1.57814610004425
Hierococcyx nisicolor,1985,6.29854869842529
Hirundapus caudacutus,1985,2.90824007987976
Hirundo rustica,1985,3.63377213478088
Histrionicus histrionicus,1985,2.64563703536987
Hydrocoloeus minutus,1985,4.09353971481323
Hydrophasianus chirurgus,1985,6.30034732818604
Hydroprogne caspia,1985,5.39552879333496
Hypothymis azurea,1985,6.3690037727356
Hypsipetes leucocephalus,1985,5.8236231803894
Ianthocincla lunulata,1985,4.6455659866333
Ibidorhyncha struthersii,1985,2.69735598564148
Ictinaetus malaiensis,1985,6.51546049118042
Iduna caligata,1985,2.34378719329834
Indicator xanthonotus,1985,5.13423299789429
Ixobrychus cinnamomeus,1985,5.84282636642456
Ixobrychus eurhythmus,1985,4.40548181533814
Ixobrychus minutus,1985,2.81542372703552
Ixos mcclellandii,1985,6.43452882766724
Ketupa flavipes,1985,6.29491472244263
Lalage melaschistos,1985,5.69879674911499
Lanius borealis,1985,2.20220685005188
Lanius collurioides,1985,6.69838380813599
Lanius isabellinus,1985,3.02481484413147
Lanius schach,1985,5.59082508087158
Lanius sphenocercus,1985,2.90681624412537
Lanius tephronotus,1985,3.16612911224365
Larus crassirostris,1985,5.90156078338623
Larvivora brunnea,1985,3.7536768913269
Larvivora cyane,1985,2.22725343704224
Leptopoecile elegans,1985,2.32338857650757
Leptoptilos javanicus,1985,6.29676628112793
Limnodromus semipalmatus,1985,2.09028553962708
Limosa limosa,1985,2.16748666763306
Linaria cannabina,1985,2.80671882629395
Locustella davidi,1985,2.21969723701477
Locustella mandelli,1985,6.27093315124512
Lonchura striata,1985,6.54609727859497
Lophotriorchis kienerii,1985,7.4752688407898
Lophura leucomelanos,1985,4.69462108612061
Lophura nycthemera,1985,6.65207052230835
Loxia curvirostra,1985,2.37649607658386
Macropygia unchall,1985,6.09086656570435
Mareca falcata,1985,1.89598083496094
Megaceryle lugubris,1985,5.80413913726807
Melanitta fusca,1985,1.98740613460541
Melanitta stejnegeri,1985,0.947129189968109
Melanochlora sultanea,1985,6.59780597686768
Mergus serrator,1985,2.33313369750977
Merops philippinus,1985,6.59784603118897
Mixornis gularis,1985,6.20530128479004
Monticola gularis,1985,2.56928968429565
Monticola rufiventris,1985,5.86323738098145
Monticola solitarius,1985,4.72348308563232
Motacilla citreola,1985,2.56247639656067
Moupinia poecilotis,1985,3.55556559562683
Muscicapa dauurica,1985,2.37759160995483
Muscicapa ferruginea,1985,5.18775129318237
Muscicapa muttui,1985,6.21964883804321
Mycerobas affinis,1985,3.2401225566864
Mycerobas carnipes,1985,2.63297295570374
Myiomela leucura,1985,5.78983020782471
Myophonus caeruleus,1985,5.14005756378174
Netta rufina,1985,3.03400135040283
Niltava davidi,1985,6.1366229057312
Niltava grandis,1985,5.93020868301392
Niltava macgrigoriae,1985,6.3206524848938
Niltava sundara,1985,4.90434455871582
Ninox japonica,1985,4.77412366867065
Nipponia nippon,1985,5.34231567382813
Nisaetus nipalensis,1985,6.04215049743652
Numenius madagascariensis,1985,2.22014570236206
Nycticorax nycticorax,1985,5.62806510925293
Oenanthe deserti,1985,2.7029082775116
Oenanthe oenanthe,1985,2.9500048160553
Onychoprion anaethetus,1985,7.23354387283325
Oriolus oriolus,1985,2.6193060874939
Otus lettia,1985,6.40640735626221
Otus semitorques,1985,3.86768865585327
Otus spilocephalus,1985,6.16028213500977
Oxyura leucocephala,1985,3.36279845237732
Panurus biarmicus,1985,2.99002718925476
Paradoxornis guttaticollis,1985,6.20521926879883
Paradoxornis heudei,1985,5.00893878936768
Parayuhina diademata,1985,5.30673742294312
Pardaliparus venustulus,1985,5.39361906051636
Parus monticolus,1985,5.22137069702148
Passer cinnamomeus,1985,5.21231698989868
Passer domesticus,1985,2.15775108337402
Passer hispaniolensis,1985,2.95526123046875
Pelecanus crispus,1985,2.12367224693298
Pellorneum tickelli,1985,6.72219753265381
Perdix hodgsoniae,1985,1.66635942459106
Pericrocotus cantonensis,1985,6.14323902130127
Pericrocotus divaricatus,1985,2.66925287246704
Pericrocotus ethologus,1985,4.53662157058716
Pericrocotus solaris,1985,6.50741672515869
Periparus rubidiventris,1985,2.29588460922241
Pernis ptilorhynchus,1985,2.86517524719238
Phasianus colchicus,1985,4.07717037200928
Phoenicurus erythronotus,1985,3.01707410812378
Phoenicurus frontalis,1985,3.24549579620361
Phoenicurus leucocephalus,1985,3.96243405342102
Phoenicurus ochruros,1985,2.82727670669556
Phoenicurus schisticeps,1985,2.81439971923828
Phylloscopus affinis,1985,3.37207245826721
Phylloscopus burkii,1985,2.83079838752747
Phylloscopus cantator,1985,5.96733236312866
Phylloscopus castaniceps,1985,6.05317068099976
Phylloscopus claudiae,1985,4.46187543869019
Phylloscopus coronatus,1985,3.69934797286987
Phylloscopus emeiensis,1985,5.12582683563232
Phylloscopus intermedius,1985,5.58613014221191
Phylloscopus magnirostris,1985,3.67641472816467
Phylloscopus ogilviegranti,1985,6.46050882339478
Phylloscopus omeiensis,1985,4.60556793212891
Phylloscopus pulcher,1985,4.03690052032471
Phylloscopus ricketti,1985,5.85556507110596
Phylloscopus soror,1985,5.44451189041138
Phylloscopus subaffinis,1985,4.9088945388794
Phylloscopus tenellipes,1985,3.11864233016968
Phylloscopus tephrocephalus,1985,5.03609943389893
Phylloscopus yunnanensis,1985,3.97247099876404
Picumnus innominatus,1985,5.87057781219482
Picus chlorolophus,1985,6.63294982910156
Pitta nympha,1985,6.36093378067017
Platalea minor,1985,4.3535099029541
Pnoepyga immaculata,1985,3.61281418800354
Podiceps auritus,1985,1.97655928134918
Podiceps grisegena,1985,2.43805646896362
Podiceps nigricollis,1985,2.77846527099609
Podoces biddulphi,1985,4.85838890075684
Pomatorhinus schisticeps,1985,6.33262968063355
Pomatorhinus superciliaris,1985,5.9494514465332
Prinia atrogularis,1985,5.50191497802734
Prinia flaviventris,1985,6.79348087310791
Prinia inornata,1985,6.47580003738403
Prunella collaris,1985,2.23504590988159
Prunella himalayana,1985,1.72915875911713
Prunella immaculata,1985,2.64406657218933
Prunella montanella,1985,0.914530456066132
Prunella strophiata,1985,3.23462677001953
Psarisomus dalhousiae,1985,6.33511304855347
Pseudopodoces humilis,1985,1.5180641412735
Psilopogon faber,1985,6.86175537109375
Psilopogon virens,1985,6.14751482009888
Pterorhinus berthemyi,1985,6.02166986465454
Pterorhinus lanceolatus,1985,5.54551506042481
Pterorhinus pectoralis,1985,6.15281915664673
Pterorhinus sannio,1985,6.16215372085571
Pteruthius rufiventer,1985,5.48132610321045
Pteruthius xanthochlorus,1985,4.62868928909302
Ptyonoprogne rupestris,1985,3.33010125160217
Pycnonotus aurigaster,1985,6.45112943649292
Pycnonotus jocosus,1985,6.57880163192749
Pycnonotus sinensis,1985,5.76786231994629
Pycnonotus xanthorrhous,1985,5.76028347015381
Pyrrhula erythaca,1985,4.27967739105225
Pyrrhula nipalensis,1985,5.74650764465332
Rallina eurizonoides,1985,7.06313133239746
Rallus aquaticus,1985,2.63208174705505
Recurvirostra avosetta,1985,2.26159071922302
Regulus regulus,1985,3.80218815803528
Remiz consobrinus,1985,2.79223012924194
Remiz coronatus,1985,2.49453520774841
Rhodospiza obsoleta,1985,3.26528930664063
Rubigula flaviventris,1985,6.71669292449951
Sasia ochracea,1985,6.79406261444092
Saxicola ferreus,1985,5.71097612380981
Sitta cinnamoventris,1985,6.30887508392334
Sitta formosa,1985,6.02974271774292
Sitta villosa,1985,3.48610353469849
Sittiparus varius,1985,3.41777300834656
Spilopelia chinensis,1985,5.72495460510254
Spilopelia senegalensis,1985,2.89514183998108
Spilornis cheela,1985,6.39182281494141
Spinus spinus,1985,1.83704721927643
Spizixos semitorques,1985,6.03080749511719
Spodiopsar cineraceus,1985,3.03243613243103
Spodiopsar sericeus,1985,6.39606380462647
Stachyris humei,1985,5.45787048339844
Staphida torqueola,1985,6.36809253692627
Streptopelia decaocto,1985,3.85225629806519
Sturnia sinensis,1985,6.8085675239563
Sturnus vulgaris,1985,3.13771629333496
Suthora fulvifrons,1985,4.33756971359253
Syrmaticus humiae,1985,6.26335906982422
Syrmaticus reevesii,1985,5.60576391220093
Syrrhaptes paradoxus,1985,2.96960949897766
Tarsiger chrysaeus,1985,3.84413433074951
Tarsiger indicus,1985,4.39080142974854
Temnurus temnurus,1985,7.94423770904541
Tephrodornis virgatus,1985,6.90647268295288
Thalasseus bergii,1985,7.55151462554932
Timalia pileata,1985,6.83599948883057
Tragopan caboti,1985,6.65950345993042
Tragopan temminckii,1985,5.20832347869873
Treron curvirostra,1985,6.71424579620361
Treron sieboldii,1985,6.48624658584595
Treron sphenurus,1985,5.66577243804932
Turdus boulboul,1985,6.38482475280762
Turdus cardis,1985,5.77346992492676
Turdus feae,1985,3.77626371383667
Turdus mandarinus,1985,5.72284364700317
Turdus pilaris,1985,1.47687828540802
Turdus rubrocanus,1985,3.49147796630859
Turdus ruficollis,1985,2.63421392440796
Turdus viscivorus,1985,3.06394338607788
Turnix suscitator,1985,6.50196743011475
Tyto longimembris,1985,6.46512603759766
Urile pelagicus,1985,4.57435083389282
Urosphena squameiceps,1985,2.88163781166077
Vanellus cinereus,1985,2.90489912033081
Vanellus indicus,1985,6.44091701507568
Vanellus vanellus,1985,2.64386630058289
Yuhina nigrimenta,1985,5.80635452270508
Zoothera dixoni,1985,4.84189748764038
Zoothera mollissima,1985,2.77922511100769
Zoothera monticola,1985,5.31061840057373
Zosterops erythropleurus,1985,3.13079190254211
Abroscopus albogularis,1986,6.40949296951294
Accipiter gularis,1986,2.77826762199402
Accipiter soloensis,1986,5.71009159088135
Accipiter trivirgatus,1986,7.20114040374756
Accipiter virgatus,1986,5.851966381073
Acridotheres cristatellus,1986,6.13177347183228
Acridotheres tristis,1986,5.30903577804565
Acrocephalus agricola,1986,3.71775960922241
Acrocephalus bistrigiceps,1986,3.74564671516418
Acrocephalus concinens,1986,5.3698296546936
Acrocephalus orientalis,1986,3.84291052818298
Acrocephalus tangorum,1986,3.11140727996826
Aegithalos bonvaloti,1986,3.97379541397095
Aegithalos caudatus,1986,2.67617392539978
Aegithalos concinnus,1986,6.03159236907959
Aegithalos fuliginosus,1986,4.51736736297607
Aerodramus brevirostris,1986,5.48141574859619
Aethopyga christinae,1986,8.13722324371338
Aethopyga gouldiae,1986,4.8228611946106
Agropsar sturninus,1986,3.28282475471497
Aix galericulata,1986,3.03383708000183
Alauda gulgula,1986,4.39048385620117
Alaudala cheleensis,1986,3.28785824775696
Alcedo hercules,1986,6.97406625747681
Alcippe morrisonia,1986,6.1490969657898
Amaurornis phoenicurus,1986,6.05019330978394
Anastomus oscitans,1986,6.10215091705322
Anser anser,1986,2.73912739753723
Anser fabalis,1986,2.11679124832153
Anser indicus,1986,2.22514224052429
Anthus godlewskii,1986,2.43166279792786
Anthus gustavi,1986,2.80906820297241
Anthus richardi,1986,4.1411075592041
Anthus roseatus,1986,2.91734766960144
Anthus trivialis,1986,2.49280834197998
Aquila fasciata,1986,6.87866163253784
Aquila heliaca,1986,2.27391386032105
Ardea intermedia,1986,6.29315137863159
Ardea purpurea,1986,5.48663187026978
Ardenna pacifica,1986,7.42076873779297
Artamus fuscus,1986,7.13958501815796
Asio flammeus,1986,2.28627991676331
Athene noctua,1986,2.98120760917664
Aviceda jerdoni,1986,7.25378847122192
Aviceda leuphotes,1986,6.05434131622315
Aythya fuligula,1986,2.36515736579895
Aythya nyroca,1986,2.90850472450256
Bombycilla japonica,1986,1.57206964492798
Branta canadensis,1986,3.97652578353882
Bubo nipalensis,1986,4.91196823120117
Bucanetes mongolicus,1986,3.30247044563293
Butastur indicus,1986,3.13395380973816
Cacomantis merulinus,1986,6.84690856933594
Calandrella brachydactyla,1986,3.40749597549439
Calliope obscura,1986,4.17825508117676
Caprimulgus macrurus,1986,7.29637670516968
Carpodacus roborowskii,1986,1.02847349643707
Carpodacus vinaceus,1986,5.34600114822388
Cecropis daurica,1986,4.34560537338257
Centropus bengalensis,1986,6.70241117477417
Cephalopyrus flammiceps,1986,4.86590671539307
Certhia familiaris,1986,3.08269572257996
Certhia himalayana,1986,4.40830087661743
Certhia tianquanensis,1986,4.0609302520752
Ceryle rudis,1986,6.45501947402954
Cettia brunnifrons,1986,4.32235765457153
Cettia castaneocoronata,1986,5.06976413726807
Chalcophaps indica,1986,7.137451171875
Charadrius atrifrons,1986,1.9954993724823
Charadrius dealbatus,1986,7.60154342651367
Charadrius placidus,1986,3.77057933807373
Charadrius veredus,1986,2.46076679229736
Chlidonias leucopterus,1986,2.97922492027283
Chlidonias niger,1986,2.71199870109558
Chloris ambigua,1986,5.46826601028442
Chloris sinica,1986,4.57730436325073
Chrysolophus pictus,1986,5.15100908279419
Ciconia boyciana,1986,3.04805493354797
Ciconia nigra,1986,3.47358131408691
Circaetus gallicus,1986,3.51976990699768
Circus macrourus,1986,2.54851889610291
Circus spilonotus,1986,2.49273800849915
Cisticola exilis,1986,6.62753486633301
Cisticola juncidis,1986,6.02614736557007
Clamator coromandus,1986,6.18773031234741
Clanga clanga,1986,2.5744788646698
Columba oenas,1986,2.50355696678162
Copsychus saularis,1986,6.12136936187744
Coracias garrulus,1986,2.45359301567078
Coturnicops exquisitus,1986,2.19210529327393
Crex crex,1986,2.43631792068481
Crossoptilon mantchuricum,1986,4.0034966468811
Curruca curruca,1986,3.18089699745178
Cyanistes cyanus,1986,2.30312037467957
Cyanoderma pyrrhops,1986,4.8685622215271
Cygnus cygnus,1986,2.59409427642822
Cygnus olor,1986,2.69052648544312
Cyornis glaucicomans,1986,5.86962461471558
Cyornis hainanus,1986,7.39329862594605
Cyornis rubeculoides,1986,6.23206853866577
Delichon dasypus,1986,3.80509877204895
Dendrocitta formosae,1986,6.32710266113281
Dendrocopos hyperythrus,1986,4.1254677772522
Dendrocygna javanica,1986,6.55192565917969
Dicaeum cruentatum,1986,6.75042152404785
Dicaeum ignipectus,1986,5.95514249801636
Dicaeum minullum,1986,5.7505841255188
Dicrurus annectens,1986,6.9935827255249
Dicrurus hottentottus,1986,5.76847314834595
Dicrurus remifer,1986,6.42595148086548
Egretta eulophotes,1986,4.39575719833374
Egretta garzetta,1986,5.22458410263062
Elachura formosa,1986,6.02561378479004
Elanus caeruleus,1986,7.07968711853027
Emberiza buchanani,1986,2.21451497077942
Emberiza citrinella,1986,2.27983117103577
Emberiza elegans,1986,4.28008222579956
Emberiza godlewskii,1986,3.17126750946045
Emberiza hortulana,1986,2.86177897453308
Emberiza leucocephalos,1986,2.09076476097107
Emberiza pallasi,1986,1.51411747932434
Emberiza pusilla,1986,2.77454614639282
Emberiza rustica,1986,0.866726458072662
Emberiza siemsseni,1986,4.54164934158325
Emberiza yessoensis,1986,2.804194688797
Enicurus leschenaulti,1986,5.7890305519104
Enicurus maculatus,1986,6.40571451187134
Enicurus schistaceus,1986,6.35466051101685
Erpornis zantholeuca,1986,6.52980375289917
Erythrogenys hypoleucos,1986,7.06545972824097
Eudynamys scolopaceus,1986,6.12369441986084
Eumyias thalassinus,1986,5.63648796081543
Falco cherrug,1986,2.69956994056702
Falco severus,1986,6.50019979476929
Ficedula albicilla,1986,1.62850105762482
Ficedula elisae,1986,3.88879704475403
Ficedula erithacus,1986,3.91340780258179
Ficedula hyperythra,1986,6.06571245193481
Ficedula mugimaki,1986,2.70001029968262
Ficedula strophiata,1986,5.30984258651733
Ficedula superciliaris,1986,3.34359693527222
Ficedula tricolor,1986,4.99177503585815
Fringilla coelebs,1986,1.06206166744232
Fringilla montifringilla,1986,1.32958042621613
Galerida cristata,1986,3.65749931335449
Gallicrex cinerea,1986,5.49520206451416
Garrulax maesi,1986,6.34277725219727
Garrulax monileger,1986,6.84659194946289
Gavia arctica,1986,2.61362791061401
Gelochelidon nilotica,1986,3.97478127479553
Geokichla citrina,1986,6.46530818939209
Glaucidium cuculoides,1986,6.23687744140625
Gorsachius melanolophus,1986,7.43356466293335
Gracupica nigricollis,1986,6.54668045043945
Grandala coelicolor,1986,2.08405447006226
Grus japonensis,1986,2.76271557807922
Grus monacha,1986,2.17332911491394
Grus nigricollis,1986,1.30405044555664
Gypaetus barbatus,1986,2.24751234054565
Gyps himalayensis,1986,2.33346915245056
Halcyon coromanda,1986,4.33445405960083
Halcyon pileata,1986,5.47418451309204
Halcyon smyrnensis,1986,7.45539474487305
Haliaeetus leucoryphus,1986,5.54976177215576
Harpactes wardi,1986,4.26688861846924
Helopsaltes certhiola,1986,3.16644978523254
Helopsaltes pryeri,1986,3.79249477386475
Hemiprocne coronata,1986,6.2307653427124
Hemitesia pallidipes,1986,6.24695062637329
Hemixos castanonotus,1986,6.85656023025513
Heterophasia desgodinsi,1986,5.94641017913818
Heteroxenicus stellatus,1986,4.68389511108398
Hieraaetus pennatus,1986,1.77267777919769
Hierococcyx nisicolor,1986,6.31735897064209
Hirundapus caudacutus,1986,2.97518968582153
Hirundo rustica,1986,3.67624378204346
Histrionicus histrionicus,1986,2.7257194519043
Hydrocoloeus minutus,1986,4.22049140930176
Hydrophasianus chirurgus,1986,6.32051181793213
Hydroprogne caspia,1986,5.44362354278565
Hypothymis azurea,1986,6.39673948287964
Hypsipetes leucocephalus,1986,5.83791160583496
Ianthocincla lunulata,1986,4.66393184661865
Ibidorhyncha struthersii,1986,2.68700838088989
Ictinaetus malaiensis,1986,6.48514842987061
Iduna caligata,1986,2.51361846923828
Indicator xanthonotus,1986,5.12724542617798
Ixobrychus cinnamomeus,1986,5.87588310241699
Ixobrychus eurhythmus,1986,4.49303531646729
Ixobrychus minutus,1986,2.90957856178284
Ixos mcclellandii,1986,6.45983791351318
Ketupa flavipes,1986,6.31701421737671
Lalage melaschistos,1986,5.72381067276001
Lanius borealis,1986,2.38399362564087
Lanius collurioides,1986,6.73184204101563
Lanius isabellinus,1986,3.0902464389801
Lanius schach,1986,5.60510683059692
Lanius sphenocercus,1986,3.04181361198425
Lanius tephronotus,1986,3.16144847869873
Larus crassirostris,1986,5.8916711807251
Larvivora brunnea,1986,3.76039147377014
Larvivora cyane,1986,2.38369512557983
Leptopoecile elegans,1986,2.31303477287293
Leptoptilos javanicus,1986,6.31401300430298
Limnodromus semipalmatus,1986,2.31279373168945
Limosa limosa,1986,2.38369917869568
Linaria cannabina,1986,2.94758749008179
Locustella davidi,1986,2.39312386512756
Locustella mandelli,1986,6.29437255859375
Lonchura striata,1986,6.56600666046143
Lophotriorchis kienerii,1986,7.50015020370483
Lophura leucomelanos,1986,4.68701887130737
Lophura nycthemera,1986,6.67777681350708
Loxia curvirostra,1986,2.46002197265625
Macropygia unchall,1986,6.10916614532471
Mareca falcata,1986,2.09838914871216
Megaceryle lugubris,1986,5.8350191116333
Melanitta fusca,1986,2.17634987831116
Melanitta stejnegeri,1986,1.18866586685181
Melanochlora sultanea,1986,6.60718584060669
Mergus serrator,1986,2.45410561561584
Merops philippinus,1986,6.62605333328247
Mixornis gularis,1986,6.21350002288818
Monticola gularis,1986,2.72852158546448
Monticola rufiventris,1986,5.87902641296387
Monticola solitarius,1986,4.76579284667969
Motacilla citreola,1986,2.58104681968689
Moupinia poecilotis,1986,3.56241035461426
Muscicapa dauurica,1986,2.55633926391602
Muscicapa ferruginea,1986,5.20213317871094
Muscicapa muttui,1986,6.24350881576538
Mycerobas affinis,1986,3.24318265914917
Mycerobas carnipes,1986,2.62951278686523
Myiomela leucura,1986,5.81174898147583
Myophonus caeruleus,1986,5.15991830825806
Netta rufina,1986,3.15107369422913
Niltava davidi,1986,6.15993070602417
Niltava grandis,1986,5.92922782897949
Niltava macgrigoriae,1986,6.34355592727661
Niltava sundara,1986,4.90732431411743
Ninox japonica,1986,4.83608770370483
Nipponia nippon,1986,5.3478856086731
Nisaetus nipalensis,1986,6.05007696151733
Numenius madagascariensis,1986,2.34792637825012
Nycticorax nycticorax,1986,5.66739988327026
Oenanthe deserti,1986,2.70926856994629
Oenanthe oenanthe,1986,3.07763648033142
Onychoprion anaethetus,1986,7.1739764213562
Oriolus oriolus,1986,2.75333690643311
Otus lettia,1986,6.42601823806763
Otus semitorques,1986,3.93377041816711
Otus spilocephalus,1986,6.18001365661621
Oxyura leucocephala,1986,3.45544505119324
Panurus biarmicus,1986,3.06313276290894
Paradoxornis guttaticollis,1986,6.22745227813721
Paradoxornis heudei,1986,5.06450462341309
Parayuhina diademata,1986,5.3265118598938
Pardaliparus venustulus,1986,5.43179988861084
Parus monticolus,1986,5.241042137146
Passer cinnamomeus,1986,5.23677921295166
Passer domesticus,1986,2.30159902572632
Passer hispaniolensis,1986,3.06793427467346
Pelecanus crispus,1986,2.1769802570343
Pellorneum tickelli,1986,6.73248481750488
Perdix hodgsoniae,1986,1.62139451503754
Pericrocotus cantonensis,1986,6.16445112228394
Pericrocotus divaricatus,1986,2.72683382034302
Pericrocotus ethologus,1986,4.55846261978149
Pericrocotus solaris,1986,6.53057813644409
Periparus rubidiventris,1986,2.29547834396362
Pernis ptilorhynchus,1986,2.99373245239258
Phasianus colchicus,1986,4.15370321273804
Phoenicurus erythronotus,1986,3.1239275932312
Phoenicurus frontalis,1986,3.23354053497314
Phoenicurus leucocephalus,1986,3.96619009971619
Phoenicurus ochruros,1986,2.83403468132019
Phoenicurus schisticeps,1986,2.81876111030579
Phylloscopus affinis,1986,3.36782121658325
Phylloscopus burkii,1986,2.74527382850647
Phylloscopus cantator,1986,5.95345067977905
Phylloscopus castaniceps,1986,6.07521152496338
Phylloscopus claudiae,1986,4.49635887145996
Phylloscopus coronatus,1986,3.79367828369141
Phylloscopus emeiensis,1986,5.164954662323
Phylloscopus intermedius,1986,5.5850248336792
Phylloscopus magnirostris,1986,3.67750024795532
Phylloscopus ogilviegranti,1986,6.48221921920776
Phylloscopus omeiensis,1986,4.61491298675537
Phylloscopus pulcher,1986,4.04335689544678
Phylloscopus ricketti,1986,5.87730884552002
Phylloscopus soror,1986,5.4592809677124
Phylloscopus subaffinis,1986,4.92525148391724
Phylloscopus tenellipes,1986,3.17973470687866
Phylloscopus tephrocephalus,1986,5.05122661590576
Phylloscopus yunnanensis,1986,4.0176682472229
Picumnus innominatus,1986,5.88884687423706
Picus chlorolophus,1986,6.6444206237793
Pitta nympha,1986,6.36233425140381
Platalea minor,1986,4.33364534378052
Pnoepyga immaculata,1986,3.47466731071472
Podiceps auritus,1986,2.11492681503296
Podiceps grisegena,1986,2.54647421836853
Podiceps nigricollis,1986,2.92049717903137
Podoces biddulphi,1986,4.88407754898071
Pomatorhinus schisticeps,1986,6.31310796737671
Pomatorhinus superciliaris,1986,5.93625736236572
Prinia atrogularis,1986,5.48939085006714
Prinia flaviventris,1986,6.79425430297852
Prinia inornata,1986,6.49568176269531
Prunella collaris,1986,2.26253771781921
Prunella himalayana,1986,1.82565009593964
Prunella immaculata,1986,2.6532621383667
Prunella montanella,1986,1.16852831840515
Prunella strophiata,1986,3.23164463043213
Psarisomus dalhousiae,1986,6.33335542678833
Pseudopodoces humilis,1986,1.4651917219162
Psilopogon faber,1986,6.91220903396606
Psilopogon virens,1986,6.16689538955689
Pterorhinus berthemyi,1986,6.0409836769104
Pterorhinus lanceolatus,1986,5.5641713142395
Pterorhinus pectoralis,1986,6.17796516418457
Pterorhinus sannio,1986,6.1828498840332
Pteruthius rufiventer,1986,5.47268962860107
Pteruthius xanthochlorus,1986,4.63500356674194
Ptyonoprogne rupestris,1986,3.36743092536926
Pycnonotus aurigaster,1986,6.47594690322876
Pycnonotus jocosus,1986,6.60841178894043
Pycnonotus sinensis,1986,5.80345058441162
Pycnonotus xanthorrhous,1986,5.77977275848389
Pyrrhula erythaca,1986,4.29853105545044
Pyrrhula nipalensis,1986,5.76515626907349
Rallina eurizonoides,1986,7.06682920455933
Rallus aquaticus,1986,2.63273286819458
Recurvirostra avosetta,1986,2.45348572731018
Regulus regulus,1986,3.8286349773407
Remiz consobrinus,1986,2.93695020675659
Remiz coronatus,1986,2.63552141189575
Rhodospiza obsoleta,1986,3.30535650253296
Rubigula flaviventris,1986,6.74183225631714
Sasia ochracea,1986,6.81317806243897
Saxicola ferreus,1986,5.72183132171631
Sitta cinnamoventris,1986,6.3115086555481
Sitta formosa,1986,6.02798461914063
Sitta villosa,1986,3.5329122543335
Sittiparus varius,1986,3.43902540206909
Spilopelia chinensis,1986,5.75162172317505
Spilopelia senegalensis,1986,2.98130655288696
Spilornis cheela,1986,6.41116094589233
Spinus spinus,1986,2.02555298805237
Spizixos semitorques,1986,6.05063152313232
Spodiopsar cineraceus,1986,3.14406824111939
Spodiopsar sericeus,1986,6.41881561279297
Stachyris humei,1986,5.43800210952759
Staphida torqueola,1986,6.39107179641724
Streptopelia decaocto,1986,3.89273405075073
Sturnia sinensis,1986,6.84166955947876
Sturnus vulgaris,1986,3.24871945381165
Suthora fulvifrons,1986,4.3345513343811
Syrmaticus humiae,1986,6.27566242218018
Syrmaticus reevesii,1986,5.62322854995728
Syrrhaptes paradoxus,1986,3.10625433921814
Tarsiger chrysaeus,1986,3.84448909759522
Tarsiger indicus,1986,4.39467716217041
Temnurus temnurus,1986,8.01015663146973
Tephrodornis virgatus,1986,6.93369674682617
Thalasseus bergii,1986,7.56916618347168
Timalia pileata,1986,6.86902236938477
Tragopan caboti,1986,6.67318820953369
Tragopan temminckii,1986,5.22832822799683
Treron curvirostra,1986,6.72783803939819
Treron sieboldii,1986,6.50928449630737
Treron sphenurus,1986,5.68168592453003
Turdus boulboul,1986,6.39949321746826
Turdus cardis,1986,5.80010461807251
Turdus feae,1986,3.85689234733582
Turdus mandarinus,1986,5.7445011138916
Turdus pilaris,1986,1.72450757026672
Turdus rubrocanus,1986,3.49575519561768
Turdus ruficollis,1986,2.74476051330566
Turdus viscivorus,1986,3.16663908958435
Turnix suscitator,1986,6.52399921417236
Tyto longimembris,1986,6.49326181411743
Urile pelagicus,1986,4.61607789993286
Urosphena squameiceps,1986,2.91317176818848
Vanellus cinereus,1986,3.05905508995056
Vanellus indicus,1986,6.44283771514893
Vanellus vanellus,1986,2.8047080039978
Yuhina nigrimenta,1986,5.82763051986694
Zoothera dixoni,1986,4.85118007659912
Zoothera mollissima,1986,2.77731418609619
Zoothera monticola,1986,5.26976823806763
Zosterops erythropleurus,1986,3.21386432647705
Abroscopus albogularis,1987,6.59055709838867
Accipiter gularis,1987,2.61174464225769
Accipiter soloensis,1987,5.8229193687439
Accipiter trivirgatus,1987,7.39459419250488
Accipiter virgatus,1987,6.04568672180176
Acridotheres cristatellus,1987,6.29369735717773
Acridotheres tristis,1987,5.49317502975464
Acrocephalus agricola,1987,3.92445993423462
Acrocephalus bistrigiceps,1987,3.70265340805054
Acrocephalus concinens,1987,5.49407863616943
Acrocephalus orientalis,1987,3.81749367713928
Acrocephalus tangorum,1987,2.98206567764282
Aegithalos bonvaloti,1987,4.16750621795654
Aegithalos caudatus,1987,2.51966738700867
Aegithalos concinnus,1987,6.19628477096558
Aegithalos fuliginosus,1987,4.7192325592041
Aerodramus brevirostris,1987,5.65207576751709
Aethopyga christinae,1987,8.36684131622315
Aethopyga gouldiae,1987,4.99210786819458
Agropsar sturninus,1987,3.27117776870728
Aix galericulata,1987,2.8814971446991
Alauda gulgula,1987,4.56190013885498
Alaudala cheleensis,1987,3.41681909561157
Alcedo hercules,1987,7.16935682296753
Alcippe morrisonia,1987,6.31580209732056
Amaurornis phoenicurus,1987,6.21355295181274
Anastomus oscitans,1987,6.29919958114624
Anser anser,1987,2.68399810791016
Anser fabalis,1987,1.80396676063538
Anser indicus,1987,2.39289712905884
Anthus godlewskii,1987,2.30114102363586
Anthus gustavi,1987,2.62271642684937
Anthus richardi,1987,4.2314248085022
Anthus roseatus,1987,3.10401654243469
Anthus trivialis,1987,2.68863606452942
Aquila fasciata,1987,7.0615439414978
Aquila heliaca,1987,2.25431370735168
Ardea intermedia,1987,6.45186185836792
Ardea purpurea,1987,5.58944225311279
Ardenna pacifica,1987,7.624267578125
Artamus fuscus,1987,7.3365626335144
Asio flammeus,1987,2.15444993972778
Athene noctua,1987,3.09309959411621
Aviceda jerdoni,1987,7.44386720657349
Aviceda leuphotes,1987,6.23789644241333
Aythya fuligula,1987,2.16142964363098
Aythya nyroca,1987,3.11016011238098
Bombycilla japonica,1987,1.1267808675766
Branta canadensis,1987,4.02957677841187
Bubo nipalensis,1987,5.09755039215088
Bucanetes mongolicus,1987,3.48851442337036
Butastur indicus,1987,3.00887250900269
Cacomantis merulinus,1987,7.04149055480957
Calandrella brachydactyla,1987,3.60480785369873
Calliope obscura,1987,4.39983177185059
Caprimulgus macrurus,1987,7.49153852462769
Carpodacus roborowskii,1987,1.19432234764099
Carpodacus vinaceus,1987,5.54306030273438
Cecropis daurica,1987,4.42893171310425
Centropus bengalensis,1987,6.8759298324585
Cephalopyrus flammiceps,1987,5.01421689987183
Certhia familiaris,1987,3.12315893173218
Certhia himalayana,1987,4.60831594467163
Certhia tianquanensis,1987,4.28538227081299
Ceryle rudis,1987,6.61752796173096
Cettia brunnifrons,1987,4.50093841552734
Cettia castaneocoronata,1987,5.25660848617554
Chalcophaps indica,1987,7.33049011230469
Charadrius atrifrons,1987,2.18950438499451
Charadrius dealbatus,1987,7.81274032592773
Charadrius placidus,1987,3.75285649299622
Charadrius veredus,1987,2.34340405464172
Chlidonias leucopterus,1987,2.94643330574036
Chlidonias niger,1987,2.89735412597656
Chloris ambigua,1987,5.66425180435181
Chloris sinica,1987,4.66498565673828
Chrysolophus pictus,1987,5.3357138633728
Ciconia boyciana,1987,2.86467051506043
Ciconia nigra,1987,3.54926896095276
Circaetus gallicus,1987,3.74051237106323
Circus macrourus,1987,2.74429678916931
Circus spilonotus,1987,2.28227305412293
Cisticola exilis,1987,6.81058406829834
Cisticola juncidis,1987,6.1703085899353
Clamator coromandus,1987,6.34630632400513
Clanga clanga,1987,2.38842439651489
Columba oenas,1987,2.66421365737915
Copsychus saularis,1987,6.28490829467773
Coracias garrulus,1987,2.62419247627258
Coturnicops exquisitus,1987,1.90218305587769
Crex crex,1987,2.61228370666504
Crossoptilon mantchuricum,1987,4.21039438247681
Curruca curruca,1987,3.39074325561523
Cyanistes cyanus,1987,2.21419930458069
Cyanoderma pyrrhops,1987,4.9185905456543
Cygnus cygnus,1987,2.54165935516357
Cygnus olor,1987,2.91045928001404
Cyornis glaucicomans,1987,6.05478668212891
Cyornis hainanus,1987,7.59427309036255
Cyornis rubeculoides,1987,6.34480571746826
Delichon dasypus,1987,3.97543430328369
Dendrocitta formosae,1987,6.4893913269043
Dendrocopos hyperythrus,1987,4.23960876464844
Dendrocygna javanica,1987,6.71862077713013
Dicaeum cruentatum,1987,6.93864917755127
Dicaeum ignipectus,1987,6.12504529953003
Dicaeum minullum,1987,5.93940496444702
Dicrurus annectens,1987,7.17608642578125
Dicrurus hottentottus,1987,5.93119668960571
Dicrurus remifer,1987,6.60381078720093
Egretta eulophotes,1987,4.46337842941284
Egretta garzetta,1987,5.38758182525635
Elachura formosa,1987,6.21170139312744
Elanus caeruleus,1987,7.24972629547119
Emberiza buchanani,1987,2.39959955215454
Emberiza citrinella,1987,2.51887893676758
Emberiza elegans,1987,4.27428960800171
Emberiza godlewskii,1987,3.26629638671875
Emberiza hortulana,1987,3.07141637802124
Emberiza leucocephalos,1987,2.04320240020752
Emberiza pallasi,1987,1.20583546161652
Emberiza pusilla,1987,2.55257391929626
Emberiza rustica,1987,1.13613224029541
Emberiza siemsseni,1987,4.75564336776733
Emberiza yessoensis,1987,2.59739589691162
Enicurus leschenaulti,1987,5.95582151412964
Enicurus maculatus,1987,6.60083246231079
Enicurus schistaceus,1987,6.54539394378662
Erpornis zantholeuca,1987,6.72368860244751
Erythrogenys hypoleucos,1987,7.21946907043457
Eudynamys scolopaceus,1987,6.28332853317261
Eumyias thalassinus,1987,5.8127007484436
Falco cherrug,1987,2.86945700645447
Falco severus,1987,6.69039583206177
Ficedula albicilla,1987,1.22515630722046
Ficedula elisae,1987,4.02262783050537
Ficedula erithacus,1987,4.09753704071045
Ficedula hyperythra,1987,6.25815534591675
Ficedula mugimaki,1987,2.51606678962708
Ficedula strophiata,1987,5.49587106704712
Ficedula superciliaris,1987,3.51001358032227
Ficedula tricolor,1987,5.18097877502441
Fringilla coelebs,1987,1.31952548027039
Fringilla montifringilla,1987,1.57606160640717
Galerida cristata,1987,3.81875824928284
Gallicrex cinerea,1987,5.62886714935303
Garrulax maesi,1987,6.53144550323486
Garrulax monileger,1987,7.03825807571411
Gavia arctica,1987,2.66330647468567
Gelochelidon nilotica,1987,4.03491353988647
Geokichla citrina,1987,6.64250802993774
Glaucidium cuculoides,1987,6.40016078948975
Gorsachius melanolophus,1987,7.64510440826416
Gracupica nigricollis,1987,6.74219560623169
Grandala coelicolor,1987,2.25195074081421
Grus japonensis,1987,2.54549837112427
Grus monacha,1987,1.79097259044647
Grus nigricollis,1987,1.49387538433075
Gypaetus barbatus,1987,2.43713998794556
Gyps himalayensis,1987,2.51909041404724
Halcyon coromanda,1987,4.38803434371948
Halcyon pileata,1987,5.63407945632935
Halcyon smyrnensis,1987,7.65791463851929
Haliaeetus leucoryphus,1987,5.65311050415039
Harpactes wardi,1987,4.40852642059326
Helopsaltes certhiola,1987,3.23744940757751
Helopsaltes pryeri,1987,3.64960908889771
Hemiprocne coronata,1987,6.38669633865356
Hemitesia pallidipes,1987,6.42546892166138
Hemixos castanonotus,1987,7.0541296005249
Heterophasia desgodinsi,1987,6.14246463775635
Heteroxenicus stellatus,1987,4.84975576400757
Hieraaetus pennatus,1987,1.67676651477814
Hierococcyx nisicolor,1987,6.50806140899658
Hirundapus caudacutus,1987,2.95369672775269
Hirundo rustica,1987,3.79697775840759
Histrionicus histrionicus,1987,2.50540494918823
Hydrocoloeus minutus,1987,4.39343547821045
Hydrophasianus chirurgus,1987,6.48662519454956
Hydroprogne caspia,1987,5.5871148109436
Hypothymis azurea,1987,6.59308004379273
Hypsipetes leucocephalus,1987,6.00092315673828
Ianthocincla lunulata,1987,4.85919332504273
Ibidorhyncha struthersii,1987,2.87198352813721
Ictinaetus malaiensis,1987,6.65577840805054
Iduna caligata,1987,2.72352766990662
Indicator xanthonotus,1987,5.25053262710571
Ixobrychus cinnamomeus,1987,6.02395534515381
Ixobrychus eurhythmus,1987,4.48388004302979
Ixobrychus minutus,1987,3.09598255157471
Ixos mcclellandii,1987,6.63560104370117
Ketupa flavipes,1987,6.46974658966065
Lalage melaschistos,1987,5.89265584945679
Lanius borealis,1987,2.33987379074097
Lanius collurioides,1987,6.92987632751465
Lanius isabellinus,1987,3.26126313209534
Lanius schach,1987,5.77145338058472
Lanius sphenocercus,1987,3.00203990936279
Lanius tephronotus,1987,3.35524892807007
Larus crassirostris,1987,6.02503347396851
Larvivora brunnea,1987,3.95031309127808
Larvivora cyane,1987,2.16832613945007
Leptopoecile elegans,1987,2.50753688812256
Leptoptilos javanicus,1987,6.50961446762085
Limnodromus semipalmatus,1987,2.05193948745728
Limosa limosa,1987,2.26217889785767
Linaria cannabina,1987,3.14600872993469
Locustella davidi,1987,2.15743660926819
Locustella mandelli,1987,6.48563051223755
Lonchura striata,1987,6.72944784164429
Lophotriorchis kienerii,1987,7.67998933792114
Lophura leucomelanos,1987,4.82709980010986
Lophura nycthemera,1987,6.87899017333984
Loxia curvirostra,1987,2.4552743434906
Macropygia unchall,1987,6.30287981033325
Mareca falcata,1987,1.79024291038513
Megaceryle lugubris,1987,5.98576879501343
Melanitta fusca,1987,2.44859170913696
Melanitta stejnegeri,1987,0.703609526157379
Melanochlora sultanea,1987,6.77729415893555
Mergus serrator,1987,2.22163581848145
Merops philippinus,1987,6.82296943664551
Mixornis gularis,1987,6.40533542633057
Monticola gularis,1987,2.54787087440491
Monticola rufiventris,1987,6.04730176925659
Monticola solitarius,1987,4.87382030487061
Motacilla citreola,1987,2.74230027198792
Moupinia poecilotis,1987,3.77241063117981
Muscicapa dauurica,1987,2.3530113697052
Muscicapa ferruginea,1987,5.39388561248779
Muscicapa muttui,1987,6.43672370910645
Mycerobas affinis,1987,3.41193556785584
Mycerobas carnipes,1987,2.81438255310059
Myiomela leucura,1987,5.99127674102783
Myophonus caeruleus,1987,5.32473468780518
Netta rufina,1987,3.34097290039063
Niltava davidi,1987,6.35510587692261
Niltava grandis,1987,6.09420824050903
Niltava macgrigoriae,1987,6.52624702453613
Niltava sundara,1987,5.08235597610474
Ninox japonica,1987,4.88563871383667
Nipponia nippon,1987,5.53069877624512
Nisaetus nipalensis,1987,6.24172210693359
Numenius madagascariensis,1987,2.07722592353821
Nycticorax nycticorax,1987,5.79851865768433
Oenanthe deserti,1987,2.90989756584168
Oenanthe oenanthe,1987,3.18777513504028
Onychoprion anaethetus,1987,7.35789823532105
Oriolus oriolus,1987,2.94932746887207
Otus lettia,1987,6.58756971359253
Otus semitorques,1987,3.98328185081482
Otus spilocephalus,1987,6.36341333389282
Oxyura leucocephala,1987,3.63527774810791
Panurus biarmicus,1987,3.18360924720764
Paradoxornis guttaticollis,1987,6.42805290222168
Paradoxornis heudei,1987,5.12686061859131
Parayuhina diademata,1987,5.52058506011963
Pardaliparus venustulus,1987,5.59743499755859
Parus monticolus,1987,5.43371963500977
Passer cinnamomeus,1987,5.40615749359131
Passer domesticus,1987,2.25846171379089
Passer hispaniolensis,1987,3.24780011177063
Pelecanus crispus,1987,2.37900352478027
Pellorneum tickelli,1987,6.91861152648926
Perdix hodgsoniae,1987,1.78217208385468
Pericrocotus cantonensis,1987,6.32705640792847
Pericrocotus divaricatus,1987,2.57477736473084
Pericrocotus ethologus,1987,4.72473859786987
Pericrocotus solaris,1987,6.71527099609375
Periparus rubidiventris,1987,2.47019219398499
Pernis ptilorhynchus,1987,2.8774094581604
Phasianus colchicus,1987,4.23098754882813
Phoenicurus erythronotus,1987,3.30151748657227
Phoenicurus frontalis,1987,3.4205310344696
Phoenicurus leucocephalus,1987,4.13874483108521
Phoenicurus ochruros,1987,3.03175187110901
Phoenicurus schisticeps,1987,2.99582815170288
Phylloscopus affinis,1987,3.54618334770203
Phylloscopus burkii,1987,2.85739135742188
Phylloscopus cantator,1987,6.1118369102478
Phylloscopus castaniceps,1987,6.23569297790527
Phylloscopus claudiae,1987,4.69420146942139
Phylloscopus coronatus,1987,3.71447062492371
Phylloscopus emeiensis,1987,5.38327789306641
Phylloscopus intermedius,1987,5.73959732055664
Phylloscopus magnirostris,1987,3.87142157554626
Phylloscopus ogilviegranti,1987,6.68551588058472
Phylloscopus omeiensis,1987,4.82724332809448
Phylloscopus pulcher,1987,4.23464965820313
Phylloscopus ricketti,1987,6.04106044769287
Phylloscopus soror,1987,5.64586973190308
Phylloscopus subaffinis,1987,5.0921688079834
Phylloscopus tenellipes,1987,3.12269020080566
Phylloscopus tephrocephalus,1987,5.23774528503418
Phylloscopus yunnanensis,1987,4.2296257019043
Picumnus innominatus,1987,6.05150318145752
Picus chlorolophus,1987,6.82617139816284
Pitta nympha,1987,6.5151515007019
Platalea minor,1987,4.39505481719971
Pnoepyga immaculata,1987,3.53727293014526
Podiceps auritus,1987,2.11066031455994
Podiceps grisegena,1987,2.35510277748108
Podiceps nigricollis,1987,2.86888861656189
Podoces biddulphi,1987,5.09013986587524
Pomatorhinus schisticeps,1987,6.41652202606201
Pomatorhinus superciliaris,1987,6.08404779434204
Prinia atrogularis,1987,5.60359621047974
Prinia flaviventris,1987,6.98486614227295
Prinia inornata,1987,6.65887928009033
Prunella collaris,1987,2.37913060188293
Prunella himalayana,1987,1.9960925579071
Prunella immaculata,1987,2.82672047615051
Prunella montanella,1987,0.867574810981751
Prunella strophiata,1987,3.42791438102722
Psarisomus dalhousiae,1987,6.5053243637085
Pseudopodoces humilis,1987,1.64115524291992
Psilopogon faber,1987,7.10061264038086
Psilopogon virens,1987,6.34755897521973
Pterorhinus berthemyi,1987,6.20235919952393
Pterorhinus lanceolatus,1987,5.74940872192383
Pterorhinus pectoralis,1987,6.33043670654297
Pterorhinus sannio,1987,6.35166692733765
Pteruthius rufiventer,1987,5.61662769317627
Pteruthius xanthochlorus,1987,4.81674289703369
Ptyonoprogne rupestris,1987,3.55152177810669
Pycnonotus aurigaster,1987,6.66055107116699
Pycnonotus jocosus,1987,6.80396318435669
Pycnonotus sinensis,1987,5.9525465965271
Pycnonotus xanthorrhous,1987,5.96054124832153
Pyrrhula erythaca,1987,4.46955060958862
Pyrrhula nipalensis,1987,5.94877910614014
Rallina eurizonoides,1987,7.25707721710205
Rallus aquaticus,1987,2.82277894020081
Recurvirostra avosetta,1987,2.31866121292114
Regulus regulus,1987,3.97379875183105
Remiz consobrinus,1987,2.81938791275024
Remiz coronatus,1987,2.78093338012695
Rhodospiza obsoleta,1987,3.52598690986633
Rubigula flaviventris,1987,6.92505311965942
Sasia ochracea,1987,6.98130464553833
Saxicola ferreus,1987,5.88088369369507
Sitta cinnamoventris,1987,6.49583911895752
Sitta formosa,1987,6.19859743118286
Sitta villosa,1987,3.69685101509094
Sittiparus varius,1987,3.48077440261841
Spilopelia chinensis,1987,5.91343593597412
Spilopelia senegalensis,1987,3.15706348419189
Spilornis cheela,1987,6.59272623062134
Spinus spinus,1987,1.7057398557663
Spizixos semitorques,1987,6.21095323562622
Spodiopsar cineraceus,1987,3.16231369972229
Spodiopsar sericeus,1987,6.5753288269043
Stachyris humei,1987,5.54572296142578
Staphida torqueola,1987,6.55892658233643
Streptopelia decaocto,1987,4.07170009613037
Sturnia sinensis,1987,7.02092742919922
Sturnus vulgaris,1987,3.41958975791931
Suthora fulvifrons,1987,4.52260303497315
Syrmaticus humiae,1987,6.47121381759644
Syrmaticus reevesii,1987,5.80242300033569
Syrrhaptes paradoxus,1987,3.15376377105713
Tarsiger chrysaeus,1987,4.01632452011108
Tarsiger indicus,1987,4.57922029495239
Temnurus temnurus,1987,8.23043251037598
Tephrodornis virgatus,1987,7.12585067749023
Thalasseus bergii,1987,7.77695465087891
Timalia pileata,1987,7.05539417266846
Tragopan caboti,1987,6.86639547348023
Tragopan temminckii,1987,5.4079155921936
Treron curvirostra,1987,6.91523122787476
Treron sieboldii,1987,6.65645408630371
Treron sphenurus,1987,5.87200355529785
Turdus boulboul,1987,6.58698797225952
Turdus cardis,1987,5.90701198577881
Turdus feae,1987,4.02496719360352
Turdus mandarinus,1987,5.90438175201416
Turdus pilaris,1987,1.47872376441956
Turdus rubrocanus,1987,3.67261695861816
Turdus ruficollis,1987,2.92159938812256
Turdus viscivorus,1987,3.35769462585449
Turnix suscitator,1987,6.72116708755493
Tyto longimembris,1987,6.65820693969727
Urile pelagicus,1987,4.68800067901611
Urosphena squameiceps,1987,2.89542579650879
Vanellus cinereus,1987,2.87911701202393
Vanellus indicus,1987,6.62325811386108
Vanellus vanellus,1987,2.751708984375
Yuhina nigrimenta,1987,6.00582075119019
Zoothera dixoni,1987,5.04170989990234
Zoothera mollissima,1987,2.94194960594177
Zoothera monticola,1987,5.36765861511231
Zosterops erythropleurus,1987,3.1379189491272
Abroscopus albogularis,1988,6.46954917907715
Accipiter gularis,1988,2.90103101730347
Accipiter soloensis,1988,5.78557062149048
Accipiter trivirgatus,1988,7.31671762466431
Accipiter virgatus,1988,5.93970680236816
Acridotheres cristatellus,1988,6.19579792022705
Acridotheres tristis,1988,5.45906591415405
Acrocephalus agricola,1988,3.83017301559448
Acrocephalus bistrigiceps,1988,3.84663534164429
Acrocephalus concinens,1988,5.43797159194946
Acrocephalus orientalis,1988,3.94244027137756
Acrocephalus tangorum,1988,3.24042010307312
Aegithalos bonvaloti,1988,4.15115022659302
Aegithalos caudatus,1988,2.79226756095886
Aegithalos concinnus,1988,6.10014295578003
Aegithalos fuliginosus,1988,4.58565139770508
Aerodramus brevirostris,1988,5.58126258850098
Aethopyga christinae,1988,8.17348003387451
Aethopyga gouldiae,1988,4.92770767211914
Agropsar sturninus,1988,3.39123249053955
Aix galericulata,1988,3.15874361991882
Alauda gulgula,1988,4.49943017959595
Alaudala cheleensis,1988,3.40301084518433
Alcedo hercules,1988,7.09833145141602
Alcippe morrisonia,1988,6.21504926681519
Amaurornis phoenicurus,1988,6.11708211898804
Anastomus oscitans,1988,6.22306537628174
Anser anser,1988,2.8235559463501
Anser fabalis,1988,2.1950204372406
Anser indicus,1988,2.38936042785645
Anthus godlewskii,1988,2.54404711723328
Anthus gustavi,1988,2.94333386421204
Anthus richardi,1988,4.22524547576904
Anthus roseatus,1988,3.06043434143066
Anthus trivialis,1988,2.60856223106384
Aquila fasciata,1988,6.92755842208862
Aquila heliaca,1988,2.35619401931763
Ardea intermedia,1988,6.35864639282227
Ardea purpurea,1988,5.5664210319519
Ardenna pacifica,1988,7.48090696334839
Artamus fuscus,1988,7.2254433631897
Asio flammeus,1988,2.36867189407349
Athene noctua,1988,3.10989880561829
Aviceda jerdoni,1988,7.39295625686646
Aviceda leuphotes,1988,6.12989711761475
Aythya fuligula,1988,2.45836424827576
Aythya nyroca,1988,3.00971841812134
Bombycilla japonica,1988,1.64152765274048
Branta canadensis,1988,4.17445039749146
Bubo nipalensis,1988,5.07877635955811
Bucanetes mongolicus,1988,3.38861846923828
Butastur indicus,1988,3.273357629776
Cacomantis merulinus,1988,6.94178295135498
Calandrella brachydactyla,1988,3.48532247543335
Calliope obscura,1988,4.23345041275024
Caprimulgus macrurus,1988,7.42042970657349
Carpodacus roborowskii,1988,1.23183047771454
Carpodacus vinaceus,1988,5.43598365783691
Cecropis daurica,1988,4.44638967514038
Centropus bengalensis,1988,6.76688814163208
Cephalopyrus flammiceps,1988,4.98038196563721
Certhia familiaris,1988,3.17668890953064
Certhia himalayana,1988,4.54437494277954
Certhia tianquanensis,1988,4.15707206726074
Ceryle rudis,1988,6.52618932723999
Cettia brunnifrons,1988,4.46258544921875
Cettia castaneocoronata,1988,5.2080864906311
Chalcophaps indica,1988,7.23168802261353
Charadrius atrifrons,1988,2.15597867965698
Charadrius dealbatus,1988,7.65698575973511
Charadrius placidus,1988,3.88130569458008
Charadrius veredus,1988,2.58014416694641
Chlidonias leucopterus,1988,3.09029269218445
Chlidonias niger,1988,2.80837297439575
Chloris ambigua,1988,5.63062477111816
Chloris sinica,1988,4.66731977462769
Chrysolophus pictus,1988,5.21377182006836
Ciconia boyciana,1988,3.16347217559814
Ciconia nigra,1988,3.57045102119446
Circaetus gallicus,1988,3.60550332069397
Circus macrourus,1988,2.64348793029785
Circus spilonotus,1988,2.59908103942871
Cisticola exilis,1988,6.71449899673462
Cisticola juncidis,1988,6.09920024871826
Clamator coromandus,1988,6.2451548576355
Clanga clanga,1988,2.68615865707397
Columba oenas,1988,2.60930156707764
Copsychus saularis,1988,6.18958711624146
Coracias garrulus,1988,2.54674506187439
Coturnicops exquisitus,1988,2.27568554878235
Crex crex,1988,2.53469371795654
Crossoptilon mantchuricum,1988,4.09489345550537
Curruca curruca,1988,3.28106355667114
Cyanistes cyanus,1988,2.39909172058105
Cyanoderma pyrrhops,1988,5.04157543182373
Cygnus cygnus,1988,2.68232703208923
Cygnus olor,1988,2.79262375831604
Cyornis glaucicomans,1988,5.91775989532471
Cyornis hainanus,1988,7.44724273681641
Cyornis rubeculoides,1988,6.39622783660889
Delichon dasypus,1988,3.93798899650574
Dendrocitta formosae,1988,6.3962550163269
Dendrocopos hyperythrus,1988,4.30139398574829
Dendrocygna javanica,1988,6.62073564529419
Dicaeum cruentatum,1988,6.82209825515747
Dicaeum ignipectus,1988,6.03176498413086
Dicaeum minullum,1988,5.84277534484863
Dicrurus annectens,1988,7.11994647979736
Dicrurus hottentottus,1988,5.84350728988648
Dicrurus remifer,1988,6.57192039489746
Egretta eulophotes,1988,4.56730651855469
Egretta garzetta,1988,5.3169322013855
Elachura formosa,1988,6.15900087356567
Elanus caeruleus,1988,7.11464738845825
Emberiza buchanani,1988,2.31729531288147
Emberiza citrinella,1988,2.43012285232544
Emberiza elegans,1988,4.36958169937134
Emberiza godlewskii,1988,3.28771185874939
Emberiza hortulana,1988,2.97922253608704
Emberiza leucocephalos,1988,2.19394087791443
Emberiza pallasi,1988,1.58322286605835
Emberiza pusilla,1988,2.87215375900269
Emberiza rustica,1988,1.05894482135773
Emberiza siemsseni,1988,4.60320425033569
Emberiza yessoensis,1988,2.89131832122803
Enicurus leschenaulti,1988,5.86387586593628
Enicurus maculatus,1988,6.51454877853394
Enicurus schistaceus,1988,6.43745946884155
Erpornis zantholeuca,1988,6.6201548576355
Erythrogenys hypoleucos,1988,7.12451219558716
Eudynamys scolopaceus,1988,6.18784856796265
Eumyias thalassinus,1988,5.72213983535767
Falco cherrug,1988,2.83061337471008
Falco severus,1988,6.60784339904785
Ficedula albicilla,1988,1.70495581626892
Ficedula elisae,1988,4.00823545455933
Ficedula erithacus,1988,4.07575178146362
Ficedula hyperythra,1988,6.17657947540283
Ficedula mugimaki,1988,2.82070302963257
Ficedula strophiata,1988,5.40464067459106
Ficedula superciliaris,1988,3.51725459098816
Ficedula tricolor,1988,5.1113657951355
Fringilla coelebs,1988,1.24933052062988
Fringilla montifringilla,1988,1.50813364982605
Galerida cristata,1988,3.76244711875916
Gallicrex cinerea,1988,5.58765745162964
Garrulax maesi,1988,6.39248371124268
Garrulax monileger,1988,6.91677618026733
Gavia arctica,1988,2.69617176055908
Gelochelidon nilotica,1988,4.08554220199585
Geokichla citrina,1988,6.54463863372803
Glaucidium cuculoides,1988,6.29917478561401
Gorsachius melanolophus,1988,7.51891040802002
Gracupica nigricollis,1988,6.62792730331421
Grandala coelicolor,1988,2.26635789871216
Grus japonensis,1988,2.88685941696167
Grus monacha,1988,2.26390886306763
Grus nigricollis,1988,1.50210154056549
Gypaetus barbatus,1988,2.39888715744019
Gyps himalayensis,1988,2.49186038970947
Halcyon coromanda,1988,4.52094459533691
Halcyon pileata,1988,5.56726884841919
Halcyon smyrnensis,1988,7.4888072013855
Haliaeetus leucoryphus,1988,5.7205810546875
Harpactes wardi,1988,4.4433798789978
Helopsaltes certhiola,1988,3.2565712928772
Helopsaltes pryeri,1988,3.86802363395691
Hemiprocne coronata,1988,6.40636587142944
Hemitesia pallidipes,1988,6.42079544067383
Hemixos castanonotus,1988,6.90464019775391
Heterophasia desgodinsi,1988,6.04870510101318
Heteroxenicus stellatus,1988,4.84708595275879
Hieraaetus pennatus,1988,1.85406792163849
Hierococcyx nisicolor,1988,6.41378021240234
Hirundapus caudacutus,1988,3.12192964553833
Hirundo rustica,1988,3.78914570808411
Histrionicus histrionicus,1988,2.85452604293823
Hydrocoloeus minutus,1988,4.24919843673706
Hydrophasianus chirurgus,1988,6.39026784896851
Hydroprogne caspia,1988,5.53038644790649
Hypothymis azurea,1988,6.49070262908936
Hypsipetes leucocephalus,1988,5.91719913482666
Ianthocincla lunulata,1988,4.74308300018311
Ibidorhyncha struthersii,1988,2.83307433128357
Ictinaetus malaiensis,1988,6.59154605865479
Iduna caligata,1988,2.64508509635925
Indicator xanthonotus,1988,5.29689598083496
Ixobrychus cinnamomeus,1988,5.95588159561157
Ixobrychus eurhythmus,1988,4.58246040344238
Ixobrychus minutus,1988,3.00765609741211
Ixos mcclellandii,1988,6.52874183654785
Ketupa flavipes,1988,6.36185932159424
Lalage melaschistos,1988,5.79733467102051
Lanius borealis,1988,2.47374653816223
Lanius collurioides,1988,6.82208299636841
Lanius isabellinus,1988,3.19402432441711
Lanius schach,1988,5.68430471420288
Lanius sphenocercus,1988,3.14347195625305
Lanius tephronotus,1988,3.32653284072876
Larus crassirostris,1988,5.99571323394775
Larvivora brunnea,1988,3.90184140205383
Larvivora cyane,1988,2.50046610832214
Leptopoecile elegans,1988,2.47562336921692
Leptoptilos javanicus,1988,6.47145700454712
Limnodromus semipalmatus,1988,2.39897155761719
Limosa limosa,1988,2.46583223342896
Linaria cannabina,1988,3.05109310150147
Locustella davidi,1988,2.49521613121033
Locustella mandelli,1988,6.37619352340698
Lonchura striata,1988,6.62034034729004
Lophotriorchis kienerii,1988,7.59396028518677
Lophura leucomelanos,1988,4.85815000534058
Lophura nycthemera,1988,6.78554773330689
Loxia curvirostra,1988,2.60284972190857
Macropygia unchall,1988,6.20336627960205
Mareca falcata,1988,2.1803936958313
Megaceryle lugubris,1988,5.91550302505493
Melanitta fusca,1988,2.3562650680542
Melanitta stejnegeri,1988,1.23187041282654
Melanochlora sultanea,1988,6.73056411743164
Mergus serrator,1988,2.5749340057373
Merops philippinus,1988,6.74947500228882
Mixornis gularis,1988,6.39535188674927
Monticola gularis,1988,2.84624862670898
Monticola rufiventris,1988,5.95878124237061
Monticola solitarius,1988,4.86651611328125
Motacilla citreola,1988,2.71555256843567
Moupinia poecilotis,1988,3.71068978309631
Muscicapa dauurica,1988,2.66799092292786
Muscicapa ferruginea,1988,5.31239557266235
Muscicapa muttui,1988,6.30717706680298
Mycerobas affinis,1988,3.4198694229126
Mycerobas carnipes,1988,2.78411626815796
Myiomela leucura,1988,5.89636754989624
Myophonus caeruleus,1988,5.24653339385986
Netta rufina,1988,3.23653507232666
Niltava davidi,1988,6.24033689498901
Niltava grandis,1988,6.10871076583862
Niltava macgrigoriae,1988,6.46555089950562
Niltava sundara,1988,5.01553440093994
Ninox japonica,1988,4.93064975738525
Nipponia nippon,1988,5.3660774230957
Nisaetus nipalensis,1988,6.16765117645264
Numenius madagascariensis,1988,2.46188592910767
Nycticorax nycticorax,1988,5.75130605697632
Oenanthe deserti,1988,2.8410279750824
Oenanthe oenanthe,1988,3.17097330093384
Onychoprion anaethetus,1988,7.30235576629639
Oriolus oriolus,1988,2.85464239120483
Otus lettia,1988,6.48863649368286
Otus semitorques,1988,4.07305765151978
Otus spilocephalus,1988,6.27406644821167
Oxyura leucocephala,1988,3.54739284515381
Panurus biarmicus,1988,3.1763927936554
Paradoxornis guttaticollis,1988,6.31027841567993
Paradoxornis heudei,1988,5.16805219650269
Parayuhina diademata,1988,5.42728519439697
Pardaliparus venustulus,1988,5.48936748504639
Parus monticolus,1988,5.32636022567749
Passer cinnamomeus,1988,5.32258749008179
Passer domesticus,1988,2.40616917610168
Passer hispaniolensis,1988,3.14290189743042
Pelecanus crispus,1988,2.32344698905945
Pellorneum tickelli,1988,6.89794254302979
Perdix hodgsoniae,1988,1.82241201400757
Pericrocotus cantonensis,1988,6.21185493469238
Pericrocotus divaricatus,1988,2.8731689453125
Pericrocotus ethologus,1988,4.66796636581421
Pericrocotus solaris,1988,6.60730695724487
Periparus rubidiventris,1988,2.47838640213013
Pernis ptilorhynchus,1988,3.12279558181763
Phasianus colchicus,1988,4.25032711029053
Phoenicurus erythronotus,1988,3.22832536697388
Phoenicurus frontalis,1988,3.37805008888245
Phoenicurus leucocephalus,1988,4.08545541763306
Phoenicurus ochruros,1988,2.96781921386719
Phoenicurus schisticeps,1988,2.98910164833069
Phylloscopus affinis,1988,3.51832389831543
Phylloscopus burkii,1988,2.92837047576904
Phylloscopus cantator,1988,6.13801908493042
Phylloscopus castaniceps,1988,6.1530237197876
Phylloscopus claudiae,1988,4.57501745223999
Phylloscopus coronatus,1988,3.86655235290527
Phylloscopus emeiensis,1988,5.25303745269775
Phylloscopus intermedius,1988,5.68371391296387
Phylloscopus magnirostris,1988,3.844801902771
Phylloscopus ogilviegranti,1988,6.56809902191162
Phylloscopus omeiensis,1988,4.70439958572388
Phylloscopus pulcher,1988,4.20534324645996
Phylloscopus ricketti,1988,5.92747831344605
Phylloscopus soror,1988,5.51965188980103
Phylloscopus subaffinis,1988,5.00868272781372
Phylloscopus tenellipes,1988,3.34887337684631
Phylloscopus tephrocephalus,1988,5.14384984970093
Phylloscopus yunnanensis,1988,4.10350322723389
Picumnus innominatus,1988,5.9633412361145
Picus chlorolophus,1988,6.76957178115845
Pitta nympha,1988,6.42681741714478
Platalea minor,1988,4.49557876586914
Pnoepyga immaculata,1988,3.65062594413757
Podiceps auritus,1988,2.20852446556091
Podiceps grisegena,1988,2.66614460945129
Podiceps nigricollis,1988,3.05195498466492
Podoces biddulphi,1988,4.99084615707398
Pomatorhinus schisticeps,1988,6.47866296768189
Pomatorhinus superciliaris,1988,6.11377000808716
Prinia atrogularis,1988,5.65618562698364
Prinia flaviventris,1988,6.98126125335693
Prinia inornata,1988,6.54971599578857
Prunella collaris,1988,2.40251398086548
Prunella himalayana,1988,1.94255232810974
Prunella immaculata,1988,2.8281774520874
Prunella montanella,1988,1.19693422317505
Prunella strophiata,1988,3.38504004478455
Psarisomus dalhousiae,1988,6.51255798339844
Pseudopodoces humilis,1988,1.65141129493713
Psilopogon faber,1988,6.91129064559937
Psilopogon virens,1988,6.25543785095215
Pterorhinus berthemyi,1988,6.08981561660767
Pterorhinus lanceolatus,1988,5.6484899520874
Pterorhinus pectoralis,1988,6.21991920471191
Pterorhinus sannio,1988,6.24963617324829
Pteruthius rufiventer,1988,5.65031290054321
Pteruthius xanthochlorus,1988,4.76416683197022
Ptyonoprogne rupestris,1988,3.49667310714722
Pycnonotus aurigaster,1988,6.55466938018799
Pycnonotus jocosus,1988,6.70329570770264
Pycnonotus sinensis,1988,5.87266302108765
Pycnonotus xanthorrhous,1988,5.86538362503052
Pyrrhula erythaca,1988,4.42492151260376
Pyrrhula nipalensis,1988,5.86648893356323
Rallina eurizonoides,1988,7.20593595504761
Rallus aquaticus,1988,2.7806077003479
Recurvirostra avosetta,1988,2.53957986831665
Regulus regulus,1988,3.95297384262085
Remiz consobrinus,1988,3.05056738853455
Remiz coronatus,1988,2.74331378936768
Rhodospiza obsoleta,1988,3.39353680610657
Rubigula flaviventris,1988,6.87593984603882
Sasia ochracea,1988,6.94381380081177
Saxicola ferreus,1988,5.80008172988892
Sitta cinnamoventris,1988,6.49304533004761
Sitta formosa,1988,6.21051120758057
Sitta villosa,1988,3.65440082550049
Sittiparus varius,1988,3.63604879379272
Spilopelia chinensis,1988,5.8275637626648
Spilopelia senegalensis,1988,3.07855224609375
Spilornis cheela,1988,6.50146532058716
Spinus spinus,1988,2.10979580879211
Spizixos semitorques,1988,6.09954833984375
Spodiopsar cineraceus,1988,3.25861048698425
Spodiopsar sericeus,1988,6.459144115448
Stachyris humei,1988,5.60644817352295
Staphida torqueola,1988,6.45054483413696
Streptopelia decaocto,1988,3.99970507621765
Sturnia sinensis,1988,6.87353277206421
Sturnus vulgaris,1988,3.36057353019714
Suthora fulvifrons,1988,4.47380352020264
Syrmaticus humiae,1988,6.44896364212036
Syrmaticus reevesii,1988,5.67523956298828
Syrrhaptes paradoxus,1988,3.19406461715698
Tarsiger chrysaeus,1988,4.01485109329224
Tarsiger indicus,1988,4.57279491424561
Temnurus temnurus,1988,8.04615592956543
Tephrodornis virgatus,1988,6.98575067520142
Thalasseus bergii,1988,7.61952972412109
Timalia pileata,1988,6.94313049316406
Tragopan caboti,1988,6.72996807098389
Tragopan temminckii,1988,5.31636619567871
Treron curvirostra,1988,6.87973213195801
Treron sieboldii,1988,6.54679822921753
Treron sphenurus,1988,5.83373832702637
Turdus boulboul,1988,6.53980922698975
Turdus cardis,1988,5.82032251358032
Turdus feae,1988,3.9605085849762
Turdus mandarinus,1988,5.80856418609619
Turdus pilaris,1988,1.80938255786896
Turdus rubrocanus,1988,3.63055968284607
Turdus ruficollis,1988,2.83100771903992
Turdus viscivorus,1988,3.26565027236939
Turnix suscitator,1988,6.62590217590332
Tyto longimembris,1988,6.55841302871704
Urile pelagicus,1988,4.78879070281982
Urosphena squameiceps,1988,3.10219049453735
Vanellus cinereus,1988,3.16612696647644
Vanellus indicus,1988,6.62507295608521
Vanellus vanellus,1988,2.91311740875244
Yuhina nigrimenta,1988,5.91122102737427
Zoothera dixoni,1988,5.01577949523926
Zoothera mollissima,1988,2.94612646102905
Zoothera monticola,1988,5.43822908401489
Zosterops erythropleurus,1988,3.37584447860718
Abroscopus albogularis,1989,6.43848609924316
Accipiter gularis,1989,3.04128313064575
Accipiter soloensis,1989,5.82070207595825
Accipiter trivirgatus,1989,7.24858903884888
Accipiter virgatus,1989,5.89178800582886
Acridotheres cristatellus,1989,6.18949127197266
Acridotheres tristis,1989,5.38679504394531
Acrocephalus agricola,1989,3.87781119346619
Acrocephalus bistrigiceps,1989,3.9640998840332
Acrocephalus concinens,1989,5.50664758682251
Acrocephalus orientalis,1989,4.05886602401733
Acrocephalus tangorum,1989,3.37938547134399
Aegithalos bonvaloti,1989,4.04701042175293
Aegithalos caudatus,1989,2.93394589424133
Aegithalos concinnus,1989,6.0852861404419
Aegithalos fuliginosus,1989,4.58150768280029
Aerodramus brevirostris,1989,5.51937770843506
Aethopyga christinae,1989,8.16262912750244
Aethopyga gouldiae,1989,4.87427854537964
Agropsar sturninus,1989,3.51141977310181
Aix galericulata,1989,3.29761219024658
Alauda gulgula,1989,4.46869373321533
Alaudala cheleensis,1989,3.46458864212036
Alcedo hercules,1989,7.02621793746948
Alcippe morrisonia,1989,6.19798707962036
Amaurornis phoenicurus,1989,6.10870409011841
Anastomus oscitans,1989,6.11831712722778
Anser anser,1989,2.96741604804993
Anser fabalis,1989,2.34489846229553
Anser indicus,1989,2.30756020545959
Anthus godlewskii,1989,2.64265704154968
Anthus gustavi,1989,3.11032915115356
Anthus richardi,1989,4.31462383270264
Anthus roseatus,1989,3.00614500045776
Anthus trivialis,1989,2.73286986351013
Aquila fasciata,1989,6.93751621246338
Aquila heliaca,1989,2.52687358856201
Ardea intermedia,1989,6.34290313720703
Ardea purpurea,1989,5.61554861068726
Ardenna pacifica,1989,7.49023056030273
Artamus fuscus,1989,7.17801427841187
Asio flammeus,1989,2.50729107856751
Athene noctua,1989,3.14297270774841
Aviceda jerdoni,1989,7.30063486099243
Aviceda leuphotes,1989,6.09215497970581
Aythya fuligula,1989,2.60367894172668
Aythya nyroca,1989,3.17149591445923
Bombycilla japonica,1989,1.77623772621155
Branta canadensis,1989,4.26742172241211
Bubo nipalensis,1989,4.96366834640503
Bucanetes mongolicus,1989,3.52314329147339
Butastur indicus,1989,3.411456823349
Cacomantis merulinus,1989,6.88951969146729
Calandrella brachydactyla,1989,3.64410662651062
Calliope obscura,1989,4.25156164169312
Caprimulgus macrurus,1989,7.34094095230103
Carpodacus roborowskii,1989,1.11000669002533
Carpodacus vinaceus,1989,5.39689302444458
Cecropis daurica,1989,4.48423480987549
Centropus bengalensis,1989,6.75321102142334
Cephalopyrus flammiceps,1989,4.94500064849854
Certhia familiaris,1989,3.31021428108215
Certhia himalayana,1989,4.47599411010742
Certhia tianquanensis,1989,4.12139749526978
Ceryle rudis,1989,6.50702714920044
Cettia brunnifrons,1989,4.38448715209961
Cettia castaneocoronata,1989,5.10853815078735
Chalcophaps indica,1989,7.18447399139404
Charadrius atrifrons,1989,2.09771919250488
Charadrius dealbatus,1989,7.6600513458252
Charadrius placidus,1989,3.99093961715698
Charadrius veredus,1989,2.6930046081543
Chlidonias leucopterus,1989,3.23936772346497
Chlidonias niger,1989,2.99292302131653
Chloris ambigua,1989,5.508704662323
Chloris sinica,1989,4.72233724594116
Chrysolophus pictus,1989,5.18777370452881
Ciconia boyciana,1989,3.30252313613892
Ciconia nigra,1989,3.68000245094299
Circaetus gallicus,1989,3.80150008201599
Circus macrourus,1989,2.83728814125061
Circus spilonotus,1989,2.73657035827637
Cisticola exilis,1989,6.67351341247559
Cisticola juncidis,1989,6.1120982170105
Clamator coromandus,1989,6.25204372406006
Clanga clanga,1989,2.82582449913025
Columba oenas,1989,2.64691281318665
Copsychus saularis,1989,6.17329454421997
Coracias garrulus,1989,2.64727854728699
Coturnicops exquisitus,1989,2.42287755012512
Crex crex,1989,2.64874887466431
Crossoptilon mantchuricum,1989,4.14117097854614
Curruca curruca,1989,3.34681582450867
Cyanistes cyanus,1989,2.51627516746521
Cyanoderma pyrrhops,1989,4.99613189697266
Cygnus cygnus,1989,2.822913646698
Cygnus olor,1989,2.84995746612549
Cyornis glaucicomans,1989,5.88911962509155
Cyornis hainanus,1989,7.42784261703491
Cyornis rubeculoides,1989,6.29791688919067
Delichon dasypus,1989,3.9015588760376
Dendrocitta formosae,1989,6.37551307678223
Dendrocopos hyperythrus,1989,4.23667335510254
Dendrocygna javanica,1989,6.60656213760376
Dicaeum cruentatum,1989,6.78172254562378
Dicaeum ignipectus,1989,6.00045537948608
Dicaeum minullum,1989,5.79077339172363
Dicrurus annectens,1989,7.02880573272705
Dicrurus hottentottus,1989,5.83815908432007
Dicrurus remifer,1989,6.4655933380127
Egretta eulophotes,1989,4.64629650115967
Egretta garzetta,1989,5.30149602890015
Elachura formosa,1989,6.05909252166748
Elanus caeruleus,1989,7.09401082992554
Emberiza buchanani,1989,2.46825623512268
Emberiza citrinella,1989,2.63299059867859
Emberiza elegans,1989,4.4216136932373
Emberiza godlewskii,1989,3.31265258789063
Emberiza hortulana,1989,3.1972758769989
Emberiza leucocephalos,1989,2.27400183677673
Emberiza pallasi,1989,1.72486770153046
Emberiza pusilla,1989,3.01304244995117
Emberiza rustica,1989,1.19781219959259
Emberiza siemsseni,1989,4.61377191543579
Emberiza yessoensis,1989,3.05902290344238
Enicurus leschenaulti,1989,5.845703125
Enicurus maculatus,1989,6.43669557571411
Enicurus schistaceus,1989,6.38309526443481
Erpornis zantholeuca,1989,6.5624737739563
Erythrogenys hypoleucos,1989,7.06333875656128
Eudynamys scolopaceus,1989,6.18348979949951
Eumyias thalassinus,1989,5.67880249023438
Falco cherrug,1989,2.84883761405945
Falco severus,1989,6.53556442260742
Ficedula albicilla,1989,1.84594810009003
Ficedula elisae,1989,4.11970615386963
Ficedula erithacus,1989,3.97476172447205
Ficedula hyperythra,1989,6.09202575683594
Ficedula mugimaki,1989,2.95713543891907
Ficedula strophiata,1989,5.35462713241577
Ficedula superciliaris,1989,3.41376233100891
Ficedula tricolor,1989,5.03649711608887
Fringilla coelebs,1989,1.39337968826294
Fringilla montifringilla,1989,1.66617619991303
Galerida cristata,1989,3.86696696281433
Gallicrex cinerea,1989,5.61070775985718
Garrulax maesi,1989,6.35312604904175
Garrulax monileger,1989,6.88037633895874
Gavia arctica,1989,2.86938381195068
Gelochelidon nilotica,1989,4.1384654045105
Geokichla citrina,1989,6.5081524848938
Glaucidium cuculoides,1989,6.28849411010742
Gorsachius melanolophus,1989,7.4823899269104
Gracupica nigricollis,1989,6.5774416923523
Grandala coelicolor,1989,2.17406678199768
Grus japonensis,1989,3.05328226089478
Grus monacha,1989,2.43754029273987
Grus nigricollis,1989,1.38209128379822
Gypaetus barbatus,1989,2.35940098762512
Gyps himalayensis,1989,2.43882036209106
Halcyon coromanda,1989,4.55957221984863
Halcyon pileata,1989,5.58508062362671
Halcyon smyrnensis,1989,7.50501012802124
Haliaeetus leucoryphus,1989,5.61419916152954
Harpactes wardi,1989,4.34962129592896
Helopsaltes certhiola,1989,3.37299489974976
Helopsaltes pryeri,1989,3.98108196258545
Hemiprocne coronata,1989,6.29912662506104
Hemitesia pallidipes,1989,6.29190254211426
Hemixos castanonotus,1989,6.88226509094238
Heterophasia desgodinsi,1989,5.96260404586792
Heteroxenicus stellatus,1989,4.76527166366577
Hieraaetus pennatus,1989,1.98238587379456
Hierococcyx nisicolor,1989,6.35865688323975
Hirundapus caudacutus,1989,3.16270112991333
Hirundo rustica,1989,3.81605124473572
Histrionicus histrionicus,1989,3.0172872543335
Hydrocoloeus minutus,1989,4.5309419631958
Hydrophasianus chirurgus,1989,6.36460113525391
Hydroprogne caspia,1989,5.63544511795044
Hypothymis azurea,1989,6.42618465423584
Hypsipetes leucocephalus,1989,5.89222240447998
Ianthocincla lunulata,1989,4.72424411773682
Ibidorhyncha struthersii,1989,2.79469347000122
Ictinaetus malaiensis,1989,6.53364419937134
Iduna caligata,1989,2.85742402076721
Indicator xanthonotus,1989,5.20079040527344
Ixobrychus cinnamomeus,1989,5.97062826156616
Ixobrychus eurhythmus,1989,4.6748309135437
Ixobrychus minutus,1989,3.1337513923645
Ixos mcclellandii,1989,6.49110984802246
Ketupa flavipes,1989,6.37633943557739
Lalage melaschistos,1989,5.7926230430603
Lanius borealis,1989,2.63570475578308
Lanius collurioides,1989,6.75676393508911
Lanius isabellinus,1989,3.26348733901978
Lanius schach,1989,5.66945171356201
Lanius sphenocercus,1989,3.28225255012512
Lanius tephronotus,1989,3.23570966720581
Larus crassirostris,1989,6.01629877090454
Larvivora brunnea,1989,3.83573818206787
Larvivora cyane,1989,2.64264941215515
Leptopoecile elegans,1989,2.41038298606873
Leptoptilos javanicus,1989,6.34134864807129
Limnodromus semipalmatus,1989,2.53401017189026
Limosa limosa,1989,2.61728715896606
Linaria cannabina,1989,3.22861790657043
Locustella davidi,1989,2.64001655578613
Locustella mandelli,1989,6.32165145874023
Lonchura striata,1989,6.61183881759644
Lophotriorchis kienerii,1989,7.54359531402588
Lophura leucomelanos,1989,4.76376295089722
Lophura nycthemera,1989,6.72234630584717
Loxia curvirostra,1989,2.65013384819031
Macropygia unchall,1989,6.1390323638916
Mareca falcata,1989,2.32808780670166
Megaceryle lugubris,1989,5.92720794677734
Melanitta fusca,1989,2.58836793899536
Melanitta stejnegeri,1989,1.39104986190796
Melanochlora sultanea,1989,6.64533805847168
Mergus serrator,1989,2.72682738304138
Merops philippinus,1989,6.66238689422607
Mixornis gularis,1989,6.2673978805542
Monticola gularis,1989,2.97914409637451
Monticola rufiventris,1989,5.92331171035767
Monticola solitarius,1989,4.88120985031128
Motacilla citreola,1989,2.71057057380676
Moupinia poecilotis,1989,3.63323044776917
Muscicapa dauurica,1989,2.80435037612915
Muscicapa ferruginea,1989,5.25036811828613
Muscicapa muttui,1989,6.25321292877197
Mycerobas affinis,1989,3.31781578063965
Mycerobas carnipes,1989,2.72498345375061
Myiomela leucura,1989,5.84452676773071
Myophonus caeruleus,1989,5.23849153518677
Netta rufina,1989,3.3885235786438
Niltava davidi,1989,6.18958282470703
Niltava grandis,1989,5.99448442459106
Niltava macgrigoriae,1989,6.36758756637573
Niltava sundara,1989,4.95381927490234
Ninox japonica,1989,5.01653861999512
Nipponia nippon,1989,5.41392230987549
Nisaetus nipalensis,1989,6.0949821472168
Numenius madagascariensis,1989,2.612624168396
Nycticorax nycticorax,1989,5.77417993545532
Oenanthe deserti,1989,2.85218405723572
Oenanthe oenanthe,1989,3.3005256652832
Onychoprion anaethetus,1989,7.26401948928833
Oriolus oriolus,1989,3.02599430084229
Otus lettia,1989,6.47382116317749
Otus semitorques,1989,4.17567014694214
Otus spilocephalus,1989,6.23201036453247
Oxyura leucocephala,1989,3.62648153305054
Panurus biarmicus,1989,3.2490131855011
Paradoxornis guttaticollis,1989,6.25470972061157
Paradoxornis heudei,1989,5.28110265731812
Parayuhina diademata,1989,5.36620426177979
Pardaliparus venustulus,1989,5.51259279251099
Parus monticolus,1989,5.28959369659424
Passer cinnamomeus,1989,5.32599687576294
Passer domesticus,1989,2.47965908050537
Passer hispaniolensis,1989,3.31963896751404
Pelecanus crispus,1989,2.34350562095642
Pellorneum tickelli,1989,6.77044486999512
Perdix hodgsoniae,1989,1.70096039772034
Pericrocotus cantonensis,1989,6.21424722671509
Pericrocotus divaricatus,1989,3.02873754501343
Pericrocotus ethologus,1989,4.64558839797974
Pericrocotus solaris,1989,6.56439876556397
Periparus rubidiventris,1989,2.38115191459656
Pernis ptilorhynchus,1989,3.20804071426392
Phasianus colchicus,1989,4.31160116195679
Phoenicurus erythronotus,1989,3.33611559867859
Phoenicurus frontalis,1989,3.31133723258972
Phoenicurus leucocephalus,1989,4.04999876022339
Phoenicurus ochruros,1989,2.96203398704529
Phoenicurus schisticeps,1989,2.90250420570374
Phylloscopus affinis,1989,3.43998169898987
Phylloscopus burkii,1989,2.83921313285828
Phylloscopus cantator,1989,6.01279401779175
Phylloscopus castaniceps,1989,6.10788059234619
Phylloscopus claudiae,1989,4.60828399658203
Phylloscopus coronatus,1989,3.94556713104248
Phylloscopus emeiensis,1989,5.19052457809448
Phylloscopus intermedius,1989,5.63563013076782
Phylloscopus magnirostris,1989,3.75768184661865
Phylloscopus ogilviegranti,1989,6.52144718170166
Phylloscopus omeiensis,1989,4.67187929153442
Phylloscopus pulcher,1989,4.1110782623291
Phylloscopus ricketti,1989,5.92851781845093
Phylloscopus soror,1989,5.50654172897339
Phylloscopus subaffinis,1989,4.98757886886597
Phylloscopus tenellipes,1989,3.49310278892517
Phylloscopus tephrocephalus,1989,5.1146183013916
Phylloscopus yunnanensis,1989,4.15878820419312
Picumnus innominatus,1989,5.94368982315064
Picus chlorolophus,1989,6.69314193725586
Pitta nympha,1989,6.45866107940674
Platalea minor,1989,4.55050659179688
Pnoepyga immaculata,1989,3.60703730583191
Podiceps auritus,1989,2.33258199691772
Podiceps grisegena,1989,2.80306792259216
Podiceps nigricollis,1989,3.17014455795288
Podoces biddulphi,1989,4.98745965957642
Pomatorhinus schisticeps,1989,6.3724856376648
Pomatorhinus superciliaris,1989,5.99856758117676
Prinia atrogularis,1989,5.5554461479187
Prinia flaviventris,1989,6.84711933135986
Prinia inornata,1989,6.54126501083374
Prunella collaris,1989,2.40355920791626
Prunella himalayana,1989,2.00619173049927
Prunella immaculata,1989,2.731036901474
Prunella montanella,1989,1.3931941986084
Prunella strophiata,1989,3.32091379165649
Psarisomus dalhousiae,1989,6.38945960998535
Pseudopodoces humilis,1989,1.5490288734436
Psilopogon faber,1989,6.89892625808716
Psilopogon virens,1989,6.21016883850098
Pterorhinus berthemyi,1989,6.08419704437256
Pterorhinus lanceolatus,1989,5.60779190063477
Pterorhinus pectoralis,1989,6.22671556472778
Pterorhinus sannio,1989,6.22245597839356
Pteruthius rufiventer,1989,5.54058122634888
Pteruthius xanthochlorus,1989,4.69880294799805
Ptyonoprogne rupestris,1989,3.51150989532471
Pycnonotus aurigaster,1989,6.50872325897217
Pycnonotus jocosus,1989,6.64504766464233
Pycnonotus sinensis,1989,5.90089559555054
Pycnonotus xanthorrhous,1989,5.82209444046021
Pyrrhula erythaca,1989,4.37421083450317
Pyrrhula nipalensis,1989,5.80506563186646
Rallina eurizonoides,1989,7.11656093597412
Rallus aquaticus,1989,2.73235058784485
Recurvirostra avosetta,1989,2.67720627784729
Regulus regulus,1989,3.9342188835144
Remiz consobrinus,1989,3.20139217376709
Remiz coronatus,1989,2.87012004852295
Rhodospiza obsoleta,1989,3.47342610359192
Rubigula flaviventris,1989,6.7709493637085
Sasia ochracea,1989,6.84813642501831
Saxicola ferreus,1989,5.78051424026489
Sitta cinnamoventris,1989,6.36099815368652
Sitta formosa,1989,6.09195995330811
Sitta villosa,1989,3.7291476726532
Sittiparus varius,1989,3.76833438873291
Spilopelia chinensis,1989,5.83279180526733
Spilopelia senegalensis,1989,3.1473503112793
Spilornis cheela,1989,6.45570659637451
Spinus spinus,1989,2.26282787322998
Spizixos semitorques,1989,6.10965871810913
Spodiopsar cineraceus,1989,3.35991406440735
Spodiopsar sericeus,1989,6.46520519256592
Stachyris humei,1989,5.50259447097778
Staphida torqueola,1989,6.42874193191528
Streptopelia decaocto,1989,4.05584335327148
Sturnia sinensis,1989,6.87513065338135
Sturnus vulgaris,1989,3.45682430267334
Suthora fulvifrons,1989,4.40834808349609
Syrmaticus humiae,1989,6.32219696044922
Syrmaticus reevesii,1989,5.67139577865601
Syrrhaptes paradoxus,1989,3.35158658027649
Tarsiger chrysaeus,1989,3.91908812522888
Tarsiger indicus,1989,4.46060943603516
Temnurus temnurus,1989,8.02995586395264
Tephrodornis virgatus,1989,6.9655327796936
Thalasseus bergii,1989,7.63198947906494
Timalia pileata,1989,6.89638948440552
Tragopan caboti,1989,6.72567462921143
Tragopan temminckii,1989,5.26389884948731
Treron curvirostra,1989,6.77784776687622
Treron sieboldii,1989,6.56153106689453
Treron sphenurus,1989,5.71318674087524
Turdus boulboul,1989,6.42546653747559
Turdus cardis,1989,5.87143754959106
Turdus feae,1989,4.05984878540039
Turdus mandarinus,1989,5.81133031845093
Turdus pilaris,1989,1.95503854751587
Turdus rubrocanus,1989,3.57433366775513
Turdus ruficollis,1989,2.9897768497467
Turdus viscivorus,1989,3.38912034034729
Turnix suscitator,1989,6.57458305358887
Tyto longimembris,1989,6.55556631088257
Urile pelagicus,1989,4.86326837539673
Urosphena squameiceps,1989,3.24169683456421
Vanellus cinereus,1989,3.31028461456299
Vanellus indicus,1989,6.51288223266602
Vanellus vanellus,1989,3.06172585487366
Yuhina nigrimenta,1989,5.86188077926636
Zoothera dixoni,1989,4.90437030792236
Zoothera mollissima,1989,2.86055040359497
Zoothera monticola,1989,5.33509683609009
Zosterops erythropleurus,1989,3.51534557342529
Abroscopus albogularis,1990,6.5357084274292
Accipiter gularis,1990,3.11403465270996
Accipiter soloensis,1990,5.92227745056152
Accipiter trivirgatus,1990,7.32992696762085
Accipiter virgatus,1990,5.96154546737671
Acridotheres cristatellus,1990,6.28801774978638
Acridotheres tristis,1990,5.43305397033691
Acrocephalus agricola,1990,3.94867134094238
Acrocephalus bistrigiceps,1990,4.04903411865234
Acrocephalus concinens,1990,5.61121654510498
Acrocephalus orientalis,1990,4.14099073410034
Acrocephalus tangorum,1990,3.47755861282349
Aegithalos bonvaloti,1990,4.03695583343506
Aegithalos caudatus,1990,3.01042366027832
Aegithalos concinnus,1990,6.18170738220215
Aegithalos fuliginosus,1990,4.64147663116455
Aerodramus brevirostris,1990,5.5857105255127
Aethopyga christinae,1990,8.29034423828125
Aethopyga gouldiae,1990,4.93496942520142
Agropsar sturninus,1990,3.58039164543152
Aix galericulata,1990,3.38845062255859
Alauda gulgula,1990,4.54028797149658
Alaudala cheleensis,1990,3.53242993354797
Alcedo hercules,1990,7.09448909759522
Alcippe morrisonia,1990,6.29324293136597
Amaurornis phoenicurus,1990,6.20359086990356
Anastomus oscitans,1990,6.17129898071289
Anser anser,1990,3.04555416107178
Anser fabalis,1990,2.44760727882385
Anser indicus,1990,2.38455152511597
Anthus godlewskii,1990,2.69225287437439
Anthus gustavi,1990,3.20941877365112
Anthus richardi,1990,4.39609050750732
Anthus roseatus,1990,3.06388735771179
Anthus trivialis,1990,2.78140163421631
Aquila fasciata,1990,7.04951858520508
Aquila heliaca,1990,2.57774257659912
Ardea intermedia,1990,6.44137763977051
Ardea purpurea,1990,5.71404838562012
Ardenna pacifica,1990,7.60535430908203
Artamus fuscus,1990,7.26756954193115
Asio flammeus,1990,2.58452391624451
Athene noctua,1990,3.2071225643158
Aviceda jerdoni,1990,7.38101673126221
Aviceda leuphotes,1990,6.17190074920654
Aythya fuligula,1990,2.6908004283905
Aythya nyroca,1990,3.21105194091797
Bombycilla japonica,1990,1.87257242202759
Branta canadensis,1990,4.25172424316406
Bubo nipalensis,1990,4.98717260360718
Bucanetes mongolicus,1990,3.5997166633606
Butastur indicus,1990,3.48675274848938
Cacomantis merulinus,1990,6.97353887557983
Calandrella brachydactyla,1990,3.69011878967285
Calliope obscura,1990,4.30825424194336
Caprimulgus macrurus,1990,7.41414070129395
Carpodacus roborowskii,1990,1.12143838405609
Carpodacus vinaceus,1990,5.45440816879273
Cecropis daurica,1990,4.55730390548706
Centropus bengalensis,1990,6.85733842849731
Cephalopyrus flammiceps,1990,4.97798347473145
Certhia familiaris,1990,3.38188624382019
Certhia himalayana,1990,4.50077056884766
Certhia tianquanensis,1990,4.16824865341187
Ceryle rudis,1990,6.60643672943115
Cettia brunnifrons,1990,4.40786552429199
Cettia castaneocoronata,1990,5.14558076858521
Chalcophaps indica,1990,7.27235555648804
Charadrius atrifrons,1990,2.15828394889832
Charadrius dealbatus,1990,7.77494621276856
Charadrius placidus,1990,4.0683012008667
Charadrius veredus,1990,2.7294807434082
Chlidonias leucopterus,1990,3.30260705947876
Chlidonias niger,1990,3.02257061004639
Chloris ambigua,1990,5.53679370880127
Chloris sinica,1990,4.80445671081543
Chrysolophus pictus,1990,5.2602219581604
Ciconia boyciana,1990,3.41831541061401
Ciconia nigra,1990,3.75444674491882
Circaetus gallicus,1990,3.84805798530579
Circus macrourus,1990,2.86257100105286
Circus spilonotus,1990,2.81910490989685
Cisticola exilis,1990,6.7625994682312
Cisticola juncidis,1990,6.20648956298828
Clamator coromandus,1990,6.35700654983521
Clanga clanga,1990,2.91003918647766
Columba oenas,1990,2.72671580314636
Copsychus saularis,1990,6.26755857467651
Coracias garrulus,1990,2.69601106643677
Coturnicops exquisitus,1990,2.52319478988647
Crex crex,1990,2.69673037528992
Crossoptilon mantchuricum,1990,4.22100353240967
Curruca curruca,1990,3.4268012046814
Cyanistes cyanus,1990,2.59777998924255
Cyanoderma pyrrhops,1990,5.04075241088867
Cygnus cygnus,1990,2.89361262321472
Cygnus olor,1990,2.93350195884705
Cyornis glaucicomans,1990,5.97634077072144
Cyornis hainanus,1990,7.53783082962036
Cyornis rubeculoides,1990,6.34374618530273
Delichon dasypus,1990,3.94557952880859
Dendrocitta formosae,1990,6.47288036346436
Dendrocopos hyperythrus,1990,4.25990104675293
Dendrocygna javanica,1990,6.70673656463623
Dicaeum cruentatum,1990,6.87847423553467
Dicaeum ignipectus,1990,6.08668756484985
Dicaeum minullum,1990,5.85915851593018
Dicrurus annectens,1990,7.09630632400513
Dicrurus hottentottus,1990,5.92757892608643
Dicrurus remifer,1990,6.51602363586426
Egretta eulophotes,1990,4.73630046844482
Egretta garzetta,1990,5.38217926025391
Elachura formosa,1990,6.11613082885742
Elanus caeruleus,1990,7.20056772232056
Emberiza buchanani,1990,2.50980854034424
Emberiza citrinella,1990,2.68033814430237
Emberiza elegans,1990,4.50337696075439
Emberiza godlewskii,1990,3.37016248703003
Emberiza hortulana,1990,3.24291014671326
Emberiza leucocephalos,1990,2.35048604011536
Emberiza pallasi,1990,1.81489503383636
Emberiza pusilla,1990,3.11796998977661
Emberiza rustica,1990,1.24063920974731
Emberiza siemsseni,1990,4.67867422103882
Emberiza yessoensis,1990,3.19477272033691
Enicurus leschenaulti,1990,5.93336248397827
Enicurus maculatus,1990,6.50642967224121
Enicurus schistaceus,1990,6.46626567840576
Erpornis zantholeuca,1990,6.64601421356201
Erythrogenys hypoleucos,1990,7.16163921356201
Eudynamys scolopaceus,1990,6.2830924987793
Eumyias thalassinus,1990,5.75142288208008
Falco cherrug,1990,2.90877294540405
Falco severus,1990,6.60578012466431
Ficedula albicilla,1990,1.93817269802094
Ficedula elisae,1990,4.15999603271484
Ficedula erithacus,1990,3.9909303188324
Ficedula hyperythra,1990,6.15194082260132
Ficedula mugimaki,1990,3.03600215911865
Ficedula strophiata,1990,5.41511201858521
Ficedula superciliaris,1990,3.43405103683472
Ficedula tricolor,1990,5.07333135604858
Fringilla coelebs,1990,1.43651115894318
Fringilla montifringilla,1990,1.72024476528168
Galerida cristata,1990,3.92739677429199
Gallicrex cinerea,1990,5.69392061233521
Garrulax maesi,1990,6.45155429840088
Garrulax monileger,1990,6.97811365127564
Gavia arctica,1990,2.9235692024231
Gelochelidon nilotica,1990,4.21734571456909
Geokichla citrina,1990,6.60167503356934
Glaucidium cuculoides,1990,6.38676261901856
Gorsachius melanolophus,1990,7.58480739593506
Gracupica nigricollis,1990,6.66140174865723
Grandala coelicolor,1990,2.18217206001282
Grus japonensis,1990,3.1387882232666
Grus monacha,1990,2.44680953025818
Grus nigricollis,1990,1.44217491149902
Gypaetus barbatus,1990,2.4117124080658
Gyps himalayensis,1990,2.48327922821045
Halcyon coromanda,1990,4.59902143478394
Halcyon pileata,1990,5.66163396835327
Halcyon smyrnensis,1990,7.62292289733887
Haliaeetus leucoryphus,1990,5.66717958450317
Harpactes wardi,1990,4.37817811965942
Helopsaltes certhiola,1990,3.4503128528595
Helopsaltes pryeri,1990,4.10260105133057
Hemiprocne coronata,1990,6.32973480224609
Hemitesia pallidipes,1990,6.34420490264893
Hemixos castanonotus,1990,6.99168205261231
Heterophasia desgodinsi,1990,6.0301775932312
Heteroxenicus stellatus,1990,4.77970027923584
Hieraaetus pennatus,1990,2.05722904205322
Hierococcyx nisicolor,1990,6.43498420715332
Hirundapus caudacutus,1990,3.21476912498474
Hirundo rustica,1990,3.8897876739502
Histrionicus histrionicus,1990,3.11355876922607
Hydrocoloeus minutus,1990,4.56722831726074
Hydrophasianus chirurgus,1990,6.46160888671875
Hydroprogne caspia,1990,5.7099347114563
Hypothymis azurea,1990,6.50058889389038
Hypsipetes leucocephalus,1990,5.97915506362915
Ianthocincla lunulata,1990,4.78207063674927
Ibidorhyncha struthersii,1990,2.84621834754944
Ictinaetus malaiensis,1990,6.61821794509888
Iduna caligata,1990,2.90112066268921
Indicator xanthonotus,1990,5.25338792800903
Ixobrychus cinnamomeus,1990,6.06051254272461
Ixobrychus eurhythmus,1990,4.77040243148804
Ixobrychus minutus,1990,3.18525505065918
Ixos mcclellandii,1990,6.58589744567871
Ketupa flavipes,1990,6.49090766906738
Lalage melaschistos,1990,5.88218784332275
Lanius borealis,1990,2.69135141372681
Lanius collurioides,1990,6.83452320098877
Lanius isabellinus,1990,3.33491086959839
Lanius schach,1990,5.75540494918823
Lanius sphenocercus,1990,3.35763263702393
Lanius tephronotus,1990,3.26437020301819
Larus crassirostris,1990,6.11940288543701
Larvivora brunnea,1990,3.86059045791626
Larvivora cyane,1990,2.72084522247314
Leptopoecile elegans,1990,2.43803906440735
Leptoptilos javanicus,1990,6.38836812973023
Limnodromus semipalmatus,1990,2.63318061828613
Limosa limosa,1990,2.68881297111511
Linaria cannabina,1990,3.27577543258667
Locustella davidi,1990,2.73308038711548
Locustella mandelli,1990,6.40549850463867
Lonchura striata,1990,6.72037744522095
Lophotriorchis kienerii,1990,7.62729120254517
Lophura leucomelanos,1990,4.79115056991577
Lophura nycthemera,1990,6.79249000549316
Loxia curvirostra,1990,2.70203399658203
Macropygia unchall,1990,6.21088647842407
Mareca falcata,1990,2.42737221717834
Megaceryle lugubris,1990,6.01638460159302
Melanitta fusca,1990,2.60825753211975
Melanitta stejnegeri,1990,1.49914288520813
Melanochlora sultanea,1990,6.71874046325684
Mergus serrator,1990,2.81320738792419
Merops philippinus,1990,6.72316837310791
Mixornis gularis,1990,6.2934250831604
Monticola gularis,1990,3.06060075759888
Monticola rufiventris,1990,6.00841760635376
Monticola solitarius,1990,4.96013975143433
Motacilla citreola,1990,2.76754403114319
Moupinia poecilotis,1990,3.64537811279297
Muscicapa dauurica,1990,2.88564610481262
Muscicapa ferruginea,1990,5.30014371871948
Muscicapa muttui,1990,6.33665275573731
Mycerobas affinis,1990,3.32076859474182
Mycerobas carnipes,1990,2.77371215820313
Myiomela leucura,1990,5.91586208343506
Myophonus caeruleus,1990,5.3217248916626
Netta rufina,1990,3.44006013870239
Niltava davidi,1990,6.26412773132324
Niltava grandis,1990,6.03010988235474
Niltava macgrigoriae,1990,6.42662048339844
Niltava sundara,1990,5.01080513000488
Ninox japonica,1990,5.11015892028809
Nipponia nippon,1990,5.50484228134155
Nisaetus nipalensis,1990,6.16023969650269
Numenius madagascariensis,1990,2.70181679725647
Nycticorax nycticorax,1990,5.86357116699219
Oenanthe deserti,1990,2.92289781570435
Oenanthe oenanthe,1990,3.36529612541199
Onychoprion anaethetus,1990,7.34503412246704
Oriolus oriolus,1990,3.06928038597107
Otus lettia,1990,6.57812404632568
Otus semitorques,1990,4.23930549621582
Otus spilocephalus,1990,6.30585670471191
Oxyura leucocephala,1990,3.69153261184692
Panurus biarmicus,1990,3.33177185058594
Paradoxornis guttaticollis,1990,6.33671474456787
Paradoxornis heudei,1990,5.36384534835815
Parayuhina diademata,1990,5.42283201217651
Pardaliparus venustulus,1990,5.60212373733521
Parus monticolus,1990,5.35276651382446
Passer cinnamomeus,1990,5.40543651580811
Passer domesticus,1990,2.56274056434631
Passer hispaniolensis,1990,3.35654377937317
Pelecanus crispus,1990,2.40911316871643
Pellorneum tickelli,1990,6.8337779045105
Perdix hodgsoniae,1990,1.71206748485565
Pericrocotus cantonensis,1990,6.31955051422119
Pericrocotus divaricatus,1990,3.10719275474548
Pericrocotus ethologus,1990,4.7049241065979
Pericrocotus solaris,1990,6.65428972244263
Periparus rubidiventris,1990,2.381995677948
Pernis ptilorhynchus,1990,3.27275919914246
Phasianus colchicus,1990,4.38544416427612
Phoenicurus erythronotus,1990,3.39816880226135
Phoenicurus frontalis,1990,3.34037017822266
Phoenicurus leucocephalus,1990,4.10941219329834
Phoenicurus ochruros,1990,3.02376556396484
Phoenicurus schisticeps,1990,2.90298342704773
Phylloscopus affinis,1990,3.46530652046204
Phylloscopus burkii,1990,2.87831258773804
Phylloscopus cantator,1990,6.06691694259644
Phylloscopus castaniceps,1990,6.19818496704102
Phylloscopus claudiae,1990,4.67248487472534
Phylloscopus coronatus,1990,4.02371168136597
Phylloscopus emeiensis,1990,5.257004737854
Phylloscopus intermedius,1990,5.71515512466431
Phylloscopus magnirostris,1990,3.77973532676697
Phylloscopus ogilviegranti,1990,6.60241746902466
Phylloscopus omeiensis,1990,4.72201538085938
Phylloscopus pulcher,1990,4.1308331489563
Phylloscopus ricketti,1990,6.02991962432861
Phylloscopus soror,1990,5.58786296844482
Phylloscopus subaffinis,1990,5.06395864486694
Phylloscopus tenellipes,1990,3.55679202079773
Phylloscopus tephrocephalus,1990,5.16125249862671
Phylloscopus yunnanensis,1990,4.210045337677
Picumnus innominatus,1990,6.03252553939819
Picus chlorolophus,1990,6.76050424575806
Pitta nympha,1990,6.56673860549927
Platalea minor,1990,4.66931867599487
Pnoepyga immaculata,1990,3.61602592468262
Podiceps auritus,1990,2.3892457485199
Podiceps grisegena,1990,2.89265394210815
Podiceps nigricollis,1990,3.24188184738159
Podoces biddulphi,1990,5.07234477996826
Pomatorhinus schisticeps,1990,6.43284225463867
Pomatorhinus superciliaris,1990,6.04801607131958
Prinia atrogularis,1990,5.61232233047485
Prinia flaviventris,1990,6.8880295753479
Prinia inornata,1990,6.64833164215088
Prunella collaris,1990,2.45652031898499
Prunella himalayana,1990,2.08028411865234
Prunella immaculata,1990,2.7260012626648
Prunella montanella,1990,1.51723647117615
Prunella strophiata,1990,3.34787321090698
Psarisomus dalhousiae,1990,6.43471765518189
Pseudopodoces humilis,1990,1.59050989151001
Psilopogon faber,1990,7.02179765701294
Psilopogon virens,1990,6.29092788696289
Pterorhinus berthemyi,1990,6.18873357772827
Pterorhinus lanceolatus,1990,5.67876768112183
Pterorhinus pectoralis,1990,6.33537197113037
Pterorhinus sannio,1990,6.31759405136108
Pteruthius rufiventer,1990,5.58472108840942
Pteruthius xanthochlorus,1990,4.73384809494019
Ptyonoprogne rupestris,1990,3.5626745223999
Pycnonotus aurigaster,1990,6.59696483612061
Pycnonotus jocosus,1990,6.72114658355713
Pycnonotus sinensis,1990,5.99700593948364
Pycnonotus xanthorrhous,1990,5.89787817001343
Pyrrhula erythaca,1990,4.41456651687622
Pyrrhula nipalensis,1990,5.87309789657593
Rallina eurizonoides,1990,7.18994092941284
Rallus aquaticus,1990,2.79951620101929
Recurvirostra avosetta,1990,2.76174807548523
Regulus regulus,1990,3.98109245300293
Remiz consobrinus,1990,3.2823965549469
Remiz coronatus,1990,2.92965292930603
Rhodospiza obsoleta,1990,3.54383087158203
Rubigula flaviventris,1990,6.83274173736572
Sasia ochracea,1990,6.91428995132446
Saxicola ferreus,1990,5.86922836303711
Sitta cinnamoventris,1990,6.39877080917358
Sitta formosa,1990,6.12421274185181
Sitta villosa,1990,3.78046751022339
Sittiparus varius,1990,3.79981875419617
Spilopelia chinensis,1990,5.92178153991699
Spilopelia senegalensis,1990,3.20966339111328
Spilornis cheela,1990,6.53875827789307
Spinus spinus,1990,2.35751819610596
Spizixos semitorques,1990,6.21732473373413
Spodiopsar cineraceus,1990,3.42304706573486
Spodiopsar sericeus,1990,6.58122253417969
Stachyris humei,1990,5.56575345993042
Staphida torqueola,1990,6.53206253051758
Streptopelia decaocto,1990,4.1330246925354
Sturnia sinensis,1990,6.9905219078064
Sturnus vulgaris,1990,3.52685332298279
Suthora fulvifrons,1990,4.43360900878906
Syrmaticus humiae,1990,6.35246133804321
Syrmaticus reevesii,1990,5.75094795227051
Syrrhaptes paradoxus,1990,3.42501306533814
Tarsiger chrysaeus,1990,3.93216037750244
Tarsiger indicus,1990,4.47342777252197
Temnurus temnurus,1990,8.15567970275879
Tephrodornis virgatus,1990,7.07382154464722
Thalasseus bergii,1990,7.75034856796265
Timalia pileata,1990,6.98701000213623
Tragopan caboti,1990,6.83438158035278
Tragopan temminckii,1990,5.3237943649292
Treron curvirostra,1990,6.82882881164551
Treron sieboldii,1990,6.68481540679932
Treron sphenurus,1990,5.75345277786255
Turdus boulboul,1990,6.48560190200806
Turdus cardis,1990,6.00576019287109
Turdus feae,1990,4.11349391937256
Turdus mandarinus,1990,5.90247297286987
Turdus pilaris,1990,2.03374838829041
Turdus rubrocanus,1990,3.59992647171021
Turdus ruficollis,1990,3.02224206924439
Turdus viscivorus,1990,3.4419572353363
Turnix suscitator,1990,6.6441912651062
Tyto longimembris,1990,6.65865230560303
Urile pelagicus,1990,4.9538311958313
Urosphena squameiceps,1990,3.29070782661438
Vanellus cinereus,1990,3.40547204017639
Vanellus indicus,1990,6.52668380737305
Vanellus vanellus,1990,3.12475156784058
Yuhina nigrimenta,1990,5.94160747528076
Zoothera dixoni,1990,4.92909002304077
Zoothera mollissima,1990,2.8710298538208
Zoothera monticola,1990,5.39753341674805
Zosterops erythropleurus,1990,3.57722163200378
Abroscopus albogularis,1991,6.49550151824951
Accipiter gularis,1991,2.80966305732727
Accipiter soloensis,1991,5.78630590438843
Accipiter trivirgatus,1991,7.35253572463989
Accipiter virgatus,1991,5.96159648895264
Acridotheres cristatellus,1991,6.20283317565918
Acridotheres tristis,1991,5.47309970855713
Acrocephalus agricola,1991,3.90955686569214
Acrocephalus bistrigiceps,1991,3.78570485115051
Acrocephalus concinens,1991,5.41954708099365
Acrocephalus orientalis,1991,3.88676691055298
Acrocephalus tangorum,1991,3.1695556640625
Aegithalos bonvaloti,1991,4.10150194168091
Aegithalos caudatus,1991,2.72601842880249
Aegithalos concinnus,1991,6.10206079483032
Aegithalos fuliginosus,1991,4.60529565811157
Aerodramus brevirostris,1991,5.5563178062439
Aethopyga christinae,1991,8.33543014526367
Aethopyga gouldiae,1991,4.9032506942749
Agropsar sturninus,1991,3.35428166389465
Aix galericulata,1991,3.09407734870911
Alauda gulgula,1991,4.48238468170166
Alaudala cheleensis,1991,3.41464471817017
Alcedo hercules,1991,7.11562728881836
Alcippe morrisonia,1991,6.22626829147339
Amaurornis phoenicurus,1991,6.12392902374268
Anastomus oscitans,1991,6.20387649536133
Anser anser,1991,2.84712147712708
Anser fabalis,1991,2.10871887207031
Anser indicus,1991,2.32302927970886
Anthus godlewskii,1991,2.43650269508362
Anthus gustavi,1991,2.93578386306763
Anthus richardi,1991,4.23936796188355
Anthus roseatus,1991,3.02576279640198
Anthus trivialis,1991,2.77399635314941
Aquila fasciata,1991,7.00156307220459
Aquila heliaca,1991,2.44438028335571
Ardea intermedia,1991,6.35723638534546
Ardea purpurea,1991,5.5587944984436
Ardenna pacifica,1991,7.59718465805054
Artamus fuscus,1991,7.28751134872437
Asio flammeus,1991,2.36952924728394
Athene noctua,1991,3.09645438194275
Aviceda jerdoni,1991,7.40155172348023
Aviceda leuphotes,1991,6.1488676071167
Aythya fuligula,1991,2.39415264129639
Aythya nyroca,1991,3.16749119758606
Bombycilla japonica,1991,1.53385806083679
Branta canadensis,1991,4.03741312026978
Bubo nipalensis,1991,5.02522945404053
Bucanetes mongolicus,1991,3.48712778091431
Butastur indicus,1991,3.19234871864319
Cacomantis merulinus,1991,6.98815727233887
Calandrella brachydactyla,1991,3.64035177230835
Calliope obscura,1991,4.2931022644043
Caprimulgus macrurus,1991,7.45114517211914
Carpodacus roborowskii,1991,1.14488089084625
Carpodacus vinaceus,1991,5.44310712814331
Cecropis daurica,1991,4.42514371871948
Centropus bengalensis,1991,6.79803037643433
Cephalopyrus flammiceps,1991,4.95146131515503
Certhia familiaris,1991,3.19901990890503
Certhia himalayana,1991,4.52216911315918
Certhia tianquanensis,1991,4.15952444076538
Ceryle rudis,1991,6.5346155166626
Cettia brunnifrons,1991,4.4209156036377
Cettia castaneocoronata,1991,5.16578388214111
Chalcophaps indica,1991,7.29568481445313
Charadrius atrifrons,1991,2.12242960929871
Charadrius dealbatus,1991,7.78330850601196
Charadrius placidus,1991,3.8417649269104
Charadrius veredus,1991,2.47122478485107
Chlidonias leucopterus,1991,3.0657651424408
Chlidonias niger,1991,3.00974106788635
Chloris ambigua,1991,5.58184719085693
Chloris sinica,1991,4.65138292312622
Chrysolophus pictus,1991,5.21396541595459
Ciconia boyciana,1991,3.0929114818573
Ciconia nigra,1991,3.58994221687317
Circaetus gallicus,1991,3.78840899467468
Circus macrourus,1991,2.82784724235535
Circus spilonotus,1991,2.5072603225708
Cisticola exilis,1991,6.7479043006897
Cisticola juncidis,1991,6.09875535964966
Clamator coromandus,1991,6.2559552192688
Clanga clanga,1991,2.61561441421509
Columba oenas,1991,2.7257022857666
Copsychus saularis,1991,6.19452381134033
Coracias garrulus,1991,2.73445010185242
Coturnicops exquisitus,1991,2.19031810760498
Crex crex,1991,2.71229529380798
Crossoptilon mantchuricum,1991,4.12946224212647
Curruca curruca,1991,3.36755585670471
Cyanistes cyanus,1991,2.40048956871033
Cyanoderma pyrrhops,1991,4.96349382400513
Cygnus cygnus,1991,2.66938304901123
Cygnus olor,1991,2.85339593887329
Cyornis glaucicomans,1991,5.93027830123901
Cyornis hainanus,1991,7.54873609542847
Cyornis rubeculoides,1991,6.3100266456604
Delichon dasypus,1991,3.92026829719543
Dendrocitta formosae,1991,6.40353155136108
Dendrocopos hyperythrus,1991,4.24218654632568
Dendrocygna javanica,1991,6.63630199432373
Dicaeum cruentatum,1991,6.86290216445923
Dicaeum ignipectus,1991,6.03917121887207
Dicaeum minullum,1991,5.85501050949097
Dicrurus annectens,1991,7.13221788406372
Dicrurus hottentottus,1991,5.8421368598938
Dicrurus remifer,1991,6.55368185043335
Egretta eulophotes,1991,4.56389856338501
Egretta garzetta,1991,5.30833673477173
Elachura formosa,1991,6.12915229797363
Elanus caeruleus,1991,7.19676160812378
Emberiza buchanani,1991,2.49698615074158
Emberiza citrinella,1991,2.57695746421814
Emberiza elegans,1991,4.33452987670898
Emberiza godlewskii,1991,3.2721791267395
Emberiza hortulana,1991,3.15170335769653
Emberiza leucocephalos,1991,2.18345999717712
Emberiza pallasi,1991,1.48540699481964
Emberiza pusilla,1991,2.7871367931366
Emberiza rustica,1991,1.13749504089355
Emberiza siemsseni,1991,4.63977575302124
Emberiza yessoensis,1991,2.87879538536072
Enicurus leschenaulti,1991,5.86676692962647
Enicurus maculatus,1991,6.52645254135132
Enicurus schistaceus,1991,6.45342111587524
Erpornis zantholeuca,1991,6.64569711685181
Erythrogenys hypoleucos,1991,7.13753795623779
Eudynamys scolopaceus,1991,6.19206619262695
Eumyias thalassinus,1991,5.71711444854736
Falco cherrug,1991,2.84189009666443
Falco severus,1991,6.62761211395264
Ficedula albicilla,1991,1.61710119247437
Ficedula elisae,1991,3.98859119415283
Ficedula erithacus,1991,4.02061986923218
Ficedula hyperythra,1991,6.16915893554688
Ficedula mugimaki,1991,2.72433662414551
Ficedula strophiata,1991,5.39553928375244
Ficedula superciliaris,1991,3.44136381149292
Ficedula tricolor,1991,5.08847904205322
Fringilla coelebs,1991,1.33504867553711
Fringilla montifringilla,1991,1.61709749698639
Galerida cristata,1991,3.80064845085144
Gallicrex cinerea,1991,5.57510900497437
Garrulax maesi,1991,6.41877698898315
Garrulax monileger,1991,6.96667957305908
Gavia arctica,1991,2.84282970428467
Gelochelidon nilotica,1991,4.10245180130005
Geokichla citrina,1991,6.55761098861694
Glaucidium cuculoides,1991,6.30902910232544
Gorsachius melanolophus,1991,7.61020660400391
Gracupica nigricollis,1991,6.66193914413452
Grandala coelicolor,1991,2.18592667579651
Grus japonensis,1991,2.83693528175354
Grus monacha,1991,2.18305945396423
Grus nigricollis,1991,1.42953598499298
Gypaetus barbatus,1991,2.38420367240906
Gyps himalayensis,1991,2.46849584579468
Halcyon coromanda,1991,4.47423410415649
Halcyon pileata,1991,5.56495523452759
Halcyon smyrnensis,1991,7.62839984893799
Haliaeetus leucoryphus,1991,5.61919212341309
Harpactes wardi,1991,4.37200021743774
Helopsaltes certhiola,1991,3.30241847038269
Helopsaltes pryeri,1991,3.77951002120972
Hemiprocne coronata,1991,6.34982967376709
Hemitesia pallidipes,1991,6.37021923065186
Hemixos castanonotus,1991,6.97444009780884
Heterophasia desgodinsi,1991,6.03337383270264
Heteroxenicus stellatus,1991,4.80478858947754
Hieraaetus pennatus,1991,1.89445209503174
Hierococcyx nisicolor,1991,6.42951774597168
Hirundapus caudacutus,1991,3.04397368431091
Hirundo rustica,1991,3.78065228462219
Histrionicus histrionicus,1991,2.82454609870911
Hydrocoloeus minutus,1991,4.50144290924072
Hydrophasianus chirurgus,1991,6.40185451507568
Hydroprogne caspia,1991,5.58933591842651
Hypothymis azurea,1991,6.51537609100342
Hypsipetes leucocephalus,1991,5.91532325744629
Ianthocincla lunulata,1991,4.74446773529053
Ibidorhyncha struthersii,1991,2.79839086532593
Ictinaetus malaiensis,1991,6.6035852432251
Iduna caligata,1991,2.80675911903381
Indicator xanthonotus,1991,5.21326684951782
Ixobrychus cinnamomeus,1991,5.95042943954468
Ixobrychus eurhythmus,1991,4.53771591186523
Ixobrychus minutus,1991,3.17220139503479
Ixos mcclellandii,1991,6.54961109161377
Ketupa flavipes,1991,6.37878131866455
Lalage melaschistos,1991,5.80408477783203
Lanius borealis,1991,2.54492521286011
Lanius collurioides,1991,6.85216236114502
Lanius isabellinus,1991,3.24310111999512
Lanius schach,1991,5.6848316192627
Lanius sphenocercus,1991,3.11170315742493
Lanius tephronotus,1991,3.28358840942383
Larus crassirostris,1991,6.02244472503662
Larvivora brunnea,1991,3.86855530738831
Larvivora cyane,1991,2.41576099395752
Leptopoecile elegans,1991,2.4392774105072
Leptoptilos javanicus,1991,6.43828773498535
Limnodromus semipalmatus,1991,2.29248452186584
Limosa limosa,1991,2.451420545578
Linaria cannabina,1991,3.23441529273987
Locustella davidi,1991,2.41197824478149
Locustella mandelli,1991,6.3945951461792
Lonchura striata,1991,6.64414787292481
Lophotriorchis kienerii,1991,7.64869594573975
Lophura leucomelanos,1991,4.78766059875488
Lophura nycthemera,1991,6.81884098052979
Loxia curvirostra,1991,2.54618501663208
Macropygia unchall,1991,6.21208095550537
Mareca falcata,1991,2.09201860427856
Megaceryle lugubris,1991,5.91046953201294
Melanitta fusca,1991,2.52251386642456
Melanitta stejnegeri,1991,1.17635071277618
Melanochlora sultanea,1991,6.72764921188355
Mergus serrator,1991,2.51756620407105
Merops philippinus,1991,6.76723527908325
Mixornis gularis,1991,6.34768009185791
Monticola gularis,1991,2.75682187080383
Monticola rufiventris,1991,5.955153465271
Monticola solitarius,1991,4.84190082550049
Motacilla citreola,1991,2.71244883537293
Moupinia poecilotis,1991,3.67889595031738
Muscicapa dauurica,1991,2.57340908050537
Muscicapa ferruginea,1991,5.30198526382446
Muscicapa muttui,1991,6.3167314529419
Mycerobas affinis,1991,3.345627784729
Mycerobas carnipes,1991,2.76724529266357
Myiomela leucura,1991,5.89777421951294
Myophonus caeruleus,1991,5.24202251434326
Netta rufina,1991,3.3950343132019
Niltava davidi,1991,6.26514911651611
Niltava grandis,1991,6.04892539978027
Niltava macgrigoriae,1991,6.45140075683594
Niltava sundara,1991,4.98959541320801
Ninox japonica,1991,4.8972373008728
Nipponia nippon,1991,5.38929033279419
Nisaetus nipalensis,1991,6.16695928573608
Numenius madagascariensis,1991,2.40659594535828
Nycticorax nycticorax,1991,5.74012327194214
Oenanthe deserti,1991,2.86499929428101
Oenanthe oenanthe,1991,3.22281360626221
Onychoprion anaethetus,1991,7.38714265823364
Oriolus oriolus,1991,3.0398473739624
Otus lettia,1991,6.50041961669922
Otus semitorques,1991,4.03453016281128
Otus spilocephalus,1991,6.30318307876587
Oxyura leucocephala,1991,3.69569182395935
Panurus biarmicus,1991,3.19879579544067
Paradoxornis guttaticollis,1991,6.32768392562866
Paradoxornis heudei,1991,5.13643407821655
Parayuhina diademata,1991,5.41880035400391
Pardaliparus venustulus,1991,5.49829196929932
Parus monticolus,1991,5.33419942855835
Passer cinnamomeus,1991,5.32171201705933
Passer domesticus,1991,2.38645505905151
Passer hispaniolensis,1991,3.34858441352844
Pelecanus crispus,1991,2.36357879638672
Pellorneum tickelli,1991,6.86570835113525
Perdix hodgsoniae,1991,1.71877300739288
Pericrocotus cantonensis,1991,6.22935295104981
Pericrocotus divaricatus,1991,2.85622978210449
Pericrocotus ethologus,1991,4.64413404464722
Pericrocotus solaris,1991,6.63667106628418
Periparus rubidiventris,1991,2.40667772293091
Pernis ptilorhynchus,1991,3.03783321380615
Phasianus colchicus,1991,4.24921274185181
Phoenicurus erythronotus,1991,3.36875510215759
Phoenicurus frontalis,1991,3.34183669090271
Phoenicurus leucocephalus,1991,4.05630970001221
Phoenicurus ochruros,1991,2.97978663444519
Phoenicurus schisticeps,1991,2.92886257171631
Phylloscopus affinis,1991,3.47021269798279
Phylloscopus burkii,1991,2.82315015792847
Phylloscopus cantator,1991,6.06479930877686
Phylloscopus castaniceps,1991,6.13979244232178
Phylloscopus claudiae,1991,4.6055121421814
Phylloscopus coronatus,1991,3.84598827362061
Phylloscopus emeiensis,1991,5.24804162979126
Phylloscopus intermedius,1991,5.66250896453857
Phylloscopus magnirostris,1991,3.79816102981567
Phylloscopus ogilviegranti,1991,6.61145496368408
Phylloscopus omeiensis,1991,4.71810102462769
Phylloscopus pulcher,1991,4.15731239318848
Phylloscopus ricketti,1991,5.94137668609619
Phylloscopus soror,1991,5.53298091888428
Phylloscopus subaffinis,1991,4.99745607376099
Phylloscopus tenellipes,1991,3.2905421257019
Phylloscopus tephrocephalus,1991,5.14619588851929
Phylloscopus yunnanensis,1991,4.14908075332642
Picumnus innominatus,1991,5.96133041381836
Picus chlorolophus,1991,6.77561855316162
Pitta nympha,1991,6.43916034698486
Platalea minor,1991,4.53144311904907
Pnoepyga immaculata,1991,3.55757665634155
Podiceps auritus,1991,2.31111621856689
Podiceps grisegena,1991,2.66298770904541
Podiceps nigricollis,1991,3.00269961357117
Podoces biddulphi,1991,5.04244899749756
Pomatorhinus schisticeps,1991,6.38240814208984
Pomatorhinus superciliaris,1991,6.04138469696045
Prinia atrogularis,1991,5.56601238250732
Prinia flaviventris,1991,6.93031072616577
Prinia inornata,1991,6.57100200653076
Prunella collaris,1991,2.38019275665283
Prunella himalayana,1991,2.04912781715393
Prunella immaculata,1991,2.75731515884399
Prunella montanella,1991,1.23600685596466
Prunella strophiata,1991,3.35681986808777
Psarisomus dalhousiae,1991,6.45665740966797
Pseudopodoces humilis,1991,1.57438623905182
Psilopogon faber,1991,6.95057821273804
Psilopogon virens,1991,6.26279497146606
Pterorhinus berthemyi,1991,6.08938455581665
Pterorhinus lanceolatus,1991,5.65373611450195
Pterorhinus pectoralis,1991,6.23146629333496
Pterorhinus sannio,1991,6.25481700897217
Pteruthius rufiventer,1991,5.57507276535034
Pteruthius xanthochlorus,1991,4.73739862442017
Ptyonoprogne rupestris,1991,3.51037096977234
Pycnonotus aurigaster,1991,6.57579898834229
Pycnonotus jocosus,1991,6.73914957046509
Pycnonotus sinensis,1991,5.87558555603027
Pycnonotus xanthorrhous,1991,5.86301612854004
Pyrrhula erythaca,1991,4.39064598083496
Pyrrhula nipalensis,1991,5.87032985687256
Rallina eurizonoides,1991,7.22080755233765
Rallus aquaticus,1991,2.77608609199524
Recurvirostra avosetta,1991,2.52504277229309
Regulus regulus,1991,3.9393801689148
Remiz consobrinus,1991,2.98271489143372
Remiz coronatus,1991,2.85322880744934
Rhodospiza obsoleta,1991,3.49575090408325
Rubigula flaviventris,1991,6.87229299545288
Sasia ochracea,1991,6.93810129165649
Saxicola ferreus,1991,5.79064607620239
Sitta cinnamoventris,1991,6.43877506256104
Sitta formosa,1991,6.15178680419922
Sitta villosa,1991,3.66264057159424
Sittiparus varius,1991,3.58375024795532
Spilopelia chinensis,1991,5.83172130584717
Spilopelia senegalensis,1991,3.21269369125366
Spilornis cheela,1991,6.52314186096191
Spinus spinus,1991,2.02788209915161
Spizixos semitorques,1991,6.11642503738403
Spodiopsar cineraceus,1991,3.2292058467865
Spodiopsar sericeus,1991,6.48111057281494
Stachyris humei,1991,5.50968885421753
Staphida torqueola,1991,6.46621179580689
Streptopelia decaocto,1991,4.0330867767334
Sturnia sinensis,1991,6.94397354125977
Sturnus vulgaris,1991,3.47889471054077
Suthora fulvifrons,1991,4.45074796676636
Syrmaticus humiae,1991,6.4110164642334
Syrmaticus reevesii,1991,5.68592405319214
Syrrhaptes paradoxus,1991,3.23095011711121
Tarsiger chrysaeus,1991,3.94885158538818
Tarsiger indicus,1991,4.51097822189331
Temnurus temnurus,1991,8.19630432128906
Tephrodornis virgatus,1991,7.05250930786133
Thalasseus bergii,1991,7.74620151519775
Timalia pileata,1991,6.97581434249878
Tragopan caboti,1991,6.79856729507446
Tragopan temminckii,1991,5.30317544937134
Treron curvirostra,1991,6.86911058425903
Treron sieboldii,1991,6.57198858261108
Treron sphenurus,1991,5.78838586807251
Turdus boulboul,1991,6.51272296905518
Turdus cardis,1991,5.79475259780884
Turdus feae,1991,3.96680092811584
Turdus mandarinus,1991,5.81125402450562
Turdus pilaris,1991,1.73697865009308
Turdus rubrocanus,1991,3.59088397026062
Turdus ruficollis,1991,3.01529121398926
Turdus viscivorus,1991,3.41313409805298
Turnix suscitator,1991,6.66564464569092
Tyto longimembris,1991,6.58833742141724
Urile pelagicus,1991,4.76595497131348
Urosphena squameiceps,1991,3.07226634025574
Vanellus cinereus,1991,3.07954430580139
Vanellus indicus,1991,6.58334064483643
Vanellus vanellus,1991,2.89295625686646
Yuhina nigrimenta,1991,5.91031122207642
Zoothera dixoni,1991,4.96598720550537
Zoothera mollissima,1991,2.86607551574707
Zoothera monticola,1991,5.33667469024658
Zosterops erythropleurus,1991,3.30245161056519
Abroscopus albogularis,1992,6.4158673286438
Accipiter gularis,1992,2.91612482070923
Accipiter soloensis,1992,5.75823831558228
Accipiter trivirgatus,1992,7.23443794250488
Accipiter virgatus,1992,5.85186958312988
Acridotheres cristatellus,1992,6.14560747146606
Acridotheres tristis,1992,5.37101173400879
Acrocephalus agricola,1992,3.86680126190186
Acrocephalus bistrigiceps,1992,3.85652732849121
Acrocephalus concinens,1992,5.43143463134766
Acrocephalus orientalis,1992,3.95424365997314
Acrocephalus tangorum,1992,3.2433910369873
Aegithalos bonvaloti,1992,3.96619725227356
Aegithalos caudatus,1992,2.82383394241333
Aegithalos concinnus,1992,6.045166015625
Aegithalos fuliginosus,1992,4.5228796005249
Aerodramus brevirostris,1992,5.48244953155518
Aethopyga christinae,1992,8.18426132202148
Aethopyga gouldiae,1992,4.82340621948242
Agropsar sturninus,1992,3.39601302146912
Aix galericulata,1992,3.16441774368286
Alauda gulgula,1992,4.39523601531982
Alaudala cheleensis,1992,3.37801718711853
Alcedo hercules,1992,7.00517892837524
Alcippe morrisonia,1992,6.16124582290649
Amaurornis phoenicurus,1992,6.06411170959473
Anastomus oscitans,1992,6.09605741500855
Anser anser,1992,2.89871263504028
Anser fabalis,1992,2.23661851882935
Anser indicus,1992,2.28371644020081
Anthus godlewskii,1992,2.59936285018921
Anthus gustavi,1992,2.93166971206665
Anthus richardi,1992,4.22844839096069
Anthus roseatus,1992,2.93445944786072
Anthus trivialis,1992,2.73344254493713
Aquila fasciata,1992,6.89221858978272
Aquila heliaca,1992,2.49273490905762
Ardea intermedia,1992,6.30393218994141
Ardea purpurea,1992,5.54387331008911
Ardenna pacifica,1992,7.43940877914429
Artamus fuscus,1992,7.16168594360352
Asio flammeus,1992,2.45743322372437
Athene noctua,1992,3.06080889701843
Aviceda jerdoni,1992,7.29444789886475
Aviceda leuphotes,1992,6.05767774581909
Aythya fuligula,1992,2.51704144477844
Aythya nyroca,1992,3.13992357254028
Bombycilla japonica,1992,1.67728626728058
Branta canadensis,1992,4.13936233520508
Bubo nipalensis,1992,4.90838766098023
Bucanetes mongolicus,1992,3.44300365447998
Butastur indicus,1992,3.27280402183533
Cacomantis merulinus,1992,6.86492586135864
Calandrella brachydactyla,1992,3.60254096984863
Calliope obscura,1992,4.19063186645508
Caprimulgus macrurus,1992,7.33356380462647
Carpodacus roborowskii,1992,0.941034317016602
Carpodacus vinaceus,1992,5.34990072250366
Cecropis daurica,1992,4.39905071258545
Centropus bengalensis,1992,6.71958637237549
Cephalopyrus flammiceps,1992,4.87405157089233
Certhia familiaris,1992,3.20410752296448
Certhia himalayana,1992,4.40351390838623
Certhia tianquanensis,1992,4.05110025405884
Ceryle rudis,1992,6.47083806991577
Cettia brunnifrons,1992,4.2992262840271
Cettia castaneocoronata,1992,5.05378770828247
Chalcophaps indica,1992,7.16720056533814
Charadrius atrifrons,1992,2.01873135566711
Charadrius dealbatus,1992,7.63299465179443
Charadrius placidus,1992,3.87736749649048
Charadrius veredus,1992,2.62854218482971
Chlidonias leucopterus,1992,3.12955689430237
Chlidonias niger,1992,2.95399403572083
Chloris ambigua,1992,5.46840953826904
Chloris sinica,1992,4.63663148880005
Chrysolophus pictus,1992,5.1375298500061
Ciconia boyciana,1992,3.16160583496094
Ciconia nigra,1992,3.58820176124573
Circaetus gallicus,1992,3.75611639022827
Circus macrourus,1992,2.80577445030212
Circus spilonotus,1992,2.62513661384583
Cisticola exilis,1992,6.64275074005127
Cisticola juncidis,1992,6.06246757507324
Clamator coromandus,1992,6.20622539520264
Clanga clanga,1992,2.7113618850708
Columba oenas,1992,2.67137789726257
Copsychus saularis,1992,6.13185787200928
Coracias garrulus,1992,2.64160966873169
Coturnicops exquisitus,1992,2.31313514709473
Crex crex,1992,2.65132451057434
Crossoptilon mantchuricum,1992,4.07066869735718
Curruca curruca,1992,3.28500485420227
Cyanistes cyanus,1992,2.45318675041199
Cyanoderma pyrrhops,1992,4.95168495178223
Cygnus cygnus,1992,2.72828340530396
Cygnus olor,1992,2.72941088676453
Cyornis glaucicomans,1992,5.86215257644653
Cyornis hainanus,1992,7.41256284713745
Cyornis rubeculoides,1992,6.22487306594849
Delichon dasypus,1992,3.80804896354675
Dendrocitta formosae,1992,6.33913564682007
Dendrocopos hyperythrus,1992,4.13436698913574
Dendrocygna javanica,1992,6.56991910934448
Dicaeum cruentatum,1992,6.75965785980225
Dicaeum ignipectus,1992,5.96261739730835
Dicaeum minullum,1992,5.74687814712524
Dicrurus annectens,1992,7.02014303207398
Dicrurus hottentottus,1992,5.78411912918091
Dicrurus remifer,1992,6.44660520553589
Egretta eulophotes,1992,4.60955572128296
Egretta garzetta,1992,5.24413156509399
Elachura formosa,1992,6.02992868423462
Elanus caeruleus,1992,7.05769681930542
Emberiza buchanani,1992,2.46221542358398
Emberiza citrinella,1992,2.66847634315491
Emberiza elegans,1992,4.34291458129883
Emberiza godlewskii,1992,3.22185850143433
Emberiza hortulana,1992,3.20178604125977
Emberiza leucocephalos,1992,2.20355415344238
Emberiza pallasi,1992,1.68475782871246
Emberiza pusilla,1992,2.90245413780212
Emberiza rustica,1992,1.30155384540558
Emberiza siemsseni,1992,4.55813884735107
Emberiza yessoensis,1992,2.92294573783875
Enicurus leschenaulti,1992,5.79804468154907
Enicurus maculatus,1992,6.40788555145264
Enicurus schistaceus,1992,6.3558988571167
Erpornis zantholeuca,1992,6.53779125213623
Erythrogenys hypoleucos,1992,7.05905199050903
Eudynamys scolopaceus,1992,6.1373553276062
Eumyias thalassinus,1992,5.63749647140503
Falco cherrug,1992,2.77373385429382
Falco severus,1992,6.51125383377075
Ficedula albicilla,1992,1.78418862819672
Ficedula elisae,1992,4.01187562942505
Ficedula erithacus,1992,3.88082432746887
Ficedula hyperythra,1992,6.05974197387695
Ficedula mugimaki,1992,2.8363733291626
Ficedula strophiata,1992,5.30831527709961
Ficedula superciliaris,1992,3.34559440612793
Ficedula tricolor,1992,4.97256565093994
Fringilla coelebs,1992,1.49401676654816
Fringilla montifringilla,1992,1.74209594726563
Galerida cristata,1992,3.76538944244385
Gallicrex cinerea,1992,5.54369354248047
Garrulax maesi,1992,6.33564758300781
Garrulax monileger,1992,6.85564184188843
Gavia arctica,1992,2.84201407432556
Gelochelidon nilotica,1992,4.11266565322876
Geokichla citrina,1992,6.48061895370483
Glaucidium cuculoides,1992,6.24931764602661
Gorsachius melanolophus,1992,7.48339319229126
Gracupica nigricollis,1992,6.55289840698242
Grandala coelicolor,1992,2.05060219764709
Grus japonensis,1992,2.89245009422302
Grus monacha,1992,2.30952572822571
Grus nigricollis,1992,1.33782768249512
Gypaetus barbatus,1992,2.29106831550598
Gyps himalayensis,1992,2.3580539226532
Halcyon coromanda,1992,4.45143985748291
Halcyon pileata,1992,5.52271604537964
Halcyon smyrnensis,1992,7.47484827041626
Haliaeetus leucoryphus,1992,5.54671716690064
Harpactes wardi,1992,4.26579999923706
Helopsaltes certhiola,1992,3.28673386573792
Helopsaltes pryeri,1992,3.90215444564819
Hemiprocne coronata,1992,6.24955463409424
Hemitesia pallidipes,1992,6.27664613723755
Hemixos castanonotus,1992,6.86037397384644
Heterophasia desgodinsi,1992,5.94791984558106
Heteroxenicus stellatus,1992,4.6851692199707
Hieraaetus pennatus,1992,1.98170852661133
Hierococcyx nisicolor,1992,6.3216233253479
Hirundapus caudacutus,1992,3.06353902816772
Hirundo rustica,1992,3.74259614944458
Histrionicus histrionicus,1992,2.84566974639893
Hydrocoloeus minutus,1992,4.46207666397095
Hydrophasianus chirurgus,1992,6.33300876617432
Hydroprogne caspia,1992,5.57591342926025
Hypothymis azurea,1992,6.40094804763794
Hypsipetes leucocephalus,1992,5.84792327880859
Ianthocincla lunulata,1992,4.66050148010254
Ibidorhyncha struthersii,1992,2.70976734161377
Ictinaetus malaiensis,1992,6.50009870529175
Iduna caligata,1992,2.87081027030945
Indicator xanthonotus,1992,5.11957883834839
Ixobrychus cinnamomeus,1992,5.91413354873657
Ixobrychus eurhythmus,1992,4.58318614959717
Ixobrychus minutus,1992,3.12120175361633
Ixos mcclellandii,1992,6.46640872955322
Ketupa flavipes,1992,6.3336763381958
Lalage melaschistos,1992,5.74013423919678
Lanius borealis,1992,2.60386991500855
Lanius collurioides,1992,6.73842859268189
Lanius isabellinus,1992,3.183758020401
Lanius schach,1992,5.61789464950562
Lanius sphenocercus,1992,3.15870237350464
Lanius tephronotus,1992,3.1440269947052
Larus crassirostris,1992,5.98631572723389
Larvivora brunnea,1992,3.75005793571472
Larvivora cyane,1992,2.52293944358826
Leptopoecile elegans,1992,2.2880232334137
Leptoptilos javanicus,1992,6.33264255523682
Limnodromus semipalmatus,1992,2.43144249916077
Limosa limosa,1992,2.55707478523254
Linaria cannabina,1992,3.22602653503418
Locustella davidi,1992,2.52186727523804
Locustella mandelli,1992,6.29193782806397
Lonchura striata,1992,6.58055067062378
Lophotriorchis kienerii,1992,7.5273494720459
Lophura leucomelanos,1992,4.68897438049316
Lophura nycthemera,1992,6.70382165908814
Loxia curvirostra,1992,2.53998231887817
Macropygia unchall,1992,6.10730791091919
Mareca falcata,1992,2.2202935218811
Megaceryle lugubris,1992,5.87028694152832
Melanitta fusca,1992,2.6334547996521
Melanitta stejnegeri,1992,1.34330368041992
Melanochlora sultanea,1992,6.62113285064697
Mergus serrator,1992,2.58189058303833
Merops philippinus,1992,6.64327383041382
Mixornis gularis,1992,6.24417924880981
Monticola gularis,1992,2.85962724685669
Monticola rufiventris,1992,5.88633584976196
Monticola solitarius,1992,4.81216382980347
Motacilla citreola,1992,2.63564729690552
Moupinia poecilotis,1992,3.54288363456726
Muscicapa dauurica,1992,2.68964147567749
Muscicapa ferruginea,1992,5.20080137252808
Muscicapa muttui,1992,6.23772525787354
Mycerobas affinis,1992,3.20240068435669
Mycerobas carnipes,1992,2.64812278747559
Myiomela leucura,1992,5.81168937683106
Myophonus caeruleus,1992,5.18445491790772
Netta rufina,1992,3.36797094345093
Niltava davidi,1992,6.15680456161499
Niltava grandis,1992,5.95337152481079
Niltava macgrigoriae,1992,6.3478593826294
Niltava sundara,1992,4.90813398361206
Ninox japonica,1992,4.92379522323608
Nipponia nippon,1992,5.33322477340698
Nisaetus nipalensis,1992,6.0634503364563
Numenius madagascariensis,1992,2.47228455543518
Nycticorax nycticorax,1992,5.71161460876465
Oenanthe deserti,1992,2.79323601722717
Oenanthe oenanthe,1992,3.22967839241028
Onychoprion anaethetus,1992,7.27417039871216
Oriolus oriolus,1992,3.0206606388092
Otus lettia,1992,6.44081258773804
Otus semitorques,1992,4.05422019958496
Otus spilocephalus,1992,6.18801069259644
Oxyura leucocephala,1992,3.62956094741821
Panurus biarmicus,1992,3.1794331073761
Paradoxornis guttaticollis,1992,6.2317271232605
Paradoxornis heudei,1992,5.16912603378296
Parayuhina diademata,1992,5.32829809188843
Pardaliparus venustulus,1992,5.45635080337524
Parus monticolus,1992,5.24221134185791
Passer cinnamomeus,1992,5.25802087783814
Passer domesticus,1992,2.4518461227417
Passer hispaniolensis,1992,3.28610515594482
Pelecanus crispus,1992,2.32379484176636
Pellorneum tickelli,1992,6.77152872085571
Perdix hodgsoniae,1992,1.58487033843994
Pericrocotus cantonensis,1992,6.17290258407593
Pericrocotus divaricatus,1992,2.87104535102844
Pericrocotus ethologus,1992,4.57600355148315
Pericrocotus solaris,1992,6.54086351394653
Periparus rubidiventris,1992,2.24530267715454
Pernis ptilorhynchus,1992,3.09574341773987
Phasianus colchicus,1992,4.23039865493774
Phoenicurus erythronotus,1992,3.34161901473999
Phoenicurus frontalis,1992,3.21724009513855
Phoenicurus leucocephalus,1992,3.96956777572632
Phoenicurus ochruros,1992,2.89181232452393
Phoenicurus schisticeps,1992,2.77608680725098
Phylloscopus affinis,1992,3.34006285667419
Phylloscopus burkii,1992,2.7683584690094
Phylloscopus cantator,1992,5.97805881500244
Phylloscopus castaniceps,1992,6.08015012741089
Phylloscopus claudiae,1992,4.52476119995117
Phylloscopus coronatus,1992,3.86101269721985
Phylloscopus emeiensis,1992,5.1454062461853
Phylloscopus intermedius,1992,5.57857322692871
Phylloscopus magnirostris,1992,3.67252779006958
Phylloscopus ogilviegranti,1992,6.49339771270752
Phylloscopus omeiensis,1992,4.60743808746338
Phylloscopus pulcher,1992,4.034836769104
Phylloscopus ricketti,1992,5.88660335540772
Phylloscopus soror,1992,5.45732927322388
Phylloscopus subaffinis,1992,4.92292308807373
Phylloscopus tenellipes,1992,3.33666181564331
Phylloscopus tephrocephalus,1992,5.04982328414917
Phylloscopus yunnanensis,1992,4.07730960845947
Picumnus innominatus,1992,5.89689159393311
Picus chlorolophus,1992,6.66154384613037
Pitta nympha,1992,6.39244890213013
Platalea minor,1992,4.56596994400024
Pnoepyga immaculata,1992,3.56711220741272
Podiceps auritus,1992,2.29716444015503
Podiceps grisegena,1992,2.67731118202209
Podiceps nigricollis,1992,3.07092261314392
Podoces biddulphi,1992,4.98383808135986
Pomatorhinus schisticeps,1992,6.30273294448853
Pomatorhinus superciliaris,1992,5.95389223098755
Prinia atrogularis,1992,5.48384284973145
Prinia flaviventris,1992,6.83678340911865
Prinia inornata,1992,6.5093936920166
Prunella collaris,1992,2.32694840431213
Prunella himalayana,1992,2.02017426490784
Prunella immaculata,1992,2.59290790557861
Prunella montanella,1992,1.39596843719482
Prunella strophiata,1992,3.22228765487671
Psarisomus dalhousiae,1992,6.36227607727051
Pseudopodoces humilis,1992,1.4642927646637
Psilopogon faber,1992,6.88878154754639
Psilopogon virens,1992,6.17153263092041
Pterorhinus berthemyi,1992,6.04729795455933
Pterorhinus lanceolatus,1992,5.56440019607544
Pterorhinus pectoralis,1992,6.18833541870117
Pterorhinus sannio,1992,6.19294881820679
Pteruthius rufiventer,1992,5.48447513580322
Pteruthius xanthochlorus,1992,4.62900161743164
Ptyonoprogne rupestris,1992,3.43424439430237
Pycnonotus aurigaster,1992,6.48175668716431
Pycnonotus jocosus,1992,6.61959314346314
Pycnonotus sinensis,1992,5.84271860122681
Pycnonotus xanthorrhous,1992,5.78504228591919
Pyrrhula erythaca,1992,4.29294013977051
Pyrrhula nipalensis,1992,5.7613959312439
Rallina eurizonoides,1992,7.11450052261353
Rallus aquaticus,1992,2.68473553657532
Recurvirostra avosetta,1992,2.61478853225708
Regulus regulus,1992,3.84700775146484
Remiz consobrinus,1992,3.06422567367554
Remiz coronatus,1992,2.85681056976318
Rhodospiza obsoleta,1992,3.38767647743225
Rubigula flaviventris,1992,6.76323223114014
Sasia ochracea,1992,6.83168888092041
Saxicola ferreus,1992,5.73413515090942
Sitta cinnamoventris,1992,6.34356021881104
Sitta formosa,1992,6.05440807342529
Sitta villosa,1992,3.6150107383728
Sittiparus varius,1992,3.6334342956543
Spilopelia chinensis,1992,5.77848768234253
Spilopelia senegalensis,1992,3.1529483795166
Spilornis cheela,1992,6.42207002639771
Spinus spinus,1992,2.14728546142578
Spizixos semitorques,1992,6.06481504440308
Spodiopsar cineraceus,1992,3.24505734443665
Spodiopsar sericeus,1992,6.42959451675415
Stachyris humei,1992,5.42688989639282
Staphida torqueola,1992,6.39889526367188
Streptopelia decaocto,1992,3.97766947746277
Sturnia sinensis,1992,6.84603309631348
Sturnus vulgaris,1992,3.46396350860596
Suthora fulvifrons,1992,4.33457469940186
Syrmaticus humiae,1992,6.30529403686523
Syrmaticus reevesii,1992,5.61050605773926
Syrrhaptes paradoxus,1992,3.24646902084351
Tarsiger chrysaeus,1992,3.82874798774719
Tarsiger indicus,1992,4.3866605758667
Temnurus temnurus,1992,8.05117416381836
Tephrodornis virgatus,1992,6.94044780731201
Thalasseus bergii,1992,7.58173751831055
Timalia pileata,1992,6.87460422515869
Tragopan caboti,1992,6.68417930603027
Tragopan temminckii,1992,5.21523380279541
Treron curvirostra,1992,6.76239919662476
Treron sieboldii,1992,6.52932500839233
Treron sphenurus,1992,5.68043947219849
Turdus boulboul,1992,6.41572380065918
Turdus cardis,1992,5.82089519500732
Turdus feae,1992,3.95693755149841
Turdus mandarinus,1992,5.75425338745117
Turdus pilaris,1992,1.90571200847626
Turdus rubrocanus,1992,3.47036552429199
Turdus ruficollis,1992,2.97026610374451
Turdus viscivorus,1992,3.38743233680725
Turnix suscitator,1992,6.54221773147583
Tyto longimembris,1992,6.52599906921387
Urile pelagicus,1992,4.81825494766235
Urosphena squameiceps,1992,3.08569192886353
Vanellus cinereus,1992,3.1808602809906
Vanellus indicus,1992,6.47502326965332
Vanellus vanellus,1992,2.9651403427124
Yuhina nigrimenta,1992,5.8269829750061
Zoothera dixoni,1992,4.84935474395752
Zoothera mollissima,1992,2.74978566169739
Zoothera monticola,1992,5.26371240615845
Zosterops erythropleurus,1992,3.36588335037231
Abroscopus albogularis,1993,6.40164041519165
Accipiter gularis,1993,2.85591530799866
Accipiter soloensis,1993,5.71065139770508
Accipiter trivirgatus,1993,7.28114461898804
Accipiter virgatus,1993,5.88406658172607
Acridotheres cristatellus,1993,6.11730146408081
Acridotheres tristis,1993,5.3990683555603
Acrocephalus agricola,1993,3.82642555236816
Acrocephalus bistrigiceps,1993,3.79240131378174
Acrocephalus concinens,1993,5.36009788513184
Acrocephalus orientalis,1993,3.89079141616821
Acrocephalus tangorum,1993,3.1834454536438
Aegithalos bonvaloti,1993,4.0843300819397
Aegithalos caudatus,1993,2.75263381004334
Aegithalos concinnus,1993,6.01791381835938
Aegithalos fuliginosus,1993,4.52316474914551
Aerodramus brevirostris,1993,5.50038623809815
Aethopyga christinae,1993,8.19606494903565
Aethopyga gouldiae,1993,4.85104560852051
Agropsar sturninus,1993,3.35105848312378
Aix galericulata,1993,3.10671710968018
Alauda gulgula,1993,4.43034315109253
Alaudala cheleensis,1993,3.36818623542786
Alcedo hercules,1993,7.05159711837769
Alcippe morrisonia,1993,6.14059352874756
Amaurornis phoenicurus,1993,6.04116868972778
Anastomus oscitans,1993,6.14005661010742
Anser anser,1993,2.81423592567444
Anser fabalis,1993,2.16248059272766
Anser indicus,1993,2.33470463752747
Anthus godlewskii,1993,2.54204702377319
Anthus gustavi,1993,2.897789478302
Anthus richardi,1993,4.18617534637451
Anthus roseatus,1993,3.00035405158997
Anthus trivialis,1993,2.62381076812744
Aquila fasciata,1993,6.89284896850586
Aquila heliaca,1993,2.38390874862671
Ardea intermedia,1993,6.2725305557251
Ardea purpurea,1993,5.49883604049683
Ardenna pacifica,1993,7.50619602203369
Artamus fuscus,1993,7.19419479370117
Asio flammeus,1993,2.35895323753357
Athene noctua,1993,3.0713529586792
Aviceda jerdoni,1993,7.34788036346436
Aviceda leuphotes,1993,6.06593322753906
Aythya fuligula,1993,2.44314980506897
Aythya nyroca,1993,3.04353523254395
Bombycilla japonica,1993,1.60010623931885
Branta canadensis,1993,4.13015031814575
Bubo nipalensis,1993,4.99930906295776
Bucanetes mongolicus,1993,3.39569330215454
Butastur indicus,1993,3.21519541740418
Cacomantis merulinus,1993,6.90689277648926
Calandrella brachydactyla,1993,3.51866960525513
Calliope obscura,1993,4.19736576080322
Caprimulgus macrurus,1993,7.38880205154419
Carpodacus roborowskii,1993,1.09711909294128
Carpodacus vinaceus,1993,5.37277317047119
Cecropis daurica,1993,4.38325262069702
Centropus bengalensis,1993,6.7046389579773
Cephalopyrus flammiceps,1993,4.92575740814209
Certhia familiaris,1993,3.15913009643555
Certhia himalayana,1993,4.47635269165039
Certhia tianquanensis,1993,4.09435415267944
Ceryle rudis,1993,6.45210838317871
Cettia brunnifrons,1993,4.38515758514404
Cettia castaneocoronata,1993,5.12067937850952
Chalcophaps indica,1993,7.20998907089233
Charadrius atrifrons,1993,2.10574674606323
Charadrius dealbatus,1993,7.67963171005249
Charadrius placidus,1993,3.82991552352905
Charadrius veredus,1993,2.57634615898132
Chlidonias leucopterus,1993,3.06804084777832
Chlidonias niger,1993,2.82902479171753
Chloris ambigua,1993,5.55178737640381
Chloris sinica,1993,4.60626220703125
Chrysolophus pictus,1993,5.12758827209473
Ciconia boyciana,1993,3.10917925834656
Ciconia nigra,1993,3.54189658164978
Circaetus gallicus,1993,3.65648508071899
Circus macrourus,1993,2.68100595474243
Circus spilonotus,1993,2.56193232536316
Cisticola exilis,1993,6.66546535491943
Cisticola juncidis,1993,6.03155040740967
Clamator coromandus,1993,6.16821002960205
Clanga clanga,1993,2.64015579223633
Columba oenas,1993,2.53651428222656
Copsychus saularis,1993,6.11167478561401
Coracias garrulus,1993,2.50722479820251
Coturnicops exquisitus,1993,2.24124813079834
Crex crex,1993,2.52202749252319
Crossoptilon mantchuricum,1993,4.01087284088135
Curruca curruca,1993,3.27643752098084
Cyanistes cyanus,1993,2.36795139312744
Cyanoderma pyrrhops,1993,5.03710174560547
Cygnus cygnus,1993,2.66628932952881
Cygnus olor,1993,2.78734254837036
Cyornis glaucicomans,1993,5.83672904968262
Cyornis hainanus,1993,7.4294867515564
Cyornis rubeculoides,1993,6.32768440246582
Delichon dasypus,1993,3.87643218040466
Dendrocitta formosae,1993,6.32098150253296
Dendrocopos hyperythrus,1993,4.22383260726929
Dendrocygna javanica,1993,6.54989147186279
Dicaeum cruentatum,1993,6.76833915710449
Dicaeum ignipectus,1993,5.96129894256592
Dicaeum minullum,1993,5.77893114089966
Dicrurus annectens,1993,7.06573295593262
Dicrurus hottentottus,1993,5.76356744766235
Dicrurus remifer,1993,6.50780153274536
Egretta eulophotes,1993,4.56345653533936
Egretta garzetta,1993,5.24542570114136
Elachura formosa,1993,6.0875096321106
Elanus caeruleus,1993,7.06307935714722
Emberiza buchanani,1993,2.33797335624695
Emberiza citrinella,1993,2.57950711250305
Emberiza elegans,1993,4.30654668807983
Emberiza godlewskii,1993,3.23445272445679
Emberiza hortulana,1993,3.09508728981018
Emberiza leucocephalos,1993,2.17225527763367
Emberiza pallasi,1993,1.60313189029694
Emberiza pusilla,1993,2.83743715286255
Emberiza rustica,1993,1.23784172534943
Emberiza siemsseni,1993,4.55113840103149
Emberiza yessoensis,1993,2.86038875579834
Enicurus leschenaulti,1993,5.78784608840942
Enicurus maculatus,1993,6.45466041564941
Enicurus schistaceus,1993,6.36944484710693
Erpornis zantholeuca,1993,6.56366014480591
Erythrogenys hypoleucos,1993,7.03434705734253
Eudynamys scolopaceus,1993,6.10701322555542
Eumyias thalassinus,1993,5.64608907699585
Falco cherrug,1993,2.79832553863525
Falco severus,1993,6.55745315551758
Ficedula albicilla,1993,1.72156095504761
Ficedula elisae,1993,3.97187423706055
Ficedula erithacus,1993,3.98164200782776
Ficedula hyperythra,1993,6.10249137878418
Ficedula mugimaki,1993,2.77153086662293
Ficedula strophiata,1993,5.32978391647339
Ficedula superciliaris,1993,3.45213437080383
Ficedula tricolor,1993,5.03438949584961
Fringilla coelebs,1993,1.42096567153931
Fringilla montifringilla,1993,1.64938461780548
Galerida cristata,1993,3.74330592155457
Gallicrex cinerea,1993,5.51772308349609
Garrulax maesi,1993,6.31090307235718
Garrulax monileger,1993,6.86901664733887
Gavia arctica,1993,2.73948168754578
Gelochelidon nilotica,1993,4.06173133850098
Geokichla citrina,1993,6.47372150421143
Glaucidium cuculoides,1993,6.22372674942017
Gorsachius melanolophus,1993,7.50872850418091
Gracupica nigricollis,1993,6.57441663742065
Grandala coelicolor,1993,2.17831254005432
Grus japonensis,1993,2.84066390991211
Grus monacha,1993,2.2103054523468
Grus nigricollis,1993,1.46249771118164
Gypaetus barbatus,1993,2.35396909713745
Gyps himalayensis,1993,2.44219636917114
Halcyon coromanda,1993,4.45141220092773
Halcyon pileata,1993,5.50430393218994
Halcyon smyrnensis,1993,7.50546741485596
Haliaeetus leucoryphus,1993,5.6323413848877
Harpactes wardi,1993,4.38970375061035
Helopsaltes certhiola,1993,3.2447361946106
Helopsaltes pryeri,1993,3.80925440788269
Hemiprocne coronata,1993,6.3511438369751
Hemitesia pallidipes,1993,6.3414421081543
Hemixos castanonotus,1993,6.86041688919067
Heterophasia desgodinsi,1993,5.96643733978272
Heteroxenicus stellatus,1993,4.79785203933716
Hieraaetus pennatus,1993,1.88516712188721
Hierococcyx nisicolor,1993,6.35312128067017
Hirundapus caudacutus,1993,3.07047033309937
Hirundo rustica,1993,3.74195241928101
Histrionicus histrionicus,1993,2.80445981025696
Hydrocoloeus minutus,1993,4.38104057312012
Hydrophasianus chirurgus,1993,6.31775379180908
Hydroprogne caspia,1993,5.54215002059937
Hypothymis azurea,1993,6.4360613822937
Hypsipetes leucocephalus,1993,5.84334802627564
Ianthocincla lunulata,1993,4.66440439224243
Ibidorhyncha struthersii,1993,2.77470326423645
Ictinaetus malaiensis,1993,6.52329301834106
Iduna caligata,1993,2.76128840446472
Indicator xanthonotus,1993,5.23548221588135
Ixobrychus cinnamomeus,1993,5.88534593582153
Ixobrychus eurhythmus,1993,4.52195358276367
Ixobrychus minutus,1993,3.0140974521637
Ixos mcclellandii,1993,6.46052885055542
Ketupa flavipes,1993,6.28350687026978
Lalage melaschistos,1993,5.72055530548096
Lanius borealis,1993,2.50658178329468
Lanius collurioides,1993,6.7673487663269
Lanius isabellinus,1993,3.18387699127197
Lanius schach,1993,5.61146593093872
Lanius sphenocercus,1993,3.10482168197632
Lanius tephronotus,1993,3.2540557384491
Larus crassirostris,1993,5.98735809326172
Larvivora brunnea,1993,3.83397650718689
Larvivora cyane,1993,2.45673060417175
Leptopoecile elegans,1993,2.40844535827637
Leptoptilos javanicus,1993,6.39329814910889
Limnodromus semipalmatus,1993,2.35732793807983
Limosa limosa,1993,2.46350741386414
Linaria cannabina,1993,3.11276841163635
Locustella davidi,1993,2.45143628120422
Locustella mandelli,1993,6.30581712722778
Lonchura striata,1993,6.55024242401123
Lophotriorchis kienerii,1993,7.57180261611939
Lophura leucomelanos,1993,4.80541276931763
Lophura nycthemera,1993,6.7437105178833
Loxia curvirostra,1993,2.54652976989746
Macropygia unchall,1993,6.13664865493774
Mareca falcata,1993,2.14602875709534
Megaceryle lugubris,1993,5.84449005126953
Melanitta fusca,1993,2.58252811431885
Melanitta stejnegeri,1993,1.29313027858734
Melanochlora sultanea,1993,6.66941642761231
Mergus serrator,1993,2.52303099632263
Merops philippinus,1993,6.70060205459595
Mixornis gularis,1993,6.32795906066895
Monticola gularis,1993,2.79464769363403
Monticola rufiventris,1993,5.88204193115234
Monticola solitarius,1993,4.79943990707398
Motacilla citreola,1993,2.68091201782227
Moupinia poecilotis,1993,3.62821340560913
Muscicapa dauurica,1993,2.62566208839417
Muscicapa ferruginea,1993,5.2429986000061
Muscicapa muttui,1993,6.22559070587158
Mycerobas affinis,1993,3.32079291343689
Mycerobas carnipes,1993,2.7276930809021
Myiomela leucura,1993,5.82256555557251
Myophonus caeruleus,1993,5.16896867752075
Netta rufina,1993,3.26353454589844
Niltava davidi,1993,6.17865943908691
Niltava grandis,1993,6.04768419265747
Niltava macgrigoriae,1993,6.39292192459106
Niltava sundara,1993,4.94036436080933
Ninox japonica,1993,4.86467552185059
Nipponia nippon,1993,5.27409982681274
Nisaetus nipalensis,1993,6.10583162307739
Numenius madagascariensis,1993,2.40848183631897
Nycticorax nycticorax,1993,5.68179368972778
Oenanthe deserti,1993,2.81991147994995
Oenanthe oenanthe,1993,3.16183829307556
Onychoprion anaethetus,1993,7.33296012878418
Oriolus oriolus,1993,2.90329837799072
Otus lettia,1993,6.41299200057983
Otus semitorques,1993,4.01095342636108
Otus spilocephalus,1993,6.22997426986694
Oxyura leucocephala,1993,3.4995448589325
Panurus biarmicus,1993,3.15682125091553
Paradoxornis guttaticollis,1993,6.23882675170898
Paradoxornis heudei,1993,5.12593936920166
Parayuhina diademata,1993,5.35137128829956
Pardaliparus venustulus,1993,5.40968942642212
Parus monticolus,1993,5.25716400146484
Passer cinnamomeus,1993,5.2474684715271
Passer domesticus,1993,2.386883020401
Passer hispaniolensis,1993,3.15930414199829
Pelecanus crispus,1993,2.33728981018066
Pellorneum tickelli,1993,6.81957340240479
Perdix hodgsoniae,1993,1.72321999073029
Pericrocotus cantonensis,1993,6.13521242141724
Pericrocotus divaricatus,1993,2.82348823547363
Pericrocotus ethologus,1993,4.59184741973877
Pericrocotus solaris,1993,6.55070114135742
Periparus rubidiventris,1993,2.3760929107666
Pernis ptilorhynchus,1993,3.06995987892151
Phasianus colchicus,1993,4.20526170730591
Phoenicurus erythronotus,1993,3.21892809867859
Phoenicurus frontalis,1993,3.30705261230469
Phoenicurus leucocephalus,1993,4.00656318664551
Phoenicurus ochruros,1993,2.92759847640991
Phoenicurus schisticeps,1993,2.89355993270874
Phylloscopus affinis,1993,3.43240189552307
Phylloscopus burkii,1993,2.88233661651611
Phylloscopus cantator,1993,6.05725193023682
Phylloscopus castaniceps,1993,6.06506109237671
Phylloscopus claudiae,1993,4.51244783401489
Phylloscopus coronatus,1993,3.81801605224609
Phylloscopus emeiensis,1993,5.19391012191773
Phylloscopus intermedius,1993,5.61017274856567
Phylloscopus magnirostris,1993,3.78030705451965
Phylloscopus ogilviegranti,1993,6.52151346206665
Phylloscopus omeiensis,1993,4.64240503311157
Phylloscopus pulcher,1993,4.13260316848755
Phylloscopus ricketti,1993,5.85052347183228
Phylloscopus soror,1993,5.44031000137329
Phylloscopus subaffinis,1993,4.92156457901001
Phylloscopus tenellipes,1993,3.28982591629028
Phylloscopus tephrocephalus,1993,5.07762765884399
Phylloscopus yunnanensis,1993,4.06704187393189
Picumnus innominatus,1993,5.88432931900024
Picus chlorolophus,1993,6.71954870223999
Pitta nympha,1993,6.35277414321899
Platalea minor,1993,4.51117467880249
Pnoepyga immaculata,1993,3.65952277183533
Podiceps auritus,1993,2.18519377708435
Podiceps grisegena,1993,2.6182107925415
Podiceps nigricollis,1993,2.99832963943481
Podoces biddulphi,1993,4.93848943710327
Pomatorhinus schisticeps,1993,6.40233039855957
Pomatorhinus superciliaris,1993,6.04245376586914
Prinia atrogularis,1993,5.59216499328613
Prinia flaviventris,1993,6.90370178222656
Prinia inornata,1993,6.47784090042114
Prunella collaris,1993,2.36004734039307
Prunella himalayana,1993,1.89832484722137
Prunella immaculata,1993,2.71208643913269
Prunella montanella,1993,1.35954761505127
Prunella strophiata,1993,3.3277063369751
Psarisomus dalhousiae,1993,6.43955898284912
Pseudopodoces humilis,1993,1.58664417266846
Psilopogon faber,1993,6.8204550743103
Psilopogon virens,1993,6.18727731704712
Pterorhinus berthemyi,1993,5.99740266799927
Pterorhinus lanceolatus,1993,5.57648754119873
Pterorhinus pectoralis,1993,6.13361787796021
Pterorhinus sannio,1993,6.16968154907227
Pteruthius rufiventer,1993,5.58569669723511
Pteruthius xanthochlorus,1993,4.69686269760132
Ptyonoprogne rupestris,1993,3.45516586303711
Pycnonotus aurigaster,1993,6.48854827880859
Pycnonotus jocosus,1993,6.66183423995972
Pycnonotus sinensis,1993,5.80220079421997
Pycnonotus xanthorrhous,1993,5.78669452667236
Pyrrhula erythaca,1993,4.34191703796387
Pyrrhula nipalensis,1993,5.8008508682251
Rallina eurizonoides,1993,7.1609354019165
Rallus aquaticus,1993,2.72778058052063
Recurvirostra avosetta,1993,2.52497529983521
Regulus regulus,1993,3.87854790687561
Remiz consobrinus,1993,3.00347375869751
Remiz coronatus,1993,2.76479887962341
Rhodospiza obsoleta,1993,3.39505386352539
Rubigula flaviventris,1993,6.81082105636597
Sasia ochracea,1993,6.87832403182983
Saxicola ferreus,1993,5.71961832046509
Sitta cinnamoventris,1993,6.4179253578186
Sitta formosa,1993,6.14738607406616
Sitta villosa,1993,3.60929989814758
Sittiparus varius,1993,3.58238983154297
Spilopelia chinensis,1993,5.75871896743774
Spilopelia senegalensis,1993,3.02059149742126
Spilornis cheela,1993,6.44571399688721
Spinus spinus,1993,2.07600927352905
Spizixos semitorques,1993,6.02234125137329
Spodiopsar cineraceus,1993,3.21821117401123
Spodiopsar sericeus,1993,6.38256645202637
Stachyris humei,1993,5.5280818939209
Staphida torqueola,1993,6.37362909317017
Streptopelia decaocto,1993,3.96159601211548
Sturnia sinensis,1993,6.82555627822876
Sturnus vulgaris,1993,3.3417661190033
Suthora fulvifrons,1993,4.42256212234497
Syrmaticus humiae,1993,6.38586187362671
Syrmaticus reevesii,1993,5.59465646743774
Syrrhaptes paradoxus,1993,3.18773221969605
Tarsiger chrysaeus,1993,3.93819260597229
Tarsiger indicus,1993,4.49107074737549
Temnurus temnurus,1993,8.05597400665283
Tephrodornis virgatus,1993,6.94297456741333
Thalasseus bergii,1993,7.64450788497925
Timalia pileata,1993,6.88765859603882
Tragopan caboti,1993,6.68987035751343
Tragopan temminckii,1993,5.23645162582398
Treron curvirostra,1993,6.82488489151001
Treron sieboldii,1993,6.47303199768066
Treron sphenurus,1993,5.75395488739014
Turdus boulboul,1993,6.46429061889648
Turdus cardis,1993,5.71048927307129
Turdus feae,1993,3.90633511543274
Turdus mandarinus,1993,5.72822999954224
Turdus pilaris,1993,1.82034981250763
Turdus rubrocanus,1993,3.54510068893433
Turdus ruficollis,1993,2.8443865776062
Turdus viscivorus,1993,3.27105021476746
Turnix suscitator,1993,6.59253644943237
Tyto longimembris,1993,6.50950860977173
Urile pelagicus,1993,4.7806339263916
Urosphena squameiceps,1993,3.03366899490356
Vanellus cinereus,1993,3.11079812049866
Vanellus indicus,1993,6.57314968109131
Vanellus vanellus,1993,2.89592146873474
Yuhina nigrimenta,1993,5.83325052261353
Zoothera dixoni,1993,4.93775701522827
Zoothera mollissima,1993,2.86279582977295
Zoothera monticola,1993,5.35104322433472
Zosterops erythropleurus,1993,3.314608335495
Abroscopus albogularis,1994,6.57125520706177
Accipiter gularis,1994,2.99947142601013
Accipiter soloensis,1994,5.91314172744751
Accipiter trivirgatus,1994,7.40164232254028
Accipiter virgatus,1994,6.03411197662354
Acridotheres cristatellus,1994,6.32298183441162
Acridotheres tristis,1994,5.51506805419922
Acrocephalus agricola,1994,3.96085810661316
Acrocephalus bistrigiceps,1994,3.99353337287903
Acrocephalus concinens,1994,5.62208032608032
Acrocephalus orientalis,1994,4.09014368057251
Acrocephalus tangorum,1994,3.35232710838318
Aegithalos bonvaloti,1994,4.20070648193359
Aegithalos caudatus,1994,2.89667367935181
Aegithalos concinnus,1994,6.22385787963867
Aegithalos fuliginosus,1994,4.72251033782959
Aerodramus brevirostris,1994,5.66112565994263
Aethopyga christinae,1994,8.34738922119141
Aethopyga gouldiae,1994,4.99614477157593
Agropsar sturninus,1994,3.53618144989014
Aix galericulata,1994,3.2616560459137
Alauda gulgula,1994,4.57829570770264
Alaudala cheleensis,1994,3.52419304847717
Alcedo hercules,1994,7.17226266860962
Alcippe morrisonia,1994,6.33471059799194
Amaurornis phoenicurus,1994,6.24189710617065
Anastomus oscitans,1994,6.28212022781372
Anser anser,1994,2.95283770561218
Anser fabalis,1994,2.27487659454346
Anser indicus,1994,2.40512084960938
Anthus godlewskii,1994,2.69572067260742
Anthus gustavi,1994,3.04282903671265
Anthus richardi,1994,4.37424945831299
Anthus roseatus,1994,3.11634540557861
Anthus trivialis,1994,2.77290177345276
Aquila fasciata,1994,7.06315994262695
Aquila heliaca,1994,2.51286435127258
Ardea intermedia,1994,6.47316789627075
Ardea purpurea,1994,5.71120882034302
Ardenna pacifica,1994,7.65151119232178
Artamus fuscus,1994,7.33159685134888
Asio flammeus,1994,2.47638130187988
Athene noctua,1994,3.20369362831116
Aviceda jerdoni,1994,7.45377254486084
Aviceda leuphotes,1994,6.23323154449463
Aythya fuligula,1994,2.57620024681091
Aythya nyroca,1994,3.20517492294312
Bombycilla japonica,1994,1.66383266448975
Branta canadensis,1994,4.2779483795166
Bubo nipalensis,1994,5.1128716468811
Bucanetes mongolicus,1994,3.56471300125122
Butastur indicus,1994,3.37472534179688
Cacomantis merulinus,1994,7.04048490524292
Calandrella brachydactyla,1994,3.66773509979248
Calliope obscura,1994,4.38777351379395
Caprimulgus macrurus,1994,7.50079011917114
Carpodacus roborowskii,1994,1.16226518154144
Carpodacus vinaceus,1994,5.54778337478638
Cecropis daurica,1994,4.55941820144653
Centropus bengalensis,1994,6.88048505783081
Cephalopyrus flammiceps,1994,5.0651707649231
Certhia familiaris,1994,3.32629537582397
Certhia himalayana,1994,4.62108755111694
Certhia tianquanensis,1994,4.25515270233154
Ceryle rudis,1994,6.63715124130249
Cettia brunnifrons,1994,4.50417423248291
Cettia castaneocoronata,1994,5.24536180496216
Chalcophaps indica,1994,7.33850955963135
Charadrius atrifrons,1994,2.18887329101563
Charadrius dealbatus,1994,7.81991577148438
Charadrius placidus,1994,4.02151870727539
Charadrius veredus,1994,2.71604990959168
Chlidonias leucopterus,1994,3.23808026313782
Chlidonias niger,1994,2.98480272293091
Chloris ambigua,1994,5.67358684539795
Chloris sinica,1994,4.80338430404663
Chrysolophus pictus,1994,5.31902647018433
Ciconia boyciana,1994,3.25958299636841
Ciconia nigra,1994,3.71753549575806
Circaetus gallicus,1994,3.8530261516571
Circus macrourus,1994,2.84878253936768
Circus spilonotus,1994,2.69809746742249
Cisticola exilis,1994,6.80981540679932
Cisticola juncidis,1994,6.2321515083313
Clamator coromandus,1994,6.38159418106079
Clanga clanga,1994,2.7835545539856
Columba oenas,1994,2.66224360466003
Copsychus saularis,1994,6.30682754516602
Coracias garrulus,1994,2.64286184310913
Coturnicops exquisitus,1994,2.36348009109497
Crex crex,1994,2.66072225570679
Crossoptilon mantchuricum,1994,4.31661415100098
Curruca curruca,1994,3.41115283966064
Cyanistes cyanus,1994,2.49323201179504
Cyanoderma pyrrhops,1994,5.06931304931641
Cygnus cygnus,1994,2.8239529132843
Cygnus olor,1994,2.93625235557556
Cyornis glaucicomans,1994,6.03381586074829
Cyornis hainanus,1994,7.57716655731201
Cyornis rubeculoides,1994,6.3769154548645
Delichon dasypus,1994,3.99437284469605
Dendrocitta formosae,1994,6.50909185409546
Dendrocopos hyperythrus,1994,4.32733297348022
Dendrocygna javanica,1994,6.73863697052002
Dicaeum cruentatum,1994,6.91906499862671
Dicaeum ignipectus,1994,6.13564729690552
Dicaeum minullum,1994,5.9255838394165
Dicrurus annectens,1994,7.18473339080811
Dicrurus hottentottus,1994,5.97107267379761
Dicrurus remifer,1994,6.62198734283447
Egretta eulophotes,1994,4.76759672164917
Egretta garzetta,1994,5.42871046066284
Elachura formosa,1994,6.21163368225098
Elanus caeruleus,1994,7.22207021713257
Emberiza buchanani,1994,2.48781490325928
Emberiza citrinella,1994,2.73986840248108
Emberiza elegans,1994,4.47176790237427
Emberiza godlewskii,1994,3.37201476097107
Emberiza hortulana,1994,3.26613402366638
Emberiza leucocephalos,1994,2.28189587593079
Emberiza pallasi,1994,1.70020270347595
Emberiza pusilla,1994,2.96647882461548
Emberiza rustica,1994,1.35612893104553
Emberiza siemsseni,1994,4.75396966934204
Emberiza yessoensis,1994,3.02409052848816
Enicurus leschenaulti,1994,5.97581577301025
Enicurus maculatus,1994,6.59343147277832
Enicurus schistaceus,1994,6.52153873443604
Erpornis zantholeuca,1994,6.70537042617798
Erythrogenys hypoleucos,1994,7.17779922485352
Eudynamys scolopaceus,1994,6.31466960906982
Eumyias thalassinus,1994,5.8146653175354
Falco cherrug,1994,2.91350078582764
Falco severus,1994,6.68752193450928
Ficedula albicilla,1994,1.75860846042633
Ficedula elisae,1994,4.20047235488892
Ficedula erithacus,1994,4.08993864059448
Ficedula hyperythra,1994,6.24106693267822
Ficedula mugimaki,1994,2.91482520103455
Ficedula strophiata,1994,5.49719429016113
Ficedula superciliaris,1994,3.52792882919312
Ficedula tricolor,1994,5.17450618743897
Fringilla coelebs,1994,1.55110514163971
Fringilla montifringilla,1994,1.83091998100281
Galerida cristata,1994,3.93219423294067
Gallicrex cinerea,1994,5.72290515899658
Garrulax maesi,1994,6.4814133644104
Garrulax monileger,1994,7.01394128799439
Gavia arctica,1994,2.85253691673279
Gelochelidon nilotica,1994,4.19056177139282
Geokichla citrina,1994,6.64481925964356
Glaucidium cuculoides,1994,6.42074918746948
Gorsachius melanolophus,1994,7.64172649383545
Gracupica nigricollis,1994,6.72242879867554
Grandala coelicolor,1994,2.2452654838562
Grus japonensis,1994,2.96439337730408
Grus monacha,1994,2.29276132583618
Grus nigricollis,1994,1.48612713813782
Gypaetus barbatus,1994,2.44157862663269
Gyps himalayensis,1994,2.52591800689697
Halcyon coromanda,1994,4.6210298538208
Halcyon pileata,1994,5.70965147018433
Halcyon smyrnensis,1994,7.65327501296997
Haliaeetus leucoryphus,1994,5.68474388122559
Harpactes wardi,1994,4.43791151046753
Helopsaltes certhiola,1994,3.39899754524231
Helopsaltes pryeri,1994,3.99971675872803
Hemiprocne coronata,1994,6.42926979064941
Hemitesia pallidipes,1994,6.43925094604492
Hemixos castanonotus,1994,7.01611709594727
Heterophasia desgodinsi,1994,6.12118911743164
Heteroxenicus stellatus,1994,4.88936471939087
Hieraaetus pennatus,1994,1.97417068481445
Hierococcyx nisicolor,1994,6.50367784500122
Hirundapus caudacutus,1994,3.18440222740173
Hirundo rustica,1994,3.89065337181091
Histrionicus histrionicus,1994,2.93619871139526
Hydrocoloeus minutus,1994,4.46728849411011
Hydrophasianus chirurgus,1994,6.49983644485474
Hydroprogne caspia,1994,5.72177982330322
Hypothymis azurea,1994,6.57866096496582
Hypsipetes leucocephalus,1994,6.02165985107422
Ianthocincla lunulata,1994,4.86821413040161
Ibidorhyncha struthersii,1994,2.88939952850342
Ictinaetus malaiensis,1994,6.65252494812012
Iduna caligata,1994,2.93371224403381
Indicator xanthonotus,1994,5.27602052688599
Ixobrychus cinnamomeus,1994,6.09594821929932
Ixobrychus eurhythmus,1994,4.71983003616333
Ixobrychus minutus,1994,3.14183044433594
Ixos mcclellandii,1994,6.62861204147339
Ketupa flavipes,1994,6.50174045562744
Lalage melaschistos,1994,5.92931270599365
Lanius borealis,1994,2.62081241607666
Lanius collurioides,1994,6.91244745254517
Lanius isabellinus,1994,3.33318781852722
Lanius schach,1994,5.79783916473389
Lanius sphenocercus,1994,3.28473973274231
Lanius tephronotus,1994,3.35261011123657
Larus crassirostris,1994,6.16379404067993
Larvivora brunnea,1994,3.95520806312561
Larvivora cyane,1994,2.59513664245605
Leptopoecile elegans,1994,2.49994564056397
Leptoptilos javanicus,1994,6.52237892150879
Limnodromus semipalmatus,1994,2.49393749237061
Limosa limosa,1994,2.60174870491028
Linaria cannabina,1994,3.26627707481384
Locustella davidi,1994,2.58921265602112
Locustella mandelli,1994,6.46244955062866
Lonchura striata,1994,6.73934030532837
Lophotriorchis kienerii,1994,7.68616676330566
Lophura leucomelanos,1994,4.86073589324951
Lophura nycthemera,1994,6.87858104705811
Loxia curvirostra,1994,2.66026282310486
Macropygia unchall,1994,6.28356170654297
Mareca falcata,1994,2.26180624961853
Megaceryle lugubris,1994,6.05348682403565
Melanitta fusca,1994,2.68302440643311
Melanitta stejnegeri,1994,1.29791605472565
Melanochlora sultanea,1994,6.78201198577881
Mergus serrator,1994,2.65881013870239
Merops philippinus,1994,6.83615398406982
Mixornis gularis,1994,6.43863916397095
Monticola gularis,1994,2.94348669052124
Monticola rufiventris,1994,6.05955123901367
Monticola solitarius,1994,4.97100734710693
Motacilla citreola,1994,2.78172659873962
Moupinia poecilotis,1994,3.76840567588806
Muscicapa dauurica,1994,2.76669192314148
Muscicapa ferruginea,1994,5.39646339416504
Muscicapa muttui,1994,6.39553356170654
Mycerobas affinis,1994,3.41344809532166
Mycerobas carnipes,1994,2.82247257232666
Myiomela leucura,1994,5.98914670944214
Myophonus caeruleus,1994,5.36229181289673
Netta rufina,1994,3.41526961326599
Niltava davidi,1994,6.3350625038147
Niltava grandis,1994,6.12716054916382
Niltava macgrigoriae,1994,6.52259063720703
Niltava sundara,1994,5.0847282409668
Ninox japonica,1994,5.08144235610962
Nipponia nippon,1994,5.5562744140625
Nisaetus nipalensis,1994,6.24196624755859
Numenius madagascariensis,1994,2.53788137435913
Nycticorax nycticorax,1994,5.88779878616333
Oenanthe deserti,1994,2.92962455749512
Oenanthe oenanthe,1994,3.34502387046814
Onychoprion anaethetus,1994,7.43455457687378
Oriolus oriolus,1994,3.0614960193634
Otus lettia,1994,6.60604429244995
Otus semitorques,1994,4.22650718688965
Otus spilocephalus,1994,6.36348628997803
Oxyura leucocephala,1994,3.63173460960388
Panurus biarmicus,1994,3.2982804775238
Paradoxornis guttaticollis,1994,6.39551067352295
Paradoxornis heudei,1994,5.35207223892212
Parayuhina diademata,1994,5.51904678344727
Pardaliparus venustulus,1994,5.63711547851563
Parus monticolus,1994,5.43298768997192
Passer cinnamomeus,1994,5.45382690429688
Passer domesticus,1994,2.4969437122345
Passer hispaniolensis,1994,3.31268048286438
Pelecanus crispus,1994,2.45938539505005
Pellorneum tickelli,1994,6.92779636383057
Perdix hodgsoniae,1994,1.76440763473511
Pericrocotus cantonensis,1994,6.34304046630859
Pericrocotus divaricatus,1994,2.99254870414734
Pericrocotus ethologus,1994,4.76754426956177
Pericrocotus solaris,1994,6.70291376113892
Periparus rubidiventris,1994,2.46095132827759
Pernis ptilorhynchus,1994,3.20072937011719
Phasianus colchicus,1994,4.37327098846436
Phoenicurus erythronotus,1994,3.36253118515015
Phoenicurus frontalis,1994,3.41583490371704
Phoenicurus leucocephalus,1994,4.16601800918579
Phoenicurus ochruros,1994,3.04582381248474
Phoenicurus schisticeps,1994,2.99035930633545
Phylloscopus affinis,1994,3.54361343383789
Phylloscopus burkii,1994,2.91424894332886
Phylloscopus cantator,1994,6.13323640823364
Phylloscopus castaniceps,1994,6.24018096923828
Phylloscopus claudiae,1994,4.73958921432495
Phylloscopus coronatus,1994,3.97228765487671
Phylloscopus emeiensis,1994,5.33904838562012
Phylloscopus intermedius,1994,5.73323154449463
Phylloscopus magnirostris,1994,3.88228321075439
Phylloscopus ogilviegranti,1994,6.67268466949463
Phylloscopus omeiensis,1994,4.81635856628418
Phylloscopus pulcher,1994,4.24358940124512
Phylloscopus ricketti,1994,6.05825567245483
Phylloscopus soror,1994,5.6478590965271
Phylloscopus subaffinis,1994,5.10710430145264
Phylloscopus tenellipes,1994,3.47074246406555
Phylloscopus tephrocephalus,1994,5.25163793563843
Phylloscopus yunnanensis,1994,4.28657484054565
Picumnus innominatus,1994,6.07307195663452
Picus chlorolophus,1994,6.83046722412109
Pitta nympha,1994,6.57005977630615
Platalea minor,1994,4.73565340042114
Pnoepyga immaculata,1994,3.68902778625488
Podiceps auritus,1994,2.29651474952698
Podiceps grisegena,1994,2.73247623443604
Podiceps nigricollis,1994,3.15800929069519
Podoces biddulphi,1994,5.06423234939575
Pomatorhinus schisticeps,1994,6.44273614883423
Pomatorhinus superciliaris,1994,6.10836124420166
Prinia atrogularis,1994,5.62918329238892
Prinia flaviventris,1994,7.00460338592529
Prinia inornata,1994,6.67140817642212
Prunella collaris,1994,2.46986317634583
Prunella himalayana,1994,2.04129457473755
Prunella immaculata,1994,2.81314039230347
Prunella montanella,1994,1.39287710189819
Prunella strophiata,1994,3.43217015266418
Psarisomus dalhousiae,1994,6.52525043487549
Pseudopodoces humilis,1994,1.63824141025543
Psilopogon faber,1994,6.99705791473389
Psilopogon virens,1994,6.34478425979614
Pterorhinus berthemyi,1994,6.20198011398315
Pterorhinus lanceolatus,1994,5.74535512924194
Pterorhinus pectoralis,1994,6.34415817260742
Pterorhinus sannio,1994,6.35875272750855
Pteruthius rufiventer,1994,5.64770650863648
Pteruthius xanthochlorus,1994,4.83125162124634
Ptyonoprogne rupestris,1994,3.59388065338135
Pycnonotus aurigaster,1994,6.65125846862793
Pycnonotus jocosus,1994,6.79791736602783
Pycnonotus sinensis,1994,6.02372026443481
Pycnonotus xanthorrhous,1994,5.96447515487671
Pyrrhula erythaca,1994,4.49207353591919
Pyrrhula nipalensis,1994,5.93624114990234
Rallina eurizonoides,1994,7.27343130111694
Rallus aquaticus,1994,2.82028317451477
Recurvirostra avosetta,1994,2.65449500083923
Regulus regulus,1994,4.02023553848267
Remiz consobrinus,1994,3.16511368751526
Remiz coronatus,1994,2.9194667339325
Rhodospiza obsoleta,1994,3.53087878227234
Rubigula flaviventris,1994,6.93546867370606
Sasia ochracea,1994,6.98832893371582
Saxicola ferreus,1994,5.90941953659058
Sitta cinnamoventris,1994,6.52329635620117
Sitta formosa,1994,6.23367214202881
Sitta villosa,1994,3.80896592140198
Sittiparus varius,1994,3.79537487030029
Spilopelia chinensis,1994,5.96676969528198
Spilopelia senegalensis,1994,3.14985871315002
Spilornis cheela,1994,6.59402799606323
Spinus spinus,1994,2.18477535247803
Spizixos semitorques,1994,6.2362847328186
Spodiopsar cineraceus,1994,3.39077949523926
Spodiopsar sericeus,1994,6.58956956863403
Stachyris humei,1994,5.56879472732544
Staphida torqueola,1994,6.56448984146118
Streptopelia decaocto,1994,4.13580369949341
Sturnia sinensis,1994,6.99168539047241
Sturnus vulgaris,1994,3.48404741287231
Suthora fulvifrons,1994,4.5389723777771
Syrmaticus humiae,1994,6.50585126876831
Syrmaticus reevesii,1994,5.80752944946289
Syrrhaptes paradoxus,1994,3.35874962806702
Tarsiger chrysaeus,1994,4.03310632705689
Tarsiger indicus,1994,4.59812259674072
Temnurus temnurus,1994,8.2091646194458
Tephrodornis virgatus,1994,7.09517335891724
Thalasseus bergii,1994,7.79111671447754
Timalia pileata,1994,7.02693176269531
Tragopan caboti,1994,6.84562921524048
Tragopan temminckii,1994,5.40013742446899
Treron curvirostra,1994,6.93334293365479
Treron sieboldii,1994,6.68340063095093
Treron sphenurus,1994,5.87553071975708
Turdus boulboul,1994,6.58613300323486
Turdus cardis,1994,5.98506498336792
Turdus feae,1994,4.1646842956543
Turdus mandarinus,1994,5.93346405029297
Turdus pilaris,1994,1.92653369903564
Turdus rubrocanus,1994,3.6766529083252
Turdus ruficollis,1994,2.98686122894287
Turdus viscivorus,1994,3.4177041053772
Turnix suscitator,1994,6.72963857650757
Tyto longimembris,1994,6.68795919418335
Urile pelagicus,1994,4.96527719497681
Urosphena squameiceps,1994,3.24834871292114
Vanellus cinereus,1994,3.25846171379089
Vanellus indicus,1994,6.67164373397827
Vanellus vanellus,1994,3.04876375198364
Yuhina nigrimenta,1994,5.99486684799194
Zoothera dixoni,1994,5.05669021606445
Zoothera mollissima,1994,2.94122791290283
Zoothera monticola,1994,5.40376234054565
Zosterops erythropleurus,1994,3.4849808216095
Abroscopus albogularis,1995,6.46025371551514
Accipiter gularis,1995,3.04293036460876
Accipiter soloensis,1995,5.8238525390625
Accipiter trivirgatus,1995,7.28040790557861
Accipiter virgatus,1995,5.93027830123901
Acridotheres cristatellus,1995,6.21523761749268
Acridotheres tristis,1995,5.51108121871948
Acrocephalus agricola,1995,3.98014950752258
Acrocephalus bistrigiceps,1995,3.98261141777039
Acrocephalus concinens,1995,5.53955268859863
Acrocephalus orientalis,1995,4.07597827911377
Acrocephalus tangorum,1995,3.41083812713623
Aegithalos bonvaloti,1995,4.14670324325562
Aegithalos caudatus,1995,2.95495080947876
Aegithalos concinnus,1995,6.12444353103638
Aegithalos fuliginosus,1995,4.63428020477295
Aerodramus brevirostris,1995,5.59699821472168
Aethopyga christinae,1995,8.13687038421631
Aethopyga gouldiae,1995,4.93184900283814
Agropsar sturninus,1995,3.52138924598694
Aix galericulata,1995,3.30960369110107
Alauda gulgula,1995,4.48634576797485
Alaudala cheleensis,1995,3.4984142780304
Alcedo hercules,1995,7.07068777084351
Alcippe morrisonia,1995,6.22685146331787
Amaurornis phoenicurus,1995,6.13595676422119
Anastomus oscitans,1995,6.19721555709839
Anser anser,1995,3.03432154655457
Anser fabalis,1995,2.34918928146362
Anser indicus,1995,2.40142798423767
Anthus godlewskii,1995,2.71931385993958
Anthus gustavi,1995,3.14103960990906
Anthus richardi,1995,4.33784008026123
Anthus roseatus,1995,3.04385805130005
Anthus trivialis,1995,2.88609957695007
Aquila fasciata,1995,6.8885293006897
Aquila heliaca,1995,2.62419557571411
Ardea intermedia,1995,6.36640977859497
Ardea purpurea,1995,5.63637256622315
Ardenna pacifica,1995,7.44603872299194
Artamus fuscus,1995,7.19141578674316
Asio flammeus,1995,2.57107591629028
Athene noctua,1995,3.18435311317444
Aviceda jerdoni,1995,7.36036062240601
Aviceda leuphotes,1995,6.12746000289917
Aythya fuligula,1995,2.63550448417664
Aythya nyroca,1995,3.30147218704224
Bombycilla japonica,1995,1.73908460140228
Branta canadensis,1995,4.26255226135254
Bubo nipalensis,1995,5.05278921127319
Bucanetes mongolicus,1995,3.58412170410156
Butastur indicus,1995,3.41641235351563
Cacomantis merulinus,1995,6.90614080429077
Calandrella brachydactyla,1995,3.75595760345459
Calliope obscura,1995,4.27877235412598
Caprimulgus macrurus,1995,7.39432525634766
Carpodacus roborowskii,1995,1.04427289962769
Carpodacus vinaceus,1995,5.46540498733521
Cecropis daurica,1995,4.50696992874146
Centropus bengalensis,1995,6.74256086349487
Cephalopyrus flammiceps,1995,5.04313707351685
Certhia familiaris,1995,3.32933497428894
Certhia himalayana,1995,4.55817174911499
Certhia tianquanensis,1995,4.16161680221558
Ceryle rudis,1995,6.5199761390686
Cettia brunnifrons,1995,4.44685316085815
Cettia castaneocoronata,1995,5.17636728286743
Chalcophaps indica,1995,7.19571256637573
Charadrius atrifrons,1995,2.12135720252991
Charadrius dealbatus,1995,7.61062717437744
Charadrius placidus,1995,4.01877450942993
Charadrius veredus,1995,2.75756072998047
Chlidonias leucopterus,1995,3.26180005073547
Chlidonias niger,1995,3.11352109909058
Chloris ambigua,1995,5.61462068557739
Chloris sinica,1995,4.73544645309448
Chrysolophus pictus,1995,5.23880481719971
Ciconia boyciana,1995,3.33375835418701
Ciconia nigra,1995,3.71793675422668
Circaetus gallicus,1995,3.90618252754211
Circus macrourus,1995,2.97919845581055
Circus spilonotus,1995,2.75542616844177
Cisticola exilis,1995,6.67621231079102
Cisticola juncidis,1995,6.13432598114014
Clamator coromandus,1995,6.27366399765015
Clanga clanga,1995,2.84359765052795
Columba oenas,1995,2.83418560028076
Copsychus saularis,1995,6.19868755340576
Coracias garrulus,1995,2.81255745887756
Coturnicops exquisitus,1995,2.43432784080505
Crex crex,1995,2.81911730766296
Crossoptilon mantchuricum,1995,4.23867750167847
Curruca curruca,1995,3.39392399787903
Cyanistes cyanus,1995,2.5819251537323
Cyanoderma pyrrhops,1995,5.14723300933838
Cygnus cygnus,1995,2.85301494598389
Cygnus olor,1995,2.81343698501587
Cyornis glaucicomans,1995,5.94667863845825
Cyornis hainanus,1995,7.40623426437378
Cyornis rubeculoides,1995,6.39670181274414
Delichon dasypus,1995,3.90357613563538
Dendrocitta formosae,1995,6.39829587936401
Dendrocopos hyperythrus,1995,4.30536079406738
Dendrocygna javanica,1995,6.61192274093628
Dicaeum cruentatum,1995,6.78137683868408
Dicaeum ignipectus,1995,6.03258323669434
Dicaeum minullum,1995,5.82114601135254
Dicrurus annectens,1995,7.09239673614502
Dicrurus hottentottus,1995,5.87503051757813
Dicrurus remifer,1995,6.55178880691528
Egretta eulophotes,1995,4.68572092056274
Egretta garzetta,1995,5.34048509597778
Elachura formosa,1995,6.13967561721802
Elanus caeruleus,1995,7.04826593399048
Emberiza buchanani,1995,2.62349343299866
Emberiza citrinella,1995,2.77203989028931
Emberiza elegans,1995,4.45444583892822
Emberiza godlewskii,1995,3.34704494476318
Emberiza hortulana,1995,3.3253321647644
Emberiza leucocephalos,1995,2.30374073982239
Emberiza pallasi,1995,1.77077555656433
Emberiza pusilla,1995,3.02410006523132
Emberiza rustica,1995,1.36136054992676
Emberiza siemsseni,1995,4.67163801193237
Emberiza yessoensis,1995,3.10224843025208
Enicurus leschenaulti,1995,5.8719973564148
Enicurus maculatus,1995,6.47585105895996
Enicurus schistaceus,1995,6.40818929672241
Erpornis zantholeuca,1995,6.58016061782837
Erythrogenys hypoleucos,1995,7.0990195274353
Eudynamys scolopaceus,1995,6.20893287658691
Eumyias thalassinus,1995,5.73348522186279
Falco cherrug,1995,2.89118933677673
Falco severus,1995,6.58361959457398
Ficedula albicilla,1995,1.84167504310608
Ficedula elisae,1995,4.14298534393311
Ficedula erithacus,1995,4.00890159606934
Ficedula hyperythra,1995,6.15172433853149
Ficedula mugimaki,1995,2.96318030357361
Ficedula strophiata,1995,5.42257022857666
Ficedula superciliaris,1995,3.51088118553162
Ficedula tricolor,1995,5.10552930831909
Fringilla coelebs,1995,1.56040060520172
Fringilla montifringilla,1995,1.84140038490295
Galerida cristata,1995,3.89635252952576
Gallicrex cinerea,1995,5.64209985733032
Garrulax maesi,1995,6.3700008392334
Garrulax monileger,1995,6.86916589736939
Gavia arctica,1995,2.97824239730835
Gelochelidon nilotica,1995,4.21770429611206
Geokichla citrina,1995,6.52288198471069
Glaucidium cuculoides,1995,6.3123893737793
Gorsachius melanolophus,1995,7.46438503265381
Gracupica nigricollis,1995,6.59349346160889
Grandala coelicolor,1995,2.18306136131287
Grus japonensis,1995,3.04576778411865
Grus monacha,1995,2.34313106536865
Grus nigricollis,1995,1.43215179443359
Gypaetus barbatus,1995,2.40573835372925
Gyps himalayensis,1995,2.47305250167847
Halcyon coromanda,1995,4.62212991714478
Halcyon pileata,1995,5.6138973236084
Halcyon smyrnensis,1995,7.4560399055481
Haliaeetus leucoryphus,1995,5.7069091796875
Harpactes wardi,1995,4.44780921936035
Helopsaltes certhiola,1995,3.41255736351013
Helopsaltes pryeri,1995,4.00711679458618
Hemiprocne coronata,1995,6.41603994369507
Hemitesia pallidipes,1995,6.38181495666504
Hemixos castanonotus,1995,6.85122537612915
Heterophasia desgodinsi,1995,6.03931093215942
Heteroxenicus stellatus,1995,4.86208724975586
Hieraaetus pennatus,1995,2.0792920589447
Hierococcyx nisicolor,1995,6.38453054428101
Hirundapus caudacutus,1995,3.19661545753479
Hirundo rustica,1995,3.85067772865295
Histrionicus histrionicus,1995,3.03293967247009
Hydrocoloeus minutus,1995,4.64294242858887
Hydrophasianus chirurgus,1995,6.38624429702759
Hydroprogne caspia,1995,5.6649661064148
Hypothymis azurea,1995,6.46297788619995
Hypsipetes leucocephalus,1995,5.92411231994629
Ianthocincla lunulata,1995,4.79867887496948
Ibidorhyncha struthersii,1995,2.8263578414917
Ictinaetus malaiensis,1995,6.51121854782105
Iduna caligata,1995,2.98058152198792
Indicator xanthonotus,1995,5.29892015457153
Ixobrychus cinnamomeus,1995,6.00058364868164
Ixobrychus eurhythmus,1995,4.68232345581055
Ixobrychus minutus,1995,3.2784788608551
Ixos mcclellandii,1995,6.51321268081665
Ketupa flavipes,1995,6.38859462738037
Lalage melaschistos,1995,5.82997560501099
Lanius borealis,1995,2.72077202796936
Lanius collurioides,1995,6.79435777664185
Lanius isabellinus,1995,3.29054808616638
Lanius schach,1995,5.70087957382202
Lanius sphenocercus,1995,3.28757667541504
Lanius tephronotus,1995,3.25311350822449
Larus crassirostris,1995,6.02560615539551
Larvivora brunnea,1995,3.88889837265015
Larvivora cyane,1995,2.64986491203308
Leptopoecile elegans,1995,2.39366841316223
Leptoptilos javanicus,1995,6.44058990478516
Limnodromus semipalmatus,1995,2.56246447563171
Limosa limosa,1995,2.68367123603821
Linaria cannabina,1995,3.37539792060852
Locustella davidi,1995,2.64885091781616
Locustella mandelli,1995,6.3408465385437
Lonchura striata,1995,6.61563539505005
Lophotriorchis kienerii,1995,7.57649946212769
Lophura leucomelanos,1995,4.86458158493042
Lophura nycthemera,1995,6.76362371444702
Loxia curvirostra,1995,2.67000889778137
Macropygia unchall,1995,6.17827367782593
Mareca falcata,1995,2.33594131469727
Megaceryle lugubris,1995,5.96021270751953
Melanitta fusca,1995,2.64434313774109
Melanitta stejnegeri,1995,1.38478267192841
Melanochlora sultanea,1995,6.69215106964111
Mergus serrator,1995,2.73136806488037
Merops philippinus,1995,6.72504425048828
Mixornis gularis,1995,6.38475894927979
Monticola gularis,1995,2.99290299415588
Monticola rufiventris,1995,5.96556043624878
Monticola solitarius,1995,4.9086480140686
Motacilla citreola,1995,2.75115132331848
Moupinia poecilotis,1995,3.67820405960083
Muscicapa dauurica,1995,2.81848859786987
Muscicapa ferruginea,1995,5.31963586807251
Muscicapa muttui,1995,6.30771112442017
Mycerobas affinis,1995,3.35190463066101
Mycerobas carnipes,1995,2.75647139549255
Myiomela leucura,1995,5.90826559066773
Myophonus caeruleus,1995,5.28220844268799
Netta rufina,1995,3.52523708343506
Niltava davidi,1995,6.22139501571655
Niltava grandis,1995,6.10379362106323
Niltava macgrigoriae,1995,6.44571685791016
Niltava sundara,1995,5.02733469009399
Ninox japonica,1995,5.02982521057129
Nipponia nippon,1995,5.4993953704834
Nisaetus nipalensis,1995,6.13890552520752
Numenius madagascariensis,1995,2.61604499816895
Nycticorax nycticorax,1995,5.8037052154541
Oenanthe deserti,1995,2.90657520294189
Oenanthe oenanthe,1995,3.36404585838318
Onychoprion anaethetus,1995,7.25130987167358
Oriolus oriolus,1995,3.18015050888062
Otus lettia,1995,6.48868083953857
Otus semitorques,1995,4.22125959396362
Otus spilocephalus,1995,6.24353313446045
Oxyura leucocephala,1995,3.79391026496887
Panurus biarmicus,1995,3.29823589324951
Paradoxornis guttaticollis,1995,6.27962064743042
Paradoxornis heudei,1995,5.29583787918091
Parayuhina diademata,1995,5.43907690048218
Pardaliparus venustulus,1995,5.55492973327637
Parus monticolus,1995,5.35285758972168
Passer cinnamomeus,1995,5.35596036911011
Passer domesticus,1995,2.5655083656311
Passer hispaniolensis,1995,3.46854877471924
Pelecanus crispus,1995,2.39920854568481
Pellorneum tickelli,1995,6.85188341140747
Perdix hodgsoniae,1995,1.71573829650879
Pericrocotus cantonensis,1995,6.22769594192505
Pericrocotus divaricatus,1995,3.07220840454102
Pericrocotus ethologus,1995,4.70295190811157
Pericrocotus solaris,1995,6.58199501037598
Periparus rubidiventris,1995,2.36694478988647
Pernis ptilorhynchus,1995,3.23215246200562
Phasianus colchicus,1995,4.32990837097168
Phoenicurus erythronotus,1995,3.49919033050537
Phoenicurus frontalis,1995,3.33912825584412
Phoenicurus leucocephalus,1995,4.08770370483398
Phoenicurus ochruros,1995,3.01196384429932
Phoenicurus schisticeps,1995,2.90824151039124
Phylloscopus affinis,1995,3.47051644325256
Phylloscopus burkii,1995,2.9498348236084
Phylloscopus cantator,1995,6.10855484008789
Phylloscopus castaniceps,1995,6.1557822227478
Phylloscopus claudiae,1995,4.65111827850342
Phylloscopus coronatus,1995,3.9782075881958
Phylloscopus emeiensis,1995,5.26076936721802
Phylloscopus intermedius,1995,5.67794322967529
Phylloscopus magnirostris,1995,3.8002405166626
Phylloscopus ogilviegranti,1995,6.53865766525269
Phylloscopus omeiensis,1995,4.72698402404785
Phylloscopus pulcher,1995,4.17291879653931
Phylloscopus ricketti,1995,5.95570373535156
Phylloscopus soror,1995,5.55778169631958
Phylloscopus subaffinis,1995,5.00671148300171
Phylloscopus tenellipes,1995,3.50956344604492
Phylloscopus tephrocephalus,1995,5.19064569473267
Phylloscopus yunnanensis,1995,4.18798446655273
Picumnus innominatus,1995,5.97214269638062
Picus chlorolophus,1995,6.73689222335815
Pitta nympha,1995,6.42643642425537
Platalea minor,1995,4.60574960708618
Pnoepyga immaculata,1995,3.77395725250244
Podiceps auritus,1995,2.43739485740662
Podiceps grisegena,1995,2.84027504920959
Podiceps nigricollis,1995,3.2202889919281
Podoces biddulphi,1995,5.10728788375855
Pomatorhinus schisticeps,1995,6.47112560272217
Pomatorhinus superciliaris,1995,6.09545803070068
Prinia atrogularis,1995,5.65082025527954
Prinia flaviventris,1995,6.9487361907959
Prinia inornata,1995,6.55091762542725
Prunella collaris,1995,2.44489645957947
Prunella himalayana,1995,2.18014550209045
Prunella immaculata,1995,2.7302622795105
Prunella montanella,1995,1.47342574596405
Prunella strophiata,1995,3.33901691436768
Psarisomus dalhousiae,1995,6.48641920089722
Pseudopodoces humilis,1995,1.57073211669922
Psilopogon faber,1995,6.90193700790405
Psilopogon virens,1995,6.23210144042969
Pterorhinus berthemyi,1995,6.0979323387146
Pterorhinus lanceolatus,1995,5.6455078125
Pterorhinus pectoralis,1995,6.24798440933228
Pterorhinus sannio,1995,6.25262641906738
Pteruthius rufiventer,1995,5.64721965789795
Pteruthius xanthochlorus,1995,4.78027153015137
Ptyonoprogne rupestris,1995,3.56202507019043
Pycnonotus aurigaster,1995,6.52592658996582
Pycnonotus jocosus,1995,6.67837762832642
Pycnonotus sinensis,1995,5.92415189743042
Pycnonotus xanthorrhous,1995,5.8715410232544
Pyrrhula erythaca,1995,4.42031860351563
Pyrrhula nipalensis,1995,5.82841491699219
Rallina eurizonoides,1995,7.16371917724609
Rallus aquaticus,1995,2.78894996643066
Recurvirostra avosetta,1995,2.73761773109436
Regulus regulus,1995,3.97764921188355
Remiz consobrinus,1995,3.19436097145081
Remiz coronatus,1995,2.98141670227051
Rhodospiza obsoleta,1995,3.49457192420959
Rubigula flaviventris,1995,6.84736967086792
Sasia ochracea,1995,6.91296863555908
Saxicola ferreus,1995,5.81802415847778
Sitta cinnamoventris,1995,6.47112464904785
Sitta formosa,1995,6.20637083053589
Sitta villosa,1995,3.73289775848389
Sittiparus varius,1995,3.75635480880737
Spilopelia chinensis,1995,5.86637783050537
Spilopelia senegalensis,1995,3.32094311714172
Spilornis cheela,1995,6.47138929367065
Spinus spinus,1995,2.26004266738892
Spizixos semitorques,1995,6.12052536010742
Spodiopsar cineraceus,1995,3.36850953102112
Spodiopsar sericeus,1995,6.46571493148804
Stachyris humei,1995,5.59316539764404
Staphida torqueola,1995,6.44573974609375
Streptopelia decaocto,1995,4.08986949920654
Sturnia sinensis,1995,6.83798170089722
Sturnus vulgaris,1995,3.61362504959106
Suthora fulvifrons,1995,4.48512315750122
Syrmaticus humiae,1995,6.44211483001709
Syrmaticus reevesii,1995,5.72100591659546
Syrrhaptes paradoxus,1995,3.38272452354431
Tarsiger chrysaeus,1995,3.99128079414368
Tarsiger indicus,1995,4.54339361190796
Temnurus temnurus,1995,8.00895023345947
Tephrodornis virgatus,1995,6.93589401245117
Thalasseus bergii,1995,7.58478450775147
Timalia pileata,1995,6.91840124130249
Tragopan caboti,1995,6.66616201400757
Tragopan temminckii,1995,5.33039379119873
Treron curvirostra,1995,6.85975790023804
Treron sieboldii,1995,6.55581569671631
Treron sphenurus,1995,5.81236791610718
Turdus boulboul,1995,6.50543832778931
Turdus cardis,1995,5.90832662582398
Turdus feae,1995,4.08818340301514
Turdus mandarinus,1995,5.8272294998169
Turdus pilaris,1995,1.99341249465942
Turdus rubrocanus,1995,3.59549903869629
Turdus ruficollis,1995,3.14509057998657
Turdus viscivorus,1995,3.54323315620422
Turnix suscitator,1995,6.61233282089233
Tyto longimembris,1995,6.55485486984253
Urile pelagicus,1995,4.88712453842163
Urosphena squameiceps,1995,3.27978801727295
Vanellus cinereus,1995,3.30321025848389
Vanellus indicus,1995,6.63935375213623
Vanellus vanellus,1995,3.09783816337585
Yuhina nigrimenta,1995,5.89811849594116
Zoothera dixoni,1995,4.99555492401123
Zoothera mollissima,1995,2.90440082550049
Zoothera monticola,1995,5.42954969406128
Zosterops erythropleurus,1995,3.52414965629578
Abroscopus albogularis,1996,6.42608880996704
Accipiter gularis,1996,2.85832571983337
Accipiter soloensis,1996,5.74944591522217
Accipiter trivirgatus,1996,7.28995847702026
Accipiter virgatus,1996,5.90846490859985
Acridotheres cristatellus,1996,6.15250110626221
Acridotheres tristis,1996,5.43269491195679
Acrocephalus agricola,1996,3.84954881668091
Acrocephalus bistrigiceps,1996,3.79702281951904
Acrocephalus concinens,1996,5.3809027671814
Acrocephalus orientalis,1996,3.89485740661621
Acrocephalus tangorum,1996,3.24880599975586
Aegithalos bonvaloti,1996,4.11949586868286
Aegithalos caudatus,1996,2.76135110855103
Aegithalos concinnus,1996,6.0546555519104
Aegithalos fuliginosus,1996,4.5551552772522
Aerodramus brevirostris,1996,5.5455904006958
Aethopyga christinae,1996,8.17266273498535
Aethopyga gouldiae,1996,4.89533567428589
Agropsar sturninus,1996,3.35139846801758
Aix galericulata,1996,3.14744877815247
Alauda gulgula,1996,4.47180604934692
Alaudala cheleensis,1996,3.38308429718018
Alcedo hercules,1996,7.06370735168457
Alcippe morrisonia,1996,6.17338609695435
Amaurornis phoenicurus,1996,6.07542991638184
Anastomus oscitans,1996,6.17755031585693
Anser anser,1996,2.81437158584595
Anser fabalis,1996,2.13399529457092
Anser indicus,1996,2.35379648208618
Anthus godlewskii,1996,2.49826955795288
Anthus gustavi,1996,2.9092960357666
Anthus richardi,1996,4.20189523696899
Anthus roseatus,1996,3.03757524490356
Anthus trivialis,1996,2.64409852027893
Aquila fasciata,1996,6.89137077331543
Aquila heliaca,1996,2.36435627937317
Ardea intermedia,1996,6.30999708175659
Ardea purpurea,1996,5.52901124954224
Ardenna pacifica,1996,7.49560260772705
Artamus fuscus,1996,7.19978713989258
Asio flammeus,1996,2.32851457595825
Athene noctua,1996,3.0928943157196
Aviceda jerdoni,1996,7.36485719680786
Aviceda leuphotes,1996,6.09398937225342
Aythya fuligula,1996,2.43098950386047
Aythya nyroca,1996,3.06601238250732
Bombycilla japonica,1996,1.52057301998138
Branta canadensis,1996,4.06707906723022
Bubo nipalensis,1996,5.03913831710815
Bucanetes mongolicus,1996,3.41754841804504
Butastur indicus,1996,3.25279426574707
Cacomantis merulinus,1996,6.91808462142944
Calandrella brachydactyla,1996,3.55525064468384
Calliope obscura,1996,4.22151851654053
Caprimulgus macrurus,1996,7.40018892288208
Carpodacus roborowskii,1996,1.14103853702545
Carpodacus vinaceus,1996,5.41238307952881
Cecropis daurica,1996,4.40340375900269
Centropus bengalensis,1996,6.72050762176514
Cephalopyrus flammiceps,1996,4.97092008590698
Certhia familiaris,1996,3.17098903656006
Certhia himalayana,1996,4.51261758804321
Certhia tianquanensis,1996,4.11925935745239
Ceryle rudis,1996,6.48214673995972
Cettia brunnifrons,1996,4.42585134506226
Cettia castaneocoronata,1996,5.15996170043945
Chalcophaps indica,1996,7.2133264541626
Charadrius atrifrons,1996,2.14836168289185
Charadrius dealbatus,1996,7.66143989562988
Charadrius placidus,1996,3.84885716438293
Charadrius veredus,1996,2.51845192909241
Chlidonias leucopterus,1996,3.06502819061279
Chlidonias niger,1996,2.84266901016235
Chloris ambigua,1996,5.5959267616272
Chloris sinica,1996,4.62540578842163
Chrysolophus pictus,1996,5.16775369644165
Ciconia boyciana,1996,3.13796758651733
Ciconia nigra,1996,3.55325984954834
Circaetus gallicus,1996,3.68104600906372
Circus macrourus,1996,2.72097182273865
Circus spilonotus,1996,2.5555248260498
Cisticola exilis,1996,6.67806053161621
Cisticola juncidis,1996,6.05892848968506
Clamator coromandus,1996,6.20215511322022
Clanga clanga,1996,2.65089178085327
Columba oenas,1996,2.53643441200256
Copsychus saularis,1996,6.14595746994019
Coracias garrulus,1996,2.51278305053711
Coturnicops exquisitus,1996,2.22032999992371
Crex crex,1996,2.53252720832825
Crossoptilon mantchuricum,1996,4.023024559021
Curruca curruca,1996,3.3068425655365
Cyanistes cyanus,1996,2.35569739341736
Cyanoderma pyrrhops,1996,5.14435577392578
Cygnus cygnus,1996,2.62781953811646
Cygnus olor,1996,2.80843329429626
Cyornis glaucicomans,1996,5.87790822982788
Cyornis hainanus,1996,7.42263031005859
Cyornis rubeculoides,1996,6.40299272537231
Delichon dasypus,1996,3.90939927101135
Dendrocitta formosae,1996,6.35417890548706
Dendrocopos hyperythrus,1996,4.26013135910034
Dendrocygna javanica,1996,6.57600688934326
Dicaeum cruentatum,1996,6.77950191497803
Dicaeum ignipectus,1996,5.99212121963501
Dicaeum minullum,1996,5.8054461479187
Dicrurus annectens,1996,7.08682298660278
Dicrurus hottentottus,1996,5.79629278182983
Dicrurus remifer,1996,6.54151248931885
Egretta eulophotes,1996,4.5943398475647
Egretta garzetta,1996,5.27803134918213
Elachura formosa,1996,6.12794542312622
Elanus caeruleus,1996,7.05426502227783
Emberiza buchanani,1996,2.35814380645752
Emberiza citrinella,1996,2.62734603881836
Emberiza elegans,1996,4.33412551879883
Emberiza godlewskii,1996,3.25425553321838
Emberiza hortulana,1996,3.13040828704834
Emberiza leucocephalos,1996,2.16764760017395
Emberiza pallasi,1996,1.51676559448242
Emberiza pusilla,1996,2.85782909393311
Emberiza rustica,1996,1.26023471355438
Emberiza siemsseni,1996,4.57834911346436
Emberiza yessoensis,1996,2.88817811012268
Enicurus leschenaulti,1996,5.82213020324707
Enicurus maculatus,1996,6.47543716430664
Enicurus schistaceus,1996,6.39207410812378
Erpornis zantholeuca,1996,6.58093595504761
Erythrogenys hypoleucos,1996,7.07445812225342
Eudynamys scolopaceus,1996,6.14337253570557
Eumyias thalassinus,1996,5.68367719650269
Falco cherrug,1996,2.82704162597656
Falco severus,1996,6.58166694641113
Ficedula albicilla,1996,1.5963226556778
Ficedula elisae,1996,3.93459391593933
Ficedula erithacus,1996,4.01964616775513
Ficedula hyperythra,1996,6.13543653488159
Ficedula mugimaki,1996,2.77684378623962
Ficedula strophiata,1996,5.3714542388916
Ficedula superciliaris,1996,3.50836634635925
Ficedula tricolor,1996,5.0776162147522
Fringilla coelebs,1996,1.45241177082062
Fringilla montifringilla,1996,1.71427869796753
Galerida cristata,1996,3.7583589553833
Gallicrex cinerea,1996,5.54737138748169
Garrulax maesi,1996,6.33806324005127
Garrulax monileger,1996,6.87367916107178
Gavia arctica,1996,2.71822762489319
Gelochelidon nilotica,1996,4.02264833450317
Geokichla citrina,1996,6.49543190002441
Glaucidium cuculoides,1996,6.25786590576172
Gorsachius melanolophus,1996,7.50379943847656
Gracupica nigricollis,1996,6.59123516082764
Grandala coelicolor,1996,2.22508239746094
Grus japonensis,1996,2.84223699569702
Grus monacha,1996,2.15584278106689
Grus nigricollis,1996,1.5294942855835
Gypaetus barbatus,1996,2.39554810523987
Gyps himalayensis,1996,2.48381948471069
Halcyon coromanda,1996,4.52612447738648
Halcyon pileata,1996,5.52067613601685
Halcyon smyrnensis,1996,7.49011182785034
Haliaeetus leucoryphus,1996,5.71788120269775
Harpactes wardi,1996,4.44179391860962
Helopsaltes certhiola,1996,3.25389575958252
Helopsaltes pryeri,1996,3.81853580474854
Hemiprocne coronata,1996,6.40079593658447
Hemitesia pallidipes,1996,6.37678623199463
Hemixos castanonotus,1996,6.86072063446045
Heterophasia desgodinsi,1996,6.00484371185303
Heteroxenicus stellatus,1996,4.84123706817627
Hieraaetus pennatus,1996,1.82331430912018
Hierococcyx nisicolor,1996,6.37361478805542
Hirundapus caudacutus,1996,3.09171032905579
Hirundo rustica,1996,3.76578116416931
Histrionicus histrionicus,1996,2.8081042766571
Hydrocoloeus minutus,1996,4.37350797653198
Hydrophasianus chirurgus,1996,6.34868860244751
Hydroprogne caspia,1996,5.52787113189697
Hypothymis azurea,1996,6.45812320709229
Hypsipetes leucocephalus,1996,5.87843942642212
Ianthocincla lunulata,1996,4.70499563217163
Ibidorhyncha struthersii,1996,2.80649566650391
Ictinaetus malaiensis,1996,6.51988077163696
Iduna caligata,1996,2.80017948150635
Indicator xanthonotus,1996,5.30351066589356
Ixobrychus cinnamomeus,1996,5.90984678268433
Ixobrychus eurhythmus,1996,4.53556346893311
Ixobrychus minutus,1996,3.02344632148743
Ixos mcclellandii,1996,6.48671674728394
Ketupa flavipes,1996,6.31678152084351
Lalage melaschistos,1996,5.75218868255615
Lanius borealis,1996,2.47589349746704
Lanius collurioides,1996,6.78734111785889
Lanius isabellinus,1996,3.20201206207275
Lanius schach,1996,5.64758443832398
Lanius sphenocercus,1996,3.10515809059143
Lanius tephronotus,1996,3.29049468040466
Larus crassirostris,1996,5.9801459312439
Larvivora brunnea,1996,3.86870718002319
Larvivora cyane,1996,2.45301651954651
Leptopoecile elegans,1996,2.44280338287354
Leptoptilos javanicus,1996,6.43470573425293
Limnodromus semipalmatus,1996,2.33959770202637
Limosa limosa,1996,2.44653391838074
Linaria cannabina,1996,3.1392867565155
Locustella davidi,1996,2.46437811851501
Locustella mandelli,1996,6.32808256149292
Lonchura striata,1996,6.57592391967773
Lophotriorchis kienerii,1996,7.59555339813232
Lophura leucomelanos,1996,4.85813283920288
Lophura nycthemera,1996,6.75659513473511
Loxia curvirostra,1996,2.56711006164551
Macropygia unchall,1996,6.162841796875
Mareca falcata,1996,2.1135995388031
Megaceryle lugubris,1996,5.87071371078491
Melanitta fusca,1996,2.55786800384522
Melanitta stejnegeri,1996,1.12877810001373
Melanochlora sultanea,1996,6.69462251663208
Mergus serrator,1996,2.53671622276306
Merops philippinus,1996,6.72554397583008
Mixornis gularis,1996,6.3654146194458
Monticola gularis,1996,2.80151343345642
Monticola rufiventris,1996,5.91717529296875
Monticola solitarius,1996,4.83092498779297
Motacilla citreola,1996,2.71563625335693
Moupinia poecilotis,1996,3.6540093421936
Muscicapa dauurica,1996,2.6261191368103
Muscicapa ferruginea,1996,5.28203058242798
Muscicapa muttui,1996,6.25867891311646
Mycerobas affinis,1996,3.3649320602417
Mycerobas carnipes,1996,2.76190543174744
Myiomela leucura,1996,5.85961103439331
Myophonus caeruleus,1996,5.19984340667725
Netta rufina,1996,3.29243278503418
Niltava davidi,1996,6.20041275024414
Niltava grandis,1996,6.09019088745117
Niltava macgrigoriae,1996,6.43032455444336
Niltava sundara,1996,4.98637104034424
Ninox japonica,1996,4.88970184326172
Nipponia nippon,1996,5.34110498428345
Nisaetus nipalensis,1996,6.13114547729492
Numenius madagascariensis,1996,2.39972877502441
Nycticorax nycticorax,1996,5.71012306213379
Oenanthe deserti,1996,2.85405802726746
Oenanthe oenanthe,1996,3.14940476417542
Onychoprion anaethetus,1996,7.32054758071899
Oriolus oriolus,1996,2.92931628227234
Otus lettia,1996,6.44429969787598
Otus semitorques,1996,4.04172325134277
Otus spilocephalus,1996,6.24136161804199
Oxyura leucocephala,1996,3.49404048919678
Panurus biarmicus,1996,3.174396276474
Paradoxornis guttaticollis,1996,6.25754451751709
Paradoxornis heudei,1996,5.12823343276978
Parayuhina diademata,1996,5.39099073410034
Pardaliparus venustulus,1996,5.43592119216919
Parus monticolus,1996,5.29652166366577
Passer cinnamomeus,1996,5.2744083404541
Passer domesticus,1996,2.36654686927795
Passer hispaniolensis,1996,3.17274308204651
Pelecanus crispus,1996,2.37152194976807
Pellorneum tickelli,1996,6.84514570236206
Perdix hodgsoniae,1996,1.77407968044281
Pericrocotus cantonensis,1996,6.16863679885864
Pericrocotus divaricatus,1996,2.85369157791138
Pericrocotus ethologus,1996,4.62601137161255
Pericrocotus solaris,1996,6.57195281982422
Periparus rubidiventris,1996,2.40949511528015
Pernis ptilorhynchus,1996,3.08342123031616
Phasianus colchicus,1996,4.22081518173218
Phoenicurus erythronotus,1996,3.22750115394592
Phoenicurus frontalis,1996,3.35070872306824
Phoenicurus leucocephalus,1996,4.04954528808594
Phoenicurus ochruros,1996,2.96192598342896
Phoenicurus schisticeps,1996,2.9263904094696
Phylloscopus affinis,1996,3.47173857688904
Phylloscopus burkii,1996,2.95726537704468
Phylloscopus cantator,1996,6.10339784622192
Phylloscopus castaniceps,1996,6.10762786865234
Phylloscopus claudiae,1996,4.53110456466675
Phylloscopus coronatus,1996,3.81544423103333
Phylloscopus emeiensis,1996,5.20592355728149
Phylloscopus intermedius,1996,5.65226984024048
Phylloscopus magnirostris,1996,3.81578898429871
Phylloscopus ogilviegranti,1996,6.53271913528442
Phylloscopus omeiensis,1996,4.67060565948486
Phylloscopus pulcher,1996,4.1756272315979
Phylloscopus ricketti,1996,5.88530254364014
Phylloscopus soror,1996,5.47601842880249
Phylloscopus subaffinis,1996,4.95926666259766
Phylloscopus tenellipes,1996,3.35311365127564
Phylloscopus tephrocephalus,1996,5.11734247207642
Phylloscopus yunnanensis,1996,4.06223249435425
Picumnus innominatus,1996,5.91958808898926
Picus chlorolophus,1996,6.73699712753296
Pitta nympha,1996,6.37560749053955
Platalea minor,1996,4.54498195648193
Pnoepyga immaculata,1996,3.74199438095093
Podiceps auritus,1996,2.1622474193573
Podiceps grisegena,1996,2.59593391418457
Podiceps nigricollis,1996,3.02890563011169
Podoces biddulphi,1996,4.93793821334839
Pomatorhinus schisticeps,1996,6.48425626754761
Pomatorhinus superciliaris,1996,6.09225225448608
Prinia atrogularis,1996,5.66591024398804
Prinia flaviventris,1996,6.92934608459473
Prinia inornata,1996,6.50515699386597
Prunella collaris,1996,2.38417077064514
Prunella himalayana,1996,1.91378033161163
Prunella immaculata,1996,2.74655270576477
Prunella montanella,1996,1.21822988986969
Prunella strophiata,1996,3.35941171646118
Psarisomus dalhousiae,1996,6.47559022903442
Pseudopodoces humilis,1996,1.64211130142212
Psilopogon faber,1996,6.84350728988648
Psilopogon virens,1996,6.21197080612183
Pterorhinus berthemyi,1996,6.03457975387573
Pterorhinus lanceolatus,1996,5.60655307769775
Pterorhinus pectoralis,1996,6.17246770858765
Pterorhinus sannio,1996,6.20307111740112
Pteruthius rufiventer,1996,5.64570474624634
Pteruthius xanthochlorus,1996,4.73773050308228
Ptyonoprogne rupestris,1996,3.47097539901733
Pycnonotus aurigaster,1996,6.50980615615845
Pycnonotus jocosus,1996,6.68054866790772
Pycnonotus sinensis,1996,5.82453489303589
Pycnonotus xanthorrhous,1996,5.8201150894165
Pyrrhula erythaca,1996,4.37575149536133
Pyrrhula nipalensis,1996,5.82299184799194
Rallina eurizonoides,1996,7.17464685440064
Rallus aquaticus,1996,2.75359916687012
Recurvirostra avosetta,1996,2.51211619377136
Regulus regulus,1996,3.9160304069519
Remiz consobrinus,1996,3.01503324508667
Remiz coronatus,1996,2.77323937416077
Rhodospiza obsoleta,1996,3.43296766281128
Rubigula flaviventris,1996,6.83938932418823
Sasia ochracea,1996,6.90782785415649
Saxicola ferreus,1996,5.7602276802063
Sitta cinnamoventris,1996,6.4597978591919
Sitta formosa,1996,6.19079160690308
Sitta villosa,1996,3.6213276386261
Sittiparus varius,1996,3.64693951606751
Spilopelia chinensis,1996,5.78355216979981
Spilopelia senegalensis,1996,3.02249836921692
Spilornis cheela,1996,6.46456336975098
Spinus spinus,1996,2.04047465324402
Spizixos semitorques,1996,6.05551195144653
Spodiopsar cineraceus,1996,3.21725225448608
Spodiopsar sericeus,1996,6.41270065307617
Stachyris humei,1996,5.60638999938965
Staphida torqueola,1996,6.4031081199646
Streptopelia decaocto,1996,3.97796702384949
Sturnia sinensis,1996,6.83103895187378
Sturnus vulgaris,1996,3.34975576400757
Suthora fulvifrons,1996,4.45507097244263
Syrmaticus humiae,1996,6.42402172088623
Syrmaticus reevesii,1996,5.63887977600098
Syrrhaptes paradoxus,1996,3.19923090934753
Tarsiger chrysaeus,1996,3.97828769683838
Tarsiger indicus,1996,4.53194856643677
Temnurus temnurus,1996,8.04179573059082
Tephrodornis virgatus,1996,6.9424295425415
Thalasseus bergii,1996,7.63317918777466
Timalia pileata,1996,6.90658664703369
Tragopan caboti,1996,6.68310213088989
Tragopan temminckii,1996,5.27874898910523
Treron curvirostra,1996,6.85143613815308
Treron sieboldii,1996,6.50120258331299
Treron sphenurus,1996,5.79662847518921
Turdus boulboul,1996,6.49845743179321
Turdus cardis,1996,5.7756838798523
Turdus feae,1996,3.88386702537537
Turdus mandarinus,1996,5.76068305969238
Turdus pilaris,1996,1.75733745098114
Turdus rubrocanus,1996,3.58213925361633
Turdus ruficollis,1996,2.86158132553101
Turdus viscivorus,1996,3.29002666473389
Turnix suscitator,1996,6.60946178436279
Tyto longimembris,1996,6.51496505737305
Urile pelagicus,1996,4.79033422470093
Urosphena squameiceps,1996,3.12020659446716
Vanellus cinereus,1996,3.15111637115479
Vanellus indicus,1996,6.61046361923218
Vanellus vanellus,1996,2.88514494895935
Yuhina nigrimenta,1996,5.86451482772827
Zoothera dixoni,1996,4.97882509231567
Zoothera mollissima,1996,2.8982617855072
Zoothera monticola,1996,5.43917417526245
Zosterops erythropleurus,1996,3.36705684661865
Abroscopus albogularis,1997,6.52239847183228
Accipiter gularis,1997,3.02907848358154
Accipiter soloensis,1997,5.87607431411743
Accipiter trivirgatus,1997,7.29486227035523
Accipiter virgatus,1997,5.964928150177
Acridotheres cristatellus,1997,6.27418851852417
Acridotheres tristis,1997,5.51337242126465
Acrocephalus agricola,1997,4.21347761154175
Acrocephalus bistrigiceps,1997,4.01063394546509
Acrocephalus concinens,1997,5.61491250991821
Acrocephalus orientalis,1997,4.10226440429688
Acrocephalus tangorum,1997,3.37895607948303
Aegithalos bonvaloti,1997,4.05687427520752
Aegithalos caudatus,1997,2.95525574684143
Aegithalos concinnus,1997,6.18291997909546
Aegithalos fuliginosus,1997,4.71149015426636
Aerodramus brevirostris,1997,5.59859561920166
Aethopyga christinae,1997,8.22928524017334
Aethopyga gouldiae,1997,4.9099006652832
Agropsar sturninus,1997,3.56844687461853
Aix galericulata,1997,3.29473161697388
Alauda gulgula,1997,4.49470567703247
Alaudala cheleensis,1997,3.60167932510376
Alcedo hercules,1997,7.06662321090698
Alcippe morrisonia,1997,6.28315305709839
Amaurornis phoenicurus,1997,6.19048309326172
Anastomus oscitans,1997,6.20847988128662
Anser anser,1997,3.11667060852051
Anser fabalis,1997,2.32172751426697
Anser indicus,1997,2.45299935340881
Anthus godlewskii,1997,2.71869373321533
Anthus gustavi,1997,3.08115530014038
Anthus richardi,1997,4.42384052276611
Anthus roseatus,1997,3.06313848495483
Anthus trivialis,1997,3.06035852432251
Aquila fasciata,1997,6.97088146209717
Aquila heliaca,1997,2.71714568138123
Ardea intermedia,1997,6.42072772979736
Ardea purpurea,1997,5.69093132019043
Ardenna pacifica,1997,7.54245948791504
Artamus fuscus,1997,7.23984861373901
Asio flammeus,1997,2.63115644454956
Athene noctua,1997,3.23729920387268
Aviceda jerdoni,1997,7.33293437957764
Aviceda leuphotes,1997,6.17057657241821
Aythya fuligula,1997,2.64027643203735
Aythya nyroca,1997,3.45561194419861
Bombycilla japonica,1997,1.74038064479828
Branta canadensis,1997,4.2748441696167
Bubo nipalensis,1997,4.98862075805664
Bucanetes mongolicus,1997,3.75440096855164
Butastur indicus,1997,3.40809893608093
Cacomantis merulinus,1997,6.94319772720337
Calandrella brachydactyla,1997,3.97731328010559
Calliope obscura,1997,4.41028451919556
Caprimulgus macrurus,1997,7.37895822525024
Carpodacus roborowskii,1997,0.943921625614166
Carpodacus vinaceus,1997,5.52473115921021
Cecropis daurica,1997,4.52988290786743
Centropus bengalensis,1997,6.80469512939453
Cephalopyrus flammiceps,1997,4.98263311386108
Certhia familiaris,1997,3.42281699180603
Certhia himalayana,1997,4.54543495178223
Certhia tianquanensis,1997,4.2218542098999
Ceryle rudis,1997,6.5647931098938
Cettia brunnifrons,1997,4.3913631439209
Cettia castaneocoronata,1997,5.14047861099243
Chalcophaps indica,1997,7.24165773391724
Charadrius atrifrons,1997,2.13197684288025
Charadrius dealbatus,1997,7.70843267440796
Charadrius placidus,1997,4.05105209350586
Charadrius veredus,1997,2.7272036075592
Chlidonias leucopterus,1997,3.30102968215942
Chlidonias niger,1997,3.28230738639832
Chloris ambigua,1997,5.57135820388794
Chloris sinica,1997,4.78898668289185
Chrysolophus pictus,1997,5.29545402526856
Ciconia boyciana,1997,3.29486536979675
Ciconia nigra,1997,3.82667446136475
Circaetus gallicus,1997,4.10140514373779
Circus macrourus,1997,3.16799759864807
Circus spilonotus,1997,2.72944450378418
Cisticola exilis,1997,6.71771335601807
Cisticola juncidis,1997,6.19149923324585
Clamator coromandus,1997,6.34079742431641
Clanga clanga,1997,2.83230018615723
Columba oenas,1997,3.00518417358398
Copsychus saularis,1997,6.24979782104492
Coracias garrulus,1997,2.96947836875916
Coturnicops exquisitus,1997,2.40098810195923
Crex crex,1997,2.98795676231384
Crossoptilon mantchuricum,1997,4.38302564620972
Curruca curruca,1997,3.60955333709717
Cyanistes cyanus,1997,2.64292335510254
Cyanoderma pyrrhops,1997,4.86681604385376
Cygnus cygnus,1997,2.88720011711121
Cygnus olor,1997,2.99110150337219
Cyornis glaucicomans,1997,6.02560043334961
Cyornis hainanus,1997,7.48688697814941
Cyornis rubeculoides,1997,6.24576425552368
Delichon dasypus,1997,3.87121987342834
Dendrocitta formosae,1997,6.44743585586548
Dendrocopos hyperythrus,1997,4.19527149200439
Dendrocygna javanica,1997,6.6667652130127
Dicaeum cruentatum,1997,6.83455181121826
Dicaeum ignipectus,1997,6.06980466842651
Dicaeum minullum,1997,5.84400510787964
Dicrurus annectens,1997,7.09025001525879
Dicrurus hottentottus,1997,5.9254002571106
Dicrurus remifer,1997,6.52781295776367
Egretta eulophotes,1997,4.74365854263306
Egretta garzetta,1997,5.36056900024414
Elachura formosa,1997,6.11994934082031
Elanus caeruleus,1997,7.12887811660767
Emberiza buchanani,1997,2.80172371864319
Emberiza citrinella,1997,2.98437476158142
Emberiza elegans,1997,4.47103643417358
Emberiza godlewskii,1997,3.38149929046631
Emberiza hortulana,1997,3.53068733215332
Emberiza leucocephalos,1997,2.3682861328125
Emberiza pallasi,1997,1.72899627685547
Emberiza pusilla,1997,3.01440000534058
Emberiza rustica,1997,1.5774861574173
Emberiza siemsseni,1997,4.76953077316284
Emberiza yessoensis,1997,3.04461574554443
Enicurus leschenaulti,1997,5.91729593276978
Enicurus maculatus,1997,6.50179147720337
Enicurus schistaceus,1997,6.45034503936768
Erpornis zantholeuca,1997,6.61886072158814
Erythrogenys hypoleucos,1997,7.13252115249634
Eudynamys scolopaceus,1997,6.26662349700928
Eumyias thalassinus,1997,5.75727415084839
Falco cherrug,1997,2.96538615226746
Falco severus,1997,6.59526348114014
Ficedula albicilla,1997,1.83725726604462
Ficedula elisae,1997,4.22347640991211
Ficedula erithacus,1997,3.9427182674408
Ficedula hyperythra,1997,6.16839504241943
Ficedula mugimaki,1997,2.94592237472534
Ficedula strophiata,1997,5.45295238494873
Ficedula superciliaris,1997,3.36798477172852
Ficedula tricolor,1997,5.09137487411499
Fringilla coelebs,1997,1.76742255687714
Fringilla montifringilla,1997,2.03852486610413
Galerida cristata,1997,4.00424528121948
Gallicrex cinerea,1997,5.68967866897583
Garrulax maesi,1997,6.44738006591797
Garrulax monileger,1997,6.92702674865723
Gavia arctica,1997,3.11240363121033
Gelochelidon nilotica,1997,4.30507755279541
Geokichla citrina,1997,6.56825399398804
Glaucidium cuculoides,1997,6.36974143981934
Gorsachius melanolophus,1997,7.54887008666992
Gracupica nigricollis,1997,6.64148616790772
Grandala coelicolor,1997,2.04438734054565
Grus japonensis,1997,3.02291679382324
Grus monacha,1997,2.43375778198242
Grus nigricollis,1997,1.34812343120575
Gypaetus barbatus,1997,2.42576122283936
Gyps himalayensis,1997,2.47884392738342
Halcyon coromanda,1997,4.57524728775024
Halcyon pileata,1997,5.67295646667481
Halcyon smyrnensis,1997,7.55277633666992
Haliaeetus leucoryphus,1997,5.53848361968994
Harpactes wardi,1997,4.28818988800049
Helopsaltes certhiola,1997,3.54078435897827
Helopsaltes pryeri,1997,4.00932884216309
Hemiprocne coronata,1997,6.31248903274536
Hemitesia pallidipes,1997,6.33159446716309
Hemixos castanonotus,1997,6.93568277359009
Heterophasia desgodinsi,1997,6.06705760955811
Heteroxenicus stellatus,1997,4.77220010757446
Hieraaetus pennatus,1997,2.14172983169556
Hierococcyx nisicolor,1997,6.41559028625488
Hirundapus caudacutus,1997,3.14350652694702
Hirundo rustica,1997,3.90716409683228
Histrionicus histrionicus,1997,2.98408198356628
Hydrocoloeus minutus,1997,4.84165859222412
Hydrophasianus chirurgus,1997,6.4330530166626
Hydroprogne caspia,1997,5.76176166534424
Hypothymis azurea,1997,6.49337673187256
Hypsipetes leucocephalus,1997,5.95129060745239
Ianthocincla lunulata,1997,4.85437679290772
Ibidorhyncha struthersii,1997,2.82745385169983
Ictinaetus malaiensis,1997,6.53559303283691
Iduna caligata,1997,3.18600153923035
Indicator xanthonotus,1997,5.1339693069458
Ixobrychus cinnamomeus,1997,6.05889558792114
Ixobrychus eurhythmus,1997,4.71177196502686
Ixobrychus minutus,1997,3.43391084671021
Ixos mcclellandii,1997,6.55878782272339
Ketupa flavipes,1997,6.46209859848023
Lalage melaschistos,1997,5.88914060592651
Lanius borealis,1997,2.82730507850647
Lanius collurioides,1997,6.836669921875
Lanius isabellinus,1997,3.44954347610474
Lanius schach,1997,5.7396445274353
Lanius sphenocercus,1997,3.32236552238464
Lanius tephronotus,1997,3.23811507225037
Larus crassirostris,1997,6.09250068664551
Larvivora brunnea,1997,3.84998393058777
Larvivora cyane,1997,2.62595438957214
Leptopoecile elegans,1997,2.38563203811646
Leptoptilos javanicus,1997,6.43050718307495
Limnodromus semipalmatus,1997,2.51908159255981
Limosa limosa,1997,2.72588801383972
Linaria cannabina,1997,3.56251287460327
Locustella davidi,1997,2.62686681747437
Locustella mandelli,1997,6.3863377571106
Lonchura striata,1997,6.68009424209595
Lophotriorchis kienerii,1997,7.56914186477661
Lophura leucomelanos,1997,4.71146583557129
Lophura nycthemera,1997,6.79309606552124
Loxia curvirostra,1997,2.64186692237854
Macropygia unchall,1997,6.2069902420044
Mareca falcata,1997,2.30261516571045
Megaceryle lugubris,1997,6.01470136642456
Melanitta fusca,1997,2.87781357765198
Melanitta stejnegeri,1997,1.3584440946579
Melanochlora sultanea,1997,6.66696453094482
Mergus serrator,1997,2.70034742355347
Merops philippinus,1997,6.73767805099487
Mixornis gularis,1997,6.33585691452026
Monticola gularis,1997,2.97859239578247
Monticola rufiventris,1997,5.99739074707031
Monticola solitarius,1997,4.93226718902588
Motacilla citreola,1997,2.798499584198
Moupinia poecilotis,1997,3.66149592399597
Muscicapa dauurica,1997,2.79659152030945
Muscicapa ferruginea,1997,5.34287118911743
Muscicapa muttui,1997,6.36668872833252
Mycerobas affinis,1997,3.229660987854
Mycerobas carnipes,1997,2.81084203720093
Myiomela leucura,1997,5.93905115127564
Myophonus caeruleus,1997,5.32776260375977
Netta rufina,1997,3.73169302940369
Niltava davidi,1997,6.2667989730835
Niltava grandis,1997,6.00759887695313
Niltava macgrigoriae,1997,6.44129085540772
Niltava sundara,1997,5.00860929489136
Ninox japonica,1997,5.07289743423462
Nipponia nippon,1997,5.58090925216675
Nisaetus nipalensis,1997,6.15201997756958
Numenius madagascariensis,1997,2.58186054229736
Nycticorax nycticorax,1997,5.85731506347656
Oenanthe deserti,1997,3.01584625244141
Oenanthe oenanthe,1997,3.47696352005005
Onychoprion anaethetus,1997,7.34747076034546
Oriolus oriolus,1997,3.3615608215332
Otus lettia,1997,6.54646587371826
Otus semitorques,1997,4.25493955612183
Otus spilocephalus,1997,6.25755405426025
Oxyura leucocephala,1997,3.9748010635376
Panurus biarmicus,1997,3.43527603149414
Paradoxornis guttaticollis,1997,6.3359842300415
Paradoxornis heudei,1997,5.34340572357178
Parayuhina diademata,1997,5.47382068634033
Pardaliparus venustulus,1997,5.63933849334717
Parus monticolus,1997,5.40567207336426
Passer cinnamomeus,1997,5.40963983535767
Passer domesticus,1997,2.63974332809448
Passer hispaniolensis,1997,3.64934515953064
Pelecanus crispus,1997,2.60346460342407
Pellorneum tickelli,1997,6.83393907546997
Perdix hodgsoniae,1997,1.52148616313934
Pericrocotus cantonensis,1997,6.30097484588623
Pericrocotus divaricatus,1997,3.00525617599487
Pericrocotus ethologus,1997,4.70917654037476
Pericrocotus solaris,1997,6.62512874603272
Periparus rubidiventris,1997,2.26392793655396
Pernis ptilorhynchus,1997,3.19070625305176
Phasianus colchicus,1997,4.39179658889771
Phoenicurus erythronotus,1997,3.68471145629883
Phoenicurus frontalis,1997,3.30056500434876
Phoenicurus leucocephalus,1997,4.09402942657471
Phoenicurus ochruros,1997,3.0868227481842
Phoenicurus schisticeps,1997,2.80752491950989
Phylloscopus affinis,1997,3.40764594078064
Phylloscopus burkii,1997,2.71159315109253
Phylloscopus cantator,1997,6.00576210021973
Phylloscopus castaniceps,1997,6.18210315704346
Phylloscopus claudiae,1997,4.76108503341675
Phylloscopus coronatus,1997,4.00036001205444
Phylloscopus emeiensis,1997,5.33454656600952
Phylloscopus intermedius,1997,5.64358758926392
Phylloscopus magnirostris,1997,3.77103924751282
Phylloscopus ogilviegranti,1997,6.60103940963745
Phylloscopus omeiensis,1997,4.7906289100647
Phylloscopus pulcher,1997,4.13323926925659
Phylloscopus ricketti,1997,6.02246999740601
Phylloscopus soror,1997,5.63685941696167
Phylloscopus subaffinis,1997,5.04737281799316
Phylloscopus tenellipes,1997,3.48599576950073
Phylloscopus tephrocephalus,1997,5.22089242935181
Phylloscopus yunnanensis,1997,4.3199028968811
Picumnus innominatus,1997,6.01120567321777
Picus chlorolophus,1997,6.7193775177002
Pitta nympha,1997,6.4992561340332
Platalea minor,1997,4.68592119216919
Pnoepyga immaculata,1997,3.48145961761475
Podiceps auritus,1997,2.55769538879395
Podiceps grisegena,1997,2.83339476585388
Podiceps nigricollis,1997,3.24180340766907
Podoces biddulphi,1997,5.34357357025147
Pomatorhinus schisticeps,1997,6.29980373382568
Pomatorhinus superciliaris,1997,5.97694158554077
Prinia atrogularis,1997,5.47620534896851
Prinia flaviventris,1997,6.89636421203613
Prinia inornata,1997,6.61750841140747
Prunella collaris,1997,2.45526146888733
Prunella himalayana,1997,2.35898566246033
Prunella immaculata,1997,2.60845494270325
Prunella montanella,1997,1.47051846981049
Prunella strophiata,1997,3.33206391334534
Psarisomus dalhousiae,1997,6.41194725036621
Pseudopodoces humilis,1997,1.50618779659271
Psilopogon faber,1997,6.98020219802856
Psilopogon virens,1997,6.26022291183472
Pterorhinus berthemyi,1997,6.15937852859497
Pterorhinus lanceolatus,1997,5.68537378311157
Pterorhinus pectoralis,1997,6.31368541717529
Pterorhinus sannio,1997,6.30422401428223
Pteruthius rufiventer,1997,5.52096128463745
Pteruthius xanthochlorus,1997,4.74731016159058
Ptyonoprogne rupestris,1997,3.63406443595886
Pycnonotus aurigaster,1997,6.57172441482544
Pycnonotus jocosus,1997,6.70696878433228
Pycnonotus sinensis,1997,5.9989538192749
Pycnonotus xanthorrhous,1997,5.90701866149902
Pyrrhula erythaca,1997,4.39967632293701
Pyrrhula nipalensis,1997,5.83113241195679
Rallina eurizonoides,1997,7.16877317428589
Rallus aquaticus,1997,2.90361285209656
Recurvirostra avosetta,1997,2.78484725952148
Regulus regulus,1997,3.97127151489258
Remiz consobrinus,1997,3.20063996315002
Remiz coronatus,1997,3.13975834846497
Rhodospiza obsoleta,1997,3.7094669342041
Rubigula flaviventris,1997,6.84801387786865
Sasia ochracea,1997,6.8935136795044
Saxicola ferreus,1997,5.84886884689331
Sitta cinnamoventris,1997,6.42498397827148
Sitta formosa,1997,6.12083005905151
Sitta villosa,1997,3.82433438301086
Sittiparus varius,1997,3.78702354431152
Spilopelia chinensis,1997,5.92497062683106
Spilopelia senegalensis,1997,3.50620579719543
Spilornis cheela,1997,6.50096035003662
Spinus spinus,1997,2.23257541656494
Spizixos semitorques,1997,6.19863319396973
Spodiopsar cineraceus,1997,3.40941572189331
Spodiopsar sericeus,1997,6.54026126861572
Stachyris humei,1997,5.4234094619751
Staphida torqueola,1997,6.50838327407837
Streptopelia decaocto,1997,4.24889230728149
Sturnia sinensis,1997,6.91889190673828
Sturnus vulgaris,1997,3.79310035705566
Suthora fulvifrons,1997,4.44964981079102
Syrmaticus humiae,1997,6.41042184829712
Syrmaticus reevesii,1997,5.80068922042847
Syrrhaptes paradoxus,1997,3.4792377948761
Tarsiger chrysaeus,1997,3.89395880699158
Tarsiger indicus,1997,4.46368360519409
Temnurus temnurus,1997,8.10498714447022
Tephrodornis virgatus,1997,7.00913858413696
Thalasseus bergii,1997,7.68400478363037
Timalia pileata,1997,6.95520353317261
Tragopan caboti,1997,6.74572896957398
Tragopan temminckii,1997,5.34510183334351
Treron curvirostra,1997,6.83197021484375
Treron sieboldii,1997,6.6278281211853
Treron sphenurus,1997,5.77785491943359
Turdus boulboul,1997,6.49914741516113
Turdus cardis,1997,5.974289894104
Turdus feae,1997,4.2010669708252
Turdus mandarinus,1997,5.88152933120728
Turdus pilaris,1997,2.00196123123169
Turdus rubrocanus,1997,3.55249166488647
Turdus ruficollis,1997,3.33116149902344
Turdus viscivorus,1997,3.73656892776489
Turnix suscitator,1997,6.64440870285034
Tyto longimembris,1997,6.6191577911377
Urile pelagicus,1997,4.97030019760132
Urosphena squameiceps,1997,3.24677443504334
Vanellus cinereus,1997,3.30798530578613
Vanellus indicus,1997,6.56848287582398
Vanellus vanellus,1997,3.13404893875122
Yuhina nigrimenta,1997,5.92240858078003
Zoothera dixoni,1997,4.94678401947022
Zoothera mollissima,1997,2.761470079422
Zoothera monticola,1997,5.26387214660645
Zosterops erythropleurus,1997,3.50968194007874
Abroscopus albogularis,1998,6.70160579681397
Accipiter gularis,1998,3.20334410667419
Accipiter soloensis,1998,6.05347299575806
Accipiter trivirgatus,1998,7.52519845962524
Accipiter virgatus,1998,6.1591420173645
Acridotheres cristatellus,1998,6.44566535949707
Acridotheres tristis,1998,5.68093681335449
Acrocephalus agricola,1998,4.20200538635254
Acrocephalus bistrigiceps,1998,4.16360139846802
Acrocephalus concinens,1998,5.74997663497925
Acrocephalus orientalis,1998,4.25975370407105
Acrocephalus tangorum,1998,3.55599141120911
Aegithalos bonvaloti,1998,4.29499530792236
Aegithalos caudatus,1998,3.09977030754089
Aegithalos concinnus,1998,6.35300874710083
Aegithalos fuliginosus,1998,4.8543906211853
Aerodramus brevirostris,1998,5.79274034500122
Aethopyga christinae,1998,8.42230224609375
Aethopyga gouldiae,1998,5.12395238876343
Agropsar sturninus,1998,3.72818040847778
Aix galericulata,1998,3.47361159324646
Alauda gulgula,1998,4.71746969223023
Alaudala cheleensis,1998,3.72685885429382
Alcedo hercules,1998,7.29272174835205
Alcippe morrisonia,1998,6.45919895172119
Amaurornis phoenicurus,1998,6.36495161056519
Anastomus oscitans,1998,6.4234824180603
Anser anser,1998,3.17063641548157
Anser fabalis,1998,2.47697806358337
Anser indicus,1998,2.60717225074768
Anthus godlewskii,1998,2.85123252868652
Anthus gustavi,1998,3.22461652755737
Anthus richardi,1998,4.55261850357056
Anthus roseatus,1998,3.28473162651062
Anthus trivialis,1998,3.01215791702271
Aquila fasciata,1998,7.16704797744751
Aquila heliaca,1998,2.7241108417511
Ardea intermedia,1998,6.59820699691773
Ardea purpurea,1998,5.84986734390259
Ardenna pacifica,1998,7.74937915802002
Artamus fuscus,1998,7.44979572296143
Asio flammeus,1998,2.69318771362305
Athene noctua,1998,3.39482092857361
Aviceda jerdoni,1998,7.57166433334351
Aviceda leuphotes,1998,6.35553073883057
Aythya fuligula,1998,2.77138996124268
Aythya nyroca,1998,3.4332275390625
Bombycilla japonica,1998,1.91209995746613
Branta canadensis,1998,4.46192312240601
Bubo nipalensis,1998,5.23165130615234
Bucanetes mongolicus,1998,3.80132699012756
Butastur indicus,1998,3.58578014373779
Cacomantis merulinus,1998,7.16042423248291
Calandrella brachydactyla,1998,3.92186498641968
Calliope obscura,1998,4.54111003875732
Caprimulgus macrurus,1998,7.61341190338135
Carpodacus roborowskii,1998,1.31868779659271
Carpodacus vinaceus,1998,5.69852876663208
Cecropis daurica,1998,4.71095752716065
Centropus bengalensis,1998,6.99659395217896
Cephalopyrus flammiceps,1998,5.18226385116577
Certhia familiaris,1998,3.53945636749268
Certhia himalayana,1998,4.73988389968872
Certhia tianquanensis,1998,4.36806297302246
Ceryle rudis,1998,6.75554943084717
Cettia brunnifrons,1998,4.61457872390747
Cettia castaneocoronata,1998,5.3692798614502
Chalcophaps indica,1998,7.46076822280884
Charadrius atrifrons,1998,2.3713366985321
Charadrius dealbatus,1998,7.92276859283447
Charadrius placidus,1998,4.20105409622192
Charadrius veredus,1998,2.88409948348999
Chlidonias leucopterus,1998,3.44162750244141
Chlidonias niger,1998,3.20222544670105
Chloris ambigua,1998,5.80961227416992
Chloris sinica,1998,4.95584964752197
Chrysolophus pictus,1998,5.44916725158691
Ciconia boyciana,1998,3.44562768936157
Ciconia nigra,1998,3.92847967147827
Circaetus gallicus,1998,4.06732368469238
Circus macrourus,1998,3.07804727554321
Circus spilonotus,1998,2.89588284492493
Cisticola exilis,1998,6.93078088760376
Cisticola juncidis,1998,6.36058855056763
Clamator coromandus,1998,6.50531005859375
Clanga clanga,1998,2.98902702331543
Columba oenas,1998,2.92460179328918
Copsychus saularis,1998,6.42649126052856
Coracias garrulus,1998,2.89461088180542
Coturnicops exquisitus,1998,2.5592565536499
Crex crex,1998,2.91022944450378
Crossoptilon mantchuricum,1998,4.48588609695435
Curruca curruca,1998,3.65673279762268
Cyanistes cyanus,1998,2.70784544944763
Cyanoderma pyrrhops,1998,5.21473836898804
Cygnus cygnus,1998,3.02292084693909
Cygnus olor,1998,3.16095900535584
Cyornis glaucicomans,1998,6.17434072494507
Cyornis hainanus,1998,7.68514537811279
Cyornis rubeculoides,1998,6.50234651565552
Delichon dasypus,1998,4.12563610076904
Dendrocitta formosae,1998,6.63234853744507
Dendrocopos hyperythrus,1998,4.44611167907715
Dendrocygna javanica,1998,6.8558201789856
Dicaeum cruentatum,1998,7.03744554519653
Dicaeum ignipectus,1998,6.25678014755249
Dicaeum minullum,1998,6.04501724243164
Dicrurus annectens,1998,7.31888914108276
Dicrurus hottentottus,1998,6.0947527885437
Dicrurus remifer,1998,6.76452684402466
Egretta eulophotes,1998,4.91562080383301
Egretta garzetta,1998,5.54943561553955
Elachura formosa,1998,6.34946155548096
Elanus caeruleus,1998,7.33624601364136
Emberiza buchanani,1998,2.73285913467407
Emberiza citrinella,1998,2.98731422424316
Emberiza elegans,1998,4.64125490188599
Emberiza godlewskii,1998,3.55544757843018
Emberiza hortulana,1998,3.49179863929749
Emberiza leucocephalos,1998,2.49780917167664
Emberiza pallasi,1998,1.86185908317566
Emberiza pusilla,1998,3.18117046356201
Emberiza rustica,1998,1.61172819137573
Emberiza siemsseni,1998,4.89943790435791
Emberiza yessoensis,1998,3.20909881591797
Enicurus leschenaulti,1998,6.09809589385986
Enicurus maculatus,1998,6.7199273109436
Enicurus schistaceus,1998,6.64854240417481
Erpornis zantholeuca,1998,6.82993602752686
Erythrogenys hypoleucos,1998,7.33081531524658
Eudynamys scolopaceus,1998,6.43600177764893
Eumyias thalassinus,1998,5.94089508056641
Falco cherrug,1998,3.11781239509583
Falco severus,1998,6.81312894821167
Ficedula albicilla,1998,1.98416316509247
Ficedula elisae,1998,4.38016176223755
Ficedula erithacus,1998,4.20943355560303
Ficedula hyperythra,1998,6.37531995773315
Ficedula mugimaki,1998,3.11702585220337
Ficedula strophiata,1998,5.63391637802124
Ficedula superciliaris,1998,3.64752006530762
Ficedula tricolor,1998,5.30013704299927
Fringilla coelebs,1998,1.80666530132294
Fringilla montifringilla,1998,2.08193588256836
Galerida cristata,1998,4.12617969512939
Gallicrex cinerea,1998,5.85845232009888
Garrulax maesi,1998,6.61629152297974
Garrulax monileger,1998,7.13088226318359
Gavia arctica,1998,3.08746314048767
Gelochelidon nilotica,1998,4.36742448806763
Geokichla citrina,1998,6.76599931716919
Glaucidium cuculoides,1998,6.54438161849976
Gorsachius melanolophus,1998,7.75954437255859
Gracupica nigricollis,1998,6.84633874893189
Grandala coelicolor,1998,2.37119793891907
Grus japonensis,1998,3.1717689037323
Grus monacha,1998,2.59596514701843
Grus nigricollis,1998,1.65553784370422
Gypaetus barbatus,1998,2.62538719177246
Gyps himalayensis,1998,2.70047521591187
Halcyon coromanda,1998,4.81899309158325
Halcyon pileata,1998,5.84034299850464
Halcyon smyrnensis,1998,7.74963569641113
Haliaeetus leucoryphus,1998,5.80796051025391
Harpactes wardi,1998,4.55619335174561
Helopsaltes certhiola,1998,3.62615513801575
Helopsaltes pryeri,1998,4.14547300338745
Hemiprocne coronata,1998,6.57223701477051
Hemitesia pallidipes,1998,6.57939052581787
Hemixos castanonotus,1998,7.128577709198
Heterophasia desgodinsi,1998,6.26473808288574
Heteroxenicus stellatus,1998,5.00065231323242
Hieraaetus pennatus,1998,2.19091486930847
Hierococcyx nisicolor,1998,6.62442493438721
Hirundapus caudacutus,1998,3.35308361053467
Hirundo rustica,1998,4.06685876846314
Histrionicus histrionicus,1998,3.13204073905945
Hydrocoloeus minutus,1998,4.73175668716431
Hydrophasianus chirurgus,1998,6.6240701675415
Hydroprogne caspia,1998,5.85151100158691
Hypothymis azurea,1998,6.70306921005249
Hypsipetes leucocephalus,1998,6.14244651794434
Ianthocincla lunulata,1998,4.99977254867554
Ibidorhyncha struthersii,1998,3.05441856384277
Ictinaetus malaiensis,1998,6.77196455001831
Iduna caligata,1998,3.15926718711853
Indicator xanthonotus,1998,5.40327119827271
Ixobrychus cinnamomeus,1998,6.2228274345398
Ixobrychus eurhythmus,1998,4.87332057952881
Ixobrychus minutus,1998,3.36349320411682
Ixos mcclellandii,1998,6.75346899032593
Ketupa flavipes,1998,6.62440538406372
Lalage melaschistos,1998,6.05619859695435
Lanius borealis,1998,2.84571719169617
Lanius collurioides,1998,7.04107570648193
Lanius isabellinus,1998,3.55770063400269
Lanius schach,1998,5.92374753952026
Lanius sphenocercus,1998,3.48799967765808
Lanius tephronotus,1998,3.49994254112244
Larus crassirostris,1998,6.28570938110352
Larvivora brunnea,1998,4.06970405578613
Larvivora cyane,1998,2.79757213592529
Leptopoecile elegans,1998,2.65260195732117
Leptoptilos javanicus,1998,6.6676139831543
Limnodromus semipalmatus,1998,2.66491103172302
Limosa limosa,1998,2.78948736190796
Linaria cannabina,1998,3.50469994544983
Locustella davidi,1998,2.80084156990051
Locustella mandelli,1998,6.58646202087402
Lonchura striata,1998,6.86119508743286
Lophotriorchis kienerii,1998,7.78720569610596
Lophura leucomelanos,1998,4.98334407806397
Lophura nycthemera,1998,7.00489234924316
Loxia curvirostra,1998,2.84336757659912
Macropygia unchall,1998,6.41032934188843
Mareca falcata,1998,2.45776176452637
Megaceryle lugubris,1998,6.17929029464722
Melanitta fusca,1998,2.899498462677
Melanitta stejnegeri,1998,1.5231351852417
Melanochlora sultanea,1998,6.90430498123169
Mergus serrator,1998,2.88012099266052
Merops philippinus,1998,6.9634280204773
Mixornis gularis,1998,6.58328914642334
Monticola gularis,1998,3.14495944976807
Monticola rufiventris,1998,6.18430185317993
Monticola solitarius,1998,5.11546182632446
Motacilla citreola,1998,2.97254371643066
Moupinia poecilotis,1998,3.86369681358337
Muscicapa dauurica,1998,2.96414852142334
Muscicapa ferruginea,1998,5.53469610214233
Muscicapa muttui,1998,6.53671932220459
Mycerobas affinis,1998,3.51655960083008
Mycerobas carnipes,1998,3.00584483146668
Myiomela leucura,1998,6.12301969528198
Myophonus caeruleus,1998,5.49748611450195
Netta rufina,1998,3.66508746147156
Niltava davidi,1998,6.45919036865234
Niltava grandis,1998,6.2666449546814
Niltava macgrigoriae,1998,6.6630129814148
Niltava sundara,1998,5.21648502349854
Ninox japonica,1998,5.23392868041992
Nipponia nippon,1998,5.65955495834351
Nisaetus nipalensis,1998,6.36942625045776
Numenius madagascariensis,1998,2.75666570663452
Nycticorax nycticorax,1998,6.02143049240112
Oenanthe deserti,1998,3.14639806747437
Oenanthe oenanthe,1998,3.55251097679138
Onychoprion anaethetus,1998,7.61078262329102
Oriolus oriolus,1998,3.29734587669373
Otus lettia,1998,6.72875452041626
Otus semitorques,1998,4.40837621688843
Otus spilocephalus,1998,6.47560834884644
Oxyura leucocephala,1998,3.88202881813049
Panurus biarmicus,1998,3.52385473251343
Paradoxornis guttaticollis,1998,6.52941513061523
Paradoxornis heudei,1998,5.4759202003479
Parayuhina diademata,1998,5.65996360778809
Pardaliparus venustulus,1998,5.78124332427979
Parus monticolus,1998,5.57740449905396
Passer cinnamomeus,1998,5.58165836334229
Passer domesticus,1998,2.70337629318237
Passer hispaniolensis,1998,3.54426527023315
Pelecanus crispus,1998,2.68444275856018
Pellorneum tickelli,1998,7.07358694076538
Perdix hodgsoniae,1998,1.88066327571869
Pericrocotus cantonensis,1998,6.46563768386841
Pericrocotus divaricatus,1998,3.19196200370789
Pericrocotus ethologus,1998,4.90644645690918
Pericrocotus solaris,1998,6.82784414291382
Periparus rubidiventris,1998,2.57319474220276
Pernis ptilorhynchus,1998,3.38032650947571
Phasianus colchicus,1998,4.54598999023438
Phoenicurus erythronotus,1998,3.60533285140991
Phoenicurus frontalis,1998,3.5596170425415
Phoenicurus leucocephalus,1998,4.31101655960083
Phoenicurus ochruros,1998,3.24068999290466
Phoenicurus schisticeps,1998,3.09426093101501
Phylloscopus affinis,1998,3.66606879234314
Phylloscopus burkii,1998,3.04730749130249
Phylloscopus cantator,1998,6.27101802825928
Phylloscopus castaniceps,1998,6.37272548675537
Phylloscopus claudiae,1998,4.89579439163208
Phylloscopus coronatus,1998,4.14927577972412
Phylloscopus emeiensis,1998,5.49261093139648
Phylloscopus intermedius,1998,5.85412263870239
Phylloscopus magnirostris,1998,4.00713539123535
Phylloscopus ogilviegranti,1998,6.79949617385864
Phylloscopus omeiensis,1998,4.94046688079834
Phylloscopus pulcher,1998,4.37222194671631
Phylloscopus ricketti,1998,6.18329668045044
Phylloscopus soror,1998,5.78149175643921
Phylloscopus subaffinis,1998,5.23652219772339
Phylloscopus tenellipes,1998,3.67651534080505
Phylloscopus tephrocephalus,1998,5.38305568695068
Phylloscopus yunnanensis,1998,4.46389579772949
Picumnus innominatus,1998,6.19204092025757
Picus chlorolophus,1998,6.95390272140503
Pitta nympha,1998,6.68211078643799
Platalea minor,1998,4.85769033432007
Pnoepyga immaculata,1998,3.85781478881836
Podiceps auritus,1998,2.54795980453491
Podiceps grisegena,1998,2.95010614395142
Podiceps nigricollis,1998,3.36659860610962
Podoces biddulphi,1998,5.30735445022583
Pomatorhinus schisticeps,1998,6.56847095489502
Pomatorhinus superciliaris,1998,6.24264812469482
Prinia atrogularis,1998,5.75114917755127
Prinia flaviventris,1998,7.14914751052856
Prinia inornata,1998,6.79366111755371
Prunella collaris,1998,2.6468071937561
Prunella himalayana,1998,2.29083251953125
Prunella immaculata,1998,2.90687346458435
Prunella montanella,1998,1.60130608081818
Prunella strophiata,1998,3.57749152183533
Psarisomus dalhousiae,1998,6.66404962539673
Pseudopodoces humilis,1998,1.80011296272278
Psilopogon faber,1998,7.13098430633545
Psilopogon virens,1998,6.46494865417481
Pterorhinus berthemyi,1998,6.32169246673584
Pterorhinus lanceolatus,1998,5.87084197998047
Pterorhinus pectoralis,1998,6.47417783737183
Pterorhinus sannio,1998,6.48524379730225
Pteruthius rufiventer,1998,5.78256177902222
Pteruthius xanthochlorus,1998,4.95115232467651
Ptyonoprogne rupestris,1998,3.78339838981628
Pycnonotus aurigaster,1998,6.77272891998291
Pycnonotus jocosus,1998,6.9190263748169
Pycnonotus sinensis,1998,6.15217542648315
Pycnonotus xanthorrhous,1998,6.09465599060059
Pyrrhula erythaca,1998,4.62130069732666
Pyrrhula nipalensis,1998,6.05287408828735
Rallina eurizonoides,1998,7.40989208221436
Rallus aquaticus,1998,3.02939343452454
Recurvirostra avosetta,1998,2.86257767677307
Regulus regulus,1998,4.16477489471436
Remiz consobrinus,1998,3.37624931335449
Remiz coronatus,1998,3.14197611808777
Rhodospiza obsoleta,1998,3.78378582000732
Rubigula flaviventris,1998,7.0791654586792
Sasia ochracea,1998,7.12669992446899
Saxicola ferreus,1998,6.03255653381348
Sitta cinnamoventris,1998,6.66877889633179
Sitta formosa,1998,6.37692070007324
Sitta villosa,1998,4.00020170211792
Sittiparus varius,1998,3.99874925613403
Spilopelia chinensis,1998,6.08885097503662
Spilopelia senegalensis,1998,3.40730810165405
Spilornis cheela,1998,6.71278953552246
Spinus spinus,1998,2.38978910446167
Spizixos semitorques,1998,6.35966682434082
Spodiopsar cineraceus,1998,3.58203792572022
Spodiopsar sericeus,1998,6.70896053314209
Stachyris humei,1998,5.69399452209473
Staphida torqueola,1998,6.68869113922119
Streptopelia decaocto,1998,4.34578561782837
Sturnia sinensis,1998,7.10395431518555
Sturnus vulgaris,1998,3.72125387191772
Suthora fulvifrons,1998,4.6519980430603
Syrmaticus humiae,1998,6.65656661987305
Syrmaticus reevesii,1998,5.93642950057983
Syrrhaptes paradoxus,1998,3.57582545280457
Tarsiger chrysaeus,1998,4.12917375564575
Tarsiger indicus,1998,4.70634460449219
Temnurus temnurus,1998,8.29803276062012
Tephrodornis virgatus,1998,7.2063479423523
Thalasseus bergii,1998,7.88307857513428
Timalia pileata,1998,7.15362071990967
Tragopan caboti,1998,6.94882249832153
Tragopan temminckii,1998,5.52698278427124
Treron curvirostra,1998,7.06907463073731
Treron sieboldii,1998,6.79981994628906
Treron sphenurus,1998,6.01147413253784
Turdus boulboul,1998,6.72776222229004
Turdus cardis,1998,6.11233615875244
Turdus feae,1998,4.3506908416748
Turdus mandarinus,1998,6.05119037628174
Turdus pilaris,1998,2.11522793769836
Turdus rubrocanus,1998,3.79618120193481
Turdus ruficollis,1998,3.2328634262085
Turdus viscivorus,1998,3.66171932220459
Turnix suscitator,1998,6.85589838027954
Tyto longimembris,1998,6.8011531829834
Urile pelagicus,1998,5.13283777236939
Urosphena squameiceps,1998,3.46721839904785
Vanellus cinereus,1998,3.4759304523468
Vanellus indicus,1998,6.82108640670776
Vanellus vanellus,1998,3.25716900825501
Yuhina nigrimenta,1998,6.11965465545654
Zoothera dixoni,1998,5.17835092544556
Zoothera mollissima,1998,3.03113603591919
Zoothera monticola,1998,5.53178215026856
Zosterops erythropleurus,1998,3.69331026077271
Abroscopus albogularis,1999,6.59281826019287
Accipiter gularis,1999,2.95799994468689
Accipiter soloensis,1999,5.91445446014404
Accipiter trivirgatus,1999,7.42476224899292
Accipiter virgatus,1999,6.07896280288696
Acridotheres cristatellus,1999,6.34709024429321
Acridotheres tristis,1999,5.6367769241333
Acrocephalus agricola,1999,4.19051551818848
Acrocephalus bistrigiceps,1999,3.99928736686707
Acrocephalus concinens,1999,5.68014240264893
Acrocephalus orientalis,1999,4.09592008590698
Acrocephalus tangorum,1999,3.31502366065979
Aegithalos bonvaloti,1999,4.28423309326172
Aegithalos caudatus,1999,2.87486243247986
Aegithalos concinnus,1999,6.26102256774902
Aegithalos fuliginosus,1999,4.81012916564941
Aerodramus brevirostris,1999,5.72357416152954
Aethopyga christinae,1999,8.29052448272705
Aethopyga gouldiae,1999,5.07620811462402
Agropsar sturninus,1999,3.57168483734131
Aix galericulata,1999,3.22286319732666
Alauda gulgula,1999,4.6710410118103
Alaudala cheleensis,1999,3.66785454750061
Alcedo hercules,1999,7.206223487854
Alcippe morrisonia,1999,6.35897636413574
Amaurornis phoenicurus,1999,6.26935958862305
Anastomus oscitans,1999,6.33157587051392
Anser anser,1999,3.02087450027466
Anser fabalis,1999,2.19563889503479
Anser indicus,1999,2.62048387527466
Anthus godlewskii,1999,2.67221999168396
Anthus gustavi,1999,3.04727244377136
Anthus richardi,1999,4.44406843185425
Anthus roseatus,1999,3.27869510650635
Anthus trivialis,1999,2.98990917205811
Aquila fasciata,1999,7.04294013977051
Aquila heliaca,1999,2.60789465904236
Ardea intermedia,1999,6.48962163925171
Ardea purpurea,1999,5.73258972167969
Ardenna pacifica,1999,7.64652252197266
Artamus fuscus,1999,7.33914613723755
Asio flammeus,1999,2.51556897163391
Athene noctua,1999,3.33981204032898
Aviceda jerdoni,1999,7.4956431388855
Aviceda leuphotes,1999,6.26263380050659
Aythya fuligula,1999,2.53727602958679
Aythya nyroca,1999,3.40773773193359
Bombycilla japonica,1999,1.55490159988403
Branta canadensis,1999,4.26122140884399
Bubo nipalensis,1999,5.1933331489563
Bucanetes mongolicus,1999,3.74844694137573
Butastur indicus,1999,3.3483521938324
Cacomantis merulinus,1999,7.05860900878906
Calandrella brachydactyla,1999,3.8893883228302
Calliope obscura,1999,4.51621627807617
Caprimulgus macrurus,1999,7.53437280654907
Carpodacus roborowskii,1999,1.33512890338898
Carpodacus vinaceus,1999,5.6273627281189
Cecropis daurica,1999,4.61009311676025
Centropus bengalensis,1999,6.88195180892944
Cephalopyrus flammiceps,1999,5.15900278091431
Certhia familiaris,1999,3.4089560508728
Certhia himalayana,1999,4.72329998016357
Certhia tianquanensis,1999,4.32152318954468
Ceryle rudis,1999,6.65140438079834
Cettia brunnifrons,1999,4.5960545539856
Cettia castaneocoronata,1999,5.31793403625488
Chalcophaps indica,1999,7.34871912002564
Charadrius atrifrons,1999,2.39003038406372
Charadrius dealbatus,1999,7.80092000961304
Charadrius placidus,1999,4.05062913894653
Charadrius veredus,1999,2.69810056686401
Chlidonias leucopterus,1999,3.2678108215332
Chlidonias niger,1999,3.2007474899292
Chloris ambigua,1999,5.75172662734985
Chloris sinica,1999,4.84019804000855
Chrysolophus pictus,1999,5.37827110290527
Ciconia boyciana,1999,3.22196841239929
Ciconia nigra,1999,3.82520627975464
Circaetus gallicus,1999,4.0482611656189
Circus macrourus,1999,3.05298280715942
Circus spilonotus,1999,2.64527177810669
Cisticola exilis,1999,6.82473754882813
Cisticola juncidis,1999,6.25369310379028
Clamator coromandus,1999,6.40832710266113
Clanga clanga,1999,2.75235605239868
Columba oenas,1999,2.93802666664124
Copsychus saularis,1999,6.32791709899902
Coracias garrulus,1999,2.90375256538391
Coturnicops exquisitus,1999,2.28825306892395
Crex crex,1999,2.90643048286438
Crossoptilon mantchuricum,1999,4.53159904479981
Curruca curruca,1999,3.63407492637634
Cyanistes cyanus,1999,2.55116415023804
Cyanoderma pyrrhops,1999,5.26302337646484
Cygnus cygnus,1999,2.86226105690002
Cygnus olor,1999,3.11295294761658
Cyornis glaucicomans,1999,6.07974004745483
Cyornis hainanus,1999,7.55480861663818
Cyornis rubeculoides,1999,6.53290224075317
Delichon dasypus,1999,4.09258556365967
Dendrocitta formosae,1999,6.52662754058838
Dendrocopos hyperythrus,1999,4.41517019271851
Dendrocygna javanica,1999,6.74534368515015
Dicaeum cruentatum,1999,6.92824029922485
Dicaeum ignipectus,1999,6.16608047485352
Dicaeum minullum,1999,5.9669771194458
Dicrurus annectens,1999,7.22429037094116
Dicrurus hottentottus,1999,6.01628351211548
Dicrurus remifer,1999,6.68589448928833
Egretta eulophotes,1999,4.81172752380371
Egretta garzetta,1999,5.49439334869385
Elachura formosa,1999,6.28167009353638
Elanus caeruleus,1999,7.19576215744019
Emberiza buchanani,1999,2.71581816673279
Emberiza citrinella,1999,2.9017071723938
Emberiza elegans,1999,4.47258472442627
Emberiza godlewskii,1999,3.48757433891296
Emberiza hortulana,1999,3.44340324401855
Emberiza leucocephalos,1999,2.34777355194092
Emberiza pallasi,1999,1.6193425655365
Emberiza pusilla,1999,2.90124082565308
Emberiza rustica,1999,1.54915809631348
Emberiza siemsseni,1999,4.86320114135742
Emberiza yessoensis,1999,2.98674941062927
Enicurus leschenaulti,1999,6.01179170608521
Enicurus maculatus,1999,6.62313318252564
Enicurus schistaceus,1999,6.54814386367798
Erpornis zantholeuca,1999,6.72825574874878
Erythrogenys hypoleucos,1999,7.21630907058716
Eudynamys scolopaceus,1999,6.33961296081543
Eumyias thalassinus,1999,5.8651556968689
Falco cherrug,1999,3.09959578514099
Falco severus,1999,6.72542428970337
Ficedula albicilla,1999,1.66553890705109
Ficedula elisae,1999,4.29504299163818
Ficedula erithacus,1999,4.18839836120605
Ficedula hyperythra,1999,6.28876209259033
Ficedula mugimaki,1999,2.86957144737244
Ficedula strophiata,1999,5.57075119018555
Ficedula superciliaris,1999,3.65478157997131
Ficedula tricolor,1999,5.251549243927
Fringilla coelebs,1999,1.73509907722473
Fringilla montifringilla,1999,1.98292255401611
Galerida cristata,1999,4.06246852874756
Gallicrex cinerea,1999,5.75835418701172
Garrulax maesi,1999,6.49679374694824
Garrulax monileger,1999,7.01871490478516
Gavia arctica,1999,3.00391292572022
Gelochelidon nilotica,1999,4.28885936737061
Geokichla citrina,1999,6.65773439407349
Glaucidium cuculoides,1999,6.4435133934021
Gorsachius melanolophus,1999,7.61657619476318
Gracupica nigricollis,1999,6.74108982086182
Grandala coelicolor,1999,2.39245891571045
Grus japonensis,1999,2.93647909164429
Grus monacha,1999,2.20193123817444
Grus nigricollis,1999,1.69515907764435
Gypaetus barbatus,1999,2.63961791992188
Gyps himalayensis,1999,2.70572257041931
Halcyon coromanda,1999,4.65921878814697
Halcyon pileata,1999,5.76136159896851
Halcyon smyrnensis,1999,7.62107753753662
Haliaeetus leucoryphus,1999,5.84097909927368
Harpactes wardi,1999,4.58641386032105
Helopsaltes certhiola,1999,3.52570557594299
Helopsaltes pryeri,1999,3.95162630081177
Hemiprocne coronata,1999,6.54915428161621
Hemitesia pallidipes,1999,6.5207052230835
Hemixos castanonotus,1999,7.00476503372192
Heterophasia desgodinsi,1999,6.16957426071167
Heteroxenicus stellatus,1999,5.00680732727051
Hieraaetus pennatus,1999,2.0532488822937
Hierococcyx nisicolor,1999,6.52813816070557
Hirundapus caudacutus,1999,3.21448421478272
Hirundo rustica,1999,3.99964690208435
Histrionicus histrionicus,1999,2.92078876495361
Hydrocoloeus minutus,1999,4.71566677093506
Hydrophasianus chirurgus,1999,6.51685285568237
Hydroprogne caspia,1999,5.77624940872192
Hypothymis azurea,1999,6.60585689544678
Hypsipetes leucocephalus,1999,6.05491447448731
Ianthocincla lunulata,1999,4.95471143722534
Ibidorhyncha struthersii,1999,3.05237746238709
Ictinaetus malaiensis,1999,6.65832614898682
Iduna caligata,1999,3.10470223426819
Indicator xanthonotus,1999,5.439133644104
Ixobrychus cinnamomeus,1999,6.12903118133545
Ixobrychus eurhythmus,1999,4.71093463897705
Ixobrychus minutus,1999,3.37588119506836
Ixos mcclellandii,1999,6.6471438407898
Ketupa flavipes,1999,6.51759147644043
Lalage melaschistos,1999,5.98206043243408
Lanius borealis,1999,2.70504808425903
Lanius collurioides,1999,6.93622303009033
Lanius isabellinus,1999,3.50845956802368
Lanius schach,1999,5.84637355804443
Lanius sphenocercus,1999,3.31012606620789
Lanius tephronotus,1999,3.4777455329895
Larus crassirostris,1999,6.17579126358032
Larvivora brunnea,1999,4.06607818603516
Larvivora cyane,1999,2.54506945610046
Leptopoecile elegans,1999,2.65173149108887
Leptoptilos javanicus,1999,6.58038377761841
Limnodromus semipalmatus,1999,2.42873239517212
Limosa limosa,1999,2.62053370475769
Linaria cannabina,1999,3.47497987747192
Locustella davidi,1999,2.52383065223694
Locustella mandelli,1999,6.48075580596924
Lonchura striata,1999,6.74575042724609
Lophotriorchis kienerii,1999,7.72075319290161
Lophura leucomelanos,1999,5.00371551513672
Lophura nycthemera,1999,6.90418863296509
Loxia curvirostra,1999,2.72462439537048
Macropygia unchall,1999,6.31997871398926
Mareca falcata,1999,2.18371176719666
Megaceryle lugubris,1999,6.09281206130981
Melanitta fusca,1999,2.86148619651794
Melanitta stejnegeri,1999,1.16593062877655
Melanochlora sultanea,1999,6.83037996292114
Mergus serrator,1999,2.60662460327148
Merops philippinus,1999,6.87033843994141
Mixornis gularis,1999,6.52213287353516
Monticola gularis,1999,2.90564799308777
Monticola rufiventris,1999,6.09695863723755
Monticola solitarius,1999,5.01553583145142
Motacilla citreola,1999,2.9560432434082
Moupinia poecilotis,1999,3.85121989250183
Muscicapa dauurica,1999,2.71431183815002
Muscicapa ferruginea,1999,5.47464227676392
Muscicapa muttui,1999,6.43615484237671
Mycerobas affinis,1999,3.53000926971436
Mycerobas carnipes,1999,3.00230669975281
Myiomela leucura,1999,6.04043102264404
Myophonus caeruleus,1999,5.43566131591797
Netta rufina,1999,3.63853287696838
Niltava davidi,1999,6.36022472381592
Niltava grandis,1999,6.23896980285645
Niltava macgrigoriae,1999,6.58053302764893
Niltava sundara,1999,5.16768598556519
Ninox japonica,1999,5.09668493270874
Nipponia nippon,1999,5.61723947525024
Nisaetus nipalensis,1999,6.28934812545776
Numenius madagascariensis,1999,2.48395180702209
Nycticorax nycticorax,1999,5.91844320297241
Oenanthe deserti,1999,3.14235901832581
Oenanthe oenanthe,1999,3.47708034515381
Onychoprion anaethetus,1999,7.43283796310425
Oriolus oriolus,1999,3.27092027664185
Otus lettia,1999,6.61647081375122
Otus semitorques,1999,4.29079818725586
Otus spilocephalus,1999,6.38825225830078
Oxyura leucocephala,1999,3.89100646972656
Panurus biarmicus,1999,3.4523651599884
Paradoxornis guttaticollis,1999,6.42915105819702
Paradoxornis heudei,1999,5.37690591812134
Parayuhina diademata,1999,5.59026765823364
Pardaliparus venustulus,1999,5.70687580108643
Parus monticolus,1999,5.51760625839233
Passer cinnamomeus,1999,5.52240419387817
Passer domesticus,1999,2.58742475509644
Passer hispaniolensis,1999,3.54313206672668
Pelecanus crispus,1999,2.66175317764282
Pellorneum tickelli,1999,6.98406553268433
Perdix hodgsoniae,1999,1.93104493618011
Pericrocotus cantonensis,1999,6.36038446426392
Pericrocotus divaricatus,1999,2.97860789299011
Pericrocotus ethologus,1999,4.86288690567017
Pericrocotus solaris,1999,6.72476625442505
Periparus rubidiventris,1999,2.58737874031067
Pernis ptilorhynchus,1999,3.18619704246521
Phasianus colchicus,1999,4.42348623275757
Phoenicurus erythronotus,1999,3.60104155540466
Phoenicurus frontalis,1999,3.54795813560486
Phoenicurus leucocephalus,1999,4.28178834915161
Phoenicurus ochruros,1999,3.24636483192444
Phoenicurus schisticeps,1999,3.11013674736023
Phylloscopus affinis,1999,3.66239213943481
Phylloscopus burkii,1999,3.09048438072205
Phylloscopus cantator,1999,6.24032163619995
Phylloscopus castaniceps,1999,6.27867412567139
Phylloscopus claudiae,1999,4.8643593788147
Phylloscopus coronatus,1999,3.95841765403748
Phylloscopus emeiensis,1999,5.37456798553467
Phylloscopus intermedius,1999,5.80667591094971
Phylloscopus magnirostris,1999,3.98794722557068
Phylloscopus ogilviegranti,1999,6.69871520996094
Phylloscopus omeiensis,1999,4.89984273910523
Phylloscopus pulcher,1999,4.34786939620972
Phylloscopus ricketti,1999,6.0905065536499
Phylloscopus soror,1999,5.70426797866821
Phylloscopus subaffinis,1999,5.16711854934692
Phylloscopus tenellipes,1999,3.46830940246582
Phylloscopus tephrocephalus,1999,5.33873224258423
Phylloscopus yunnanensis,1999,4.43328094482422
Picumnus innominatus,1999,6.10313320159912
Picus chlorolophus,1999,6.88107442855835
Pitta nympha,1999,6.5659441947937
Platalea minor,1999,4.76130104064941
Pnoepyga immaculata,1999,3.88187527656555
Podiceps auritus,1999,2.44771337509155
Podiceps grisegena,1999,2.74718594551086
Podiceps nigricollis,1999,3.19175267219543
Podoces biddulphi,1999,5.31424713134766
Pomatorhinus schisticeps,1999,6.60460567474365
Pomatorhinus superciliaris,1999,6.22936725616455
Prinia atrogularis,1999,5.7924952507019
Prinia flaviventris,1999,7.07997417449951
Prinia inornata,1999,6.67952013015747
Prunella collaris,1999,2.61288142204285
Prunella himalayana,1999,2.28911399841309
Prunella immaculata,1999,2.9294924736023
Prunella montanella,1999,1.32018792629242
Prunella strophiata,1999,3.56317019462585
Psarisomus dalhousiae,1999,6.62159633636475
Pseudopodoces humilis,1999,1.82801878452301
Psilopogon faber,1999,7.02150392532349
Psilopogon virens,1999,6.37104606628418
Pterorhinus berthemyi,1999,6.21600389480591
Pterorhinus lanceolatus,1999,5.79096746444702
Pterorhinus pectoralis,1999,6.37304162979126
Pterorhinus sannio,1999,6.38235425949097
Pteruthius rufiventer,1999,5.78690195083618
Pteruthius xanthochlorus,1999,4.93404340744019
Ptyonoprogne rupestris,1999,3.75862622261047
Pycnonotus aurigaster,1999,6.66531229019165
Pycnonotus jocosus,1999,6.82541847229004
Pycnonotus sinensis,1999,6.06054496765137
Pycnonotus xanthorrhous,1999,6.00877046585083
Pyrrhula erythaca,1999,4.58426570892334
Pyrrhula nipalensis,1999,5.97445583343506
Rallina eurizonoides,1999,7.30336284637451
Rallus aquaticus,1999,3.03710842132568
Recurvirostra avosetta,1999,2.67629075050354
Regulus regulus,1999,4.11654949188232
Remiz consobrinus,1999,3.1461296081543
Remiz coronatus,1999,3.09052348136902
Rhodospiza obsoleta,1999,3.75109219551086
Rubigula flaviventris,1999,6.98038101196289
Sasia ochracea,1999,7.04223108291626
Saxicola ferreus,1999,5.9488730430603
Sitta cinnamoventris,1999,6.61199474334717
Sitta formosa,1999,6.34207677841187
Sitta villosa,1999,3.92776083946228
Sittiparus varius,1999,3.81741642951965
Spilopelia chinensis,1999,6.00945806503296
Spilopelia senegalensis,1999,3.41756653785706
Spilornis cheela,1999,6.61552429199219
Spinus spinus,1999,2.1036548614502
Spizixos semitorques,1999,6.2579231262207
Spodiopsar cineraceus,1999,3.44413566589355
Spodiopsar sericeus,1999,6.59226799011231
Stachyris humei,1999,5.72962999343872
Staphida torqueola,1999,6.57426357269287
Streptopelia decaocto,1999,4.30246829986572
Sturnia sinensis,1999,6.98233795166016
Sturnus vulgaris,1999,3.71257519721985
Suthora fulvifrons,1999,4.64294004440308
Syrmaticus humiae,1999,6.58129739761353
Syrmaticus reevesii,1999,5.85022068023682
Syrrhaptes paradoxus,1999,3.44798469543457
Tarsiger chrysaeus,1999,4.13635206222534
Tarsiger indicus,1999,4.6909294128418
Temnurus temnurus,1999,8.15600681304932
Tephrodornis virgatus,1999,7.08654069900513
Thalasseus bergii,1999,7.78143119812012
Timalia pileata,1999,7.05321264266968
Tragopan caboti,1999,6.82666873931885
Tragopan temminckii,1999,5.46167469024658
Treron curvirostra,1999,6.99603891372681
Treron sieboldii,1999,6.68000602722168
Treron sphenurus,1999,5.94861745834351
Turdus boulboul,1999,6.64581871032715
Turdus cardis,1999,6.00584363937378
Turdus feae,1999,4.30321073532105
Turdus mandarinus,1999,5.96111297607422
Turdus pilaris,1999,1.88153576850891
Turdus rubrocanus,1999,3.78365731239319
Turdus ruficollis,1999,3.22708821296692
Turdus viscivorus,1999,3.649085521698
Turnix suscitator,1999,6.77013778686523
Tyto longimembris,1999,6.6893458366394
Urile pelagicus,1999,5.03843784332275
Urosphena squameiceps,1999,3.25992369651794
Vanellus cinereus,1999,3.20537209510803
Vanellus indicus,1999,6.77154541015625
Vanellus vanellus,1999,3.07855582237244
Yuhina nigrimenta,1999,6.03314924240112
Zoothera dixoni,1999,5.13988065719605
Zoothera mollissima,1999,3.05772662162781
Zoothera monticola,1999,5.5588870048523
Zosterops erythropleurus,1999,3.47784519195557
Abroscopus albogularis,2000,6.50660419464111
Accipiter gularis,2000,2.8827760219574
Accipiter soloensis,2000,5.84922552108765
Accipiter trivirgatus,2000,7.32152891159058
Accipiter virgatus,2000,5.96527481079102
Acridotheres cristatellus,2000,6.26593780517578
Acridotheres tristis,2000,5.47819995880127
Acrocephalus agricola,2000,4.04148244857788
Acrocephalus bistrigiceps,2000,3.91546440124512
Acrocephalus concinens,2000,5.59650945663452
Acrocephalus orientalis,2000,4.01641702651978
Acrocephalus tangorum,2000,3.21447587013245
Aegithalos bonvaloti,2000,4.10160493850708
Aegithalos caudatus,2000,2.77836108207703
Aegithalos concinnus,2000,6.17036867141724
Aegithalos fuliginosus,2000,4.67303800582886
Aerodramus brevirostris,2000,5.59609746932983
Aethopyga christinae,2000,8.23683643341065
Aethopyga gouldiae,2000,4.94381046295166
Agropsar sturninus,2000,3.46278858184814
Aix galericulata,2000,3.13051700592041
Alauda gulgula,2000,4.5444016456604
Alaudala cheleensis,2000,3.52882814407349
Alcedo hercules,2000,7.08446455001831
Alcippe morrisonia,2000,6.27512741088867
Amaurornis phoenicurus,2000,6.1844072341919
Anastomus oscitans,2000,6.20075988769531
Anser anser,2000,2.88948702812195
Anser fabalis,2000,2.0985255241394
Anser indicus,2000,2.47308135032654
Anthus godlewskii,2000,2.55691504478455
Anthus gustavi,2000,2.89557600021362
Anthus richardi,2000,4.33529233932495
Anthus roseatus,2000,3.12066078186035
Anthus trivialis,2000,2.79732394218445
Aquila fasciata,2000,6.99483013153076
Aquila heliaca,2000,2.45995950698853
Ardea intermedia,2000,6.41314172744751
Ardea purpurea,2000,5.65575408935547
Ardenna pacifica,2000,7.61243009567261
Artamus fuscus,2000,7.24440097808838
Asio flammeus,2000,2.39129137992859
Athene noctua,2000,3.20024418830872
Aviceda jerdoni,2000,7.36012840270996
Aviceda leuphotes,2000,6.16164922714233
Aythya fuligula,2000,2.42085456848145
Aythya nyroca,2000,3.21486353874207
Bombycilla japonica,2000,1.5061959028244
Branta canadensis,2000,4.28036308288574
Bubo nipalensis,2000,5.02260255813599
Bucanetes mongolicus,2000,3.59815454483032
Butastur indicus,2000,3.26549649238586
Cacomantis merulinus,2000,6.95870208740234
Calandrella brachydactyla,2000,3.71722936630249
Calliope obscura,2000,4.3641881942749
Caprimulgus macrurus,2000,7.4051833152771
Carpodacus roborowskii,2000,1.09376263618469
Carpodacus vinaceus,2000,5.50017690658569
Cecropis daurica,2000,4.5011420249939
Centropus bengalensis,2000,6.81615018844605
Cephalopyrus flammiceps,2000,5.00352907180786
Certhia familiaris,2000,3.28264594078064
Certhia himalayana,2000,4.55288362503052
Certhia tianquanensis,2000,4.19622135162354
Ceryle rudis,2000,6.57287693023682
Cettia brunnifrons,2000,4.43142509460449
Cettia castaneocoronata,2000,5.16655778884888
Chalcophaps indica,2000,7.26016569137573
Charadrius atrifrons,2000,2.22065329551697
Charadrius dealbatus,2000,7.75823307037354
Charadrius placidus,2000,3.94351315498352
Charadrius veredus,2000,2.59546089172363
Chlidonias leucopterus,2000,3.15163254737854
Chlidonias niger,2000,3.01058578491211
Chloris ambigua,2000,5.58975267410278
Chloris sinica,2000,4.74259424209595
Chrysolophus pictus,2000,5.26631784439087
Ciconia boyciana,2000,3.11752128601074
Ciconia nigra,2000,3.70078372955322
Circaetus gallicus,2000,3.82895064353943
Circus macrourus,2000,2.88075137138367
Circus spilonotus,2000,2.55420184135437
Cisticola exilis,2000,6.73848295211792
Cisticola juncidis,2000,6.18257904052734
Clamator coromandus,2000,6.3288722038269
Clanga clanga,2000,2.65495991706848
Columba oenas,2000,2.81167435646057
Copsychus saularis,2000,6.244948387146
Coracias garrulus,2000,2.75093698501587
Coturnicops exquisitus,2000,2.19047236442566
Crex crex,2000,2.74426531791687
Crossoptilon mantchuricum,2000,4.30057382583618
Curruca curruca,2000,3.48299407958984
Cyanistes cyanus,2000,2.42746043205261
Cyanoderma pyrrhops,2000,5.11916255950928
Cygnus cygnus,2000,2.74734735488892
Cygnus olor,2000,2.9485547542572
Cyornis glaucicomans,2000,5.97886848449707
Cyornis hainanus,2000,7.48572158813477
Cyornis rubeculoides,2000,6.31369066238403
Delichon dasypus,2000,3.95216822624207
Dendrocitta formosae,2000,6.44787502288818
Dendrocopos hyperythrus,2000,4.23131036758423
Dendrocygna javanica,2000,6.67407655715942
Dicaeum cruentatum,2000,6.84291410446167
Dicaeum ignipectus,2000,6.07035779953003
Dicaeum minullum,2000,5.8525071144104
Dicrurus annectens,2000,7.09365272521973
Dicrurus hottentottus,2000,5.91631603240967
Dicrurus remifer,2000,6.53577566146851
Egretta eulophotes,2000,4.77613687515259
Egretta garzetta,2000,5.38348627090454
Elachura formosa,2000,6.13741111755371
Elanus caeruleus,2000,7.14444351196289
Emberiza buchanani,2000,2.53005027770996
Emberiza citrinella,2000,2.59092426300049
Emberiza elegans,2000,4.37437629699707
Emberiza godlewskii,2000,3.34028053283691
Emberiza hortulana,2000,3.17716360092163
Emberiza leucocephalos,2000,2.21423292160034
Emberiza pallasi,2000,1.51721262931824
Emberiza pusilla,2000,2.82749080657959
Emberiza rustica,2000,1.14402985572815
Emberiza siemsseni,2000,4.72167253494263
Emberiza yessoensis,2000,2.84504580497742
Enicurus leschenaulti,2000,5.91750907897949
Enicurus maculatus,2000,6.51191425323486
Enicurus schistaceus,2000,6.44912195205689
Erpornis zantholeuca,2000,6.63059234619141
Erythrogenys hypoleucos,2000,7.10650587081909
Eudynamys scolopaceus,2000,6.25753259658814
Eumyias thalassinus,2000,5.74801969528198
Falco cherrug,2000,2.94391059875488
Falco severus,2000,6.60376596450806
Ficedula albicilla,2000,1.60894119739532
Ficedula elisae,2000,4.18714618682861
Ficedula erithacus,2000,4.01623821258545
Ficedula hyperythra,2000,6.16608905792236
Ficedula mugimaki,2000,2.78989267349243
Ficedula strophiata,2000,5.43973875045776
Ficedula superciliaris,2000,3.47936749458313
Ficedula tricolor,2000,5.10551595687866
Fringilla coelebs,2000,1.3360995054245
Fringilla montifringilla,2000,1.64066112041473
Galerida cristata,2000,3.92617917060852
Gallicrex cinerea,2000,5.6713719367981
Garrulax maesi,2000,6.41367244720459
Garrulax monileger,2000,6.93833684921265
Gavia arctica,2000,2.84870052337647
Gelochelidon nilotica,2000,4.20832252502441
Geokichla citrina,2000,6.57605743408203
Glaucidium cuculoides,2000,6.36193990707398
Gorsachius melanolophus,2000,7.55858278274536
Gracupica nigricollis,2000,6.64698839187622
Grandala coelicolor,2000,2.20235443115234
Grus japonensis,2000,2.819491147995
Grus monacha,2000,2.16915321350098
Grus nigricollis,2000,1.52051901817322
Gypaetus barbatus,2000,2.4702353477478
Gyps himalayensis,2000,2.53169250488281
Halcyon coromanda,2000,4.53654193878174
Halcyon pileata,2000,5.66631126403809
Halcyon smyrnensis,2000,7.57266569137573
Haliaeetus leucoryphus,2000,5.61684656143189
Harpactes wardi,2000,4.37677001953125
Helopsaltes certhiola,2000,3.38626980781555
Helopsaltes pryeri,2000,3.87628746032715
Hemiprocne coronata,2000,6.36045455932617
Hemitesia pallidipes,2000,6.3548150062561
Hemixos castanonotus,2000,6.94071292877197
Heterophasia desgodinsi,2000,6.04919338226318
Heteroxenicus stellatus,2000,4.81636571884155
Hieraaetus pennatus,2000,1.90519714355469
Hierococcyx nisicolor,2000,6.42772579193115
Hirundapus caudacutus,2000,3.1048436164856
Hirundo rustica,2000,3.87608981132507
Histrionicus histrionicus,2000,2.78420114517212
Hydrocoloeus minutus,2000,4.53453350067139
Hydrophasianus chirurgus,2000,6.43788242340088
Hydroprogne caspia,2000,5.71037769317627
Hypothymis azurea,2000,6.49987745285034
Hypsipetes leucocephalus,2000,5.96191692352295
Ianthocincla lunulata,2000,4.81862640380859
Ibidorhyncha struthersii,2000,2.89326214790344
Ictinaetus malaiensis,2000,6.58603620529175
Iduna caligata,2000,2.82203364372253
Indicator xanthonotus,2000,5.22743701934815
Ixobrychus cinnamomeus,2000,6.04935646057129
Ixobrychus eurhythmus,2000,4.64336681365967
Ixobrychus minutus,2000,3.21933007240295
Ixos mcclellandii,2000,6.55814361572266
Ketupa flavipes,2000,6.45180082321167
Lalage melaschistos,2000,5.87654876708984
Lanius borealis,2000,2.56190204620361
Lanius collurioides,2000,6.83124446868897
Lanius isabellinus,2000,3.35459876060486
Lanius schach,2000,5.74754333496094
Lanius sphenocercus,2000,3.19333720207214
Lanius tephronotus,2000,3.29925394058228
Larus crassirostris,2000,6.14918947219849
Larvivora brunnea,2000,3.89203143119812
Larvivora cyane,2000,2.45448327064514
Leptopoecile elegans,2000,2.46271729469299
Leptoptilos javanicus,2000,6.43030405044556
Limnodromus semipalmatus,2000,2.32456970214844
Limosa limosa,2000,2.49010515213013
Linaria cannabina,2000,3.25937247276306
Locustella davidi,2000,2.43484377861023
Locustella mandelli,2000,6.38610744476318
Lonchura striata,2000,6.68020153045654
Lophotriorchis kienerii,2000,7.59460020065308
Lophura leucomelanos,2000,4.80105495452881
Lophura nycthemera,2000,6.79365396499634
Loxia curvirostra,2000,2.58855175971985
Macropygia unchall,2000,6.20916128158569
Mareca falcata,2000,2.08694052696228
Megaceryle lugubris,2000,6.00599575042725
Melanitta fusca,2000,2.45852899551392
Melanitta stejnegeri,2000,1.14886951446533
Melanochlora sultanea,2000,6.69466972351074
Mergus serrator,2000,2.50471830368042
Merops philippinus,2000,6.74451017379761
Mixornis gularis,2000,6.35383415222168
Monticola gularis,2000,2.81620645523071
Monticola rufiventris,2000,5.99707078933716
Monticola solitarius,2000,4.92044448852539
Motacilla citreola,2000,2.79593563079834
Moupinia poecilotis,2000,3.68623375892639
Muscicapa dauurica,2000,2.62728452682495
Muscicapa ferruginea,2000,5.33715295791626
Muscicapa muttui,2000,6.33310174942017
Mycerobas affinis,2000,3.33839678764343
Mycerobas carnipes,2000,2.83376812934876
Myiomela leucura,2000,5.92348909378052
Myophonus caeruleus,2000,5.32441186904907
Netta rufina,2000,3.46010637283325
Niltava davidi,2000,6.25944137573242
Niltava grandis,2000,6.05476140975952
Niltava macgrigoriae,2000,6.44309663772583
Niltava sundara,2000,5.03044843673706
Ninox japonica,2000,5.02541303634644
Nipponia nippon,2000,5.52000856399536
Nisaetus nipalensis,2000,6.168372631073
Numenius madagascariensis,2000,2.37968254089355
Nycticorax nycticorax,2000,5.83489465713501
Oenanthe deserti,2000,2.98891592025757
Oenanthe oenanthe,2000,3.3288254737854
Onychoprion anaethetus,2000,7.4494800567627
Oriolus oriolus,2000,3.06863021850586
Otus lettia,2000,6.5462064743042
Otus semitorques,2000,4.17848491668701
Otus spilocephalus,2000,6.28536176681519
Oxyura leucocephala,2000,3.75525951385498
Panurus biarmicus,2000,3.32236075401306
Paradoxornis guttaticollis,2000,6.32571029663086
Paradoxornis heudei,2000,5.31138134002686
Parayuhina diademata,2000,5.45773553848267
Pardaliparus venustulus,2000,5.60000371932983
Parus monticolus,2000,5.38626909255981
Passer cinnamomeus,2000,5.40863513946533
Passer domesticus,2000,2.46334457397461
Passer hispaniolensis,2000,3.38259243965149
Pelecanus crispus,2000,2.46384501457214
Pellorneum tickelli,2000,6.83515739440918
Perdix hodgsoniae,2000,1.73155283927917
Pericrocotus cantonensis,2000,6.28880405426025
Pericrocotus divaricatus,2000,2.84160590171814
Pericrocotus ethologus,2000,4.7225832939148
Pericrocotus solaris,2000,6.6328911781311
Periparus rubidiventris,2000,2.38737225532532
Pernis ptilorhynchus,2000,3.07784032821655
Phasianus colchicus,2000,4.3109073638916
Phoenicurus erythronotus,2000,3.43442893028259
Phoenicurus frontalis,2000,3.37705373764038
Phoenicurus leucocephalus,2000,4.13191986083984
Phoenicurus ochruros,2000,3.08160376548767
Phoenicurus schisticeps,2000,2.92032504081726
Phylloscopus affinis,2000,3.48610639572144
Phylloscopus burkii,2000,2.9021360874176
Phylloscopus cantator,2000,6.0575213432312
Phylloscopus castaniceps,2000,6.1769232749939
Phylloscopus claudiae,2000,4.71688652038574
Phylloscopus coronatus,2000,3.86732053756714
Phylloscopus emeiensis,2000,5.26897192001343
Phylloscopus intermedius,2000,5.67444753646851
Phylloscopus magnirostris,2000,3.82025647163391
Phylloscopus ogilviegranti,2000,6.59997653961182
Phylloscopus omeiensis,2000,4.75918102264404
Phylloscopus pulcher,2000,4.17956638336182
Phylloscopus ricketti,2000,6.00577354431152
Phylloscopus soror,2000,5.59898567199707
Phylloscopus subaffinis,2000,5.05570697784424
Phylloscopus tenellipes,2000,3.37383317947388
Phylloscopus tephrocephalus,2000,5.20052099227905
Phylloscopus yunnanensis,2000,4.27425289154053
Picumnus innominatus,2000,6.011549949646
Picus chlorolophus,2000,6.75151014328003
Pitta nympha,2000,6.52387666702271
Platalea minor,2000,4.68064117431641
Pnoepyga immaculata,2000,3.70539689064026
Podiceps auritus,2000,2.32379055023193
Podiceps grisegena,2000,2.62988495826721
Podiceps nigricollis,2000,3.09305191040039
Podoces biddulphi,2000,5.21646976470947
Pomatorhinus schisticeps,2000,6.38250064849854
Pomatorhinus superciliaris,2000,6.03625774383545
Prinia atrogularis,2000,5.57161808013916
Prinia flaviventris,2000,6.9170732498169
Prinia inornata,2000,6.61270093917847
Prunella collaris,2000,2.4527440071106
Prunella himalayana,2000,2.13981246948242
Prunella immaculata,2000,2.73037028312683
Prunella montanella,2000,1.23293876647949
Prunella strophiata,2000,3.38739991188049
Psarisomus dalhousiae,2000,6.44620418548584
Pseudopodoces humilis,2000,1.64877450466156
Psilopogon faber,2000,6.96138143539429
Psilopogon virens,2000,6.27346849441528
Pterorhinus berthemyi,2000,6.14534282684326
Pterorhinus lanceolatus,2000,5.67980670928955
Pterorhinus pectoralis,2000,6.29566955566406
Pterorhinus sannio,2000,6.29594230651856
Pteruthius rufiventer,2000,5.58716154098511
Pteruthius xanthochlorus,2000,4.76592540740967
Ptyonoprogne rupestris,2000,3.60386514663696
Pycnonotus aurigaster,2000,6.57627725601196
Pycnonotus jocosus,2000,6.71657800674439
Pycnonotus sinensis,2000,5.98187303543091
Pycnonotus xanthorrhous,2000,5.89995574951172
Pyrrhula erythaca,2000,4.43324851989746
Pyrrhula nipalensis,2000,5.85965728759766
Rallina eurizonoides,2000,7.19770288467407
Rallus aquaticus,2000,2.88342356681824
Recurvirostra avosetta,2000,2.55097627639771
Regulus regulus,2000,3.96282815933228
Remiz consobrinus,2000,3.05407810211182
Remiz coronatus,2000,2.90395832061768
Rhodospiza obsoleta,2000,3.59878134727478
Rubigula flaviventris,2000,6.84527778625488
Sasia ochracea,2000,6.89985704421997
Saxicola ferreus,2000,5.85452651977539
Sitta cinnamoventris,2000,6.44025945663452
Sitta formosa,2000,6.16056489944458
Sitta villosa,2000,3.79030609130859
Sittiparus varius,2000,3.76917934417725
Spilopelia chinensis,2000,5.91696500778198
Spilopelia senegalensis,2000,3.29636526107788
Spilornis cheela,2000,6.52069854736328
Spinus spinus,2000,2.01196384429932
Spizixos semitorques,2000,6.18668699264526
Spodiopsar cineraceus,2000,3.32404637336731
Spodiopsar sericeus,2000,6.53458833694458
Stachyris humei,2000,5.51021718978882
Staphida torqueola,2000,6.50044536590576
Streptopelia decaocto,2000,4.17895841598511
Sturnia sinensis,2000,6.92222261428833
Sturnus vulgaris,2000,3.54702520370483
Suthora fulvifrons,2000,4.47130537033081
Syrmaticus humiae,2000,6.42289113998413
Syrmaticus reevesii,2000,5.75391530990601
Syrrhaptes paradoxus,2000,3.31386590003967
Tarsiger chrysaeus,2000,3.95162034034729
Tarsiger indicus,2000,4.51396656036377
Temnurus temnurus,2000,8.10086154937744
Tephrodornis virgatus,2000,7.01975965499878
Thalasseus bergii,2000,7.74320888519287
Timalia pileata,2000,6.95388221740723
Tragopan caboti,2000,6.77035665512085
Tragopan temminckii,2000,5.3354606628418
Treron curvirostra,2000,6.84832906723023
Treron sieboldii,2000,6.62964582443237
Treron sphenurus,2000,5.7913761138916
Turdus boulboul,2000,6.503098487854
Turdus cardis,2000,5.95182752609253
Turdus feae,2000,4.15131998062134
Turdus mandarinus,2000,5.87876796722412
Turdus pilaris,2000,1.76136314868927
Turdus rubrocanus,2000,3.62225675582886
Turdus ruficollis,2000,3.07232618331909
Turdus viscivorus,2000,3.48094916343689
Turnix suscitator,2000,6.65284633636475
Tyto longimembris,2000,6.62820053100586
Urile pelagicus,2000,4.99449777603149
Urosphena squameiceps,2000,3.15850329399109
Vanellus cinereus,2000,3.12395882606506
Vanellus indicus,2000,6.59717321395874
Vanellus vanellus,2000,2.96856355667114
Yuhina nigrimenta,2000,5.92447471618652
Zoothera dixoni,2000,4.97161531448364
Zoothera mollissima,2000,2.8697464466095
Zoothera monticola,2000,5.33967113494873
Zosterops erythropleurus,2000,3.38796496391296
Abroscopus albogularis,2001,6.61419534683228
Accipiter gularis,2001,2.98400020599365
Accipiter soloensis,2001,5.92619848251343
Accipiter trivirgatus,2001,7.44502878189087
Accipiter virgatus,2001,6.08664989471436
Acridotheres cristatellus,2001,6.36645269393921
Acridotheres tristis,2001,5.61404657363892
Acrocephalus agricola,2001,4.1121096611023
Acrocephalus bistrigiceps,2001,4.01017379760742
Acrocephalus concinens,2001,5.67636346817017
Acrocephalus orientalis,2001,4.10881805419922
Acrocephalus tangorum,2001,3.33074259757996
Aegithalos bonvaloti,2001,4.25017023086548
Aegithalos caudatus,2001,2.89673542976379
Aegithalos concinnus,2001,6.27761125564575
Aegithalos fuliginosus,2001,4.80697727203369
Aerodramus brevirostris,2001,5.73158597946167
Aethopyga christinae,2001,8.31750583648682
Aethopyga gouldiae,2001,5.06244993209839
Agropsar sturninus,2001,3.57387351989746
Aix galericulata,2001,3.24566435813904
Alauda gulgula,2001,4.64873313903809
Alaudala cheleensis,2001,3.62438106536865
Alcedo hercules,2001,7.20537185668945
Alcippe morrisonia,2001,6.37698650360107
Amaurornis phoenicurus,2001,6.28629589080811
Anastomus oscitans,2001,6.33572053909302
Anser anser,2001,3.01859045028687
Anser fabalis,2001,2.26065802574158
Anser indicus,2001,2.57677841186523
Anthus godlewskii,2001,2.69319868087769
Anthus gustavi,2001,2.98141765594482
Anthus richardi,2001,4.43849611282349
Anthus roseatus,2001,3.23143815994263
Anthus trivialis,2001,2.92326426506043
Aquila fasciata,2001,7.05461835861206
Aquila heliaca,2001,2.59578418731689
Ardea intermedia,2001,6.51010084152222
Ardea purpurea,2001,5.7401328086853
Ardenna pacifica,2001,7.66887950897217
Artamus fuscus,2001,7.348961353302
Asio flammeus,2001,2.53673958778381
Athene noctua,2001,3.29984951019287
Aviceda jerdoni,2001,7.50331211090088
Aviceda leuphotes,2001,6.2749137878418
Aythya fuligula,2001,2.5760190486908
Aythya nyroca,2001,3.33576583862305
Bombycilla japonica,2001,1.66187036037445
Branta canadensis,2001,4.24924468994141
Bubo nipalensis,2001,5.17249536514282
Bucanetes mongolicus,2001,3.71185779571533
Butastur indicus,2001,3.35757803916931
Cacomantis merulinus,2001,7.06397199630737
Calandrella brachydactyla,2001,3.81278443336487
Calliope obscura,2001,4.49642038345337
Caprimulgus macrurus,2001,7.53431940078735
Carpodacus roborowskii,2001,1.19063818454742
Carpodacus vinaceus,2001,5.64191913604736
Cecropis daurica,2001,4.60512542724609
Centropus bengalensis,2001,6.89829826354981
Cephalopyrus flammiceps,2001,5.15204906463623
Certhia familiaris,2001,3.39922523498535
Certhia himalayana,2001,4.70088005065918
Certhia tianquanensis,2001,4.34076547622681
Ceryle rudis,2001,6.66441488265991
Cettia brunnifrons,2001,4.57592678070068
Cettia castaneocoronata,2001,5.30492210388184
Chalcophaps indica,2001,7.36541843414307
Charadrius atrifrons,2001,2.32589364051819
Charadrius dealbatus,2001,7.82722330093384
Charadrius placidus,2001,4.04634380340576
Charadrius veredus,2001,2.73110914230347
Chlidonias leucopterus,2001,3.26837849617004
Chlidonias niger,2001,3.11172461509705
Chloris ambigua,2001,5.73713731765747
Chloris sinica,2001,4.8423662185669
Chrysolophus pictus,2001,5.39363813400269
Ciconia boyciana,2001,3.23158693313599
Ciconia nigra,2001,3.80778360366821
Circaetus gallicus,2001,3.98088884353638
Circus macrourus,2001,2.97868251800537
Circus spilonotus,2001,2.68470120429993
Cisticola exilis,2001,6.83117246627808
Cisticola juncidis,2001,6.26677703857422
Clamator coromandus,2001,6.42748403549194
Clanga clanga,2001,2.77889347076416
Columba oenas,2001,2.88137412071228
Copsychus saularis,2001,6.34555959701538
Coracias garrulus,2001,2.82256364822388
Coturnicops exquisitus,2001,2.34475660324097
Crex crex,2001,2.82756614685059
Crossoptilon mantchuricum,2001,4.45027351379395
Curruca curruca,2001,3.577388048172
Cyanistes cyanus,2001,2.56216955184937
Cyanoderma pyrrhops,2001,5.214026927948
Cygnus cygnus,2001,2.88765621185303
Cygnus olor,2001,3.08146500587463
Cyornis glaucicomans,2001,6.10919523239136
Cyornis hainanus,2001,7.57332468032837
Cyornis rubeculoides,2001,6.52957439422607
Delichon dasypus,2001,4.05014514923096
Dendrocitta formosae,2001,6.54608631134033
Dendrocopos hyperythrus,2001,4.36014986038208
Dendrocygna javanica,2001,6.75964164733887
Dicaeum cruentatum,2001,6.93530988693237
Dicaeum ignipectus,2001,6.17893600463867
Dicaeum minullum,2001,5.96907949447632
Dicrurus annectens,2001,7.22994613647461
Dicrurus hottentottus,2001,6.0239577293396
Dicrurus remifer,2001,6.68339014053345
Egretta eulophotes,2001,4.74156904220581
Egretta garzetta,2001,5.48534440994263
Elachura formosa,2001,6.27794742584229
Elanus caeruleus,2001,7.20937347412109
Emberiza buchanani,2001,2.63693594932556
Emberiza citrinella,2001,2.84392714500427
Emberiza elegans,2001,4.49615001678467
Emberiza godlewskii,2001,3.4570050239563
Emberiza hortulana,2001,3.36698627471924
Emberiza leucocephalos,2001,2.3487868309021
Emberiza pallasi,2001,1.7062646150589
Emberiza pusilla,2001,2.96869540214539
Emberiza rustica,2001,1.45090460777283
Emberiza siemsseni,2001,4.86249923706055
Emberiza yessoensis,2001,2.97827577590942
Enicurus leschenaulti,2001,6.02336502075195
Enicurus maculatus,2001,6.63051509857178
Enicurus schistaceus,2001,6.55807781219482
Erpornis zantholeuca,2001,6.73339939117432
Erythrogenys hypoleucos,2001,7.22812747955322
Eudynamys scolopaceus,2001,6.35944318771362
Eumyias thalassinus,2001,5.8721170425415
Falco cherrug,2001,3.0390362739563
Falco severus,2001,6.72614669799805
Ficedula albicilla,2001,1.76294684410095
Ficedula elisae,2001,4.24733066558838
Ficedula erithacus,2001,4.14577913284302
Ficedula hyperythra,2001,6.29886293411255
Ficedula mugimaki,2001,2.90114569664001
Ficedula strophiata,2001,5.57723903656006
Ficedula superciliaris,2001,3.61281847953796
Ficedula tricolor,2001,5.24462747573853
Fringilla coelebs,2001,1.64350283145905
Fringilla montifringilla,2001,1.92680382728577
Galerida cristata,2001,4.02574872970581
Gallicrex cinerea,2001,5.76067924499512
Garrulax maesi,2001,6.52163648605347
Garrulax monileger,2001,7.02603006362915
Gavia arctica,2001,2.96510815620422
Gelochelidon nilotica,2001,4.27999496459961
Geokichla citrina,2001,6.66751527786255
Glaucidium cuculoides,2001,6.46218538284302
Gorsachius melanolophus,2001,7.64882183074951
Gracupica nigricollis,2001,6.74666595458984
Grandala coelicolor,2001,2.3106415271759
Grus japonensis,2001,2.92442989349365
Grus monacha,2001,2.27673244476318
Grus nigricollis,2001,1.61721992492676
Gypaetus barbatus,2001,2.57586359977722
Gyps himalayensis,2001,2.63978552818298
Halcyon coromanda,2001,4.63151502609253
Halcyon pileata,2001,5.75263404846191
Halcyon smyrnensis,2001,7.64120721817017
Haliaeetus leucoryphus,2001,5.86441326141357
Harpactes wardi,2001,4.5509238243103
Helopsaltes certhiola,2001,3.50188708305359
Helopsaltes pryeri,2001,4.0024356842041
Hemiprocne coronata,2001,6.53719568252564
Hemitesia pallidipes,2001,6.51909589767456
Hemixos castanonotus,2001,7.01773595809937
Heterophasia desgodinsi,2001,6.18303775787354
Heteroxenicus stellatus,2001,4.99530982971191
Hieraaetus pennatus,2001,2.07060384750366
Hierococcyx nisicolor,2001,6.53559017181397
Hirundapus caudacutus,2001,3.21381878852844
Hirundo rustica,2001,3.97342753410339
Histrionicus histrionicus,2001,2.87932682037354
Hydrocoloeus minutus,2001,4.6085262298584
Hydrophasianus chirurgus,2001,6.53233909606934
Hydroprogne caspia,2001,5.74238443374634
Hypothymis azurea,2001,6.61513566970825
Hypsipetes leucocephalus,2001,6.06609344482422
Ianthocincla lunulata,2001,4.95945024490356
Ibidorhyncha struthersii,2001,3.00202989578247
Ictinaetus malaiensis,2001,6.68595838546753
Iduna caligata,2001,3.0295946598053
Indicator xanthonotus,2001,5.41236114501953
Ixobrychus cinnamomeus,2001,6.13603591918945
Ixobrychus eurhythmus,2001,4.72748708724976
Ixobrychus minutus,2001,3.29852843284607
Ixos mcclellandii,2001,6.65847063064575
Ketupa flavipes,2001,6.54201459884644
Lalage melaschistos,2001,5.98775386810303
Lanius borealis,2001,2.70197248458862
Lanius collurioides,2001,6.94271421432495
Lanius isabellinus,2001,3.45970606803894
Lanius schach,2001,5.85597276687622
Lanius sphenocercus,2001,3.31581950187683
Lanius tephronotus,2001,3.42429757118225
Larus crassirostris,2001,6.15647697448731
Larvivora brunnea,2001,4.03177118301392
Larvivora cyane,2001,2.57682156562805
Leptopoecile elegans,2001,2.57721853256226
Leptoptilos javanicus,2001,6.57966232299805
Limnodromus semipalmatus,2001,2.47690176963806
Limosa limosa,2001,2.63856029510498
Linaria cannabina,2001,3.39836692810059
Locustella davidi,2001,2.57758259773254
Locustella mandelli,2001,6.48961353302002
Lonchura striata,2001,6.76741313934326
Lophotriorchis kienerii,2001,7.7395281791687
Lophura leucomelanos,2001,4.96486139297485
Lophura nycthemera,2001,6.90854501724243
Loxia curvirostra,2001,2.6966335773468
Macropygia unchall,2001,6.32607221603394
Mareca falcata,2001,2.24370670318604
Megaceryle lugubris,2001,6.09716463088989
Melanitta fusca,2001,2.75835824012756
Melanitta stejnegeri,2001,1.3027355670929
Melanochlora sultanea,2001,6.83322095870972
Mergus serrator,2001,2.62413263320923
Merops philippinus,2001,6.87259340286255
Mixornis gularis,2001,6.50597381591797
Monticola gularis,2001,2.93656277656555
Monticola rufiventris,2001,6.10798788070679
Monticola solitarius,2001,5.01719331741333
Motacilla citreola,2001,2.90507221221924
Moupinia poecilotis,2001,3.8217875957489
Muscicapa dauurica,2001,2.75052571296692
Muscicapa ferruginea,2001,5.47971248626709
Muscicapa muttui,2001,6.45748376846314
Mycerobas affinis,2001,3.46593070030212
Mycerobas carnipes,2001,2.94117379188538
Myiomela leucura,2001,6.0542950630188
Myophonus caeruleus,2001,5.43334102630615
Netta rufina,2001,3.56537771224976
Niltava davidi,2001,6.37131023406982
Niltava grandis,2001,6.22108268737793
Niltava macgrigoriae,2001,6.57953214645386
Niltava sundara,2001,5.16161632537842
Ninox japonica,2001,5.09931516647339
Nipponia nippon,2001,5.66547107696533
Nisaetus nipalensis,2001,6.28850650787354
Numenius madagascariensis,2001,2.49611067771912
Nycticorax nycticorax,2001,5.92755746841431
Oenanthe deserti,2001,3.082111120224
Oenanthe oenanthe,2001,3.45379948616028
Onychoprion anaethetus,2001,7.53376197814941
Oriolus oriolus,2001,3.19414186477661
Otus lettia,2001,6.63865995407105
Otus semitorques,2001,4.25690650939941
Otus spilocephalus,2001,6.38415622711182
Oxyura leucocephala,2001,3.81732892990112
Panurus biarmicus,2001,3.41500616073608
Paradoxornis guttaticollis,2001,6.43477392196655
Paradoxornis heudei,2001,5.36429738998413
Parayuhina diademata,2001,5.5930814743042
Pardaliparus venustulus,2001,5.70955991744995
Parus monticolus,2001,5.52507781982422
Passer cinnamomeus,2001,5.51647663116455
Passer domesticus,2001,2.59469318389893
Passer hispaniolensis,2001,3.45226359367371
Pelecanus crispus,2001,2.58616971969605
Pellorneum tickelli,2001,6.9928126335144
Perdix hodgsoniae,2001,1.82626163959503
Pericrocotus cantonensis,2001,6.38219881057739
Pericrocotus divaricatus,2001,2.92733120918274
Pericrocotus ethologus,2001,4.84459638595581
Pericrocotus solaris,2001,6.73328447341919
Periparus rubidiventris,2001,2.49859619140625
Pernis ptilorhynchus,2001,3.20292258262634
Phasianus colchicus,2001,4.41730165481567
Phoenicurus erythronotus,2001,3.53464508056641
Phoenicurus frontalis,2001,3.49908661842346
Phoenicurus leucocephalus,2001,4.25059652328491
Phoenicurus ochruros,2001,3.18395614624023
Phoenicurus schisticeps,2001,3.03773736953735
Phylloscopus affinis,2001,3.61253762245178
Phylloscopus burkii,2001,3.0450975894928
Phylloscopus cantator,2001,6.23635721206665
Phylloscopus castaniceps,2001,6.29056119918823
Phylloscopus claudiae,2001,4.85375022888184
Phylloscopus coronatus,2001,3.99971389770508
Phylloscopus emeiensis,2001,5.43998432159424
Phylloscopus intermedius,2001,5.81048440933228
Phylloscopus magnirostris,2001,3.96634244918823
Phylloscopus ogilviegranti,2001,6.70289468765259
Phylloscopus omeiensis,2001,4.90311622619629
Phylloscopus pulcher,2001,4.32089519500732
Phylloscopus ricketti,2001,6.10835647583008
Phylloscopus soror,2001,5.72554111480713
Phylloscopus subaffinis,2001,5.16208076477051
Phylloscopus tenellipes,2001,3.44028449058533
Phylloscopus tephrocephalus,2001,5.34342861175537
Phylloscopus yunnanensis,2001,4.39921045303345
Picumnus innominatus,2001,6.11568307876587
Picus chlorolophus,2001,6.8800163269043
Pitta nympha,2001,6.58869123458862
Platalea minor,2001,4.67814064025879
Pnoepyga immaculata,2001,3.82837414741516
Podiceps auritus,2001,2.41411185264587
Podiceps grisegena,2001,2.72292542457581
Podiceps nigricollis,2001,3.18935775756836
Podoces biddulphi,2001,5.24039125442505
Pomatorhinus schisticeps,2001,6.59573841094971
Pomatorhinus superciliaris,2001,6.21681642532349
Prinia atrogularis,2001,5.76335859298706
Prinia flaviventris,2001,7.069420337677
Prinia inornata,2001,6.70395135879517
Prunella collaris,2001,2.56957244873047
Prunella himalayana,2001,2.24067783355713
Prunella immaculata,2001,2.84299516677856
Prunella montanella,2001,1.42191219329834
Prunella strophiata,2001,3.51664090156555
Psarisomus dalhousiae,2001,6.61344146728516
Pseudopodoces humilis,2001,1.74690341949463
Psilopogon faber,2001,7.03613948822022
Psilopogon virens,2001,6.37515354156494
Pterorhinus berthemyi,2001,6.23780012130737
Pterorhinus lanceolatus,2001,5.79531478881836
Pterorhinus pectoralis,2001,6.39152669906616
Pterorhinus sannio,2001,6.39583539962769
Pteruthius rufiventer,2001,5.76528692245483
Pteruthius xanthochlorus,2001,4.91736841201782
Ptyonoprogne rupestris,2001,3.71009564399719
Pycnonotus aurigaster,2001,6.67229318618774
Pycnonotus jocosus,2001,6.82878923416138
Pycnonotus sinensis,2001,6.06723022460938
Pycnonotus xanthorrhous,2001,6.01386880874634
Pyrrhula erythaca,2001,4.55702924728394
Pyrrhula nipalensis,2001,5.96729946136475
Rallina eurizonoides,2001,7.33050966262817
Rallus aquaticus,2001,2.9618513584137
Recurvirostra avosetta,2001,2.69864869117737
Regulus regulus,2001,4.08442211151123
Remiz consobrinus,2001,3.16028833389282
Remiz coronatus,2001,3.0475766658783
Rhodospiza obsoleta,2001,3.69511413574219
Rubigula flaviventris,2001,6.98466348648071
Sasia ochracea,2001,7.04860258102417
Saxicola ferreus,2001,5.96119070053101
Sitta cinnamoventris,2001,6.60436487197876
Sitta formosa,2001,6.32566118240356
Sitta villosa,2001,3.89232492446899
Sittiparus varius,2001,3.77547979354858
Spilopelia chinensis,2001,6.01429748535156
Spilopelia senegalensis,2001,3.35425400733948
Spilornis cheela,2001,6.61837291717529
Spinus spinus,2001,2.16517114639282
Spizixos semitorques,2001,6.28179311752319
Spodiopsar cineraceus,2001,3.43871879577637
Spodiopsar sericeus,2001,6.61698150634766
Stachyris humei,2001,5.72009468078613
Staphida torqueola,2001,6.59480667114258
Streptopelia decaocto,2001,4.25882005691528
Sturnia sinensis,2001,6.99080467224121
Sturnus vulgaris,2001,3.66074633598328
Suthora fulvifrons,2001,4.63413000106812
Syrmaticus humiae,2001,6.57398462295532
Syrmaticus reevesii,2001,5.88789463043213
Syrrhaptes paradoxus,2001,3.43174767494202
Tarsiger chrysaeus,2001,4.10706520080566
Tarsiger indicus,2001,4.65909814834595
Temnurus temnurus,2001,8.18662071228027
Tephrodornis virgatus,2001,7.09680032730103
Thalasseus bergii,2001,7.80188798904419
Timalia pileata,2001,7.06203413009644
Tragopan caboti,2001,6.82750558853149
Tragopan temminckii,2001,5.4669246673584
Treron curvirostra,2001,6.99629306793213
Treron sieboldii,2001,6.70351314544678
Treron sphenurus,2001,5.94501733779907
Turdus boulboul,2001,6.64972734451294
Turdus cardis,2001,6.04191875457764
Turdus feae,2001,4.24493551254272
Turdus mandarinus,2001,5.9734058380127
Turdus pilaris,2001,1.94419097900391
Turdus rubrocanus,2001,3.74379253387451
Turdus ruficollis,2001,3.14405465126038
Turdus viscivorus,2001,3.580482006073
Turnix suscitator,2001,6.77167320251465
Tyto longimembris,2001,6.69497871398926
Urile pelagicus,2001,4.94362211227417
Urosphena squameiceps,2001,3.20588541030884
Vanellus cinereus,2001,3.25575709342957
Vanellus indicus,2001,6.75636100769043
Vanellus vanellus,2001,3.07982206344605
Yuhina nigrimenta,2001,6.03531885147095
Zoothera dixoni,2001,5.1239070892334
Zoothera mollissima,2001,2.99511575698853
Zoothera monticola,2001,5.58397197723389
Zosterops erythropleurus,2001,3.46363520622253
Abroscopus albogularis,2002,6.67263507843018
Accipiter gularis,2002,3.1143741607666
Accipiter soloensis,2002,6.00804758071899
Accipiter trivirgatus,2002,7.4549298286438
Accipiter virgatus,2002,6.12984943389893
Acridotheres cristatellus,2002,6.42494106292725
Acridotheres tristis,2002,5.64673757553101
Acrocephalus agricola,2002,4.2412896156311
Acrocephalus bistrigiceps,2002,4.11687517166138
Acrocephalus concinens,2002,5.74839639663696
Acrocephalus orientalis,2002,4.21843433380127
Acrocephalus tangorum,2002,3.43951344490051
Aegithalos bonvaloti,2002,4.23904466629028
Aegithalos caudatus,2002,3.03048372268677
Aegithalos concinnus,2002,6.33281230926514
Aegithalos fuliginosus,2002,4.87676382064819
Aerodramus brevirostris,2002,5.7647910118103
Aethopyga christinae,2002,8.3928861618042
Aethopyga gouldiae,2002,5.09317398071289
Agropsar sturninus,2002,3.67259645462036
Aix galericulata,2002,3.36188173294067
Alauda gulgula,2002,4.68577289581299
Alaudala cheleensis,2002,3.71697378158569
Alcedo hercules,2002,7.20264911651611
Alcippe morrisonia,2002,6.43506193161011
Amaurornis phoenicurus,2002,6.34238433837891
Anastomus oscitans,2002,6.3548378944397
Anser anser,2002,3.15825033187866
Anser fabalis,2002,2.39413142204285
Anser indicus,2002,2.59726357460022
Anthus godlewskii,2002,2.83694243431091
Anthus gustavi,2002,3.12481427192688
Anthus richardi,2002,4.53505611419678
Anthus roseatus,2002,3.25614905357361
Anthus trivialis,2002,3.0968451499939
Aquila fasciata,2002,7.12784910202026
Aquila heliaca,2002,2.77006387710571
Ardea intermedia,2002,6.56866645812988
Ardea purpurea,2002,5.82208442687988
Ardenna pacifica,2002,7.73901653289795
Artamus fuscus,2002,7.38143062591553
Asio flammeus,2002,2.69569253921509
Athene noctua,2002,3.37063574790955
Aviceda jerdoni,2002,7.49213981628418
Aviceda leuphotes,2002,6.3259162902832
Aythya fuligula,2002,2.70659327507019
Aythya nyroca,2002,3.47823071479797
Bombycilla japonica,2002,1.82770299911499
Branta canadensis,2002,4.40061235427856
Bubo nipalensis,2002,5.16475772857666
Bucanetes mongolicus,2002,3.81496214866638
Butastur indicus,2002,3.48121762275696
Cacomantis merulinus,2002,7.0940523147583
Calandrella brachydactyla,2002,3.96374654769897
Calliope obscura,2002,4.57270431518555
Caprimulgus macrurus,2002,7.52916479110718
Carpodacus roborowskii,2002,1.23842513561249
Carpodacus vinaceus,2002,5.68402051925659
Cecropis daurica,2002,4.6754584312439
Centropus bengalensis,2002,6.9557523727417
Cephalopyrus flammiceps,2002,5.15882301330566
Certhia familiaris,2002,3.50828146934509
Certhia himalayana,2002,4.7180323600769
Certhia tianquanensis,2002,4.40546846389771
Ceryle rudis,2002,6.71568489074707
Cettia brunnifrons,2002,4.59343338012695
Cettia castaneocoronata,2002,5.31886291503906
Chalcophaps indica,2002,7.39429092407227
Charadrius atrifrons,2002,2.34065175056458
Charadrius dealbatus,2002,7.89306974411011
Charadrius placidus,2002,4.14793062210083
Charadrius veredus,2002,2.88360214233398
Chlidonias leucopterus,2002,3.38995695114136
Chlidonias niger,2002,3.32823419570923
Chloris ambigua,2002,5.72967195510864
Chloris sinica,2002,4.92436265945435
Chrysolophus pictus,2002,5.46451759338379
Ciconia boyciana,2002,3.35397434234619
Ciconia nigra,2002,3.91203236579895
Circaetus gallicus,2002,4.11099195480347
Circus macrourus,2002,3.15204572677612
Circus spilonotus,2002,2.81733775138855
Cisticola exilis,2002,6.87047100067139
Cisticola juncidis,2002,6.33758783340454
Clamator coromandus,2002,6.48921537399292
Clanga clanga,2002,2.90425992012024
Columba oenas,2002,3.03869342803955
Copsychus saularis,2002,6.40300941467285
Coracias garrulus,2002,3.03951501846314
Coturnicops exquisitus,2002,2.4760913848877
Crex crex,2002,3.01636242866516
Crossoptilon mantchuricum,2002,4.47901916503906
Curruca curruca,2002,3.67946934700012
Cyanistes cyanus,2002,2.69860935211182
Cyanoderma pyrrhops,2002,5.14485836029053
Cygnus cygnus,2002,3.0105357170105
Cygnus olor,2002,3.13485169410706
Cyornis glaucicomans,2002,6.18447542190552
Cyornis hainanus,2002,7.63022089004517
Cyornis rubeculoides,2002,6.46181201934815
Delichon dasypus,2002,4.08693695068359
Dendrocitta formosae,2002,6.60065126419067
Dendrocopos hyperythrus,2002,4.36795902252197
Dendrocygna javanica,2002,6.81380224227905
Dicaeum cruentatum,2002,6.98363447189331
Dicaeum ignipectus,2002,6.22892093658447
Dicaeum minullum,2002,6.01261281967163
Dicrurus annectens,2002,7.22611045837402
Dicrurus hottentottus,2002,6.07567071914673
Dicrurus remifer,2002,6.67009973526001
Egretta eulophotes,2002,4.86852693557739
Egretta garzetta,2002,5.53062200546265
Elachura formosa,2002,6.28024196624756
Elanus caeruleus,2002,7.28834962844849
Emberiza buchanani,2002,2.81325745582581
Emberiza citrinella,2002,2.92275953292847
Emberiza elegans,2002,4.58611631393433
Emberiza godlewskii,2002,3.52839493751526
Emberiza hortulana,2002,3.49827170372009
Emberiza leucocephalos,2002,2.47446537017822
Emberiza pallasi,2002,1.83325374126434
Emberiza pusilla,2002,3.08912420272827
Emberiza rustica,2002,1.46117496490479
Emberiza siemsseni,2002,4.92737627029419
Emberiza yessoensis,2002,3.09597015380859
Enicurus leschenaulti,2002,6.07680702209473
Enicurus maculatus,2002,6.6607403755188
Enicurus schistaceus,2002,6.60407066345215
Erpornis zantholeuca,2002,6.7707839012146
Erythrogenys hypoleucos,2002,7.268967628479
Eudynamys scolopaceus,2002,6.41794061660767
Eumyias thalassinus,2002,5.91507911682129
Falco cherrug,2002,3.10737204551697
Falco severus,2002,6.74496841430664
Ficedula albicilla,2002,1.93148291110992
Ficedula elisae,2002,4.34353876113892
Ficedula erithacus,2002,4.16169118881226
Ficedula hyperythra,2002,6.3251428604126
Ficedula mugimaki,2002,3.02851891517639
Ficedula strophiata,2002,5.61869239807129
Ficedula superciliaris,2002,3.59365963935852
Ficedula tricolor,2002,5.27436208724976
Fringilla coelebs,2002,1.65067780017853
Fringilla montifringilla,2002,1.94894993305206
Galerida cristata,2002,4.11837816238403
Gallicrex cinerea,2002,5.82926988601685
Garrulax maesi,2002,6.59222984313965
Garrulax monileger,2002,7.07464361190796
Gavia arctica,2002,3.17333245277405
Gelochelidon nilotica,2002,4.40836143493652
Geokichla citrina,2002,6.71361875534058
Glaucidium cuculoides,2002,6.52153396606445
Gorsachius melanolophus,2002,7.69168281555176
Gracupica nigricollis,2002,6.7898588180542
Grandala coelicolor,2002,2.31435251235962
Grus japonensis,2002,3.07350897789001
Grus monacha,2002,2.4580397605896
Grus nigricollis,2002,1.59952318668365
Gypaetus barbatus,2002,2.60720252990723
Gyps himalayensis,2002,2.67484736442566
Halcyon coromanda,2002,4.67437744140625
Halcyon pileata,2002,5.81814575195313
Halcyon smyrnensis,2002,7.71257972717285
Haliaeetus leucoryphus,2002,5.79526329040527
Harpactes wardi,2002,4.50335741043091
Helopsaltes certhiola,2002,3.61441230773926
Helopsaltes pryeri,2002,4.10522937774658
Hemiprocne coronata,2002,6.47831296920776
Hemitesia pallidipes,2002,6.48791599273682
Hemixos castanonotus,2002,7.08604669570923
Heterophasia desgodinsi,2002,6.21919345855713
Heteroxenicus stellatus,2002,4.96692609786987
Hieraaetus pennatus,2002,2.21809339523315
Hierococcyx nisicolor,2002,6.57404327392578
Hirundapus caudacutus,2002,3.28669214248657
Hirundo rustica,2002,4.04438209533691
Histrionicus histrionicus,2002,3.02966952323914
Hydrocoloeus minutus,2002,4.90165567398071
Hydrophasianus chirurgus,2002,6.58631038665772
Hydroprogne caspia,2002,5.88019514083862
Hypothymis azurea,2002,6.6488471031189
Hypsipetes leucocephalus,2002,6.1134238243103
Ianthocincla lunulata,2002,5.02134561538696
Ibidorhyncha struthersii,2002,3.02560234069824
Ictinaetus malaiensis,2002,6.72602272033691
Iduna caligata,2002,3.14638805389404
Indicator xanthonotus,2002,5.35788583755493
Ixobrychus cinnamomeus,2002,6.20390701293945
Ixobrychus eurhythmus,2002,4.82775545120239
Ixobrychus minutus,2002,3.49423503875732
Ixos mcclellandii,2002,6.71088647842407
Ketupa flavipes,2002,6.61010932922363
Lalage melaschistos,2002,6.03819084167481
Lanius borealis,2002,2.87649703025818
Lanius collurioides,2002,6.97540664672852
Lanius isabellinus,2002,3.55244565010071
Lanius schach,2002,5.90175437927246
Lanius sphenocercus,2002,3.41997885704041
Lanius tephronotus,2002,3.45421695709229
Larus crassirostris,2002,6.25963163375855
Larvivora brunnea,2002,4.04712295532227
Larvivora cyane,2002,2.70556020736694
Leptopoecile elegans,2002,2.61142730712891
Leptoptilos javanicus,2002,6.57319259643555
Limnodromus semipalmatus,2002,2.59818840026855
Limosa limosa,2002,2.78737449645996
Linaria cannabina,2002,3.57470560073853
Locustella davidi,2002,2.69769239425659
Locustella mandelli,2002,6.53947353363037
Lonchura striata,2002,6.83169746398926
Lophotriorchis kienerii,2002,7.7463812828064
Lophura leucomelanos,2002,4.91061592102051
Lophura nycthemera,2002,6.92710685729981
Loxia curvirostra,2002,2.78623676300049
Macropygia unchall,2002,6.3650279045105
Mareca falcata,2002,2.37811684608459
Megaceryle lugubris,2002,6.16127252578735
Melanitta fusca,2002,2.77961397171021
Melanitta stejnegeri,2002,1.48848485946655
Melanochlora sultanea,2002,6.83391380310059
Mergus serrator,2002,2.7607696056366
Merops philippinus,2002,6.88569688796997
Mixornis gularis,2002,6.47120523452759
Monticola gularis,2002,3.05884766578674
Monticola rufiventris,2002,6.15610456466675
Monticola solitarius,2002,5.08286905288696
Motacilla citreola,2002,2.95611834526062
Moupinia poecilotis,2002,3.85517811775208
Muscicapa dauurica,2002,2.8799421787262
Muscicapa ferruginea,2002,5.50968456268311
Muscicapa muttui,2002,6.51593399047852
Mycerobas affinis,2002,3.47007036209106
Mycerobas carnipes,2002,2.99153542518616
Myiomela leucura,2002,6.09886026382446
Myophonus caeruleus,2002,5.48086547851563
Netta rufina,2002,3.71752429008484
Niltava davidi,2002,6.4219970703125
Niltava grandis,2002,6.16815710067749
Niltava macgrigoriae,2002,6.5882716178894
Niltava sundara,2002,5.18850898742676
Ninox japonica,2002,5.19234371185303
Nipponia nippon,2002,5.76778602600098
Nisaetus nipalensis,2002,6.31002330780029
Numenius madagascariensis,2002,2.64221119880676
Nycticorax nycticorax,2002,5.99723529815674
Oenanthe deserti,2002,3.14256882667542
Oenanthe oenanthe,2002,3.56167793273926
Onychoprion anaethetus,2002,7.5696702003479
Oriolus oriolus,2002,3.36759161949158
Otus lettia,2002,6.69787931442261
Otus semitorques,2002,4.3537335395813
Otus spilocephalus,2002,6.41592073440552
Oxyura leucocephala,2002,4.0244402885437
Panurus biarmicus,2002,3.51696610450745
Paradoxornis guttaticollis,2002,6.47986507415772
Paradoxornis heudei,2002,5.47093057632446
Parayuhina diademata,2002,5.62957715988159
Pardaliparus venustulus,2002,5.78061676025391
Parus monticolus,2002,5.57168340682983
Passer cinnamomeus,2002,5.56859493255615
Passer domesticus,2002,2.71685600280762
Passer hispaniolensis,2002,3.67424368858337
Pelecanus crispus,2002,2.67923021316528
Pellorneum tickelli,2002,6.96931076049805
Perdix hodgsoniae,2002,1.81665945053101
Pericrocotus cantonensis,2002,6.4550142288208
Pericrocotus divaricatus,2002,3.05660605430603
Pericrocotus ethologus,2002,4.88128805160523
Pericrocotus solaris,2002,6.77837657928467
Periparus rubidiventris,2002,2.52394032478333
Pernis ptilorhynchus,2002,3.29499387741089
Phasianus colchicus,2002,4.5073504447937
Phoenicurus erythronotus,2002,3.69487142562866
Phoenicurus frontalis,2002,3.52581477165222
Phoenicurus leucocephalus,2002,4.28507947921753
Phoenicurus ochruros,2002,3.23263192176819
Phoenicurus schisticeps,2002,3.05563521385193
Phylloscopus affinis,2002,3.63859701156616
Phylloscopus burkii,2002,2.98873090744019
Phylloscopus cantator,2002,6.18688535690308
Phylloscopus castaniceps,2002,6.33456087112427
Phylloscopus claudiae,2002,4.91098165512085
Phylloscopus coronatus,2002,4.11726093292236
Phylloscopus emeiensis,2002,5.50578594207764
Phylloscopus intermedius,2002,5.84012603759766
Phylloscopus magnirostris,2002,3.98026204109192
Phylloscopus ogilviegranti,2002,6.74838352203369
Phylloscopus omeiensis,2002,4.96254396438599
Phylloscopus pulcher,2002,4.32955265045166
Phylloscopus ricketti,2002,6.1759877204895
Phylloscopus soror,2002,5.79677248001099
Phylloscopus subaffinis,2002,5.22217130661011
Phylloscopus tenellipes,2002,3.55676221847534
Phylloscopus tephrocephalus,2002,5.38112449645996
Phylloscopus yunnanensis,2002,4.46261215209961
Picumnus innominatus,2002,6.1681170463562
Picus chlorolophus,2002,6.88007593154907
Pitta nympha,2002,6.65722417831421
Platalea minor,2002,4.80727767944336
Pnoepyga immaculata,2002,3.75749087333679
Podiceps auritus,2002,2.6088171005249
Podiceps grisegena,2002,2.89475798606873
Podiceps nigricollis,2002,3.31906700134277
Podoces biddulphi,2002,5.36212062835693
Pomatorhinus schisticeps,2002,6.52652931213379
Pomatorhinus superciliaris,2002,6.16319704055786
Prinia atrogularis,2002,5.69493675231934
Prinia flaviventris,2002,7.02248382568359
Prinia inornata,2002,6.76869487762451
Prunella collaris,2002,2.61824131011963
Prunella himalayana,2002,2.3670334815979
Prunella immaculata,2002,2.86558866500855
Prunella montanella,2002,1.57776856422424
Prunella strophiata,2002,3.54090976715088
Psarisomus dalhousiae,2002,6.56689500808716
Pseudopodoces humilis,2002,1.74916207790375
Psilopogon faber,2002,7.11962699890137
Psilopogon virens,2002,6.41630363464356
Pterorhinus berthemyi,2002,6.31327247619629
Pterorhinus lanceolatus,2002,5.84620237350464
Pterorhinus pectoralis,2002,6.45926809310913
Pterorhinus sannio,2002,6.45304822921753
Pteruthius rufiventer,2002,5.716628074646
Pteruthius xanthochlorus,2002,4.92842102050781
Ptyonoprogne rupestris,2002,3.7774019241333
Pycnonotus aurigaster,2002,6.72031307220459
Pycnonotus jocosus,2002,6.85646629333496
Pycnonotus sinensis,2002,6.14330959320068
Pycnonotus xanthorrhous,2002,6.05924558639526
Pyrrhula erythaca,2002,4.59353637695313
Pyrrhula nipalensis,2002,6.00067138671875
Rallina eurizonoides,2002,7.32787036895752
Rallus aquaticus,2002,3.0320315361023
Recurvirostra avosetta,2002,2.84242510795593
Regulus regulus,2002,4.14673376083374
Remiz consobrinus,2002,3.28417992591858
Remiz coronatus,2002,3.18203830718994
Rhodospiza obsoleta,2002,3.79934787750244
Rubigula flaviventris,2002,6.98147392272949
Sasia ochracea,2002,7.03692483901978
Saxicola ferreus,2002,6.00893402099609
Sitta cinnamoventris,2002,6.5682635307312
Sitta formosa,2002,6.27714824676514
Sitta villosa,2002,3.96768069267273
Sittiparus varius,2002,3.89034557342529
Spilopelia chinensis,2002,6.07479000091553
Spilopelia senegalensis,2002,3.52340435981751
Spilornis cheela,2002,6.65599775314331
Spinus spinus,2002,2.30370712280273
Spizixos semitorques,2002,6.35179758071899
Spodiopsar cineraceus,2002,3.53556203842163
Spodiopsar sericeus,2002,6.69257020950317
Stachyris humei,2002,5.66310882568359
Staphida torqueola,2002,6.6593861579895
Streptopelia decaocto,2002,4.34971141815186
Sturnia sinensis,2002,7.06456184387207
Sturnus vulgaris,2002,3.817711353302
Suthora fulvifrons,2002,4.64011812210083
Syrmaticus humiae,2002,6.5455904006958
Syrmaticus reevesii,2002,5.96869993209839
Syrrhaptes paradoxus,2002,3.55014133453369
Tarsiger chrysaeus,2002,4.0940899848938
Tarsiger indicus,2002,4.64851760864258
Temnurus temnurus,2002,8.25952816009522
Tephrodornis virgatus,2002,7.15964889526367
Thalasseus bergii,2002,7.87556838989258
Timalia pileata,2002,7.09494829177856
Tragopan caboti,2002,6.8961968421936
Tragopan temminckii,2002,5.51348543167114
Treron curvirostra,2002,6.97439289093018
Treron sieboldii,2002,6.77730512619019
Treron sphenurus,2002,5.9398365020752
Turdus boulboul,2002,6.64622831344605
Turdus cardis,2002,6.11764907836914
Turdus feae,2002,4.314040184021
Turdus mandarinus,2002,6.04072332382202
Turdus pilaris,2002,2.07440614700317
Turdus rubrocanus,2002,3.7765200138092
Turdus ruficollis,2002,3.33120346069336
Turdus viscivorus,2002,3.73217129707336
Turnix suscitator,2002,6.79805660247803
Tyto longimembris,2002,6.76893186569214
Urile pelagicus,2002,5.0686411857605
Urosphena squameiceps,2002,3.3108823299408
Vanellus cinereus,2002,3.37403535842896
Vanellus indicus,2002,6.70278406143189
Vanellus vanellus,2002,3.21801018714905
Yuhina nigrimenta,2002,6.08089351654053
Zoothera dixoni,2002,5.12094974517822
Zoothera mollissima,2002,2.98714447021484
Zoothera monticola,2002,5.5254054069519
Zosterops erythropleurus,2002,3.5825457572937
Abroscopus albogularis,2003,6.6245584487915
Accipiter gularis,2003,3.0536048412323
Accipiter soloensis,2003,5.95210552215576
Accipiter trivirgatus,2003,7.466956615448
Accipiter virgatus,2003,6.0935525894165
Acridotheres cristatellus,2003,6.35535097122192
Acridotheres tristis,2003,5.58550882339478
Acrocephalus agricola,2003,3.94591093063355
Acrocephalus bistrigiceps,2003,3.99822735786438
Acrocephalus concinens,2003,5.58615398406982
Acrocephalus orientalis,2003,4.09073829650879
Acrocephalus tangorum,2003,3.44967341423035
Aegithalos bonvaloti,2003,4.2790470123291
Aegithalos caudatus,2003,2.94172430038452
Aegithalos concinnus,2003,6.25884962081909
Aegithalos fuliginosus,2003,4.73757171630859
Aerodramus brevirostris,2003,5.73198413848877
Aethopyga christinae,2003,8.37335586547852
Aethopyga gouldiae,2003,5.05701446533203
Agropsar sturninus,2003,3.55371451377869
Aix galericulata,2003,3.34535503387451
Alauda gulgula,2003,4.63154268264771
Alaudala cheleensis,2003,3.53403210639954
Alcedo hercules,2003,7.23471021652222
Alcippe morrisonia,2003,6.37500333786011
Amaurornis phoenicurus,2003,6.27578258514404
Anastomus oscitans,2003,6.37035989761353
Anser anser,2003,2.94818878173828
Anser fabalis,2003,2.34015846252441
Anser indicus,2003,2.47591280937195
Anthus godlewskii,2003,2.64916443824768
Anthus gustavi,2003,3.11904644966126
Anthus richardi,2003,4.37581205368042
Anthus roseatus,2003,3.1815767288208
Anthus trivialis,2003,2.66959524154663
Aquila fasciata,2003,7.08402585983276
Aquila heliaca,2003,2.45488667488098
Ardea intermedia,2003,6.51275777816773
Ardea purpurea,2003,5.72805500030518
Ardenna pacifica,2003,7.69663572311401
Artamus fuscus,2003,7.38825082778931
Asio flammeus,2003,2.47387170791626
Athene noctua,2003,3.23454403877258
Aviceda jerdoni,2003,7.51807355880737
Aviceda leuphotes,2003,6.28953456878662
Aythya fuligula,2003,2.59299802780151
Aythya nyroca,2003,3.09787440299988
Bombycilla japonica,2003,1.72919309139252
Branta canadensis,2003,4.22168970108032
Bubo nipalensis,2003,5.19885587692261
Bucanetes mongolicus,2003,3.52726817131043
Butastur indicus,2003,3.4422881603241
Cacomantis merulinus,2003,7.10059356689453
Calandrella brachydactyla,2003,3.58615159988403
Calliope obscura,2003,4.39343595504761
Caprimulgus macrurus,2003,7.56228160858154
Carpodacus roborowskii,2003,1.25575566291809
Carpodacus vinaceus,2003,5.61094856262207
Cecropis daurica,2003,4.58758163452148
Centropus bengalensis,2003,6.91446304321289
Cephalopyrus flammiceps,2003,5.1471061706543
Certhia familiaris,2003,3.33524012565613
Certhia himalayana,2003,4.67727518081665
Certhia tianquanensis,2003,4.29906272888184
Ceryle rudis,2003,6.67768430709839
Cettia brunnifrons,2003,4.57566404342651
Cettia castaneocoronata,2003,5.32675886154175
Chalcophaps indica,2003,7.39716005325317
Charadrius atrifrons,2003,2.2649519443512
Charadrius dealbatus,2003,7.86725378036499
Charadrius placidus,2003,4.04369688034058
Charadrius veredus,2003,2.68388080596924
Chlidonias leucopterus,2003,3.23527240753174
Chlidonias niger,2003,2.8863365650177
Chloris ambigua,2003,5.77022552490234
Chloris sinica,2003,4.82337379455566
Chrysolophus pictus,2003,5.36797523498535
Ciconia boyciana,2003,3.33752751350403
Ciconia nigra,2003,3.71905732154846
Circaetus gallicus,2003,3.72274136543274
Circus macrourus,2003,2.72794151306152
Circus spilonotus,2003,2.7524516582489
Cisticola exilis,2003,6.86105871200562
Cisticola juncidis,2003,6.25656604766846
Clamator coromandus,2003,6.40611457824707
Clanga clanga,2003,2.84923982620239
Columba oenas,2003,2.68701934814453
Copsychus saularis,2003,6.34543466567993
Coracias garrulus,2003,2.62124252319336
Coturnicops exquisitus,2003,2.42941212654114
Crex crex,2003,2.60639405250549
Crossoptilon mantchuricum,2003,4.23654413223267
Curruca curruca,2003,3.42802882194519
Cyanistes cyanus,2003,2.5149040222168
Cyanoderma pyrrhops,2003,5.18152093887329
Cygnus cygnus,2003,2.8160400390625
Cygnus olor,2003,2.99661540985107
Cyornis glaucicomans,2003,6.08846664428711
Cyornis hainanus,2003,7.61694812774658
Cyornis rubeculoides,2003,6.48852968215942
Delichon dasypus,2003,4.04972219467163
Dendrocitta formosae,2003,6.5533185005188
Dendrocopos hyperythrus,2003,4.40788078308105
Dendrocygna javanica,2003,6.77457237243652
Dicaeum cruentatum,2003,6.96919631958008
Dicaeum ignipectus,2003,6.1847562789917
Dicaeum minullum,2003,5.98793983459473
Dicrurus annectens,2003,7.25601720809937
Dicrurus hottentottus,2003,5.99408197402954
Dicrurus remifer,2003,6.70985460281372
Egretta eulophotes,2003,4.71198272705078
Egretta garzetta,2003,5.45509386062622
Elachura formosa,2003,6.30244255065918
Elanus caeruleus,2003,7.25142240524292
Emberiza buchanani,2003,2.38918232917786
Emberiza citrinella,2003,2.46283102035522
Emberiza elegans,2003,4.53594541549683
Emberiza godlewskii,2003,3.41446828842163
Emberiza hortulana,2003,3.04475975036621
Emberiza leucocephalos,2003,2.32284379005432
Emberiza pallasi,2003,1.70929074287415
Emberiza pusilla,2003,3.05916953086853
Emberiza rustica,2003,1.03920865058899
Emberiza siemsseni,2003,4.76237630844116
Emberiza yessoensis,2003,3.10330247879028
Enicurus leschenaulti,2003,6.01543188095093
Enicurus maculatus,2003,6.66325044631958
Enicurus schistaceus,2003,6.58355331420898
Erpornis zantholeuca,2003,6.76717901229858
Erythrogenys hypoleucos,2003,7.24798250198364
Eudynamys scolopaceus,2003,6.34597587585449
Eumyias thalassinus,2003,5.87248945236206
Falco cherrug,2003,2.94531488418579
Falco severus,2003,6.7615237236023
Ficedula albicilla,2003,1.79067575931549
Ficedula elisae,2003,4.13369178771973
Ficedula erithacus,2003,4.16790628433228
Ficedula hyperythra,2003,6.31980323791504
Ficedula mugimaki,2003,2.97461032867432
Ficedula strophiata,2003,5.56012344360352
Ficedula superciliaris,2003,3.61942553520203
Ficedula tricolor,2003,5.24994850158691
Fringilla coelebs,2003,1.22779536247253
Fringilla montifringilla,2003,1.50842833518982
Galerida cristata,2003,3.90644884109497
Gallicrex cinerea,2003,5.74288654327393
Garrulax maesi,2003,6.53779554367065
Garrulax monileger,2003,7.05984020233154
Gavia arctica,2003,2.7922158241272
Gelochelidon nilotica,2003,4.2011251449585
Geokichla citrina,2003,6.68998718261719
Glaucidium cuculoides,2003,6.45769834518433
Gorsachius melanolophus,2003,7.68333101272583
Gracupica nigricollis,2003,6.7847170829773
Grandala coelicolor,2003,2.32653617858887
Grus japonensis,2003,3.03548932075501
Grus monacha,2003,2.35934376716614
Grus nigricollis,2003,1.59219646453857
Gypaetus barbatus,2003,2.49780368804932
Gyps himalayensis,2003,2.59344053268433
Halcyon coromanda,2003,4.70406723022461
Halcyon pileata,2003,5.71626091003418
Halcyon smyrnensis,2003,7.68542385101318
Haliaeetus leucoryphus,2003,5.80234289169312
Harpactes wardi,2003,4.54680824279785
Helopsaltes certhiola,2003,3.40593957901001
Helopsaltes pryeri,2003,4.02718210220337
Hemiprocne coronata,2003,6.53834342956543
Hemitesia pallidipes,2003,6.53208160400391
Hemixos castanonotus,2003,7.05565643310547
Heterophasia desgodinsi,2003,6.20920705795288
Heteroxenicus stellatus,2003,4.99206161499023
Hieraaetus pennatus,2003,1.95726370811462
Hierococcyx nisicolor,2003,6.56203842163086
Hirundapus caudacutus,2003,3.24910259246826
Hirundo rustica,2003,3.92086935043335
Histrionicus histrionicus,2003,3.01319169998169
Hydrocoloeus minutus,2003,4.42935800552368
Hydrophasianus chirurgus,2003,6.54774188995361
Hydroprogne caspia,2003,5.66880226135254
Hypothymis azurea,2003,6.64957904815674
Hypsipetes leucocephalus,2003,6.06723070144653
Ianthocincla lunulata,2003,4.89801931381226
Ibidorhyncha struthersii,2003,2.94402194023132
Ictinaetus malaiensis,2003,6.70093393325806
Iduna caligata,2003,2.69220471382141
Indicator xanthonotus,2003,5.38484239578247
Ixobrychus cinnamomeus,2003,6.10818815231323
Ixobrychus eurhythmus,2003,4.7354679107666
Ixobrychus minutus,2003,3.09802079200745
Ixos mcclellandii,2003,6.68435764312744
Ketupa flavipes,2003,6.52432870864868
Lalage melaschistos,2003,5.95121240615845
Lanius borealis,2003,2.55926418304443
Lanius collurioides,2003,6.98121213912964
Lanius isabellinus,2003,3.34101629257202
Lanius schach,2003,5.83660173416138
Lanius sphenocercus,2003,3.30880498886108
Lanius tephronotus,2003,3.43980002403259
Larus crassirostris,2003,6.14154005050659
Larvivora brunnea,2003,4.00998163223267
Larvivora cyane,2003,2.65168285369873
Leptopoecile elegans,2003,2.57642483711243
Leptoptilos javanicus,2003,6.61776208877564
Limnodromus semipalmatus,2003,2.55307364463806
Limosa limosa,2003,2.58573174476624
Linaria cannabina,2003,3.12882661819458
Locustella davidi,2003,2.66994976997376
Locustella mandelli,2003,6.52096700668335
Lonchura striata,2003,6.77625513076782
Lophotriorchis kienerii,2003,7.75251579284668
Lophura leucomelanos,2003,4.96171569824219
Lophura nycthemera,2003,6.94553995132446
Loxia curvirostra,2003,2.71432876586914
Macropygia unchall,2003,6.35070991516113
Mareca falcata,2003,2.32460713386536
Megaceryle lugubris,2003,6.06613349914551
Melanitta fusca,2003,2.35409903526306
Melanitta stejnegeri,2003,1.3570716381073
Melanochlora sultanea,2003,6.85019159317017
Mergus serrator,2003,2.73889565467834
Merops philippinus,2003,6.91673612594605
Mixornis gularis,2003,6.54009246826172
Monticola gularis,2003,3.00271201133728
Monticola rufiventris,2003,6.11091470718384
Monticola solitarius,2003,5.01243829727173
Motacilla citreola,2003,2.82681155204773
Moupinia poecilotis,2003,3.81302666664124
Muscicapa dauurica,2003,2.82534885406494
Muscicapa ferruginea,2003,5.46386575698853
Muscicapa muttui,2003,6.46331119537354
Mycerobas affinis,2003,3.48780870437622
Mycerobas carnipes,2003,2.90087866783142
Myiomela leucura,2003,6.05363941192627
Myophonus caeruleus,2003,5.38939428329468
Netta rufina,2003,3.3278923034668
Niltava davidi,2003,6.39485311508179
Niltava grandis,2003,6.22809314727783
Niltava macgrigoriae,2003,6.60918760299683
Niltava sundara,2003,5.1543984413147
Ninox japonica,2003,5.08822917938232
Nipponia nippon,2003,5.56016397476196
Nisaetus nipalensis,2003,6.30682849884033
Numenius madagascariensis,2003,2.60319685935974
Nycticorax nycticorax,2003,5.90719556808472
Oenanthe deserti,2003,2.96398997306824
Oenanthe oenanthe,2003,3.30360174179077
Onychoprion anaethetus,2003,7.52042961120606
Oriolus oriolus,2003,2.93190479278564
Otus lettia,2003,6.64622592926025
Otus semitorques,2003,4.23472785949707
Otus spilocephalus,2003,6.41757488250732
Oxyura leucocephala,2003,3.64072942733765
Panurus biarmicus,2003,3.31904554367065
Paradoxornis guttaticollis,2003,6.44948768615723
Paradoxornis heudei,2003,5.31435012817383
Parayuhina diademata,2003,5.58425378799439
Pardaliparus venustulus,2003,5.64288330078125
Parus monticolus,2003,5.49073600769043
Passer cinnamomeus,2003,5.46844339370728
Passer domesticus,2003,2.5061240196228
Passer hispaniolensis,2003,3.24486327171326
Pelecanus crispus,2003,2.40861344337463
Pellorneum tickelli,2003,7.00992393493652
Perdix hodgsoniae,2003,1.84896159172058
Pericrocotus cantonensis,2003,6.37278509140015
Pericrocotus divaricatus,2003,3.05923247337341
Pericrocotus ethologus,2003,4.80225038528442
Pericrocotus solaris,2003,6.76390933990479
Periparus rubidiventris,2003,2.53125667572022
Pernis ptilorhynchus,2003,3.26912498474121
Phasianus colchicus,2003,4.39680862426758
Phoenicurus erythronotus,2003,3.31060576438904
Phoenicurus frontalis,2003,3.48907136917114
Phoenicurus leucocephalus,2003,4.21419286727905
Phoenicurus ochruros,2003,3.08211016654968
Phoenicurus schisticeps,2003,3.05083250999451
Phylloscopus affinis,2003,3.60814189910889
Phylloscopus burkii,2003,3.02254605293274
Phylloscopus cantator,2003,6.22712182998657
Phylloscopus castaniceps,2003,6.30138921737671
Phylloscopus claudiae,2003,4.73446989059448
Phylloscopus coronatus,2003,4.02800464630127
Phylloscopus emeiensis,2003,5.40903472900391
Phylloscopus intermedius,2003,5.80207777023315
Phylloscopus magnirostris,2003,3.96037244796753
Phylloscopus ogilviegranti,2003,6.72372436523438
Phylloscopus omeiensis,2003,4.85114574432373
Phylloscopus pulcher,2003,4.33087921142578
Phylloscopus ricketti,2003,6.08921384811401
Phylloscopus soror,2003,5.67256879806519
Phylloscopus subaffinis,2003,5.14791917800903
Phylloscopus tenellipes,2003,3.54416728019714
Phylloscopus tephrocephalus,2003,5.30471611022949
Phylloscopus yunnanensis,2003,4.26078510284424
Picumnus innominatus,2003,6.11349582672119
Picus chlorolophus,2003,6.90211915969849
Pitta nympha,2003,6.57615900039673
Platalea minor,2003,4.65767621994019
Pnoepyga immaculata,2003,3.78741145133972
Podiceps auritus,2003,2.28052425384522
Podiceps grisegena,2003,2.79528903961182
Podiceps nigricollis,2003,3.20564317703247
Podoces biddulphi,2003,5.10745286941528
Pomatorhinus schisticeps,2003,6.54000186920166
Pomatorhinus superciliaris,2003,6.20498180389404
Prinia atrogularis,2003,5.72139978408814
Prinia flaviventris,2003,7.08817052841187
Prinia inornata,2003,6.70777177810669
Prunella collaris,2003,2.5089738368988
Prunella himalayana,2003,2.00731658935547
Prunella immaculata,2003,2.86943507194519
Prunella montanella,2003,1.35767567157745
Prunella strophiata,2003,3.50647592544556
Psarisomus dalhousiae,2003,6.61866521835327
Pseudopodoces humilis,2003,1.73010337352753
Psilopogon faber,2003,7.05513000488281
Psilopogon virens,2003,6.39910840988159
Pterorhinus berthemyi,2003,6.23827171325684
Pterorhinus lanceolatus,2003,5.7984938621521
Pterorhinus pectoralis,2003,6.37586450576782
Pterorhinus sannio,2003,6.40499544143677
Pteruthius rufiventer,2003,5.75371980667114
Pteruthius xanthochlorus,2003,4.89617586135864
Ptyonoprogne rupestris,2003,3.61669301986694
Pycnonotus aurigaster,2003,6.7068018913269
Pycnonotus jocosus,2003,6.86591005325317
Pycnonotus sinensis,2003,6.02520227432251
Pycnonotus xanthorrhous,2003,6.01673936843872
Pyrrhula erythaca,2003,4.5421576499939
Pyrrhula nipalensis,2003,5.99885034561157
Rallina eurizonoides,2003,7.34400081634522
Rallus aquaticus,2003,2.87971806526184
Recurvirostra avosetta,2003,2.66183376312256
Regulus regulus,2003,4.0762619972229
Remiz consobrinus,2003,3.2144947052002
Remiz coronatus,2003,2.83434247970581
Rhodospiza obsoleta,2003,3.56270599365234
Rubigula flaviventris,2003,7.01574563980103
Sasia ochracea,2003,7.06364583969116
Saxicola ferreus,2003,5.95093870162964
Sitta cinnamoventris,2003,6.62754535675049
Sitta formosa,2003,6.33931541442871
Sitta villosa,2003,3.81513071060181
Sittiparus varius,2003,3.81390881538391
Spilopelia chinensis,2003,5.98054933547974
Spilopelia senegalensis,2003,3.16346979141235
Spilornis cheela,2003,6.64877271652222
Spinus spinus,2003,2.24906039237976
Spizixos semitorques,2003,6.25963354110718
Spodiopsar cineraceus,2003,3.40751647949219
Spodiopsar sericeus,2003,6.62010192871094
Stachyris humei,2003,5.67268800735474
Staphida torqueola,2003,6.60694646835327
Streptopelia decaocto,2003,4.14778614044189
Sturnia sinensis,2003,7.02536582946777
Sturnus vulgaris,2003,3.4402117729187
Suthora fulvifrons,2003,4.61456108093262
Syrmaticus humiae,2003,6.61239242553711
Syrmaticus reevesii,2003,5.84786987304688
Syrrhaptes paradoxus,2003,3.34496116638184
Tarsiger chrysaeus,2003,4.11373519897461
Tarsiger indicus,2003,4.6818962097168
Temnurus temnurus,2003,8.23791790008545
Tephrodornis virgatus,2003,7.13183689117432
Thalasseus bergii,2003,7.83363342285156
Timalia pileata,2003,7.08571243286133
Tragopan caboti,2003,6.86765956878662
Tragopan temminckii,2003,5.46729755401611
Treron curvirostra,2003,7.01952409744263
Treron sieboldii,2003,6.7074499130249
Treron sphenurus,2003,5.97307634353638
Turdus boulboul,2003,6.67437839508057
Turdus cardis,2003,6.00016784667969
Turdus feae,2003,4.09060049057007
Turdus mandarinus,2003,5.95884132385254
Turdus pilaris,2003,1.90941441059113
Turdus rubrocanus,2003,3.72913360595703
Turdus ruficollis,2003,2.92168784141541
Turdus viscivorus,2003,3.35033273696899
Turnix suscitator,2003,6.7883677482605
Tyto longimembris,2003,6.70773363113403
Urile pelagicus,2003,4.90784549713135
Urosphena squameiceps,2003,3.32535362243652
Vanellus cinereus,2003,3.34559917449951
Vanellus indicus,2003,6.78240251541138
Vanellus vanellus,2003,3.04503560066223
Yuhina nigrimenta,2003,6.05289363861084
Zoothera dixoni,2003,5.14270162582398
Zoothera mollissima,2003,3.0111129283905
Zoothera monticola,2003,5.52740621566773
Zosterops erythropleurus,2003,3.55485963821411
Abroscopus albogularis,2004,6.58172035217285
Accipiter gularis,2004,3.08752942085266
Accipiter soloensis,2004,5.96313905715942
Accipiter trivirgatus,2004,7.36884689331055
Accipiter virgatus,2004,6.02933120727539
Acridotheres cristatellus,2004,6.35771703720093
Acridotheres tristis,2004,5.5511908531189
Acrocephalus agricola,2004,4.17932271957397
Acrocephalus bistrigiceps,2004,4.09136343002319
Acrocephalus concinens,2004,5.72693061828613
Acrocephalus orientalis,2004,4.18999147415161
Acrocephalus tangorum,2004,3.44199538230896
Aegithalos bonvaloti,2004,4.13262557983398
Aegithalos caudatus,2004,2.99575281143189
Aegithalos concinnus,2004,6.26276159286499
Aegithalos fuliginosus,2004,4.77447319030762
Aerodramus brevirostris,2004,5.67086172103882
Aethopyga christinae,2004,8.33892154693604
Aethopyga gouldiae,2004,5.02313375473023
Agropsar sturninus,2004,3.63482975959778
Aix galericulata,2004,3.34980773925781
Alauda gulgula,2004,4.63584184646606
Alaudala cheleensis,2004,3.67009472846985
Alcedo hercules,2004,7.12091875076294
Alcippe morrisonia,2004,6.36010503768921
Amaurornis phoenicurus,2004,6.27495241165161
Anastomus oscitans,2004,6.24513721466065
Anser anser,2004,3.09802794456482
Anser fabalis,2004,2.35210275650024
Anser indicus,2004,2.58372950553894
Anthus godlewskii,2004,2.78235840797424
Anthus gustavi,2004,3.10696792602539
Anthus richardi,2004,4.47951316833496
Anthus roseatus,2004,3.21140098571777
Anthus trivialis,2004,2.99987626075745
Aquila fasciata,2004,7.05855560302734
Aquila heliaca,2004,2.67664837837219
Ardea intermedia,2004,6.50075960159302
Ardea purpurea,2004,5.77965116500855
Ardenna pacifica,2004,7.65327882766724
Artamus fuscus,2004,7.29233646392822
Asio flammeus,2004,2.61887145042419
Athene noctua,2004,3.33155703544617
Aviceda jerdoni,2004,7.41664743423462
Aviceda leuphotes,2004,6.23118829727173
Aythya fuligula,2004,2.66208362579346
Aythya nyroca,2004,3.39390826225281
Bombycilla japonica,2004,1.73866152763367
Branta canadensis,2004,4.36085319519043
Bubo nipalensis,2004,5.06300973892212
Bucanetes mongolicus,2004,3.75056934356689
Butastur indicus,2004,3.46947860717773
Cacomantis merulinus,2004,7.00569200515747
Calandrella brachydactyla,2004,3.87517619132996
Calliope obscura,2004,4.47156524658203
Caprimulgus macrurus,2004,7.45512199401856
Carpodacus roborowskii,2004,1.2092559337616
Carpodacus vinaceus,2004,5.57206153869629
Cecropis daurica,2004,4.6255202293396
Centropus bengalensis,2004,6.89341115951538
Cephalopyrus flammiceps,2004,5.07493591308594
Certhia familiaris,2004,3.45327877998352
Certhia himalayana,2004,4.61221408843994
Certhia tianquanensis,2004,4.25480270385742
Ceryle rudis,2004,6.65523958206177
Cettia brunnifrons,2004,4.49042797088623
Cettia castaneocoronata,2004,5.21877288818359
Chalcophaps indica,2004,7.30502653121948
Charadrius atrifrons,2004,2.31786441802979
Charadrius dealbatus,2004,7.8139762878418
Charadrius placidus,2004,4.11987590789795
Charadrius veredus,2004,2.82440662384033
Chlidonias leucopterus,2004,3.34722828865051
Chlidonias niger,2004,3.21173286437988
Chloris ambigua,2004,5.61766624450684
Chloris sinica,2004,4.8733434677124
Chrysolophus pictus,2004,5.35693979263306
Ciconia boyciana,2004,3.34364652633667
Ciconia nigra,2004,3.86132478713989
Circaetus gallicus,2004,4.02130699157715
Circus macrourus,2004,3.05478262901306
Circus spilonotus,2004,2.78450727462769
Cisticola exilis,2004,6.79120922088623
Cisticola juncidis,2004,6.27845430374146
Clamator coromandus,2004,6.42915296554565
Clanga clanga,2004,2.87952661514282
Columba oenas,2004,2.96884655952454
Copsychus saularis,2004,6.32991981506348
Coracias garrulus,2004,2.93225312232971
Coturnicops exquisitus,2004,2.4390332698822
Crex crex,2004,2.92229795455933
Crossoptilon mantchuricum,2004,4.43209648132324
Curruca curruca,2004,3.61053967475891
Cyanistes cyanus,2004,2.64128923416138
Cyanoderma pyrrhops,2004,5.19191265106201
Cygnus cygnus,2004,2.94663071632385
Cygnus olor,2004,3.05876183509827
Cyornis glaucicomans,2004,6.0730562210083
Cyornis hainanus,2004,7.54348468780518
Cyornis rubeculoides,2004,6.39901685714722
Delichon dasypus,2004,4.03208208084106
Dendrocitta formosae,2004,6.53013801574707
Dendrocopos hyperythrus,2004,4.29812622070313
Dendrocygna javanica,2004,6.75469398498535
Dicaeum cruentatum,2004,6.90517091751099
Dicaeum ignipectus,2004,6.14838266372681
Dicaeum minullum,2004,5.9159255027771
Dicrurus annectens,2004,7.13584136962891
Dicrurus hottentottus,2004,6.01074409484863
Dicrurus remifer,2004,6.57183837890625
Egretta eulophotes,2004,4.86101150512695
Egretta garzetta,2004,5.47642326354981
Elachura formosa,2004,6.18030881881714
Elanus caeruleus,2004,7.20129489898682
Emberiza buchanani,2004,2.71481728553772
Emberiza citrinella,2004,2.83796143531799
Emberiza elegans,2004,4.52378797531128
Emberiza godlewskii,2004,3.47036075592041
Emberiza hortulana,2004,3.39881014823914
Emberiza leucocephalos,2004,2.40699648857117
Emberiza pallasi,2004,1.76121711730957
Emberiza pusilla,2004,3.06297492980957
Emberiza rustica,2004,1.42462372779846
Emberiza siemsseni,2004,4.83273124694824
Emberiza yessoensis,2004,3.09948492050171
Enicurus leschenaulti,2004,6.0039849281311
Enicurus maculatus,2004,6.55596780776978
Enicurus schistaceus,2004,6.50930118560791
Erpornis zantholeuca,2004,6.68274354934692
Erythrogenys hypoleucos,2004,7.18761730194092
Eudynamys scolopaceus,2004,6.35204792022705
Eumyias thalassinus,2004,5.82301950454712
Falco cherrug,2004,3.06641244888306
Falco severus,2004,6.65378332138062
Ficedula albicilla,2004,1.81243848800659
Ficedula elisae,2004,4.29613351821899
Ficedula erithacus,2004,4.07306575775147
Ficedula hyperythra,2004,6.21741962432861
Ficedula mugimaki,2004,3.00245046615601
Ficedula strophiata,2004,5.5137825012207
Ficedula superciliaris,2004,3.53918981552124
Ficedula tricolor,2004,5.16066598892212
Fringilla coelebs,2004,1.61005735397339
Fringilla montifringilla,2004,1.89576458930969
Galerida cristata,2004,4.06160449981689
Gallicrex cinerea,2004,5.77552700042725
Garrulax maesi,2004,6.49414014816284
Garrulax monileger,2004,6.99417781829834
Gavia arctica,2004,3.04704666137695
Gelochelidon nilotica,2004,4.3459529876709
Geokichla citrina,2004,6.64616584777832
Glaucidium cuculoides,2004,6.45134449005127
Gorsachius melanolophus,2004,7.61220407485962
Gracupica nigricollis,2004,6.69998502731323
Grandala coelicolor,2004,2.27803993225098
Grus japonensis,2004,3.04556274414063
Grus monacha,2004,2.40382313728333
Grus nigricollis,2004,1.60916936397553
Gypaetus barbatus,2004,2.57262182235718
Gyps himalayensis,2004,2.62548017501831
Halcyon coromanda,2004,4.64186334609985
Halcyon pileata,2004,5.75888204574585
Halcyon smyrnensis,2004,7.63026523590088
Haliaeetus leucoryphus,2004,5.7443642616272
Harpactes wardi,2004,4.44124364852905
Helopsaltes certhiola,2004,3.55523872375488
Helopsaltes pryeri,2004,4.09055757522583
Hemiprocne coronata,2004,6.3923659324646
Hemitesia pallidipes,2004,6.39920568466187
Hemixos castanonotus,2004,7.00570106506348
Heterophasia desgodinsi,2004,6.10748100280762
Heteroxenicus stellatus,2004,4.87491130828857
Hieraaetus pennatus,2004,2.12801313400269
Hierococcyx nisicolor,2004,6.48352289199829
Hirundapus caudacutus,2004,3.24851536750793
Hirundo rustica,2004,4.00050497055054
Histrionicus histrionicus,2004,3.00330448150635
Hydrocoloeus minutus,2004,4.72267627716065
Hydrophasianus chirurgus,2004,6.5161943435669
Hydroprogne caspia,2004,5.81750249862671
Hypothymis azurea,2004,6.55368709564209
Hypsipetes leucocephalus,2004,6.04444122314453
Ianthocincla lunulata,2004,4.9181079864502
Ibidorhyncha struthersii,2004,2.98699164390564
Ictinaetus malaiensis,2004,6.64538288116455
Iduna caligata,2004,3.0525758266449
Indicator xanthonotus,2004,5.30257320404053
Ixobrychus cinnamomeus,2004,6.1459231376648
Ixobrychus eurhythmus,2004,4.80091142654419
Ixobrychus minutus,2004,3.39782381057739
Ixos mcclellandii,2004,6.63091135025024
Ketupa flavipes,2004,6.55417633056641
Lalage melaschistos,2004,5.97259902954102
Lanius borealis,2004,2.76877903938293
Lanius collurioides,2004,6.87883949279785
Lanius isabellinus,2004,3.49284076690674
Lanius schach,2004,5.83566236495972
Lanius sphenocercus,2004,3.38682126998901
Lanius tephronotus,2004,3.37033414840698
Larus crassirostris,2004,6.20550918579102
Larvivora brunnea,2004,3.95772266387939
Larvivora cyane,2004,2.6742262840271
Leptopoecile elegans,2004,2.54581594467163
Leptoptilos javanicus,2004,6.46379995346069
Limnodromus semipalmatus,2004,2.57238936424255
Limosa limosa,2004,2.72249698638916
Linaria cannabina,2004,3.46597933769226
Locustella davidi,2004,2.67396688461304
Locustella mandelli,2004,6.44633913040161
Lonchura striata,2004,6.76560020446777
Lophotriorchis kienerii,2004,7.68379259109497
Lophura leucomelanos,2004,4.85395956039429
Lophura nycthemera,2004,6.83131217956543
Loxia curvirostra,2004,2.74768161773682
Macropygia unchall,2004,6.26384878158569
Mareca falcata,2004,2.33646750450134
Megaceryle lugubris,2004,6.10265111923218
Melanitta fusca,2004,2.75093698501587
Melanitta stejnegeri,2004,1.34266138076782
Melanochlora sultanea,2004,6.75486946105957
Mergus serrator,2004,2.72988510131836
Merops philippinus,2004,6.78437280654907
Mixornis gularis,2004,6.36930704116821
Monticola gularis,2004,3.03162908554077
Monticola rufiventris,2004,6.0767240524292
Monticola solitarius,2004,5.03352689743042
Motacilla citreola,2004,2.90911841392517
Moupinia poecilotis,2004,3.7402720451355
Muscicapa dauurica,2004,2.85080671310425
Muscicapa ferruginea,2004,5.39973402023315
Muscicapa muttui,2004,6.40511131286621
Mycerobas affinis,2004,3.40028357505798
Mycerobas carnipes,2004,2.92525792121887
Myiomela leucura,2004,5.99799060821533
Myophonus caeruleus,2004,5.42213010787964
Netta rufina,2004,3.63057017326355
Niltava davidi,2004,6.31755495071411
Niltava grandis,2004,6.08628749847412
Niltava macgrigoriae,2004,6.49085521697998
Niltava sundara,2004,5.10437822341919
Ninox japonica,2004,5.16925811767578
Nipponia nippon,2004,5.6609377861023
Nisaetus nipalensis,2004,6.2190523147583
Numenius madagascariensis,2004,2.60053992271423
Nycticorax nycticorax,2004,5.94277048110962
Oenanthe deserti,2004,3.10574078559876
Oenanthe oenanthe,2004,3.49955248832703
Onychoprion anaethetus,2004,7.47865343093872
Oriolus oriolus,2004,3.26901721954346
Otus lettia,2004,6.63095617294312
Otus semitorques,2004,4.33064222335815
Otus spilocephalus,2004,6.33628416061401
Oxyura leucocephala,2004,3.93024730682373
Panurus biarmicus,2004,3.47255229949951
Paradoxornis guttaticollis,2004,6.38747453689575
Paradoxornis heudei,2004,5.44954109191895
Parayuhina diademata,2004,5.52536344528198
Pardaliparus venustulus,2004,5.71288776397705
Parus monticolus,2004,5.46889591217041
Passer cinnamomeus,2004,5.50645065307617
Passer domesticus,2004,2.66251850128174
Passer hispaniolensis,2004,3.56352758407593
Pelecanus crispus,2004,2.62552428245544
Pellorneum tickelli,2004,6.87303066253662
Perdix hodgsoniae,2004,1.81521213054657
Pericrocotus cantonensis,2004,6.38548183441162
Pericrocotus divaricatus,2004,3.04418277740479
Pericrocotus ethologus,2004,4.81420373916626
Pericrocotus solaris,2004,6.69660377502441
Periparus rubidiventris,2004,2.4616219997406
Pernis ptilorhynchus,2004,3.25610089302063
Phasianus colchicus,2004,4.44680595397949
Phoenicurus erythronotus,2004,3.61506748199463
Phoenicurus frontalis,2004,3.45650887489319
Phoenicurus leucocephalus,2004,4.22811555862427
Phoenicurus ochruros,2004,3.1913468837738
Phoenicurus schisticeps,2004,2.98876690864563
Phylloscopus affinis,2004,3.56729602813721
Phylloscopus burkii,2004,3.00475382804871
Phylloscopus cantator,2004,6.11185693740845
Phylloscopus castaniceps,2004,6.25869178771973
Phylloscopus claudiae,2004,4.82729196548462
Phylloscopus coronatus,2004,4.02590560913086
Phylloscopus emeiensis,2004,5.34201097488403
Phylloscopus intermedius,2004,5.75674295425415
Phylloscopus magnirostris,2004,3.87645125389099
Phylloscopus ogilviegranti,2004,6.65349817276001
Phylloscopus omeiensis,2004,4.83719921112061
Phylloscopus pulcher,2004,4.22632026672363
Phylloscopus ricketti,2004,6.10518407821655
Phylloscopus soror,2004,5.69894075393677
Phylloscopus subaffinis,2004,5.15201568603516
Phylloscopus tenellipes,2004,3.55576014518738
Phylloscopus tephrocephalus,2004,5.275062084198
Phylloscopus yunnanensis,2004,4.38775014877319
Picumnus innominatus,2004,6.09594392776489
Picus chlorolophus,2004,6.79669523239136
Pitta nympha,2004,6.6194953918457
Platalea minor,2004,4.81729650497437
Pnoepyga immaculata,2004,3.79596662521362
Podiceps auritus,2004,2.50646066665649
Podiceps grisegena,2004,2.83980178833008
Podiceps nigricollis,2004,3.29089736938477
Podoces biddulphi,2004,5.32450246810913
Pomatorhinus schisticeps,2004,6.46906185150147
Pomatorhinus superciliaris,2004,6.0921311378479
Prinia atrogularis,2004,5.64357089996338
Prinia flaviventris,2004,6.92925834655762
Prinia inornata,2004,6.69899129867554
Prunella collaris,2004,2.57862710952759
Prunella himalayana,2004,2.30424308776855
Prunella immaculata,2004,2.80176854133606
Prunella montanella,2004,1.44658827781677
Prunella strophiata,2004,3.45745491981506
Psarisomus dalhousiae,2004,6.48247051239014
Pseudopodoces humilis,2004,1.7346019744873
Psilopogon faber,2004,7.0692663192749
Psilopogon virens,2004,6.33813619613648
Pterorhinus berthemyi,2004,6.24476337432861
Pterorhinus lanceolatus,2004,5.75103759765625
Pterorhinus pectoralis,2004,6.40002250671387
Pterorhinus sannio,2004,6.37719488143921
Pteruthius rufiventer,2004,5.6423192024231
Pteruthius xanthochlorus,2004,4.83287286758423
Ptyonoprogne rupestris,2004,3.71436500549316
Pycnonotus aurigaster,2004,6.63866329193115
Pycnonotus jocosus,2004,6.76589345932007
Pycnonotus sinensis,2004,6.08868551254273
Pycnonotus xanthorrhous,2004,5.97344493865967
Pyrrhula erythaca,2004,4.51226997375488
Pyrrhula nipalensis,2004,5.91800355911255
Rallina eurizonoides,2004,7.24365043640137
Rallus aquaticus,2004,2.99031543731689
Recurvirostra avosetta,2004,2.78363490104675
Regulus regulus,2004,4.06358194351196
Remiz consobrinus,2004,3.25944685935974
Remiz coronatus,2004,3.0924768447876
Rhodospiza obsoleta,2004,3.71848511695862
Rubigula flaviventris,2004,6.88118743896484
Sasia ochracea,2004,6.94681119918823
Saxicola ferreus,2004,5.94338464736939
Sitta cinnamoventris,2004,6.47183656692505
Sitta formosa,2004,6.18827199935913
Sitta villosa,2004,3.9125394821167
Sittiparus varius,2004,3.89015030860901
Spilopelia chinensis,2004,6.01082229614258
Spilopelia senegalensis,2004,3.44575881958008
Spilornis cheela,2004,6.57905530929565
Spinus spinus,2004,2.25974106788635
Spizixos semitorques,2004,6.2879376411438
Spodiopsar cineraceus,2004,3.48931765556335
Spodiopsar sericeus,2004,6.63083791732788
Stachyris humei,2004,5.60853004455566
Staphida torqueola,2004,6.58266544342041
Streptopelia decaocto,2004,4.29952144622803
Sturnia sinensis,2004,6.99736452102661
Sturnus vulgaris,2004,3.73552107810974
Suthora fulvifrons,2004,4.53395175933838
Syrmaticus humiae,2004,6.43735408782959
Syrmaticus reevesii,2004,5.84819746017456
Syrrhaptes paradoxus,2004,3.49699187278748
Tarsiger chrysaeus,2004,4.00176572799683
Tarsiger indicus,2004,4.5498571395874
Temnurus temnurus,2004,8.19635200500488
Tephrodornis virgatus,2004,7.08292818069458
Thalasseus bergii,2004,7.78929948806763
Timalia pileata,2004,7.01275062561035
Tragopan caboti,2004,6.82370138168335
Tragopan temminckii,2004,5.40718126296997
Treron curvirostra,2004,6.88554048538208
Treron sieboldii,2004,6.72964572906494
Treron sphenurus,2004,5.83166122436523
Turdus boulboul,2004,6.548415184021
Turdus cardis,2004,6.08979320526123
Turdus feae,2004,4.26780462265015
Turdus mandarinus,2004,5.97465801239014
Turdus pilaris,2004,2.00170922279358
Turdus rubrocanus,2004,3.70073294639587
Turdus ruficollis,2004,3.2335741519928
Turdus viscivorus,2004,3.65022873878479
Turnix suscitator,2004,6.70354843139648
Tyto longimembris,2004,6.70559883117676
Urile pelagicus,2004,5.05759382247925
Urosphena squameiceps,2004,3.32016730308533
Vanellus cinereus,2004,3.36159920692444
Vanellus indicus,2004,6.60040616989136
Vanellus vanellus,2004,3.16856169700623
Yuhina nigrimenta,2004,5.99876928329468
Zoothera dixoni,2004,5.01204347610474
Zoothera mollissima,2004,2.93061208724976
Zoothera monticola,2004,5.4718017578125
Zosterops erythropleurus,2004,3.5767560005188
Abroscopus albogularis,2005,6.60024929046631
Accipiter gularis,2005,2.90950894355774
Accipiter soloensis,2005,5.88019275665283
Accipiter trivirgatus,2005,7.4674711227417
Accipiter virgatus,2005,6.09854078292847
Acridotheres cristatellus,2005,6.35140752792358
Acridotheres tristis,2005,5.65742921829224
Acrocephalus agricola,2005,4.01488971710205
Acrocephalus bistrigiceps,2005,3.93066620826721
Acrocephalus concinens,2005,5.60126495361328
Acrocephalus orientalis,2005,4.03142738342285
Acrocephalus tangorum,2005,3.22815895080566
Aegithalos bonvaloti,2005,4.35226106643677
Aegithalos caudatus,2005,2.80790328979492
Aegithalos concinnus,2005,6.26024389266968
Aegithalos fuliginosus,2005,4.80433177947998
Aerodramus brevirostris,2005,5.75397682189941
Aethopyga christinae,2005,8.34251022338867
Aethopyga gouldiae,2005,5.07670307159424
Agropsar sturninus,2005,3.47973871231079
Aix galericulata,2005,3.15959906578064
Alauda gulgula,2005,4.64049053192139
Alaudala cheleensis,2005,3.55102038383484
Alcedo hercules,2005,7.24330759048462
Alcippe morrisonia,2005,6.36782026290894
Amaurornis phoenicurus,2005,6.27547025680542
Anastomus oscitans,2005,6.40519666671753
Anser anser,2005,2.91886162757874
Anser fabalis,2005,2.21254658699036
Anser indicus,2005,2.47684621810913
Anthus godlewskii,2005,2.56014633178711
Anthus gustavi,2005,2.93686532974243
Anthus richardi,2005,4.36099052429199
Anthus roseatus,2005,3.20683264732361
Anthus trivialis,2005,2.73098492622376
Aquila fasciata,2005,7.02525472640991
Aquila heliaca,2005,2.4821240901947
Ardea intermedia,2005,6.50153303146362
Ardea purpurea,2005,5.68009042739868
Ardenna pacifica,2005,7.61975049972534
Artamus fuscus,2005,7.36998653411865
Asio flammeus,2005,2.4460756778717
Athene noctua,2005,3.23916459083557
Aviceda jerdoni,2005,7.54472208023071
Aviceda leuphotes,2005,6.28421306610107
Aythya fuligula,2005,2.47089982032776
Aythya nyroca,2005,3.16553735733032
Bombycilla japonica,2005,1.64482223987579
Branta canadensis,2005,4.1980562210083
Bubo nipalensis,2005,5.25457715988159
Bucanetes mongolicus,2005,3.57963395118713
Butastur indicus,2005,3.26621747016907
Cacomantis merulinus,2005,7.08375310897827
Calandrella brachydactyla,2005,3.68180799484253
Calliope obscura,2005,4.47043991088867
Caprimulgus macrurus,2005,7.58721733093262
Carpodacus roborowskii,2005,1.26981747150421
Carpodacus vinaceus,2005,5.64095211029053
Cecropis daurica,2005,4.56504487991333
Centropus bengalensis,2005,6.88348770141602
Cephalopyrus flammiceps,2005,5.19046115875244
Certhia familiaris,2005,3.30312657356262
Certhia himalayana,2005,4.74679040908814
Certhia tianquanensis,2005,4.31777238845825
Ceryle rudis,2005,6.66259479522705
Cettia brunnifrons,2005,4.6158938407898
Cettia castaneocoronata,2005,5.36631298065186
Chalcophaps indica,2005,7.37439966201782
Charadrius atrifrons,2005,2.28648114204407
Charadrius dealbatus,2005,7.79637813568115
Charadrius placidus,2005,3.95974898338318
Charadrius veredus,2005,2.62116694450378
Chlidonias leucopterus,2005,3.16064953804016
Chlidonias niger,2005,2.96575856208801
Chloris ambigua,2005,5.82670497894287
Chloris sinica,2005,4.78635215759277
Chrysolophus pictus,2005,5.38754320144653
Ciconia boyciana,2005,3.14371418952942
Ciconia nigra,2005,3.71409106254578
Circaetus gallicus,2005,3.77629947662354
Circus macrourus,2005,2.80982732772827
Circus spilonotus,2005,2.61041140556335
Cisticola exilis,2005,6.83366107940674
Cisticola juncidis,2005,6.24012660980225
Clamator coromandus,2005,6.40224409103394
Clanga clanga,2005,2.70221543312073
Columba oenas,2005,2.80151581764221
Copsychus saularis,2005,6.33827018737793
Coracias garrulus,2005,2.7503445148468
Coturnicops exquisitus,2005,2.29234480857849
Crex crex,2005,2.72136068344116
Crossoptilon mantchuricum,2005,4.31167793273926
Curruca curruca,2005,3.49328374862671
Cyanistes cyanus,2005,2.48055458068848
Cyanoderma pyrrhops,2005,5.23657703399658
Cygnus cygnus,2005,2.80249285697937
Cygnus olor,2005,2.99752998352051
Cyornis glaucicomans,2005,6.09525156021118
Cyornis hainanus,2005,7.57440996170044
Cyornis rubeculoides,2005,6.53362846374512
Delichon dasypus,2005,4.04159212112427
Dendrocitta formosae,2005,6.53958034515381
Dendrocopos hyperythrus,2005,4.42120599746704
Dendrocygna javanica,2005,6.7562198638916
Dicaeum cruentatum,2005,6.93910789489746
Dicaeum ignipectus,2005,6.17953872680664
Dicaeum minullum,2005,5.98652076721191
Dicrurus annectens,2005,7.28013420104981
Dicrurus hottentottus,2005,6.00249481201172
Dicrurus remifer,2005,6.74573945999146
Egretta eulophotes,2005,4.60656452178955
Egretta garzetta,2005,5.4666018486023
Elachura formosa,2005,6.33004760742188
Elanus caeruleus,2005,7.19036531448364
Emberiza buchanani,2005,2.47011947631836
Emberiza citrinella,2005,2.38402199745178
Emberiza elegans,2005,4.46274089813232
Emberiza godlewskii,2005,3.42602515220642
Emberiza hortulana,2005,3.02152752876282
Emberiza leucocephalos,2005,2.28514623641968
Emberiza pallasi,2005,1.63139939308167
Emberiza pusilla,2005,2.8832221031189
Emberiza rustica,2005,0.904991328716278
Emberiza siemsseni,2005,4.82703924179077
Emberiza yessoensis,2005,2.91769695281982
Enicurus leschenaulti,2005,6.01717853546143
Enicurus maculatus,2005,6.66557359695435
Enicurus schistaceus,2005,6.56890058517456
Erpornis zantholeuca,2005,6.74983072280884
Erythrogenys hypoleucos,2005,7.2389407157898
Eudynamys scolopaceus,2005,6.34208917617798
Eumyias thalassinus,2005,5.88434648513794
Falco cherrug,2005,2.98225951194763
Falco severus,2005,6.76931715011597
Ficedula albicilla,2005,1.71061420440674
Ficedula elisae,2005,4.1697154045105
Ficedula erithacus,2005,4.20675277709961
Ficedula hyperythra,2005,6.33621406555176
Ficedula mugimaki,2005,2.8231086730957
Ficedula strophiata,2005,5.59018039703369
Ficedula superciliaris,2005,3.66891098022461
Ficedula tricolor,2005,5.28181743621826
Fringilla coelebs,2005,1.10119068622589
Fringilla montifringilla,2005,1.39130651950836
Galerida cristata,2005,3.92459678649902
Gallicrex cinerea,2005,5.72077417373657
Garrulax maesi,2005,6.51272106170654
Garrulax monileger,2005,7.02352142333984
Gavia arctica,2005,2.84861731529236
Gelochelidon nilotica,2005,4.20623826980591
Geokichla citrina,2005,6.67496585845947
Glaucidium cuculoides,2005,6.45053815841675
Gorsachius melanolophus,2005,7.6399712562561
Gracupica nigricollis,2005,6.76492881774902
Grandala coelicolor,2005,2.34904003143311
Grus japonensis,2005,2.87454390525818
Grus monacha,2005,2.30978775024414
Grus nigricollis,2005,1.59538006782532
Gypaetus barbatus,2005,2.53070640563965
Gyps himalayensis,2005,2.62646627426147
Halcyon coromanda,2005,4.57780265808106
Halcyon pileata,2005,5.72276258468628
Halcyon smyrnensis,2005,7.61550712585449
Haliaeetus leucoryphus,2005,5.84042310714722
Harpactes wardi,2005,4.60092401504517
Helopsaltes certhiola,2005,3.41299748420715
Helopsaltes pryeri,2005,3.92876052856445
Hemiprocne coronata,2005,6.59471225738525
Hemitesia pallidipes,2005,6.57947254180908
Hemixos castanonotus,2005,7.00462198257446
Heterophasia desgodinsi,2005,6.22965288162231
Heteroxenicus stellatus,2005,5.04202556610107
Hieraaetus pennatus,2005,1.95904088020325
Hierococcyx nisicolor,2005,6.56035995483398
Hirundapus caudacutus,2005,3.17516589164734
Hirundo rustica,2005,3.92039656639099
Histrionicus histrionicus,2005,2.83882260322571
Hydrocoloeus minutus,2005,4.54777956008911
Hydrophasianus chirurgus,2005,6.53088092803955
Hydroprogne caspia,2005,5.68166494369507
Hypothymis azurea,2005,6.64786100387573
Hypsipetes leucocephalus,2005,6.06492233276367
Ianthocincla lunulata,2005,4.9653582572937
Ibidorhyncha struthersii,2005,2.96688461303711
Ictinaetus malaiensis,2005,6.65594720840454
Iduna caligata,2005,2.65050673484802
Indicator xanthonotus,2005,5.4321174621582
Ixobrychus cinnamomeus,2005,6.10263681411743
Ixobrychus eurhythmus,2005,4.66270780563355
Ixobrychus minutus,2005,3.19448804855347
Ixos mcclellandii,2005,6.66431570053101
Ketupa flavipes,2005,6.50604152679443
Lalage melaschistos,2005,5.96182060241699
Lanius borealis,2005,2.5683856010437
Lanius collurioides,2005,6.98016452789307
Lanius isabellinus,2005,3.38268661499023
Lanius schach,2005,5.84098339080811
Lanius sphenocercus,2005,3.22752714157105
Lanius tephronotus,2005,3.46476125717163
Larus crassirostris,2005,6.08827352523804
Larvivora brunnea,2005,4.07277488708496
Larvivora cyane,2005,2.50637435913086
Leptopoecile elegans,2005,2.60253071784973
Leptoptilos javanicus,2005,6.66301202774048
Limnodromus semipalmatus,2005,2.40961813926697
Limosa limosa,2005,2.53153085708618
Linaria cannabina,2005,3.17193412780762
Locustella davidi,2005,2.50634980201721
Locustella mandelli,2005,6.50795841217041
Lonchura striata,2005,6.7460675239563
Lophotriorchis kienerii,2005,7.75890636444092
Lophura leucomelanos,2005,5.00868844985962
Lophura nycthemera,2005,6.94641971588135
Loxia curvirostra,2005,2.65889883041382
Macropygia unchall,2005,6.34941291809082
Mareca falcata,2005,2.19871377944946
Megaceryle lugubris,2005,6.06527471542358
Melanitta fusca,2005,2.19738221168518
Melanitta stejnegeri,2005,1.31142497062683
Melanochlora sultanea,2005,6.86302089691162
Mergus serrator,2005,2.56780958175659
Merops philippinus,2005,6.93510866165161
Mixornis gularis,2005,6.59966516494751
Monticola gularis,2005,2.85816287994385
Monticola rufiventris,2005,6.10979080200195
Monticola solitarius,2005,4.98100137710571
Motacilla citreola,2005,2.86385607719421
Moupinia poecilotis,2005,3.87814521789551
Muscicapa dauurica,2005,2.67327785491943
Muscicapa ferruginea,2005,5.4986310005188
Muscicapa muttui,2005,6.46781587600708
Mycerobas affinis,2005,3.53586554527283
Mycerobas carnipes,2005,2.93806552886963
Myiomela leucura,2005,6.06937265396118
Myophonus caeruleus,2005,5.40601778030396
Netta rufina,2005,3.41207599639893
Niltava davidi,2005,6.38659572601318
Niltava grandis,2005,6.28331708908081
Niltava macgrigoriae,2005,6.63926362991333
Niltava sundara,2005,5.18271207809448
Ninox japonica,2005,5.02685499191284
Nipponia nippon,2005,5.6284351348877
Nisaetus nipalensis,2005,6.31698513031006
Numenius madagascariensis,2005,2.455237865448
Nycticorax nycticorax,2005,5.8877420425415
Oenanthe deserti,2005,3.00827240943909
Oenanthe oenanthe,2005,3.32913184165955
Onychoprion anaethetus,2005,7.43569564819336
Oriolus oriolus,2005,2.99274253845215
Otus lettia,2005,6.62622022628784
Otus semitorques,2005,4.1515851020813
Otus spilocephalus,2005,6.40088558197022
Oxyura leucocephala,2005,3.75276613235474
Panurus biarmicus,2005,3.32481360435486
Paradoxornis guttaticollis,2005,6.44863033294678
Paradoxornis heudei,2005,5.28975963592529
Parayuhina diademata,2005,5.6238899230957
Pardaliparus venustulus,2005,5.65479612350464
Parus monticolus,2005,5.51938104629517
Passer cinnamomeus,2005,5.48592805862427
Passer domesticus,2005,2.48457384109497
Passer hispaniolensis,2005,3.36987328529358
Pelecanus crispus,2005,2.44163084030151
Pellorneum tickelli,2005,7.05137252807617
Perdix hodgsoniae,2005,1.86936450004578
Pericrocotus cantonensis,2005,6.35817813873291
Pericrocotus divaricatus,2005,2.86756658554077
Pericrocotus ethologus,2005,4.83526992797852
Pericrocotus solaris,2005,6.74210357666016
Periparus rubidiventris,2005,2.56063914299011
Pernis ptilorhynchus,2005,3.16159915924072
Phasianus colchicus,2005,4.36402940750122
Phoenicurus erythronotus,2005,3.38834929466248
Phoenicurus frontalis,2005,3.51609206199646
Phoenicurus leucocephalus,2005,4.24069118499756
Phoenicurus ochruros,2005,3.12883830070496
Phoenicurus schisticeps,2005,3.09620428085327
Phylloscopus affinis,2005,3.64462900161743
Phylloscopus burkii,2005,3.04661417007446
Phylloscopus cantator,2005,6.28104066848755
Phylloscopus castaniceps,2005,6.29843044281006
Phylloscopus claudiae,2005,4.77346324920654
Phylloscopus coronatus,2005,3.95825839042664
Phylloscopus emeiensis,2005,5.44908714294434
Phylloscopus intermedius,2005,5.79933404922485
Phylloscopus magnirostris,2005,3.99527549743652
Phylloscopus ogilviegranti,2005,6.71412944793701
Phylloscopus omeiensis,2005,4.89662170410156
Phylloscopus pulcher,2005,4.37240171432495
Phylloscopus ricketti,2005,6.08293581008911
Phylloscopus soror,2005,5.69541549682617
Phylloscopus subaffinis,2005,5.15371751785278
Phylloscopus tenellipes,2005,3.33292818069458
Phylloscopus tephrocephalus,2005,5.34862375259399
Phylloscopus yunnanensis,2005,4.31504678726196
Picumnus innominatus,2005,6.11253643035889
Picus chlorolophus,2005,6.91375064849854
Pitta nympha,2005,6.54468393325806
Platalea minor,2005,4.55676364898682
Pnoepyga immaculata,2005,3.8267195224762
Podiceps auritus,2005,2.34137392044067
Podiceps grisegena,2005,2.69046974182129
Podiceps nigricollis,2005,3.08215141296387
Podoces biddulphi,2005,5.20525455474854
Pomatorhinus schisticeps,2005,6.58432149887085
Pomatorhinus superciliaris,2005,6.25587034225464
Prinia atrogularis,2005,5.76630020141602
Prinia flaviventris,2005,7.14885139465332
Prinia inornata,2005,6.68169546127319
Prunella collaris,2005,2.51411175727844
Prunella himalayana,2005,2.08904790878296
Prunella immaculata,2005,2.92056512832642
Prunella montanella,2005,1.33564448356628
Prunella strophiata,2005,3.53733491897583
Psarisomus dalhousiae,2005,6.67268800735474
Pseudopodoces humilis,2005,1.74945306777954
Psilopogon faber,2005,7.01808309555054
Psilopogon virens,2005,6.39307832717896
Pterorhinus berthemyi,2005,6.21184396743774
Pterorhinus lanceolatus,2005,5.80606079101563
Pterorhinus pectoralis,2005,6.3574652671814
Pterorhinus sannio,2005,6.39570665359497
Pteruthius rufiventer,2005,5.80637502670288
Pteruthius xanthochlorus,2005,4.95169878005981
Ptyonoprogne rupestris,2005,3.65865683555603
Pycnonotus aurigaster,2005,6.68935871124268
Pycnonotus jocosus,2005,6.86188840866089
Pycnonotus sinensis,2005,6.01855897903442
Pycnonotus xanthorrhous,2005,6.03033113479614
Pyrrhula erythaca,2005,4.57350730895996
Pyrrhula nipalensis,2005,5.99542284011841
Rallina eurizonoides,2005,7.35505819320679
Rallus aquaticus,2005,2.93177342414856
Recurvirostra avosetta,2005,2.59642720222473
Regulus regulus,2005,4.07574510574341
Remiz consobrinus,2005,3.07957339286804
Remiz coronatus,2005,2.85302758216858
Rhodospiza obsoleta,2005,3.63603663444519
Rubigula flaviventris,2005,7.04533433914185
Sasia ochracea,2005,7.08948421478272
Saxicola ferreus,2005,5.954026222229
Sitta cinnamoventris,2005,6.67966222763062
Sitta formosa,2005,6.39564847946167
Sitta villosa,2005,3.80089998245239
Sittiparus varius,2005,3.63628602027893
Spilopelia chinensis,2005,5.98887157440186
Spilopelia senegalensis,2005,3.28856873512268
Spilornis cheela,2005,6.63337659835815
Spinus spinus,2005,2.12961101531982
Spizixos semitorques,2005,6.24750900268555
Spodiopsar cineraceus,2005,3.35517978668213
Spodiopsar sericeus,2005,6.58803510665894
Stachyris humei,2005,5.71666431427002
Staphida torqueola,2005,6.58500289916992
Streptopelia decaocto,2005,4.18465328216553
Sturnia sinensis,2005,6.96297454833984
Sturnus vulgaris,2005,3.49923157691956
Suthora fulvifrons,2005,4.65958070755005
Syrmaticus humiae,2005,6.66916942596436
Syrmaticus reevesii,2005,5.85366821289063
Syrrhaptes paradoxus,2005,3.32671284675598
Tarsiger chrysaeus,2005,4.16859483718872
Tarsiger indicus,2005,4.73388767242432
Temnurus temnurus,2005,8.20838832855225
Tephrodornis virgatus,2005,7.08191061019898
Thalasseus bergii,2005,7.7600736618042
Timalia pileata,2005,7.07236385345459
Tragopan caboti,2005,6.79671096801758
Tragopan temminckii,2005,5.48788070678711
Treron curvirostra,2005,7.05850124359131
Treron sieboldii,2005,6.66958856582642
Treron sphenurus,2005,6.02274227142334
Turdus boulboul,2005,6.71014213562012
Turdus cardis,2005,5.99135208129883
Turdus feae,2005,4.14561080932617
Turdus mandarinus,2005,5.95742034912109
Turdus pilaris,2005,1.83209431171417
Turdus rubrocanus,2005,3.76041841506958
Turdus ruficollis,2005,3.04173898696899
Turdus viscivorus,2005,3.43321394920349
Turnix suscitator,2005,6.79724979400635
Tyto longimembris,2005,6.67825603485107
Urile pelagicus,2005,4.80112171173096
Urosphena squameiceps,2005,3.09041738510132
Vanellus cinereus,2005,3.17479062080383
Vanellus indicus,2005,6.84402418136597
Vanellus vanellus,2005,2.98184585571289
Yuhina nigrimenta,2005,6.05288219451904
Zoothera dixoni,2005,5.20127105712891
Zoothera mollissima,2005,3.06825137138367
Zoothera monticola,2005,5.56978940963745
Zosterops erythropleurus,2005,3.36064004898071
Abroscopus albogularis,2006,6.68669176101685
Accipiter gularis,2006,2.90897417068481
Accipiter soloensis,2006,5.97952556610107
Accipiter trivirgatus,2006,7.5231409072876
Accipiter virgatus,2006,6.1712441444397
Acridotheres cristatellus,2006,6.45049524307251
Acridotheres tristis,2006,5.73833227157593
Acrocephalus agricola,2006,4.25498867034912
Acrocephalus bistrigiceps,2006,3.99665808677673
Acrocephalus concinens,2006,5.75385236740112
Acrocephalus orientalis,2006,4.10121726989746
Acrocephalus tangorum,2006,3.27198529243469
Aegithalos bonvaloti,2006,4.35543489456177
Aegithalos caudatus,2006,2.8303804397583
Aegithalos concinnus,2006,6.35995721817017
Aegithalos fuliginosus,2006,4.9027886390686
Aerodramus brevirostris,2006,5.82204580307007
Aethopyga christinae,2006,8.43601894378662
Aethopyga gouldiae,2006,5.17339086532593
Agropsar sturninus,2006,3.55396628379822
Aix galericulata,2006,3.17955279350281
Alauda gulgula,2006,4.77037858963013
Alaudala cheleensis,2006,3.71037006378174
Alcedo hercules,2006,7.27943658828735
Alcippe morrisonia,2006,6.46010589599609
Amaurornis phoenicurus,2006,6.37265586853027
Anastomus oscitans,2006,6.4261908531189
Anser anser,2006,3.02267503738403
Anser fabalis,2006,2.13919591903687
Anser indicus,2006,2.70054697990418
Anthus godlewskii,2006,2.604975938797
Anthus gustavi,2006,2.92085027694702
Anthus richardi,2006,4.48342418670654
Anthus roseatus,2006,3.36730194091797
Anthus trivialis,2006,3.05877637863159
Aquila fasciata,2006,7.12937307357788
Aquila heliaca,2006,2.63573980331421
Ardea intermedia,2006,6.5928521156311
Ardea purpurea,2006,5.78804588317871
Ardenna pacifica,2006,7.74243021011353
Artamus fuscus,2006,7.43103504180908
Asio flammeus,2006,2.51320958137512
Athene noctua,2006,3.38616275787354
Aviceda jerdoni,2006,7.5937352180481
Aviceda leuphotes,2006,6.35661315917969
Aythya fuligula,2006,2.48567581176758
Aythya nyroca,2006,3.45897889137268
Bombycilla japonica,2006,1.50260043144226
Branta canadensis,2006,4.27748775482178
Bubo nipalensis,2006,5.27932977676392
Bucanetes mongolicus,2006,3.78883790969849
Butastur indicus,2006,3.29463124275208
Cacomantis merulinus,2006,7.14623832702637
Calandrella brachydactyla,2006,3.95151877403259
Calliope obscura,2006,4.60084676742554
Caprimulgus macrurus,2006,7.62828063964844
Carpodacus roborowskii,2006,1.43957364559174
Carpodacus vinaceus,2006,5.72001171112061
Cecropis daurica,2006,4.66189193725586
Centropus bengalensis,2006,6.98008060455322
Cephalopyrus flammiceps,2006,5.24885225296021
Certhia familiaris,2006,3.41858744621277
Certhia himalayana,2006,4.80457878112793
Certhia tianquanensis,2006,4.39840316772461
Ceryle rudis,2006,6.75293874740601
Cettia brunnifrons,2006,4.68770265579224
Cettia castaneocoronata,2006,5.41047668457031
Chalcophaps indica,2006,7.44448280334473
Charadrius atrifrons,2006,2.48400568962097
Charadrius dealbatus,2006,7.90576839447022
Charadrius placidus,2006,4.0311713218689
Charadrius veredus,2006,2.64403533935547
Chlidonias leucopterus,2006,3.24559807777405
Chlidonias niger,2006,3.29367208480835
Chloris ambigua,2006,5.83109331130981
Chloris sinica,2006,4.88528490066528
Chrysolophus pictus,2006,5.48001146316528
Ciconia boyciana,2006,3.15666460990906
Ciconia nigra,2006,3.84580993652344
Circaetus gallicus,2006,4.0870566368103
Circus macrourus,2006,3.13920640945435
Circus spilonotus,2006,2.593430519104
Cisticola exilis,2006,6.90848588943481
Cisticola juncidis,2006,6.3398928642273
Clamator coromandus,2006,6.51136493682861
Clanga clanga,2006,2.70042443275452
Columba oenas,2006,3.05738043785095
Copsychus saularis,2006,6.42970514297485
Coracias garrulus,2006,3.04078578948975
Coturnicops exquisitus,2006,2.23202061653137
Crex crex,2006,3.02718329429626
Crossoptilon mantchuricum,2006,4.51670503616333
Curruca curruca,2006,3.71222567558289
Cyanistes cyanus,2006,2.55870056152344
Cyanoderma pyrrhops,2006,5.39705276489258
Cygnus cygnus,2006,2.84813833236694
Cygnus olor,2006,3.16903805732727
Cyornis glaucicomans,2006,6.18500804901123
Cyornis hainanus,2006,7.65397262573242
Cyornis rubeculoides,2006,6.64248895645142
Delichon dasypus,2006,4.17363214492798
Dendrocitta formosae,2006,6.63009738922119
Dendrocopos hyperythrus,2006,4.45843935012817
Dendrocygna javanica,2006,6.84534597396851
Dicaeum cruentatum,2006,7.01460886001587
Dicaeum ignipectus,2006,6.26467370986939
Dicaeum minullum,2006,6.05901384353638
Dicrurus annectens,2006,7.31361865997315
Dicrurus hottentottus,2006,6.10808563232422
Dicrurus remifer,2006,6.77107000350952
Egretta eulophotes,2006,4.69017362594605
Egretta garzetta,2006,5.58292102813721
Elachura formosa,2006,6.36363124847412
Elanus caeruleus,2006,7.27672672271729
Emberiza buchanani,2006,2.7991042137146
Emberiza citrinella,2006,2.80365180969238
Emberiza elegans,2006,4.49447584152222
Emberiza godlewskii,2006,3.54776453971863
Emberiza hortulana,2006,3.41140651702881
Emberiza leucocephalos,2006,2.37313199043274
Emberiza pallasi,2006,1.54166460037231
Emberiza pusilla,2006,2.86927390098572
Emberiza rustica,2006,1.34610366821289
Emberiza siemsseni,2006,4.95175838470459
Emberiza yessoensis,2006,2.90066456794739
Enicurus leschenaulti,2006,6.11333703994751
Enicurus maculatus,2006,6.71284437179565
Enicurus schistaceus,2006,6.63473749160767
Erpornis zantholeuca,2006,6.81305313110352
Erythrogenys hypoleucos,2006,7.31957197189331
Eudynamys scolopaceus,2006,6.44321489334106
Eumyias thalassinus,2006,5.95914506912231
Falco cherrug,2006,3.17108035087585
Falco severus,2006,6.81651067733765
Ficedula albicilla,2006,1.5859307050705
Ficedula elisae,2006,4.31125736236572
Ficedula erithacus,2006,4.28276586532593
Ficedula hyperythra,2006,6.38034248352051
Ficedula mugimaki,2006,2.81553840637207
Ficedula strophiata,2006,5.66499519348145
Ficedula superciliaris,2006,3.75450968742371
Ficedula tricolor,2006,5.34114217758179
Fringilla coelebs,2006,1.54159724712372
Fringilla montifringilla,2006,1.8204517364502
Galerida cristata,2006,4.09609985351563
Gallicrex cinerea,2006,5.82198858261108
Garrulax maesi,2006,6.59458065032959
Garrulax monileger,2006,7.10124397277832
Gavia arctica,2006,3.06423306465149
Gelochelidon nilotica,2006,4.3287467956543
Geokichla citrina,2006,6.75014352798462
Glaucidium cuculoides,2006,6.54709577560425
Gorsachius melanolophus,2006,7.72500801086426
Gracupica nigricollis,2006,6.82688713073731
Grandala coelicolor,2006,2.49684429168701
Grus japonensis,2006,2.85940599441528
Grus monacha,2006,2.13642311096191
Grus nigricollis,2006,1.79523253440857
Gypaetus barbatus,2006,2.73331379890442
Gyps himalayensis,2006,2.80060958862305
Halcyon coromanda,2006,4.63016653060913
Halcyon pileata,2006,5.82762575149536
Halcyon smyrnensis,2006,7.72143507003784
Haliaeetus leucoryphus,2006,5.98013639450073
Harpactes wardi,2006,4.68228721618652
Helopsaltes certhiola,2006,3.54737424850464
Helopsaltes pryeri,2006,3.956374168396
Hemiprocne coronata,2006,6.62370777130127
Hemitesia pallidipes,2006,6.61111402511597
Hemixos castanonotus,2006,7.09396839141846
Heterophasia desgodinsi,2006,6.26923131942749
Heteroxenicus stellatus,2006,5.09962606430054
Hieraaetus pennatus,2006,2.03720831871033
Hierococcyx nisicolor,2006,6.62087345123291
Hirundapus caudacutus,2006,3.21949434280396
Hirundo rustica,2006,4.05892896652222
Histrionicus histrionicus,2006,2.81246471405029
Hydrocoloeus minutus,2006,4.88085269927979
Hydrophasianus chirurgus,2006,6.61832809448242
Hydroprogne caspia,2006,5.84266662597656
Hypothymis azurea,2006,6.7021427154541
Hypsipetes leucocephalus,2006,6.15761518478394
Ianthocincla lunulata,2006,5.05868148803711
Ibidorhyncha struthersii,2006,3.13599729537964
Ictinaetus malaiensis,2006,6.74721336364746
Iduna caligata,2006,3.05054378509522
Indicator xanthonotus,2006,5.54179430007935
Ixobrychus cinnamomeus,2006,6.20709323883057
Ixobrychus eurhythmus,2006,4.73374700546265
Ixobrychus minutus,2006,3.49565839767456
Ixos mcclellandii,2006,6.7425217628479
Ketupa flavipes,2006,6.62465000152588
Lalage melaschistos,2006,6.07173013687134
Lanius borealis,2006,2.71924710273743
Lanius collurioides,2006,7.02433633804321
Lanius isabellinus,2006,3.55828547477722
Lanius schach,2006,5.946861743927
Lanius sphenocercus,2006,3.29039192199707
Lanius tephronotus,2006,3.56930565834045
Larus crassirostris,2006,6.18366003036499
Larvivora brunnea,2006,4.15362453460693
Larvivora cyane,2006,2.47740054130554
Leptopoecile elegans,2006,2.73994469642639
Leptoptilos javanicus,2006,6.66826057434082
Limnodromus semipalmatus,2006,2.36788868904114
Limosa limosa,2006,2.61019802093506
Linaria cannabina,2006,3.52324652671814
Locustella davidi,2006,2.47641944885254
Locustella mandelli,2006,6.57144069671631
Lonchura striata,2006,6.8482232093811
Lophotriorchis kienerii,2006,7.84408235549927
Lophura leucomelanos,2006,5.08656215667725
Lophura nycthemera,2006,6.98738670349121
Loxia curvirostra,2006,2.7467827796936
Macropygia unchall,2006,6.4061484336853
Mareca falcata,2006,2.12294483184814
Megaceryle lugubris,2006,6.17081737518311
Melanitta fusca,2006,2.64633464813232
Melanitta stejnegeri,2006,1.08353638648987
Melanochlora sultanea,2006,6.92469882965088
Mergus serrator,2006,2.54561018943787
Merops philippinus,2006,6.9616551399231
Mixornis gularis,2006,6.58912706375122
Monticola gularis,2006,2.85296702384949
Monticola rufiventris,2006,6.19376802444458
Monticola solitarius,2006,5.08004999160767
Motacilla citreola,2006,3.03320717811584
Moupinia poecilotis,2006,3.93117475509644
Muscicapa dauurica,2006,2.66037821769714
Muscicapa ferruginea,2006,5.56478786468506
Muscicapa muttui,2006,6.53297853469849
Mycerobas affinis,2006,3.62559342384338
Mycerobas carnipes,2006,3.09684109687805
Myiomela leucura,2006,6.13943243026733
Myophonus caeruleus,2006,5.52523565292358
Netta rufina,2006,3.69935727119446
Niltava davidi,2006,6.44709253311157
Niltava grandis,2006,6.31187295913696
Niltava macgrigoriae,2006,6.67089605331421
Niltava sundara,2006,5.2651801109314
Ninox japonica,2006,5.13085889816284
Nipponia nippon,2006,5.75539779663086
Nisaetus nipalensis,2006,6.37278366088867
Numenius madagascariensis,2006,2.4058735370636
Nycticorax nycticorax,2006,5.98962593078613
Oenanthe deserti,2006,3.22041535377502
Oenanthe oenanthe,2006,3.49606823921204
Onychoprion anaethetus,2006,7.57326126098633
Oriolus oriolus,2006,3.3363299369812
Otus lettia,2006,6.72115850448608
Otus semitorques,2006,4.26102495193481
Otus spilocephalus,2006,6.46901273727417
Oxyura leucocephala,2006,4.01985883712769
Panurus biarmicus,2006,3.49409818649292
Paradoxornis guttaticollis,2006,6.51197004318237
Paradoxornis heudei,2006,5.39809942245483
Parayuhina diademata,2006,5.68267393112183
Pardaliparus venustulus,2006,5.78427362442017
Parus monticolus,2006,5.61242055892944
Passer cinnamomeus,2006,5.60495471954346
Passer domesticus,2006,2.60205698013306
Passer hispaniolensis,2006,3.67867302894592
Pelecanus crispus,2006,2.70946669578552
Pellorneum tickelli,2006,7.07230424880981
Perdix hodgsoniae,2006,2.03689908981323
Pericrocotus cantonensis,2006,6.46598529815674
Pericrocotus divaricatus,2006,2.87527108192444
Pericrocotus ethologus,2006,4.94636011123657
Pericrocotus solaris,2006,6.81668472290039
Periparus rubidiventris,2006,2.68227553367615
Pernis ptilorhynchus,2006,3.15773606300354
Phasianus colchicus,2006,4.46016883850098
Phoenicurus erythronotus,2006,3.6849319934845
Phoenicurus frontalis,2006,3.6442277431488
Phoenicurus leucocephalus,2006,4.37386322021484
Phoenicurus ochruros,2006,3.32618355751038
Phoenicurus schisticeps,2006,3.20438408851624
Phylloscopus affinis,2006,3.76074743270874
Phylloscopus burkii,2006,3.21455383300781
Phylloscopus cantator,2006,6.33222532272339
Phylloscopus castaniceps,2006,6.37851047515869
Phylloscopus claudiae,2006,4.92645692825317
Phylloscopus coronatus,2006,3.95714807510376
Phylloscopus emeiensis,2006,5.50441122055054
Phylloscopus intermedius,2006,5.90673637390137
Phylloscopus magnirostris,2006,4.0803656578064
Phylloscopus ogilviegranti,2006,6.78005599975586
Phylloscopus omeiensis,2006,4.98365020751953
Phylloscopus pulcher,2006,4.43429279327393
Phylloscopus ricketti,2006,6.19312620162964
Phylloscopus soror,2006,5.80120134353638
Phylloscopus subaffinis,2006,5.26791000366211
Phylloscopus tenellipes,2006,3.39243149757385
Phylloscopus tephrocephalus,2006,5.42790412902832
Phylloscopus yunnanensis,2006,4.48132848739624
Picumnus innominatus,2006,6.20383501052856
Picus chlorolophus,2006,6.9635124206543
Pitta nympha,2006,6.6682562828064
Platalea minor,2006,4.65037393569946
Pnoepyga immaculata,2006,3.98693442344666
Podiceps auritus,2006,2.52118396759033
Podiceps grisegena,2006,2.68464279174805
Podiceps nigricollis,2006,3.17956566810608
Podoces biddulphi,2006,5.39367723464966
Pomatorhinus schisticeps,2006,6.70956563949585
Pomatorhinus superciliaris,2006,6.31769466400147
Prinia atrogularis,2006,5.88279581069946
Prinia flaviventris,2006,7.1381425857544
Prinia inornata,2006,6.7822756767273
Prunella collaris,2006,2.67365741729736
Prunella himalayana,2006,2.36982464790344
Prunella immaculata,2006,3.02441453933716
Prunella montanella,2006,1.21978318691254
Prunella strophiata,2006,3.65008211135864
Psarisomus dalhousiae,2006,6.69811868667603
Pseudopodoces humilis,2006,1.93512666225433
Psilopogon faber,2006,7.11820411682129
Psilopogon virens,2006,6.46317434310913
Pterorhinus berthemyi,2006,6.31774520874023
Pterorhinus lanceolatus,2006,5.88108062744141
Pterorhinus pectoralis,2006,6.47462463378906
Pterorhinus sannio,2006,6.47943067550659
Pteruthius rufiventer,2006,5.87666749954224
Pteruthius xanthochlorus,2006,5.02225065231323
Ptyonoprogne rupestris,2006,3.82556796073914
Pycnonotus aurigaster,2006,6.75601530075073
Pycnonotus jocosus,2006,6.91560506820679
Pycnonotus sinensis,2006,6.13823080062866
Pycnonotus xanthorrhous,2006,6.10021018981934
Pyrrhula erythaca,2006,4.67198944091797
Pyrrhula nipalensis,2006,6.0636043548584
Rallina eurizonoides,2006,7.40766572952271
Rallus aquaticus,2006,3.12825655937195
Recurvirostra avosetta,2006,2.66365933418274
Regulus regulus,2006,4.18950796127319
Remiz consobrinus,2006,3.11190581321716
Remiz coronatus,2006,3.12365865707397
Rhodospiza obsoleta,2006,3.83792304992676
Rubigula flaviventris,2006,7.06698131561279
Sasia ochracea,2006,7.13316917419434
Saxicola ferreus,2006,6.05244207382202
Sitta cinnamoventris,2006,6.69204425811768
Sitta formosa,2006,6.41483211517334
Sitta villosa,2006,3.95072364807129
Sittiparus varius,2006,3.71738958358765
Spilopelia chinensis,2006,6.09476470947266
Spilopelia senegalensis,2006,3.54155874252319
Spilornis cheela,2006,6.7041392326355
Spinus spinus,2006,2.04249429702759
Spizixos semitorques,2006,6.36488914489746
Spodiopsar cineraceus,2006,3.43934750556946
Spodiopsar sericeus,2006,6.69961786270142
Stachyris humei,2006,5.84946203231812
Staphida torqueola,2006,6.67519474029541
Streptopelia decaocto,2006,4.35818338394165
Sturnia sinensis,2006,7.06677627563477
Sturnus vulgaris,2006,3.7797589302063
Suthora fulvifrons,2006,4.72952651977539
Syrmaticus humiae,2006,6.65136241912842
Syrmaticus reevesii,2006,5.95312595367432
Syrrhaptes paradoxus,2006,3.45721530914307
Tarsiger chrysaeus,2006,4.22266626358032
Tarsiger indicus,2006,4.76933288574219
Temnurus temnurus,2006,8.29933166503906
Tephrodornis virgatus,2006,7.17184925079346
Thalasseus bergii,2006,7.87996006011963
Timalia pileata,2006,7.14099645614624
Tragopan caboti,2006,6.89275169372559
Tragopan temminckii,2006,5.55599594116211
Treron curvirostra,2006,7.081214427948
Treron sieboldii,2006,6.78871726989746
Treron sphenurus,2006,6.04086351394653
Turdus boulboul,2006,6.73891305923462
Turdus cardis,2006,6.13130950927734
Turdus feae,2006,4.31501865386963
Turdus mandarinus,2006,6.06328439712524
Turdus pilaris,2006,1.81287348270416
Turdus rubrocanus,2006,3.87998843193054
Turdus ruficollis,2006,3.3513514995575
Turdus viscivorus,2006,3.71689581871033
Turnix suscitator,2006,6.85859060287476
Tyto longimembris,2006,6.77196407318115
Urile pelagicus,2006,4.89275169372559
Urosphena squameiceps,2006,3.16399121284485
Vanellus cinereus,2006,3.18217945098877
Vanellus indicus,2006,6.82802629470825
Vanellus vanellus,2006,3.06623482704163
Yuhina nigrimenta,2006,6.12728691101074
Zoothera dixoni,2006,5.2252984046936
Zoothera mollissima,2006,3.15165376663208
Zoothera monticola,2006,5.71163368225098
Zosterops erythropleurus,2006,3.40887999534607
Abroscopus albogularis,2007,6.66713762283325
Accipiter gularis,2007,3.31614565849304
Accipiter soloensis,2007,6.06715393066406
Accipiter trivirgatus,2007,7.45757007598877
Accipiter virgatus,2007,6.12657117843628
Acridotheres cristatellus,2007,6.44788503646851
Acridotheres tristis,2007,5.63628435134888
Acrocephalus agricola,2007,4.2655520439148
Acrocephalus bistrigiceps,2007,4.26708984375
Acrocephalus concinens,2007,5.82349872589111
Acrocephalus orientalis,2007,4.36993789672852
Acrocephalus tangorum,2007,3.66798138618469
Aegithalos bonvaloti,2007,4.28414249420166
Aegithalos caudatus,2007,3.21929931640625
Aegithalos concinnus,2007,6.35637283325195
Aegithalos fuliginosus,2007,4.8636474609375
Aerodramus brevirostris,2007,5.77473783493042
Aethopyga christinae,2007,8.33470630645752
Aethopyga gouldiae,2007,5.12925577163696
Agropsar sturninus,2007,3.81512188911438
Aix galericulata,2007,3.57001352310181
Alauda gulgula,2007,4.7384934425354
Alaudala cheleensis,2007,3.80316472053528
Alcedo hercules,2007,7.21534013748169
Alcippe morrisonia,2007,6.45145034790039
Amaurornis phoenicurus,2007,6.36654806137085
Anastomus oscitans,2007,6.352210521698
Anser anser,2007,3.28203105926514
Anser fabalis,2007,2.6136326789856
Anser indicus,2007,2.67940139770508
Anthus godlewskii,2007,3.07759547233582
Anthus gustavi,2007,3.27729725837708
Anthus richardi,2007,4.61783123016357
Anthus roseatus,2007,3.32265877723694
Anthus trivialis,2007,3.06080341339111
Aquila fasciata,2007,7.14536762237549
Aquila heliaca,2007,2.83703088760376
Ardea intermedia,2007,6.59130525588989
Ardea purpurea,2007,5.89226722717285
Ardenna pacifica,2007,7.73210906982422
Artamus fuscus,2007,7.37022161483765
Asio flammeus,2007,2.81495094299316
Athene noctua,2007,3.47243046760559
Aviceda jerdoni,2007,7.49390554428101
Aviceda leuphotes,2007,6.3253173828125
Aythya fuligula,2007,2.91115403175354
Aythya nyroca,2007,3.51707816123962
Bombycilla japonica,2007,2.02124667167664
Branta canadensis,2007,4.57431554794312
Bubo nipalensis,2007,5.19016456604004
Bucanetes mongolicus,2007,3.88883018493652
Butastur indicus,2007,3.68198895454407
Cacomantis merulinus,2007,7.09315824508667
Calandrella brachydactyla,2007,3.97926735877991
Calliope obscura,2007,4.54124307632446
Caprimulgus macrurus,2007,7.53247976303101
Carpodacus roborowskii,2007,1.34864246845245
Carpodacus vinaceus,2007,5.65826034545898
Cecropis daurica,2007,4.75882387161255
Centropus bengalensis,2007,6.98225784301758
Cephalopyrus flammiceps,2007,5.20715284347534
Certhia familiaris,2007,3.61733150482178
Certhia himalayana,2007,4.73418617248535
Certhia tianquanensis,2007,4.34662675857544
Ceryle rudis,2007,6.74640893936157
Cettia brunnifrons,2007,4.61905431747437
Cettia castaneocoronata,2007,5.33820009231567
Chalcophaps indica,2007,7.38870286941528
Charadrius atrifrons,2007,2.43785667419434
Charadrius dealbatus,2007,7.88117361068726
Charadrius placidus,2007,4.29148578643799
Charadrius veredus,2007,3.13999104499817
Chlidonias leucopterus,2007,3.55569505691528
Chlidonias niger,2007,3.2756519317627
Chloris ambigua,2007,5.73888111114502
Chloris sinica,2007,5.00142192840576
Chrysolophus pictus,2007,5.45151281356812
Ciconia boyciana,2007,3.56796383857727
Ciconia nigra,2007,4.0092248916626
Circaetus gallicus,2007,4.13838624954224
Circus macrourus,2007,3.14949464797974
Circus spilonotus,2007,3.04141736030579
Cisticola exilis,2007,6.88825035095215
Cisticola juncidis,2007,6.37530708312988
Clamator coromandus,2007,6.51484155654907
Clanga clanga,2007,3.10157632827759
Columba oenas,2007,2.97943615913391
Copsychus saularis,2007,6.42224168777466
Coracias garrulus,2007,2.94921159744263
Coturnicops exquisitus,2007,2.69655513763428
Crex crex,2007,2.96453380584717
Crossoptilon mantchuricum,2007,4.55388402938843
Curruca curruca,2007,3.69478178024292
Cyanistes cyanus,2007,2.80647349357605
Cyanoderma pyrrhops,2007,5.38339185714722
Cygnus cygnus,2007,3.1971709728241
Cygnus olor,2007,3.16017937660217
Cyornis glaucicomans,2007,6.15671253204346
Cyornis hainanus,2007,7.60728168487549
Cyornis rubeculoides,2007,6.53034353256226
Delichon dasypus,2007,4.14489650726318
Dendrocitta formosae,2007,6.62191772460938
Dendrocopos hyperythrus,2007,4.44732236862183
Dendrocygna javanica,2007,6.84409856796265
Dicaeum cruentatum,2007,6.99327564239502
Dicaeum ignipectus,2007,6.24520397186279
Dicaeum minullum,2007,6.0142068862915
Dicrurus annectens,2007,7.22561645507813
Dicrurus hottentottus,2007,6.10802268981934
Dicrurus remifer,2007,6.67747163772583
Egretta eulophotes,2007,4.94418573379517
Egretta garzetta,2007,5.57582473754883
Elachura formosa,2007,6.28611183166504
Elanus caeruleus,2007,7.29725027084351
Emberiza buchanani,2007,2.78276705741882
Emberiza citrinella,2007,2.99098086357117
Emberiza elegans,2007,4.68307304382324
Emberiza godlewskii,2007,3.60616230964661
Emberiza hortulana,2007,3.52994155883789
Emberiza leucocephalos,2007,2.5734121799469
Emberiza pallasi,2007,2.05876660346985
Emberiza pusilla,2007,3.32216429710388
Emberiza rustica,2007,1.59164714813232
Emberiza siemsseni,2007,4.91099452972412
Emberiza yessoensis,2007,3.2870044708252
Enicurus leschenaulti,2007,6.0962347984314
Enicurus maculatus,2007,6.65616464614868
Enicurus schistaceus,2007,6.60455894470215
Erpornis zantholeuca,2007,6.77785396575928
Erythrogenys hypoleucos,2007,7.27348375320435
Eudynamys scolopaceus,2007,6.44152212142944
Eumyias thalassinus,2007,5.9224853515625
Falco cherrug,2007,3.19290947914124
Falco severus,2007,6.74645566940308
Ficedula albicilla,2007,2.09935712814331
Ficedula elisae,2007,4.42728614807129
Ficedula erithacus,2007,4.19671487808228
Ficedula hyperythra,2007,6.32126617431641
Ficedula mugimaki,2007,3.23800826072693
Ficedula strophiata,2007,5.61119937896729
Ficedula superciliaris,2007,3.67852783203125
Ficedula tricolor,2007,5.27520895004273
Fringilla coelebs,2007,1.78844964504242
Fringilla montifringilla,2007,2.06050872802734
Galerida cristata,2007,4.19581651687622
Gallicrex cinerea,2007,5.8858380317688
Garrulax maesi,2007,6.57417869567871
Garrulax monileger,2007,7.08344745635986
Gavia arctica,2007,3.16550755500793
Gelochelidon nilotica,2007,4.45102500915527
Geokichla citrina,2007,6.73872137069702
Glaucidium cuculoides,2007,6.53986406326294
Gorsachius melanolophus,2007,7.67416286468506
Gracupica nigricollis,2007,6.79415321350098
Grandala coelicolor,2007,2.41545677185059
Grus japonensis,2007,3.24435973167419
Grus monacha,2007,2.63979578018189
Grus nigricollis,2007,1.72655177116394
Gypaetus barbatus,2007,2.68291211128235
Gyps himalayensis,2007,2.73818230628967
Halcyon coromanda,2007,4.80532312393189
Halcyon pileata,2007,5.85841083526611
Halcyon smyrnensis,2007,7.69205474853516
Haliaeetus leucoryphus,2007,5.86450576782227
Harpactes wardi,2007,4.58170461654663
Helopsaltes certhiola,2007,3.70920634269714
Helopsaltes pryeri,2007,4.30061721801758
Hemiprocne coronata,2007,6.52548694610596
Hemitesia pallidipes,2007,6.50466728210449
Hemixos castanonotus,2007,7.08547639846802
Heterophasia desgodinsi,2007,6.20299816131592
Heteroxenicus stellatus,2007,5.00869512557983
Hieraaetus pennatus,2007,2.30282974243164
Hierococcyx nisicolor,2007,6.5813627243042
Hirundapus caudacutus,2007,3.43040657043457
Hirundo rustica,2007,4.12968683242798
Histrionicus histrionicus,2007,3.18721914291382
Hydrocoloeus minutus,2007,4.82656145095825
Hydrophasianus chirurgus,2007,6.60901546478272
Hydroprogne caspia,2007,5.90742921829224
Hypothymis azurea,2007,6.64866304397583
Hypsipetes leucocephalus,2007,6.14290761947632
Ianthocincla lunulata,2007,5.01236343383789
Ibidorhyncha struthersii,2007,3.1062159538269
Ictinaetus malaiensis,2007,6.77084732055664
Iduna caligata,2007,3.190434217453
Indicator xanthonotus,2007,5.43564796447754
Ixobrychus cinnamomeus,2007,6.24510622024536
Ixobrychus eurhythmus,2007,4.9543514251709
Ixobrychus minutus,2007,3.44536471366882
Ixos mcclellandii,2007,6.72143316268921
Ketupa flavipes,2007,6.6407356262207
Lalage melaschistos,2007,6.0667314529419
Lanius borealis,2007,2.94315481185913
Lanius collurioides,2007,6.96809244155884
Lanius isabellinus,2007,3.62283301353455
Lanius schach,2007,5.92912435531616
Lanius sphenocercus,2007,3.58641791343689
Lanius tephronotus,2007,3.47977352142334
Larus crassirostris,2007,6.29874563217163
Larvivora brunnea,2007,4.07801723480225
Larvivora cyane,2007,2.90808868408203
Leptopoecile elegans,2007,2.66238832473755
Leptoptilos javanicus,2007,6.56478214263916
Limnodromus semipalmatus,2007,2.83951258659363
Limosa limosa,2007,2.94399404525757
Linaria cannabina,2007,3.55736327171326
Locustella davidi,2007,2.92511367797852
Locustella mandelli,2007,6.54242372512817
Lonchura striata,2007,6.85223817825317
Lophotriorchis kienerii,2007,7.7427134513855
Lophura leucomelanos,2007,4.99586486816406
Lophura nycthemera,2007,6.92273044586182
Loxia curvirostra,2007,2.92242908477783
Macropygia unchall,2007,6.36586856842041
Mareca falcata,2007,2.59582614898682
Megaceryle lugubris,2007,6.20008754730225
Melanitta fusca,2007,2.8778064250946
Melanitta stejnegeri,2007,1.64656603336334
Melanochlora sultanea,2007,6.85086393356323
Mergus serrator,2007,2.95117688179016
Merops philippinus,2007,6.87705135345459
Mixornis gularis,2007,6.48876810073853
Monticola gularis,2007,3.26602911949158
Monticola rufiventris,2007,6.17561340332031
Monticola solitarius,2007,5.15318536758423
Motacilla citreola,2007,3.03622341156006
Moupinia poecilotis,2007,3.86536145210266
Muscicapa dauurica,2007,3.09764981269836
Muscicapa ferruginea,2007,5.49904775619507
Muscicapa muttui,2007,6.49475812911987
Mycerobas affinis,2007,3.54094672203064
Mycerobas carnipes,2007,3.02106809616089
Myiomela leucura,2007,6.09456205368042
Myophonus caeruleus,2007,5.51635789871216
Netta rufina,2007,3.72336530685425
Niltava davidi,2007,6.41410827636719
Niltava grandis,2007,6.21453380584717
Niltava macgrigoriae,2007,6.59406995773315
Niltava sundara,2007,5.21271181106567
Ninox japonica,2007,5.30339813232422
Nipponia nippon,2007,5.77222967147827
Nisaetus nipalensis,2007,6.32336235046387
Numenius madagascariensis,2007,2.82078862190247
Nycticorax nycticorax,2007,6.05171203613281
Oenanthe deserti,2007,3.22143507003784
Oenanthe oenanthe,2007,3.65589904785156
Onychoprion anaethetus,2007,7.61080980300903
Oriolus oriolus,2007,3.3523371219635
Otus lettia,2007,6.71965599060059
Otus semitorques,2007,4.48298788070679
Otus spilocephalus,2007,6.44444751739502
Oxyura leucocephala,2007,3.94894456863403
Panurus biarmicus,2007,3.61196684837341
Paradoxornis guttaticollis,2007,6.47908544540405
Paradoxornis heudei,2007,5.56235456466675
Parayuhina diademata,2007,5.62423896789551
Pardaliparus venustulus,2007,5.80900764465332
Parus monticolus,2007,5.55907821655273
Passer cinnamomeus,2007,5.60435104370117
Passer domesticus,2007,2.82464623451233
Passer hispaniolensis,2007,3.62539434432983
Pelecanus crispus,2007,2.72569561004639
Pellorneum tickelli,2007,6.96909475326538
Perdix hodgsoniae,2007,1.95908355712891
Pericrocotus cantonensis,2007,6.47109603881836
Pericrocotus divaricatus,2007,3.22865343093872
Pericrocotus ethologus,2007,4.92420768737793
Pericrocotus solaris,2007,6.78848314285278
Periparus rubidiventris,2007,2.59861326217651
Pernis ptilorhynchus,2007,3.4749596118927
Phasianus colchicus,2007,4.58700895309448
Phoenicurus erythronotus,2007,3.66279244422913
Phoenicurus frontalis,2007,3.56894469261169
Phoenicurus leucocephalus,2007,4.33459758758545
Phoenicurus ochruros,2007,3.30431437492371
Phoenicurus schisticeps,2007,3.12153720855713
Phylloscopus affinis,2007,3.68795442581177
Phylloscopus burkii,2007,3.14886260032654
Phylloscopus cantator,2007,6.22822141647339
Phylloscopus castaniceps,2007,6.35495042800903
Phylloscopus claudiae,2007,4.91779136657715
Phylloscopus coronatus,2007,4.19312381744385
Phylloscopus emeiensis,2007,5.42984294891357
Phylloscopus intermedius,2007,5.86353969573975
Phylloscopus magnirostris,2007,3.98776078224182
Phylloscopus ogilviegranti,2007,6.74109745025635
Phylloscopus omeiensis,2007,4.93691635131836
Phylloscopus pulcher,2007,4.34013080596924
Phylloscopus ricketti,2007,6.19514799118042
Phylloscopus soror,2007,5.79059076309204
Phylloscopus subaffinis,2007,5.24730920791626
Phylloscopus tenellipes,2007,3.73723077774048
Phylloscopus tephrocephalus,2007,5.3821177482605
Phylloscopus yunnanensis,2007,4.47188472747803
Picumnus innominatus,2007,6.19264888763428
Picus chlorolophus,2007,6.89899492263794
Pitta nympha,2007,6.71474885940552
Platalea minor,2007,4.87273359298706
Pnoepyga immaculata,2007,3.97696042060852
Podiceps auritus,2007,2.6112060546875
Podiceps grisegena,2007,3.00690889358521
Podiceps nigricollis,2007,3.48108792304993
Podoces biddulphi,2007,5.37090158462524
Pomatorhinus schisticeps,2007,6.59930944442749
Pomatorhinus superciliaris,2007,6.21654415130615
Prinia atrogularis,2007,5.78177118301392
Prinia flaviventris,2007,7.04672527313232
Prinia inornata,2007,6.78624725341797
Prunella collaris,2007,2.71923637390137
Prunella himalayana,2007,2.34506607055664
Prunella immaculata,2007,2.94692969322205
Prunella montanella,2007,1.72392618656158
Prunella strophiata,2007,3.56665658950806
Psarisomus dalhousiae,2007,6.59931039810181
Pseudopodoces humilis,2007,1.86771404743195
Psilopogon faber,2007,7.1430401802063
Psilopogon virens,2007,6.43927621841431
Pterorhinus berthemyi,2007,6.33543634414673
Pterorhinus lanceolatus,2007,5.84899377822876
Pterorhinus pectoralis,2007,6.48803520202637
Pterorhinus sannio,2007,6.47012758255005
Pteruthius rufiventer,2007,5.7687873840332
Pteruthius xanthochlorus,2007,4.95695161819458
Ptyonoprogne rupestris,2007,3.83070921897888
Pycnonotus aurigaster,2007,6.73471069335938
Pycnonotus jocosus,2007,6.85617351531982
Pycnonotus sinensis,2007,6.18287467956543
Pycnonotus xanthorrhous,2007,6.07386636734009
Pyrrhula erythaca,2007,4.62921667098999
Pyrrhula nipalensis,2007,6.02616262435913
Rallina eurizonoides,2007,7.33646583557129
Rallus aquaticus,2007,3.08666300773621
Recurvirostra avosetta,2007,2.98776841163635
Regulus regulus,2007,4.17546844482422
Remiz consobrinus,2007,3.4751193523407
Remiz coronatus,2007,3.19638466835022
Rhodospiza obsoleta,2007,3.80164361000061
Rubigula flaviventris,2007,6.97760629653931
Sasia ochracea,2007,7.04726791381836
Saxicola ferreus,2007,6.04165315628052
Sitta cinnamoventris,2007,6.58235263824463
Sitta formosa,2007,6.31354379653931
Sitta villosa,2007,4.02987098693848
Sittiparus varius,2007,4.01371574401855
Spilopelia chinensis,2007,6.1049656867981
Spilopelia senegalensis,2007,3.47140908241272
Spilornis cheela,2007,6.67903089523315
Spinus spinus,2007,2.51420879364014
Spizixos semitorques,2007,6.37160778045654
Spodiopsar cineraceus,2007,3.67115592956543
Spodiopsar sericeus,2007,6.71335363388062
Stachyris humei,2007,5.73503255844116
Staphida torqueola,2007,6.67033624649048
Streptopelia decaocto,2007,4.39474439620972
Sturnia sinensis,2007,7.08189725875855
Sturnus vulgaris,2007,3.79158759117126
Suthora fulvifrons,2007,4.65399312973023
Syrmaticus humiae,2007,6.54971313476563
Syrmaticus reevesii,2007,5.93666791915894
Syrrhaptes paradoxus,2007,3.6819748878479
Tarsiger chrysaeus,2007,4.14536190032959
Tarsiger indicus,2007,4.68887329101563
Temnurus temnurus,2007,8.20338153839111
Tephrodornis virgatus,2007,7.16719913482666
Thalasseus bergii,2007,7.86064004898071
Timalia pileata,2007,7.10419607162476
Tragopan caboti,2007,6.91659307479858
Tragopan temminckii,2007,5.51264429092407
Treron curvirostra,2007,6.98430061340332
Treron sieboldii,2007,6.81450319290161
Treron sphenurus,2007,5.94797229766846
Turdus boulboul,2007,6.64698696136475
Turdus cardis,2007,6.1729679107666
Turdus feae,2007,4.3941388130188
Turdus mandarinus,2007,6.06854343414307
Turdus pilaris,2007,2.27059817314148
Turdus rubrocanus,2007,3.8159122467041
Turdus ruficollis,2007,3.29749870300293
Turdus viscivorus,2007,3.72098398208618
Turnix suscitator,2007,6.79675054550171
Tyto longimembris,2007,6.79204177856445
Urile pelagicus,2007,5.15748262405396
Urosphena squameiceps,2007,3.48896789550781
Vanellus cinereus,2007,3.59739351272583
Vanellus indicus,2007,6.7347354888916
Vanellus vanellus,2007,3.37351250648499
Yuhina nigrimenta,2007,6.09986877441406
Zoothera dixoni,2007,5.13575792312622
Zoothera mollissima,2007,3.07582116127014
Zoothera monticola,2007,5.59278917312622
Zosterops erythropleurus,2007,3.77220416069031
Abroscopus albogularis,2008,6.54517412185669
Accipiter gularis,2008,3.18315839767456
Accipiter soloensis,2008,5.93313503265381
Accipiter trivirgatus,2008,7.38381433486939
Accipiter virgatus,2008,6.0243730545044
Acridotheres cristatellus,2008,6.31506252288818
Acridotheres tristis,2008,5.6118631362915
Acrocephalus agricola,2008,4.17425155639648
Acrocephalus bistrigiceps,2008,4.10915851593018
Acrocephalus concinens,2008,5.64612770080566
Acrocephalus orientalis,2008,4.20199394226074
Acrocephalus tangorum,2008,3.56162548065186
Aegithalos bonvaloti,2008,4.22793626785278
Aegithalos caudatus,2008,3.08937382698059
Aegithalos concinnus,2008,6.22344350814819
Aegithalos fuliginosus,2008,4.74528789520264
Aerodramus brevirostris,2008,5.67859745025635
Aethopyga christinae,2008,8.19708251953125
Aethopyga gouldiae,2008,5.02372932434082
Agropsar sturninus,2008,3.65631914138794
Aix galericulata,2008,3.46012139320374
Alauda gulgula,2008,4.61397218704224
Alaudala cheleensis,2008,3.65904545783997
Alcedo hercules,2008,7.14267539978027
Alcippe morrisonia,2008,6.32362747192383
Amaurornis phoenicurus,2008,6.23666381835938
Anastomus oscitans,2008,6.27501964569092
Anser anser,2008,3.16557931900024
Anser fabalis,2008,2.47472953796387
Anser indicus,2008,2.57823538780212
Anthus godlewskii,2008,2.81084203720093
Anthus gustavi,2008,3.20603847503662
Anthus richardi,2008,4.46688842773438
Anthus roseatus,2008,3.20279097557068
Anthus trivialis,2008,3.02609276771545
Aquila fasciata,2008,7.00838470458984
Aquila heliaca,2008,2.74551320075989
Ardea intermedia,2008,6.45930147171021
Ardea purpurea,2008,5.74674558639526
Ardenna pacifica,2008,7.61404037475586
Artamus fuscus,2008,7.27431678771973
Asio flammeus,2008,2.69683051109314
Athene noctua,2008,3.34404158592224
Aviceda jerdoni,2008,7.43648910522461
Aviceda leuphotes,2008,6.21169757843018
Aythya fuligula,2008,2.75242257118225
Aythya nyroca,2008,3.41018319129944
Bombycilla japonica,2008,1.89013969898224
Branta canadensis,2008,4.38651847839355
Bubo nipalensis,2008,5.13765382766724
Bucanetes mongolicus,2008,3.73926901817322
Butastur indicus,2008,3.56089162826538
Cacomantis merulinus,2008,7.00041389465332
Calandrella brachydactyla,2008,3.90359115600586
Calliope obscura,2008,4.40984344482422
Caprimulgus macrurus,2008,7.46615314483643
Carpodacus roborowskii,2008,1.21542882919312
Carpodacus vinaceus,2008,5.55190086364746
Cecropis daurica,2008,4.62479162216187
Centropus bengalensis,2008,6.85471105575562
Cephalopyrus flammiceps,2008,5.11471652984619
Certhia familiaris,2008,3.47915863990784
Certhia himalayana,2008,4.65583324432373
Certhia tianquanensis,2008,4.25374317169189
Ceryle rudis,2008,6.62081384658814
Cettia brunnifrons,2008,4.53993797302246
Cettia castaneocoronata,2008,5.26257610321045
Chalcophaps indica,2008,7.30032396316528
Charadrius atrifrons,2008,2.31147146224976
Charadrius dealbatus,2008,7.76281547546387
Charadrius placidus,2008,4.14658832550049
Charadrius veredus,2008,2.85527539253235
Chlidonias leucopterus,2008,3.3928062915802
Chlidonias niger,2008,3.24010014533997
Chloris ambigua,2008,5.69060230255127
Chloris sinica,2008,4.85407257080078
Chrysolophus pictus,2008,5.32429218292236
Ciconia boyciana,2008,3.44786167144775
Ciconia nigra,2008,3.86451363563538
Circaetus gallicus,2008,4.01541948318481
Circus macrourus,2008,3.0953733921051
Circus spilonotus,2008,2.88761353492737
Cisticola exilis,2008,6.78372573852539
Cisticola juncidis,2008,6.23892402648926
Clamator coromandus,2008,6.37488460540772
Clanga clanga,2008,2.98010420799255
Columba oenas,2008,2.99038004875183
Copsychus saularis,2008,6.29336404800415
Coracias garrulus,2008,2.98299169540405
Coturnicops exquisitus,2008,2.55879545211792
Crex crex,2008,2.97047829627991
Crossoptilon mantchuricum,2008,4.31101322174072
Curruca curruca,2008,3.59260988235474
Cyanistes cyanus,2008,2.70954251289368
Cyanoderma pyrrhops,2008,5.29551649093628
Cygnus cygnus,2008,2.98259544372559
Cygnus olor,2008,3.00327777862549
Cyornis glaucicomans,2008,6.02591896057129
Cyornis hainanus,2008,7.49134731292725
Cyornis rubeculoides,2008,6.50559425354004
Delichon dasypus,2008,4.02848196029663
Dendrocitta formosae,2008,6.49609375
Dendrocopos hyperythrus,2008,4.38729619979858
Dendrocygna javanica,2008,6.71433115005493
Dicaeum cruentatum,2008,6.88124799728394
Dicaeum ignipectus,2008,6.12868070602417
Dicaeum minullum,2008,5.91008615493774
Dicrurus annectens,2008,7.1613039970398
Dicrurus hottentottus,2008,5.97098398208618
Dicrurus remifer,2008,6.62263584136963
Egretta eulophotes,2008,4.7936806678772
Egretta garzetta,2008,5.44474601745606
Elachura formosa,2008,6.2190146446228
Elanus caeruleus,2008,7.16961479187012
Emberiza buchanani,2008,2.74964118003845
Emberiza citrinella,2008,2.80003762245178
Emberiza elegans,2008,4.56104946136475
Emberiza godlewskii,2008,3.48901987075806
Emberiza hortulana,2008,3.3787260055542
Emberiza leucocephalos,2008,2.45480155944824
Emberiza pallasi,2008,1.8729122877121
Emberiza pusilla,2008,3.1904890537262
Emberiza rustica,2008,1.37218570709229
Emberiza siemsseni,2008,4.78112363815308
Emberiza yessoensis,2008,3.19100427627564
Enicurus leschenaulti,2008,5.97082376480103
Enicurus maculatus,2008,6.57411241531372
Enicurus schistaceus,2008,6.49889326095581
Erpornis zantholeuca,2008,6.67931032180786
Erythrogenys hypoleucos,2008,7.16710901260376
Eudynamys scolopaceus,2008,6.3072509765625
Eumyias thalassinus,2008,5.81437826156616
Falco cherrug,2008,3.06536149978638
Falco severus,2008,6.66194868087769
Ficedula albicilla,2008,1.95382869243622
Ficedula elisae,2008,4.25464010238647
Ficedula erithacus,2008,4.10817050933838
Ficedula hyperythra,2008,6.23557186126709
Ficedula mugimaki,2008,3.10188579559326
Ficedula strophiata,2008,5.50851345062256
Ficedula superciliaris,2008,3.6209282875061
Ficedula tricolor,2008,5.18512964248657
Fringilla coelebs,2008,1.56916582584381
Fringilla montifringilla,2008,1.84186112880707
Galerida cristata,2008,4.03601408004761
Gallicrex cinerea,2008,5.74839448928833
Garrulax maesi,2008,6.44680786132813
Garrulax monileger,2008,6.9718599319458
Gavia arctica,2008,3.1096019744873
Gelochelidon nilotica,2008,4.36237907409668
Geokichla citrina,2008,6.62087440490723
Glaucidium cuculoides,2008,6.40900564193726
Gorsachius melanolophus,2008,7.57291603088379
Gracupica nigricollis,2008,6.68902826309204
Grandala coelicolor,2008,2.30682516098022
Grus japonensis,2008,3.15787577629089
Grus monacha,2008,2.5037841796875
Grus nigricollis,2008,1.62971782684326
Gypaetus barbatus,2008,2.57965087890625
Gyps himalayensis,2008,2.64162492752075
Halcyon coromanda,2008,4.74607944488525
Halcyon pileata,2008,5.71866226196289
Halcyon smyrnensis,2008,7.56106948852539
Haliaeetus leucoryphus,2008,5.83849096298218
Harpactes wardi,2008,4.54889965057373
Helopsaltes certhiola,2008,3.57045388221741
Helopsaltes pryeri,2008,4.12523698806763
Hemiprocne coronata,2008,6.4911003112793
Hemitesia pallidipes,2008,6.47174119949341
Hemixos castanonotus,2008,6.95773506164551
Heterophasia desgodinsi,2008,6.11175537109375
Heteroxenicus stellatus,2008,4.94840383529663
Hieraaetus pennatus,2008,2.20406556129456
Hierococcyx nisicolor,2008,6.48268127441406
Hirundapus caudacutus,2008,3.32600140571594
Hirundo rustica,2008,3.99865245819092
Histrionicus histrionicus,2008,3.10954713821411
Hydrocoloeus minutus,2008,4.7755331993103
Hydrophasianus chirurgus,2008,6.48454141616821
Hydroprogne caspia,2008,5.79250860214233
Hypothymis azurea,2008,6.55327892303467
Hypsipetes leucocephalus,2008,6.02309036254883
Ianthocincla lunulata,2008,4.90235900878906
Ibidorhyncha struthersii,2008,2.98249053955078
Ictinaetus malaiensis,2008,6.68504524230957
Iduna caligata,2008,3.02798986434937
Indicator xanthonotus,2008,5.40766716003418
Ixobrychus cinnamomeus,2008,6.10146284103394
Ixobrychus eurhythmus,2008,4.80561351776123
Ixobrychus minutus,2008,3.42857074737549
Ixos mcclellandii,2008,6.60465097427368
Ketupa flavipes,2008,6.49228763580322
Lalage melaschistos,2008,5.92700910568237
Lanius borealis,2008,2.84062623977661
Lanius collurioides,2008,6.87092685699463
Lanius isabellinus,2008,3.47087526321411
Lanius schach,2008,5.80407094955444
Lanius sphenocercus,2008,3.43071842193604
Lanius tephronotus,2008,3.38406562805176
Larus crassirostris,2008,6.17991256713867
Larvivora brunnea,2008,3.99975943565369
Larvivora cyane,2008,2.77712059020996
Leptopoecile elegans,2008,2.549556016922
Leptoptilos javanicus,2008,6.51257467269898
Limnodromus semipalmatus,2008,2.67769575119019
Limosa limosa,2008,2.80102181434631
Linaria cannabina,2008,3.47784638404846
Locustella davidi,2008,2.79920148849487
Locustella mandelli,2008,6.43523454666138
Lonchura striata,2008,6.71652173995972
Lophotriorchis kienerii,2008,7.65268039703369
Lophura leucomelanos,2008,4.9589729309082
Lophura nycthemera,2008,6.83862209320068
Loxia curvirostra,2008,2.80950975418091
Macropygia unchall,2008,6.2690281867981
Mareca falcata,2008,2.45539212226868
Megaceryle lugubris,2008,6.05864334106445
Melanitta fusca,2008,2.66246557235718
Melanitta stejnegeri,2008,1.52189087867737
Melanochlora sultanea,2008,6.78484582901001
Mergus serrator,2008,2.86000061035156
Merops philippinus,2008,6.80343723297119
Mixornis gularis,2008,6.45077848434448
Monticola gularis,2008,3.12677049636841
Monticola rufiventris,2008,6.06048154830933
Monticola solitarius,2008,5.02728605270386
Motacilla citreola,2008,2.92157435417175
Moupinia poecilotis,2008,3.78107261657715
Muscicapa dauurica,2008,2.95348978042603
Muscicapa ferruginea,2008,5.40851593017578
Muscicapa muttui,2008,6.3789553642273
Mycerobas affinis,2008,3.45797610282898
Mycerobas carnipes,2008,2.93024444580078
Myiomela leucura,2008,5.99025058746338
Myophonus caeruleus,2008,5.38781690597534
Netta rufina,2008,3.65559840202332
Niltava davidi,2008,6.30665636062622
Niltava grandis,2008,6.18252563476563
Niltava macgrigoriae,2008,6.52065944671631
Niltava sundara,2008,5.11617279052734
Ninox japonica,2008,5.15486097335815
Nipponia nippon,2008,5.59719085693359
Nisaetus nipalensis,2008,6.24049758911133
Numenius madagascariensis,2008,2.72427201271057
Nycticorax nycticorax,2008,5.91020059585571
Oenanthe deserti,2008,3.09939885139465
Oenanthe oenanthe,2008,3.49259805679321
Onychoprion anaethetus,2008,7.54519367218018
Oriolus oriolus,2008,3.28974747657776
Otus lettia,2008,6.58806037902832
Otus semitorques,2008,4.33574151992798
Otus spilocephalus,2008,6.34482049942017
Oxyura leucocephala,2008,3.96077585220337
Panurus biarmicus,2008,3.48452830314636
Paradoxornis guttaticollis,2008,6.37333488464356
Paradoxornis heudei,2008,5.40693283081055
Parayuhina diademata,2008,5.52560138702393
Pardaliparus venustulus,2008,5.64824295043945
Parus monticolus,2008,5.44636869430542
Passer cinnamomeus,2008,5.46119356155396
Passer domesticus,2008,2.71210885047913
Passer hispaniolensis,2008,3.61727595329285
Pelecanus crispus,2008,2.58425378799439
Pellorneum tickelli,2008,6.92802000045776
Perdix hodgsoniae,2008,1.85626041889191
Pericrocotus cantonensis,2008,6.3281455039978
Pericrocotus divaricatus,2008,3.16166520118713
Pericrocotus ethologus,2008,4.80284261703491
Pericrocotus solaris,2008,6.67816686630249
Periparus rubidiventris,2008,2.48655652999878
Pernis ptilorhynchus,2008,3.35602045059204
Phasianus colchicus,2008,4.45637226104736
Phoenicurus erythronotus,2008,3.62673425674439
Phoenicurus frontalis,2008,3.45997214317322
Phoenicurus leucocephalus,2008,4.20495414733887
Phoenicurus ochruros,2008,3.18550324440002
Phoenicurus schisticeps,2008,3.02088308334351
Phylloscopus affinis,2008,3.58639860153198
Phylloscopus burkii,2008,3.08089089393616
Phylloscopus cantator,2008,6.20767879486084
Phylloscopus castaniceps,2008,6.24059391021729
Phylloscopus claudiae,2008,4.7521562576294
Phylloscopus coronatus,2008,4.06698226928711
Phylloscopus emeiensis,2008,5.36567163467407
Phylloscopus intermedius,2008,5.77599382400513
Phylloscopus magnirostris,2008,3.90989422798157
Phylloscopus ogilviegranti,2008,6.63631582260132
Phylloscopus omeiensis,2008,4.82300281524658
Phylloscopus pulcher,2008,4.26905918121338
Phylloscopus ricketti,2008,6.05615949630737
Phylloscopus soror,2008,5.65262222290039
Phylloscopus subaffinis,2008,5.1109504699707
Phylloscopus tenellipes,2008,3.64444971084595
Phylloscopus tephrocephalus,2008,5.27152919769287
Phylloscopus yunnanensis,2008,4.30323266983032
Picumnus innominatus,2008,6.06866407394409
Picus chlorolophus,2008,6.82915019989014
Pitta nympha,2008,6.56912851333618
Platalea minor,2008,4.70701456069946
Pnoepyga immaculata,2008,3.86345934867859
Podiceps auritus,2008,2.58348870277405
Podiceps grisegena,2008,2.94654154777527
Podiceps nigricollis,2008,3.37416958808899
Podoces biddulphi,2008,5.31124258041382
Pomatorhinus schisticeps,2008,6.58227348327637
Pomatorhinus superciliaris,2008,6.19439888000488
Prinia atrogularis,2008,5.75702619552612
Prinia flaviventris,2008,7.02218580245972
Prinia inornata,2008,6.65027904510498
Prunella collaris,2008,2.59943413734436
Prunella himalayana,2008,2.31911540031433
Prunella immaculata,2008,2.8434886932373
Prunella montanella,2008,1.57864105701447
Prunella strophiata,2008,3.46722674369812
Psarisomus dalhousiae,2008,6.57230424880981
Pseudopodoces humilis,2008,1.75589263439178
Psilopogon faber,2008,6.97216558456421
Psilopogon virens,2008,6.33109045028687
Pterorhinus berthemyi,2008,6.18844938278198
Pterorhinus lanceolatus,2008,5.73679256439209
Pterorhinus pectoralis,2008,6.33831167221069
Pterorhinus sannio,2008,6.3454327583313
Pteruthius rufiventer,2008,5.74191331863403
Pteruthius xanthochlorus,2008,4.87961912155151
Ptyonoprogne rupestris,2008,3.71146702766418
Pycnonotus aurigaster,2008,6.62263488769531
Pycnonotus jocosus,2008,6.76181173324585
Pycnonotus sinensis,2008,6.02823781967163
Pycnonotus xanthorrhous,2008,5.96270895004273
Pyrrhula erythaca,2008,4.51672554016113
Pyrrhula nipalensis,2008,5.92935037612915
Rallina eurizonoides,2008,7.27966117858887
Rallus aquaticus,2008,2.99735522270203
Recurvirostra avosetta,2008,2.86303067207336
Regulus regulus,2008,4.07470989227295
Remiz consobrinus,2008,3.34344387054443
Remiz coronatus,2008,3.10188293457031
Rhodospiza obsoleta,2008,3.69949126243591
Rubigula flaviventris,2008,6.91734981536865
Sasia ochracea,2008,6.99290895462036
Saxicola ferreus,2008,5.91720628738403
Sitta cinnamoventris,2008,6.54907941818237
Sitta formosa,2008,6.28294181823731
Sitta villosa,2008,3.8715877532959
Sittiparus varius,2008,3.8976571559906
Spilopelia chinensis,2008,5.96527862548828
Spilopelia senegalensis,2008,3.48592638969421
Spilornis cheela,2008,6.57499265670776
Spinus spinus,2008,2.38296270370483
Spizixos semitorques,2008,6.22711420059204
Spodiopsar cineraceus,2008,3.50109720230103
Spodiopsar sericeus,2008,6.56429672241211
Stachyris humei,2008,5.71623706817627
Staphida torqueola,2008,6.54030132293701
Streptopelia decaocto,2008,4.26558065414429
Sturnia sinensis,2008,6.94038724899292
Sturnus vulgaris,2008,3.73801469802856
Suthora fulvifrons,2008,4.57897567749023
Syrmaticus humiae,2008,6.50409078598023
Syrmaticus reevesii,2008,5.8015308380127
Syrrhaptes paradoxus,2008,3.52940988540649
Tarsiger chrysaeus,2008,4.0883059501648
Tarsiger indicus,2008,4.63412666320801
Temnurus temnurus,2008,8.06834697723389
Tephrodornis virgatus,2008,7.04222917556763
Thalasseus bergii,2008,7.73444652557373
Timalia pileata,2008,6.99796056747437
Tragopan caboti,2008,6.78691148757935
Tragopan temminckii,2008,5.40703725814819
Treron curvirostra,2008,6.93164205551148
Treron sieboldii,2008,6.66208219528198
Treron sphenurus,2008,5.89625549316406
Turdus boulboul,2008,6.58677339553833
Turdus cardis,2008,6.00067234039307
Turdus feae,2008,4.1974573135376
Turdus mandarinus,2008,5.92916440963745
Turdus pilaris,2008,2.09312152862549
Turdus rubrocanus,2008,3.70214676856995
Turdus ruficollis,2008,3.28874588012695
Turdus viscivorus,2008,3.67282819747925
Turnix suscitator,2008,6.70984506607056
Tyto longimembris,2008,6.66131925582886
Urile pelagicus,2008,4.99609613418579
Urosphena squameiceps,2008,3.41738510131836
Vanellus cinereus,2008,3.46865630149841
Vanellus indicus,2008,6.69668292999268
Vanellus vanellus,2008,3.22876358032227
Yuhina nigrimenta,2008,5.99143505096436
Zoothera dixoni,2008,5.08212947845459
Zoothera mollissima,2008,3.01268792152405
Zoothera monticola,2008,5.56953716278076
Zosterops erythropleurus,2008,3.66418957710266
Abroscopus albogularis,2009,6.67885065078735
Accipiter gularis,2009,2.8757963180542
Accipiter soloensis,2009,5.94880294799805
Accipiter trivirgatus,2009,7.53677940368652
Accipiter virgatus,2009,6.17159080505371
Acridotheres cristatellus,2009,6.42287254333496
Acridotheres tristis,2009,5.72200775146484
Acrocephalus agricola,2009,4.13075733184814
Acrocephalus bistrigiceps,2009,3.93753004074097
Acrocephalus concinens,2009,5.67931890487671
Acrocephalus orientalis,2009,4.04322910308838
Acrocephalus tangorum,2009,3.22388625144959
Aegithalos bonvaloti,2009,4.42812919616699
Aegithalos caudatus,2009,2.77299332618713
Aegithalos concinnus,2009,6.33279514312744
Aegithalos fuliginosus,2009,4.86209535598755
Aerodramus brevirostris,2009,5.83291864395142
Aethopyga christinae,2009,8.33789825439453
Aethopyga gouldiae,2009,5.17527675628662
Agropsar sturninus,2009,3.48778891563416
Aix galericulata,2009,3.14389657974243
Alauda gulgula,2009,4.74020004272461
Alaudala cheleensis,2009,3.62175178527832
Alcedo hercules,2009,7.31138181686401
Alcippe morrisonia,2009,6.4399790763855
Amaurornis phoenicurus,2009,6.34695482254028
Anastomus oscitans,2009,6.46676111221314
Anser anser,2009,2.91406297683716
Anser fabalis,2009,2.10949206352234
Anser indicus,2009,2.63271903991699
Anthus godlewskii,2009,2.48865032196045
Anthus gustavi,2009,2.92914056777954
Anthus richardi,2009,4.4083890914917
Anthus roseatus,2009,3.32565855979919
Anthus trivialis,2009,2.83524537086487
Aquila fasciata,2009,7.09348249435425
Aquila heliaca,2009,2.48222208023071
Ardea intermedia,2009,6.57638883590698
Ardea purpurea,2009,5.7416787147522
Ardenna pacifica,2009,7.67915534973145
Artamus fuscus,2009,7.43173980712891
Asio flammeus,2009,2.40240120887756
Athene noctua,2009,3.31890344619751
Aviceda jerdoni,2009,7.61127185821533
Aviceda leuphotes,2009,6.35619640350342
Aythya fuligula,2009,2.41413259506226
Aythya nyroca,2009,3.27619409561157
Bombycilla japonica,2009,1.51777589321136
Branta canadensis,2009,4.24261474609375
Bubo nipalensis,2009,5.33716535568237
Bucanetes mongolicus,2009,3.6621720790863
Butastur indicus,2009,3.26126909255981
Cacomantis merulinus,2009,7.15005779266357
Calandrella brachydactyla,2009,3.77468419075012
Calliope obscura,2009,4.52448606491089
Caprimulgus macrurus,2009,7.63790416717529
Carpodacus roborowskii,2009,1.4261782169342
Carpodacus vinaceus,2009,5.7041540145874
Cecropis daurica,2009,4.62182569503784
Centropus bengalensis,2009,6.95891666412354
Cephalopyrus flammiceps,2009,5.25795888900757
Certhia familiaris,2009,3.33106303215027
Certhia himalayana,2009,4.82050609588623
Certhia tianquanensis,2009,4.3916506767273
Ceryle rudis,2009,6.73643350601196
Cettia brunnifrons,2009,4.71577787399292
Cettia castaneocoronata,2009,5.45173263549805
Chalcophaps indica,2009,7.44209289550781
Charadrius atrifrons,2009,2.42459869384766
Charadrius dealbatus,2009,7.84711122512817
Charadrius placidus,2009,3.97804427146912
Charadrius veredus,2009,2.54749345779419
Chlidonias leucopterus,2009,3.1677041053772
Chlidonias niger,2009,3.03893208503723
Chloris ambigua,2009,5.89468717575073
Chloris sinica,2009,4.83545589447022
Chrysolophus pictus,2009,5.46037817001343
Ciconia boyciana,2009,3.12028503417969
Ciconia nigra,2009,3.75214838981628
Circaetus gallicus,2009,3.8952624797821
Circus macrourus,2009,2.91872692108154
Circus spilonotus,2009,2.5478036403656
Cisticola exilis,2009,6.91050291061401
Cisticola juncidis,2009,6.30981922149658
Clamator coromandus,2009,6.47267246246338
Clanga clanga,2009,2.65690994262695
Columba oenas,2009,2.86500811576843
Copsychus saularis,2009,6.41106224060059
Coracias garrulus,2009,2.80662298202515
Coturnicops exquisitus,2009,2.1969952583313
Crex crex,2009,2.79702067375183
Crossoptilon mantchuricum,2009,4.38084173202515
Curruca curruca,2009,3.58605313301086
Cyanistes cyanus,2009,2.45878338813782
Cyanoderma pyrrhops,2009,5.42204904556274
Cygnus cygnus,2009,2.76647996902466
Cygnus olor,2009,3.07244324684143
Cyornis glaucicomans,2009,6.16432809829712
Cyornis hainanus,2009,7.63491868972778
Cyornis rubeculoides,2009,6.65924501419067
Delichon dasypus,2009,4.15333318710327
Dendrocitta formosae,2009,6.61482858657837
Dendrocopos hyperythrus,2009,4.50675630569458
Dendrocygna javanica,2009,6.82681941986084
Dicaeum cruentatum,2009,7.01216888427734
Dicaeum ignipectus,2009,6.25633239746094
Dicaeum minullum,2009,6.06734800338745
Dicrurus annectens,2009,7.34435510635376
Dicrurus hottentottus,2009,6.0763087272644
Dicrurus remifer,2009,6.81732225418091
Egretta eulophotes,2009,4.72821521759033
Egretta garzetta,2009,5.55410289764404
Elachura formosa,2009,6.39698886871338
Elanus caeruleus,2009,7.2655520439148
Emberiza buchanani,2009,2.57152819633484
Emberiza citrinella,2009,2.59206008911133
Emberiza elegans,2009,4.47924900054932
Emberiza godlewskii,2009,3.4897346496582
Emberiza hortulana,2009,3.18184018135071
Emberiza leucocephalos,2009,2.27862358093262
Emberiza pallasi,2009,1.4897985458374
Emberiza pusilla,2009,2.83444046974182
Emberiza rustica,2009,1.11648166179657
Emberiza siemsseni,2009,4.88958692550659
Emberiza yessoensis,2009,2.8793044090271
Enicurus leschenaulti,2009,6.09175062179565
Enicurus maculatus,2009,6.72945976257324
Enicurus schistaceus,2009,6.64370632171631
Erpornis zantholeuca,2009,6.82122850418091
Erythrogenys hypoleucos,2009,7.33196640014648
Eudynamys scolopaceus,2009,6.4137282371521
Eumyias thalassinus,2009,5.96201372146606
Falco cherrug,2009,3.08739066123962
Falco severus,2009,6.83912563323975
Ficedula albicilla,2009,1.59521973133087
Ficedula elisae,2009,4.23074436187744
Ficedula erithacus,2009,4.3105788230896
Ficedula hyperythra,2009,6.41321325302124
Ficedula mugimaki,2009,2.78022933006287
Ficedula strophiata,2009,5.66256427764893
Ficedula superciliaris,2009,3.79150104522705
Ficedula tricolor,2009,5.3642201423645
Fringilla coelebs,2009,1.31435430049896
Fringilla montifringilla,2009,1.61736583709717
Galerida cristata,2009,4.00127124786377
Gallicrex cinerea,2009,5.78819274902344
Garrulax maesi,2009,6.59781694412231
Garrulax monileger,2009,7.09774446487427
Gavia arctica,2009,2.88125872612
Gelochelidon nilotica,2009,4.23348760604858
Geokichla citrina,2009,6.74508190155029
Glaucidium cuculoides,2009,6.5225977897644
Gorsachius melanolophus,2009,7.70201921463013
Gracupica nigricollis,2009,6.83615779876709
Grandala coelicolor,2009,2.49686408042908
Grus japonensis,2009,2.82858371734619
Grus monacha,2009,2.15518927574158
Grus nigricollis,2009,1.75321912765503
Gypaetus barbatus,2009,2.66322064399719
Gyps himalayensis,2009,2.75143671035767
Halcyon coromanda,2009,4.64657020568848
Halcyon pileata,2009,5.79085493087769
Halcyon smyrnensis,2009,7.6729211807251
Haliaeetus leucoryphus,2009,5.97555160522461
Harpactes wardi,2009,4.71852445602417
Helopsaltes certhiola,2009,3.44576668739319
Helopsaltes pryeri,2009,3.88623213768005
Hemiprocne coronata,2009,6.67598009109497
Hemitesia pallidipes,2009,6.66349744796753
Hemixos castanonotus,2009,7.07465982437134
Heterophasia desgodinsi,2009,6.28825759887695
Heteroxenicus stellatus,2009,5.12485361099243
Hieraaetus pennatus,2009,1.92045748233795
Hierococcyx nisicolor,2009,6.62585353851318
Hirundapus caudacutus,2009,3.21220993995667
Hirundo rustica,2009,3.99880862236023
Histrionicus histrionicus,2009,2.80774688720703
Hydrocoloeus minutus,2009,4.61121082305908
Hydrophasianus chirurgus,2009,6.60619020462036
Hydroprogne caspia,2009,5.75938272476196
Hypothymis azurea,2009,6.7149772644043
Hypsipetes leucocephalus,2009,6.14474105834961
Ianthocincla lunulata,2009,5.02199745178223
Ibidorhyncha struthersii,2009,3.08896803855896
Ictinaetus malaiensis,2009,6.73916244506836
Iduna caligata,2009,2.81803274154663
Indicator xanthonotus,2009,5.5633282661438
Ixobrychus cinnamomeus,2009,6.17174911499023
Ixobrychus eurhythmus,2009,4.68632507324219
Ixobrychus minutus,2009,3.27515816688538
Ixos mcclellandii,2009,6.73814678192139
Ketupa flavipes,2009,6.58095026016235
Lalage melaschistos,2009,6.03462934494019
Lanius borealis,2009,2.57786417007446
Lanius collurioides,2009,7.04584741592407
Lanius isabellinus,2009,3.45504927635193
Lanius schach,2009,5.91976404190064
Lanius sphenocercus,2009,3.22792887687683
Lanius tephronotus,2009,3.56576538085938
Larus crassirostris,2009,6.18525171279907
Larvivora brunnea,2009,4.16546249389648
Larvivora cyane,2009,2.44993090629578
Leptopoecile elegans,2009,2.71906018257141
Leptoptilos javanicus,2009,6.72049283981323
Limnodromus semipalmatus,2009,2.31370210647583
Limosa limosa,2009,2.48757863044739
Linaria cannabina,2009,3.29016160964966
Locustella davidi,2009,2.44476437568665
Locustella mandelli,2009,6.5799298286438
Lonchura striata,2009,6.82409763336182
Lophotriorchis kienerii,2009,7.80440378189087
Lophura leucomelanos,2009,5.13291263580322
Lophura nycthemera,2009,7.00515079498291
Loxia curvirostra,2009,2.70327210426331
Macropygia unchall,2009,6.41984844207764
Mareca falcata,2009,2.09298849105835
Megaceryle lugubris,2009,6.13632726669312
Melanitta fusca,2009,2.40777230262756
Melanitta stejnegeri,2009,1.14620232582092
Melanochlora sultanea,2009,6.93827772140503
Mergus serrator,2009,2.5271270275116
Merops philippinus,2009,6.98991823196411
Mixornis gularis,2009,6.66205596923828
Monticola gularis,2009,2.8135621547699
Monticola rufiventris,2009,6.18707942962647
Monticola solitarius,2009,5.04751777648926
Motacilla citreola,2009,2.96516013145447
Moupinia poecilotis,2009,3.95884013175964
Muscicapa dauurica,2009,2.61674857139587
Muscicapa ferruginea,2009,5.57102918624878
Muscicapa muttui,2009,6.53773832321167
Mycerobas affinis,2009,3.65989422798157
Mycerobas carnipes,2009,3.04520153999329
Myiomela leucura,2009,6.14240598678589
Myophonus caeruleus,2009,5.48633241653442
Netta rufina,2009,3.5102756023407
Niltava davidi,2009,6.45584869384766
Niltava grandis,2009,6.37272930145264
Niltava macgrigoriae,2009,6.71068239212036
Niltava sundara,2009,5.27249813079834
Ninox japonica,2009,5.07662057876587
Nipponia nippon,2009,5.65373516082764
Nisaetus nipalensis,2009,6.38818120956421
Numenius madagascariensis,2009,2.39900207519531
Nycticorax nycticorax,2009,5.95127391815186
Oenanthe deserti,2009,3.12869834899902
Oenanthe oenanthe,2009,3.37441205978394
Onychoprion anaethetus,2009,7.54819631576538
Oriolus oriolus,2009,3.10560750961304
Otus lettia,2009,6.70079326629639
Otus semitorques,2009,4.1998085975647
Otus spilocephalus,2009,6.48069953918457
Oxyura leucocephala,2009,3.81863737106323
Panurus biarmicus,2009,3.39418411254883
Paradoxornis guttaticollis,2009,6.51514577865601
Paradoxornis heudei,2009,5.33790397644043
Parayuhina diademata,2009,5.68626260757446
Pardaliparus venustulus,2009,5.72912311553955
Parus monticolus,2009,5.59165859222412
Passer cinnamomeus,2009,5.56571626663208
Passer domesticus,2009,2.49411988258362
Passer hispaniolensis,2009,3.44636964797974
Pelecanus crispus,2009,2.5727379322052
Pellorneum tickelli,2009,7.12280702590942
Perdix hodgsoniae,2009,2.04243516921997
Pericrocotus cantonensis,2009,6.4316201210022
Pericrocotus divaricatus,2009,2.86644077301025
Pericrocotus ethologus,2009,4.9224591255188
Pericrocotus solaris,2009,6.81726741790772
Periparus rubidiventris,2009,2.6932156085968
Pernis ptilorhynchus,2009,3.14440608024597
Phasianus colchicus,2009,4.40993356704712
Phoenicurus erythronotus,2009,3.4803729057312
Phoenicurus frontalis,2009,3.62939763069153
Phoenicurus leucocephalus,2009,4.33939409255981
Phoenicurus ochruros,2009,3.24830675125122
Phoenicurus schisticeps,2009,3.22067332267761
Phylloscopus affinis,2009,3.75941729545593
Phylloscopus burkii,2009,3.21896719932556
Phylloscopus cantator,2009,6.38372373580933
Phylloscopus castaniceps,2009,6.38187837600708
Phylloscopus claudiae,2009,4.8472580909729
Phylloscopus coronatus,2009,3.94695568084717
Phylloscopus emeiensis,2009,5.50160980224609
Phylloscopus intermedius,2009,5.89686298370361
Phylloscopus magnirostris,2009,4.09081602096558
Phylloscopus ogilviegranti,2009,6.78087282180786
Phylloscopus omeiensis,2009,4.96751070022583
Phylloscopus pulcher,2009,4.45702695846558
Phylloscopus ricketti,2009,6.1584062576294
Phylloscopus soror,2009,5.76564884185791
Phylloscopus subaffinis,2009,5.23920106887817
Phylloscopus tenellipes,2009,3.36740660667419
Phylloscopus tephrocephalus,2009,5.41180229187012
Phylloscopus yunnanensis,2009,4.38243961334229
Picumnus innominatus,2009,6.18907022476196
Picus chlorolophus,2009,6.98215341567993
Pitta nympha,2009,6.61523580551148
Platalea minor,2009,4.68970155715942
Pnoepyga immaculata,2009,4.01254940032959
Podiceps auritus,2009,2.36137127876282
Podiceps grisegena,2009,2.66124439239502
Podiceps nigricollis,2009,3.08923363685608
Podoces biddulphi,2009,5.30078458786011
Pomatorhinus schisticeps,2009,6.73028326034546
Pomatorhinus superciliaris,2009,6.36667060852051
Prinia atrogularis,2009,5.91626262664795
Prinia flaviventris,2009,7.22633075714111
Prinia inornata,2009,6.75810766220093
Prunella collaris,2009,2.60939478874207
Prunella himalayana,2009,2.18191194534302
Prunella immaculata,2009,3.05230355262756
Prunella montanella,2009,1.24007070064545
Prunella strophiata,2009,3.6377637386322
Psarisomus dalhousiae,2009,6.76207304000855
Pseudopodoces humilis,2009,1.90319669246674
Psilopogon faber,2009,7.11081266403198
Psilopogon virens,2009,6.46726226806641
Pterorhinus berthemyi,2009,6.29813623428345
Pterorhinus lanceolatus,2009,5.87929964065552
Pterorhinus pectoralis,2009,6.44019365310669
Pterorhinus sannio,2009,6.46751976013184
Pteruthius rufiventer,2009,5.9154372215271
Pteruthius xanthochlorus,2009,5.03344249725342
Ptyonoprogne rupestris,2009,3.75541520118713
Pycnonotus aurigaster,2009,6.76086568832398
Pycnonotus jocosus,2009,6.92740488052368
Pycnonotus sinensis,2009,6.08842849731445
Pycnonotus xanthorrhous,2009,6.09741878509522
Pyrrhula erythaca,2009,4.66642141342163
Pyrrhula nipalensis,2009,6.07970142364502
Rallina eurizonoides,2009,7.42994928359985
Rallus aquaticus,2009,3.05352377891541
Recurvirostra avosetta,2009,2.56067252159119
Regulus regulus,2009,4.16335201263428
Remiz consobrinus,2009,3.06778573989868
Remiz coronatus,2009,2.92815256118774
Rhodospiza obsoleta,2009,3.7118935585022
Rubigula flaviventris,2009,7.11238050460815
Sasia ochracea,2009,7.17280149459839
Saxicola ferreus,2009,6.03246784210205
Sitta cinnamoventris,2009,6.74951076507568
Sitta formosa,2009,6.47473764419556
Sitta villosa,2009,3.8751118183136
Sittiparus varius,2009,3.71885704994202
Spilopelia chinensis,2009,6.05981922149658
Spilopelia senegalensis,2009,3.35884809494019
Spilornis cheela,2009,6.70967149734497
Spinus spinus,2009,2.02375745773315
Spizixos semitorques,2009,6.32165336608887
Spodiopsar cineraceus,2009,3.3745059967041
Spodiopsar sericeus,2009,6.66300630569458
Stachyris humei,2009,5.86012315750122
Staphida torqueola,2009,6.66041660308838
Streptopelia decaocto,2009,4.26351070404053
Sturnia sinensis,2009,7.04751014709473
Sturnus vulgaris,2009,3.58595371246338
Suthora fulvifrons,2009,4.7414402961731
Syrmaticus humiae,2009,6.72068929672241
Syrmaticus reevesii,2009,5.92254209518433
Syrrhaptes paradoxus,2009,3.35538554191589
Tarsiger chrysaeus,2009,4.26743841171265
Tarsiger indicus,2009,4.82753419876099
Temnurus temnurus,2009,8.21692848205566
Tephrodornis virgatus,2009,7.15637016296387
Thalasseus bergii,2009,7.81658363342285
Timalia pileata,2009,7.15399932861328
Tragopan caboti,2009,6.87218141555786
Tragopan temminckii,2009,5.5661244392395
Treron curvirostra,2009,7.11928701400757
Treron sieboldii,2009,6.74771451950073
Treron sphenurus,2009,6.09176874160767
Turdus boulboul,2009,6.77655458450317
Turdus cardis,2009,6.06780672073364
Turdus feae,2009,4.21713972091675
Turdus mandarinus,2009,6.03223466873169
Turdus pilaris,2009,1.74359893798828
Turdus rubrocanus,2009,3.86954522132874
Turdus ruficollis,2009,3.12847852706909
Turdus viscivorus,2009,3.53240776062012
Turnix suscitator,2009,6.86360549926758
Tyto longimembris,2009,6.75310659408569
Urile pelagicus,2009,4.93576669692993
Urosphena squameiceps,2009,3.15233016014099
Vanellus cinereus,2009,3.13699698448181
Vanellus indicus,2009,6.90175151824951
Vanellus vanellus,2009,2.98136639595032
Yuhina nigrimenta,2009,6.13201570510864
Zoothera dixoni,2009,5.2760910987854
Zoothera mollissima,2009,3.19140625
Zoothera monticola,2009,5.70159673690796
Zosterops erythropleurus,2009,3.37980389595032
Abroscopus albogularis,2010,6.58231544494629
Accipiter gularis,2010,2.81215000152588
Accipiter soloensis,2010,5.86050033569336
Accipiter trivirgatus,2010,7.49953031539917
Accipiter virgatus,2010,6.0926718711853
Acridotheres cristatellus,2010,6.34132146835327
Acridotheres tristis,2010,5.72346115112305
Acrocephalus agricola,2010,4.14252471923828
Acrocephalus bistrigiceps,2010,3.87709259986877
Acrocephalus concinens,2010,5.61491966247559
Acrocephalus orientalis,2010,3.97619009017944
Acrocephalus tangorum,2010,3.15769004821777
Aegithalos bonvaloti,2010,4.36555004119873
Aegithalos caudatus,2010,2.72472333908081
Aegithalos concinnus,2010,6.25383138656616
Aegithalos fuliginosus,2010,4.79729175567627
Aerodramus brevirostris,2010,5.75482082366943
Aethopyga christinae,2010,8.28627777099609
Aethopyga gouldiae,2010,5.10761547088623
Agropsar sturninus,2010,3.4391610622406
Aix galericulata,2010,3.08916425704956
Alauda gulgula,2010,4.69849824905396
Alaudala cheleensis,2010,3.60753464698792
Alcedo hercules,2010,7.26873445510864
Alcippe morrisonia,2010,6.35379409790039
Amaurornis phoenicurus,2010,6.26625967025757
Anastomus oscitans,2010,6.41132593154907
Anser anser,2010,2.89670515060425
Anser fabalis,2010,2.06154561042786
Anser indicus,2010,2.65705990791321
Anthus godlewskii,2010,2.40809369087219
Anthus gustavi,2010,2.94374179840088
Anthus richardi,2010,4.36233806610107
Anthus roseatus,2010,3.31497144699097
Anthus trivialis,2010,2.87659573554993
Aquila fasciata,2010,6.99933099746704
Aquila heliaca,2010,2.49354386329651
Ardea intermedia,2010,6.48489856719971
Ardea purpurea,2010,5.66773796081543
Ardenna pacifica,2010,7.59370851516724
Artamus fuscus,2010,7.38046312332153
Asio flammeus,2010,2.39202737808228
Athene noctua,2010,3.3069109916687
Aviceda jerdoni,2010,7.57503414154053
Aviceda leuphotes,2010,6.26935911178589
Aythya fuligula,2010,2.35834074020386
Aythya nyroca,2010,3.28888630867004
Bombycilla japonica,2010,1.48024725914001
Branta canadensis,2010,4.15590620040894
Bubo nipalensis,2010,5.28753519058228
Bucanetes mongolicus,2010,3.66302680969238
Butastur indicus,2010,3.20244264602661
Cacomantis merulinus,2010,7.09391450881958
Calandrella brachydactyla,2010,3.79759812355042
Calliope obscura,2010,4.48639917373657
Caprimulgus macrurus,2010,7.60858869552612
Carpodacus roborowskii,2010,1.41830658912659
Carpodacus vinaceus,2010,5.64949131011963
Cecropis daurica,2010,4.56516599655151
Centropus bengalensis,2010,6.8745436668396
Cephalopyrus flammiceps,2010,5.19794225692749
Certhia familiaris,2010,3.30678701400757
Certhia himalayana,2010,4.76628684997559
Certhia tianquanensis,2010,4.30024719238281
Ceryle rudis,2010,6.65324211120606
Cettia brunnifrons,2010,4.63671970367432
Cettia castaneocoronata,2010,5.38322067260742
Chalcophaps indica,2010,7.39256429672241
Charadrius atrifrons,2010,2.44374227523804
Charadrius dealbatus,2010,7.77893209457398
Charadrius placidus,2010,3.92974662780762
Charadrius veredus,2010,2.46637630462647
Chlidonias leucopterus,2010,3.11389899253845
Chlidonias niger,2010,3.10883212089539
Chloris ambigua,2010,5.8514666557312
Chloris sinica,2010,4.77057123184204
Chrysolophus pictus,2010,5.35897350311279
Ciconia boyciana,2010,3.06461000442505
Ciconia nigra,2010,3.73346543312073
Circaetus gallicus,2010,3.90928387641907
Circus macrourus,2010,2.9351966381073
Circus spilonotus,2010,2.48599696159363
Cisticola exilis,2010,6.83747863769531
Cisticola juncidis,2010,6.2273154258728
Clamator coromandus,2010,6.3950343132019
Clanga clanga,2010,2.60980081558228
Columba oenas,2010,2.93183565139771
Copsychus saularis,2010,6.32307577133179
Coracias garrulus,2010,2.8828809261322
Coturnicops exquisitus,2010,2.14694261550903
Crex crex,2010,2.85822606086731
Crossoptilon mantchuricum,2010,4.37625408172607
Curruca curruca,2010,3.61960005760193
Cyanistes cyanus,2010,2.45381450653076
Cyanoderma pyrrhops,2010,5.410071849823
Cygnus cygnus,2010,2.72060966491699
Cygnus olor,2010,3.10476779937744
Cyornis glaucicomans,2010,6.06180143356323
Cyornis hainanus,2010,7.56915998458862
Cyornis rubeculoides,2010,6.60791873931885
Delichon dasypus,2010,4.10812091827393
Dendrocitta formosae,2010,6.52502155303955
Dendrocopos hyperythrus,2010,4.46789264678955
Dendrocygna javanica,2010,6.74593019485474
Dicaeum cruentatum,2010,6.93213987350464
Dicaeum ignipectus,2010,6.17008543014526
Dicaeum minullum,2010,5.98273181915283
Dicrurus annectens,2010,7.32012891769409
Dicrurus hottentottus,2010,6.0021767616272
Dicrurus remifer,2010,6.79570055007935
Egretta eulophotes,2010,4.65504598617554
Egretta garzetta,2010,5.49225759506226
Elachura formosa,2010,6.34868335723877
Elanus caeruleus,2010,7.17255544662476
Emberiza buchanani,2010,2.60462808609009
Emberiza citrinella,2010,2.54145216941834
Emberiza elegans,2010,4.4062614440918
Emberiza godlewskii,2010,3.46721816062927
Emberiza hortulana,2010,3.16903591156006
Emberiza leucocephalos,2010,2.272047996521
Emberiza pallasi,2010,1.43897604942322
Emberiza pusilla,2010,2.75742983818054
Emberiza rustica,2010,1.06238722801209
Emberiza siemsseni,2010,4.83544206619263
Emberiza yessoensis,2010,2.85444712638855
Enicurus leschenaulti,2010,6.0113468170166
Enicurus maculatus,2010,6.66931390762329
Enicurus schistaceus,2010,6.55783653259277
Erpornis zantholeuca,2010,6.74938535690308
Erythrogenys hypoleucos,2010,7.23530912399292
Eudynamys scolopaceus,2010,6.33274412155151
Eumyias thalassinus,2010,5.87786531448364
Falco cherrug,2010,3.09245944023132
Falco severus,2010,6.78748464584351
Ficedula albicilla,2010,1.55779564380646
Ficedula elisae,2010,4.16988372802734
Ficedula erithacus,2010,4.25971555709839
Ficedula hyperythra,2010,6.34224605560303
Ficedula mugimaki,2010,2.71958422660828
Ficedula strophiata,2010,5.59065198898315
Ficedula superciliaris,2010,3.74610471725464
Ficedula tricolor,2010,5.28954982757568
Fringilla coelebs,2010,1.25234770774841
Fringilla montifringilla,2010,1.53087484836578
Galerida cristata,2010,3.97770977020264
Gallicrex cinerea,2010,5.71630430221558
Garrulax maesi,2010,6.48671293258667
Garrulax monileger,2010,7.01756572723389
Gavia arctica,2010,2.91766381263733
Gelochelidon nilotica,2010,4.22303342819214
Geokichla citrina,2010,6.66842651367188
Glaucidium cuculoides,2010,6.43523836135864
Gorsachius melanolophus,2010,7.64824676513672
Gracupica nigricollis,2010,6.75992822647095
Grandala coelicolor,2010,2.47278523445129
Grus japonensis,2010,2.80478692054749
Grus monacha,2010,2.17575716972351
Grus nigricollis,2010,1.79427671432495
Gypaetus barbatus,2010,2.67830538749695
Gyps himalayensis,2010,2.75737524032593
Halcyon coromanda,2010,4.61890935897827
Halcyon pileata,2010,5.72524070739746
Halcyon smyrnensis,2010,7.59343385696411
Haliaeetus leucoryphus,2010,5.93908882141113
Harpactes wardi,2010,4.66479253768921
Helopsaltes certhiola,2010,3.44011425971985
Helopsaltes pryeri,2010,3.80769729614258
Hemiprocne coronata,2010,6.65781164169312
Hemitesia pallidipes,2010,6.64722156524658
Hemixos castanonotus,2010,6.98233699798584
Heterophasia desgodinsi,2010,6.22117757797241
Heteroxenicus stellatus,2010,5.08121728897095
Hieraaetus pennatus,2010,1.92601358890533
Hierococcyx nisicolor,2010,6.55414581298828
Hirundapus caudacutus,2010,3.16285419464111
Hirundo rustica,2010,3.96953463554382
Histrionicus histrionicus,2010,2.81319117546082
Hydrocoloeus minutus,2010,4.68306827545166
Hydrophasianus chirurgus,2010,6.51843690872192
Hydroprogne caspia,2010,5.70443773269653
Hypothymis azurea,2010,6.64584016799927
Hypsipetes leucocephalus,2010,6.05967426300049
Ianthocincla lunulata,2010,4.95904016494751
Ibidorhyncha struthersii,2010,3.07842922210693
Ictinaetus malaiensis,2010,6.65938758850098
Iduna caligata,2010,2.79750084877014
Indicator xanthonotus,2010,5.50563097000122
Ixobrychus cinnamomeus,2010,6.09689998626709
Ixobrychus eurhythmus,2010,4.61573553085327
Ixobrychus minutus,2010,3.34285616874695
Ixos mcclellandii,2010,6.65221834182739
Ketupa flavipes,2010,6.49145317077637
Lalage melaschistos,2010,5.96618223190308
Lanius borealis,2010,2.57997226715088
Lanius collurioides,2010,6.98568105697632
Lanius isabellinus,2010,3.45518922805786
Lanius schach,2010,5.84858512878418
Lanius sphenocercus,2010,3.17293763160706
Lanius tephronotus,2010,3.54444861412048
Larus crassirostris,2010,6.09466886520386
Larvivora brunnea,2010,4.1059513092041
Larvivora cyane,2010,2.40395379066467
Leptopoecile elegans,2010,2.70372104644775
Leptoptilos javanicus,2010,6.70062923431397
Limnodromus semipalmatus,2010,2.2499406337738
Limosa limosa,2010,2.45217108726501
Linaria cannabina,2010,3.3119101524353
Locustella davidi,2010,2.38514137268066
Locustella mandelli,2010,6.49386310577393
Lonchura striata,2010,6.72763586044312
Lophotriorchis kienerii,2010,7.75996160507202
Lophura leucomelanos,2010,5.08547782897949
Lophura nycthemera,2010,6.9623875617981
Loxia curvirostra,2010,2.66948699951172
Macropygia unchall,2010,6.34132719039917
Mareca falcata,2010,2.04914402961731
Megaceryle lugubris,2010,6.06284713745117
Melanitta fusca,2010,2.43761873245239
Melanitta stejnegeri,2010,1.11153924465179
Melanochlora sultanea,2010,6.89632844924927
Mergus serrator,2010,2.50084686279297
Merops philippinus,2010,6.95500898361206
Mixornis gularis,2010,6.65430784225464
Monticola gularis,2010,2.76010584831238
Monticola rufiventris,2010,6.10115003585815
Monticola solitarius,2010,4.98122024536133
Motacilla citreola,2010,2.97076749801636
Moupinia poecilotis,2010,3.88780808448792
Muscicapa dauurica,2010,2.55526399612427
Muscicapa ferruginea,2010,5.50831270217896
Muscicapa muttui,2010,6.44287919998169
Mycerobas affinis,2010,3.59961724281311
Mycerobas carnipes,2010,3.04745888710022
Myiomela leucura,2010,6.0613055229187
Myophonus caeruleus,2010,5.42626476287842
Netta rufina,2010,3.53706884384155
Niltava davidi,2010,6.3682656288147
Niltava grandis,2010,6.35197830200195
Niltava macgrigoriae,2010,6.66180419921875
Niltava sundara,2010,5.20288944244385
Ninox japonica,2010,5.00683927536011
Nipponia nippon,2010,5.58886051177979
Nisaetus nipalensis,2010,6.33195018768311
Numenius madagascariensis,2010,2.38628029823303
Nycticorax nycticorax,2010,5.87718105316162
Oenanthe deserti,2010,3.14952778816223
Oenanthe oenanthe,2010,3.3522355556488
Onychoprion anaethetus,2010,7.48205471038818
Oriolus oriolus,2010,3.13325643539429
Otus lettia,2010,6.60941934585571
Otus semitorques,2010,4.16116142272949
Otus spilocephalus,2010,6.40310430526733
Oxyura leucocephala,2010,3.89044761657715
Panurus biarmicus,2010,3.3866822719574
Paradoxornis guttaticollis,2010,6.4449520111084
Paradoxornis heudei,2010,5.28222846984863
Parayuhina diademata,2010,5.62648820877075
Pardaliparus venustulus,2010,5.64944744110107
Parus monticolus,2010,5.52582025527954
Passer cinnamomeus,2010,5.50370264053345
Passer domesticus,2010,2.48930406570435
Passer hispaniolensis,2010,3.5033392906189
Pelecanus crispus,2010,2.57410335540772
Pellorneum tickelli,2010,7.10939693450928
Perdix hodgsoniae,2010,2.02757406234741
Pericrocotus cantonensis,2010,6.33250379562378
Pericrocotus divaricatus,2010,2.86670184135437
Pericrocotus ethologus,2010,4.86844921112061
Pericrocotus solaris,2010,6.73778915405273
Periparus rubidiventris,2010,2.65049529075623
Pernis ptilorhynchus,2010,3.08731174468994
Phasianus colchicus,2010,4.35535383224487
Phoenicurus erythronotus,2010,3.52629590034485
Phoenicurus frontalis,2010,3.59701728820801
Phoenicurus leucocephalus,2010,4.3021821975708
Phoenicurus ochruros,2010,3.25803518295288
Phoenicurus schisticeps,2010,3.16916966438293
Phylloscopus affinis,2010,3.7103488445282
Phylloscopus burkii,2010,3.20212960243225
Phylloscopus cantator,2010,6.360191822052
Phylloscopus castaniceps,2010,6.29266357421875
Phylloscopus claudiae,2010,4.80663728713989
Phylloscopus coronatus,2010,3.88108539581299
Phylloscopus emeiensis,2010,5.38654088973999
Phylloscopus intermedius,2010,5.79919195175171
Phylloscopus magnirostris,2010,4.05220127105713
Phylloscopus ogilviegranti,2010,6.71539258956909
Phylloscopus omeiensis,2010,4.8907732963562
Phylloscopus pulcher,2010,4.41583251953125
Phylloscopus ricketti,2010,6.06344318389893
Phylloscopus soror,2010,5.67511987686157
Phylloscopus subaffinis,2010,5.16437196731567
Phylloscopus tenellipes,2010,3.32095742225647
Phylloscopus tephrocephalus,2010,5.34816408157349
Phylloscopus yunnanensis,2010,4.3607120513916
Picumnus innominatus,2010,6.10203552246094
Picus chlorolophus,2010,6.94329595565796
Pitta nympha,2010,6.53355121612549
Platalea minor,2010,4.60901880264282
Pnoepyga immaculata,2010,3.99768686294556
Podiceps auritus,2010,2.40357518196106
Podiceps grisegena,2010,2.67658472061157
Podiceps nigricollis,2010,3.04792904853821
Podoces biddulphi,2010,5.319748878479
Pomatorhinus schisticeps,2010,6.66283273696899
Pomatorhinus superciliaris,2010,6.33706855773926
Prinia atrogularis,2010,5.8491358757019
Prinia flaviventris,2010,7.22091150283814
Prinia inornata,2010,6.66105175018311
Prunella collaris,2010,2.60662794113159
Prunella himalayana,2010,2.22254014015198
Prunella immaculata,2010,2.98770070075989
Prunella montanella,2010,1.18969655036926
Prunella strophiata,2010,3.61547207832336
Psarisomus dalhousiae,2010,6.74518871307373
Pseudopodoces humilis,2010,1.9112663269043
Psilopogon faber,2010,6.94812345504761
Psilopogon virens,2010,6.38637828826904
Pterorhinus berthemyi,2010,6.18148374557495
Pterorhinus lanceolatus,2010,5.79703569412231
Pterorhinus pectoralis,2010,6.33905696868897
Pterorhinus sannio,2010,6.37890672683716
Pteruthius rufiventer,2010,5.87884569168091
Pteruthius xanthochlorus,2010,4.97350883483887
Ptyonoprogne rupestris,2010,3.7426552772522
Pycnonotus aurigaster,2010,6.68129205703735
Pycnonotus jocosus,2010,6.8667631149292
Pycnonotus sinensis,2010,6.01185369491577
Pycnonotus xanthorrhous,2010,6.02186870574951
Pyrrhula erythaca,2010,4.60504627227783
Pyrrhula nipalensis,2010,6.00070095062256
Rallina eurizonoides,2010,7.40151929855347
Rallus aquaticus,2010,3.06885361671448
Recurvirostra avosetta,2010,2.53216528892517
Regulus regulus,2010,4.11466360092163
Remiz consobrinus,2010,2.99767827987671
Remiz coronatus,2010,2.94249033927918
Rhodospiza obsoleta,2010,3.75256395339966
Rubigula flaviventris,2010,7.09061479568481
Sasia ochracea,2010,7.14622116088867
Saxicola ferreus,2010,5.95251893997192
Sitta cinnamoventris,2010,6.74241447448731
Sitta formosa,2010,6.46175765991211
Sitta villosa,2010,3.84753775596619
Sittiparus varius,2010,3.66363000869751
Spilopelia chinensis,2010,5.98818731307983
Spilopelia senegalensis,2010,3.41407465934753
Spilornis cheela,2010,6.63373899459839
Spinus spinus,2010,1.98684942722321
Spizixos semitorques,2010,6.23329305648804
Spodiopsar cineraceus,2010,3.33206343650818
Spodiopsar sericeus,2010,6.55707406997681
Stachyris humei,2010,5.79855918884277
Staphida torqueola,2010,6.56356048583984
Streptopelia decaocto,2010,4.26030921936035
Sturnia sinensis,2010,6.93870544433594
Sturnus vulgaris,2010,3.63082551956177
Suthora fulvifrons,2010,4.68436861038208
Syrmaticus humiae,2010,6.71789503097534
Syrmaticus reevesii,2010,5.82415962219238
Syrrhaptes paradoxus,2010,3.32336115837097
Tarsiger chrysaeus,2010,4.19881439208984
Tarsiger indicus,2010,4.77268123626709
Temnurus temnurus,2010,8.17037105560303
Tephrodornis virgatus,2010,7.06374835968018
Thalasseus bergii,2010,7.73250961303711
Timalia pileata,2010,7.07571268081665
Tragopan caboti,2010,6.77525234222412
Tragopan temminckii,2010,5.46967124938965
Treron curvirostra,2010,7.10584926605225
Treron sieboldii,2010,6.64401340484619
Treron sphenurus,2010,6.04809427261353
Turdus boulboul,2010,6.74625062942505
Turdus cardis,2010,5.96863317489624
Turdus feae,2010,4.1680736541748
Turdus mandarinus,2010,5.94141674041748
Turdus pilaris,2010,1.69552874565125
Turdus rubrocanus,2010,3.81528329849243
Turdus ruficollis,2010,3.1691882610321
Turdus viscivorus,2010,3.56591200828552
Turnix suscitator,2010,6.81320428848267
Tyto longimembris,2010,6.66316175460815
Urile pelagicus,2010,4.84844923019409
Urosphena squameiceps,2010,3.12653088569641
Vanellus cinereus,2010,3.06663107872009
Vanellus indicus,2010,6.8999342918396
Vanellus vanellus,2010,2.93127059936523
Yuhina nigrimenta,2010,6.04366111755371
Zoothera dixoni,2010,5.22865772247315
Zoothera mollissima,2010,3.11274790763855
Zoothera monticola,2010,5.65947675704956
Zosterops erythropleurus,2010,3.32943153381348
Abroscopus albogularis,2011,6.50255107879639
Accipiter gularis,2011,2.97282600402832
Accipiter soloensis,2011,5.82681322097778
Accipiter trivirgatus,2011,7.34644508361816
Accipiter virgatus,2011,6.00266075134277
Acridotheres cristatellus,2011,6.26279306411743
Acridotheres tristis,2011,5.57874488830566
Acrocephalus agricola,2011,4.03666973114014
Acrocephalus bistrigiceps,2011,3.95782256126404
Acrocephalus concinens,2011,5.58307123184204
Acrocephalus orientalis,2011,4.05019426345825
Acrocephalus tangorum,2011,3.31119632720947
Aegithalos bonvaloti,2011,4.25335121154785
Aegithalos caudatus,2011,2.86282968521118
Aegithalos concinnus,2011,6.18014240264893
Aegithalos fuliginosus,2011,4.75723028182983
Aerodramus brevirostris,2011,5.66580486297607
Aethopyga christinae,2011,8.10946750640869
Aethopyga gouldiae,2011,5.01640844345093
Agropsar sturninus,2011,3.52904725074768
Aix galericulata,2011,3.2305154800415
Alauda gulgula,2011,4.61616230010986
Alaudala cheleensis,2011,3.58843779563904
Alcedo hercules,2011,7.12532186508179
Alcippe morrisonia,2011,6.27604532241821
Amaurornis phoenicurus,2011,6.18711376190186
Anastomus oscitans,2011,6.27082204818726
Anser anser,2011,2.94422245025635
Anser fabalis,2011,2.25708675384522
Anser indicus,2011,2.58445286750793
Anthus godlewskii,2011,2.5717179775238
Anthus gustavi,2011,2.99454092979431
Anthus richardi,2011,4.36041831970215
Anthus roseatus,2011,3.24388456344605
Anthus trivialis,2011,2.78825855255127
Aquila fasciata,2011,6.91636323928833
Aquila heliaca,2011,2.50451111793518
Ardea intermedia,2011,6.40519332885742
Ardea purpurea,2011,5.64794969558716
Ardenna pacifica,2011,7.51787805557251
Artamus fuscus,2011,7.23033046722412
Asio flammeus,2011,2.47350549697876
Athene noctua,2011,3.2834358215332
Aviceda jerdoni,2011,7.42825555801392
Aviceda leuphotes,2011,6.18150138854981
Aythya fuligula,2011,2.51411437988281
Aythya nyroca,2011,3.18187689781189
Bombycilla japonica,2011,1.70003688335419
Branta canadensis,2011,4.29805088043213
Bubo nipalensis,2011,5.16260433197022
Bucanetes mongolicus,2011,3.59428572654724
Butastur indicus,2011,3.34102845191956
Cacomantis merulinus,2011,6.96046113967896
Calandrella brachydactyla,2011,3.66922807693481
Calliope obscura,2011,4.4498610496521
Caprimulgus macrurus,2011,7.44669723510742
Carpodacus roborowskii,2011,1.38384199142456
Carpodacus vinaceus,2011,5.5595326423645
Cecropis daurica,2011,4.55515384674072
Centropus bengalensis,2011,6.78813743591309
Cephalopyrus flammiceps,2011,5.11475849151611
Certhia familiaris,2011,3.34015226364136
Certhia himalayana,2011,4.6786036491394
Certhia tianquanensis,2011,4.2879490852356
Ceryle rudis,2011,6.56369924545288
Cettia brunnifrons,2011,4.56552648544312
Cettia castaneocoronata,2011,5.2774772644043
Chalcophaps indica,2011,7.2512698173523
Charadrius atrifrons,2011,2.36988401412964
Charadrius dealbatus,2011,7.66686725616455
Charadrius placidus,2011,4.00542736053467
Charadrius veredus,2011,2.62596273422241
Chlidonias leucopterus,2011,3.206627368927
Chlidonias niger,2011,2.98006963729858
Chloris ambigua,2011,5.7102632522583
Chloris sinica,2011,4.77456092834473
Chrysolophus pictus,2011,5.31089210510254
Ciconia boyciana,2011,3.21749234199524
Ciconia nigra,2011,3.74140214920044
Circaetus gallicus,2011,3.79808449745178
Circus macrourus,2011,2.829665184021
Circus spilonotus,2011,2.66058707237244
Cisticola exilis,2011,6.73455572128296
Cisticola juncidis,2011,6.16929578781128
Clamator coromandus,2011,6.31848382949829
Clanga clanga,2011,2.75855255126953
Columba oenas,2011,2.84471201896668
Copsychus saularis,2011,6.24557971954346
Coracias garrulus,2011,2.78673624992371
Coturnicops exquisitus,2011,2.33616828918457
Crex crex,2011,2.76705098152161
Crossoptilon mantchuricum,2011,4.34319829940796
Curruca curruca,2011,3.52469873428345
Cyanistes cyanus,2011,2.51584839820862
Cyanoderma pyrrhops,2011,5.25113916397095
Cygnus cygnus,2011,2.82648634910584
Cygnus olor,2011,3.06618428230286
Cyornis glaucicomans,2011,6.0029296875
Cyornis hainanus,2011,7.42613077163696
Cyornis rubeculoides,2011,6.53984355926514
Delichon dasypus,2011,4.03921556472778
Dendrocitta formosae,2011,6.44331693649292
Dendrocopos hyperythrus,2011,4.38359069824219
Dendrocygna javanica,2011,6.6524133682251
Dicaeum cruentatum,2011,6.83099794387817
Dicaeum ignipectus,2011,6.09202194213867
Dicaeum minullum,2011,5.89311075210571
Dicrurus annectens,2011,7.14668846130371
Dicrurus hottentottus,2011,5.93095779418945
Dicrurus remifer,2011,6.62541961669922
Egretta eulophotes,2011,4.66551017761231
Egretta garzetta,2011,5.41365623474121
Elachura formosa,2011,6.2230978012085
Elanus caeruleus,2011,7.07694053649902
Emberiza buchanani,2011,2.50798845291138
Emberiza citrinella,2011,2.44247579574585
Emberiza elegans,2011,4.443434715271
Emberiza godlewskii,2011,3.45098638534546
Emberiza hortulana,2011,3.04450130462647
Emberiza leucocephalos,2011,2.3410108089447
Emberiza pallasi,2011,1.65575087070465
Emberiza pusilla,2011,2.9674243927002
Emberiza rustica,2011,0.997223377227783
Emberiza siemsseni,2011,4.79008722305298
Emberiza yessoensis,2011,2.96921944618225
Enicurus leschenaulti,2011,5.93475198745728
Enicurus maculatus,2011,6.54562187194824
Enicurus schistaceus,2011,6.46523809432983
Erpornis zantholeuca,2011,6.6417555809021
Erythrogenys hypoleucos,2011,7.1502947807312
Eudynamys scolopaceus,2011,6.25478458404541
Eumyias thalassinus,2011,5.79661226272583
Falco cherrug,2011,3.02810096740723
Falco severus,2011,6.64333486557007
Ficedula albicilla,2011,1.7847306728363
Ficedula elisae,2011,4.20807790756226
Ficedula erithacus,2011,4.16523599624634
Ficedula hyperythra,2011,6.22843885421753
Ficedula mugimaki,2011,2.88505840301514
Ficedula strophiata,2011,5.50988721847534
Ficedula superciliaris,2011,3.63025546073914
Ficedula tricolor,2011,5.20074319839478
Fringilla coelebs,2011,1.19219160079956
Fringilla montifringilla,2011,1.48216903209686
Galerida cristata,2011,3.95037746429443
Gallicrex cinerea,2011,5.6750373840332
Garrulax maesi,2011,6.40987205505371
Garrulax monileger,2011,6.9168004989624
Gavia arctica,2011,2.87594199180603
Gelochelidon nilotica,2011,4.22349500656128
Geokichla citrina,2011,6.56938600540161
Glaucidium cuculoides,2011,6.35866546630859
Gorsachius melanolophus,2011,7.51434278488159
Gracupica nigricollis,2011,6.64878034591675
Grandala coelicolor,2011,2.38363885879517
Grus japonensis,2011,2.93776965141296
Grus monacha,2011,2.32730603218079
Grus nigricollis,2011,1.69906115531921
Gypaetus barbatus,2011,2.59554004669189
Gyps himalayensis,2011,2.67371129989624
Halcyon coromanda,2011,4.59861564636231
Halcyon pileata,2011,5.66901206970215
Halcyon smyrnensis,2011,7.47292900085449
Haliaeetus leucoryphus,2011,5.87085866928101
Harpactes wardi,2011,4.58354711532593
Helopsaltes certhiola,2011,3.43824529647827
Helopsaltes pryeri,2011,3.93180060386658
Hemiprocne coronata,2011,6.52014970779419
Hemitesia pallidipes,2011,6.48642635345459
Hemixos castanonotus,2011,6.89048957824707
Heterophasia desgodinsi,2011,6.10072994232178
Heteroxenicus stellatus,2011,4.98207187652588
Hieraaetus pennatus,2011,1.99285209178925
Hierococcyx nisicolor,2011,6.44372940063477
Hirundapus caudacutus,2011,3.21024608612061
Hirundo rustica,2011,3.93657040596008
Histrionicus histrionicus,2011,2.90152359008789
Hydrocoloeus minutus,2011,4.48983001708984
Hydrophasianus chirurgus,2011,6.43095445632935
Hydroprogne caspia,2011,5.63657999038696
Hypothymis azurea,2011,6.52430772781372
Hypsipetes leucocephalus,2011,5.97970008850098
Ianthocincla lunulata,2011,4.89790678024292
Ibidorhyncha struthersii,2011,3.01879501342773
Ictinaetus malaiensis,2011,6.60469102859497
Iduna caligata,2011,2.68426656723022
Indicator xanthonotus,2011,5.44300222396851
Ixobrychus cinnamomeus,2011,6.03935194015503
Ixobrychus eurhythmus,2011,4.66347599029541
Ixobrychus minutus,2011,3.21031022071838
Ixos mcclellandii,2011,6.55977582931519
Ketupa flavipes,2011,6.42487573623657
Lalage melaschistos,2011,5.8927845954895
Lanius borealis,2011,2.60266900062561
Lanius collurioides,2011,6.84399127960205
Lanius isabellinus,2011,3.41563081741333
Lanius schach,2011,5.76967000961304
Lanius sphenocercus,2011,3.27910208702087
Lanius tephronotus,2011,3.46473789215088
Larus crassirostris,2011,6.07417345046997
Larvivora brunnea,2011,4.03702735900879
Larvivora cyane,2011,2.55892133712769
Leptopoecile elegans,2011,2.6403820514679
Leptoptilos javanicus,2011,6.52390289306641
Limnodromus semipalmatus,2011,2.44800758361816
Limosa limosa,2011,2.5534725189209
Linaria cannabina,2011,3.19559359550476
Locustella davidi,2011,2.56682443618774
Locustella mandelli,2011,6.39550256729126
Lonchura striata,2011,6.65248727798462
Lophotriorchis kienerii,2011,7.61911344528198
Lophura leucomelanos,2011,4.98823928833008
Lophura nycthemera,2011,6.81112623214722
Loxia curvirostra,2011,2.71442580223084
Macropygia unchall,2011,6.24535131454468
Mareca falcata,2011,2.23856711387634
Megaceryle lugubris,2011,6.00257539749146
Melanitta fusca,2011,2.30018949508667
Melanitta stejnegeri,2011,1.38579797744751
Melanochlora sultanea,2011,6.76802492141724
Mergus serrator,2011,2.63268351554871
Merops philippinus,2011,6.78546810150147
Mixornis gularis,2011,6.47067642211914
Monticola gularis,2011,2.91873216629028
Monticola rufiventris,2011,6.0257830619812
Monticola solitarius,2011,4.95486783981323
Motacilla citreola,2011,2.90309262275696
Moupinia poecilotis,2011,3.82017374038696
Muscicapa dauurica,2011,2.72900652885437
Muscicapa ferruginea,2011,5.41773176193237
Muscicapa muttui,2011,6.35869407653809
Mycerobas affinis,2011,3.51494598388672
Mycerobas carnipes,2011,2.98163414001465
Myiomela leucura,2011,5.97251176834106
Myophonus caeruleus,2011,5.35491800308228
Netta rufina,2011,3.41433835029602
Niltava davidi,2011,6.27467060089111
Niltava grandis,2011,6.20961952209473
Niltava macgrigoriae,2011,6.51870346069336
Niltava sundara,2011,5.11080932617188
Ninox japonica,2011,5.02836036682129
Nipponia nippon,2011,5.56519985198975
Nisaetus nipalensis,2011,6.22198390960693
Numenius madagascariensis,2011,2.50673317909241
Nycticorax nycticorax,2011,5.83726406097412
Oenanthe deserti,2011,3.06578826904297
Oenanthe oenanthe,2011,3.3559033870697
Onychoprion anaethetus,2011,7.44425249099731
Oriolus oriolus,2011,3.02382135391235
Otus lettia,2011,6.52929735183716
Otus semitorques,2011,4.20348787307739
Otus spilocephalus,2011,6.30591869354248
Oxyura leucocephala,2011,3.77958273887634
Panurus biarmicus,2011,3.37385177612305
Paradoxornis guttaticollis,2011,6.34335803985596
Paradoxornis heudei,2011,5.28509378433228
Parayuhina diademata,2011,5.52701330184937
Pardaliparus venustulus,2011,5.61434841156006
Parus monticolus,2011,5.44817113876343
Passer cinnamomeus,2011,5.44057464599609
Passer domesticus,2011,2.53075194358826
Passer hispaniolensis,2011,3.37360239028931
Pelecanus crispus,2011,2.48832511901855
Pellorneum tickelli,2011,6.93322467803955
Perdix hodgsoniae,2011,1.92830669879913
Pericrocotus cantonensis,2011,6.27179765701294
Pericrocotus divaricatus,2011,2.92430758476257
Pericrocotus ethologus,2011,4.79762887954712
Pericrocotus solaris,2011,6.63584756851196
Periparus rubidiventris,2011,2.58653950691223
Pernis ptilorhynchus,2011,3.19415068626404
Phasianus colchicus,2011,4.35373401641846
Phoenicurus erythronotus,2011,3.41558885574341
Phoenicurus frontalis,2011,3.51754093170166
Phoenicurus leucocephalus,2011,4.22781133651733
Phoenicurus ochruros,2011,3.1757869720459
Phoenicurus schisticeps,2011,3.09628319740295
Phylloscopus affinis,2011,3.64066100120544
Phylloscopus burkii,2011,3.06964111328125
Phylloscopus cantator,2011,6.23325395584106
Phylloscopus castaniceps,2011,6.21034908294678
Phylloscopus claudiae,2011,4.76840400695801
Phylloscopus coronatus,2011,3.94687533378601
Phylloscopus emeiensis,2011,5.36356258392334
Phylloscopus intermedius,2011,5.74888038635254
Phylloscopus magnirostris,2011,3.97873687744141
Phylloscopus ogilviegranti,2011,6.6019401550293
Phylloscopus omeiensis,2011,4.84536981582642
Phylloscopus pulcher,2011,4.31751012802124
Phylloscopus ricketti,2011,6.00973224639893
Phylloscopus soror,2011,5.63617706298828
Phylloscopus subaffinis,2011,5.10665702819824
Phylloscopus tenellipes,2011,3.41655778884888
Phylloscopus tephrocephalus,2011,5.27255821228027
Phylloscopus yunnanensis,2011,4.33405876159668
Picumnus innominatus,2011,6.02689266204834
Picus chlorolophus,2011,6.80223989486694
Pitta nympha,2011,6.46948146820068
Platalea minor,2011,4.56771087646484
Pnoepyga immaculata,2011,3.8285346031189
Podiceps auritus,2011,2.39319229125977
Podiceps grisegena,2011,2.75197100639343
Podiceps nigricollis,2011,3.15253496170044
Podoces biddulphi,2011,5.21564531326294
Pomatorhinus schisticeps,2011,6.62042951583862
Pomatorhinus superciliaris,2011,6.22408103942871
Prinia atrogularis,2011,5.79875469207764
Prinia flaviventris,2011,7.04200029373169
Prinia inornata,2011,6.58932685852051
Prunella collaris,2011,2.57172536849976
Prunella himalayana,2011,2.13531923294067
Prunella immaculata,2011,2.91751003265381
Prunella montanella,2011,1.40212154388428
Prunella strophiata,2011,3.54046201705933
Psarisomus dalhousiae,2011,6.59336948394775
Pseudopodoces humilis,2011,1.83138644695282
Psilopogon faber,2011,6.91990804672241
Psilopogon virens,2011,6.28919839859009
Pterorhinus berthemyi,2011,6.13849782943726
Pterorhinus lanceolatus,2011,5.71901655197144
Pterorhinus pectoralis,2011,6.28311824798584
Pterorhinus sannio,2011,6.30053853988648
Pteruthius rufiventer,2011,5.77330541610718
Pteruthius xanthochlorus,2011,4.89491510391235
Ptyonoprogne rupestris,2011,3.68563222885132
Pycnonotus aurigaster,2011,6.57841157913208
Pycnonotus jocosus,2011,6.73381519317627
Pycnonotus sinensis,2011,5.96475982666016
Pycnonotus xanthorrhous,2011,5.93101263046265
Pyrrhula erythaca,2011,4.53893136978149
Pyrrhula nipalensis,2011,5.90516233444214
Rallina eurizonoides,2011,7.25267696380615
Rallus aquaticus,2011,2.99516725540161
Recurvirostra avosetta,2011,2.63354110717773
Regulus regulus,2011,4.05888843536377
Remiz consobrinus,2011,3.1435968875885
Remiz coronatus,2011,2.89046168327332
Rhodospiza obsoleta,2011,3.6591317653656
Rubigula flaviventris,2011,6.91123294830322
Sasia ochracea,2011,6.98657131195068
Saxicola ferreus,2011,5.8749303817749
Sitta cinnamoventris,2011,6.56689262390137
Sitta formosa,2011,6.3085789680481
Sitta villosa,2011,3.851238489151
Sittiparus varius,2011,3.71657991409302
Spilopelia chinensis,2011,5.92028188705444
Spilopelia senegalensis,2011,3.31979179382324
Spilornis cheela,2011,6.53154945373535
Spinus spinus,2011,2.17104744911194
Spizixos semitorques,2011,6.17055797576904
Spodiopsar cineraceus,2011,3.40105843544006
Spodiopsar sericeus,2011,6.49424123764038
Stachyris humei,2011,5.75427103042603
Staphida torqueola,2011,6.48616600036621
Streptopelia decaocto,2011,4.2153263092041
Sturnia sinensis,2011,6.8670654296875
Sturnus vulgaris,2011,3.52226400375366
Suthora fulvifrons,2011,4.61016035079956
Syrmaticus humiae,2011,6.52448892593384
Syrmaticus reevesii,2011,5.77842283248901
Syrrhaptes paradoxus,2011,3.35203194618225
Tarsiger chrysaeus,2011,4.1207275390625
Tarsiger indicus,2011,4.66470909118652
Temnurus temnurus,2011,7.98566627502441
Tephrodornis virgatus,2011,6.97527408599854
Thalasseus bergii,2011,7.63926649093628
Timalia pileata,2011,6.96524095535278
Tragopan caboti,2011,6.70815324783325
Tragopan temminckii,2011,5.40057468414307
Treron curvirostra,2011,6.92950963973999
Treron sieboldii,2011,6.58164691925049
Treron sphenurus,2011,5.91005229949951
Turdus boulboul,2011,6.59166765213013
Turdus cardis,2011,5.919349193573
Turdus feae,2011,4.17657232284546
Turdus mandarinus,2011,5.88056802749634
Turdus pilaris,2011,1.85973811149597
Turdus rubrocanus,2011,3.74687385559082
Turdus ruficollis,2011,3.06477355957031
Turdus viscivorus,2011,3.44628429412842
Turnix suscitator,2011,6.68619012832642
Tyto longimembris,2011,6.5911660194397
Urile pelagicus,2011,4.88208818435669
Urosphena squameiceps,2011,3.1688244342804
Vanellus cinereus,2011,3.24168968200684
Vanellus indicus,2011,6.72076749801636
Vanellus vanellus,2011,3.02393937110901
Yuhina nigrimenta,2011,5.96079826354981
Zoothera dixoni,2011,5.10945749282837
Zoothera mollissima,2011,3.04227209091187
Zoothera monticola,2011,5.60273408889771
Zosterops erythropleurus,2011,3.4423451423645
Abroscopus albogularis,2012,6.52870893478394
Accipiter gularis,2012,2.76064658164978
Accipiter soloensis,2012,5.79660272598267
Accipiter trivirgatus,2012,7.45777130126953
Accipiter virgatus,2012,6.04036712646484
Acridotheres cristatellus,2012,6.27632808685303
Acridotheres tristis,2012,5.6355037689209
Acrocephalus agricola,2012,3.94610667228699
Acrocephalus bistrigiceps,2012,3.79048752784729
Acrocephalus concinens,2012,5.49672603607178
Acrocephalus orientalis,2012,3.88537669181824
Acrocephalus tangorum,2012,3.11433148384094
Aegithalos bonvaloti,2012,4.3104944229126
Aegithalos caudatus,2012,2.66472363471985
Aegithalos concinnus,2012,6.18545866012573
Aegithalos fuliginosus,2012,4.72023391723633
Aerodramus brevirostris,2012,5.68530464172363
Aethopyga christinae,2012,8.24343109130859
Aethopyga gouldiae,2012,5.01679658889771
Agropsar sturninus,2012,3.33824729919434
Aix galericulata,2012,3.05793476104736
Alauda gulgula,2012,4.5741081237793
Alaudala cheleensis,2012,3.4373722076416
Alcedo hercules,2012,7.22602415084839
Alcippe morrisonia,2012,6.29362869262695
Amaurornis phoenicurus,2012,6.20111560821533
Anastomus oscitans,2012,6.37372207641602
Anser anser,2012,2.79239845275879
Anser fabalis,2012,2.04330968856812
Anser indicus,2012,2.44461297988892
Anthus godlewskii,2012,2.27040505409241
Anthus gustavi,2012,2.90638065338135
Anthus richardi,2012,4.24513578414917
Anthus roseatus,2012,3.14609837532043
Anthus trivialis,2012,2.72186541557312
Aquila fasciata,2012,6.96295785903931
Aquila heliaca,2012,2.36793637275696
Ardea intermedia,2012,6.42430639266968
Ardea purpurea,2012,5.59003829956055
Ardenna pacifica,2012,7.59005403518677
Artamus fuscus,2012,7.34317350387573
Asio flammeus,2012,2.30125212669373
Athene noctua,2012,3.14738368988037
Aviceda jerdoni,2012,7.52051162719727
Aviceda leuphotes,2012,6.21915149688721
Aythya fuligula,2012,2.30684971809387
Aythya nyroca,2012,3.11858487129211
Bombycilla japonica,2012,1.48104071617126
Branta canadensis,2012,4.05937671661377
Bubo nipalensis,2012,5.22992992401123
Bucanetes mongolicus,2012,3.4653639793396
Butastur indicus,2012,3.15463924407959
Cacomantis merulinus,2012,7.05260229110718
Calandrella brachydactyla,2012,3.61566042900085
Calliope obscura,2012,4.38088798522949
Caprimulgus macrurus,2012,7.55821418762207
Carpodacus roborowskii,2012,1.21599352359772
Carpodacus vinaceus,2012,5.56774759292603
Cecropis daurica,2012,4.4719500541687
Centropus bengalensis,2012,6.82752275466919
Cephalopyrus flammiceps,2012,5.11783504486084
Certhia familiaris,2012,3.17990517616272
Certhia himalayana,2012,4.69034624099731
Certhia tianquanensis,2012,4.24355888366699
Ceryle rudis,2012,6.59554862976074
Cettia brunnifrons,2012,4.55659675598145
Cettia castaneocoronata,2012,5.32377672195435
Chalcophaps indica,2012,7.35682058334351
Charadrius atrifrons,2012,2.2316780090332
Charadrius dealbatus,2012,7.75837850570679
Charadrius placidus,2012,3.84688568115234
Charadrius veredus,2012,2.30089735984802
Chlidonias leucopterus,2012,3.01578617095947
Chlidonias niger,2012,2.94255471229553
Chloris ambigua,2012,5.80880403518677
Chloris sinica,2012,4.68060827255249
Chrysolophus pictus,2012,5.29297256469727
Ciconia boyciana,2012,3.03995776176453
Ciconia nigra,2012,3.58942627906799
Circaetus gallicus,2012,3.74739003181458
Circus macrourus,2012,2.78982520103455
Circus spilonotus,2012,2.42876768112183
Cisticola exilis,2012,6.79631233215332
Cisticola juncidis,2012,6.15764665603638
Clamator coromandus,2012,6.32234907150269
Clanga clanga,2012,2.55854725837708
Columba oenas,2012,2.74309802055359
Copsychus saularis,2012,6.26214599609375
Coracias garrulus,2012,2.70884227752686
Coturnicops exquisitus,2012,2.11941838264465
Crex crex,2012,2.6890697479248
Crossoptilon mantchuricum,2012,4.20365047454834
Curruca curruca,2012,3.4048056602478
Cyanistes cyanus,2012,2.35740828514099
Cyanoderma pyrrhops,2012,5.25497531890869
Cygnus cygnus,2012,2.58583092689514
Cygnus olor,2012,2.89088320732117
Cyornis glaucicomans,2012,6.00118398666382
Cyornis hainanus,2012,7.53768396377564
Cyornis rubeculoides,2012,6.45770454406738
Delichon dasypus,2012,3.98365759849548
Dendrocitta formosae,2012,6.46677160263062
Dendrocopos hyperythrus,2012,4.39634847640991
Dendrocygna javanica,2012,6.69297695159912
Dicaeum cruentatum,2012,6.88990640640259
Dicaeum ignipectus,2012,6.11048173904419
Dicaeum minullum,2012,5.92768383026123
Dicrurus annectens,2012,7.26714372634888
Dicrurus hottentottus,2012,5.92512607574463
Dicrurus remifer,2012,6.73716497421265
Egretta eulophotes,2012,4.55138444900513
Egretta garzetta,2012,5.39784812927246
Elachura formosa,2012,6.292884349823
Elanus caeruleus,2012,7.13736248016357
Emberiza buchanani,2012,2.44830775260925
Emberiza citrinella,2012,2.42485642433167
Emberiza elegans,2012,4.35530948638916
Emberiza godlewskii,2012,3.33019757270813
Emberiza hortulana,2012,3.03024172782898
Emberiza leucocephalos,2012,2.15057468414307
Emberiza pallasi,2012,1.35347390174866
Emberiza pusilla,2012,2.73245716094971
Emberiza rustica,2012,0.95286750793457
Emberiza siemsseni,2012,4.74086332321167
Emberiza yessoensis,2012,2.82156610488892
Enicurus leschenaulti,2012,5.94069671630859
Enicurus maculatus,2012,6.63244962692261
Enicurus schistaceus,2012,6.5137414932251
Erpornis zantholeuca,2012,6.71063804626465
Erythrogenys hypoleucos,2012,7.16523313522339
Eudynamys scolopaceus,2012,6.26462078094482
Eumyias thalassinus,2012,5.81539630889893
Falco cherrug,2012,2.89358282089233
Falco severus,2012,6.73761606216431
Ficedula albicilla,2012,1.53719854354858
Ficedula elisae,2012,4.04414939880371
Ficedula erithacus,2012,4.1607551574707
Ficedula hyperythra,2012,6.29574775695801
Ficedula mugimaki,2012,2.66827011108398
Ficedula strophiata,2012,5.51829862594605
Ficedula superciliaris,2012,3.63634276390076
Ficedula tricolor,2012,5.22409963607788
Fringilla coelebs,2012,1.14858984947205
Fringilla montifringilla,2012,1.44519984722137
Galerida cristata,2012,3.81708455085754
Gallicrex cinerea,2012,5.63659381866455
Garrulax maesi,2012,6.43963861465454
Garrulax monileger,2012,6.98027610778809
Gavia arctica,2012,2.78576898574829
Gelochelidon nilotica,2012,4.09589576721191
Geokichla citrina,2012,6.61938333511353
Glaucidium cuculoides,2012,6.37230777740479
Gorsachius melanolophus,2012,7.6321063041687
Gracupica nigricollis,2012,6.72308301925659
Grandala coelicolor,2012,2.30365705490112
Grus japonensis,2012,2.80562901496887
Grus monacha,2012,2.18114900588989
Grus nigricollis,2012,1.58455729484558
Gypaetus barbatus,2012,2.48221278190613
Gyps himalayensis,2012,2.57399320602417
Halcyon coromanda,2012,4.54052686691284
Halcyon pileata,2012,5.63990068435669
Halcyon smyrnensis,2012,7.5626072883606
Haliaeetus leucoryphus,2012,5.74827098846436
Harpactes wardi,2012,4.54306077957153
Helopsaltes certhiola,2012,3.28472089767456
Helopsaltes pryeri,2012,3.74366879463196
Hemiprocne coronata,2012,6.57464122772217
Hemitesia pallidipes,2012,6.58009433746338
Hemixos castanonotus,2012,6.94839143753052
Heterophasia desgodinsi,2012,6.17930459976196
Heteroxenicus stellatus,2012,4.97708702087402
Hieraaetus pennatus,2012,1.791130900383
Hierococcyx nisicolor,2012,6.51262712478638
Hirundapus caudacutus,2012,3.08184409141541
Hirundo rustica,2012,3.8306028842926
Histrionicus histrionicus,2012,2.79493427276611
Hydrocoloeus minutus,2012,4.50662755966187
Hydrophasianus chirurgus,2012,6.4638991355896
Hydroprogne caspia,2012,5.61167716979981
Hypothymis azurea,2012,6.60673761367798
Hypsipetes leucocephalus,2012,5.9940972328186
Ianthocincla lunulata,2012,4.88495922088623
Ibidorhyncha struthersii,2012,2.90488266944885
Ictinaetus malaiensis,2012,6.61628150939941
Iduna caligata,2012,2.66772842407227
Indicator xanthonotus,2012,5.36628770828247
Ixobrychus cinnamomeus,2012,6.01903486251831
Ixobrychus eurhythmus,2012,4.54349899291992
Ixobrychus minutus,2012,3.16571664810181
Ixos mcclellandii,2012,6.60149526596069
Ketupa flavipes,2012,6.4218430519104
Lalage melaschistos,2012,5.88383960723877
Lanius borealis,2012,2.47046422958374
Lanius collurioides,2012,6.94896841049194
Lanius isabellinus,2012,3.25659847259522
Lanius schach,2012,5.76798963546753
Lanius sphenocercus,2012,3.0846471786499
Lanius tephronotus,2012,3.40418434143066
Larus crassirostris,2012,6.04282569885254
Larvivora brunnea,2012,4.01284551620483
Larvivora cyane,2012,2.3554835319519
Leptopoecile elegans,2012,2.5319995880127
Leptoptilos javanicus,2012,6.65972709655762
Limnodromus semipalmatus,2012,2.20105719566345
Limosa limosa,2012,2.36001491546631
Linaria cannabina,2012,3.16336917877197
Locustella davidi,2012,2.35225653648376
Locustella mandelli,2012,6.45373058319092
Lonchura striata,2012,6.671790599823
Lophotriorchis kienerii,2012,7.67281293869019
Lophura leucomelanos,2012,4.96582651138306
Lophura nycthemera,2012,6.92766809463501
Loxia curvirostra,2012,2.55825042724609
Macropygia unchall,2012,6.29994106292725
Mareca falcata,2012,2.02109360694885
Megaceryle lugubris,2012,5.98161935806274
Melanitta fusca,2012,2.2536027431488
Melanitta stejnegeri,2012,1.08905076980591
Melanochlora sultanea,2012,6.82889556884766
Mergus serrator,2012,2.47749757766724
Merops philippinus,2012,6.91517782211304
Mixornis gularis,2012,6.60805654525757
Monticola gularis,2012,2.70658802986145
Monticola rufiventris,2012,6.03855562210083
Monticola solitarius,2012,4.89567470550537
Motacilla citreola,2012,2.78623843193054
Moupinia poecilotis,2012,3.82351565361023
Muscicapa dauurica,2012,2.50275063514709
Muscicapa ferruginea,2012,5.43720436096191
Muscicapa muttui,2012,6.39942407608032
Mycerobas affinis,2012,3.49019551277161
Mycerobas carnipes,2012,2.86480236053467
Myiomela leucura,2012,6.00103616714478
Myophonus caeruleus,2012,5.33067750930786
Netta rufina,2012,3.36143755912781
Niltava davidi,2012,6.32790279388428
Niltava grandis,2012,6.27396488189697
Niltava macgrigoriae,2012,6.60886096954346
Niltava sundara,2012,5.1209397315979
Ninox japonica,2012,4.92424440383911
Nipponia nippon,2012,5.53920793533325
Nisaetus nipalensis,2012,6.28436422348023
Numenius madagascariensis,2012,2.36370182037354
Nycticorax nycticorax,2012,5.80156230926514
Oenanthe deserti,2012,2.9371931552887
Oenanthe oenanthe,2012,3.19310855865479
Onychoprion anaethetus,2012,7.50518226623535
Oriolus oriolus,2012,2.98011350631714
Otus lettia,2012,6.55259084701538
Otus semitorques,2012,4.05363655090332
Otus spilocephalus,2012,6.35857391357422
Oxyura leucocephala,2012,3.70566701889038
Panurus biarmicus,2012,3.21398067474365
Paradoxornis guttaticollis,2012,6.40078115463257
Paradoxornis heudei,2012,5.19113445281982
Parayuhina diademata,2012,5.56485080718994
Pardaliparus venustulus,2012,5.55345630645752
Parus monticolus,2012,5.43986225128174
Passer cinnamomeus,2012,5.40625524520874
Passer domesticus,2012,2.35990524291992
Passer hispaniolensis,2012,3.33198571205139
Pelecanus crispus,2012,2.38075375556946
Pellorneum tickelli,2012,7.06250047683716
Perdix hodgsoniae,2012,1.85029017925262
Pericrocotus cantonensis,2012,6.26879501342773
Pericrocotus divaricatus,2012,2.8099057674408
Pericrocotus ethologus,2012,4.76374387741089
Pericrocotus solaris,2012,6.69129419326782
Periparus rubidiventris,2012,2.50566124916077
Pernis ptilorhynchus,2012,3.03494954109192
Phasianus colchicus,2012,4.26385402679443
Phoenicurus erythronotus,2012,3.35141849517822
Phoenicurus frontalis,2012,3.45478987693787
Phoenicurus leucocephalus,2012,4.16585636138916
Phoenicurus ochruros,2012,3.06345582008362
Phoenicurus schisticeps,2012,3.04330277442932
Phylloscopus affinis,2012,3.58613276481628
Phylloscopus burkii,2012,3.00542235374451
Phylloscopus cantator,2012,6.26809024810791
Phylloscopus castaniceps,2012,6.22657871246338
Phylloscopus claudiae,2012,4.67527961730957
Phylloscopus coronatus,2012,3.82785558700562
Phylloscopus emeiensis,2012,5.37189435958862
Phylloscopus intermedius,2012,5.70844507217407
Phylloscopus magnirostris,2012,3.92874789237976
Phylloscopus ogilviegranti,2012,6.67350435256958
Phylloscopus omeiensis,2012,4.81991147994995
Phylloscopus pulcher,2012,4.32048511505127
Phylloscopus ricketti,2012,5.99136590957642
Phylloscopus soror,2012,5.60057830810547
Phylloscopus subaffinis,2012,5.06501865386963
Phylloscopus tenellipes,2012,3.25520324707031
Phylloscopus tephrocephalus,2012,5.27464485168457
Phylloscopus yunnanensis,2012,4.20905590057373
Picumnus innominatus,2012,6.03842496871948
Picus chlorolophus,2012,6.88295412063599
Pitta nympha,2012,6.47579765319824
Platalea minor,2012,4.51239109039307
Pnoepyga immaculata,2012,3.82770252227783
Podiceps auritus,2012,2.28699159622192
Podiceps grisegena,2012,2.62963938713074
Podiceps nigricollis,2012,2.95415854454041
Podoces biddulphi,2012,5.11360931396484
Pomatorhinus schisticeps,2012,6.51142024993897
Pomatorhinus superciliaris,2012,6.23593091964722
Prinia atrogularis,2012,5.70905017852783
Prinia flaviventris,2012,7.18028068542481
Prinia inornata,2012,6.60467576980591
Prunella collaris,2012,2.44452023506165
Prunella himalayana,2012,2.04606366157532
Prunella immaculata,2012,2.87351417541504
Prunella montanella,2012,1.11960816383362
Prunella strophiata,2012,3.46860980987549
Psarisomus dalhousiae,2012,6.67493772506714
Pseudopodoces humilis,2012,1.71108102798462
Psilopogon faber,2012,6.90350294113159
Psilopogon virens,2012,6.33887767791748
Pterorhinus berthemyi,2012,6.11670780181885
Pterorhinus lanceolatus,2012,5.73853254318237
Pterorhinus pectoralis,2012,6.26219129562378
Pterorhinus sannio,2012,6.32456970214844
Pteruthius rufiventer,2012,5.76648044586182
Pteruthius xanthochlorus,2012,4.89083385467529
Ptyonoprogne rupestris,2012,3.57618236541748
Pycnonotus aurigaster,2012,6.63938570022583
Pycnonotus jocosus,2012,6.8254771232605
Pycnonotus sinensis,2012,5.9266996383667
Pycnonotus xanthorrhous,2012,5.96770906448364
Pyrrhula erythaca,2012,4.5046443939209
Pyrrhula nipalensis,2012,5.94945812225342
Rallina eurizonoides,2012,7.35995578765869
Rallus aquaticus,2012,2.86679220199585
Recurvirostra avosetta,2012,2.45650053024292
Regulus regulus,2012,4.00455856323242
Remiz consobrinus,2012,2.94485068321228
Remiz coronatus,2012,2.78489995002747
Rhodospiza obsoleta,2012,3.5322597026825
Rubigula flaviventris,2012,7.0416431427002
Sasia ochracea,2012,7.08026504516602
Saxicola ferreus,2012,5.87976694107056
Sitta cinnamoventris,2012,6.67969655990601
Sitta formosa,2012,6.38933324813843
Sitta villosa,2012,3.69398188591003
Sittiparus varius,2012,3.56939625740051
Spilopelia chinensis,2012,5.90947341918945
Spilopelia senegalensis,2012,3.230623960495
Spilornis cheela,2012,6.58933830261231
Spinus spinus,2012,1.96648788452148
Spizixos semitorques,2012,6.16234970092773
Spodiopsar cineraceus,2012,3.2128267288208
Spodiopsar sericeus,2012,6.49672222137451
Stachyris humei,2012,5.6392993927002
Staphida torqueola,2012,6.51034784317017
Streptopelia decaocto,2012,4.08414554595947
Sturnia sinensis,2012,6.89256000518799
Sturnus vulgaris,2012,3.45425844192505
Suthora fulvifrons,2012,4.59454393386841
Syrmaticus humiae,2012,6.67591857910156
Syrmaticus reevesii,2012,5.75944471359253
Syrrhaptes paradoxus,2012,3.19087028503418
Tarsiger chrysaeus,2012,4.11767864227295
Tarsiger indicus,2012,4.70480966567993
Temnurus temnurus,2012,8.12592601776123
Tephrodornis virgatus,2012,7.02864980697632
Thalasseus bergii,2012,7.72201299667358
Timalia pileata,2012,7.03119516372681
Tragopan caboti,2012,6.74576187133789
Tragopan temminckii,2012,5.40812969207764
Treron curvirostra,2012,7.04887199401856
Treron sieboldii,2012,6.58193111419678
Treron sphenurus,2012,5.99890756607056
Turdus boulboul,2012,6.69357824325562
Turdus cardis,2012,5.87074899673462
Turdus feae,2012,4.02891302108765
Turdus mandarinus,2012,5.87149667739868
Turdus pilaris,2012,1.62083518505096
Turdus rubrocanus,2012,3.69244194030762
Turdus ruficollis,2012,3.00558185577393
Turdus viscivorus,2012,3.39005398750305
Turnix suscitator,2012,6.76675081253052
Tyto longimembris,2012,6.6091480255127
Urile pelagicus,2012,4.7432656288147
Urosphena squameiceps,2012,3.02201342582703
Vanellus cinereus,2012,3.04814100265503
Vanellus indicus,2012,6.85002756118774
Vanellus vanellus,2012,2.83489227294922
Yuhina nigrimenta,2012,5.98678112030029
Zoothera dixoni,2012,5.1713752746582
Zoothera mollissima,2012,3.02073764801025
Zoothera monticola,2012,5.47275590896606
Zosterops erythropleurus,2012,3.26788687705994
Abroscopus albogularis,2013,6.66819000244141
Accipiter gularis,2013,2.86599349975586
Accipiter soloensis,2013,5.96031618118286
Accipiter trivirgatus,2013,7.43984365463257
Accipiter virgatus,2013,6.13320541381836
Acridotheres cristatellus,2013,6.4385404586792
Acridotheres tristis,2013,5.68589448928833
Acrocephalus agricola,2013,4.25372552871704
Acrocephalus bistrigiceps,2013,3.95835876464844
Acrocephalus concinens,2013,5.73961687088013
Acrocephalus orientalis,2013,4.06990718841553
Acrocephalus tangorum,2013,3.21759033203125
Aegithalos bonvaloti,2013,4.28697729110718
Aegithalos caudatus,2013,2.80207252502441
Aegithalos concinnus,2013,6.3556022644043
Aegithalos fuliginosus,2013,4.9499454498291
Aerodramus brevirostris,2013,5.7957820892334
Aethopyga christinae,2013,8.26242160797119
Aethopyga gouldiae,2013,5.13726282119751
Agropsar sturninus,2013,3.51336479187012
Aix galericulata,2013,3.13887858390808
Alauda gulgula,2013,4.72883653640747
Alaudala cheleensis,2013,3.68429923057556
Alcedo hercules,2013,7.20975351333618
Alcippe morrisonia,2013,6.44677543640137
Amaurornis phoenicurus,2013,6.35915899276733
Anastomus oscitans,2013,6.3778223991394
Anser anser,2013,3.02865147590637
Anser fabalis,2013,2.12604236602783
Anser indicus,2013,2.6743950843811
Anthus godlewskii,2013,2.57588028907776
Anthus gustavi,2013,2.96332001686096
Anthus richardi,2013,4.47441482543945
Anthus roseatus,2013,3.31375932693481
Anthus trivialis,2013,3.12198758125305
Aquila fasciata,2013,7.077796459198
Aquila heliaca,2013,2.6650869846344
Ardea intermedia,2013,6.57916259765625
Ardea purpurea,2013,5.76925754547119
Ardenna pacifica,2013,7.63764524459839
Artamus fuscus,2013,7.34733390808106
Asio flammeus,2013,2.51973032951355
Athene noctua,2013,3.3499071598053
Aviceda jerdoni,2013,7.49013948440552
Aviceda leuphotes,2013,6.32668590545654
Aythya fuligula,2013,2.46573734283447
Aythya nyroca,2013,3.48321795463562
Bombycilla japonica,2013,1.51667833328247
Branta canadensis,2013,4.18766927719116
Bubo nipalensis,2013,5.212571144104
Bucanetes mongolicus,2013,3.81521129608154
Butastur indicus,2013,3.25056457519531
Cacomantis merulinus,2013,7.06486463546753
Calandrella brachydactyla,2013,3.98351383209229
Calliope obscura,2013,4.66901588439941
Caprimulgus macrurus,2013,7.53026294708252
Carpodacus roborowskii,2013,1.35391747951508
Carpodacus vinaceus,2013,5.71806383132935
Cecropis daurica,2013,4.63053178787231
Centropus bengalensis,2013,6.94339466094971
Cephalopyrus flammiceps,2013,5.19700384140015
Certhia familiaris,2013,3.4113290309906
Certhia himalayana,2013,4.78193664550781
Certhia tianquanensis,2013,4.42047834396362
Ceryle rudis,2013,6.71624231338501
Cettia brunnifrons,2013,4.63726091384888
Cettia castaneocoronata,2013,5.35312795639038
Chalcophaps indica,2013,7.35916566848755
Charadrius atrifrons,2013,2.42115068435669
Charadrius dealbatus,2013,7.79135465621948
Charadrius placidus,2013,4.01242828369141
Charadrius veredus,2013,2.61204934120178
Chlidonias leucopterus,2013,3.21186351776123
Chlidonias niger,2013,3.34162163734436
Chloris ambigua,2013,5.77552556991577
Chloris sinica,2013,4.85906982421875
Chrysolophus pictus,2013,5.49355125427246
Ciconia boyciana,2013,3.12968587875366
Ciconia nigra,2013,3.83732008934021
Circaetus gallicus,2013,4.12849903106689
Circus macrourus,2013,3.16716766357422
Circus spilonotus,2013,2.55799746513367
Cisticola exilis,2013,6.85720205307007
Cisticola juncidis,2013,6.32094430923462
Clamator coromandus,2013,6.50292634963989
Clanga clanga,2013,2.6735258102417
Columba oenas,2013,3.09874033927918
Copsychus saularis,2013,6.41201066970825
Coracias garrulus,2013,3.09653663635254
Coturnicops exquisitus,2013,2.21150898933411
Crex crex,2013,3.07163763046265
Crossoptilon mantchuricum,2013,4.44508600234985
Curruca curruca,2013,3.71597409248352
Cyanistes cyanus,2013,2.56254935264587
Cyanoderma pyrrhops,2013,5.24088096618652
Cygnus cygnus,2013,2.83751964569092
Cygnus olor,2013,3.15998768806458
Cyornis glaucicomans,2013,6.20439434051514
Cyornis hainanus,2013,7.56732034683228
Cyornis rubeculoides,2013,6.49138307571411
Delichon dasypus,2013,4.11097955703735
Dendrocitta formosae,2013,6.60381937026978
Dendrocopos hyperythrus,2013,4.39944887161255
Dendrocygna javanica,2013,6.81056308746338
Dicaeum cruentatum,2013,6.96627521514893
Dicaeum ignipectus,2013,6.24002885818481
Dicaeum minullum,2013,6.01489162445068
Dicrurus annectens,2013,7.23809719085693
Dicrurus hottentottus,2013,6.08723831176758
Dicrurus remifer,2013,6.69785785675049
Egretta eulophotes,2013,4.67626857757568
Egretta garzetta,2013,5.55234527587891
Elachura formosa,2013,6.30278015136719
Elanus caeruleus,2013,7.25859832763672
Emberiza buchanani,2013,2.84083700180054
Emberiza citrinella,2013,2.86796927452087
Emberiza elegans,2013,4.47979640960693
Emberiza godlewskii,2013,3.51178026199341
Emberiza hortulana,2013,3.45371532440186
Emberiza leucocephalos,2013,2.3484628200531
Emberiza pallasi,2013,1.53592967987061
Emberiza pusilla,2013,2.81821274757385
Emberiza rustica,2013,1.43489384651184
Emberiza siemsseni,2013,5.00129127502441
Emberiza yessoensis,2013,2.91002750396729
Enicurus leschenaulti,2013,6.09359741210938
Enicurus maculatus,2013,6.65596389770508
Enicurus schistaceus,2013,6.60109281539917
Erpornis zantholeuca,2013,6.75926923751831
Erythrogenys hypoleucos,2013,7.26763725280762
Eudynamys scolopaceus,2013,6.42976379394531
Eumyias thalassinus,2013,5.93801832199097
Falco cherrug,2013,3.13508296012878
Falco severus,2013,6.7368597984314
Ficedula albicilla,2013,1.62862086296082
Ficedula elisae,2013,4.2136492729187
Ficedula erithacus,2013,4.2215690612793
Ficedula hyperythra,2013,6.33244132995606
Ficedula mugimaki,2013,2.77635645866394
Ficedula strophiata,2013,5.65507316589356
Ficedula superciliaris,2013,3.65105366706848
Ficedula tricolor,2013,5.30874300003052
Fringilla coelebs,2013,1.62616097927094
Fringilla montifringilla,2013,1.90315449237823
Galerida cristata,2013,4.08246517181397
Gallicrex cinerea,2013,5.79527997970581
Garrulax maesi,2013,6.58500003814697
Garrulax monileger,2013,7.04985809326172
Gavia arctica,2013,3.10398530960083
Gelochelidon nilotica,2013,4.32053995132446
Geokichla citrina,2013,6.71553754806519
Glaucidium cuculoides,2013,6.5314621925354
Gorsachius melanolophus,2013,7.6332893371582
Gracupica nigricollis,2013,6.77514171600342
Grandala coelicolor,2013,2.40273523330689
Grus japonensis,2013,2.859539270401
Grus monacha,2013,2.14740180969238
Grus nigricollis,2013,1.69137239456177
Gypaetus barbatus,2013,2.68557953834534
Gyps himalayensis,2013,2.74353933334351
Halcyon coromanda,2013,4.586350440979
Halcyon pileata,2013,5.80106258392334
Halcyon smyrnensis,2013,7.60979700088501
Haliaeetus leucoryphus,2013,5.79877948760986
Harpactes wardi,2013,4.54706811904907
Helopsaltes certhiola,2013,3.54721617698669
Helopsaltes pryeri,2013,3.92434859275818
Hemiprocne coronata,2013,6.52818298339844
Hemitesia pallidipes,2013,6.5347318649292
Hemixos castanonotus,2013,7.04343509674072
Heterophasia desgodinsi,2013,6.23688077926636
Heteroxenicus stellatus,2013,4.99860763549805
Hieraaetus pennatus,2013,2.07306289672852
Hierococcyx nisicolor,2013,6.56394720077515
Hirundapus caudacutus,2013,3.16606593132019
Hirundo rustica,2013,4.02776479721069
Histrionicus histrionicus,2013,2.84555840492249
Hydrocoloeus minutus,2013,4.82493352890015
Hydrophasianus chirurgus,2013,6.59006023406982
Hydroprogne caspia,2013,5.81893539428711
Hypothymis azurea,2013,6.6359748840332
Hypsipetes leucocephalus,2013,6.12803506851196
Ianthocincla lunulata,2013,5.08638429641724
Ibidorhyncha struthersii,2013,3.08083391189575
Ictinaetus malaiensis,2013,6.72523641586304
Iduna caligata,2013,3.10285782814026
Indicator xanthonotus,2013,5.39330291748047
Ixobrychus cinnamomeus,2013,6.18436241149902
Ixobrychus eurhythmus,2013,4.70722055435181
Ixobrychus minutus,2013,3.51906704902649
Ixos mcclellandii,2013,6.7101263999939
Ketupa flavipes,2013,6.61995029449463
Lalage melaschistos,2013,6.05416059494019
Lanius borealis,2013,2.74971985816956
Lanius collurioides,2013,6.96353483200073
Lanius isabellinus,2013,3.54270362854004
Lanius schach,2013,5.92361211776733
Lanius sphenocercus,2013,3.2574315071106
Lanius tephronotus,2013,3.50303769111633
Larus crassirostris,2013,6.18602752685547
Larvivora brunnea,2013,4.11384773254395
Larvivora cyane,2013,2.45691418647766
Leptopoecile elegans,2013,2.67883706092834
Leptoptilos javanicus,2013,6.60555696487427
Limnodromus semipalmatus,2013,2.33592748641968
Limosa limosa,2013,2.59851360321045
Linaria cannabina,2013,3.56168818473816
Locustella davidi,2013,2.44185495376587
Locustella mandelli,2013,6.5327844619751
Lonchura striata,2013,6.82632493972778
Lophotriorchis kienerii,2013,7.68887805938721
Lophura leucomelanos,2013,4.96729230880737
Lophura nycthemera,2013,6.92071151733398
Loxia curvirostra,2013,2.69580292701721
Macropygia unchall,2013,6.36947727203369
Mareca falcata,2013,2.11055040359497
Megaceryle lugubris,2013,6.1469612121582
Melanitta fusca,2013,2.75075745582581
Melanitta stejnegeri,2013,1.1398241519928
Melanochlora sultanea,2013,6.84447717666626
Mergus serrator,2013,2.53533411026001
Merops philippinus,2013,6.8821964263916
Mixornis gularis,2013,6.52492809295654
Monticola gularis,2013,2.81690120697022
Monticola rufiventris,2013,6.17725038528442
Monticola solitarius,2013,5.04753160476685
Motacilla citreola,2013,2.9975893497467
Moupinia poecilotis,2013,3.91292333602905
Muscicapa dauurica,2013,2.62150478363037
Muscicapa ferruginea,2013,5.54331874847412
Muscicapa muttui,2013,6.53307723999023
Mycerobas affinis,2013,3.54769945144653
Mycerobas carnipes,2013,3.04551291465759
Myiomela leucura,2013,6.11948680877686
Myophonus caeruleus,2013,5.50282382965088
Netta rufina,2013,3.73752188682556
Niltava davidi,2013,6.41678762435913
Niltava grandis,2013,6.22418451309204
Niltava macgrigoriae,2013,6.60959339141846
Niltava sundara,2013,5.23007869720459
Ninox japonica,2013,5.10262775421143
Nipponia nippon,2013,5.81587219238281
Nisaetus nipalensis,2013,6.32639598846436
Numenius madagascariensis,2013,2.41359162330627
Nycticorax nycticorax,2013,5.96471881866455
Oenanthe deserti,2013,3.19131064414978
Oenanthe oenanthe,2013,3.49221301078796
Onychoprion anaethetus,2013,7.53644943237305
Oriolus oriolus,2013,3.37694764137268
Otus lettia,2013,6.69750881195068
Otus semitorques,2013,4.22564649581909
Otus spilocephalus,2013,6.4101128578186
Oxyura leucocephala,2013,4.05908632278442
Panurus biarmicus,2013,3.47678136825562
Paradoxornis guttaticollis,2013,6.49237394332886
Paradoxornis heudei,2013,5.37355136871338
Parayuhina diademata,2013,5.67210006713867
Pardaliparus venustulus,2013,5.78698110580444
Parus monticolus,2013,5.60916614532471
Passer cinnamomeus,2013,5.59026193618774
Passer domesticus,2013,2.60183477401733
Passer hispaniolensis,2013,3.70328688621521
Pelecanus crispus,2013,2.67495155334473
Pellorneum tickelli,2013,7.008873462677
Perdix hodgsoniae,2013,1.92918193340302
Pericrocotus cantonensis,2013,6.46235322952271
Pericrocotus divaricatus,2013,2.88817024230957
Pericrocotus ethologus,2013,4.9079155921936
Pericrocotus solaris,2013,6.7673864364624
Periparus rubidiventris,2013,2.60819458961487
Pernis ptilorhynchus,2013,3.11412858963013
Phasianus colchicus,2013,4.43686103820801
Phoenicurus erythronotus,2013,3.72441935539246
Phoenicurus frontalis,2013,3.59015870094299
Phoenicurus leucocephalus,2013,4.33097743988037
Phoenicurus ochruros,2013,3.29205060005188
Phoenicurus schisticeps,2013,3.14232206344605
Phylloscopus affinis,2013,3.71019244194031
Phylloscopus burkii,2013,3.04479932785034
Phylloscopus cantator,2013,6.23713731765747
Phylloscopus castaniceps,2013,6.35976409912109
Phylloscopus claudiae,2013,4.93265056610107
Phylloscopus coronatus,2013,3.98479008674622
Phylloscopus emeiensis,2013,5.54205894470215
Phylloscopus intermedius,2013,5.84303712844849
Phylloscopus magnirostris,2013,4.01319122314453
Phylloscopus ogilviegranti,2013,6.73650598526001
Phylloscopus omeiensis,2013,5.01112699508667
Phylloscopus pulcher,2013,4.36796474456787
Phylloscopus ricketti,2013,6.20050954818726
Phylloscopus soror,2013,5.84031057357788
Phylloscopus subaffinis,2013,5.25948524475098
Phylloscopus tenellipes,2013,3.35993790626526
Phylloscopus tephrocephalus,2013,5.42941379547119
Phylloscopus yunnanensis,2013,4.46765232086182
Picumnus innominatus,2013,6.18385934829712
Picus chlorolophus,2013,6.88189792633057
Pitta nympha,2013,6.65443134307861
Platalea minor,2013,4.60395336151123
Pnoepyga immaculata,2013,3.8271119594574
Podiceps auritus,2013,2.56051778793335
Podiceps grisegena,2013,2.73166990280151
Podiceps nigricollis,2013,3.13993763923645
Podoces biddulphi,2013,5.40322589874268
Pomatorhinus schisticeps,2013,6.56177711486816
Pomatorhinus superciliaris,2013,6.2179536819458
Prinia atrogularis,2013,5.74642276763916
Prinia flaviventris,2013,7.09700059890747
Prinia inornata,2013,6.76662302017212
Prunella collaris,2013,2.631760597229
Prunella himalayana,2013,2.41522908210754
Prunella immaculata,2013,2.96803283691406
Prunella montanella,2013,1.29345858097076
Prunella strophiata,2013,3.59420824050903
Psarisomus dalhousiae,2013,6.62419939041138
Pseudopodoces humilis,2013,1.8422042131424
Psilopogon faber,2013,7.08295631408691
Psilopogon virens,2013,6.41716957092285
Pterorhinus berthemyi,2013,6.32457160949707
Pterorhinus lanceolatus,2013,5.8684606552124
Pterorhinus pectoralis,2013,6.48125791549683
Pterorhinus sannio,2013,6.46858835220337
Pteruthius rufiventer,2013,5.75127744674683
Pteruthius xanthochlorus,2013,4.98498010635376
Ptyonoprogne rupestris,2013,3.79783821105957
Pycnonotus aurigaster,2013,6.71728706359863
Pycnonotus jocosus,2013,6.83769369125366
Pycnonotus sinensis,2013,6.12253427505493
Pycnonotus xanthorrhous,2013,6.08725166320801
Pyrrhula erythaca,2013,4.62846994400024
Pyrrhula nipalensis,2013,6.00864505767822
Rallina eurizonoides,2013,7.333420753479
Rallus aquaticus,2013,3.09815335273743
Recurvirostra avosetta,2013,2.65819001197815
Regulus regulus,2013,4.1677041053772
Remiz consobrinus,2013,3.05935883522034
Remiz coronatus,2013,3.15782713890076
Rhodospiza obsoleta,2013,3.83777570724487
Rubigula flaviventris,2013,7.00743627548218
Sasia ochracea,2013,7.06220674514771
Saxicola ferreus,2013,6.03159904479981
Sitta cinnamoventris,2013,6.61145448684692
Sitta formosa,2013,6.3278489112854
Sitta villosa,2013,3.92082715034485
Sittiparus varius,2013,3.6956262588501
Spilopelia chinensis,2013,6.07691717147827
Spilopelia senegalensis,2013,3.57716822624207
Spilornis cheela,2013,6.65179681777954
Spinus spinus,2013,2.03741788864136
Spizixos semitorques,2013,6.36384534835815
Spodiopsar cineraceus,2013,3.40493583679199
Spodiopsar sericeus,2013,6.68566370010376
Stachyris humei,2013,5.68753528594971
Staphida torqueola,2013,6.65992832183838
Streptopelia decaocto,2013,4.34511280059814
Sturnia sinensis,2013,7.03169918060303
Sturnus vulgaris,2013,3.82497382164001
Suthora fulvifrons,2013,4.67960500717163
Syrmaticus humiae,2013,6.59080982208252
Syrmaticus reevesii,2013,5.98175239562988
Syrrhaptes paradoxus,2013,3.44632744789124
Tarsiger chrysaeus,2013,4.13794660568237
Tarsiger indicus,2013,4.69852876663208
Temnurus temnurus,2013,8.14218997955322
Tephrodornis virgatus,2013,7.12234449386597
Thalasseus bergii,2013,7.7661657333374
Timalia pileata,2013,7.08007097244263
Tragopan caboti,2013,6.86016464233398
Tragopan temminckii,2013,5.53831577301025
Treron curvirostra,2013,6.99616289138794
Treron sieboldii,2013,6.77222156524658
Treron sphenurus,2013,5.97838878631592
Turdus boulboul,2013,6.67440986633301
Turdus cardis,2013,6.15258073806763
Turdus feae,2013,4.22077322006226
Turdus mandarinus,2013,6.0530800819397
Turdus pilaris,2013,1.81746447086334
Turdus rubrocanus,2013,3.8450870513916
Turdus ruficollis,2013,3.37399482727051
Turdus viscivorus,2013,3.75290894508362
Turnix suscitator,2013,6.79426574707031
Tyto longimembris,2013,6.74021434783936
Urile pelagicus,2013,4.8758111000061
Urosphena squameiceps,2013,3.13732552528381
Vanellus cinereus,2013,3.12750387191772
Vanellus indicus,2013,6.75934648513794
Vanellus vanellus,2013,3.03365778923035
Yuhina nigrimenta,2013,6.10016441345215
Zoothera dixoni,2013,5.16620302200317
Zoothera mollissima,2013,3.0580997467041
Zoothera monticola,2013,5.52145004272461
Zosterops erythropleurus,2013,3.37010192871094
Abroscopus albogularis,2014,6.68422222137451
Accipiter gularis,2014,3.11711406707764
Accipiter soloensis,2014,6.03239488601685
Accipiter trivirgatus,2014,7.51012468338013
Accipiter virgatus,2014,6.14134407043457
Acridotheres cristatellus,2014,6.45368051528931
Acridotheres tristis,2014,5.63363027572632
Acrocephalus agricola,2014,4.01856422424316
Acrocephalus bistrigiceps,2014,4.13726234436035
Acrocephalus concinens,2014,5.79243135452271
Acrocephalus orientalis,2014,4.24249744415283
Acrocephalus tangorum,2014,3.46678256988525
Aegithalos bonvaloti,2014,4.31038331985474
Aegithalos caudatus,2014,2.99397444725037
Aegithalos concinnus,2014,6.35562372207642
Aegithalos fuliginosus,2014,4.85956716537476
Aerodramus brevirostris,2014,5.77868413925171
Aethopyga christinae,2014,8.42418003082275
Aethopyga gouldiae,2014,5.12103796005249
Agropsar sturninus,2014,3.68548607826233
Aix galericulata,2014,3.35475063323975
Alauda gulgula,2014,4.72726917266846
Alaudala cheleensis,2014,3.67383480072022
Alcedo hercules,2014,7.28276014328003
Alcippe morrisonia,2014,6.45907306671143
Amaurornis phoenicurus,2014,6.37135934829712
Anastomus oscitans,2014,6.40028619766235
Anser anser,2014,3.03165435791016
Anser fabalis,2014,2.35150814056397
Anser indicus,2014,2.56000137329102
Anthus godlewskii,2014,2.81716442108154
Anthus gustavi,2014,3.07979154586792
Anthus richardi,2014,4.51690340042114
Anthus roseatus,2014,3.267174243927
Anthus trivialis,2014,2.80557203292847
Aquila fasciata,2014,7.17049789428711
Aquila heliaca,2014,2.56970572471619
Ardea intermedia,2014,6.59954643249512
Ardea purpurea,2014,5.84719133377075
Ardenna pacifica,2014,7.73003530502319
Artamus fuscus,2014,7.42951250076294
Asio flammeus,2014,2.54538464546204
Athene noctua,2014,3.34559369087219
Aviceda jerdoni,2014,7.55654668807983
Aviceda leuphotes,2014,6.34501934051514
Aythya fuligula,2014,2.64568758010864
Aythya nyroca,2014,3.25439977645874
Bombycilla japonica,2014,1.72458851337433
Branta canadensis,2014,4.48741912841797
Bubo nipalensis,2014,5.23217630386353
Bucanetes mongolicus,2014,3.71579337120056
Butastur indicus,2014,3.48507213592529
Cacomantis merulinus,2014,7.14254665374756
Calandrella brachydactyla,2014,3.72063302993774
Calliope obscura,2014,4.51981115341187
Caprimulgus macrurus,2014,7.59997129440308
Carpodacus roborowskii,2014,1.34627425670624
Carpodacus vinaceus,2014,5.67898464202881
Cecropis daurica,2014,4.69936466217041
Centropus bengalensis,2014,6.9970645904541
Cephalopyrus flammiceps,2014,5.18970584869385
Certhia familiaris,2014,3.46261286735535
Certhia himalayana,2014,4.73940896987915
Certhia tianquanensis,2014,4.38797760009766
Ceryle rudis,2014,6.75817966461182
Cettia brunnifrons,2014,4.61806678771973
Cettia castaneocoronata,2014,5.36334228515625
Chalcophaps indica,2014,7.4336576461792
Charadrius atrifrons,2014,2.35248875617981
Charadrius dealbatus,2014,7.90062665939331
Charadrius placidus,2014,4.15619945526123
Charadrius veredus,2014,2.90231800079346
Chlidonias leucopterus,2014,3.3678297996521
Chlidonias niger,2014,3.01409983634949
Chloris ambigua,2014,5.79536199569702
Chloris sinica,2014,4.94730758666992
Chrysolophus pictus,2014,5.43899011611939
Ciconia boyciana,2014,3.35885834693909
Ciconia nigra,2014,3.86243343353272
Circaetus gallicus,2014,3.89380764961243
Circus macrourus,2014,2.86735463142395
Circus spilonotus,2014,2.80898666381836
Cisticola exilis,2014,6.92383766174316
Cisticola juncidis,2014,6.36807537078857
Clamator coromandus,2014,6.51518201828003
Clanga clanga,2014,2.87963676452637
Columba oenas,2014,2.77805304527283
Copsychus saularis,2014,6.43106889724731
Coracias garrulus,2014,2.74759268760681
Coturnicops exquisitus,2014,2.44470429420471
Crex crex,2014,2.7386429309845
Crossoptilon mantchuricum,2014,4.46203327178955
Curruca curruca,2014,3.54251933097839
Cyanistes cyanus,2014,2.56948304176331
Cyanoderma pyrrhops,2014,5.33263111114502
Cygnus cygnus,2014,2.99324631690979
Cygnus olor,2014,3.16742491722107
Cyornis glaucicomans,2014,6.15074729919434
Cyornis hainanus,2014,7.668128490448
Cyornis rubeculoides,2014,6.47284698486328
Delichon dasypus,2014,4.12984275817871
Dendrocitta formosae,2014,6.63055562973023
Dendrocopos hyperythrus,2014,4.43488931655884
Dendrocygna javanica,2014,6.86097812652588
Dicaeum cruentatum,2014,7.03145360946655
Dicaeum ignipectus,2014,6.25472545623779
Dicaeum minullum,2014,6.03468704223633
Dicrurus annectens,2014,7.29319381713867
Dicrurus hottentottus,2014,6.10562944412231
Dicrurus remifer,2014,6.7371563911438
Egretta eulophotes,2014,4.90769195556641
Egretta garzetta,2014,5.56486177444458
Elachura formosa,2014,6.32695722579956
Elanus caeruleus,2014,7.3434476852417
Emberiza buchanani,2014,2.52363109588623
Emberiza citrinella,2014,2.60633230209351
Emberiza elegans,2014,4.57935953140259
Emberiza godlewskii,2014,3.51627254486084
Emberiza hortulana,2014,3.18210339546204
Emberiza leucocephalos,2014,2.39694571495056
Emberiza pallasi,2014,1.79879152774811
Emberiza pusilla,2014,3.08978176116943
Emberiza rustica,2014,1.17250955104828
Emberiza siemsseni,2014,4.88732481002808
Emberiza yessoensis,2014,3.0718994140625
Enicurus leschenaulti,2014,6.10092926025391
Enicurus maculatus,2014,6.70559597015381
Enicurus schistaceus,2014,6.63470077514648
Erpornis zantholeuca,2014,6.8176383972168
Erythrogenys hypoleucos,2014,7.2805347442627
Eudynamys scolopaceus,2014,6.44564437866211
Eumyias thalassinus,2014,5.93122529983521
Falco cherrug,2014,3.0599148273468
Falco severus,2014,6.79648208618164
Ficedula albicilla,2014,1.83361065387726
Ficedula elisae,2014,4.38925886154175
Ficedula erithacus,2014,4.22360706329346
Ficedula hyperythra,2014,6.35507202148438
Ficedula mugimaki,2014,3.02660298347473
Ficedula strophiata,2014,5.61827993392944
Ficedula superciliaris,2014,3.65283799171448
Ficedula tricolor,2014,5.29084825515747
Fringilla coelebs,2014,1.36171078681946
Fringilla montifringilla,2014,1.64997065067291
Galerida cristata,2014,4.09728860855103
Gallicrex cinerea,2014,5.86262655258179
Garrulax maesi,2014,6.59603881835938
Garrulax monileger,2014,7.12341928482056
Gavia arctica,2014,2.91084361076355
Gelochelidon nilotica,2014,4.31917858123779
Geokichla citrina,2014,6.76975297927856
Glaucidium cuculoides,2014,6.5451021194458
Gorsachius melanolophus,2014,7.73167657852173
Gracupica nigricollis,2014,6.83260202407837
Grandala coelicolor,2014,2.40016150474548
Grus japonensis,2014,3.03298330307007
Grus monacha,2014,2.31465649604797
Grus nigricollis,2014,1.66025102138519
Gypaetus barbatus,2014,2.58200263977051
Gyps himalayensis,2014,2.66713714599609
Halcyon coromanda,2014,4.72307729721069
Halcyon pileata,2014,5.85342073440552
Halcyon smyrnensis,2014,7.729736328125
Haliaeetus leucoryphus,2014,5.79127788543701
Harpactes wardi,2014,4.53552722930908
Helopsaltes certhiola,2014,3.53176259994507
Helopsaltes pryeri,2014,4.11107301712036
Hemiprocne coronata,2014,6.54362344741821
Hemitesia pallidipes,2014,6.555739402771
Hemixos castanonotus,2014,7.12239456176758
Heterophasia desgodinsi,2014,6.24097013473511
Heteroxenicus stellatus,2014,4.99384355545044
Hieraaetus pennatus,2014,2.06033611297607
Hierococcyx nisicolor,2014,6.61587238311768
Hirundapus caudacutus,2014,3.29792642593384
Hirundo rustica,2014,4.02936267852783
Histrionicus histrionicus,2014,2.97626733779907
Hydrocoloeus minutus,2014,4.57475280761719
Hydrophasianus chirurgus,2014,6.62037801742554
Hydroprogne caspia,2014,5.84167623519898
Hypothymis azurea,2014,6.68433904647827
Hypsipetes leucocephalus,2014,6.14246511459351
Ianthocincla lunulata,2014,4.99645853042603
Ibidorhyncha struthersii,2014,3.05007648468018
Ictinaetus malaiensis,2014,6.78711700439453
Iduna caligata,2014,2.82809567451477
Indicator xanthonotus,2014,5.36734485626221
Ixobrychus cinnamomeus,2014,6.23891496658325
Ixobrychus eurhythmus,2014,4.85702562332153
Ixobrychus minutus,2014,3.21622514724731
Ixos mcclellandii,2014,6.74546575546265
Ketupa flavipes,2014,6.63281869888306
Lalage melaschistos,2014,6.06309127807617
Lanius borealis,2014,2.66807961463928
Lanius collurioides,2014,7.02258396148682
Lanius isabellinus,2014,3.47886109352112
Lanius schach,2014,5.92684602737427
Lanius sphenocercus,2014,3.42955422401428
Lanius tephronotus,2014,3.50696444511414
Larus crassirostris,2014,6.27985620498657
Larvivora brunnea,2014,4.06913042068481
Larvivora cyane,2014,2.68295216560364
Leptopoecile elegans,2014,2.67462563514709
Leptoptilos javanicus,2014,6.64437532424927
Limnodromus semipalmatus,2014,2.59828305244446
Limosa limosa,2014,2.67696571350098
Linaria cannabina,2014,3.26715779304504
Locustella davidi,2014,2.68375706672668
Locustella mandelli,2014,6.57762956619263
Lonchura striata,2014,6.85663604736328
Lophotriorchis kienerii,2014,7.77942609786987
Lophura leucomelanos,2014,4.95713043212891
Lophura nycthemera,2014,6.98832511901856
Loxia curvirostra,2014,2.78720951080322
Macropygia unchall,2014,6.39679431915283
Mareca falcata,2014,2.33992767333984
Megaceryle lugubris,2014,6.1944727897644
Melanitta fusca,2014,2.48090791702271
Melanitta stejnegeri,2014,1.41110479831696
Melanochlora sultanea,2014,6.89029932022095
Mergus serrator,2014,2.71920609474182
Merops philippinus,2014,6.94815921783447
Mixornis gularis,2014,6.5630350112915
Monticola gularis,2014,3.05213308334351
Monticola rufiventris,2014,6.18083429336548
Monticola solitarius,2014,5.10474824905396
Motacilla citreola,2014,2.92020106315613
Moupinia poecilotis,2014,3.889080286026
Muscicapa dauurica,2014,2.87128901481628
Muscicapa ferruginea,2014,5.5146656036377
Muscicapa muttui,2014,6.50713539123535
Mycerobas affinis,2014,3.5430326461792
Mycerobas carnipes,2014,2.96888947486877
Myiomela leucura,2014,6.1045241355896
Myophonus caeruleus,2014,5.49819231033325
Netta rufina,2014,3.45827031135559
Niltava davidi,2014,6.44607400894165
Niltava grandis,2014,6.23908758163452
Niltava macgrigoriae,2014,6.6372652053833
Niltava sundara,2014,5.20511865615845
Ninox japonica,2014,5.22810983657837
Nipponia nippon,2014,5.64274549484253
Nisaetus nipalensis,2014,6.35867500305176
Numenius madagascariensis,2014,2.58299160003662
Nycticorax nycticorax,2014,6.02956819534302
Oenanthe deserti,2014,3.07496237754822
Oenanthe oenanthe,2014,3.48717999458313
Onychoprion anaethetus,2014,7.53838586807251
Oriolus oriolus,2014,3.07373833656311
Otus lettia,2014,6.72902727127075
Otus semitorques,2014,4.37069177627564
Otus spilocephalus,2014,6.4746036529541
Oxyura leucocephala,2014,3.74433875083923
Panurus biarmicus,2014,3.43191003799439
Paradoxornis guttaticollis,2014,6.51827669143677
Paradoxornis heudei,2014,5.50139856338501
Parayuhina diademata,2014,5.64444160461426
Pardaliparus venustulus,2014,5.7832179069519
Parus monticolus,2014,5.55445861816406
Passer cinnamomeus,2014,5.6000542640686
Passer domesticus,2014,2.57932114601135
Passer hispaniolensis,2014,3.38521265983582
Pelecanus crispus,2014,2.44119596481323
Pellorneum tickelli,2014,7.04192638397217
Perdix hodgsoniae,2014,1.91637647151947
Pericrocotus cantonensis,2014,6.46787261962891
Pericrocotus divaricatus,2014,3.03876447677612
Pericrocotus ethologus,2014,4.90962743759155
Pericrocotus solaris,2014,6.81426048278809
Periparus rubidiventris,2014,2.61679363250732
Pernis ptilorhynchus,2014,3.30748200416565
Phasianus colchicus,2014,4.49561023712158
Phoenicurus erythronotus,2014,3.4199857711792
Phoenicurus frontalis,2014,3.56763100624084
Phoenicurus leucocephalus,2014,4.31945037841797
Phoenicurus ochruros,2014,3.18668079376221
Phoenicurus schisticeps,2014,3.12779569625855
Phylloscopus affinis,2014,3.68076968193054
Phylloscopus burkii,2014,3.03470516204834
Phylloscopus cantator,2014,6.24363374710083
Phylloscopus castaniceps,2014,6.36450481414795
Phylloscopus claudiae,2014,4.89010047912598
Phylloscopus coronatus,2014,4.0576548576355
Phylloscopus emeiensis,2014,5.48952627182007
Phylloscopus intermedius,2014,5.83923721313477
Phylloscopus magnirostris,2014,4.0040717124939
Phylloscopus ogilviegranti,2014,6.78498601913452
Phylloscopus omeiensis,2014,4.94039916992188
Phylloscopus pulcher,2014,4.37281274795532
Phylloscopus ricketti,2014,6.18658590316773
Phylloscopus soror,2014,5.78011465072632
Phylloscopus subaffinis,2014,5.24943065643311
Phylloscopus tenellipes,2014,3.57533860206604
Phylloscopus tephrocephalus,2014,5.37064933776856
Phylloscopus yunnanensis,2014,4.44592571258545
Picumnus innominatus,2014,6.19749021530151
Picus chlorolophus,2014,6.94304656982422
Pitta nympha,2014,6.70927333831787
Platalea minor,2014,4.83828449249268
Pnoepyga immaculata,2014,3.86835885047913
Podiceps auritus,2014,2.37327647209168
Podiceps grisegena,2014,2.79098391532898
Podiceps nigricollis,2014,3.2827582359314
Podoces biddulphi,2014,5.17529630661011
Pomatorhinus schisticeps,2014,6.53228521347046
Pomatorhinus superciliaris,2014,6.2171835899353
Prinia atrogularis,2014,5.71824741363525
Prinia flaviventris,2014,7.124436378479
Prinia inornata,2014,6.7912335395813
Prunella collaris,2014,2.5994668006897
Prunella himalayana,2014,2.10892248153687
Prunella immaculata,2014,2.95526814460754
Prunella montanella,2014,1.45177698135376
Prunella strophiata,2014,3.58360648155212
Psarisomus dalhousiae,2014,6.63933229446411
Pseudopodoces humilis,2014,1.78728485107422
Psilopogon faber,2014,7.11513757705689
Psilopogon virens,2014,6.4602255821228
Pterorhinus berthemyi,2014,6.32716131210327
Pterorhinus lanceolatus,2014,5.8653883934021
Pterorhinus pectoralis,2014,6.47231149673462
Pterorhinus sannio,2014,6.48530387878418
Pteruthius rufiventer,2014,5.7510724067688
Pteruthius xanthochlorus,2014,4.94537734985352
Ptyonoprogne rupestris,2014,3.75004458427429
Pycnonotus aurigaster,2014,6.76912117004395
Pycnonotus jocosus,2014,6.90127611160278
Pycnonotus sinensis,2014,6.1691107749939
Pycnonotus xanthorrhous,2014,6.09087705612183
Pyrrhula erythaca,2014,4.62814044952393
Pyrrhula nipalensis,2014,6.05144691467285
Rallina eurizonoides,2014,7.38160991668701
Rallus aquaticus,2014,2.94569730758667
Recurvirostra avosetta,2014,2.72430944442749
Regulus regulus,2014,4.14279890060425
Remiz consobrinus,2014,3.28858470916748
Remiz coronatus,2014,2.97921204566956
Rhodospiza obsoleta,2014,3.70072913169861
Rubigula flaviventris,2014,7.05292892456055
Sasia ochracea,2014,7.09646606445313
Saxicola ferreus,2014,6.03822374343872
Sitta cinnamoventris,2014,6.64443731307983
Sitta formosa,2014,6.35043859481812
Sitta villosa,2014,3.98568224906921
Sittiparus varius,2014,3.9031400680542
Spilopelia chinensis,2014,6.10486888885498
Spilopelia senegalensis,2014,3.26339197158814
Spilornis cheela,2014,6.70812940597534
Spinus spinus,2014,2.25370407104492
Spizixos semitorques,2014,6.36718034744263
Spodiopsar cineraceus,2014,3.54952907562256
Spodiopsar sericeus,2014,6.71104145050049
Stachyris humei,2014,5.65891265869141
Staphida torqueola,2014,6.6852822303772
Streptopelia decaocto,2014,4.29792976379395
Sturnia sinensis,2014,7.10478496551514
Sturnus vulgaris,2014,3.53995537757874
Suthora fulvifrons,2014,4.65665006637573
Syrmaticus humiae,2014,6.63668966293335
Syrmaticus reevesii,2014,5.93196296691895
Syrrhaptes paradoxus,2014,3.49417185783386
Tarsiger chrysaeus,2014,4.13885402679443
Tarsiger indicus,2014,4.71172523498535
Temnurus temnurus,2014,8.29191493988037
Tephrodornis virgatus,2014,7.20271492004395
Thalasseus bergii,2014,7.87500810623169
Timalia pileata,2014,7.13381433486939
Tragopan caboti,2014,6.96088981628418
Tragopan temminckii,2014,5.51334476470947
Treron curvirostra,2014,7.04594039916992
Treron sieboldii,2014,6.80894088745117
Treron sphenurus,2014,5.994704246521
Turdus boulboul,2014,6.70034599304199
Turdus cardis,2014,6.14877033233643
Turdus feae,2014,4.34221315383911
Turdus mandarinus,2014,6.06427907943726
Turdus pilaris,2014,1.98751759529114
Turdus rubrocanus,2014,3.81734848022461
Turdus ruficollis,2014,3.05726766586304
Turdus viscivorus,2014,3.46271014213562
Turnix suscitator,2014,6.83717489242554
Tyto longimembris,2014,6.81377553939819
Urile pelagicus,2014,5.13513994216919
Urosphena squameiceps,2014,3.33513879776001
Vanellus cinereus,2014,3.36375188827515
Vanellus indicus,2014,6.7977614402771
Vanellus vanellus,2014,3.16991782188416
Yuhina nigrimenta,2014,6.11385202407837
Zoothera dixoni,2014,5.17699956893921
Zoothera mollissima,2014,3.05207824707031
Zoothera monticola,2014,5.51026964187622
Zosterops erythropleurus,2014,3.59645390510559
Abroscopus albogularis,2015,6.72234582901001
Accipiter gularis,2015,3.15778040885925
Accipiter soloensis,2015,6.05074739456177
Accipiter trivirgatus,2015,7.58033084869385
Accipiter virgatus,2015,6.18365859985352
Acridotheres cristatellus,2015,6.46721363067627
Acridotheres tristis,2015,5.73979902267456
Acrocephalus agricola,2015,4.26511335372925
Acrocephalus bistrigiceps,2015,4.14206027984619
Acrocephalus concinens,2015,5.75893878936768
Acrocephalus orientalis,2015,4.24013948440552
Acrocephalus tangorum,2015,3.50446844100952
Aegithalos bonvaloti,2015,4.32405519485474
Aegithalos caudatus,2015,3.07348918914795
Aegithalos concinnus,2015,6.36772966384888
Aegithalos fuliginosus,2015,4.88549613952637
Aerodramus brevirostris,2015,5.79606580734253
Aethopyga christinae,2015,8.54583835601807
Aethopyga gouldiae,2015,5.15044736862183
Agropsar sturninus,2015,3.70636415481567
Aix galericulata,2015,3.41336989402771
Alauda gulgula,2015,4.764573097229
Alaudala cheleensis,2015,3.77132272720337
Alcedo hercules,2015,7.34483432769775
Alcippe morrisonia,2015,6.47973346710205
Amaurornis phoenicurus,2015,6.38660192489624
Anastomus oscitans,2015,6.43342113494873
Anser anser,2015,3.20178127288818
Anser fabalis,2015,2.44101786613464
Anser indicus,2015,2.72711634635925
Anthus godlewskii,2015,2.86615586280823
Anthus gustavi,2015,3.18199992179871
Anthus richardi,2015,4.56998729705811
Anthus roseatus,2015,3.33591747283936
Anthus trivialis,2015,3.12925982475281
Aquila fasciata,2015,7.22072124481201
Aquila heliaca,2015,2.7986011505127
Ardea intermedia,2015,6.61006784439087
Ardea purpurea,2015,5.85501861572266
Ardenna pacifica,2015,7.8348536491394
Artamus fuscus,2015,7.50212574005127
Asio flammeus,2015,2.72194766998291
Athene noctua,2015,3.43762922286987
Aviceda jerdoni,2015,7.62425470352173
Aviceda leuphotes,2015,6.37902212142944
Aythya fuligula,2015,2.74854636192322
Aythya nyroca,2015,3.50789952278137
Bombycilla japonica,2015,1.83506095409393
Branta canadensis,2015,4.41604900360107
Bubo nipalensis,2015,5.25941038131714
Bucanetes mongolicus,2015,3.86501097679138
Butastur indicus,2015,3.52530765533447
Cacomantis merulinus,2015,7.20477437973023
Calandrella brachydactyla,2015,4.00157976150513
Calliope obscura,2015,4.57234048843384
Caprimulgus macrurus,2015,7.67332792282105
Carpodacus roborowskii,2015,1.43236255645752
Carpodacus vinaceus,2015,5.70935916900635
Cecropis daurica,2015,4.72835731506348
Centropus bengalensis,2015,7.03279209136963
Cephalopyrus flammiceps,2015,5.19442319869995
Certhia familiaris,2015,3.54942846298218
Certhia himalayana,2015,4.76650619506836
Certhia tianquanensis,2015,4.4210524559021
Ceryle rudis,2015,6.77852773666382
Cettia brunnifrons,2015,4.6439995765686
Cettia castaneocoronata,2015,5.39261674880981
Chalcophaps indica,2015,7.51200008392334
Charadrius atrifrons,2015,2.45169258117676
Charadrius dealbatus,2015,7.99862575531006
Charadrius placidus,2015,4.17707872390747
Charadrius veredus,2015,2.89656949043274
Chlidonias leucopterus,2015,3.41842889785767
Chlidonias niger,2015,3.3328595161438
Chloris ambigua,2015,5.82129144668579
Chloris sinica,2015,4.96358108520508
Chrysolophus pictus,2015,5.46020650863648
Ciconia boyciana,2015,3.41594481468201
Ciconia nigra,2015,3.9483118057251
Circaetus gallicus,2015,4.13033819198608
Circus macrourus,2015,3.1904091835022
Circus spilonotus,2015,2.86124777793884
Cisticola exilis,2015,6.97189283370972
Cisticola juncidis,2015,6.37778997421265
Clamator coromandus,2015,6.52580833435059
Clanga clanga,2015,2.95272564888001
Columba oenas,2015,3.07788586616516
Copsychus saularis,2015,6.44731616973877
Coracias garrulus,2015,3.0713415145874
Coturnicops exquisitus,2015,2.52728247642517
Crex crex,2015,3.063560962677
Crossoptilon mantchuricum,2015,4.45298194885254
Curruca curruca,2015,3.73545360565186
Cyanistes cyanus,2015,2.74376845359802
Cyanoderma pyrrhops,2015,5.34552478790283
Cygnus cygnus,2015,3.03842854499817
Cygnus olor,2015,3.22903299331665
Cyornis glaucicomans,2015,6.17165088653565
Cyornis hainanus,2015,7.75340270996094
Cyornis rubeculoides,2015,6.4781608581543
Delichon dasypus,2015,4.18283224105835
Dendrocitta formosae,2015,6.6499490737915
Dendrocopos hyperythrus,2015,4.47935438156128
Dendrocygna javanica,2015,6.88330125808716
Dicaeum cruentatum,2015,7.08120203018189
Dicaeum ignipectus,2015,6.27954149246216
Dicaeum minullum,2015,6.07700300216675
Dicrurus annectens,2015,7.35042524337769
Dicrurus hottentottus,2015,6.11136198043823
Dicrurus remifer,2015,6.77800464630127
Egretta eulophotes,2015,4.92361545562744
Egretta garzetta,2015,5.58164024353027
Elachura formosa,2015,6.3548583984375
Elanus caeruleus,2015,7.39160966873169
Emberiza buchanani,2015,2.84722208976746
Emberiza citrinella,2015,2.93050599098206
Emberiza elegans,2015,4.61962890625
Emberiza godlewskii,2015,3.59513378143311
Emberiza hortulana,2015,3.48955798149109
Emberiza leucocephalos,2015,2.53616166114807
Emberiza pallasi,2015,1.88336157798767
Emberiza pusilla,2015,3.13451552391052
Emberiza rustica,2015,1.51476085186005
Emberiza siemsseni,2015,4.92198753356934
Emberiza yessoensis,2015,3.16329073905945
Enicurus leschenaulti,2015,6.12165927886963
Enicurus maculatus,2015,6.75125741958618
Enicurus schistaceus,2015,6.67452764511108
Erpornis zantholeuca,2015,6.86792135238648
Erythrogenys hypoleucos,2015,7.31771183013916
Eudynamys scolopaceus,2015,6.45663118362427
Eumyias thalassinus,2015,5.95589542388916
Falco cherrug,2015,3.18990993499756
Falco severus,2015,6.84732532501221
Ficedula albicilla,2015,1.95118987560272
Ficedula elisae,2015,4.33910369873047
Ficedula erithacus,2015,4.26910400390625
Ficedula hyperythra,2015,6.3894362449646
Ficedula mugimaki,2015,3.07459926605225
Ficedula strophiata,2015,5.64390659332275
Ficedula superciliaris,2015,3.67724227905273
Ficedula tricolor,2015,5.31947183609009
Fringilla coelebs,2015,1.7062908411026
Fringilla montifringilla,2015,1.98983013629913
Galerida cristata,2015,4.15696477890015
Gallicrex cinerea,2015,5.86605024337769
Garrulax maesi,2015,6.63637924194336
Garrulax monileger,2015,7.18043899536133
Gavia arctica,2015,3.17568135261536
Gelochelidon nilotica,2015,4.45626783370972
Geokichla citrina,2015,6.79815340042114
Glaucidium cuculoides,2015,6.56188488006592
Gorsachius melanolophus,2015,7.83828544616699
Gracupica nigricollis,2015,6.88342666625977
Grandala coelicolor,2015,2.46314096450806
Grus japonensis,2015,3.11757755279541
Grus monacha,2015,2.47273874282837
Grus nigricollis,2015,1.73728132247925
Gypaetus barbatus,2015,2.70744824409485
Gyps himalayensis,2015,2.78003144264221
Halcyon coromanda,2015,4.74527645111084
Halcyon pileata,2015,5.85566759109497
Halcyon smyrnensis,2015,7.82300758361816
Haliaeetus leucoryphus,2015,5.78677415847778
Harpactes wardi,2015,4.54748058319092
Helopsaltes certhiola,2015,3.66021537780762
Helopsaltes pryeri,2015,4.13983583450317
Hemiprocne coronata,2015,6.56672096252441
Hemitesia pallidipes,2015,6.59721899032593
Hemixos castanonotus,2015,7.18337440490723
Heterophasia desgodinsi,2015,6.27040338516235
Heteroxenicus stellatus,2015,5.01515769958496
Hieraaetus pennatus,2015,2.24707937240601
Hierococcyx nisicolor,2015,6.65544605255127
Hirundapus caudacutus,2015,3.33756995201111
Hirundo rustica,2015,4.10510730743408
Histrionicus histrionicus,2015,3.08264994621277
Hydrocoloeus minutus,2015,4.82553720474243
Hydrophasianus chirurgus,2015,6.64523649215698
Hydroprogne caspia,2015,5.91790008544922
Hypothymis azurea,2015,6.73555421829224
Hypsipetes leucocephalus,2015,6.1616644859314
Ianthocincla lunulata,2015,5.02076959609985
Ibidorhyncha struthersii,2015,3.11155319213867
Ictinaetus malaiensis,2015,6.83098983764648
Iduna caligata,2015,3.14294385910034
Indicator xanthonotus,2015,5.3790807723999
Ixobrychus cinnamomeus,2015,6.24059247970581
Ixobrychus eurhythmus,2015,4.86731004714966
Ixobrychus minutus,2015,3.50492119789124
Ixos mcclellandii,2015,6.77934789657593
Ketupa flavipes,2015,6.64392757415772
Lalage melaschistos,2015,6.07315015792847
Lanius borealis,2015,2.89193749427795
Lanius collurioides,2015,7.07568550109863
Lanius isabellinus,2015,3.60542750358582
Lanius schach,2015,5.94645404815674
Lanius sphenocercus,2015,3.454181432724
Lanius tephronotus,2015,3.56517839431763
Larus crassirostris,2015,6.31541347503662
Larvivora brunnea,2015,4.10617637634277
Larvivora cyane,2015,2.74997711181641
Leptopoecile elegans,2015,2.74117588996887
Leptoptilos javanicus,2015,6.68363428115845
Limnodromus semipalmatus,2015,2.66436362266541
Limosa limosa,2015,2.83030605316162
Linaria cannabina,2015,3.57727336883545
Locustella davidi,2015,2.74491238594055
Locustella mandelli,2015,6.6165771484375
Lonchura striata,2015,6.88301038742065
Lophotriorchis kienerii,2015,7.84856176376343
Lophura leucomelanos,2015,4.97705602645874
Lophura nycthemera,2015,7.0485463142395
Loxia curvirostra,2015,2.86851692199707
Macropygia unchall,2015,6.43561506271362
Mareca falcata,2015,2.4266345500946
Megaceryle lugubris,2015,6.19546222686768
Melanitta fusca,2015,2.79829668998718
Melanitta stejnegeri,2015,1.49249947071075
Melanochlora sultanea,2015,6.93902969360352
Mergus serrator,2015,2.80504679679871
Merops philippinus,2015,7.00212049484253
Mixornis gularis,2015,6.59965419769287
Monticola gularis,2015,3.10169291496277
Monticola rufiventris,2015,6.19964170455933
Monticola solitarius,2015,5.13116836547852
Motacilla citreola,2015,3.04440355300903
Moupinia poecilotis,2015,3.92664909362793
Muscicapa dauurica,2015,2.9258291721344
Muscicapa ferruginea,2015,5.54478025436401
Muscicapa muttui,2015,6.54233455657959
Mycerobas affinis,2015,3.58665633201599
Mycerobas carnipes,2015,3.08313226699829
Myiomela leucura,2015,6.13274002075195
Myophonus caeruleus,2015,5.5178370475769
Netta rufina,2015,3.75044131278992
Niltava davidi,2015,6.4864673614502
Niltava grandis,2015,6.26952409744263
Niltava macgrigoriae,2015,6.67300748825073
Niltava sundara,2015,5.23125457763672
Ninox japonica,2015,5.22474241256714
Nipponia nippon,2015,5.67212963104248
Nisaetus nipalensis,2015,6.40169286727905
Numenius madagascariensis,2015,2.68375372886658
Nycticorax nycticorax,2015,6.03424692153931
Oenanthe deserti,2015,3.22069644927979
Oenanthe oenanthe,2015,3.58475708961487
Onychoprion anaethetus,2015,7.66907405853272
Oriolus oriolus,2015,3.38995027542114
Otus lettia,2015,6.74898815155029
Otus semitorques,2015,4.37262773513794
Otus spilocephalus,2015,6.52097415924072
Oxyura leucocephala,2015,4.03688669204712
Panurus biarmicus,2015,3.56607174873352
Paradoxornis guttaticollis,2015,6.55880117416382
Paradoxornis heudei,2015,5.48217916488648
Parayuhina diademata,2015,5.67338609695435
Pardaliparus venustulus,2015,5.77965211868286
Parus monticolus,2015,5.58476829528809
Passer cinnamomeus,2015,5.60933351516724
Passer domesticus,2015,2.75262117385864
Passer hispaniolensis,2015,3.69433832168579
Pelecanus crispus,2015,2.69144678115845
Pellorneum tickelli,2015,7.09547281265259
Perdix hodgsoniae,2015,1.98400568962097
Pericrocotus cantonensis,2015,6.48208999633789
Pericrocotus divaricatus,2015,3.11917400360107
Pericrocotus ethologus,2015,4.92281723022461
Pericrocotus solaris,2015,6.85921430587769
Periparus rubidiventris,2015,2.67844033241272
Pernis ptilorhynchus,2015,3.35666060447693
Phasianus colchicus,2015,4.55275583267212
Phoenicurus erythronotus,2015,3.71803307533264
Phoenicurus frontalis,2015,3.61834645271301
Phoenicurus leucocephalus,2015,4.34562397003174
Phoenicurus ochruros,2015,3.31236004829407
Phoenicurus schisticeps,2015,3.18305253982544
Phylloscopus affinis,2015,3.72639274597168
Phylloscopus burkii,2015,3.05806517601013
Phylloscopus cantator,2015,6.27362632751465
Phylloscopus castaniceps,2015,6.37974214553833
Phylloscopus claudiae,2015,4.90278434753418
Phylloscopus coronatus,2015,4.11314296722412
Phylloscopus emeiensis,2015,5.51085567474365
Phylloscopus intermedius,2015,5.85524797439575
Phylloscopus magnirostris,2015,4.05028676986694
Phylloscopus ogilviegranti,2015,6.83909416198731
Phylloscopus omeiensis,2015,4.96739196777344
Phylloscopus pulcher,2015,4.4122748374939
Phylloscopus ricketti,2015,6.20021057128906
Phylloscopus soror,2015,5.7864203453064
Phylloscopus subaffinis,2015,5.26980304718018
Phylloscopus tenellipes,2015,3.60719418525696
Phylloscopus tephrocephalus,2015,5.3968710899353
Phylloscopus yunnanensis,2015,4.45820474624634
Picumnus innominatus,2015,6.21276044845581
Picus chlorolophus,2015,6.98813009262085
Pitta nympha,2015,6.7162036895752
Platalea minor,2015,4.89421272277832
Pnoepyga immaculata,2015,3.86539149284363
Podiceps auritus,2015,2.64136171340942
Podiceps grisegena,2015,2.93622922897339
Podiceps nigricollis,2015,3.3696756362915
Podoces biddulphi,2015,5.41143941879273
Pomatorhinus schisticeps,2015,6.53369235992432
Pomatorhinus superciliaris,2015,6.24351024627686
Prinia atrogularis,2015,5.72566938400269
Prinia flaviventris,2015,7.17460536956787
Prinia inornata,2015,6.81410360336304
Prunella collaris,2015,2.70423722267151
Prunella himalayana,2015,2.41524243354797
Prunella immaculata,2015,3.00772500038147
Prunella montanella,2015,1.58725202083588
Prunella strophiata,2015,3.63829374313355
Psarisomus dalhousiae,2015,6.68064594268799
Pseudopodoces humilis,2015,1.88435637950897
Psilopogon faber,2015,7.1556396484375
Psilopogon virens,2015,6.49172353744507
Pterorhinus berthemyi,2015,6.33040523529053
Pterorhinus lanceolatus,2015,5.89630126953125
Pterorhinus pectoralis,2015,6.48035764694214
Pterorhinus sannio,2015,6.50569820404053
Pteruthius rufiventer,2015,5.76601457595825
Pteruthius xanthochlorus,2015,4.9685206413269
Ptyonoprogne rupestris,2015,3.83777928352356
Pycnonotus aurigaster,2015,6.80506896972656
Pycnonotus jocosus,2015,6.95753574371338
Pycnonotus sinensis,2015,6.16856479644775
Pycnonotus xanthorrhous,2015,6.11451721191406
Pyrrhula erythaca,2015,4.65484857559204
Pyrrhula nipalensis,2015,6.09257888793945
Rallina eurizonoides,2015,7.45433044433594
Rallus aquaticus,2015,3.12005925178528
Recurvirostra avosetta,2015,2.87855505943298
Regulus regulus,2015,4.20847463607788
Remiz consobrinus,2015,3.32329487800598
Remiz coronatus,2015,3.22533965110779
Rhodospiza obsoleta,2015,3.86589288711548
Rubigula flaviventris,2015,7.09999990463257
Sasia ochracea,2015,7.14633893966675
Saxicola ferreus,2015,6.05048608779907
Sitta cinnamoventris,2015,6.68248128890991
Sitta formosa,2015,6.37981414794922
Sitta villosa,2015,3.99741148948669
Sittiparus varius,2015,3.91069674491882
Spilopelia chinensis,2015,6.1123423576355
Spilopelia senegalensis,2015,3.56552410125732
Spilornis cheela,2015,6.74972152709961
Spinus spinus,2015,2.34703898429871
Spizixos semitorques,2015,6.38131046295166
Spodiopsar cineraceus,2015,3.57530355453491
Spodiopsar sericeus,2015,6.72783470153809
Stachyris humei,2015,5.66118717193604
Staphida torqueola,2015,6.70793771743774
Streptopelia decaocto,2015,4.39206123352051
Sturnia sinensis,2015,7.15209865570068
Sturnus vulgaris,2015,3.82446360588074
Suthora fulvifrons,2015,4.68202114105225
Syrmaticus humiae,2015,6.6710000038147
Syrmaticus reevesii,2015,5.94038009643555
Syrrhaptes paradoxus,2015,3.59311056137085
Tarsiger chrysaeus,2015,4.16040706634522
Tarsiger indicus,2015,4.74008989334106
Temnurus temnurus,2015,8.40341091156006
Tephrodornis virgatus,2015,7.26228952407837
Thalasseus bergii,2015,7.97744226455689
Timalia pileata,2015,7.18679094314575
Tragopan caboti,2015,7.01682853698731
Tragopan temminckii,2015,5.53264617919922
Treron curvirostra,2015,7.09799480438232
Treron sieboldii,2015,6.82692384719849
Treron sphenurus,2015,6.02329921722412
Turdus boulboul,2015,6.7410740852356
Turdus cardis,2015,6.12089967727661
Turdus feae,2015,4.30012369155884
Turdus mandarinus,2015,6.0745997428894
Turdus pilaris,2015,2.11196374893188
Turdus rubrocanus,2015,3.86388635635376
Turdus ruficollis,2015,3.37695288658142
Turdus viscivorus,2015,3.75546956062317
Turnix suscitator,2015,6.89615774154663
Tyto longimembris,2015,6.84123468399048
Urile pelagicus,2015,5.13296794891357
Urosphena squameiceps,2015,3.35685133934021
Vanellus cinereus,2015,3.41950869560242
Vanellus indicus,2015,6.83165836334229
Vanellus vanellus,2015,3.24679088592529
Yuhina nigrimenta,2015,6.14049196243286
Zoothera dixoni,2015,5.20363330841065
Zoothera mollissima,2015,3.08501982688904
Zoothera monticola,2015,5.50566530227661
Zosterops erythropleurus,2015,3.63008880615234
Abroscopus albogularis,2016,6.73587036132813
Accipiter gularis,2016,3.00446820259094
Accipiter soloensis,2016,6.06103181838989
Accipiter trivirgatus,2016,7.52905988693237
Accipiter virgatus,2016,6.18202066421509
Acridotheres cristatellus,2016,6.49359178543091
Acridotheres tristis,2016,5.69205760955811
Acrocephalus agricola,2016,4.34420156478882
Acrocephalus bistrigiceps,2016,4.05980157852173
Acrocephalus concinens,2016,5.79144334793091
Acrocephalus orientalis,2016,4.16586828231812
Acrocephalus tangorum,2016,3.3583710193634
Aegithalos bonvaloti,2016,4.26922130584717
Aegithalos caudatus,2016,2.91821813583374
Aegithalos concinnus,2016,6.39547729492188
Aegithalos fuliginosus,2016,4.91889238357544
Aerodramus brevirostris,2016,5.79913854598999
Aethopyga christinae,2016,8.43293476104736
Aethopyga gouldiae,2016,5.17189455032349
Agropsar sturninus,2016,3.60880875587463
Aix galericulata,2016,3.25955748558044
Alauda gulgula,2016,4.80682706832886
Alaudala cheleensis,2016,3.76893448829651
Alcedo hercules,2016,7.2887716293335
Alcippe morrisonia,2016,6.50221252441406
Amaurornis phoenicurus,2016,6.41094827651978
Anastomus oscitans,2016,6.38855457305908
Anser anser,2016,3.08753418922424
Anser fabalis,2016,2.21393823623657
Anser indicus,2016,2.81921458244324
Anthus godlewskii,2016,2.66888332366943
Anthus gustavi,2016,2.96787786483765
Anthus richardi,2016,4.53723621368408
Anthus roseatus,2016,3.39646148681641
Anthus trivialis,2016,3.10061192512512
Aquila fasciata,2016,7.25470542907715
Aquila heliaca,2016,2.70345091819763
Ardea intermedia,2016,6.63727235794067
Ardea purpurea,2016,5.85606288909912
Ardenna pacifica,2016,7.85465478897095
Artamus fuscus,2016,7.46036338806152
Asio flammeus,2016,2.58211541175842
Athene noctua,2016,3.44086265563965
Aviceda jerdoni,2016,7.54249477386475
Aviceda leuphotes,2016,6.37878656387329
Aythya fuligula,2016,2.55260801315308
Aythya nyroca,2016,3.48295378684998
Bombycilla japonica,2016,1.57835209369659
Branta canadensis,2016,4.38943004608154
Bubo nipalensis,2016,5.21609401702881
Bucanetes mongolicus,2016,3.83299160003662
Butastur indicus,2016,3.38710403442383
Cacomantis merulinus,2016,7.17501878738403
Calandrella brachydactyla,2016,3.99502491950989
Calliope obscura,2016,4.62164640426636
Caprimulgus macrurus,2016,7.59292507171631
Carpodacus roborowskii,2016,1.50710678100586
Carpodacus vinaceus,2016,5.70862007141113
Cecropis daurica,2016,4.70521688461304
Centropus bengalensis,2016,7.05602025985718
Cephalopyrus flammiceps,2016,5.19354295730591
Certhia familiaris,2016,3.47231364250183
Certhia himalayana,2016,4.747230052948
Certhia tianquanensis,2016,4.43314123153687
Ceryle rudis,2016,6.79730796813965
Cettia brunnifrons,2016,4.64922618865967
Cettia castaneocoronata,2016,5.37077379226685
Chalcophaps indica,2016,7.4791202545166
Charadrius atrifrons,2016,2.53356027603149
Charadrius dealbatus,2016,7.98983526229858
Charadrius placidus,2016,4.09237194061279
Charadrius veredus,2016,2.70632410049439
Chlidonias leucopterus,2016,3.29770302772522
Chlidonias niger,2016,3.32417917251587
Chloris ambigua,2016,5.76401948928833
Chloris sinica,2016,4.93938255310059
Chrysolophus pictus,2016,5.4871301651001
Ciconia boyciana,2016,3.2323203086853
Ciconia nigra,2016,3.90206122398376
Circaetus gallicus,2016,4.10104560852051
Circus macrourus,2016,3.17246651649475
Circus spilonotus,2016,2.67332530021668
Cisticola exilis,2016,6.97523784637451
Cisticola juncidis,2016,6.39529180526733
Clamator coromandus,2016,6.55722999572754
Clanga clanga,2016,2.78925085067749
Columba oenas,2016,3.14198637008667
Copsychus saularis,2016,6.47004270553589
Coracias garrulus,2016,3.09558200836182
Coturnicops exquisitus,2016,2.30920219421387
Crex crex,2016,3.07029938697815
Crossoptilon mantchuricum,2016,4.43049097061157
Curruca curruca,2016,3.78091955184937
Cyanistes cyanus,2016,2.63477802276611
Cyanoderma pyrrhops,2016,5.45305824279785
Cygnus cygnus,2016,2.88932061195374
Cygnus olor,2016,3.22574949264526
Cyornis glaucicomans,2016,6.19953966140747
Cyornis hainanus,2016,7.71954107284546
Cyornis rubeculoides,2016,6.47713756561279
Delichon dasypus,2016,4.22088527679443
Dendrocitta formosae,2016,6.67115497589111
Dendrocopos hyperythrus,2016,4.41861057281494
Dendrocygna javanica,2016,6.90186405181885
Dicaeum cruentatum,2016,7.08249759674072
Dicaeum ignipectus,2016,6.29550313949585
Dicaeum minullum,2016,6.07272338867188
Dicrurus annectens,2016,7.28824234008789
Dicrurus hottentottus,2016,6.1334753036499
Dicrurus remifer,2016,6.72079992294312
Egretta eulophotes,2016,4.89122152328491
Egretta garzetta,2016,5.60981416702271
Elachura formosa,2016,6.31948757171631
Elanus caeruleus,2016,7.43140125274658
Emberiza buchanani,2016,2.83286023139954
Emberiza citrinella,2016,2.79419445991516
Emberiza elegans,2016,4.54212236404419
Emberiza godlewskii,2016,3.57848310470581
Emberiza hortulana,2016,3.41397738456726
Emberiza leucocephalos,2016,2.44842648506165
Emberiza pallasi,2016,1.66128349304199
Emberiza pusilla,2016,2.96477389335632
Emberiza rustica,2016,1.29302632808685
Emberiza siemsseni,2016,4.95416784286499
Emberiza yessoensis,2016,2.9716112613678
Enicurus leschenaulti,2016,6.14395570755005
Enicurus maculatus,2016,6.72919368743897
Enicurus schistaceus,2016,6.67476654052734
Erpornis zantholeuca,2016,6.85790252685547
Erythrogenys hypoleucos,2016,7.32684564590454
Eudynamys scolopaceus,2016,6.483971118927
Eumyias thalassinus,2016,5.95978736877441
Falco cherrug,2016,3.23042440414429
Falco severus,2016,6.80267381668091
Ficedula albicilla,2016,1.68895828723907
Ficedula elisae,2016,4.31791210174561
Ficedula erithacus,2016,4.26589441299439
Ficedula hyperythra,2016,6.36480617523193
Ficedula mugimaki,2016,2.91143393516541
Ficedula strophiata,2016,5.64660263061523
Ficedula superciliaris,2016,3.69185185432434
Ficedula tricolor,2016,5.31290006637573
Fringilla coelebs,2016,1.4897381067276
Fringilla montifringilla,2016,1.80492007732391
Galerida cristata,2016,4.13531541824341
Gallicrex cinerea,2016,5.86931800842285
Garrulax maesi,2016,6.64932107925415
Garrulax monileger,2016,7.18223333358765
Gavia arctica,2016,3.126380443573
Gelochelidon nilotica,2016,4.45219898223877
Geokichla citrina,2016,6.80656003952026
Glaucidium cuculoides,2016,6.58840370178223
Gorsachius melanolophus,2016,7.7855339050293
Gracupica nigricollis,2016,6.86963605880737
Grandala coelicolor,2016,2.51049256324768
Grus japonensis,2016,2.90787434577942
Grus monacha,2016,2.16290616989136
Grus nigricollis,2016,1.8758442401886
Gypaetus barbatus,2016,2.77929425239563
Gyps himalayensis,2016,2.83299326896668
Halcyon coromanda,2016,4.68124151229858
Halcyon pileata,2016,5.86220169067383
Halcyon smyrnensis,2016,7.80765390396118
Haliaeetus leucoryphus,2016,5.81410074234009
Harpactes wardi,2016,4.54146194458008
Helopsaltes certhiola,2016,3.60266995429993
Helopsaltes pryeri,2016,4.02726268768311
Hemiprocne coronata,2016,6.51350116729736
Hemitesia pallidipes,2016,6.54474258422852
Hemixos castanonotus,2016,7.19482851028442
Heterophasia desgodinsi,2016,6.24138164520264
Heteroxenicus stellatus,2016,4.9836220741272
Hieraaetus pennatus,2016,2.13223457336426
Hierococcyx nisicolor,2016,6.64451885223389
Hirundapus caudacutus,2016,3.2716588973999
Hirundo rustica,2016,4.11528921127319
Histrionicus histrionicus,2016,2.85850715637207
Hydrocoloeus minutus,2016,4.91417169570923
Hydrophasianus chirurgus,2016,6.66326522827148
Hydroprogne caspia,2016,5.9338698387146
Hypothymis azurea,2016,6.70585870742798
Hypsipetes leucocephalus,2016,6.1847677230835
Ianthocincla lunulata,2016,5.03902387619019
Ibidorhyncha struthersii,2016,3.16865229606628
Ictinaetus malaiensis,2016,6.88559198379517
Iduna caligata,2016,3.04362058639526
Indicator xanthonotus,2016,5.38687801361084
Ixobrychus cinnamomeus,2016,6.25513792037964
Ixobrychus eurhythmus,2016,4.81865453720093
Ixobrychus minutus,2016,3.55938982963562
Ixos mcclellandii,2016,6.78458309173584
Ketupa flavipes,2016,6.68807125091553
Lalage melaschistos,2016,6.09408569335938
Lanius borealis,2016,2.78290462493897
Lanius collurioides,2016,7.0367169380188
Lanius isabellinus,2016,3.60970234870911
Lanius schach,2016,5.97274446487427
Lanius sphenocercus,2016,3.33424615859985
Lanius tephronotus,2016,3.57924127578735
Larus crassirostris,2016,6.35471820831299
Larvivora brunnea,2016,4.11023426055908
Larvivora cyane,2016,2.57086253166199
Leptopoecile elegans,2016,2.77115988731384
Leptoptilos javanicus,2016,6.61401462554932
Limnodromus semipalmatus,2016,2.45327568054199
Limosa limosa,2016,2.68120932579041
Linaria cannabina,2016,3.5507025718689
Locustella davidi,2016,2.56389498710632
Locustella mandelli,2016,6.61537647247315
Lonchura striata,2016,6.91367053985596
Lophotriorchis kienerii,2016,7.78126430511475
Lophura leucomelanos,2016,4.97800779342651
Lophura nycthemera,2016,6.99991130828857
Loxia curvirostra,2016,2.80758285522461
Macropygia unchall,2016,6.4274492263794
Mareca falcata,2016,2.20107579231262
Megaceryle lugubris,2016,6.21088171005249
Melanitta fusca,2016,2.5850818157196
Melanitta stejnegeri,2016,1.2506822347641
Melanochlora sultanea,2016,6.9114031791687
Mergus serrator,2016,2.60741472244263
Merops philippinus,2016,6.93885135650635
Mixornis gularis,2016,6.51784801483154
Monticola gularis,2016,2.93916845321655
Monticola rufiventris,2016,6.2202296257019
Monticola solitarius,2016,5.13096714019775
Motacilla citreola,2016,3.08131241798401
Moupinia poecilotis,2016,3.91046738624573
Muscicapa dauurica,2016,2.74793410301209
Muscicapa ferruginea,2016,5.53986406326294
Muscicapa muttui,2016,6.54519319534302
Mycerobas affinis,2016,3.59330296516418
Mycerobas carnipes,2016,3.12991666793823
Myiomela leucura,2016,6.13085699081421
Myophonus caeruleus,2016,5.54691982269287
Netta rufina,2016,3.74403738975525
Niltava davidi,2016,6.48153734207153
Niltava grandis,2016,6.22067785263062
Niltava macgrigoriae,2016,6.63178443908691
Niltava sundara,2016,5.24313068389893
Ninox japonica,2016,5.20542192459106
Nipponia nippon,2016,5.7415452003479
Nisaetus nipalensis,2016,6.38763475418091
Numenius madagascariensis,2016,2.46474027633667
Nycticorax nycticorax,2016,6.03815841674805
Oenanthe deserti,2016,3.28636169433594
Oenanthe oenanthe,2016,3.52864909172058
Onychoprion anaethetus,2016,7.72451734542847
Oriolus oriolus,2016,3.36412167549133
Otus lettia,2016,6.77413177490234
Otus semitorques,2016,4.31571769714355
Otus spilocephalus,2016,6.51434183120728
Oxyura leucocephala,2016,4.09926891326904
Panurus biarmicus,2016,3.56606483459473
Paradoxornis guttaticollis,2016,6.55640172958374
Paradoxornis heudei,2016,5.46219396591187
Parayuhina diademata,2016,5.66066741943359
Pardaliparus venustulus,2016,5.81050682067871
Parus monticolus,2016,5.59456062316895
Passer cinnamomeus,2016,5.62977075576782
Passer domesticus,2016,2.68897414207459
Passer hispaniolensis,2016,3.72180008888245
Pelecanus crispus,2016,2.75641179084778
Pellorneum tickelli,2016,7.03131866455078
Perdix hodgsoniae,2016,2.06794261932373
Pericrocotus cantonensis,2016,6.52395963668823
Pericrocotus divaricatus,2016,2.94458889961243
Pericrocotus ethologus,2016,4.93341493606567
Pericrocotus solaris,2016,6.85517692565918
Periparus rubidiventris,2016,2.70788431167603
Pernis ptilorhynchus,2016,3.21638894081116
Phasianus colchicus,2016,4.51345062255859
Phoenicurus erythronotus,2016,3.74784922599793
Phoenicurus frontalis,2016,3.65348958969116
Phoenicurus leucocephalus,2016,4.37898731231689
Phoenicurus ochruros,2016,3.36984300613403
Phoenicurus schisticeps,2016,3.20196485519409
Phylloscopus affinis,2016,3.76165890693665
Phylloscopus burkii,2016,3.13198041915894
Phylloscopus cantator,2016,6.23965406417847
Phylloscopus castaniceps,2016,6.39378547668457
Phylloscopus claudiae,2016,4.92412662506104
Phylloscopus coronatus,2016,4.01707077026367
Phylloscopus emeiensis,2016,5.51266050338745
Phylloscopus intermedius,2016,5.88915538787842
Phylloscopus magnirostris,2016,4.04776811599731
Phylloscopus ogilviegranti,2016,6.82891941070557
Phylloscopus omeiensis,2016,4.98311042785645
Phylloscopus pulcher,2016,4.39441347122192
Phylloscopus ricketti,2016,6.24006462097168
Phylloscopus soror,2016,5.82845735549927
Phylloscopus subaffinis,2016,5.30754804611206
Phylloscopus tenellipes,2016,3.49939513206482
Phylloscopus tephrocephalus,2016,5.40293169021606
Phylloscopus yunnanensis,2016,4.46952724456787
Picumnus innominatus,2016,6.23627710342407
Picus chlorolophus,2016,6.95371913909912
Pitta nympha,2016,6.78016471862793
Platalea minor,2016,4.83278274536133
Pnoepyga immaculata,2016,3.91387939453125
Podiceps auritus,2016,2.5691032409668
Podiceps grisegena,2016,2.74480748176575
Podiceps nigricollis,2016,3.27605175971985
Podoces biddulphi,2016,5.53817224502564
Pomatorhinus schisticeps,2016,6.54822206497192
Pomatorhinus superciliaris,2016,6.21846866607666
Prinia atrogularis,2016,5.73984670639038
Prinia flaviventris,2016,7.10225677490234
Prinia inornata,2016,6.84644460678101
Prunella collaris,2016,2.71980738639832
Prunella himalayana,2016,2.44756674766541
Prunella immaculata,2016,3.02730536460876
Prunella montanella,2016,1.38296461105347
Prunella strophiata,2016,3.65283298492432
Psarisomus dalhousiae,2016,6.62728595733643
Pseudopodoces humilis,2016,1.98079001903534
Psilopogon faber,2016,7.18404579162598
Psilopogon virens,2016,6.4938325881958
Pterorhinus berthemyi,2016,6.37565517425537
Pterorhinus lanceolatus,2016,5.90538597106934
Pterorhinus pectoralis,2016,6.52515745162964
Pterorhinus sannio,2016,6.5256199836731
Pteruthius rufiventer,2016,5.74514579772949
Pteruthius xanthochlorus,2016,4.96459770202637
Ptyonoprogne rupestris,2016,3.85554814338684
Pycnonotus aurigaster,2016,6.80255842208862
Pycnonotus jocosus,2016,6.92092704772949
Pycnonotus sinensis,2016,6.19264888763428
Pycnonotus xanthorrhous,2016,6.11888027191162
Pyrrhula erythaca,2016,4.66373777389526
Pyrrhula nipalensis,2016,6.09132623672485
Rallina eurizonoides,2016,7.40680885314941
Rallus aquaticus,2016,3.21133518218994
Recurvirostra avosetta,2016,2.73051333427429
Regulus regulus,2016,4.20757246017456
Remiz consobrinus,2016,3.17709732055664
Remiz coronatus,2016,3.1685471534729
Rhodospiza obsoleta,2016,3.89459252357483
Rubigula flaviventris,2016,7.04057788848877
Sasia ochracea,2016,7.10295152664185
Saxicola ferreus,2016,6.07887411117554
Sitta cinnamoventris,2016,6.61169052124023
Sitta formosa,2016,6.32149839401245
Sitta villosa,2016,3.98949265480042
Sittiparus varius,2016,3.88363432884216
Spilopelia chinensis,2016,6.13017702102661
Spilopelia senegalensis,2016,3.63023591041565
Spilornis cheela,2016,6.74820852279663
Spinus spinus,2016,2.11610293388367
Spizixos semitorques,2016,6.42566919326782
Spodiopsar cineraceus,2016,3.4891505241394
Spodiopsar sericeus,2016,6.77110290527344
Stachyris humei,2016,5.68163871765137
Staphida torqueola,2016,6.73301315307617
Streptopelia decaocto,2016,4.42635154724121
Sturnia sinensis,2016,7.18181896209717
Sturnus vulgaris,2016,3.85305905342102
Suthora fulvifrons,2016,4.6708984375
Syrmaticus humiae,2016,6.5841236114502
Syrmaticus reevesii,2016,5.97984838485718
Syrrhaptes paradoxus,2016,3.50008106231689
Tarsiger chrysaeus,2016,4.14092493057251
Tarsiger indicus,2016,4.70292091369629
Temnurus temnurus,2016,8.30184364318848
Tephrodornis virgatus,2016,7.274329662323
Thalasseus bergii,2016,7.97867822647095
Timalia pileata,2016,7.16874170303345
Tragopan caboti,2016,7.05445671081543
Tragopan temminckii,2016,5.54057168960571
Treron curvirostra,2016,7.02655839920044
Treron sieboldii,2016,6.87360191345215
Treron sphenurus,2016,5.97091722488403
Turdus boulboul,2016,6.6938591003418
Turdus cardis,2016,6.18247222900391
Turdus feae,2016,4.28226709365845
Turdus mandarinus,2016,6.10977220535278
Turdus pilaris,2016,1.90136611461639
Turdus rubrocanus,2016,3.89513564109802
Turdus ruficollis,2016,3.39736270904541
Turdus viscivorus,2016,3.77727651596069
Turnix suscitator,2016,6.86391592025757
Tyto longimembris,2016,6.85618352890015
Urile pelagicus,2016,5.1051778793335
Urosphena squameiceps,2016,3.28260731697083
Vanellus cinereus,2016,3.25554394721985
Vanellus indicus,2016,6.74537420272827
Vanellus vanellus,2016,3.12423753738403
Yuhina nigrimenta,2016,6.14876556396484
Zoothera dixoni,2016,5.16002941131592
Zoothera mollissima,2016,3.09897994995117
Zoothera monticola,2016,5.52223777770996
Zosterops erythropleurus,2016,3.51207685470581
Abroscopus albogularis,2017,6.71112298965454
Accipiter gularis,2017,3.11707997322083
Accipiter soloensis,2017,6.07228803634644
Accipiter trivirgatus,2017,7.49197959899902
Accipiter virgatus,2017,6.15765810012817
Acridotheres cristatellus,2017,6.48869562149048
Acridotheres tristis,2017,5.61985063552856
Acrocephalus agricola,2017,4.23939371109009
Acrocephalus bistrigiceps,2017,4.16077566146851
Acrocephalus concinens,2017,5.84970951080322
Acrocephalus orientalis,2017,4.26552438735962
Acrocephalus tangorum,2017,3.45704674720764
Aegithalos bonvaloti,2017,4.25971078872681
Aegithalos caudatus,2017,3.01758360862732
Aegithalos concinnus,2017,6.38792228698731
Aegithalos fuliginosus,2017,4.89595222473145
Aerodramus brevirostris,2017,5.77051687240601
Aethopyga christinae,2017,8.42831611633301
Aethopyga gouldiae,2017,5.14905071258545
Agropsar sturninus,2017,3.7067244052887
Aix galericulata,2017,3.36437463760376
Alauda gulgula,2017,4.80339622497559
Alaudala cheleensis,2017,3.78298091888428
Alcedo hercules,2017,7.25501871109009
Alcippe morrisonia,2017,6.49075698852539
Amaurornis phoenicurus,2017,6.40584421157837
Anastomus oscitans,2017,6.3343997001648
Anser anser,2017,3.14261603355408
Anser fabalis,2017,2.36563062667847
Anser indicus,2017,2.70367574691772
Anthus godlewskii,2017,2.84114766120911
Anthus gustavi,2017,3.13699102401733
Anthus richardi,2017,4.58853197097778
Anthus roseatus,2017,3.36027884483337
Anthus trivialis,2017,3.03101253509522
Aquila fasciata,2017,7.2609395980835
Aquila heliaca,2017,2.7124388217926
Ardea intermedia,2017,6.62774705886841
Ardea purpurea,2017,5.88889884948731
Ardenna pacifica,2017,7.85636043548584
Artamus fuscus,2017,7.42812919616699
Asio flammeus,2017,2.64028143882751
Athene noctua,2017,3.44547843933105
Aviceda jerdoni,2017,7.50974273681641
Aviceda leuphotes,2017,6.35632610321045
Aythya fuligula,2017,2.69284057617188
Aythya nyroca,2017,3.46814393997192
Bombycilla japonica,2017,1.74498093128204
Branta canadensis,2017,4.47848463058472
Bubo nipalensis,2017,5.18205881118774
Bucanetes mongolicus,2017,3.86633992195129
Butastur indicus,2017,3.48524498939514
Cacomantis merulinus,2017,7.15134239196777
Calandrella brachydactyla,2017,3.96856617927551
Calliope obscura,2017,4.59725284576416
Caprimulgus macrurus,2017,7.56220483779907
Carpodacus roborowskii,2017,1.50301265716553
Carpodacus vinaceus,2017,5.67959880828857
Cecropis daurica,2017,4.74113655090332
Centropus bengalensis,2017,7.04828262329102
Cephalopyrus flammiceps,2017,5.19560766220093
Certhia familiaris,2017,3.53881192207336
Certhia himalayana,2017,4.73286724090576
Certhia tianquanensis,2017,4.40433359146118
Ceryle rudis,2017,6.79076528549194
Cettia brunnifrons,2017,4.63406038284302
Cettia castaneocoronata,2017,5.33624076843262
Chalcophaps indica,2017,7.44920158386231
Charadrius atrifrons,2017,2.48998498916626
Charadrius dealbatus,2017,7.98478937149048
Charadrius placidus,2017,4.17497682571411
Charadrius veredus,2017,2.88045310974121
Chlidonias leucopterus,2017,3.40486407279968
Chlidonias niger,2017,3.23586392402649
Chloris ambigua,2017,5.718177318573
Chloris sinica,2017,4.98606395721436
Chrysolophus pictus,2017,5.4631838798523
Ciconia boyciana,2017,3.36886501312256
Ciconia nigra,2017,3.94969868659973
Circaetus gallicus,2017,4.11024236679077
Circus macrourus,2017,3.11105513572693
Circus spilonotus,2017,2.80971431732178
Cisticola exilis,2017,6.95941114425659
Cisticola juncidis,2017,6.40169906616211
Clamator coromandus,2017,6.5577974319458
Clanga clanga,2017,2.88862919807434
Columba oenas,2017,2.94208383560181
Copsychus saularis,2017,6.46161985397339
Coracias garrulus,2017,2.92814636230469
Coturnicops exquisitus,2017,2.45360660552979
Crex crex,2017,2.93442893028259
Crossoptilon mantchuricum,2017,4.52019786834717
Curruca curruca,2017,3.72977256774902
Cyanistes cyanus,2017,2.66727638244629
Cyanoderma pyrrhops,2017,5.36565208435059
Cygnus cygnus,2017,3.01871061325073
Cygnus olor,2017,3.28235006332397
Cyornis glaucicomans,2017,6.16270589828491
Cyornis hainanus,2017,7.69243335723877
Cyornis rubeculoides,2017,6.5057487487793
Delichon dasypus,2017,4.21606016159058
Dendrocitta formosae,2017,6.66173458099365
Dendrocopos hyperythrus,2017,4.43397235870361
Dendrocygna javanica,2017,6.89501142501831
Dicaeum cruentatum,2017,7.06070613861084
Dicaeum ignipectus,2017,6.28163576126099
Dicaeum minullum,2017,6.0506272315979
Dicrurus annectens,2017,7.23984098434448
Dicrurus hottentottus,2017,6.14167785644531
Dicrurus remifer,2017,6.67300271987915
Egretta eulophotes,2017,4.88295984268189
Egretta garzetta,2017,5.6139121055603
Elachura formosa,2017,6.28107404708862
Elanus caeruleus,2017,7.41368627548218
Emberiza buchanani,2017,2.75108671188355
Emberiza citrinella,2017,2.94458222389221
Emberiza elegans,2017,4.5843653678894
Emberiza godlewskii,2017,3.59493637084961
Emberiza hortulana,2017,3.48455095291138
Emberiza leucocephalos,2017,2.49284434318543
Emberiza pallasi,2017,1.81113994121552
Emberiza pusilla,2017,3.08007526397705
Emberiza rustica,2017,1.51780664920807
Emberiza siemsseni,2017,4.93999767303467
Emberiza yessoensis,2017,3.09030413627625
Enicurus leschenaulti,2017,6.13626098632813
Enicurus maculatus,2017,6.69138383865356
Enicurus schistaceus,2017,6.64712524414063
Erpornis zantholeuca,2017,6.83019256591797
Erythrogenys hypoleucos,2017,7.29191780090332
Eudynamys scolopaceus,2017,6.48099517822266
Eumyias thalassinus,2017,5.9387698173523
Falco cherrug,2017,3.20347595214844
Falco severus,2017,6.76906490325928
Ficedula albicilla,2017,1.8778932094574
Ficedula elisae,2017,4.42210388183594
Ficedula erithacus,2017,4.24352693557739
Ficedula hyperythra,2017,6.32504606246948
Ficedula mugimaki,2017,3.02591872215271
Ficedula strophiata,2017,5.61820459365845
Ficedula superciliaris,2017,3.67119717597961
Ficedula tricolor,2017,5.28436040878296
Fringilla coelebs,2017,1.71144843101501
Fringilla montifringilla,2017,2.00461840629578
Galerida cristata,2017,4.18993043899536
Gallicrex cinerea,2017,5.89009809494019
Garrulax maesi,2017,6.61352157592773
Garrulax monileger,2017,7.16315317153931
Gavia arctica,2017,3.09027314186096
Gelochelidon nilotica,2017,4.40395450592041
Geokichla citrina,2017,6.79169273376465
Glaucidium cuculoides,2017,6.58018302917481
Gorsachius melanolophus,2017,7.74848461151123
Gracupica nigricollis,2017,6.84201335906982
Grandala coelicolor,2017,2.50399160385132
Grus japonensis,2017,3.07412123680115
Grus monacha,2017,2.37258744239807
Grus nigricollis,2017,1.81720793247223
Gypaetus barbatus,2017,2.72863006591797
Gyps himalayensis,2017,2.7920298576355
Halcyon coromanda,2017,4.68523645401001
Halcyon pileata,2017,5.88313961029053
Halcyon smyrnensis,2017,7.80759811401367
Haliaeetus leucoryphus,2017,5.83096599578857
Harpactes wardi,2017,4.56515884399414
Helopsaltes certhiola,2017,3.64412808418274
Helopsaltes pryeri,2017,4.1303653717041
Hemiprocne coronata,2017,6.50109720230103
Hemitesia pallidipes,2017,6.49153900146484
Hemixos castanonotus,2017,7.17683172225952
Heterophasia desgodinsi,2017,6.19111299514771
Heteroxenicus stellatus,2017,4.99187612533569
Hieraaetus pennatus,2017,2.16470885276794
Hierococcyx nisicolor,2017,6.62142133712769
Hirundapus caudacutus,2017,3.32187366485596
Hirundo rustica,2017,4.11820840835571
Histrionicus histrionicus,2017,3.03326153755188
Hydrocoloeus minutus,2017,4.77493095397949
Hydrophasianus chirurgus,2017,6.65060567855835
Hydroprogne caspia,2017,5.94576501846314
Hypothymis azurea,2017,6.67417764663696
Hypsipetes leucocephalus,2017,6.17588949203491
Ianthocincla lunulata,2017,5.01824283599854
Ibidorhyncha struthersii,2017,3.14949107170105
Ictinaetus malaiensis,2017,6.8760404586792
Iduna caligata,2017,3.14039206504822
Indicator xanthonotus,2017,5.41834449768066
Ixobrychus cinnamomeus,2017,6.27153921127319
Ixobrychus eurhythmus,2017,4.89492321014404
Ixobrychus minutus,2017,3.41985654830933
Ixos mcclellandii,2017,6.76588821411133
Ketupa flavipes,2017,6.69162702560425
Lalage melaschistos,2017,6.10121583938599
Lanius borealis,2017,2.821044921875
Lanius collurioides,2017,6.99293184280396
Lanius isabellinus,2017,3.62043571472168
Lanius schach,2017,5.9684591293335
Lanius sphenocercus,2017,3.44387102127075
Lanius tephronotus,2017,3.5649778842926
Larus crassirostris,2017,6.3555212020874
Larvivora brunnea,2017,4.10134887695313
Larvivora cyane,2017,2.68967962265015
Leptopoecile elegans,2017,2.78200721740723
Leptoptilos javanicus,2017,6.54793643951416
Limnodromus semipalmatus,2017,2.59712409973145
Limosa limosa,2017,2.76082897186279
Linaria cannabina,2017,3.52027273178101
Locustella davidi,2017,2.68081045150757
Locustella mandelli,2017,6.58790826797485
Lonchura striata,2017,6.90684795379639
Lophotriorchis kienerii,2017,7.78143262863159
Lophura leucomelanos,2017,4.98991346359253
Lophura nycthemera,2017,6.95921182632446
Loxia curvirostra,2017,2.85275411605835
Macropygia unchall,2017,6.39864206314087
Mareca falcata,2017,2.35096740722656
Megaceryle lugubris,2017,6.2271785736084
Melanitta fusca,2017,2.82188749313355
Melanitta stejnegeri,2017,1.41705811023712
Melanochlora sultanea,2017,6.88299989700317
Mergus serrator,2017,2.740389585495
Merops philippinus,2017,6.89347553253174
Mixornis gularis,2017,6.46419382095337
Monticola gularis,2017,3.05453610420227
Monticola rufiventris,2017,6.20537567138672
Monticola solitarius,2017,5.14297962188721
Motacilla citreola,2017,3.05715680122376
Moupinia poecilotis,2017,3.89120173454285
Muscicapa dauurica,2017,2.87368774414063
Muscicapa ferruginea,2017,5.50825262069702
Muscicapa muttui,2017,6.49907827377319
Mycerobas affinis,2017,3.58552074432373
Mycerobas carnipes,2017,3.08433556556702
Myiomela leucura,2017,6.10127544403076
Myophonus caeruleus,2017,5.54415512084961
Netta rufina,2017,3.69882321357727
Niltava davidi,2017,6.45347309112549
Niltava grandis,2017,6.1958532333374
Niltava macgrigoriae,2017,6.58474111557007
Niltava sundara,2017,5.21428346633911
Ninox japonica,2017,5.27170467376709
Nipponia nippon,2017,5.73315095901489
Nisaetus nipalensis,2017,6.35773277282715
Numenius madagascariensis,2017,2.61330485343933
Nycticorax nycticorax,2017,6.06009674072266
Oenanthe deserti,2017,3.23364806175232
Oenanthe oenanthe,2017,3.5799446105957
Onychoprion anaethetus,2017,7.68475341796875
Oriolus oriolus,2017,3.31454420089722
Otus lettia,2017,6.76566410064697
Otus semitorques,2017,4.39041233062744
Otus spilocephalus,2017,6.50852251052856
Oxyura leucocephala,2017,3.91758990287781
Panurus biarmicus,2017,3.55397295951843
Paradoxornis guttaticollis,2017,6.52296304702759
Paradoxornis heudei,2017,5.54466676712036
Parayuhina diademata,2017,5.62484645843506
Pardaliparus venustulus,2017,5.82921504974365
Parus monticolus,2017,5.57013034820557
Passer cinnamomeus,2017,5.64468765258789
Passer domesticus,2017,2.68714189529419
Passer hispaniolensis,2017,3.59491848945618
Pelecanus crispus,2017,2.6946816444397
Pellorneum tickelli,2017,6.96272850036621
Perdix hodgsoniae,2017,2.04271340370178
Pericrocotus cantonensis,2017,6.51946544647217
Pericrocotus divaricatus,2017,3.06815576553345
Pericrocotus ethologus,2017,4.93737268447876
Pericrocotus solaris,2017,6.83319854736328
Periparus rubidiventris,2017,2.71135401725769
Pernis ptilorhynchus,2017,3.30477857589722
Phasianus colchicus,2017,4.55069351196289
Phoenicurus erythronotus,2017,3.62265658378601
Phoenicurus frontalis,2017,3.6423773765564
Phoenicurus leucocephalus,2017,4.38370275497437
Phoenicurus ochruros,2017,3.32779216766357
Phoenicurus schisticeps,2017,3.19794893264771
Phylloscopus affinis,2017,3.74714994430542
Phylloscopus burkii,2017,3.11379289627075
Phylloscopus cantator,2017,6.20921850204468
Phylloscopus castaniceps,2017,6.37457084655762
Phylloscopus claudiae,2017,4.94561147689819
Phylloscopus coronatus,2017,4.08492851257324
Phylloscopus emeiensis,2017,5.46276521682739
Phylloscopus intermedius,2017,5.90103626251221
Phylloscopus magnirostris,2017,4.0390567779541
Phylloscopus ogilviegranti,2017,6.79999017715454
Phylloscopus omeiensis,2017,4.96271228790283
Phylloscopus pulcher,2017,4.37604856491089
Phylloscopus ricketti,2017,6.23802995681763
Phylloscopus soror,2017,5.81917905807495
Phylloscopus subaffinis,2017,5.30506038665772
Phylloscopus tenellipes,2017,3.5737190246582
Phylloscopus tephrocephalus,2017,5.38751983642578
Phylloscopus yunnanensis,2017,4.51022481918335
Picumnus innominatus,2017,6.22944641113281
Picus chlorolophus,2017,6.93118047714233
Pitta nympha,2017,6.80294752120972
Platalea minor,2017,4.8112211227417
Pnoepyga immaculata,2017,3.90567064285278
Podiceps auritus,2017,2.52670240402222
Podiceps grisegena,2017,2.86490631103516
Podiceps nigricollis,2017,3.31053304672241
Podoces biddulphi,2017,5.35219049453735
Pomatorhinus schisticeps,2017,6.5848183631897
Pomatorhinus superciliaris,2017,6.198082447052
Prinia atrogularis,2017,5.77248859405518
Prinia flaviventris,2017,7.03056478500366
Prinia inornata,2017,6.83772897720337
Prunella collaris,2017,2.71131753921509
Prunella himalayana,2017,2.30928111076355
Prunella immaculata,2017,3.02286148071289
Prunella montanella,2017,1.54003036022186
Prunella strophiata,2017,3.65044331550598
Psarisomus dalhousiae,2017,6.58092880249023
Pseudopodoces humilis,2017,1.92621541023254
Psilopogon faber,2017,7.17144298553467
Psilopogon virens,2017,6.47814893722534
Pterorhinus berthemyi,2017,6.37397289276123
Pterorhinus lanceolatus,2017,5.88274621963501
Pterorhinus pectoralis,2017,6.52888011932373
Pterorhinus sannio,2017,6.50868797302246
Pteruthius rufiventer,2017,5.74680137634277
Pteruthius xanthochlorus,2017,4.95669031143189
Ptyonoprogne rupestris,2017,3.84276127815247
Pycnonotus aurigaster,2017,6.7806715965271
Pycnonotus jocosus,2017,6.89245748519898
Pycnonotus sinensis,2017,6.21457290649414
Pycnonotus xanthorrhous,2017,6.09728717803955
Pyrrhula erythaca,2017,4.65936470031738
Pyrrhula nipalensis,2017,6.07184982299805
Rallina eurizonoides,2017,7.35739994049072
Rallus aquaticus,2017,3.10869264602661
Recurvirostra avosetta,2017,2.80652713775635
Regulus regulus,2017,4.20605850219727
Remiz consobrinus,2017,3.29561233520508
Remiz coronatus,2017,3.17300248146057
Rhodospiza obsoleta,2017,3.8807966709137
Rubigula flaviventris,2017,6.9825234413147
Sasia ochracea,2017,7.05206441879273
Saxicola ferreus,2017,6.07129573822022
Sitta cinnamoventris,2017,6.55761051177979
Sitta formosa,2017,6.2906174659729
Sitta villosa,2017,4.03892755508423
Sittiparus varius,2017,3.88508272171021
Spilopelia chinensis,2017,6.14196014404297
Spilopelia senegalensis,2017,3.44208955764771
Spilornis cheela,2017,6.73237323760986
Spinus spinus,2017,2.27209258079529
Spizixos semitorques,2017,6.42446565628052
Spodiopsar cineraceus,2017,3.58411908149719
Spodiopsar sericeus,2017,6.76992416381836
Stachyris humei,2017,5.71663904190064
Staphida torqueola,2017,6.71701002120972
Streptopelia decaocto,2017,4.41239976882935
Sturnia sinensis,2017,7.18062973022461
Sturnus vulgaris,2017,3.74021315574646
Suthora fulvifrons,2017,4.664626121521
Syrmaticus humiae,2017,6.5258321762085
Syrmaticus reevesii,2017,5.96317195892334
Syrrhaptes paradoxus,2017,3.58376526832581
Tarsiger chrysaeus,2017,4.14093923568726
Tarsiger indicus,2017,4.68567371368408
Temnurus temnurus,2017,8.28441429138184
Tephrodornis virgatus,2017,7.26211071014404
Thalasseus bergii,2017,7.98337554931641
Timalia pileata,2017,7.14192247390747
Tragopan caboti,2017,7.06092119216919
Tragopan temminckii,2017,5.51626300811768
Treron curvirostra,2017,6.98089504241943
Treron sieboldii,2017,6.88015413284302
Treron sphenurus,2017,5.92374563217163
Turdus boulboul,2017,6.63435745239258
Turdus cardis,2017,6.20881032943726
Turdus feae,2017,4.38351011276245
Turdus mandarinus,2017,6.11215877532959
Turdus pilaris,2017,2.05010175704956
Turdus rubrocanus,2017,3.88685131072998
Turdus ruficollis,2017,3.26944088935852
Turdus viscivorus,2017,3.68929362297058
Turnix suscitator,2017,6.83836460113525
Tyto longimembris,2017,6.85682916641235
Urile pelagicus,2017,5.10659122467041
Urosphena squameiceps,2017,3.32156920433044
Vanellus cinereus,2017,3.36969876289368
Vanellus indicus,2017,6.70545625686646
Vanellus vanellus,2017,3.2183780670166
Yuhina nigrimenta,2017,6.13086128234863
Zoothera dixoni,2017,5.12634801864624
Zoothera mollissima,2017,3.10015892982483
Zoothera monticola,2017,5.55216979980469
Zosterops erythropleurus,2017,3.59694504737854
Abroscopus albogularis,2018,6.70410537719727
Accipiter gularis,2018,3.07792520523071
Accipiter soloensis,2018,6.04723644256592
Accipiter trivirgatus,2018,7.47933769226074
Accipiter virgatus,2018,6.14797067642212
Acridotheres cristatellus,2018,6.46573257446289
Acridotheres tristis,2018,5.59294509887695
Acrocephalus agricola,2018,4.11059427261353
Acrocephalus bistrigiceps,2018,4.09272909164429
Acrocephalus concinens,2018,5.76347398757935
Acrocephalus orientalis,2018,4.19433116912842
Acrocephalus tangorum,2018,3.44836044311523
Aegithalos bonvaloti,2018,4.2531213760376
Aegithalos caudatus,2018,2.97534489631653
Aegithalos concinnus,2018,6.36382389068604
Aegithalos fuliginosus,2018,4.86245918273926
Aerodramus brevirostris,2018,5.76375150680542
Aethopyga christinae,2018,8.45993614196777
Aethopyga gouldiae,2018,5.13373279571533
Agropsar sturninus,2018,3.64371418952942
Aix galericulata,2018,3.34290456771851
Alauda gulgula,2018,4.76870107650757
Alaudala cheleensis,2018,3.6906566619873
Alcedo hercules,2018,7.23542499542236
Alcippe morrisonia,2018,6.47197008132935
Amaurornis phoenicurus,2018,6.38210010528565
Anastomus oscitans,2018,6.34607124328613
Anser anser,2018,3.0608446598053
Anser fabalis,2018,2.35386514663696
Anser indicus,2018,2.64834356307983
Anthus godlewskii,2018,2.75353240966797
Anthus gustavi,2018,3.11699795722961
Anthus richardi,2018,4.51446866989136
Anthus roseatus,2018,3.32112598419189
Anthus trivialis,2018,2.89166831970215
Aquila fasciata,2018,7.23118829727173
Aquila heliaca,2018,2.60762977600098
Ardea intermedia,2018,6.61014080047607
Ardea purpurea,2018,5.84033489227295
Ardenna pacifica,2018,7.81824922561646
Artamus fuscus,2018,7.42105340957642
Asio flammeus,2018,2.56990051269531
Athene noctua,2018,3.37259244918823
Aviceda jerdoni,2018,7.49432373046875
Aviceda leuphotes,2018,6.35142374038696
Aythya fuligula,2018,2.64175724983215
Aythya nyroca,2018,3.30194735527039
Bombycilla japonica,2018,1.718470454216
Branta canadensis,2018,4.34838485717773
Bubo nipalensis,2018,5.1740574836731
Bucanetes mongolicus,2018,3.73299789428711
Butastur indicus,2018,3.44802141189575
Cacomantis merulinus,2018,7.13913011550903
Calandrella brachydactyla,2018,3.79800820350647
Calliope obscura,2018,4.54294061660767
Caprimulgus macrurus,2018,7.5505895614624
Carpodacus roborowskii,2018,1.44516599178314
Carpodacus vinaceus,2018,5.66995048522949
Cecropis daurica,2018,4.69387817382813
Centropus bengalensis,2018,7.02431154251099
Cephalopyrus flammiceps,2018,5.1613974571228
Certhia familiaris,2018,3.45971989631653
Certhia himalayana,2018,4.71111965179443
Certhia tianquanensis,2018,4.3707127571106
Ceryle rudis,2018,6.76883172988892
Cettia brunnifrons,2018,4.61548900604248
Cettia castaneocoronata,2018,5.33233976364136
Chalcophaps indica,2018,7.43357992172241
Charadrius atrifrons,2018,2.43971228599548
Charadrius dealbatus,2018,7.96886205673218
Charadrius placidus,2018,4.11343622207642
Charadrius veredus,2018,2.80018091201782
Chlidonias leucopterus,2018,3.32581186294556
Chlidonias niger,2018,3.09063243865967
Chloris ambigua,2018,5.72250080108643
Chloris sinica,2018,4.93660545349121
Chrysolophus pictus,2018,5.45445346832275
Ciconia boyciana,2018,3.35671472549439
Ciconia nigra,2018,3.86208534240723
Circaetus gallicus,2018,3.92654657363892
Circus macrourus,2018,2.95153331756592
Circus spilonotus,2018,2.7801730632782
Cisticola exilis,2018,6.93813562393189
Cisticola juncidis,2018,6.36227416992188
Clamator coromandus,2018,6.52817344665527
Clanga clanga,2018,2.86383175849915
Columba oenas,2018,2.87983894348145
Copsychus saularis,2018,6.44252014160156
Coracias garrulus,2018,2.84407210350037
Coturnicops exquisitus,2018,2.44361734390259
Crex crex,2018,2.8351833820343
Crossoptilon mantchuricum,2018,4.4333324432373
Curruca curruca,2018,3.62716388702393
Cyanistes cyanus,2018,2.61259174346924
Cyanoderma pyrrhops,2018,5.35830163955689
Cygnus cygnus,2018,2.93708610534668
Cygnus olor,2018,3.22168254852295
Cyornis glaucicomans,2018,6.16794919967651
Cyornis hainanus,2018,7.68995428085327
Cyornis rubeculoides,2018,6.41733694076538
Delichon dasypus,2018,4.17862033843994
Dendrocitta formosae,2018,6.64375734329224
Dendrocopos hyperythrus,2018,4.40809679031372
Dendrocygna javanica,2018,6.87405633926392
Dicaeum cruentatum,2018,7.04820251464844
Dicaeum ignipectus,2018,6.26538515090942
Dicaeum minullum,2018,6.04170751571655
Dicrurus annectens,2018,7.2302508354187
Dicrurus hottentottus,2018,6.10801935195923
Dicrurus remifer,2018,6.66225814819336
Egretta eulophotes,2018,4.74225187301636
Egretta garzetta,2018,5.57333374023438
Elachura formosa,2018,6.27214431762695
Elanus caeruleus,2018,7.40060520172119
Emberiza buchanani,2018,2.60989809036255
Emberiza citrinella,2018,2.67029857635498
Emberiza elegans,2018,4.57044792175293
Emberiza godlewskii,2018,3.54109835624695
Emberiza hortulana,2018,3.23905301094055
Emberiza leucocephalos,2018,2.4416720867157
Emberiza pallasi,2018,1.77143359184265
Emberiza pusilla,2018,3.05697536468506
Emberiza rustica,2018,1.25531280040741
Emberiza siemsseni,2018,4.89645195007324
Emberiza yessoensis,2018,3.09008169174194
Enicurus leschenaulti,2018,6.1116156578064
Enicurus maculatus,2018,6.68730878829956
Enicurus schistaceus,2018,6.64067840576172
Erpornis zantholeuca,2018,6.81920337677002
Erythrogenys hypoleucos,2018,7.27283954620361
Eudynamys scolopaceus,2018,6.4564208984375
Eumyias thalassinus,2018,5.92947006225586
Falco cherrug,2018,3.12161684036255
Falco severus,2018,6.7660665512085
Ficedula albicilla,2018,1.82034814357758
Ficedula elisae,2018,4.30444622039795
Ficedula erithacus,2018,4.22302770614624
Ficedula hyperythra,2018,6.32831859588623
Ficedula mugimaki,2018,2.99300384521484
Ficedula strophiata,2018,5.6056399345398
Ficedula superciliaris,2018,3.65621328353882
Ficedula tricolor,2018,5.27945280075073
Fringilla coelebs,2018,1.45049858093262
Fringilla montifringilla,2018,1.72770023345947
Galerida cristata,2018,4.07727003097534
Gallicrex cinerea,2018,5.84298419952393
Garrulax maesi,2018,6.61980247497559
Garrulax monileger,2018,7.1469259262085
Gavia arctica,2018,2.96183919906616
Gelochelidon nilotica,2018,4.32356786727905
Geokichla citrina,2018,6.77430438995361
Glaucidium cuculoides,2018,6.55936241149902
Gorsachius melanolophus,2018,7.74597024917603
Gracupica nigricollis,2018,6.83632230758667
Grandala coelicolor,2018,2.4686279296875
Grus japonensis,2018,3.04555320739746
Grus monacha,2018,2.3322868347168
Grus nigricollis,2018,1.79069423675537
Gypaetus barbatus,2018,2.66859316825867
Gyps himalayensis,2018,2.74193525314331
Halcyon coromanda,2018,4.65017318725586
Halcyon pileata,2018,5.82662773132324
Halcyon smyrnensis,2018,7.79608011245728
Haliaeetus leucoryphus,2018,5.73204326629639
Harpactes wardi,2018,4.51407909393311
Helopsaltes certhiola,2018,3.55644297599793
Helopsaltes pryeri,2018,4.10454177856445
Hemiprocne coronata,2018,6.45059871673584
Hemitesia pallidipes,2018,6.46960926055908
Hemixos castanonotus,2018,7.16791534423828
Heterophasia desgodinsi,2018,6.20040988922119
Heteroxenicus stellatus,2018,4.94460439682007
Hieraaetus pennatus,2018,2.08172202110291
Hierococcyx nisicolor,2018,6.61073303222656
Hirundapus caudacutus,2018,3.29336380958557
Hirundo rustica,2018,4.05616521835327
Histrionicus histrionicus,2018,3.01074266433716
Hydrocoloeus minutus,2018,4.60033369064331
Hydrophasianus chirurgus,2018,6.63513660430908
Hydroprogne caspia,2018,5.81461095809937
Hypothymis azurea,2018,6.67220973968506
Hypsipetes leucocephalus,2018,6.15635061264038
Ianthocincla lunulata,2018,4.99385690689087
Ibidorhyncha struthersii,2018,3.1018238067627
Ictinaetus malaiensis,2018,6.82219219207764
Iduna caligata,2018,2.88895654678345
Indicator xanthonotus,2018,5.3505482673645
Ixobrychus cinnamomeus,2018,6.2228889465332
Ixobrychus eurhythmus,2018,4.83746671676636
Ixobrychus minutus,2018,3.30835223197937
Ixos mcclellandii,2018,6.7566933631897
Ketupa flavipes,2018,6.66246271133423
Lalage melaschistos,2018,6.06716823577881
Lanius borealis,2018,2.70141386985779
Lanius collurioides,2018,6.99665212631226
Lanius isabellinus,2018,3.51954007148743
Lanius schach,2018,5.94126319885254
Lanius sphenocercus,2018,3.38950157165527
Lanius tephronotus,2018,3.53661012649536
Larus crassirostris,2018,6.25408172607422
Larvivora brunnea,2018,4.06407642364502
Larvivora cyane,2018,2.66155576705933
Leptopoecile elegans,2018,2.73624157905579
Leptoptilos javanicus,2018,6.5554780960083
Limnodromus semipalmatus,2018,2.58880305290222
Limosa limosa,2018,2.69160676002502
Linaria cannabina,2018,3.33671188354492
Locustella davidi,2018,2.66683030128479
Locustella mandelli,2018,6.58323812484741
Lonchura striata,2018,6.88624572753906
Lophotriorchis kienerii,2018,7.76119041442871
Lophura leucomelanos,2018,4.93591022491455
Lophura nycthemera,2018,6.95274496078491
Loxia curvirostra,2018,2.80505204200745
Macropygia unchall,2018,6.39204406738281
Mareca falcata,2018,2.34000086784363
Megaceryle lugubris,2018,6.17848539352417
Melanitta fusca,2018,2.55431318283081
Melanitta stejnegeri,2018,1.36866676807404
Melanochlora sultanea,2018,6.8560733795166
Mergus serrator,2018,2.72659063339233
Merops philippinus,2018,6.89801216125488
Mixornis gularis,2018,6.45520639419556
Monticola gularis,2018,3.02422904968262
Monticola rufiventris,2018,6.18973636627197
Monticola solitarius,2018,5.1066164970398
Motacilla citreola,2018,2.98999714851379
Moupinia poecilotis,2018,3.86537790298462
Muscicapa dauurica,2018,2.84503269195557
Muscicapa ferruginea,2018,5.49804496765137
Muscicapa muttui,2018,6.50187397003174
Mycerobas affinis,2018,3.55022931098938
Mycerobas carnipes,2018,3.03537178039551
Myiomela leucura,2018,6.0957145690918
Myophonus caeruleus,2018,5.50642395019531
Netta rufina,2018,3.53545999526978
Niltava davidi,2018,6.45227336883545
Niltava grandis,2018,6.15651845932007
Niltava macgrigoriae,2018,6.58208751678467
Niltava sundara,2018,5.20328426361084
Ninox japonica,2018,5.20488166809082
Nipponia nippon,2018,5.72772216796875
Nisaetus nipalensis,2018,6.34084987640381
Numenius madagascariensis,2018,2.5986168384552
Nycticorax nycticorax,2018,6.01351594924927
Oenanthe deserti,2018,3.1492486000061
Oenanthe oenanthe,2018,3.47062540054321
Onychoprion anaethetus,2018,7.61984920501709
Oriolus oriolus,2018,3.15011882781982
Otus lettia,2018,6.7458872795105
Otus semitorques,2018,4.31577253341675
Otus spilocephalus,2018,6.48723077774048
Oxyura leucocephala,2018,3.8278386592865
Panurus biarmicus,2018,3.46524524688721
Paradoxornis guttaticollis,2018,6.51543045043945
Paradoxornis heudei,2018,5.44402360916138
Parayuhina diademata,2018,5.61653089523315
Pardaliparus venustulus,2018,5.78743267059326
Parus monticolus,2018,5.55428981781006
Passer cinnamomeus,2018,5.59457015991211
Passer domesticus,2018,2.61986017227173
Passer hispaniolensis,2018,3.46242952346802
Pelecanus crispus,2018,2.56761717796326
Pellorneum tickelli,2018,6.94852161407471
Perdix hodgsoniae,2018,2.01012587547302
Pericrocotus cantonensis,2018,6.49850082397461
Pericrocotus divaricatus,2018,3.05801486968994
Pericrocotus ethologus,2018,4.89864158630371
Pericrocotus solaris,2018,6.82410287857056
Periparus rubidiventris,2018,2.67037463188171
Pernis ptilorhynchus,2018,3.27693033218384
Phasianus colchicus,2018,4.49773979187012
Phoenicurus erythronotus,2018,3.50180053710938
Phoenicurus frontalis,2018,3.61382389068604
Phoenicurus leucocephalus,2018,4.34533214569092
Phoenicurus ochruros,2018,3.25265836715698
Phoenicurus schisticeps,2018,3.15321207046509
Phylloscopus affinis,2018,3.71680593490601
Phylloscopus burkii,2018,3.0719850063324
Phylloscopus cantator,2018,6.1614146232605
Phylloscopus castaniceps,2018,6.36340045928955
Phylloscopus claudiae,2018,4.88882303237915
Phylloscopus coronatus,2018,4.07405757904053
Phylloscopus emeiensis,2018,5.47452640533447
Phylloscopus intermedius,2018,5.86134338378906
Phylloscopus magnirostris,2018,4.00681638717651
Phylloscopus ogilviegranti,2018,6.78968477249146
Phylloscopus omeiensis,2018,4.94326829910278
Phylloscopus pulcher,2018,4.35486602783203
Phylloscopus ricketti,2018,6.21408605575562
Phylloscopus soror,2018,5.79953241348267
Phylloscopus subaffinis,2018,5.27763175964356
Phylloscopus tenellipes,2018,3.53537344932556
Phylloscopus tephrocephalus,2018,5.36304092407227
Phylloscopus yunnanensis,2018,4.4312539100647
Picumnus innominatus,2018,6.20775985717773
Picus chlorolophus,2018,6.90873193740845
Pitta nympha,2018,6.75066423416138
Platalea minor,2018,4.68504905700684
Pnoepyga immaculata,2018,3.91754245758057
Podiceps auritus,2018,2.44358801841736
Podiceps grisegena,2018,2.82701182365418
Podiceps nigricollis,2018,3.26443386077881
Podoces biddulphi,2018,5.26517391204834
Pomatorhinus schisticeps,2018,6.49538707733154
Pomatorhinus superciliaris,2018,6.14482736587524
Prinia atrogularis,2018,5.70252799987793
Prinia flaviventris,2018,7.00845861434937
Prinia inornata,2018,6.81877326965332
Prunella collaris,2018,2.65596747398376
Prunella himalayana,2018,2.20715165138245
Prunella immaculata,2018,2.98242807388306
Prunella montanella,2018,1.42134153842926
Prunella strophiata,2018,3.61380672454834
Psarisomus dalhousiae,2018,6.54615354537964
Pseudopodoces humilis,2018,1.88910686969757
Psilopogon faber,2018,7.16651630401611
Psilopogon virens,2018,6.46340799331665
Pterorhinus berthemyi,2018,6.36126518249512
Pterorhinus lanceolatus,2018,5.86984443664551
Pterorhinus pectoralis,2018,6.50538969039917
Pterorhinus sannio,2018,6.4939489364624
Pteruthius rufiventer,2018,5.69775056838989
Pteruthius xanthochlorus,2018,4.92819166183472
Ptyonoprogne rupestris,2018,3.76753687858582
Pycnonotus aurigaster,2018,6.77342033386231
Pycnonotus jocosus,2018,6.88793802261353
Pycnonotus sinensis,2018,6.16193962097168
Pycnonotus xanthorrhous,2018,6.08378648757935
Pyrrhula erythaca,2018,4.62629127502441
Pyrrhula nipalensis,2018,6.05828285217285
Rallina eurizonoides,2018,7.33693408966065
Rallus aquaticus,2018,3.03916835784912
Recurvirostra avosetta,2018,2.74465680122376
Regulus regulus,2018,4.17460060119629
Remiz consobrinus,2018,3.25293636322022
Remiz coronatus,2018,3.04280257225037
Rhodospiza obsoleta,2018,3.77885103225708
Rubigula flaviventris,2018,6.97975826263428
Sasia ochracea,2018,7.03086614608765
Saxicola ferreus,2018,6.04728841781616
Sitta cinnamoventris,2018,6.5393877029419
Sitta formosa,2018,6.255286693573
Sitta villosa,2018,3.9614200592041
Sittiparus varius,2018,3.80219078063965
Spilopelia chinensis,2018,6.09747648239136
Spilopelia senegalensis,2018,3.36359143257141
Spilornis cheela,2018,6.71520709991455
Spinus spinus,2018,2.25790238380432
Spizixos semitorques,2018,6.39641714096069
Spodiopsar cineraceus,2018,3.51731300354004
Spodiopsar sericeus,2018,6.74943161010742
Stachyris humei,2018,5.6331377029419
Staphida torqueola,2018,6.705970287323
Streptopelia decaocto,2018,4.31748819351196
Sturnia sinensis,2018,7.16390705108643
Sturnus vulgaris,2018,3.61627316474915
Suthora fulvifrons,2018,4.62585687637329
Syrmaticus humiae,2018,6.52495861053467
Syrmaticus reevesii,2018,5.956223487854
Syrrhaptes paradoxus,2018,3.48363375663757
Tarsiger chrysaeus,2018,4.10825204849243
Tarsiger indicus,2018,4.66839361190796
Temnurus temnurus,2018,8.31925392150879
Tephrodornis virgatus,2018,7.24653387069702
Thalasseus bergii,2018,7.9583683013916
Timalia pileata,2018,7.12869787216187
Tragopan caboti,2018,7.02989101409912
Tragopan temminckii,2018,5.51231908798218
Treron curvirostra,2018,6.96537399291992
Treron sieboldii,2018,6.85113477706909
Treron sphenurus,2018,5.92388200759888
Turdus boulboul,2018,6.62994813919067
Turdus cardis,2018,6.166419506073
Turdus feae,2018,4.27559041976929
Turdus mandarinus,2018,6.08349323272705
Turdus pilaris,2018,1.98118031024933
Turdus rubrocanus,2018,3.85740160942078
Turdus ruficollis,2018,3.14941835403442
Turdus viscivorus,2018,3.54780721664429
Turnix suscitator,2018,6.8226637840271
Tyto longimembris,2018,6.8169059753418
Urile pelagicus,2018,4.95269870758057
Urosphena squameiceps,2018,3.29118514060974
Vanellus cinereus,2018,3.34480237960815
Vanellus indicus,2018,6.67494249343872
Vanellus vanellus,2018,3.13993310928345
Yuhina nigrimenta,2018,6.12090063095093
Zoothera dixoni,2018,5.11490297317505
Zoothera mollissima,2018,3.06453895568848
Zoothera monticola,2018,5.45027589797974
Zosterops erythropleurus,2018,3.55463433265686
Abroscopus albogularis,2019,6.79353141784668
Accipiter gularis,2019,3.17886304855347
Accipiter soloensis,2019,6.14551687240601
Accipiter trivirgatus,2019,7.66341590881348
Accipiter virgatus,2019,6.24892044067383
Acridotheres cristatellus,2019,6.55600070953369
Acridotheres tristis,2019,5.78191566467285
Acrocephalus agricola,2019,4.24762773513794
Acrocephalus bistrigiceps,2019,4.18600130081177
Acrocephalus concinens,2019,5.8381929397583
Acrocephalus orientalis,2019,4.28396701812744
Acrocephalus tangorum,2019,3.565838098526
Aegithalos bonvaloti,2019,4.37820625305176
Aegithalos caudatus,2019,3.07813286781311
Aegithalos concinnus,2019,6.45017099380493
Aegithalos fuliginosus,2019,4.91610765457153
Aerodramus brevirostris,2019,5.84776401519775
Aethopyga christinae,2019,8.70493698120117
Aethopyga gouldiae,2019,5.19312810897827
Agropsar sturninus,2019,3.73595786094666
Aix galericulata,2019,3.45777344703674
Alauda gulgula,2019,4.81374740600586
Alaudala cheleensis,2019,3.77997064590454
Alcedo hercules,2019,7.42022037506104
Alcippe morrisonia,2019,6.56411981582642
Amaurornis phoenicurus,2019,6.47392416000366
Anastomus oscitans,2019,6.50357580184937
Anser anser,2019,3.17703032493591
Anser fabalis,2019,2.42539954185486
Anser indicus,2019,2.70545196533203
Anthus godlewskii,2019,2.81463718414307
Anthus gustavi,2019,3.2562472820282
Anthus richardi,2019,4.6006932258606
Anthus roseatus,2019,3.35354804992676
Anthus trivialis,2019,3.05684089660645
Aquila fasciata,2019,7.34547185897827
Aquila heliaca,2019,2.73389339447022
Ardea intermedia,2019,6.70292377471924
Ardea purpurea,2019,5.93267822265625
Ardenna pacifica,2019,7.96744108200073
Artamus fuscus,2019,7.59274768829346
Asio flammeus,2019,2.67726922035217
Athene noctua,2019,3.44412159919739
Aviceda jerdoni,2019,7.69308137893677
Aviceda leuphotes,2019,6.45167255401611
Aythya fuligula,2019,2.72185015678406
Aythya nyroca,2019,3.44985866546631
Bombycilla japonica,2019,1.7865777015686
Branta canadensis,2019,4.46694326400757
Bubo nipalensis,2019,5.30819129943848
Bucanetes mongolicus,2019,3.84296751022339
Butastur indicus,2019,3.56611657142639
Cacomantis merulinus,2019,7.29442167282105
Calandrella brachydactyla,2019,3.94756603240967
Calliope obscura,2019,4.58068513870239
Caprimulgus macrurus,2019,7.76070594787598
Carpodacus roborowskii,2019,1.44544041156769
Carpodacus vinaceus,2019,5.75543260574341
Cecropis daurica,2019,4.77679824829102
Centropus bengalensis,2019,7.13498830795288
Cephalopyrus flammiceps,2019,5.23630332946777
Certhia familiaris,2019,3.55433988571167
Certhia himalayana,2019,4.811363697052
Certhia tianquanensis,2019,4.42830991744995
Ceryle rudis,2019,6.87738656997681
Cettia brunnifrons,2019,4.67111015319824
Cettia castaneocoronata,2019,5.43880939483643
Chalcophaps indica,2019,7.60163640975952
Charadrius atrifrons,2019,2.44843745231628
Charadrius dealbatus,2019,8.12515640258789
Charadrius placidus,2019,4.21239566802979
Charadrius veredus,2019,2.87013912200928
Chlidonias leucopterus,2019,3.42902946472168
Chlidonias niger,2019,3.27503752708435
Chloris ambigua,2019,5.88259744644165
Chloris sinica,2019,5.02068424224854
Chrysolophus pictus,2019,5.50494194030762
Ciconia boyciana,2019,3.46916770935059
Ciconia nigra,2019,3.96188068389893
Circaetus gallicus,2019,4.07419013977051
Circus macrourus,2019,3.1245288848877
Circus spilonotus,2019,2.86795496940613
Cisticola exilis,2019,7.06538200378418
Cisticola juncidis,2019,6.45906829833984
Clamator coromandus,2019,6.61386203765869
Clanga clanga,2019,2.96798777580261
Columba oenas,2019,3.10941910743713
Copsychus saularis,2019,6.53393173217773
Coracias garrulus,2019,3.0655951499939
Coturnicops exquisitus,2019,2.52008962631226
Crex crex,2019,3.04020023345947
Crossoptilon mantchuricum,2019,4.5249285697937
Curruca curruca,2019,3.72525215148926
Cyanistes cyanus,2019,2.72792720794678
Cyanoderma pyrrhops,2019,5.30807113647461
Cygnus cygnus,2019,3.01652979850769
Cygnus olor,2019,3.24167323112488
Cyornis glaucicomans,2019,6.22030448913574
Cyornis hainanus,2019,7.85907030105591
Cyornis rubeculoides,2019,6.4839391708374
Delichon dasypus,2019,4.21696329116821
Dendrocitta formosae,2019,6.74156332015991
Dendrocopos hyperythrus,2019,4.51955842971802
Dendrocygna javanica,2019,6.98744583129883
Dicaeum cruentatum,2019,7.17360401153565
Dicaeum ignipectus,2019,6.35521841049194
Dicaeum minullum,2019,6.14089393615723
Dicrurus annectens,2019,7.41947793960571
Dicrurus hottentottus,2019,6.19265222549439
Dicrurus remifer,2019,6.83458375930786
Egretta eulophotes,2019,4.92463731765747
Egretta garzetta,2019,5.64495801925659
Elachura formosa,2019,6.41317796707153
Elanus caeruleus,2019,7.51337003707886
Emberiza buchanani,2019,2.79427862167358
Emberiza citrinella,2019,2.75147604942322
Emberiza elegans,2019,4.66067886352539
Emberiza godlewskii,2019,3.61063551902771
Emberiza hortulana,2019,3.3643946647644
Emberiza leucocephalos,2019,2.51495289802551
Emberiza pallasi,2019,1.81287837028503
Emberiza pusilla,2019,3.15446424484253
Emberiza rustica,2019,1.28104245662689
Emberiza siemsseni,2019,4.94860172271729
Emberiza yessoensis,2019,3.21627306938171
Enicurus leschenaulti,2019,6.19849157333374
Enicurus maculatus,2019,6.83519124984741
Enicurus schistaceus,2019,6.75109243392944
Erpornis zantholeuca,2019,6.95393514633179
Erythrogenys hypoleucos,2019,7.36879873275757
Eudynamys scolopaceus,2019,6.54475450515747
Eumyias thalassinus,2019,6.01439046859741
Falco cherrug,2019,3.1843204498291
Falco severus,2019,6.9239649772644
Ficedula albicilla,2019,1.87609446048737
Ficedula elisae,2019,4.41054487228394
Ficedula erithacus,2019,4.29814577102661
Ficedula hyperythra,2019,6.45323276519775
Ficedula mugimaki,2019,3.09081554412842
Ficedula strophiata,2019,5.68828582763672
Ficedula superciliaris,2019,3.70353412628174
Ficedula tricolor,2019,5.36087131500244
Fringilla coelebs,2019,1.47645139694214
Fringilla montifringilla,2019,1.7707611322403
Galerida cristata,2019,4.16625785827637
Gallicrex cinerea,2019,5.94232082366943
Garrulax maesi,2019,6.70647811889648
Garrulax monileger,2019,7.27420663833618
Gavia arctica,2019,3.12182450294495
Gelochelidon nilotica,2019,4.47770309448242
Geokichla citrina,2019,6.89320182800293
Glaucidium cuculoides,2019,6.6489052772522
Gorsachius melanolophus,2019,7.94343709945679
Gracupica nigricollis,2019,6.97070360183716
Grandala coelicolor,2019,2.46546912193298
Grus japonensis,2019,3.16413354873657
Grus monacha,2019,2.3904972076416
Grus nigricollis,2019,1.73402178287506
Gypaetus barbatus,2019,2.69903659820557
Gyps himalayensis,2019,2.77571749687195
Halcyon coromanda,2019,4.82612466812134
Halcyon pileata,2019,5.93269395828247
Halcyon smyrnensis,2019,7.9440598487854
Haliaeetus leucoryphus,2019,5.78822469711304
Harpactes wardi,2019,4.56395196914673
Helopsaltes certhiola,2019,3.65571212768555
Helopsaltes pryeri,2019,4.17902517318726
Hemiprocne coronata,2019,6.59738492965698
Hemitesia pallidipes,2019,6.63885259628296
Hemixos castanonotus,2019,7.2866678237915
Heterophasia desgodinsi,2019,6.33495855331421
Heteroxenicus stellatus,2019,5.04261207580566
Hieraaetus pennatus,2019,2.19684791564941
Hierococcyx nisicolor,2019,6.7471399307251
Hirundapus caudacutus,2019,3.35539317131043
Hirundo rustica,2019,4.13030910491943
Histrionicus histrionicus,2019,3.13809204101563
Hydrocoloeus minutus,2019,4.8179988861084
Hydrophasianus chirurgus,2019,6.73877096176148
Hydroprogne caspia,2019,5.96227407455444
Hypothymis azurea,2019,6.81897401809692
Hypsipetes leucocephalus,2019,6.24089002609253
Ianthocincla lunulata,2019,5.0641131401062
Ibidorhyncha struthersii,2019,3.12601757049561
Ictinaetus malaiensis,2019,6.9276614189148
Iduna caligata,2019,3.00059771537781
Indicator xanthonotus,2019,5.38091707229614
Ixobrychus cinnamomeus,2019,6.32025575637817
Ixobrychus eurhythmus,2019,4.92819833755493
Ixobrychus minutus,2019,3.48475527763367
Ixos mcclellandii,2019,6.86740112304688
Ketupa flavipes,2019,6.73811626434326
Lalage melaschistos,2019,6.15318965911865
Lanius borealis,2019,2.82182669639587
Lanius collurioides,2019,7.15539598464966
Lanius isabellinus,2019,3.59774255752564
Lanius schach,2019,6.02030420303345
Lanius sphenocercus,2019,3.48529887199402
Lanius tephronotus,2019,3.5884952545166
Larus crassirostris,2019,6.38341808319092
Larvivora brunnea,2019,4.12885093688965
Larvivora cyane,2019,2.75667071342468
Leptopoecile elegans,2019,2.75122952461243
Leptoptilos javanicus,2019,6.74880743026733
Limnodromus semipalmatus,2019,2.65661573410034
Limosa limosa,2019,2.78169989585876
Linaria cannabina,2019,3.50070118904114
Locustella davidi,2019,2.75857257843018
Locustella mandelli,2019,6.70559644699097
Lonchura striata,2019,6.9784369468689
Lophotriorchis kienerii,2019,7.94724035263062
Lophura leucomelanos,2019,4.99095392227173
Lophura nycthemera,2019,7.12612295150757
Loxia curvirostra,2019,2.87599492073059
Macropygia unchall,2019,6.5105152130127
Mareca falcata,2019,2.41210007667542
Megaceryle lugubris,2019,6.27295970916748
Melanitta fusca,2019,2.57548213005066
Melanitta stejnegeri,2019,1.43474805355072
Melanochlora sultanea,2019,7.00923013687134
Mergus serrator,2019,2.83810067176819
Merops philippinus,2019,7.08789968490601
Mixornis gularis,2019,6.65469837188721
Monticola gularis,2019,3.11930274963379
Monticola rufiventris,2019,6.27283191680908
Monticola solitarius,2019,5.18866109848023
Motacilla citreola,2019,3.03249502182007
Moupinia poecilotis,2019,3.96029663085938
Muscicapa dauurica,2019,2.93740463256836
Muscicapa ferruginea,2019,5.58784246444702
Muscicapa muttui,2019,6.59433460235596
Mycerobas affinis,2019,3.60712194442749
Mycerobas carnipes,2019,3.09035277366638
Myiomela leucura,2019,6.19091653823853
Myophonus caeruleus,2019,5.58755779266357
Netta rufina,2019,3.69976186752319
Niltava davidi,2019,6.5641016960144
Niltava grandis,2019,6.30028963088989
Niltava macgrigoriae,2019,6.73310804367065
Niltava sundara,2019,5.2710223197937
Ninox japonica,2019,5.30045318603516
Nipponia nippon,2019,5.69680166244507
Nisaetus nipalensis,2019,6.47335338592529
Numenius madagascariensis,2019,2.70437550544739
Nycticorax nycticorax,2019,6.10985231399536
Oenanthe deserti,2019,3.2102255821228
Oenanthe oenanthe,2019,3.58453774452209
Onychoprion anaethetus,2019,7.75310182571411
Oriolus oriolus,2019,3.31785273551941
Otus lettia,2019,6.84497356414795
Otus semitorques,2019,4.43194484710693
Otus spilocephalus,2019,6.60761260986328
Oxyura leucocephala,2019,4.06338310241699
Panurus biarmicus,2019,3.56774020195007
Paradoxornis guttaticollis,2019,6.63654804229736
Paradoxornis heudei,2019,5.54983615875244
Parayuhina diademata,2019,5.72722721099854
Pardaliparus venustulus,2019,5.84821891784668
Parus monticolus,2019,5.6298942565918
Passer cinnamomeus,2019,5.67358827590942
Passer domesticus,2019,2.71799349784851
Passer hispaniolensis,2019,3.67312717437744
Pelecanus crispus,2019,2.63659286499023
Pellorneum tickelli,2019,7.14115381240845
Perdix hodgsoniae,2019,1.98501360416412
Pericrocotus cantonensis,2019,6.5715537071228
Pericrocotus divaricatus,2019,3.19621348381043
Pericrocotus ethologus,2019,4.96984672546387
Pericrocotus solaris,2019,6.94412231445313
Periparus rubidiventris,2019,2.68786120414734
Pernis ptilorhynchus,2019,3.3727343082428
Phasianus colchicus,2019,4.59236431121826
Phoenicurus erythronotus,2019,3.70387244224548
Phoenicurus frontalis,2019,3.63675689697266
Phoenicurus leucocephalus,2019,4.38656806945801
Phoenicurus ochruros,2019,3.31066393852234
Phoenicurus schisticeps,2019,3.19325876235962
Phylloscopus affinis,2019,3.74449515342712
Phylloscopus burkii,2019,3.03921794891357
Phylloscopus cantator,2019,6.29598426818848
Phylloscopus castaniceps,2019,6.45230865478516
Phylloscopus claudiae,2019,4.9433536529541
Phylloscopus coronatus,2019,4.13240766525269
Phylloscopus emeiensis,2019,5.58316898345947
Phylloscopus intermedius,2019,5.91127347946167
Phylloscopus magnirostris,2019,4.06895923614502
Phylloscopus ogilviegranti,2019,6.92085218429565
Phylloscopus omeiensis,2019,4.99646186828613
Phylloscopus pulcher,2019,4.44582414627075
Phylloscopus ricketti,2019,6.27737760543823
Phylloscopus soror,2019,5.84248733520508
Phylloscopus subaffinis,2019,5.33050537109375
Phylloscopus tenellipes,2019,3.6783721446991
Phylloscopus tephrocephalus,2019,5.4376654624939
Phylloscopus yunnanensis,2019,4.49932622909546
Picumnus innominatus,2019,6.29328536987305
Picus chlorolophus,2019,7.06122875213623
Pitta nympha,2019,6.84103298187256
Platalea minor,2019,4.87887811660767
Pnoepyga immaculata,2019,3.8297131061554
Podiceps auritus,2019,2.613201379776
Podiceps grisegena,2019,2.96511507034302
Podiceps nigricollis,2019,3.39427208900452
Podoces biddulphi,2019,5.4459662437439
Pomatorhinus schisticeps,2019,6.53204202651978
Pomatorhinus superciliaris,2019,6.26274633407593
Prinia atrogularis,2019,5.7249641418457
Prinia flaviventris,2019,7.21544599533081
Prinia inornata,2019,6.90524435043335
Prunella collaris,2019,2.69897794723511
Prunella himalayana,2019,2.40088629722595
Prunella immaculata,2019,3.02415323257446
Prunella montanella,2019,1.49204504489899
Prunella strophiata,2019,3.65366005897522
Psarisomus dalhousiae,2019,6.71287059783936
Pseudopodoces humilis,2019,1.87706744670868
Psilopogon faber,2019,7.23467540740967
Psilopogon virens,2019,6.58187866210938
Pterorhinus berthemyi,2019,6.41539525985718
Pterorhinus lanceolatus,2019,5.95891380310059
Pterorhinus pectoralis,2019,6.56568288803101
Pterorhinus sannio,2019,6.58998012542725
Pteruthius rufiventer,2019,5.78678560256958
Pteruthius xanthochlorus,2019,5.0076003074646
Ptyonoprogne rupestris,2019,3.85269618034363
Pycnonotus aurigaster,2019,6.89840698242188
Pycnonotus jocosus,2019,7.04056167602539
Pycnonotus sinensis,2019,6.24830150604248
Pycnonotus xanthorrhous,2019,6.19232225418091
Pyrrhula erythaca,2019,4.6916356086731
Pyrrhula nipalensis,2019,6.16711854934692
Rallina eurizonoides,2019,7.52539253234863
Rallus aquaticus,2019,3.12209534645081
Recurvirostra avosetta,2019,2.84944915771484
Regulus regulus,2019,4.23818254470825
Remiz consobrinus,2019,3.3563551902771
Remiz coronatus,2019,3.16725730895996
Rhodospiza obsoleta,2019,3.86077570915222
Rubigula flaviventris,2019,7.16541194915772
Sasia ochracea,2019,7.19874954223633
Saxicola ferreus,2019,6.12756299972534
Sitta cinnamoventris,2019,6.73093843460083
Sitta formosa,2019,6.41726446151733
Sitta villosa,2019,4.03802919387817
Sittiparus varius,2019,3.98044633865356
Spilopelia chinensis,2019,6.18885564804077
Spilopelia senegalensis,2019,3.59224557876587
Spilornis cheela,2019,6.84136533737183
Spinus spinus,2019,2.33262419700623
Spizixos semitorques,2019,6.46812677383423
Spodiopsar cineraceus,2019,3.59742069244385
Spodiopsar sericeus,2019,6.82738971710205
Stachyris humei,2019,5.65846061706543
Staphida torqueola,2019,6.79928159713745
Streptopelia decaocto,2019,4.42164659500122
Sturnia sinensis,2019,7.25380563735962
Sturnus vulgaris,2019,3.80923891067505
Suthora fulvifrons,2019,4.70644235610962
Syrmaticus humiae,2019,6.73132801055908
Syrmaticus reevesii,2019,5.99008655548096
Syrrhaptes paradoxus,2019,3.58693218231201
Tarsiger chrysaeus,2019,4.18964385986328
Tarsiger indicus,2019,4.78217363357544
Temnurus temnurus,2019,8.54830932617188
Tephrodornis virgatus,2019,7.36437082290649
Thalasseus bergii,2019,8.11599540710449
Timalia pileata,2019,7.25902843475342
Tragopan caboti,2019,7.13804388046265
Tragopan temminckii,2019,5.58108997344971
Treron curvirostra,2019,7.15945196151733
Treron sieboldii,2019,6.9321460723877
Treron sphenurus,2019,6.08298921585083
Turdus boulboul,2019,6.79350471496582
Turdus cardis,2019,6.21209096908569
Turdus feae,2019,4.37801361083984
Turdus mandarinus,2019,6.1580376625061
Turdus pilaris,2019,2.03491544723511
Turdus rubrocanus,2019,3.8833065032959
Turdus ruficollis,2019,3.35396575927734
Turdus viscivorus,2019,3.72748279571533
Turnix suscitator,2019,6.97278308868408
Tyto longimembris,2019,6.92831420898438
Urile pelagicus,2019,5.12701034545898
Urosphena squameiceps,2019,3.45782828330994
Vanellus cinereus,2019,3.44269251823425
Vanellus indicus,2019,6.878173828125
Vanellus vanellus,2019,3.24989080429077
Yuhina nigrimenta,2019,6.21666860580444
Zoothera dixoni,2019,5.25320482254028
Zoothera mollissima,2019,3.09910607337952
Zoothera monticola,2019,5.50292587280273
Zosterops erythropleurus,2019,3.68542385101318
Abroscopus albogularis,2020,6.80777025222778
Accipiter gularis,2020,3.2551257610321
Accipiter soloensis,2020,6.1618275642395
Accipiter trivirgatus,2020,7.61727428436279
Accipiter virgatus,2020,6.25133323669434
Acridotheres cristatellus,2020,6.56801748275757
Acridotheres tristis,2020,5.73195314407349
Acrocephalus agricola,2020,4.25098466873169
Acrocephalus bistrigiceps,2020,4.22037601470947
Acrocephalus concinens,2020,5.83062076568604
Acrocephalus orientalis,2020,4.31414318084717
Acrocephalus tangorum,2020,3.6124415397644
Aegithalos bonvaloti,2020,4.37269258499146
Aegithalos caudatus,2020,3.16142225265503
Aegithalos concinnus,2020,6.4628176689148
Aegithalos fuliginosus,2020,4.9336256980896
Aerodramus brevirostris,2020,5.85469150543213
Aethopyga christinae,2020,8.61911678314209
Aethopyga gouldiae,2020,5.20465517044067
Agropsar sturninus,2020,3.76284694671631
Aix galericulata,2020,3.50961756706238
Alauda gulgula,2020,4.83666658401489
Alaudala cheleensis,2020,3.78875231742859
Alcedo hercules,2020,7.38320636749268
Alcippe morrisonia,2020,6.57668495178223
Amaurornis phoenicurus,2020,6.48454666137695
Anastomus oscitans,2020,6.47175264358521
Anser anser,2020,3.2461371421814
Anser fabalis,2020,2.57518672943115
Anser indicus,2020,2.68664002418518
Anthus godlewskii,2020,2.88473725318909
Anthus gustavi,2020,3.27283716201782
Anthus richardi,2020,4.62717247009277
Anthus roseatus,2020,3.36294221878052
Anthus trivialis,2020,3.0509569644928
Aquila fasciata,2020,7.35634708404541
Aquila heliaca,2020,2.83791923522949
Ardea intermedia,2020,6.71759796142578
Ardea purpurea,2020,5.9413800239563
Ardenna pacifica,2020,7.95861530303955
Artamus fuscus,2020,7.55602169036865
Asio flammeus,2020,2.77934145927429
Athene noctua,2020,3.45988273620605
Aviceda jerdoni,2020,7.64981555938721
Aviceda leuphotes,2020,6.45810174942017
Aythya fuligula,2020,2.84208416938782
Aythya nyroca,2020,3.45748591423035
Bombycilla japonica,2020,2.00472450256348
Branta canadensis,2020,4.43358278274536
Bubo nipalensis,2020,5.29076194763184
Bucanetes mongolicus,2020,3.83956384658814
Butastur indicus,2020,3.60553240776062
Cacomantis merulinus,2020,7.27077722549439
Calandrella brachydactyla,2020,3.97909379005432
Calliope obscura,2020,4.60710525512695
Caprimulgus macrurus,2020,7.6985650062561
Carpodacus roborowskii,2020,1.50457108020782
Carpodacus vinaceus,2020,5.76188516616821
Cecropis daurica,2020,4.79765558242798
Centropus bengalensis,2020,7.14263248443604
Cephalopyrus flammiceps,2020,5.2458086013794
Certhia familiaris,2020,3.595623254776
Certhia himalayana,2020,4.80234479904175
Certhia tianquanensis,2020,4.44760608673096
Ceryle rudis,2020,6.88487386703491
Cettia brunnifrons,2020,4.69207859039307
Cettia castaneocoronata,2020,5.43831968307495
Chalcophaps indica,2020,7.56705284118652
Charadrius atrifrons,2020,2.46297597885132
Charadrius dealbatus,2020,8.09902191162109
Charadrius placidus,2020,4.23261499404907
Charadrius veredus,2020,2.90374159812927
Chlidonias leucopterus,2020,3.46428203582764
Chlidonias niger,2020,3.27528142929077
Chloris ambigua,2020,5.84714031219482
Chloris sinica,2020,5.03934812545776
Chrysolophus pictus,2020,5.5348072052002
Ciconia boyciana,2020,3.52201318740845
Ciconia nigra,2020,3.97977733612061
Circaetus gallicus,2020,4.09466934204102
Circus macrourus,2020,3.14397072792053
Circus spilonotus,2020,2.96208429336548
Cisticola exilis,2020,7.06357955932617
Cisticola juncidis,2020,6.46561336517334
Clamator coromandus,2020,6.62662839889526
Clanga clanga,2020,3.04778575897217
Columba oenas,2020,2.99508810043335
Copsychus saularis,2020,6.54811191558838
Coracias garrulus,2020,2.9893810749054
Coturnicops exquisitus,2020,2.65630292892456
Crex crex,2020,2.98976421356201
Crossoptilon mantchuricum,2020,4.4419527053833
Curruca curruca,2020,3.7388219833374
Cyanistes cyanus,2020,2.79124736785889
Cyanoderma pyrrhops,2020,5.26239728927612
Cygnus cygnus,2020,3.07349538803101
Cygnus olor,2020,3.27679371833801
Cyornis glaucicomans,2020,6.24540615081787
Cyornis hainanus,2020,7.82419204711914
Cyornis rubeculoides,2020,6.51049661636353
Delichon dasypus,2020,4.24412870407105
Dendrocitta formosae,2020,6.75285148620606
Dendrocopos hyperythrus,2020,4.52119779586792
Dendrocygna javanica,2020,6.99338960647583
Dicaeum cruentatum,2020,7.17224168777466
Dicaeum ignipectus,2020,6.36930847167969
Dicaeum minullum,2020,6.14798927307129
Dicrurus annectens,2020,7.37009811401367
Dicrurus hottentottus,2020,6.19924211502075
Dicrurus remifer,2020,6.79381608963013
Egretta eulophotes,2020,4.84376668930054
Egretta garzetta,2020,5.6495475769043
Elachura formosa,2020,6.39765644073486
Elanus caeruleus,2020,7.51876306533814
Emberiza buchanani,2020,2.7878212928772
Emberiza citrinella,2020,2.88035535812378
Emberiza elegans,2020,4.71030569076538
Emberiza godlewskii,2020,3.64204216003418
Emberiza hortulana,2020,3.45478057861328
Emberiza leucocephalos,2020,2.60993909835815
Emberiza pallasi,2020,2.03879618644714
Emberiza pusilla,2020,3.2751898765564
Emberiza rustica,2020,1.47574281692505
Emberiza siemsseni,2020,4.96018362045288
Emberiza yessoensis,2020,3.26772427558899
Enicurus leschenaulti,2020,6.21491670608521
Enicurus maculatus,2020,6.81475067138672
Enicurus schistaceus,2020,6.75647830963135
Erpornis zantholeuca,2020,6.94586133956909
Erythrogenys hypoleucos,2020,7.38469648361206
Eudynamys scolopaceus,2020,6.55766201019287
Eumyias thalassinus,2020,6.02578449249268
Falco cherrug,2020,3.19606113433838
Falco severus,2020,6.89168119430542
Ficedula albicilla,2020,2.13803267478943
Ficedula elisae,2020,4.35638236999512
Ficedula erithacus,2020,4.31692981719971
Ficedula hyperythra,2020,6.44039964675903
Ficedula mugimaki,2020,3.17535328865051
Ficedula strophiata,2020,5.69837808609009
Ficedula superciliaris,2020,3.70124006271362
Ficedula tricolor,2020,5.36769914627075
Fringilla coelebs,2020,1.66967236995697
Fringilla montifringilla,2020,1.93017876148224
Galerida cristata,2020,4.1662802696228
Gallicrex cinerea,2020,5.94154787063599
Garrulax maesi,2020,6.71760940551758
Garrulax monileger,2020,7.27301073074341
Gavia arctica,2020,3.18611168861389
Gelochelidon nilotica,2020,4.45704936981201
Geokichla citrina,2020,6.89618396759033
Glaucidium cuculoides,2020,6.66318321228027
Gorsachius melanolophus,2020,7.89141035079956
Gracupica nigricollis,2020,6.96012878417969
Grandala coelicolor,2020,2.5055570602417
Grus japonensis,2020,3.21749687194824
Grus monacha,2020,2.53732371330261
Grus nigricollis,2020,1.76393496990204
Gypaetus barbatus,2020,2.71558690071106
Gyps himalayensis,2020,2.80123281478882
Halcyon coromanda,2020,4.79507446289063
Halcyon pileata,2020,5.92187976837158
Halcyon smyrnensis,2020,7.92169713973999
Haliaeetus leucoryphus,2020,5.82621192932129
Harpactes wardi,2020,4.58345460891724
Helopsaltes certhiola,2020,3.6886260509491
Helopsaltes pryeri,2020,4.26419115066528
Hemiprocne coronata,2020,6.57338285446167
Hemitesia pallidipes,2020,6.6052393913269
Hemixos castanonotus,2020,7.29018211364746
Heterophasia desgodinsi,2020,6.31692123413086
Heteroxenicus stellatus,2020,5.04187774658203
Hieraaetus pennatus,2020,2.32236671447754
Hierococcyx nisicolor,2020,6.73491954803467
Hirundapus caudacutus,2020,3.40438389778137
Hirundo rustica,2020,4.14675140380859
Histrionicus histrionicus,2020,3.18275308609009
Hydrocoloeus minutus,2020,4.80821847915649
Hydrophasianus chirurgus,2020,6.74578952789307
Hydroprogne caspia,2020,5.949875831604
Hypothymis azurea,2020,6.79611301422119
Hypsipetes leucocephalus,2020,6.2559962272644
Ianthocincla lunulata,2020,5.06835174560547
Ibidorhyncha struthersii,2020,3.13469099998474
Ictinaetus malaiensis,2020,6.9538779258728
Iduna caligata,2020,3.10969114303589
Indicator xanthonotus,2020,5.41241788864136
Ixobrychus cinnamomeus,2020,6.31768846511841
Ixobrychus eurhythmus,2020,4.96808767318726
Ixobrychus minutus,2020,3.44475269317627
Ixos mcclellandii,2020,6.87229776382446
Ketupa flavipes,2020,6.75935697555542
Lalage melaschistos,2020,6.15724086761475
Lanius borealis,2020,2.93576622009277
Lanius collurioides,2020,7.12513065338135
Lanius isabellinus,2020,3.62235736846924
Lanius schach,2020,6.0354962348938
Lanius sphenocercus,2020,3.51474475860596
Lanius tephronotus,2020,3.62236213684082
Larus crassirostris,2020,6.37055683135986
Larvivora brunnea,2020,4.14921951293945
Larvivora cyane,2020,2.85785341262817
Leptopoecile elegans,2020,2.80308437347412
Leptoptilos javanicus,2020,6.69904279708862
Limnodromus semipalmatus,2020,2.78339266777039
Limosa limosa,2020,2.89401078224182
Linaria cannabina,2020,3.52374243736267
Locustella davidi,2020,2.87294435501099
Locustella mandelli,2020,6.70496368408203
Lonchura striata,2020,6.99585819244385
Lophotriorchis kienerii,2020,7.90162324905396
Lophura leucomelanos,2020,5.0026478767395
Lophura nycthemera,2020,7.08830642700195
Loxia curvirostra,2020,2.93193054199219
Macropygia unchall,2020,6.50779819488525
Mareca falcata,2020,2.55789113044739
Megaceryle lugubris,2020,6.27088689804077
Melanitta fusca,2020,2.78041577339172
Melanitta stejnegeri,2020,1.77156531810761
Melanochlora sultanea,2020,6.9856276512146
Mergus serrator,2020,2.91915559768677
Merops philippinus,2020,7.03615856170654
Mixornis gularis,2020,6.60136222839356
Monticola gularis,2020,3.20399904251099
Monticola rufiventris,2020,6.29014825820923
Monticola solitarius,2020,5.20528650283814
Motacilla citreola,2020,3.06523442268372
Moupinia poecilotis,2020,3.97124862670898
Muscicapa dauurica,2020,3.02920532226563
Muscicapa ferruginea,2020,5.59293031692505
Muscicapa muttui,2020,6.60001182556152
Mycerobas affinis,2020,3.62981224060059
Mycerobas carnipes,2020,3.11149168014526
Myiomela leucura,2020,6.19287443161011
Myophonus caeruleus,2020,5.58727264404297
Netta rufina,2020,3.71035075187683
Niltava davidi,2020,6.56492853164673
Niltava grandis,2020,6.2763032913208
Niltava macgrigoriae,2020,6.70666074752808
Niltava sundara,2020,5.27899551391602
Ninox japonica,2020,5.31218814849854
Nipponia nippon,2020,5.72984600067139
Nisaetus nipalensis,2020,6.46183681488037
Numenius madagascariensis,2020,2.79141616821289
Nycticorax nycticorax,2020,6.11256217956543
Oenanthe deserti,2020,3.21323704719543
Oenanthe oenanthe,2020,3.58035707473755
Onychoprion anaethetus,2020,7.7374267578125
Oriolus oriolus,2020,3.33291745185852
Otus lettia,2020,6.85733795166016
Otus semitorques,2020,4.41112422943115
Otus spilocephalus,2020,6.60713195800781
Oxyura leucocephala,2020,3.97420191764832
Panurus biarmicus,2020,3.57603120803833
Paradoxornis guttaticollis,2020,6.63219976425171
Paradoxornis heudei,2020,5.53356742858887
Parayuhina diademata,2020,5.72015523910523
Pardaliparus venustulus,2020,5.855384349823
Parus monticolus,2020,5.63994407653809
Passer cinnamomeus,2020,5.67912149429321
Passer domesticus,2020,2.77380156517029
Passer hispaniolensis,2020,3.64433288574219
Pelecanus crispus,2020,2.68488717079163
Pellorneum tickelli,2020,7.09630060195923
Perdix hodgsoniae,2020,2.01709342002869
Pericrocotus cantonensis,2020,6.59662294387817
Pericrocotus divaricatus,2020,3.21063756942749
Pericrocotus ethologus,2020,4.96893692016602
Pericrocotus solaris,2020,6.94247770309448
Periparus rubidiventris,2020,2.73844909667969
Pernis ptilorhynchus,2020,3.44635057449341
Phasianus colchicus,2020,4.62423038482666
Phoenicurus erythronotus,2020,3.65232348442078
Phoenicurus frontalis,2020,3.66742992401123
Phoenicurus leucocephalus,2020,4.40522193908691
Phoenicurus ochruros,2020,3.31590008735657
Phoenicurus schisticeps,2020,3.23073792457581
Phylloscopus affinis,2020,3.77800869941711
Phylloscopus burkii,2020,3.05076289176941
Phylloscopus cantator,2020,6.28590965270996
Phylloscopus castaniceps,2020,6.46614456176758
Phylloscopus claudiae,2020,4.94303464889526
Phylloscopus coronatus,2020,4.22890520095825
Phylloscopus emeiensis,2020,5.5414309501648
Phylloscopus intermedius,2020,5.94741678237915
Phylloscopus magnirostris,2020,4.0970025062561
Phylloscopus ogilviegranti,2020,6.91310787200928
Phylloscopus omeiensis,2020,5.01786327362061
Phylloscopus pulcher,2020,4.45557308197022
Phylloscopus ricketti,2020,6.30524873733521
Phylloscopus soror,2020,5.87795782089233
Phylloscopus subaffinis,2020,5.36741590499878
Phylloscopus tenellipes,2020,3.68123412132263
Phylloscopus tephrocephalus,2020,5.44221115112305
Phylloscopus yunnanensis,2020,4.48235416412354
Picumnus innominatus,2020,6.31045293807983
Picus chlorolophus,2020,7.03661155700684
Pitta nympha,2020,6.86458206176758
Platalea minor,2020,4.76701402664185
Pnoepyga immaculata,2020,3.80929279327393
Podiceps auritus,2020,2.63659858703613
Podiceps grisegena,2020,3.02270579338074
Podiceps nigricollis,2020,3.42062067985535
Podoces biddulphi,2020,5.38821887969971
Pomatorhinus schisticeps,2020,6.58078765869141
Pomatorhinus superciliaris,2020,6.25442409515381
Prinia atrogularis,2020,5.76623249053955
Prinia flaviventris,2020,7.1643009185791
Prinia inornata,2020,6.92492437362671
Prunella collaris,2020,2.73201560974121
Prunella himalayana,2020,2.33271789550781
Prunella immaculata,2020,3.05664539337158
Prunella montanella,2020,1.80203688144684
Prunella strophiata,2020,3.69124507904053
Psarisomus dalhousiae,2020,6.68039703369141
Pseudopodoces humilis,2020,1.91196286678314
Psilopogon faber,2020,7.2656946182251
Psilopogon virens,2020,6.58096742630005
Pterorhinus berthemyi,2020,6.45659875869751
Pterorhinus lanceolatus,2020,5.97287082672119
Pterorhinus pectoralis,2020,6.59785223007202
Pterorhinus sannio,2020,6.603102684021
Pteruthius rufiventer,2020,5.79343557357788
Pteruthius xanthochlorus,2020,5.00927448272705
Ptyonoprogne rupestris,2020,3.84420347213745
Pycnonotus aurigaster,2020,6.89636087417603
Pycnonotus jocosus,2020,7.01419591903687
Pycnonotus sinensis,2020,6.24910497665405
Pycnonotus xanthorrhous,2020,6.19255352020264
Pyrrhula erythaca,2020,4.70567131042481
Pyrrhula nipalensis,2020,6.1696047782898
Rallina eurizonoides,2020,7.48113584518433
Rallus aquaticus,2020,3.12445259094238
Recurvirostra avosetta,2020,2.94030141830444
Regulus regulus,2020,4.26420831680298
Remiz consobrinus,2020,3.40512108802795
Remiz coronatus,2020,3.2031843662262
Rhodospiza obsoleta,2020,3.88995981216431
Rubigula flaviventris,2020,7.11578702926636
Sasia ochracea,2020,7.16084671020508
Saxicola ferreus,2020,6.14344692230225
Sitta cinnamoventris,2020,6.68280410766602
Sitta formosa,2020,6.38447523117065
Sitta villosa,2020,4.0319995880127
Sittiparus varius,2020,3.92865896224976
Spilopelia chinensis,2020,6.18989324569702
Spilopelia senegalensis,2020,3.49987578392029
Spilornis cheela,2020,6.83703899383545
Spinus spinus,2020,2.48323202133179
Spizixos semitorques,2020,6.49188899993897
Spodiopsar cineraceus,2020,3.6273365020752
Spodiopsar sericeus,2020,6.85290098190308
Stachyris humei,2020,5.70717906951904
Staphida torqueola,2020,6.81532907485962
Streptopelia decaocto,2020,4.40774488449097
Sturnia sinensis,2020,7.27511787414551
Sturnus vulgaris,2020,3.76267218589783
Suthora fulvifrons,2020,4.70839643478394
Syrmaticus humiae,2020,6.67127180099487
Syrmaticus reevesii,2020,6.02225685119629
Syrrhaptes paradoxus,2020,3.620445728302
Tarsiger chrysaeus,2020,4.20596837997437
Tarsiger indicus,2020,4.77515506744385
Temnurus temnurus,2020,8.4659538269043
Tephrodornis virgatus,2020,7.37002658843994
Thalasseus bergii,2020,8.09609603881836
Timalia pileata,2020,7.24778842926025
Tragopan caboti,2020,7.16048002243042
Tragopan temminckii,2020,5.59986734390259
Treron curvirostra,2020,7.10977220535278
Treron sieboldii,2020,6.95775890350342
Treron sphenurus,2020,6.04766273498535
Turdus boulboul,2020,6.76067876815796
Turdus cardis,2020,6.25081968307495
Turdus feae,2020,4.30549955368042
Turdus mandarinus,2020,6.1807165145874
Turdus pilaris,2020,2.23422145843506
Turdus rubrocanus,2020,3.92235612869263
Turdus ruficollis,2020,3.32206797599793
Turdus viscivorus,2020,3.70780324935913
Turnix suscitator,2020,6.94478750228882
Tyto longimembris,2020,6.93097162246704
Urile pelagicus,2020,5.06074190139771
Urosphena squameiceps,2020,3.43412804603577
Vanellus cinereus,2020,3.51886701583862
Vanellus indicus,2020,6.82262086868286
Vanellus vanellus,2020,3.29311537742615
Yuhina nigrimenta,2020,6.22832441329956
Zoothera dixoni,2020,5.23403406143189
Zoothera mollissima,2020,3.13969206809998
Zoothera monticola,2020,5.54704427719116
Zosterops erythropleurus,2020,3.70252776145935
Abroscopus albogularis,2021,6.8459644317627
Accipiter gularis,2021,3.1864128112793
Accipiter soloensis,2021,6.1795072555542
Accipiter trivirgatus,2021,7.65106344223023
Accipiter virgatus,2021,6.29660081863403
Acridotheres cristatellus,2021,6.60901117324829
Acridotheres tristis,2021,5.78015041351318
Acrocephalus agricola,2021,4.25974369049072
Acrocephalus bistrigiceps,2021,4.20953273773193
Acrocephalus concinens,2021,5.89500427246094
Acrocephalus orientalis,2021,4.30927228927612
Acrocephalus tangorum,2021,3.53370642662048
Aegithalos bonvaloti,2021,4.43118762969971
Aegithalos caudatus,2021,3.09397721290588
Aegithalos concinnus,2021,6.50705432891846
Aegithalos fuliginosus,2021,4.97454166412354
Aerodramus brevirostris,2021,5.90695333480835
Aethopyga christinae,2021,8.60219573974609
Aethopyga gouldiae,2021,5.2599458694458
Agropsar sturninus,2021,3.74855279922485
Aix galericulata,2021,3.45121359825134
Alauda gulgula,2021,4.8788857460022
Alaudala cheleensis,2021,3.80437803268433
Alcedo hercules,2021,7.41602039337158
Alcippe morrisonia,2021,6.61718320846558
Amaurornis phoenicurus,2021,6.52681970596314
Anastomus oscitans,2021,6.51834583282471
Anser anser,2021,3.20978760719299
Anser fabalis,2021,2.47862672805786
Anser indicus,2021,2.77002739906311
Anthus godlewskii,2021,2.83326864242554
Anthus gustavi,2021,3.20375466346741
Anthus richardi,2021,4.63834953308106
Anthus roseatus,2021,3.41537117958069
Anthus trivialis,2021,3.10845351219177
Aquila fasciata,2021,7.3939208984375
Aquila heliaca,2021,2.79718255996704
Ardea intermedia,2021,6.75863218307495
Ardea purpurea,2021,5.96732187271118
Ardenna pacifica,2021,7.98246240615845
Artamus fuscus,2021,7.5904221534729
Asio flammeus,2021,2.73439788818359
Athene noctua,2021,3.48231911659241
Aviceda jerdoni,2021,7.67069005966187
Aviceda leuphotes,2021,6.50017690658569
Aythya fuligula,2021,2.76978731155396
Aythya nyroca,2021,3.49666023254395
Bombycilla japonica,2021,1.89609944820404
Branta canadensis,2021,4.44065952301025
Bubo nipalensis,2021,5.34447765350342
Bucanetes mongolicus,2021,3.87170267105103
Butastur indicus,2021,3.55531668663025
Cacomantis merulinus,2021,7.31206655502319
Calandrella brachydactyla,2021,3.98758888244629
Calliope obscura,2021,4.64525127410889
Caprimulgus macrurus,2021,7.72275972366333
Carpodacus roborowskii,2021,1.53044438362122
Carpodacus vinaceus,2021,5.79863882064819
Cecropis daurica,2021,4.81959533691406
Centropus bengalensis,2021,7.17985773086548
Cephalopyrus flammiceps,2021,5.32347011566162
Certhia familiaris,2021,3.57682991027832
Certhia himalayana,2021,4.85861873626709
Certhia tianquanensis,2021,4.47659015655518
Ceryle rudis,2021,6.92739009857178
Cettia brunnifrons,2021,4.75002861022949
Cettia castaneocoronata,2021,5.48786163330078
Chalcophaps indica,2021,7.60292959213257
Charadrius atrifrons,2021,2.51530456542969
Charadrius dealbatus,2021,8.12627983093262
Charadrius placidus,2021,4.22730159759522
Charadrius veredus,2021,2.85264182090759
Chlidonias leucopterus,2021,3.44556593894959
Chlidonias niger,2021,3.31455826759338
Chloris ambigua,2021,5.90216112136841
Chloris sinica,2021,5.05548763275147
Chrysolophus pictus,2021,5.5743203163147
Ciconia boyciana,2021,3.43498635292053
Ciconia nigra,2021,3.98204684257507
Circaetus gallicus,2021,4.13818216323853
Circus macrourus,2021,3.16117238998413
Circus spilonotus,2021,2.88094425201416
Cisticola exilis,2021,7.10507249832153
Cisticola juncidis,2021,6.50424432754517
Clamator coromandus,2021,6.66919422149658
Clanga clanga,2021,2.97821712493897
Columba oenas,2021,3.06296372413635
Copsychus saularis,2021,6.58855295181274
Coracias garrulus,2021,3.03370714187622
Coturnicops exquisitus,2021,2.55896091461182
Crex crex,2021,3.03026437759399
Crossoptilon mantchuricum,2021,4.55462884902954
Curruca curruca,2021,3.74594330787659
Cyanistes cyanus,2021,2.75828981399536
Cyanoderma pyrrhops,2021,5.39912176132202
Cygnus cygnus,2021,3.04645538330078
Cygnus olor,2021,3.26765918731689
Cyornis glaucicomans,2021,6.2851243019104
Cyornis hainanus,2021,7.84980583190918
Cyornis rubeculoides,2021,6.60770845413208
Delichon dasypus,2021,4.28351068496704
Dendrocitta formosae,2021,6.79462242126465
Dendrocopos hyperythrus,2021,4.56191062927246
Dendrocygna javanica,2021,7.03306579589844
Dicaeum cruentatum,2021,7.20999956130981
Dicaeum ignipectus,2021,6.41197824478149
Dicaeum minullum,2021,6.19139385223389
Dicrurus annectens,2021,7.40600156784058
Dicrurus hottentottus,2021,6.24984741210938
Dicrurus remifer,2021,6.84397840499878
Egretta eulophotes,2021,4.89268493652344
Egretta garzetta,2021,5.705162525177
Elachura formosa,2021,6.45666217803955
Elanus caeruleus,2021,7.54904317855835
Emberiza buchanani,2021,2.82209873199463
Emberiza citrinella,2021,2.96770763397217
Emberiza elegans,2021,4.69806718826294
Emberiza godlewskii,2021,3.65683722496033
Emberiza hortulana,2021,3.50612926483154
Emberiza leucocephalos,2021,2.55928230285645
Emberiza pallasi,2021,1.89132308959961
Emberiza pusilla,2021,3.17465114593506
Emberiza rustica,2021,1.58000826835632
Emberiza siemsseni,2021,5.00494909286499
Emberiza yessoensis,2021,3.19059157371521
Enicurus leschenaulti,2021,6.25505018234253
Enicurus maculatus,2021,6.85552644729614
Enicurus schistaceus,2021,6.79607963562012
Erpornis zantholeuca,2021,6.98660087585449
Erythrogenys hypoleucos,2021,7.42887306213379
Eudynamys scolopaceus,2021,6.59919691085815
Eumyias thalassinus,2021,6.07243871688843
Falco cherrug,2021,3.2248682975769
Falco severus,2021,6.93816995620728
Ficedula albicilla,2021,2.00005388259888
Ficedula elisae,2021,4.42470550537109
Ficedula erithacus,2021,4.35824155807495
Ficedula hyperythra,2021,6.48767328262329
Ficedula mugimaki,2021,3.09985423088074
Ficedula strophiata,2021,5.7446346282959
Ficedula superciliaris,2021,3.77849626541138
Ficedula tricolor,2021,5.42174291610718
Fringilla coelebs,2021,1.77233600616455
Fringilla montifringilla,2021,2.04101347923279
Galerida cristata,2021,4.19588327407837
Gallicrex cinerea,2021,5.97876119613648
Garrulax maesi,2021,6.75070667266846
Garrulax monileger,2021,7.30867195129395
Gavia arctica,2021,3.17673277854919
Gelochelidon nilotica,2021,4.4807710647583
Geokichla citrina,2021,6.93470764160156
Glaucidium cuculoides,2021,6.70445966720581
Gorsachius melanolophus,2021,7.90149307250977
Gracupica nigricollis,2021,7.00364875793457
Grandala coelicolor,2021,2.55110669136047
Grus japonensis,2021,3.15777134895325
Grus monacha,2021,2.55127620697022
Grus nigricollis,2021,1.83223593235016
Gypaetus barbatus,2021,2.76674771308899
Gyps himalayensis,2021,2.83994936943054
Halcyon coromanda,2021,4.78253030776978
Halcyon pileata,2021,5.9714035987854
Halcyon smyrnensis,2021,7.95745849609375
Haliaeetus leucoryphus,2021,5.92110967636108
Harpactes wardi,2021,4.68008375167847
Helopsaltes certhiola,2021,3.67695355415344
Helopsaltes pryeri,2021,4.21022939682007
Hemiprocne coronata,2021,6.6524977684021
Hemitesia pallidipes,2021,6.64671564102173
Hemixos castanonotus,2021,7.32175731658936
Heterophasia desgodinsi,2021,6.3605899810791
Heteroxenicus stellatus,2021,5.12238931655884
Hieraaetus pennatus,2021,2.25690650939941
Hierococcyx nisicolor,2021,6.77668619155884
Hirundapus caudacutus,2021,3.39697289466858
Hirundo rustica,2021,4.17203998565674
Histrionicus histrionicus,2021,3.11335039138794
Hydrocoloeus minutus,2021,4.82660484313965
Hydrophasianus chirurgus,2021,6.78853845596314
Hydroprogne caspia,2021,5.98105049133301
Hypothymis azurea,2021,6.84114837646484
Hypsipetes leucocephalus,2021,6.30104684829712
Ianthocincla lunulata,2021,5.11197090148926
Ibidorhyncha struthersii,2021,3.19148468971252
Ictinaetus malaiensis,2021,6.98796701431274
Iduna caligata,2021,3.16583490371704
Indicator xanthonotus,2021,5.51306056976318
Ixobrychus cinnamomeus,2021,6.36400175094605
Ixobrychus eurhythmus,2021,4.96454000473023
Ixobrychus minutus,2021,3.48941469192505
Ixos mcclellandii,2021,6.91393613815308
Ketupa flavipes,2021,6.80067110061646
Lalage melaschistos,2021,6.20799732208252
Lanius borealis,2021,2.89944005012512
Lanius collurioides,2021,7.16729640960693
Lanius isabellinus,2021,3.62323498725891
Lanius schach,2021,6.07850646972656
Lanius sphenocercus,2021,3.49662208557129
Lanius tephronotus,2021,3.64217066764832
Larus crassirostris,2021,6.40957880020142
Larvivora brunnea,2021,4.20075082778931
Larvivora cyane,2021,2.77789688110352
Leptopoecile elegans,2021,2.81951665878296
Leptoptilos javanicus,2021,6.74285078048706
Limnodromus semipalmatus,2021,2.67078423500061
Limosa limosa,2021,2.82547950744629
Linaria cannabina,2021,3.57294249534607
Locustella davidi,2021,2.78180885314941
Locustella mandelli,2021,6.74440097808838
Lonchura striata,2021,7.03415966033936
Lophotriorchis kienerii,2021,7.93430519104004
Lophura leucomelanos,2021,5.09858512878418
Lophura nycthemera,2021,7.12553215026856
Loxia curvirostra,2021,2.91536068916321
Macropygia unchall,2021,6.5524115562439
Mareca falcata,2021,2.45956778526306
Megaceryle lugubris,2021,6.32013368606567
Melanitta fusca,2021,2.87672066688538
Melanitta stejnegeri,2021,1.56018471717834
Melanochlora sultanea,2021,7.02332878112793
Mergus serrator,2021,2.85270357131958
Merops philippinus,2021,7.08041715621948
Mixornis gularis,2021,6.65557479858398
Monticola gularis,2021,3.13210725784302
Monticola rufiventris,2021,6.33516693115234
Monticola solitarius,2021,5.23135232925415
Motacilla citreola,2021,3.09300565719605
Moupinia poecilotis,2021,4.00722742080689
Muscicapa dauurica,2021,2.94730567932129
Muscicapa ferruginea,2021,5.63735342025757
Muscicapa muttui,2021,6.63826942443848
Mycerobas affinis,2021,3.6878182888031
Mycerobas carnipes,2021,3.13564491271973
Myiomela leucura,2021,6.2394585609436
Myophonus caeruleus,2021,5.64325189590454
Netta rufina,2021,3.73807334899902
Niltava davidi,2021,6.60511827468872
Niltava grandis,2021,6.34553623199463
Niltava macgrigoriae,2021,6.7579460144043
Niltava sundara,2021,5.33418560028076
Ninox japonica,2021,5.33106994628906
Nipponia nippon,2021,5.79009199142456
Nisaetus nipalensis,2021,6.50629138946533
Numenius madagascariensis,2021,2.73172569274902
Nycticorax nycticorax,2021,6.15079069137573
Oenanthe deserti,2021,3.25101256370544
Oenanthe oenanthe,2021,3.60759019851685
Onychoprion anaethetus,2021,7.77036476135254
Oriolus oriolus,2021,3.37400937080383
Otus lettia,2021,6.89643144607544
Otus semitorques,2021,4.42135715484619
Otus spilocephalus,2021,6.65544414520264
Oxyura leucocephala,2021,4.01640367507935
Panurus biarmicus,2021,3.58071732521057
Paradoxornis guttaticollis,2021,6.66999053955078
Paradoxornis heudei,2021,5.57246971130371
Parayuhina diademata,2021,5.76520252227783
Pardaliparus venustulus,2021,5.91054582595825
Parus monticolus,2021,5.68443632125855
Passer cinnamomeus,2021,5.72984743118286
Passer domesticus,2021,2.76380228996277
Passer hispaniolensis,2021,3.65583205223084
Pelecanus crispus,2021,2.71070432662964
Pellorneum tickelli,2021,7.12439918518066
Perdix hodgsoniae,2021,2.08580684661865
Pericrocotus cantonensis,2021,6.63638925552368
Pericrocotus divaricatus,2021,3.15078520774841
Pericrocotus ethologus,2021,5.02612161636353
Pericrocotus solaris,2021,6.98550796508789
Periparus rubidiventris,2021,2.77177786827087
Pernis ptilorhynchus,2021,3.39865374565125
Phasianus colchicus,2021,4.62951183319092
Phoenicurus erythronotus,2021,3.71019601821899
Phoenicurus frontalis,2021,3.70767831802368
Phoenicurus leucocephalus,2021,4.45204830169678
Phoenicurus ochruros,2021,3.36078929901123
Phoenicurus schisticeps,2021,3.27558493614197
Phylloscopus affinis,2021,3.82569575309753
Phylloscopus burkii,2021,3.16354322433472
Phylloscopus cantator,2021,6.34257650375366
Phylloscopus castaniceps,2021,6.51331520080566
Phylloscopus claudiae,2021,4.99560499191284
Phylloscopus coronatus,2021,4.18945646286011
Phylloscopus emeiensis,2021,5.5858678817749
Phylloscopus intermedius,2021,6.00696563720703
Phylloscopus magnirostris,2021,4.12825155258179
Phylloscopus ogilviegranti,2021,6.95079946517944
Phylloscopus omeiensis,2021,5.06064319610596
Phylloscopus pulcher,2021,4.4961109161377
Phylloscopus ricketti,2021,6.34797859191895
Phylloscopus soror,2021,5.9190821647644
Phylloscopus subaffinis,2021,5.39974880218506
Phylloscopus tenellipes,2021,3.62982773780823
Phylloscopus tephrocephalus,2021,5.49675178527832
Phylloscopus yunnanensis,2021,4.53604078292847
Picumnus innominatus,2021,6.35329008102417
Picus chlorolophus,2021,7.08418703079224
Pitta nympha,2021,6.90152549743652
Platalea minor,2021,4.85623168945313
Pnoepyga immaculata,2021,3.96191906929016
Podiceps auritus,2021,2.63431334495544
Podiceps grisegena,2021,2.95721340179443
Podiceps nigricollis,2021,3.37332487106323
Podoces biddulphi,2021,5.39896535873413
Pomatorhinus schisticeps,2021,6.67448234558106
Pomatorhinus superciliaris,2021,6.32263040542603
Prinia atrogularis,2021,5.8663067817688
Prinia flaviventris,2021,7.19717741012573
Prinia inornata,2021,6.96178340911865
Prunella collaris,2021,2.76008272171021
Prunella himalayana,2021,2.40605759620667
Prunella immaculata,2021,3.10735821723938
Prunella montanella,2021,1.63673567771912
Prunella strophiata,2021,3.71428680419922
Psarisomus dalhousiae,2021,6.72765779495239
Pseudopodoces humilis,2021,1.96260702610016
Psilopogon faber,2021,7.30587720870972
Psilopogon virens,2021,6.62731122970581
Pterorhinus berthemyi,2021,6.49593210220337
Pterorhinus lanceolatus,2021,6.01367568969727
Pterorhinus pectoralis,2021,6.64299583435059
Pterorhinus sannio,2021,6.64318418502808
Pteruthius rufiventer,2021,5.87631130218506
Pteruthius xanthochlorus,2021,5.07508707046509
Ptyonoprogne rupestris,2021,3.88690543174744
Pycnonotus aurigaster,2021,6.93817710876465
Pycnonotus jocosus,2021,7.0604133605957
Pycnonotus sinensis,2021,6.29561042785645
Pycnonotus xanthorrhous,2021,6.23642587661743
Pyrrhula erythaca,2021,4.75491905212402
Pyrrhula nipalensis,2021,6.21749591827393
Rallina eurizonoides,2021,7.50740051269531
Rallus aquaticus,2021,3.152179479599
Recurvirostra avosetta,2021,2.89344477653503
Regulus regulus,2021,4.29481744766235
Remiz consobrinus,2021,3.36312294006348
Remiz coronatus,2021,3.21885514259338
Rhodospiza obsoleta,2021,3.87855458259583
Rubigula flaviventris,2021,7.15935230255127
Sasia ochracea,2021,7.20322370529175
Saxicola ferreus,2021,6.18944835662842
Sitta cinnamoventris,2021,6.73508310317993
Sitta formosa,2021,6.45226716995239
Sitta villosa,2021,4.05482530593872
Sittiparus varius,2021,3.91819596290588
Spilopelia chinensis,2021,6.23905611038208
Spilopelia senegalensis,2021,3.53860473632813
Spilornis cheela,2021,6.88204669952393
Spinus spinus,2021,2.38897562026978
Spizixos semitorques,2021,6.53023290634155
Spodiopsar cineraceus,2021,3.61732411384583
Spodiopsar sericeus,2021,6.89093780517578
Stachyris humei,2021,5.80195283889771
Staphida torqueola,2021,6.85259103775024
Streptopelia decaocto,2021,4.43375301361084
Sturnia sinensis,2021,7.31591939926148
Sturnus vulgaris,2021,3.82790732383728
Suthora fulvifrons,2021,4.7749342918396
Syrmaticus humiae,2021,6.72798252105713
Syrmaticus reevesii,2021,6.06280469894409
Syrrhaptes paradoxus,2021,3.6112847328186
Tarsiger chrysaeus,2021,4.26751708984375
Tarsiger indicus,2021,4.83514785766602
Temnurus temnurus,2021,8.46078109741211
Tephrodornis virgatus,2021,7.40272951126099
Thalasseus bergii,2021,8.11949157714844
Timalia pileata,2021,7.29153823852539
Tragopan caboti,2021,7.19187450408936
Tragopan temminckii,2021,5.65038108825684
Treron curvirostra,2021,7.14965486526489
Treron sieboldii,2021,6.99508857727051
Treron sphenurus,2021,6.1030592918396
Turdus boulboul,2021,6.80463314056397
Turdus cardis,2021,6.29129266738892
Turdus feae,2021,4.40037250518799
Turdus mandarinus,2021,6.22092723846436
Turdus pilaris,2021,2.12874698638916
Turdus rubrocanus,2021,3.95788192749023
Turdus ruficollis,2021,3.34007239341736
Turdus viscivorus,2021,3.74522137641907
Turnix suscitator,2021,6.99068260192871
Tyto longimembris,2021,6.97150754928589
Urile pelagicus,2021,5.10325813293457
Urosphena squameiceps,2021,3.37997388839722
Vanellus cinereus,2021,3.46697926521301
Vanellus indicus,2021,6.88925218582153
Vanellus vanellus,2021,3.26603484153748
Yuhina nigrimenta,2021,6.27331829071045
Zoothera dixoni,2021,5.28710412979126
Zoothera mollissima,2021,3.20091509819031
Zoothera monticola,2021,5.64024686813355
Zosterops erythropleurus,2021,3.65508413314819
Abroscopus albogularis,2022,6.78368330001831
Accipiter gularis,2022,3.04671478271484
Accipiter soloensis,2022,6.10948324203491
Accipiter trivirgatus,2022,7.5251317024231
Accipiter virgatus,2022,6.21537780761719
Acridotheres cristatellus,2022,6.55353879928589
Acridotheres tristis,2022,5.67814636230469
Acrocephalus agricola,2022,4.30671358108521
Acrocephalus bistrigiceps,2022,4.10329151153564
Acrocephalus concinens,2022,5.84745931625366
Acrocephalus orientalis,2022,4.20627355575562
Acrocephalus tangorum,2022,3.38916254043579
Aegithalos bonvaloti,2022,4.29055261611939
Aegithalos caudatus,2022,2.96489906311035
Aegithalos concinnus,2022,6.45646858215332
Aegithalos fuliginosus,2022,4.98280382156372
Aerodramus brevirostris,2022,5.8392186164856
Aethopyga christinae,2022,8.44787120819092
Aethopyga gouldiae,2022,5.20357131958008
Agropsar sturninus,2022,3.63570070266724
Aix galericulata,2022,3.32386946678162
Alauda gulgula,2022,4.83390331268311
Alaudala cheleensis,2022,3.75656580924988
Alcedo hercules,2022,7.29084968566895
Alcippe morrisonia,2022,6.55903625488281
Amaurornis phoenicurus,2022,6.46911001205444
Anastomus oscitans,2022,6.40551090240479
Anser anser,2022,3.12824296951294
Anser fabalis,2022,2.35341191291809
Anser indicus,2022,2.79688191413879
Anthus godlewskii,2022,2.66288566589355
Anthus gustavi,2022,3.18226528167725
Anthus richardi,2022,4.568359375
Anthus roseatus,2022,3.39965510368347
Anthus trivialis,2022,3.05253791809082
Aquila fasciata,2022,7.29385805130005
Aquila heliaca,2022,2.72003245353699
Ardea intermedia,2022,6.69555234909058
Ardea purpurea,2022,5.89897727966309
Ardenna pacifica,2022,7.85807657241821
Artamus fuscus,2022,7.46824026107788
Asio flammeus,2022,2.64145588874817
Athene noctua,2022,3.43932628631592
Aviceda jerdoni,2022,7.53701257705689
Aviceda leuphotes,2022,6.42190074920654
Aythya fuligula,2022,2.62962126731873
Aythya nyroca,2022,3.44720911979675
Bombycilla japonica,2022,1.7817462682724
Branta canadensis,2022,4.27501916885376
Bubo nipalensis,2022,5.22205591201782
Bucanetes mongolicus,2022,3.81755495071411
Butastur indicus,2022,3.42064380645752
Cacomantis merulinus,2022,7.18843746185303
Calandrella brachydactyla,2022,3.96891140937805
Calliope obscura,2022,4.68808841705322
Caprimulgus macrurus,2022,7.59023523330689
Carpodacus roborowskii,2022,1.49848234653473
Carpodacus vinaceus,2022,5.75765609741211
Cecropis daurica,2022,4.7408595085144
Centropus bengalensis,2022,7.09538745880127
Cephalopyrus flammiceps,2022,5.2278790473938
Certhia familiaris,2022,3.49546980857849
Certhia himalayana,2022,4.78644752502441
Certhia tianquanensis,2022,4.48758363723755
Ceryle rudis,2022,6.84357452392578
Cettia brunnifrons,2022,4.67390966415405
Cettia castaneocoronata,2022,5.38773345947266
Chalcophaps indica,2022,7.48338985443115
Charadrius atrifrons,2022,2.51634955406189
Charadrius dealbatus,2022,8.0014533996582
Charadrius placidus,2022,4.12577390670776
Charadrius veredus,2022,2.70059537887573
Chlidonias leucopterus,2022,3.31855964660645
Chlidonias niger,2022,3.27076506614685
Chloris ambigua,2022,5.77313327789307
Chloris sinica,2022,4.97951984405518
Chrysolophus pictus,2022,5.55281686782837
Ciconia boyciana,2022,3.31978487968445
Ciconia nigra,2022,3.91729402542114
Circaetus gallicus,2022,4.07752323150635
Circus macrourus,2022,3.13988161087036
Circus spilonotus,2022,2.74323201179504
Cisticola exilis,2022,6.99995470046997
Cisticola juncidis,2022,6.43510293960571
Clamator coromandus,2022,6.61829233169556
Clanga clanga,2022,2.8533787727356
Columba oenas,2022,3.09890985488892
Copsychus saularis,2022,6.527428150177
Coracias garrulus,2022,3.04306292533875
Coturnicops exquisitus,2022,2.43134164810181
Crex crex,2022,3.02625918388367
Crossoptilon mantchuricum,2022,4.48985958099365
Curruca curruca,2022,3.76178646087647
Cyanistes cyanus,2022,2.69486665725708
Cyanoderma pyrrhops,2022,5.35852670669556
Cygnus cygnus,2022,2.92399573326111
Cygnus olor,2022,3.24686932563782
Cyornis glaucicomans,2022,6.26524686813355
Cyornis hainanus,2022,7.73357534408569
Cyornis rubeculoides,2022,6.47404861450195
Delichon dasypus,2022,4.22718334197998
Dendrocitta formosae,2022,6.72415208816528
Dendrocopos hyperythrus,2022,4.45378065109253
Dendrocygna javanica,2022,6.94792318344116
Dicaeum cruentatum,2022,7.11016702651978
Dicaeum ignipectus,2022,6.34402370452881
Dicaeum minullum,2022,6.10741376876831
Dicrurus annectens,2022,7.28328657150269
Dicrurus hottentottus,2022,6.19013547897339
Dicrurus remifer,2022,6.71633052825928
Egretta eulophotes,2022,4.77864503860474
Egretta garzetta,2022,5.64788818359375
Elachura formosa,2022,6.33533430099487
Elanus caeruleus,2022,7.4556303024292
Emberiza buchanani,2022,2.78772449493408
Emberiza citrinella,2022,2.74940538406372
Emberiza elegans,2022,4.60985136032105
Emberiza godlewskii,2022,3.60197162628174
Emberiza hortulana,2022,3.37217879295349
Emberiza leucocephalos,2022,2.49195671081543
Emberiza pallasi,2022,1.73611974716187
Emberiza pusilla,2022,3.01565265655518
Emberiza rustica,2022,1.26609468460083
Emberiza siemsseni,2022,5.02794075012207
Emberiza yessoensis,2022,3.105544090271
Enicurus leschenaulti,2022,6.19922065734863
Enicurus maculatus,2022,6.74378538131714
Enicurus schistaceus,2022,6.70806932449341
Erpornis zantholeuca,2022,6.87926912307739
Erythrogenys hypoleucos,2022,7.34777307510376
Eudynamys scolopaceus,2022,6.54395198822022
Eumyias thalassinus,2022,6.00649881362915
Falco cherrug,2022,3.20700311660767
Falco severus,2022,6.81338500976563
Ficedula albicilla,2022,1.88329815864563
Ficedula elisae,2022,4.31046152114868
Ficedula erithacus,2022,4.27816438674927
Ficedula hyperythra,2022,6.3883376121521
Ficedula mugimaki,2022,2.96038556098938
Ficedula strophiata,2022,5.69444942474365
Ficedula superciliaris,2022,3.6839599609375
Ficedula tricolor,2022,5.34627771377564
Fringilla coelebs,2022,1.46701776981354
Fringilla montifringilla,2022,1.76459658145905
Galerida cristata,2022,4.12618970870972
Gallicrex cinerea,2022,5.90195322036743
Garrulax maesi,2022,6.69552230834961
Garrulax monileger,2022,7.20698261260986
Gavia arctica,2022,3.12628364562988
Gelochelidon nilotica,2022,4.41777276992798
Geokichla citrina,2022,6.84595537185669
Glaucidium cuculoides,2022,6.64632844924927
Gorsachius melanolophus,2022,7.78885078430176
Gracupica nigricollis,2022,6.89570283889771
Grandala coelicolor,2022,2.49986457824707
Grus japonensis,2022,3.08249378204346
Grus monacha,2022,2.44155740737915
Grus nigricollis,2022,1.84593331813812
Gypaetus barbatus,2022,2.76385807991028
Gyps himalayensis,2022,2.82097816467285
Halcyon coromanda,2022,4.66252136230469
Halcyon pileata,2022,5.89131164550781
Halcyon smyrnensis,2022,7.83302116394043
Haliaeetus leucoryphus,2022,5.78859663009644
Harpactes wardi,2022,4.5457649230957
Helopsaltes certhiola,2022,3.62115144729614
Helopsaltes pryeri,2022,4.09048938751221
Hemiprocne coronata,2022,6.51162433624268
Hemitesia pallidipes,2022,6.52847242355347
Hemixos castanonotus,2022,7.22646045684815
Heterophasia desgodinsi,2022,6.27144527435303
Heteroxenicus stellatus,2022,5.00459623336792
Hieraaetus pennatus,2022,2.15573763847351
Hierococcyx nisicolor,2022,6.66855239868164
Hirundapus caudacutus,2022,3.29928183555603
Hirundo rustica,2022,4.12709999084473
Histrionicus histrionicus,2022,3.07302737236023
Hydrocoloeus minutus,2022,4.8613805770874
Hydrophasianus chirurgus,2022,6.71163034439087
Hydroprogne caspia,2022,5.91332721710205
Hypothymis azurea,2022,6.72560548782349
Hypsipetes leucocephalus,2022,6.23311710357666
Ianthocincla lunulata,2022,5.1013822555542
Ibidorhyncha struthersii,2022,3.16749238967896
Ictinaetus malaiensis,2022,6.89812231063843
Iduna caligata,2022,3.0031578540802
Indicator xanthonotus,2022,5.39328050613403
Ixobrychus cinnamomeus,2022,6.29334354400635
Ixobrychus eurhythmus,2022,4.87092638015747
Ixobrychus minutus,2022,3.50660014152527
Ixos mcclellandii,2022,6.82654476165772
Ketupa flavipes,2022,6.75670051574707
Lalage melaschistos,2022,6.15134334564209
Lanius borealis,2022,2.81683778762817
Lanius collurioides,2022,7.05298614501953
Lanius isabellinus,2022,3.60215401649475
Lanius schach,2022,6.02421617507935
Lanius sphenocercus,2022,3.37475061416626
Lanius tephronotus,2022,3.58745956420898
Larus crassirostris,2022,6.33007383346558
Larvivora brunnea,2022,4.13939571380615
Larvivora cyane,2022,2.65506625175476
Leptopoecile elegans,2022,2.77616214752197
Leptoptilos javanicus,2022,6.61150550842285
Limnodromus semipalmatus,2022,2.53233122825623
Limosa limosa,2022,2.71239376068115
Linaria cannabina,2022,3.50125908851624
Locustella davidi,2022,2.64375352859497
Locustella mandelli,2022,6.64760732650757
Lonchura striata,2022,6.96745252609253
Lophotriorchis kienerii,2022,7.78367948532105
Lophura leucomelanos,2022,4.97497510910034
Lophura nycthemera,2022,7.00705051422119
Loxia curvirostra,2022,2.82331132888794
Macropygia unchall,2022,6.45681047439575
Mareca falcata,2022,2.33748459815979
Megaceryle lugubris,2022,6.25089931488037
Melanitta fusca,2022,2.54605889320374
Melanitta stejnegeri,2022,1.45804178714752
Melanochlora sultanea,2022,6.90913391113281
Mergus serrator,2022,2.75288391113281
Merops philippinus,2022,6.94311094284058
Mixornis gularis,2022,6.51044178009033
Monticola gularis,2022,3.00051784515381
Monticola rufiventris,2022,6.27117967605591
Monticola solitarius,2022,5.15843868255615
Motacilla citreola,2022,3.07568216323853
Moupinia poecilotis,2022,3.94689130783081
Muscicapa dauurica,2022,2.80931830406189
Muscicapa ferruginea,2022,5.57722473144531
Muscicapa muttui,2022,6.5880618095398
Mycerobas affinis,2022,3.59744191169739
Mycerobas carnipes,2022,3.12610578536987
Myiomela leucura,2022,6.17416477203369
Myophonus caeruleus,2022,5.59240961074829
Netta rufina,2022,3.71250438690186
Niltava davidi,2022,6.51791572570801
Niltava grandis,2022,6.21393775939941
Niltava macgrigoriae,2022,6.64200830459595
Niltava sundara,2022,5.27438640594482
Ninox japonica,2022,5.24587774276733
Nipponia nippon,2022,5.82317304611206
Nisaetus nipalensis,2022,6.40507364273071
Numenius madagascariensis,2022,2.64826965332031
Nycticorax nycticorax,2022,6.07537460327148
Oenanthe deserti,2022,3.26143312454224
Oenanthe oenanthe,2022,3.52485370635986
Onychoprion anaethetus,2022,7.70787477493286
Oriolus oriolus,2022,3.31988406181335
Otus lettia,2022,6.82859802246094
Otus semitorques,2022,4.32882785797119
Otus spilocephalus,2022,6.53963327407837
Oxyura leucocephala,2022,4.0547571182251
Panurus biarmicus,2022,3.55121469497681
Paradoxornis guttaticollis,2022,6.58923482894898
Paradoxornis heudei,2022,5.48373746871948
Parayuhina diademata,2022,5.70184564590454
Pardaliparus venustulus,2022,5.87425947189331
Parus monticolus,2022,5.64487648010254
Passer cinnamomeus,2022,5.67628860473633
Passer domesticus,2022,2.71233344078064
Passer hispaniolensis,2022,3.68431854248047
Pelecanus crispus,2022,2.72191190719605
Pellorneum tickelli,2022,7.01358413696289
Perdix hodgsoniae,2022,2.03536105155945
Pericrocotus cantonensis,2022,6.59149312973023
Pericrocotus divaricatus,2022,3.09129357337952
Pericrocotus ethologus,2022,4.96700668334961
Pericrocotus solaris,2022,6.8867244720459
Periparus rubidiventris,2022,2.71262121200562
Pernis ptilorhynchus,2022,3.26615715026855
Phasianus colchicus,2022,4.54351472854614
Phoenicurus erythronotus,2022,3.70359754562378
Phoenicurus frontalis,2022,3.66761374473572
Phoenicurus leucocephalus,2022,4.41160821914673
Phoenicurus ochruros,2022,3.35592794418335
Phoenicurus schisticeps,2022,3.21441078186035
Phylloscopus affinis,2022,3.7786750793457
Phylloscopus burkii,2022,3.09083771705627
Phylloscopus cantator,2022,6.22316837310791
Phylloscopus castaniceps,2022,6.44456672668457
Phylloscopus claudiae,2022,4.9796633720398
Phylloscopus coronatus,2022,4.14125061035156
Phylloscopus emeiensis,2022,5.55697917938232
Phylloscopus intermedius,2022,5.92617034912109
Phylloscopus magnirostris,2022,4.07115888595581
Phylloscopus ogilviegranti,2022,6.85606384277344
Phylloscopus omeiensis,2022,5.04652500152588
Phylloscopus pulcher,2022,4.41073894500732
Phylloscopus ricketti,2022,6.31295967102051
Phylloscopus soror,2022,5.90848970413208
Phylloscopus subaffinis,2022,5.36774206161499
Phylloscopus tenellipes,2022,3.51860237121582
Phylloscopus tephrocephalus,2022,5.45558977127075
Phylloscopus yunnanensis,2022,4.51193237304688
Picumnus innominatus,2022,6.29161739349365
Picus chlorolophus,2022,6.95806789398193
Pitta nympha,2022,6.83493041992188
Platalea minor,2022,4.76155996322632
Pnoepyga immaculata,2022,3.87785053253174
Podiceps auritus,2022,2.61277437210083
Podiceps grisegena,2022,2.92032098770142
Podiceps nigricollis,2022,3.25419497489929
Podoces biddulphi,2022,5.49029922485352
Pomatorhinus schisticeps,2022,6.54704856872559
Pomatorhinus superciliaris,2022,6.20568561553955
Prinia atrogularis,2022,5.7441291809082
Prinia flaviventris,2022,7.08126926422119
Prinia inornata,2022,6.90368890762329
Prunella collaris,2022,2.72792816162109
Prunella himalayana,2022,2.40748310089111
Prunella immaculata,2022,3.0349178314209
Prunella montanella,2022,1.50435566902161
Prunella strophiata,2022,3.66835594177246
Psarisomus dalhousiae,2022,6.61141586303711
Pseudopodoces humilis,2022,1.95996618270874
Psilopogon faber,2022,7.23978281021118
Psilopogon virens,2022,6.52705192565918
Pterorhinus berthemyi,2022,6.4506630897522
Pterorhinus lanceolatus,2022,5.95180082321167
Pterorhinus pectoralis,2022,6.60055780410767
Pterorhinus sannio,2022,6.57897615432739
Pteruthius rufiventer,2022,5.74220371246338
Pteruthius xanthochlorus,2022,4.99563932418823
Ptyonoprogne rupestris,2022,3.84673547744751
Pycnonotus aurigaster,2022,6.83794403076172
Pycnonotus jocosus,2022,6.93717384338379
Pycnonotus sinensis,2022,6.23639249801636
Pycnonotus xanthorrhous,2022,6.16361713409424
Pyrrhula erythaca,2022,4.69047069549561
Pyrrhula nipalensis,2022,6.11299657821655
Rallina eurizonoides,2022,7.39489555358887
Rallus aquaticus,2022,3.18649482727051
Recurvirostra avosetta,2022,2.78676867485046
Regulus regulus,2022,4.24479627609253
Remiz consobrinus,2022,3.22437381744385
Remiz coronatus,2022,3.14155554771423
Rhodospiza obsoleta,2022,3.89017295837402
Rubigula flaviventris,2022,7.03748559951782
Sasia ochracea,2022,7.09355211257935
Saxicola ferreus,2022,6.13283109664917
Sitta cinnamoventris,2022,6.59660196304321
Sitta formosa,2022,6.3129448890686
Sitta villosa,2022,3.99431109428406
Sittiparus varius,2022,3.79978346824646
Spilopelia chinensis,2022,6.17855787277222
Spilopelia senegalensis,2022,3.59052753448486
Spilornis cheela,2022,6.77511596679688
Spinus spinus,2022,2.27630972862244
Spizixos semitorques,2022,6.4936089515686
Spodiopsar cineraceus,2022,3.51806902885437
Spodiopsar sericeus,2022,6.83773803710938
Stachyris humei,2022,5.67948627471924
Staphida torqueola,2022,6.78850746154785
Streptopelia decaocto,2022,4.41528511047363
Sturnia sinensis,2022,7.22947931289673
Sturnus vulgaris,2022,3.80899381637573
Suthora fulvifrons,2022,4.70237016677856
Syrmaticus humiae,2022,6.58290767669678
Syrmaticus reevesii,2022,6.05225467681885
Syrrhaptes paradoxus,2022,3.51198697090149
Tarsiger chrysaeus,2022,4.15724802017212
Tarsiger indicus,2022,4.71635437011719
Temnurus temnurus,2022,8.31711959838867
Tephrodornis virgatus,2022,7.30551481246948
Thalasseus bergii,2022,7.98441505432129
Timalia pileata,2022,7.19022369384766
Tragopan caboti,2022,7.09234809875488
Tragopan temminckii,2022,5.58941650390625
Treron curvirostra,2022,7.0172438621521
Treron sieboldii,2022,6.94135522842407
Treron sphenurus,2022,5.97800016403198
Turdus boulboul,2022,6.69341564178467
Turdus cardis,2022,6.29131317138672
Turdus feae,2022,4.30143356323242
Turdus mandarinus,2022,6.17173099517822
Turdus pilaris,2022,1.98222017288208
Turdus rubrocanus,2022,3.92201519012451
Turdus ruficollis,2022,3.35677075386047
Turdus viscivorus,2022,3.74279570579529
Turnix suscitator,2022,6.88061046600342
Tyto longimembris,2022,6.88430595397949
Urile pelagicus,2022,4.97473430633545
Urosphena squameiceps,2022,3.27963161468506
Vanellus cinereus,2022,3.31649541854858
Vanellus indicus,2022,6.73805475234985
Vanellus vanellus,2022,3.14667630195618
Yuhina nigrimenta,2022,6.19069576263428
Zoothera dixoni,2022,5.17289113998413
Zoothera mollissima,2022,3.10338592529297
Zoothera monticola,2022,5.50806760787964
Zosterops erythropleurus,2022,3.53185415267944
Abroscopus albogularis,2023,6.82895803451538
Accipiter gularis,2023,3.20318961143494
Accipiter soloensis,2023,6.17157983779907
Accipiter trivirgatus,2023,7.65619993209839
Accipiter virgatus,2023,6.28726434707642
Acridotheres cristatellus,2023,6.59159421920776
Acridotheres tristis,2023,5.82648229598999
Acrocephalus agricola,2023,4.35331010818481
Acrocephalus bistrigiceps,2023,4.22251987457275
Acrocephalus concinens,2023,5.89799118041992
Acrocephalus orientalis,2023,4.31916618347168
Acrocephalus tangorum,2023,3.56458163261414
Aegithalos bonvaloti,2023,4.43796586990356
Aegithalos caudatus,2023,3.10734510421753
Aegithalos concinnus,2023,6.4923357963562
Aegithalos fuliginosus,2023,5.00564098358154
Aerodramus brevirostris,2023,5.91608905792236
Aethopyga christinae,2023,8.56392669677734
Aethopyga gouldiae,2023,5.25652933120728
Agropsar sturninus,2023,3.76839542388916
Aix galericulata,2023,3.47836136817932
Alauda gulgula,2023,4.8717212677002
Alaudala cheleensis,2023,3.84520435333252
Alcedo hercules,2023,7.42007684707642
Alcippe morrisonia,2023,6.59970045089722
Amaurornis phoenicurus,2023,6.51007795333862
Anastomus oscitans,2023,6.54834413528442
Anser anser,2023,3.2257080078125
Anser fabalis,2023,2.45604395866394
Anser indicus,2023,2.84165811538696
Anthus godlewskii,2023,2.7907874584198
Anthus gustavi,2023,3.31726169586182
Anthus richardi,2023,4.65152454376221
Anthus roseatus,2023,3.44609785079956
Anthus trivialis,2023,3.15437579154968
Aquila fasciata,2023,7.32140636444092
Aquila heliaca,2023,2.80800557136536
Ardea intermedia,2023,6.73703193664551
Ardea purpurea,2023,5.970130443573
Ardenna pacifica,2023,7.89528274536133
Artamus fuscus,2023,7.58323669433594
Asio flammeus,2023,2.73482632637024
Athene noctua,2023,3.51882386207581
Aviceda jerdoni,2023,7.67705202102661
Aviceda leuphotes,2023,6.48867654800415
Aythya fuligula,2023,2.74541354179382
Aythya nyroca,2023,3.53394484519959
Bombycilla japonica,2023,1.86669969558716
Branta canadensis,2023,4.50747156143189
Bubo nipalensis,2023,5.36342668533325
Bucanetes mongolicus,2023,3.91512227058411
Butastur indicus,2023,3.59408593177795
Cacomantis merulinus,2023,7.29234790802002
Calandrella brachydactyla,2023,4.0470404624939
Calliope obscura,2023,4.67834997177124
Caprimulgus macrurus,2023,7.73224830627441
Carpodacus roborowskii,2023,1.52176928520203
Carpodacus vinaceus,2023,5.82926893234253
Cecropis daurica,2023,4.82235956192017
Centropus bengalensis,2023,7.13650512695313
Cephalopyrus flammiceps,2023,5.31553936004639
Certhia familiaris,2023,3.60601615905762
Certhia himalayana,2023,4.88406181335449
Certhia tianquanensis,2023,4.53288555145264
Ceryle rudis,2023,6.89414882659912
Cettia brunnifrons,2023,4.74941492080689
Cettia castaneocoronata,2023,5.49773740768433
Chalcophaps indica,2023,7.58943891525269
Charadrius atrifrons,2023,2.54864072799683
Charadrius dealbatus,2023,8.06393623352051
Charadrius placidus,2023,4.25960636138916
Charadrius veredus,2023,2.83839011192322
Chlidonias leucopterus,2023,3.45824956893921
Chlidonias niger,2023,3.3696436882019
Chloris ambigua,2023,5.93727111816406
Chloris sinica,2023,5.06171751022339
Chrysolophus pictus,2023,5.58462142944336
Ciconia boyciana,2023,3.46632242202759
Ciconia nigra,2023,4.01910305023193
Circaetus gallicus,2023,4.16162347793579
Circus macrourus,2023,3.21015310287476
Circus spilonotus,2023,2.88033795356751
Cisticola exilis,2023,7.06753921508789
Cisticola juncidis,2023,6.49639987945557
Clamator coromandus,2023,6.65066146850586
Clanga clanga,2023,2.99659705162048
Columba oenas,2023,3.18368220329285
Copsychus saularis,2023,6.56991720199585
Coracias garrulus,2023,3.13865947723389
Coturnicops exquisitus,2023,2.54293060302734
Crex crex,2023,3.11280918121338
Crossoptilon mantchuricum,2023,4.57908296585083
Curruca curruca,2023,3.82334160804749
Cyanistes cyanus,2023,2.7846691608429
Cyanoderma pyrrhops,2023,5.43001794815064
Cygnus cygnus,2023,3.0401885509491
Cygnus olor,2023,3.31411623954773
Cyornis glaucicomans,2023,6.29766845703125
Cyornis hainanus,2023,7.82697772979736
Cyornis rubeculoides,2023,6.57261466979981
Delichon dasypus,2023,4.27015352249146
Dendrocitta formosae,2023,6.76979780197144
Dendrocopos hyperythrus,2023,4.58457136154175
Dendrocygna javanica,2023,6.9978666305542
Dicaeum cruentatum,2023,7.17527055740356
Dicaeum ignipectus,2023,6.3931188583374
Dicaeum minullum,2023,6.17958974838257
Dicrurus annectens,2023,7.43090629577637
Dicrurus hottentottus,2023,6.2358603477478
Dicrurus remifer,2023,6.87339878082275
Egretta eulophotes,2023,5.01440525054932
Egretta garzetta,2023,5.6948504447937
Elachura formosa,2023,6.46628475189209
Elanus caeruleus,2023,7.49596548080444
Emberiza buchanani,2023,2.87953424453735
Emberiza citrinella,2023,2.88673377037048
Emberiza elegans,2023,4.70939254760742
Emberiza godlewskii,2023,3.67617726325989
Emberiza hortulana,2023,3.48490166664124
Emberiza leucocephalos,2023,2.57047915458679
Emberiza pallasi,2023,1.833411693573
Emberiza pusilla,2023,3.16368651390076
Emberiza rustica,2023,1.41240978240967
Emberiza siemsseni,2023,5.0394082069397
Emberiza yessoensis,2023,3.25593400001526
Enicurus leschenaulti,2023,6.24024200439453
Enicurus maculatus,2023,6.85447978973389
Enicurus schistaceus,2023,6.77790594100952
Erpornis zantholeuca,2023,6.96397113800049
Erythrogenys hypoleucos,2023,7.4089527130127
Eudynamys scolopaceus,2023,6.5819206237793
Eumyias thalassinus,2023,6.07084035873413
Falco cherrug,2023,3.26528024673462
Falco severus,2023,6.94161176681519
Ficedula albicilla,2023,1.96431469917297
Ficedula elisae,2023,4.45571899414063
Ficedula erithacus,2023,4.366295337677
Ficedula hyperythra,2023,6.49955177307129
Ficedula mugimaki,2023,3.11223340034485
Ficedula strophiata,2023,5.76317024230957
Ficedula superciliaris,2023,3.77022814750671
Ficedula tricolor,2023,5.43509960174561
Fringilla coelebs,2023,1.6039023399353
Fringilla montifringilla,2023,1.91123414039612
Galerida cristata,2023,4.23099994659424
Gallicrex cinerea,2023,5.98444080352783
Garrulax maesi,2023,6.74074840545654
Garrulax monileger,2023,7.26910829544067
Gavia arctica,2023,3.21693992614746
Gelochelidon nilotica,2023,4.52924728393555
Geokichla citrina,2023,6.90482425689697
Glaucidium cuculoides,2023,6.68403387069702
Gorsachius melanolophus,2023,7.88659000396729
Gracupica nigricollis,2023,6.98319530487061
Grandala coelicolor,2023,2.54062342643738
Grus japonensis,2023,3.20303344726563
Grus monacha,2023,2.51438736915588
Grus nigricollis,2023,1.8423513174057
Gypaetus barbatus,2023,2.7992434501648
Gyps himalayensis,2023,2.8707435131073
Halcyon coromanda,2023,4.86696910858154
Halcyon pileata,2023,5.97379541397095
Halcyon smyrnensis,2023,7.89851474761963
Haliaeetus leucoryphus,2023,5.87376928329468
Harpactes wardi,2023,4.64130926132202
Helopsaltes certhiola,2023,3.71608114242554
Helopsaltes pryeri,2023,4.17508935928345
Hemiprocne coronata,2023,6.66770935058594
Hemitesia pallidipes,2023,6.67813110351563
Hemixos castanonotus,2023,7.27221202850342
Heterophasia desgodinsi,2023,6.3879771232605
Heteroxenicus stellatus,2023,5.12319564819336
Hieraaetus pennatus,2023,2.26389288902283
Hierococcyx nisicolor,2023,6.7614049911499
Hirundapus caudacutus,2023,3.4105007648468
Hirundo rustica,2023,4.19527387619019
Histrionicus histrionicus,2023,3.19243121147156
Hydrocoloeus minutus,2023,4.90368747711182
Hydrophasianus chirurgus,2023,6.76147794723511
Hydroprogne caspia,2023,6.00787496566773
Hypothymis azurea,2023,6.83620405197144
Hypsipetes leucocephalus,2023,6.27807998657227
Ianthocincla lunulata,2023,5.14541625976563
Ibidorhyncha struthersii,2023,3.21381497383118
Ictinaetus malaiensis,2023,6.91811800003052
Iduna caligata,2023,3.12440037727356
Indicator xanthonotus,2023,5.46962404251099
Ixobrychus cinnamomeus,2023,6.36161756515503
Ixobrychus eurhythmus,2023,4.96006202697754
Ixobrychus minutus,2023,3.56957578659058
Ixos mcclellandii,2023,6.88813924789429
Ketupa flavipes,2023,6.76954030990601
Lalage melaschistos,2023,6.19590187072754
Lanius borealis,2023,2.90554714202881
Lanius collurioides,2023,7.17466163635254
Lanius isabellinus,2023,3.67123508453369
Lanius schach,2023,6.06306266784668
Lanius sphenocercus,2023,3.5088062286377
Lanius tephronotus,2023,3.66280007362366
Larus crassirostris,2023,6.41488027572632
Larvivora brunnea,2023,4.20604038238525
Larvivora cyane,2023,2.79454922676086
Leptopoecile elegans,2023,2.83069467544556
Leptoptilos javanicus,2023,6.78710699081421
Limnodromus semipalmatus,2023,2.64994764328003
Limosa limosa,2023,2.80851674079895
Linaria cannabina,2023,3.60028409957886
Locustella davidi,2023,2.78298330307007
Locustella mandelli,2023,6.72294759750366
Lonchura striata,2023,6.99567556381226
Lophotriorchis kienerii,2023,7.90501260757446
Lophura leucomelanos,2023,5.07051229476929
Lophura nycthemera,2023,7.1370210647583
Loxia curvirostra,2023,2.92779350280762
Macropygia unchall,2023,6.54230356216431
Mareca falcata,2023,2.4435350894928
Megaceryle lugubris,2023,6.31749773025513
Melanitta fusca,2023,2.72224688529968
Melanitta stejnegeri,2023,1.54285526275635
Melanochlora sultanea,2023,7.01749610900879
Mergus serrator,2023,2.88577723503113
Merops philippinus,2023,7.10000944137573
Mixornis gularis,2023,6.70159482955933
Monticola gularis,2023,3.145188331604
Monticola rufiventris,2023,6.31768083572388
Monticola solitarius,2023,5.23145866394043
Motacilla citreola,2023,3.12502884864807
Moupinia poecilotis,2023,4.03413105010986
Muscicapa dauurica,2023,2.9515106678009
Muscicapa ferruginea,2023,5.65836334228516
Muscicapa muttui,2023,6.65340900421143
Mycerobas affinis,2023,3.67783522605896
Mycerobas carnipes,2023,3.18246746063232
Myiomela leucura,2023,6.24862051010132
Myophonus caeruleus,2023,5.63848400115967
Netta rufina,2023,3.79349255561829
Niltava davidi,2023,6.59327220916748
Niltava grandis,2023,6.36282730102539
Niltava macgrigoriae,2023,6.77725458145142
Niltava sundara,2023,5.34068250656128
Ninox japonica,2023,5.33470153808594
Nipponia nippon,2023,5.79580640792847
Nisaetus nipalensis,2023,6.49981355667114
Numenius madagascariensis,2023,2.77247333526611
Nycticorax nycticorax,2023,6.14913940429688
Oenanthe deserti,2023,3.30960965156555
Oenanthe oenanthe,2023,3.63190650939941
Onychoprion anaethetus,2023,7.72557735443115
Oriolus oriolus,2023,3.41142582893372
Otus lettia,2023,6.86840772628784
Otus semitorques,2023,4.48362112045288
Otus spilocephalus,2023,6.6160945892334
Oxyura leucocephala,2023,4.13437414169312
Panurus biarmicus,2023,3.6393358707428
Paradoxornis guttaticollis,2023,6.66300964355469
Paradoxornis heudei,2023,5.60546684265137
Parayuhina diademata,2023,5.79359674453735
Pardaliparus venustulus,2023,5.90809154510498
Parus monticolus,2023,5.70216608047485
Passer cinnamomeus,2023,5.72805213928223
Passer domesticus,2023,2.79021000862122
Passer hispaniolensis,2023,3.74860405921936
Pelecanus crispus,2023,2.77241635322571
Pellorneum tickelli,2023,7.16767263412476
Perdix hodgsoniae,2023,2.05864572525024
Pericrocotus cantonensis,2023,6.60805082321167
Pericrocotus divaricatus,2023,3.25152063369751
Pericrocotus ethologus,2023,5.03467178344727
Pericrocotus solaris,2023,6.9593563079834
Periparus rubidiventris,2023,2.76284217834473
Pernis ptilorhynchus,2023,3.4063868522644
Phasianus colchicus,2023,4.63590431213379
Phoenicurus erythronotus,2023,3.78783249855042
Phoenicurus frontalis,2023,3.71332049369812
Phoenicurus leucocephalus,2023,4.45685195922852
Phoenicurus ochruros,2023,3.4043653011322
Phoenicurus schisticeps,2023,3.27007293701172
Phylloscopus affinis,2023,3.82243657112122
Phylloscopus burkii,2023,3.12647986412048
Phylloscopus cantator,2023,6.35412406921387
Phylloscopus castaniceps,2023,6.49944114685059
Phylloscopus claudiae,2023,5.02069997787476
Phylloscopus coronatus,2023,4.20958089828491
Phylloscopus emeiensis,2023,5.65018177032471
Phylloscopus intermedius,2023,5.96312475204468
Phylloscopus magnirostris,2023,4.1506142616272
Phylloscopus ogilviegranti,2023,6.93645763397217
Phylloscopus omeiensis,2023,5.08878755569458
Phylloscopus pulcher,2023,4.51875877380371
Phylloscopus ricketti,2023,6.32534265518189
Phylloscopus soror,2023,5.91732406616211
Phylloscopus subaffinis,2023,5.39063358306885
Phylloscopus tenellipes,2023,3.71478366851807
Phylloscopus tephrocephalus,2023,5.51887369155884
Phylloscopus yunnanensis,2023,4.57097721099854
Picumnus innominatus,2023,6.33423519134522
Picus chlorolophus,2023,7.0756459236145
Pitta nympha,2023,6.84221887588501
Platalea minor,2023,4.95417308807373
Pnoepyga immaculata,2023,3.94130802154541
Podiceps auritus,2023,2.6927502155304
Podiceps grisegena,2023,3.0362401008606
Podiceps nigricollis,2023,3.41330790519714
Podoces biddulphi,2023,5.52814483642578
Pomatorhinus schisticeps,2023,6.62230730056763
Pomatorhinus superciliaris,2023,6.32632541656494
Prinia atrogularis,2023,5.81333351135254
Prinia flaviventris,2023,7.25444459915161
Prinia inornata,2023,6.93012046813965
Prunella collaris,2023,2.78229832649231
Prunella himalayana,2023,2.49401807785034
Prunella immaculata,2023,3.09533166885376
Prunella montanella,2023,1.61742186546326
Prunella strophiata,2023,3.73342943191528
Psarisomus dalhousiae,2023,6.76027059555054
Pseudopodoces humilis,2023,1.98217809200287
Psilopogon faber,2023,7.25294208526611
Psilopogon virens,2023,6.60225296020508
Pterorhinus berthemyi,2023,6.45722389221191
Pterorhinus lanceolatus,2023,6.00920391082764
Pterorhinus pectoralis,2023,6.60710668563843
Pterorhinus sannio,2023,6.6254358291626
Pteruthius rufiventer,2023,5.86000156402588
Pteruthius xanthochlorus,2023,5.081618309021
Ptyonoprogne rupestris,2023,3.92694973945618
Pycnonotus aurigaster,2023,6.91247463226318
Pycnonotus jocosus,2023,7.05150032043457
Pycnonotus sinensis,2023,6.29053640365601
Pycnonotus xanthorrhous,2023,6.23408174514771
Pyrrhula erythaca,2023,4.76208686828613
Pyrrhula nipalensis,2023,6.19171142578125
Rallina eurizonoides,2023,7.52167510986328
Rallus aquaticus,2023,3.22816395759583
Recurvirostra avosetta,2023,2.88788795471191
Regulus regulus,2023,4.31566619873047
Remiz consobrinus,2023,3.37738752365112
Remiz coronatus,2023,3.24164581298828
Rhodospiza obsoleta,2023,3.95159649848938
Rubigula flaviventris,2023,7.19603061676025
Sasia ochracea,2023,7.22995615005493
Saxicola ferreus,2023,6.17245769500732
Sitta cinnamoventris,2023,6.77796030044556
Sitta formosa,2023,6.47841596603394
Sitta villosa,2023,4.10060358047485
Sittiparus varius,2023,4.02996778488159
Spilopelia chinensis,2023,6.23390674591065
Spilopelia senegalensis,2023,3.66116952896118
Spilornis cheela,2023,6.85030698776245
Spinus spinus,2023,2.37873315811157
Spizixos semitorques,2023,6.50595474243164
Spodiopsar cineraceus,2023,3.63672089576721
Spodiopsar sericeus,2023,6.850501537323
Stachyris humei,2023,5.74736166000366
Staphida torqueola,2023,6.82610607147217
Streptopelia decaocto,2023,4.49599599838257
Sturnia sinensis,2023,7.25006151199341
Sturnus vulgaris,2023,3.90054941177368
Suthora fulvifrons,2023,4.79337215423584
Syrmaticus humiae,2023,6.78197813034058
Syrmaticus reevesii,2023,6.07344818115234
Syrrhaptes paradoxus,2023,3.62917971611023
Tarsiger chrysaeus,2023,4.2610912322998
Tarsiger indicus,2023,4.84715700149536
Temnurus temnurus,2023,8.43544483184815
Tephrodornis virgatus,2023,7.34909105300903
Thalasseus bergii,2023,8.03838920593262
Timalia pileata,2023,7.27906274795532
Tragopan caboti,2023,7.1068868637085
Tragopan temminckii,2023,5.65415668487549
Treron curvirostra,2023,7.17910671234131
Treron sieboldii,2023,6.94693803787231
Treron sphenurus,2023,6.13559103012085
Turdus boulboul,2023,6.83675527572632
Turdus cardis,2023,6.28457450866699
Turdus feae,2023,4.42915344238281
Turdus mandarinus,2023,6.20004320144653
Turdus pilaris,2023,2.07841539382935
Turdus rubrocanus,2023,3.96072816848755
Turdus ruficollis,2023,3.42227959632874
Turdus viscivorus,2023,3.81894707679749
Turnix suscitator,2023,6.98955678939819
Tyto longimembris,2023,6.94393301010132
Urile pelagicus,2023,5.23165464401245
Urosphena squameiceps,2023,3.51102900505066
Vanellus cinereus,2023,3.45904564857483
Vanellus indicus,2023,6.93527460098267
Vanellus vanellus,2023,3.28147506713867
Yuhina nigrimenta,2023,6.25185251235962
Zoothera dixoni,2023,5.31432390213013
Zoothera mollissima,2023,3.16655278205872
Zoothera monticola,2023,5.59425210952759
Zosterops erythropleurus,2023,3.72039484977722
Abroscopus albogularis,2024,6.91005611419678
Accipiter gularis,2024,3.30042290687561
Accipiter soloensis,2024,6.25634860992432
Accipiter trivirgatus,2024,7.70149421691895
Accipiter virgatus,2024,6.36152029037476
Acridotheres cristatellus,2024,6.66824293136597
Acridotheres tristis,2024,5.80967140197754
Acrocephalus agricola,2024,4.33606100082397
Acrocephalus bistrigiceps,2024,4.30554389953613
Acrocephalus concinens,2024,5.96099853515625
Acrocephalus orientalis,2024,4.40371131896973
Acrocephalus tangorum,2024,3.6708972454071
Aegithalos bonvaloti,2024,4.48531866073608
Aegithalos caudatus,2024,3.20508909225464
Aegithalos concinnus,2024,6.5686206817627
Aegithalos fuliginosus,2024,5.07277727127075
Aerodramus brevirostris,2024,5.9808497428894
Aethopyga christinae,2024,8.61580562591553
Aethopyga gouldiae,2024,5.32383680343628
Agropsar sturninus,2024,3.85098361968994
Aix galericulata,2024,3.57388997077942
Alauda gulgula,2024,4.94190788269043
Alaudala cheleensis,2024,3.88332915306091
Alcedo hercules,2024,7.46933603286743
Alcippe morrisonia,2024,6.67613220214844
Amaurornis phoenicurus,2024,6.58601474761963
Anastomus oscitans,2024,6.59500503540039
Anser anser,2024,3.28359341621399
Anser fabalis,2024,2.57611060142517
Anser indicus,2024,2.79984951019287
Anthus godlewskii,2024,2.96668553352356
Anthus gustavi,2024,3.36628818511963
Anthus richardi,2024,4.72012090682983
Anthus roseatus,2024,3.4803638458252
Anthus trivialis,2024,3.09089970588684
Aquila fasciata,2024,7.41939306259155
Aquila heliaca,2024,2.83076071739197
Ardea intermedia,2024,6.81520700454712
Ardea purpurea,2024,6.05028915405273
Ardenna pacifica,2024,8.01175117492676
Artamus fuscus,2024,7.64320993423462
Asio flammeus,2024,2.79390525817871
Athene noctua,2024,3.55728626251221
Aviceda jerdoni,2024,7.72037363052368
Aviceda leuphotes,2024,6.56195831298828
Aythya fuligula,2024,2.87429523468018
Aythya nyroca,2024,3.53720617294312
Bombycilla japonica,2024,1.95261347293854
Branta canadensis,2024,4.55269622802734
Bubo nipalensis,2024,5.41002702713013
Bucanetes mongolicus,2024,3.93726682662964
Butastur indicus,2024,3.68110966682434
Cacomantis merulinus,2024,7.35855150222778
Calandrella brachydactyla,2024,4.05049753189087
Calliope obscura,2024,4.75645446777344
Caprimulgus macrurus,2024,7.77564525604248
Carpodacus roborowskii,2024,1.59116303920746
Carpodacus vinaceus,2024,5.88811445236206
Cecropis daurica,2024,4.89267253875732
Centropus bengalensis,2024,7.22437143325806
Cephalopyrus flammiceps,2024,5.37559747695923
Certhia familiaris,2024,3.66971755027771
Certhia himalayana,2024,4.93752145767212
Certhia tianquanensis,2024,4.59020090103149
Ceryle rudis,2024,6.97373867034912
Cettia brunnifrons,2024,4.82114553451538
Cettia castaneocoronata,2024,5.55806112289429
Chalcophaps indica,2024,7.65250492095947
Charadrius atrifrons,2024,2.57577347755432
Charadrius dealbatus,2024,8.15392971038818
Charadrius placidus,2024,4.33913946151733
Charadrius veredus,2024,2.99563050270081
Chlidonias leucopterus,2024,3.54352378845215
Chlidonias niger,2024,3.31066060066223
Chloris ambigua,2024,5.973876953125
Chloris sinica,2024,5.1399998664856
Chrysolophus pictus,2024,5.65990543365479
Ciconia boyciana,2024,3.56897807121277
Ciconia nigra,2024,4.06768560409546
Circaetus gallicus,2024,4.19980525970459
Circus macrourus,2024,3.18716502189636
Circus spilonotus,2024,2.99749350547791
Cisticola exilis,2024,7.14774799346924
Cisticola juncidis,2024,6.57091856002808
Clamator coromandus,2024,6.7301082611084
Clanga clanga,2024,3.09214949607849
Columba oenas,2024,3.01743149757385
Copsychus saularis,2024,6.64570999145508
Coracias garrulus,2024,2.97280669212341
Coturnicops exquisitus,2024,2.66564965248108
Crex crex,2024,2.98614168167114
Crossoptilon mantchuricum,2024,4.63153982162476
Curruca curruca,2024,3.81883955001831
Cyanistes cyanus,2024,2.81956076622009
Cyanoderma pyrrhops,2024,5.41127014160156
Cygnus cygnus,2024,3.13002061843872
Cygnus olor,2024,3.37953209877014
Cyornis glaucicomans,2024,6.3764386177063
Cyornis hainanus,2024,7.89824104309082
Cyornis rubeculoides,2024,6.64142417907715
Delichon dasypus,2024,4.34502649307251
Dendrocitta formosae,2024,6.84758520126343
Dendrocopos hyperythrus,2024,4.63677215576172
Dendrocygna javanica,2024,7.07828617095947
Dicaeum cruentatum,2024,7.2569055557251
Dicaeum ignipectus,2024,6.46912097930908
Dicaeum minullum,2024,6.25351524353027
Dicrurus annectens,2024,7.46937131881714
Dicrurus hottentottus,2024,6.31036233901978
Dicrurus remifer,2024,6.91113090515137
Egretta eulophotes,2024,5.05091905593872
Egretta garzetta,2024,5.7675518989563
Elachura formosa,2024,6.5180253982544
Elanus caeruleus,2024,7.58572959899902
Emberiza buchanani,2024,2.81794881820679
Emberiza citrinella,2024,3.05409073829651
Emberiza elegans,2024,4.79465866088867
Emberiza godlewskii,2024,3.72532105445862
Emberiza hortulana,2024,3.59540295600891
Emberiza leucocephalos,2024,2.63666892051697
Emberiza pallasi,2024,1.99876844882965
Emberiza pusilla,2024,3.27091956138611
Emberiza rustica,2024,1.63593721389771
Emberiza siemsseni,2024,5.10634183883667
Emberiza yessoensis,2024,3.33915495872498
Enicurus leschenaulti,2024,6.3153395652771
Enicurus maculatus,2024,6.91616916656494
Enicurus schistaceus,2024,6.85549879074097
Erpornis zantholeuca,2024,7.03878736495972
Erythrogenys hypoleucos,2024,7.49152517318726
Eudynamys scolopaceus,2024,6.65889978408814
Eumyias thalassinus,2024,6.14193487167358
Falco cherrug,2024,3.28894019126892
Falco severus,2024,6.99569654464722
Ficedula albicilla,2024,2.0644166469574
Ficedula elisae,2024,4.49546194076538
Ficedula erithacus,2024,4.42743301391602
Ficedula hyperythra,2024,6.55850601196289
Ficedula mugimaki,2024,3.21682405471802
Ficedula strophiata,2024,5.82599973678589
Ficedula superciliaris,2024,3.82549047470093
Ficedula tricolor,2024,5.49665117263794
Fringilla coelebs,2024,1.82562482357025
Fringilla montifringilla,2024,2.11367583274841
Galerida cristata,2024,4.28222417831421
Gallicrex cinerea,2024,6.05617570877075
Garrulax maesi,2024,6.82603693008423
Garrulax monileger,2024,7.35360813140869
Gavia arctica,2024,3.19434714317322
Gelochelidon nilotica,2024,4.52077960968018
Geokichla citrina,2024,6.98278665542603
Glaucidium cuculoides,2024,6.76202154159546
Gorsachius melanolophus,2024,7.94982957839966
Gracupica nigricollis,2024,7.05707883834839
Grandala coelicolor,2024,2.60060858726501
Grus japonensis,2024,3.26884031295776
Grus monacha,2024,2.58396172523499
Grus nigricollis,2024,1.89210724830627
Gypaetus barbatus,2024,2.82186484336853
Gyps himalayensis,2024,2.89976930618286
Halcyon coromanda,2024,4.92528390884399
Halcyon pileata,2024,6.03839588165283
Halcyon smyrnensis,2024,7.98485708236694
Haliaeetus leucoryphus,2024,5.9384651184082
Harpactes wardi,2024,4.72320079803467
Helopsaltes certhiola,2024,3.76199841499329
Helopsaltes pryeri,2024,4.31322813034058
Hemiprocne coronata,2024,6.70574474334717
Hemitesia pallidipes,2024,6.72185182571411
Hemixos castanonotus,2024,7.36594009399414
Heterophasia desgodinsi,2024,6.44014692306519
Heteroxenicus stellatus,2024,5.17764520645142
Hieraaetus pennatus,2024,2.30265140533447
Hierococcyx nisicolor,2024,6.83057832717896
Hirundapus caudacutus,2024,3.49099946022034
Hirundo rustica,2024,4.24322366714478
Histrionicus histrionicus,2024,3.25137281417847
Hydrocoloeus minutus,2024,4.89171600341797
Hydrophasianus chirurgus,2024,6.83904790878296
Hydroprogne caspia,2024,6.05869579315186
Hypothymis azurea,2024,6.89932155609131
Hypsipetes leucocephalus,2024,6.35531139373779
Ianthocincla lunulata,2024,5.20723104476929
Ibidorhyncha struthersii,2024,3.25210356712341
Ictinaetus malaiensis,2024,7.0139627456665
Iduna caligata,2024,3.25339221954346
Indicator xanthonotus,2024,5.55808305740356
Ixobrychus cinnamomeus,2024,6.4330472946167
Ixobrychus eurhythmus,2024,5.04767084121704
Ixobrychus minutus,2024,3.49252963066101
Ixos mcclellandii,2024,6.96434164047241
Ketupa flavipes,2024,6.85560703277588
Lalage melaschistos,2024,6.26929998397827
Lanius borealis,2024,2.94628691673279
Lanius collurioides,2024,7.23105955123901
Lanius isabellinus,2024,3.71330046653748
Lanius schach,2024,6.1379828453064
Lanius sphenocercus,2024,3.59486985206604
Lanius tephronotus,2024,3.72414922714233
Larus crassirostris,2024,6.49713516235352
Larvivora brunnea,2024,4.275634765625
Larvivora cyane,2024,2.90054225921631
Leptopoecile elegans,2024,2.90111088752747
Leptoptilos javanicus,2024,6.81805849075317
Limnodromus semipalmatus,2024,2.79595565795898
Limosa limosa,2024,2.91161704063416
Linaria cannabina,2024,3.60649251937866
Locustella davidi,2024,2.89584183692932
Locustella mandelli,2024,6.80018472671509
Lonchura striata,2024,7.08224153518677
Lophotriorchis kienerii,2024,7.95471525192261
Lophura leucomelanos,2024,5.15086364746094
Lophura nycthemera,2024,7.18774223327637
Loxia curvirostra,2024,2.99637651443481
Macropygia unchall,2024,6.61355018615723
Mareca falcata,2024,2.56517386436462
Megaceryle lugubris,2024,6.3889274597168
Melanitta fusca,2024,2.94772672653198
Melanitta stejnegeri,2024,1.61878478527069
Melanochlora sultanea,2024,7.07776880264282
Mergus serrator,2024,2.97196507453918
Merops philippinus,2024,7.14006900787354
Mixornis gularis,2024,6.72261714935303
Monticola gularis,2024,3.25022315979004
Monticola rufiventris,2024,6.39511585235596
Monticola solitarius,2024,5.30479669570923
Motacilla citreola,2024,3.16030669212341
Moupinia poecilotis,2024,4.08657932281494
Muscicapa dauurica,2024,3.06635046005249
Muscicapa ferruginea,2024,5.72054958343506
Muscicapa muttui,2024,6.72758150100708
Mycerobas affinis,2024,3.7433602809906
Mycerobas carnipes,2024,3.20333576202393
Myiomela leucura,2024,6.31443166732788
Myophonus caeruleus,2024,5.69991064071655
Netta rufina,2024,3.77951860427856
Niltava davidi,2024,6.66770172119141
Niltava grandis,2024,6.40711641311646
Niltava macgrigoriae,2024,6.82734966278076
Niltava sundara,2024,5.40485954284668
Ninox japonica,2024,5.41245794296265
Nipponia nippon,2024,5.89873600006104
Nisaetus nipalensis,2024,6.56677389144898
Numenius madagascariensis,2024,2.85144209861755
Nycticorax nycticorax,2024,6.22334480285645
Oenanthe deserti,2024,3.31542634963989
Oenanthe oenanthe,2024,3.671626329422
Onychoprion anaethetus,2024,7.81767225265503
Oriolus oriolus,2024,3.38990783691406
Otus lettia,2024,6.94712972640991
Otus semitorques,2024,4.54615592956543
Otus spilocephalus,2024,6.69368267059326
Oxyura leucocephala,2024,3.98783445358276
Panurus biarmicus,2024,3.65930914878845
Paradoxornis guttaticollis,2024,6.73601579666138
Paradoxornis heudei,2024,5.67374181747437
Parayuhina diademata,2024,5.8469614982605
Pardaliparus venustulus,2024,5.98200654983521
Parus monticolus,2024,5.76913547515869
Passer cinnamomeus,2024,5.79923009872437
Passer domesticus,2024,2.82273435592651
Passer hispaniolensis,2024,3.65813136100769
Pelecanus crispus,2024,2.79887795448303
Pellorneum tickelli,2024,7.20547342300415
Perdix hodgsoniae,2024,2.11986517906189
Pericrocotus cantonensis,2024,6.69395637512207
Pericrocotus divaricatus,2024,3.3226273059845
Pericrocotus ethologus,2024,5.09390306472778
Pericrocotus solaris,2024,7.03594446182251
Periparus rubidiventris,2024,2.83549761772156
Pernis ptilorhynchus,2024,3.50446009635925
Phasianus colchicus,2024,4.70916700363159
Phoenicurus erythronotus,2024,3.70634531974793
Phoenicurus frontalis,2024,3.77855372428894
Phoenicurus leucocephalus,2024,4.52101945877075
Phoenicurus ochruros,2024,3.42143273353577
Phoenicurus schisticeps,2024,3.34006905555725
Phylloscopus affinis,2024,3.89398455619812
Phylloscopus burkii,2024,3.20587587356567
Phylloscopus cantator,2024,6.40374660491943
Phylloscopus castaniceps,2024,6.57386445999146
Phylloscopus claudiae,2024,5.08320999145508
Phylloscopus coronatus,2024,4.29772233963013
Phylloscopus emeiensis,2024,5.69300556182861
Phylloscopus intermedius,2024,6.05140209197998
Phylloscopus magnirostris,2024,4.21182632446289
Phylloscopus ogilviegranti,2024,7.0078763961792
Phylloscopus omeiensis,2024,5.1526665687561
Phylloscopus pulcher,2024,4.57119035720825
Phylloscopus ricketti,2024,6.40871810913086
Phylloscopus soror,2024,5.99377632141113
Phylloscopus subaffinis,2024,5.46753072738648
Phylloscopus tenellipes,2024,3.78870844841003
Phylloscopus tephrocephalus,2024,5.58105611801148
Phylloscopus yunnanensis,2024,4.62486743927002
Picumnus innominatus,2024,6.41105794906616
Picus chlorolophus,2024,7.13004016876221
Pitta nympha,2024,6.94145202636719
Platalea minor,2024,5.01253938674927
Pnoepyga immaculata,2024,3.98189449310303
Podiceps auritus,2024,2.61690044403076
Podiceps grisegena,2024,3.0544536113739
Podiceps nigricollis,2024,3.46964550018311
Podoces biddulphi,2024,5.44739055633545
Pomatorhinus schisticeps,2024,6.7024245262146
Pomatorhinus superciliaris,2024,6.38258695602417
Prinia atrogularis,2024,5.90224552154541
Prinia flaviventris,2024,7.28047323226929
Prinia inornata,2024,7.0150728225708
Prunella collaris,2024,2.82520341873169
Prunella himalayana,2024,2.38921880722046
Prunella immaculata,2024,3.16524338722229
Prunella montanella,2024,1.71390557289124
Prunella strophiata,2024,3.7965350151062
Psarisomus dalhousiae,2024,6.80200147628784
Pseudopodoces humilis,2024,2.01805067062378
Psilopogon faber,2024,7.35479402542114
Psilopogon virens,2024,6.67769193649292
Pterorhinus berthemyi,2024,6.5466103553772
Pterorhinus lanceolatus,2024,6.08166170120239
Pterorhinus pectoralis,2024,6.69400835037231
Pterorhinus sannio,2024,6.70103788375855
Pteruthius rufiventer,2024,5.92033433914185
Pteruthius xanthochlorus,2024,5.14627599716187
Ptyonoprogne rupestris,2024,3.95008683204651
Pycnonotus aurigaster,2024,6.98716878890991
Pycnonotus jocosus,2024,7.11390829086304
Pycnonotus sinensis,2024,6.36596727371216
Pycnonotus xanthorrhous,2024,6.30171489715576
Pyrrhula erythaca,2024,4.82646608352661
Pyrrhula nipalensis,2024,6.26860570907593
Rallina eurizonoides,2024,7.56733989715576
Rallus aquaticus,2024,3.21209120750427
Recurvirostra avosetta,2024,2.96557712554932
Regulus regulus,2024,4.37241888046265
Remiz consobrinus,2024,3.46319556236267
Remiz coronatus,2024,3.26413607597351
Rhodospiza obsoleta,2024,3.96924877166748
Rubigula flaviventris,2024,7.23028612136841
Sasia ochracea,2024,7.2750244140625
Saxicola ferreus,2024,6.24652719497681
Sitta cinnamoventris,2024,6.80151128768921
Sitta formosa,2024,6.51128244400024
Sitta villosa,2024,4.1574125289917
Sittiparus varius,2024,4.08768320083618
Spilopelia chinensis,2024,6.30594635009766
Spilopelia senegalensis,2024,3.51229214668274
Spilornis cheela,2024,6.92754793167114
Spinus spinus,2024,2.48829865455627
Spizixos semitorques,2024,6.59034490585327
Spodiopsar cineraceus,2024,3.71837687492371
Spodiopsar sericeus,2024,6.94031095504761
Stachyris humei,2024,5.83495998382568
Staphida torqueola,2024,6.90752792358398
Streptopelia decaocto,2024,4.51116418838501
Sturnia sinensis,2024,7.35020160675049
Sturnus vulgaris,2024,3.83733057975769
Suthora fulvifrons,2024,4.84864044189453
Syrmaticus humiae,2024,6.79664707183838
Syrmaticus reevesii,2024,6.15767574310303
Syrrhaptes paradoxus,2024,3.6959981918335
Tarsiger chrysaeus,2024,4.32404565811157
Tarsiger indicus,2024,4.897292137146
Temnurus temnurus,2024,8.48454093933106
Tephrodornis virgatus,2024,7.44320583343506
Thalasseus bergii,2024,8.14424991607666
Timalia pileata,2024,7.35087060928345
Tragopan caboti,2024,7.21551465988159
Tragopan temminckii,2024,5.72612476348877
Treron curvirostra,2024,7.21162462234497
Treron sieboldii,2024,7.03654050827026
Treron sphenurus,2024,6.17649364471436
Turdus boulboul,2024,6.88223743438721
Turdus cardis,2024,6.35429048538208
Turdus feae,2024,4.46683645248413
Turdus mandarinus,2024,6.28067207336426
Turdus pilaris,2024,2.23095417022705
Turdus rubrocanus,2024,4.0294189453125
Turdus ruficollis,2024,3.33304190635681
Turdus viscivorus,2024,3.77220034599304
Turnix suscitator,2024,7.04733800888062
Tyto longimembris,2024,7.02564382553101
Urile pelagicus,2024,5.26960134506226
Urosphena squameiceps,2024,3.58067560195923
Vanellus cinereus,2024,3.56420254707336
Vanellus indicus,2024,6.95242500305176
Vanellus vanellus,2024,3.35013055801392
Yuhina nigrimenta,2024,6.32972383499146
Zoothera dixoni,2024,5.35550117492676
Zoothera mollissima,2024,3.25335621833801
Zoothera monticola,2024,5.6637749671936
Zosterops erythropleurus,2024,3.79901790618897
